Headline sample,Fieldwork dates,Fieldwork end date,Full fieldwork dates,Parliament,Sample size,Pollster,Subsample dimension,Subsample,Question detail,canonical_question,match_pattern,#1,#2,#3,#4,#5,#6,#7,#8,#9,#10,#1,#2,#3,#4,#5,#6,#7,#8,#9,#10,source_file,sheet
UK Adults,18th August 2026,,,,,,gender,Female,"Table_V1. If there were to be a general election, on a scale of 0 - 10, where 0 is would not vote and 10 is certain to vote, how likely would you be to vote?",UNMATCHED,,10 - Certain to vote,9,8,7,6,5,4,3,2,1,52.6,8.4,9.1,4.3,4.9,5.6,1.7,1.5,1.5,1.5,Survation_VI_2026-08-19_Tables.xlsx,Tables
UK Adults,18th August 2026,,,,,,gender,Male,"Table_V1. If there were to be a general election, on a scale of 0 - 10, where 0 is would not vote and 10 is certain to vote, how likely would you be to vote?",UNMATCHED,,10 - Certain to vote,9,8,7,6,5,4,3,2,1,59.8,11.0,7.8,4.8,3.1,3.9,1.1,0.6,0.9,1.1,Survation_VI_2026-08-19_Tables.xlsx,Tables
UK Adults,18th August 2026,,,,,,age,18-24,"Table_V1. If there were to be a general election, on a scale of 0 - 10, where 0 is would not vote and 10 is certain to vote, how likely would you be to vote?",UNMATCHED,,10 - Certain to vote,9,8,7,6,5,4,3,2,1,25.8,13.5,15.5,10.6,7.2,10.2,3.1,2.0,,3.5,Survation_VI_2026-08-19_Tables.xlsx,Tables
UK Adults,18th August 2026,,,,,,age,25-34,"Table_V1. If there were to be a general election, on a scale of 0 - 10, where 0 is would not vote and 10 is certain to vote, how likely would you be to vote?",UNMATCHED,,10 - Certain to vote,9,8,7,6,5,4,3,2,1,42.6,8.2,11.6,9.9,5.0,7.5,2.0,0.7,0.5,1.5,Survation_VI_2026-08-19_Tables.xlsx,Tables
UK Adults,18th August 2026,,,,,,age,35-44,"Table_V1. If there were to be a general election, on a scale of 0 - 10, where 0 is would not vote and 10 is certain to vote, how likely would you be to vote?",UNMATCHED,,10 - Certain to vote,9,8,7,6,5,4,3,2,1,51.8,10.3,8.9,4.9,4.2,4.4,1.6,1.7,1.8,0.5,Survation_VI_2026-08-19_Tables.xlsx,Tables
UK Adults,18th August 2026,,,,,,age,45-54,"Table_V1. If there were to be a general election, on a scale of 0 - 10, where 0 is would not vote and 10 is certain to vote, how likely would you be to vote?",UNMATCHED,,10 - Certain to vote,9,8,7,6,5,4,3,2,1,59.8,8.2,7.0,3.8,3.3,6.4,1.9,2.0,1.6,0.7,Survation_VI_2026-08-19_Tables.xlsx,Tables
UK Adults,18th August 2026,,,,,,age,55-64,"Table_V1. If there were to be a general election, on a scale of 0 - 10, where 0 is would not vote and 10 is certain to vote, how likely would you be to vote?",UNMATCHED,,10 - Certain to vote,9,8,7,6,5,4,3,2,1,66.9,8.7,7.6,0.8,3.9,2.8,0.3,0.2,0.8,2.2,Survation_VI_2026-08-19_Tables.xlsx,Tables
UK Adults,18th August 2026,,,,,,age,65+,"Table_V1. If there were to be a general election, on a scale of 0 - 10, where 0 is would not vote and 10 is certain to vote, how likely would you be to vote?",UNMATCHED,,10 - Certain to vote,9,8,7,6,5,4,3,2,1,72.1,10.3,4.4,0.9,2.4,1.0,0.6,0.4,1.8,0.4,Survation_VI_2026-08-19_Tables.xlsx,Tables
UK Adults,18th August 2026,,,,,,region,London,"Table_V1. If there were to be a general election, on a scale of 0 - 10, where 0 is would not vote and 10 is certain to vote, how likely would you be to vote?",UNMATCHED,,10 - Certain to vote,9,8,7,6,5,4,3,2,1,48.8,8.4,11.7,8.0,7.1,4.7,1.0,0.6,,1.8,Survation_VI_2026-08-19_Tables.xlsx,Tables
UK Adults,18th August 2026,,,,,,region,South,"Table_V1. If there were to be a general election, on a scale of 0 - 10, where 0 is would not vote and 10 is certain to vote, how likely would you be to vote?",UNMATCHED,,10 - Certain to vote,9,8,7,6,5,4,3,2,1,60.5,9.4,7.7,4.2,3.5,3.5,1.3,1.7,1.6,1.1,Survation_VI_2026-08-19_Tables.xlsx,Tables
UK Adults,18th August 2026,,,,,,region,Midlands,"Table_V1. If there were to be a general election, on a scale of 0 - 10, where 0 is would not vote and 10 is certain to vote, how likely would you be to vote?",UNMATCHED,,10 - Certain to vote,9,8,7,6,5,4,3,2,1,52.8,8.5,8.3,4.5,5.7,6.3,1.5,1.2,0.6,1.7,Survation_VI_2026-08-19_Tables.xlsx,Tables
UK Adults,18th August 2026,,,,,,region,North,"Table_V1. If there were to be a general election, on a scale of 0 - 10, where 0 is would not vote and 10 is certain to vote, how likely would you be to vote?",UNMATCHED,,10 - Certain to vote,9,8,7,6,5,4,3,2,1,52.5,11.2,8.6,4.7,2.7,5.4,1.3,0.5,1.6,1.0,Survation_VI_2026-08-19_Tables.xlsx,Tables
UK Adults,18th August 2026,,,,,,region,England,"Table_V1. If there were to be a general election, on a scale of 0 - 10, where 0 is would not vote and 10 is certain to vote, how likely would you be to vote?",UNMATCHED,,10 - Certain to vote,9,8,7,6,5,4,3,2,1,55.0,9.6,8.7,5.0,4.2,4.8,1.3,1.1,1.2,1.3,Survation_VI_2026-08-19_Tables.xlsx,Tables
UK Adults,18th August 2026,,,,,,region,Scotland,"Table_V1. If there were to be a general election, on a scale of 0 - 10, where 0 is would not vote and 10 is certain to vote, how likely would you be to vote?",UNMATCHED,,10 - Certain to vote,9,8,7,6,5,4,3,2,1,57.9,10.7,7.2,2.2,4.4,5.9,3.0,,1.5,1.5,Survation_VI_2026-08-19_Tables.xlsx,Tables
UK Adults,18th August 2026,,,,,,region,Wales,"Table_V1. If there were to be a general election, on a scale of 0 - 10, where 0 is would not vote and 10 is certain to vote, how likely would you be to vote?",UNMATCHED,,10 - Certain to vote,9,8,7,6,5,4,3,2,1,66.3,6.3,7.0,2.6,2.1,2.6,1.6,2.8,1.3,0.7,Survation_VI_2026-08-19_Tables.xlsx,Tables
UK Adults,18th August 2026,,,,,,region,Northern Ireland,"Table_V1. If there were to be a general election, on a scale of 0 - 10, where 0 is would not vote and 10 is certain to vote, how likely would you be to vote?",UNMATCHED,,10 - Certain to vote,9,8,7,6,5,4,3,2,1,64.1,16.0,9.8,2.6,,6.0,,,0.8,0.8,Survation_VI_2026-08-19_Tables.xlsx,Tables
UK Adults,18th August 2026,,,,,,class,ABC1,"Table_V1. If there were to be a general election, on a scale of 0 - 10, where 0 is would not vote and 10 is certain to vote, how likely would you be to vote?",UNMATCHED,,10 - Certain to vote,9,8,7,6,5,4,3,2,1,56.8,12.0,9.4,4.7,4.1,5.1,1.5,0.7,0.5,1.3,Survation_VI_2026-08-19_Tables.xlsx,Tables
UK Adults,18th August 2026,,,,,,class,C2DE,"Table_V1. If there were to be a general election, on a scale of 0 - 10, where 0 is would not vote and 10 is certain to vote, how likely would you be to vote?",UNMATCHED,,10 - Certain to vote,9,8,7,6,5,4,3,2,1,55.1,6.9,7.4,4.4,4.0,4.5,1.3,1.5,2.0,1.2,Survation_VI_2026-08-19_Tables.xlsx,Tables
UK Adults,18th August 2026,,,,,,income,"£0 - £19,999","Table_V1. If there were to be a general election, on a scale of 0 - 10, where 0 is would not vote and 10 is certain to vote, how likely would you be to vote?",UNMATCHED,,10 - Certain to vote,9,8,7,6,5,4,3,2,1,41.6,7.5,7.7,4.8,7.4,6.1,1.9,1.8,2.2,3.1,Survation_VI_2026-08-19_Tables.xlsx,Tables
UK Adults,18th August 2026,,,,,,income,"£20,000 - £39,999","Table_V1. If there were to be a general election, on a scale of 0 - 10, where 0 is would not vote and 10 is certain to vote, how likely would you be to vote?",UNMATCHED,,10 - Certain to vote,9,8,7,6,5,4,3,2,1,55.5,10.2,8.6,5.6,3.9,4.5,1.2,1.2,1.3,1.1,Survation_VI_2026-08-19_Tables.xlsx,Tables
UK Adults,18th August 2026,,,,,,income,"£40,000+","Table_V1. If there were to be a general election, on a scale of 0 - 10, where 0 is would not vote and 10 is certain to vote, how likely would you be to vote?",UNMATCHED,,10 - Certain to vote,9,8,7,6,5,4,3,2,1,64.6,10.3,8.8,3.3,2.4,4.4,1.4,0.5,0.5,0.4,Survation_VI_2026-08-19_Tables.xlsx,Tables
UK Adults,18th August 2026,,,,,,historic_vote,LAB,"Table_V1. If there were to be a general election, on a scale of 0 - 10, where 0 is would not vote and 10 is certain to vote, how likely would you be to vote?",UNMATCHED,,10 - Certain to vote,9,8,7,6,5,4,3,2,1,65.2,9.9,9.9,4.8,4.0,3.0,0.8,0.5,0.6,0.7,Survation_VI_2026-08-19_Tables.xlsx,Tables
UK Adults,18th August 2026,,,,,,historic_vote,CON,"Table_V1. If there were to be a general election, on a scale of 0 - 10, where 0 is would not vote and 10 is certain to vote, how likely would you be to vote?",UNMATCHED,,10 - Certain to vote,9,8,7,6,5,4,3,2,1,69.3,11.3,5.9,3.7,6.5,1.6,0.2,0.4,0.2,0.7,Survation_VI_2026-08-19_Tables.xlsx,Tables
UK Adults,18th August 2026,,,,,,historic_vote,RFM,"Table_V1. If there were to be a general election, on a scale of 0 - 10, where 0 is would not vote and 10 is certain to vote, how likely would you be to vote?",UNMATCHED,,10 - Certain to vote,9,8,7,6,5,4,3,2,1,69.3,12.7,6.1,3.4,1.1,3.6,2.3,0.6,,0.3,Survation_VI_2026-08-19_Tables.xlsx,Tables
UK Adults,18th August 2026,,,,,,historic_vote,LD,"Table_V1. If there were to be a general election, on a scale of 0 - 10, where 0 is would not vote and 10 is certain to vote, how likely would you be to vote?",UNMATCHED,,10 - Certain to vote,9,8,7,6,5,4,3,2,1,57.9,12.2,12.8,4.4,3.1,4.6,2.1,1.8,,,Survation_VI_2026-08-19_Tables.xlsx,Tables
UK Adults,18th August 2026,,,,,,historic_vote,GRN,"Table_V1. If there were to be a general election, on a scale of 0 - 10, where 0 is would not vote and 10 is certain to vote, how likely would you be to vote?",UNMATCHED,,10 - Certain to vote,9,8,7,6,5,4,3,2,1,65.2,12.7,8.8,3.9,2.8,3.8,,1.7,,0.4,Survation_VI_2026-08-19_Tables.xlsx,Tables
UK Adults,18th August 2026,,,,,,historic_vote,OTH,"Table_V1. If there were to be a general election, on a scale of 0 - 10, where 0 is would not vote and 10 is certain to vote, how likely would you be to vote?",UNMATCHED,,10 - Certain to vote,9,8,7,6,5,4,3,2,1,74.9,11.8,6.5,1.0,,2.2,1.7,,,,Survation_VI_2026-08-19_Tables.xlsx,Tables
UK Adults,18th August 2026,,,,,,historic_vote,Leave,"Table_V1. If there were to be a general election, on a scale of 0 - 10, where 0 is would not vote and 10 is certain to vote, how likely would you be to vote?",UNMATCHED,,10 - Certain to vote,9,8,7,6,5,4,3,2,1,69.1,10.9,6.4,2.3,2.8,3.0,1.0,0.4,0.9,0.5,Survation_VI_2026-08-19_Tables.xlsx,Tables
UK Adults,18th August 2026,,,,,,historic_vote,Remain,"Table_V1. If there were to be a general election, on a scale of 0 - 10, where 0 is would not vote and 10 is certain to vote, how likely would you be to vote?",UNMATCHED,,10 - Certain to vote,9,8,7,6,5,4,3,2,1,68.5,9.6,8.1,4.3,4.2,2.1,0.9,1.1,,0.2,Survation_VI_2026-08-19_Tables.xlsx,Tables
UK Adults,18th August 2026,,,,,,current_vote,LAB,"Table_V1. If there were to be a general election, on a scale of 0 - 10, where 0 is would not vote and 10 is certain to vote, how likely would you be to vote?",UNMATCHED,,10 - Certain to vote,9,8,7,6,5,4,3,2,1,59.8,8.9,11.0,8.0,4.0,3.4,2.2,0.9,0.4,1.4,Survation_VI_2026-08-19_Tables.xlsx,Tables
UK Adults,18th August 2026,,,,,,current_vote,CON,"Table_V1. If there were to be a general election, on a scale of 0 - 10, where 0 is would not vote and 10 is certain to vote, how likely would you be to vote?",UNMATCHED,,10 - Certain to vote,9,8,7,6,5,4,3,2,1,60.8,15.0,9.3,3.3,5.7,4.9,0.2,,,0.9,Survation_VI_2026-08-19_Tables.xlsx,Tables
UK Adults,18th August 2026,,,,,,current_vote,RFM,"Table_V1. If there were to be a general election, on a scale of 0 - 10, where 0 is would not vote and 10 is certain to vote, how likely would you be to vote?",UNMATCHED,,10 - Certain to vote,9,8,7,6,5,4,3,2,1,70.8,8.7,6.9,4.7,2.7,2.6,2.1,0.5,0.9,0.1,Survation_VI_2026-08-19_Tables.xlsx,Tables
UK Adults,18th August 2026,,,,,,current_vote,LD,"Table_V1. If there were to be a general election, on a scale of 0 - 10, where 0 is would not vote and 10 is certain to vote, how likely would you be to vote?",UNMATCHED,,10 - Certain to vote,9,8,7,6,5,4,3,2,1,59.1,11.2,11.4,5.8,2.5,5.6,,2.5,0.3,1.6,Survation_VI_2026-08-19_Tables.xlsx,Tables
UK Adults,18th August 2026,,,,,,current_vote,GRN,"Table_V1. If there were to be a general election, on a scale of 0 - 10, where 0 is would not vote and 10 is certain to vote, how likely would you be to vote?",UNMATCHED,,10 - Certain to vote,9,8,7,6,5,4,3,2,1,59.0,11.4,9.2,5.4,5.7,5.1,,2.1,2.1,,Survation_VI_2026-08-19_Tables.xlsx,Tables
UK Adults,18th August 2026,,,,,,current_vote,OTH,"Table_V1. If there were to be a general election, on a scale of 0 - 10, where 0 is would not vote and 10 is certain to vote, how likely would you be to vote?",UNMATCHED,,10 - Certain to vote,9,8,7,6,5,4,3,2,1,67.0,14.0,8.2,2.2,0.5,5.0,1.9,,0.9,0.3,Survation_VI_2026-08-19_Tables.xlsx,Tables
UK Adults,18th August 2026,,,,,,gender,Female,"Table_V2_1. If there were a general election tomorrow, and there were candidates from all political parties standing in your constituency, for which party would you vote?",Voting intention (Westminster),general election tomorrow,Conservative,Labour,Liberal Democrats,Green Party,Scottish National Party (SNP),Plaid Cymru,Restore Britain,Reform UK,Other,,16.8,23.3,10.0,10.2,1.7,1.3,1.9,17.9,3.1,,Survation_VI_2026-08-19_Tables.xlsx,Tables
UK Adults,18th August 2026,,,,,,gender,Male,"Table_V2_1. If there were a general election tomorrow, and there were candidates from all political parties standing in your constituency, for which party would you vote?",Voting intention (Westminster),general election tomorrow,Conservative,Labour,Liberal Democrats,Green Party,Scottish National Party (SNP),Plaid Cymru,Restore Britain,Reform UK,Other,,16.0,23.3,7.7,7.4,3.3,0.9,1.1,28.2,4.5,,Survation_VI_2026-08-19_Tables.xlsx,Tables
UK Adults,18th August 2026,,,,,,age,18-24,"Table_V2_1. If there were a general election tomorrow, and there were candidates from all political parties standing in your constituency, for which party would you vote?",Voting intention (Westminster),general election tomorrow,Conservative,Labour,Liberal Democrats,Green Party,Scottish National Party (SNP),Plaid Cymru,Restore Britain,Reform UK,Other,,5.9,23.4,8.7,25.4,1.2,3.3,1.8,20.4,1.6,,Survation_VI_2026-08-19_Tables.xlsx,Tables
UK Adults,18th August 2026,,,,,,age,25-34,"Table_V2_1. If there were a general election tomorrow, and there were candidates from all political parties standing in your constituency, for which party would you vote?",Voting intention (Westminster),general election tomorrow,Conservative,Labour,Liberal Democrats,Green Party,Scottish National Party (SNP),Plaid Cymru,Restore Britain,Reform UK,Other,,9.4,32.8,7.2,11.9,1.5,0.8,0.8,21.4,4.1,,Survation_VI_2026-08-19_Tables.xlsx,Tables
UK Adults,18th August 2026,,,,,,age,35-44,"Table_V2_1. If there were a general election tomorrow, and there were candidates from all political parties standing in your constituency, for which party would you vote?",Voting intention (Westminster),general election tomorrow,Conservative,Labour,Liberal Democrats,Green Party,Scottish National Party (SNP),Plaid Cymru,Restore Britain,Reform UK,Other,,12.6,28.4,6.9,10.9,2.3,1.7,1.9,21.5,5.2,,Survation_VI_2026-08-19_Tables.xlsx,Tables
UK Adults,18th August 2026,,,,,,age,45-54,"Table_V2_1. If there were a general election tomorrow, and there were candidates from all political parties standing in your constituency, for which party would you vote?",Voting intention (Westminster),general election tomorrow,Conservative,Labour,Liberal Democrats,Green Party,Scottish National Party (SNP),Plaid Cymru,Restore Britain,Reform UK,Other,,18.9,23.3,6.7,8.5,2.8,,2.1,20.4,3.6,,Survation_VI_2026-08-19_Tables.xlsx,Tables
UK Adults,18th August 2026,,,,,,age,55-64,"Table_V2_1. If there were a general election tomorrow, and there were candidates from all political parties standing in your constituency, for which party would you vote?",Voting intention (Westminster),general election tomorrow,Conservative,Labour,Liberal Democrats,Green Party,Scottish National Party (SNP),Plaid Cymru,Restore Britain,Reform UK,Other,,22.1,17.2,13.0,2.2,4.2,0.4,2.3,24.1,3.1,,Survation_VI_2026-08-19_Tables.xlsx,Tables
UK Adults,18th August 2026,,,,,,age,65+,"Table_V2_1. If there were a general election tomorrow, and there were candidates from all political parties standing in your constituency, for which party would you vote?",Voting intention (Westminster),general election tomorrow,Conservative,Labour,Liberal Democrats,Green Party,Scottish National Party (SNP),Plaid Cymru,Restore Britain,Reform UK,Other,,22.7,17.5,10.2,3.0,2.5,1.4,0.5,27.1,4.2,,Survation_VI_2026-08-19_Tables.xlsx,Tables
UK Adults,18th August 2026,,,,,,region,London,"Table_V2_1. If there were a general election tomorrow, and there were candidates from all political parties standing in your constituency, for which party would you vote?",Voting intention (Westminster),general election tomorrow,Conservative,Labour,Liberal Democrats,Green Party,Scottish National Party (SNP),Plaid Cymru,Restore Britain,Reform UK,Other,,19.0,28.5,4.7,15.2,,,0.9,17.9,0.8,,Survation_VI_2026-08-19_Tables.xlsx,Tables
UK Adults,18th August 2026,,,,,,region,South,"Table_V2_1. If there were a general election tomorrow, and there were candidates from all political parties standing in your constituency, for which party would you vote?",Voting intention (Westminster),general election tomorrow,Conservative,Labour,Liberal Democrats,Green Party,Scottish National Party (SNP),Plaid Cymru,Restore Britain,Reform UK,Other,,18.8,19.1,12.5,8.6,,,2.4,26.8,0.9,,Survation_VI_2026-08-19_Tables.xlsx,Tables
UK Adults,18th August 2026,,,,,,region,Midlands,"Table_V2_1. If there were a general election tomorrow, and there were candidates from all political parties standing in your constituency, for which party would you vote?",Voting intention (Westminster),general election tomorrow,Conservative,Labour,Liberal Democrats,Green Party,Scottish National Party (SNP),Plaid Cymru,Restore Britain,Reform UK,Other,,21.3,24.0,9.5,8.4,,,1.8,22.1,2.3,,Survation_VI_2026-08-19_Tables.xlsx,Tables
UK Adults,18th August 2026,,,,,,region,North,"Table_V2_1. If there were a general election tomorrow, and there were candidates from all political parties standing in your constituency, for which party would you vote?",Voting intention (Westminster),general election tomorrow,Conservative,Labour,Liberal Democrats,Green Party,Scottish National Party (SNP),Plaid Cymru,Restore Britain,Reform UK,Other,,14.1,32.9,7.6,7.6,,,0.6,25.2,0.7,,Survation_VI_2026-08-19_Tables.xlsx,Tables
UK Adults,18th August 2026,,,,,,region,England,"Table_V2_1. If there were a general election tomorrow, and there were candidates from all political parties standing in your constituency, for which party would you vote?",Voting intention (Westminster),general election tomorrow,Conservative,Labour,Liberal Democrats,Green Party,Scottish National Party (SNP),Plaid Cymru,Restore Britain,Reform UK,Other,,18.0,25.1,9.4,9.3,,,1.6,24.1,1.1,,Survation_VI_2026-08-19_Tables.xlsx,Tables
UK Adults,18th August 2026,,,,,,region,Scotland,"Table_V2_1. If there were a general election tomorrow, and there were candidates from all political parties standing in your constituency, for which party would you vote?",Voting intention (Westminster),general election tomorrow,Conservative,Labour,Liberal Democrats,Green Party,Scottish National Party (SNP),Plaid Cymru,Restore Britain,Reform UK,Other,,8.9,14.2,6.4,7.2,29.5,,1.8,23.0,,,Survation_VI_2026-08-19_Tables.xlsx,Tables
UK Adults,18th August 2026,,,,,,region,Wales,"Table_V2_1. If there were a general election tomorrow, and there were candidates from all political parties standing in your constituency, for which party would you vote?",Voting intention (Westminster),general election tomorrow,Conservative,Labour,Liberal Democrats,Green Party,Scottish National Party (SNP),Plaid Cymru,Restore Britain,Reform UK,Other,,11.2,22.1,9.6,9.4,,23.8,0.5,17.3,0.4,,Survation_VI_2026-08-19_Tables.xlsx,Tables
UK Adults,18th August 2026,,,,,,region,Northern Ireland,"Table_V2_1. If there were a general election tomorrow, and there were candidates from all political parties standing in your constituency, for which party would you vote?",Voting intention (Westminster),general election tomorrow,Conservative,Labour,Liberal Democrats,Green Party,Scottish National Party (SNP),Plaid Cymru,Restore Britain,Reform UK,Other,,,,,,,,,,95.2,,Survation_VI_2026-08-19_Tables.xlsx,Tables
UK Adults,18th August 2026,,,,,,class,ABC1,"Table_V2_1. If there were a general election tomorrow, and there were candidates from all political parties standing in your constituency, for which party would you vote?",Voting intention (Westminster),general election tomorrow,Conservative,Labour,Liberal Democrats,Green Party,Scottish National Party (SNP),Plaid Cymru,Restore Britain,Reform UK,Other,,16.2,27.1,11.7,9.2,2.3,0.8,1.4,17.9,3.9,,Survation_VI_2026-08-19_Tables.xlsx,Tables
UK Adults,18th August 2026,,,,,,class,C2DE,"Table_V2_1. If there were a general election tomorrow, and there were candidates from all political parties standing in your constituency, for which party would you vote?",Voting intention (Westminster),general election tomorrow,Conservative,Labour,Liberal Democrats,Green Party,Scottish National Party (SNP),Plaid Cymru,Restore Britain,Reform UK,Other,,16.6,18.3,5.2,8.4,2.8,1.5,1.6,29.6,3.6,,Survation_VI_2026-08-19_Tables.xlsx,Tables
UK Adults,18th August 2026,,,,,,income,"£0 - £19,999","Table_V2_1. If there were a general election tomorrow, and there were candidates from all political parties standing in your constituency, for which party would you vote?",Voting intention (Westminster),general election tomorrow,Conservative,Labour,Liberal Democrats,Green Party,Scottish National Party (SNP),Plaid Cymru,Restore Britain,Reform UK,Other,,13.1,22.8,4.6,10.5,2.0,0.9,2.0,24.6,1.9,,Survation_VI_2026-08-19_Tables.xlsx,Tables
UK Adults,18th August 2026,,,,,,income,"£20,000 - £39,999","Table_V2_1. If there were a general election tomorrow, and there were candidates from all political parties standing in your constituency, for which party would you vote?",Voting intention (Westminster),general election tomorrow,Conservative,Labour,Liberal Democrats,Green Party,Scottish National Party (SNP),Plaid Cymru,Restore Britain,Reform UK,Other,,16.0,22.7,9.0,7.8,2.7,1.4,1.0,24.5,4.3,,Survation_VI_2026-08-19_Tables.xlsx,Tables
UK Adults,18th August 2026,,,,,,income,"£40,000+","Table_V2_1. If there were a general election tomorrow, and there were candidates from all political parties standing in your constituency, for which party would you vote?",Voting intention (Westminster),general election tomorrow,Conservative,Labour,Liberal Democrats,Green Party,Scottish National Party (SNP),Plaid Cymru,Restore Britain,Reform UK,Other,,18.4,24.2,10.8,9.2,2.5,0.9,1.7,20.6,4.1,,Survation_VI_2026-08-19_Tables.xlsx,Tables
UK Adults,18th August 2026,,,,,,historic_vote,LAB,"Table_V2_1. If there were a general election tomorrow, and there were candidates from all political parties standing in your constituency, for which party would you vote?",Voting intention (Westminster),general election tomorrow,Conservative,Labour,Liberal Democrats,Green Party,Scottish National Party (SNP),Plaid Cymru,Restore Britain,Reform UK,Other,,5.3,61.1,4.0,7.3,1.7,0.2,0.9,9.5,0.9,,Survation_VI_2026-08-19_Tables.xlsx,Tables
UK Adults,18th August 2026,,,,,,historic_vote,CON,"Table_V2_1. If there were a general election tomorrow, and there were candidates from all political parties standing in your constituency, for which party would you vote?",Voting intention (Westminster),general election tomorrow,Conservative,Labour,Liberal Democrats,Green Party,Scottish National Party (SNP),Plaid Cymru,Restore Britain,Reform UK,Other,,58.0,4.9,2.0,,,0.2,0.1,24.7,0.2,,Survation_VI_2026-08-19_Tables.xlsx,Tables
UK Adults,18th August 2026,,,,,,historic_vote,RFM,"Table_V2_1. If there were a general election tomorrow, and there were candidates from all political parties standing in your constituency, for which party would you vote?",Voting intention (Westminster),general election tomorrow,Conservative,Labour,Liberal Democrats,Green Party,Scottish National Party (SNP),Plaid Cymru,Restore Britain,Reform UK,Other,,5.0,0.8,0.8,1.6,,,6.0,83.2,,,Survation_VI_2026-08-19_Tables.xlsx,Tables
UK Adults,18th August 2026,,,,,,historic_vote,LD,"Table_V2_1. If there were a general election tomorrow, and there were candidates from all political parties standing in your constituency, for which party would you vote?",Voting intention (Westminster),general election tomorrow,Conservative,Labour,Liberal Democrats,Green Party,Scottish National Party (SNP),Plaid Cymru,Restore Britain,Reform UK,Other,,3.9,14.8,66.6,1.8,,,0.5,2.6,0.8,,Survation_VI_2026-08-19_Tables.xlsx,Tables
UK Adults,18th August 2026,,,,,,historic_vote,GRN,"Table_V2_1. If there were a general election tomorrow, and there were candidates from all political parties standing in your constituency, for which party would you vote?",Voting intention (Westminster),general election tomorrow,Conservative,Labour,Liberal Democrats,Green Party,Scottish National Party (SNP),Plaid Cymru,Restore Britain,Reform UK,Other,,7.0,3.5,1.5,73.0,,0.5,0.5,5.0,4.4,,Survation_VI_2026-08-19_Tables.xlsx,Tables
UK Adults,18th August 2026,,,,,,historic_vote,OTH,"Table_V2_1. If there were a general election tomorrow, and there were candidates from all political parties standing in your constituency, for which party would you vote?",Voting intention (Westminster),general election tomorrow,Conservative,Labour,Liberal Democrats,Green Party,Scottish National Party (SNP),Plaid Cymru,Restore Britain,Reform UK,Other,,1.7,,,2.1,23.1,12.5,,9.1,38.0,,Survation_VI_2026-08-19_Tables.xlsx,Tables
UK Adults,18th August 2026,,,,,,historic_vote,Leave,"Table_V2_1. If there were a general election tomorrow, and there were candidates from all political parties standing in your constituency, for which party would you vote?",Voting intention (Westminster),general election tomorrow,Conservative,Labour,Liberal Democrats,Green Party,Scottish National Party (SNP),Plaid Cymru,Restore Britain,Reform UK,Other,,22.1,14.4,6.5,3.5,1.6,0.1,2.0,37.0,3.4,,Survation_VI_2026-08-19_Tables.xlsx,Tables
UK Adults,18th August 2026,,,,,,historic_vote,Remain,"Table_V2_1. If there were a general election tomorrow, and there were candidates from all political parties standing in your constituency, for which party would you vote?",Voting intention (Westminster),general election tomorrow,Conservative,Labour,Liberal Democrats,Green Party,Scottish National Party (SNP),Plaid Cymru,Restore Britain,Reform UK,Other,,17.4,33.2,11.3,7.2,4.8,1.7,0.6,9.2,5.1,,Survation_VI_2026-08-19_Tables.xlsx,Tables
UK Adults,18th August 2026,,,,,,current_vote,LAB,"Table_V2_1. If there were a general election tomorrow, and there were candidates from all political parties standing in your constituency, for which party would you vote?",Voting intention (Westminster),general election tomorrow,Conservative,Labour,Liberal Democrats,Green Party,Scottish National Party (SNP),Plaid Cymru,Restore Britain,Reform UK,Other,,,,,,,,,,,,Survation_VI_2026-08-19_Tables.xlsx,Tables
UK Adults,18th August 2026,,,,,,current_vote,CON,"Table_V2_1. If there were a general election tomorrow, and there were candidates from all political parties standing in your constituency, for which party would you vote?",Voting intention (Westminster),general election tomorrow,Conservative,Labour,Liberal Democrats,Green Party,Scottish National Party (SNP),Plaid Cymru,Restore Britain,Reform UK,Other,,,,,,,,,,,,Survation_VI_2026-08-19_Tables.xlsx,Tables
UK Adults,18th August 2026,,,,,,current_vote,RFM,"Table_V2_1. If there were a general election tomorrow, and there were candidates from all political parties standing in your constituency, for which party would you vote?",Voting intention (Westminster),general election tomorrow,Conservative,Labour,Liberal Democrats,Green Party,Scottish National Party (SNP),Plaid Cymru,Restore Britain,Reform UK,Other,,,,,,,,,,,,Survation_VI_2026-08-19_Tables.xlsx,Tables
UK Adults,18th August 2026,,,,,,current_vote,LD,"Table_V2_1. If there were a general election tomorrow, and there were candidates from all political parties standing in your constituency, for which party would you vote?",Voting intention (Westminster),general election tomorrow,Conservative,Labour,Liberal Democrats,Green Party,Scottish National Party (SNP),Plaid Cymru,Restore Britain,Reform UK,Other,,,,,,,,,,,,Survation_VI_2026-08-19_Tables.xlsx,Tables
UK Adults,18th August 2026,,,,,,current_vote,GRN,"Table_V2_1. If there were a general election tomorrow, and there were candidates from all political parties standing in your constituency, for which party would you vote?",Voting intention (Westminster),general election tomorrow,Conservative,Labour,Liberal Democrats,Green Party,Scottish National Party (SNP),Plaid Cymru,Restore Britain,Reform UK,Other,,,,,,,,,,,,Survation_VI_2026-08-19_Tables.xlsx,Tables
UK Adults,18th August 2026,,,,,,current_vote,OTH,"Table_V2_1. If there were a general election tomorrow, and there were candidates from all political parties standing in your constituency, for which party would you vote?",Voting intention (Westminster),general election tomorrow,Conservative,Labour,Liberal Democrats,Green Party,Scottish National Party (SNP),Plaid Cymru,Restore Britain,Reform UK,Other,,,,,,28.2,12.6,16.7,,42.4,,Survation_VI_2026-08-19_Tables.xlsx,Tables
UK Adults,18th August 2026,,,,,,gender,Female,"Table_V2_2. If there were a general election tomorrow, and there were candidates from all political parties standing in your constituency, for which party would you vote?",Voting intention (Westminster),general election tomorrow,Conservative,Labour,Liberal Democrats,Green Party,Scottish National Party (SNP),Plaid Cymru,Restore Britain,Reform UK,Other,,17.8,24.0,10.1,10.3,1.8,1.4,1.9,18.8,3.0,,Survation_VI_2026-08-19_Tables.xlsx,Tables
UK Adults,18th August 2026,,,,,,gender,Male,"Table_V2_2. If there were a general election tomorrow, and there were candidates from all political parties standing in your constituency, for which party would you vote?",Voting intention (Westminster),general election tomorrow,Conservative,Labour,Liberal Democrats,Green Party,Scottish National Party (SNP),Plaid Cymru,Restore Britain,Reform UK,Other,,16.1,22.9,7.7,7.4,3.5,1.0,1.2,29.2,4.8,,Survation_VI_2026-08-19_Tables.xlsx,Tables
UK Adults,18th August 2026,,,,,,age,18-24,"Table_V2_2. If there were a general election tomorrow, and there were candidates from all political parties standing in your constituency, for which party would you vote?",Voting intention (Westminster),general election tomorrow,Conservative,Labour,Liberal Democrats,Green Party,Scottish National Party (SNP),Plaid Cymru,Restore Britain,Reform UK,Other,,6.3,21.5,7.5,27.1,1.3,3.7,2.1,22.2,1.8,,Survation_VI_2026-08-19_Tables.xlsx,Tables
UK Adults,18th August 2026,,,,,,age,25-34,"Table_V2_2. If there were a general election tomorrow, and there were candidates from all political parties standing in your constituency, for which party would you vote?",Voting intention (Westminster),general election tomorrow,Conservative,Labour,Liberal Democrats,Green Party,Scottish National Party (SNP),Plaid Cymru,Restore Britain,Reform UK,Other,,9.2,32.5,7.1,13.2,1.8,0.9,0.7,21.7,4.6,,Survation_VI_2026-08-19_Tables.xlsx,Tables
UK Adults,18th August 2026,,,,,,age,35-44,"Table_V2_2. If there were a general election tomorrow, and there were candidates from all political parties standing in your constituency, for which party would you vote?",Voting intention (Westminster),general election tomorrow,Conservative,Labour,Liberal Democrats,Green Party,Scottish National Party (SNP),Plaid Cymru,Restore Britain,Reform UK,Other,,12.7,28.9,6.9,10.8,2.6,1.8,1.8,22.5,5.3,,Survation_VI_2026-08-19_Tables.xlsx,Tables
UK Adults,18th August 2026,,,,,,age,45-54,"Table_V2_2. If there were a general election tomorrow, and there were candidates from all political parties standing in your constituency, for which party would you vote?",Voting intention (Westminster),general election tomorrow,Conservative,Labour,Liberal Democrats,Green Party,Scottish National Party (SNP),Plaid Cymru,Restore Britain,Reform UK,Other,,18.9,24.2,6.3,8.8,2.5,,2.3,22.2,3.4,,Survation_VI_2026-08-19_Tables.xlsx,Tables
UK Adults,18th August 2026,,,,,,age,55-64,"Table_V2_2. If there were a general election tomorrow, and there were candidates from all political parties standing in your constituency, for which party would you vote?",Voting intention (Westminster),general election tomorrow,Conservative,Labour,Liberal Democrats,Green Party,Scottish National Party (SNP),Plaid Cymru,Restore Britain,Reform UK,Other,,21.9,18.1,13.5,2.0,4.5,0.3,2.5,25.4,3.2,,Survation_VI_2026-08-19_Tables.xlsx,Tables
UK Adults,18th August 2026,,,,,,age,65+,"Table_V2_2. If there were a general election tomorrow, and there were candidates from all political parties standing in your constituency, for which party would you vote?",Voting intention (Westminster),general election tomorrow,Conservative,Labour,Liberal Democrats,Green Party,Scottish National Party (SNP),Plaid Cymru,Restore Britain,Reform UK,Other,,23.3,18.2,10.4,3.2,2.5,1.5,0.6,27.5,4.4,,Survation_VI_2026-08-19_Tables.xlsx,Tables
UK Adults,18th August 2026,,,,,,region,London,"Table_V2_2. If there were a general election tomorrow, and there were candidates from all political parties standing in your constituency, for which party would you vote?",Voting intention (Westminster),general election tomorrow,Conservative,Labour,Liberal Democrats,Green Party,Scottish National Party (SNP),Plaid Cymru,Restore Britain,Reform UK,Other,,19.4,29.4,4.6,15.2,,,1.0,19.3,1.0,,Survation_VI_2026-08-19_Tables.xlsx,Tables
UK Adults,18th August 2026,,,,,,region,South,"Table_V2_2. If there were a general election tomorrow, and there were candidates from all political parties standing in your constituency, for which party would you vote?",Voting intention (Westminster),general election tomorrow,Conservative,Labour,Liberal Democrats,Green Party,Scottish National Party (SNP),Plaid Cymru,Restore Britain,Reform UK,Other,,19.1,19.4,12.8,8.6,,,2.4,28.0,0.9,,Survation_VI_2026-08-19_Tables.xlsx,Tables
UK Adults,18th August 2026,,,,,,region,Midlands,"Table_V2_2. If there were a general election tomorrow, and there were candidates from all political parties standing in your constituency, for which party would you vote?",Voting intention (Westminster),general election tomorrow,Conservative,Labour,Liberal Democrats,Green Party,Scottish National Party (SNP),Plaid Cymru,Restore Britain,Reform UK,Other,,23.0,23.5,9.1,8.1,,,2.0,23.0,2.2,,Survation_VI_2026-08-19_Tables.xlsx,Tables
UK Adults,18th August 2026,,,,,,region,North,"Table_V2_2. If there were a general election tomorrow, and there were candidates from all political parties standing in your constituency, for which party would you vote?",Voting intention (Westminster),general election tomorrow,Conservative,Labour,Liberal Democrats,Green Party,Scottish National Party (SNP),Plaid Cymru,Restore Britain,Reform UK,Other,,14.9,32.9,7.2,8.1,,,0.5,26.5,0.8,,Survation_VI_2026-08-19_Tables.xlsx,Tables
UK Adults,18th August 2026,,,,,,region,England,"Table_V2_2. If there were a general election tomorrow, and there were candidates from all political parties standing in your constituency, for which party would you vote?",Voting intention (Westminster),general election tomorrow,Conservative,Labour,Liberal Democrats,Green Party,Scottish National Party (SNP),Plaid Cymru,Restore Britain,Reform UK,Other,,18.7,25.3,9.4,9.3,,,1.6,25.3,1.1,,Survation_VI_2026-08-19_Tables.xlsx,Tables
UK Adults,18th August 2026,,,,,,region,Scotland,"Table_V2_2. If there were a general election tomorrow, and there were candidates from all political parties standing in your constituency, for which party would you vote?",Voting intention (Westminster),general election tomorrow,Conservative,Labour,Liberal Democrats,Green Party,Scottish National Party (SNP),Plaid Cymru,Restore Britain,Reform UK,Other,,8.7,13.4,7.2,6.5,31.1,,2.0,24.3,,,Survation_VI_2026-08-19_Tables.xlsx,Tables
UK Adults,18th August 2026,,,,,,region,Wales,"Table_V2_2. If there were a general election tomorrow, and there were candidates from all political parties standing in your constituency, for which party would you vote?",Voting intention (Westminster),general election tomorrow,Conservative,Labour,Liberal Democrats,Green Party,Scottish National Party (SNP),Plaid Cymru,Restore Britain,Reform UK,Other,,11.2,23.5,9.6,10.1,,24.7,0.6,17.2,0.4,,Survation_VI_2026-08-19_Tables.xlsx,Tables
UK Adults,18th August 2026,,,,,,region,Northern Ireland,"Table_V2_2. If there were a general election tomorrow, and there were candidates from all political parties standing in your constituency, for which party would you vote?",Voting intention (Westminster),general election tomorrow,Conservative,Labour,Liberal Democrats,Green Party,Scottish National Party (SNP),Plaid Cymru,Restore Britain,Reform UK,Other,,,,,,,,,,95.0,,Survation_VI_2026-08-19_Tables.xlsx,Tables
UK Adults,18th August 2026,,,,,,class,ABC1,"Table_V2_2. If there were a general election tomorrow, and there were candidates from all political parties standing in your constituency, for which party would you vote?",Voting intention (Westminster),general election tomorrow,Conservative,Labour,Liberal Democrats,Green Party,Scottish National Party (SNP),Plaid Cymru,Restore Britain,Reform UK,Other,,16.5,27.4,11.6,9.3,2.4,0.9,1.6,18.9,4.2,,Survation_VI_2026-08-19_Tables.xlsx,Tables
UK Adults,18th August 2026,,,,,,class,C2DE,"Table_V2_2. If there were a general election tomorrow, and there were candidates from all political parties standing in your constituency, for which party would you vote?",Voting intention (Westminster),general election tomorrow,Conservative,Labour,Liberal Democrats,Green Party,Scottish National Party (SNP),Plaid Cymru,Restore Britain,Reform UK,Other,,17.5,18.1,5.3,8.2,3.0,1.7,1.5,31.0,3.7,,Survation_VI_2026-08-19_Tables.xlsx,Tables
UK Adults,18th August 2026,,,,,,income,"£0 - £19,999","Table_V2_2. If there were a general election tomorrow, and there were candidates from all political parties standing in your constituency, for which party would you vote?",Voting intention (Westminster),general election tomorrow,Conservative,Labour,Liberal Democrats,Green Party,Scottish National Party (SNP),Plaid Cymru,Restore Britain,Reform UK,Other,,13.2,23.0,4.0,10.3,2.3,1.2,1.8,27.1,1.8,,Survation_VI_2026-08-19_Tables.xlsx,Tables
UK Adults,18th August 2026,,,,,,income,"£20,000 - £39,999","Table_V2_2. If there were a general election tomorrow, and there were candidates from all political parties standing in your constituency, for which party would you vote?",Voting intention (Westminster),general election tomorrow,Conservative,Labour,Liberal Democrats,Green Party,Scottish National Party (SNP),Plaid Cymru,Restore Britain,Reform UK,Other,,16.5,22.3,9.1,8.0,2.9,1.5,1.2,25.8,4.6,,Survation_VI_2026-08-19_Tables.xlsx,Tables
UK Adults,18th August 2026,,,,,,income,"£40,000+","Table_V2_2. If there were a general election tomorrow, and there were candidates from all political parties standing in your constituency, for which party would you vote?",Voting intention (Westminster),general election tomorrow,Conservative,Labour,Liberal Democrats,Green Party,Scottish National Party (SNP),Plaid Cymru,Restore Britain,Reform UK,Other,,18.9,24.7,10.8,9.1,2.5,0.9,1.8,21.1,4.2,,Survation_VI_2026-08-19_Tables.xlsx,Tables
UK Adults,18th August 2026,,,,,,historic_vote,LAB,"Table_V2_2. If there were a general election tomorrow, and there were candidates from all political parties standing in your constituency, for which party would you vote?",Voting intention (Westminster),general election tomorrow,Conservative,Labour,Liberal Democrats,Green Party,Scottish National Party (SNP),Plaid Cymru,Restore Britain,Reform UK,Other,,5.4,61.8,4.2,7.7,1.7,0.2,0.9,10.0,0.8,,Survation_VI_2026-08-19_Tables.xlsx,Tables
UK Adults,18th August 2026,,,,,,historic_vote,CON,"Table_V2_2. If there were a general election tomorrow, and there were candidates from all political parties standing in your constituency, for which party would you vote?",Voting intention (Westminster),general election tomorrow,Conservative,Labour,Liberal Democrats,Green Party,Scottish National Party (SNP),Plaid Cymru,Restore Britain,Reform UK,Other,,58.8,4.7,1.1,,,0.2,0.1,26.0,0.2,,Survation_VI_2026-08-19_Tables.xlsx,Tables
UK Adults,18th August 2026,,,,,,historic_vote,RFM,"Table_V2_2. If there were a general election tomorrow, and there were candidates from all political parties standing in your constituency, for which party would you vote?",Voting intention (Westminster),general election tomorrow,Conservative,Labour,Liberal Democrats,Green Party,Scottish National Party (SNP),Plaid Cymru,Restore Britain,Reform UK,Other,,4.6,0.7,0.9,1.0,,,6.5,84.0,,,Survation_VI_2026-08-19_Tables.xlsx,Tables
UK Adults,18th August 2026,,,,,,historic_vote,LD,"Table_V2_2. If there were a general election tomorrow, and there were candidates from all political parties standing in your constituency, for which party would you vote?",Voting intention (Westminster),general election tomorrow,Conservative,Labour,Liberal Democrats,Green Party,Scottish National Party (SNP),Plaid Cymru,Restore Britain,Reform UK,Other,,4.2,14.3,67.4,2.0,,,0.5,2.8,0.8,,Survation_VI_2026-08-19_Tables.xlsx,Tables
UK Adults,18th August 2026,,,,,,historic_vote,GRN,"Table_V2_2. If there were a general election tomorrow, and there were candidates from all political parties standing in your constituency, for which party would you vote?",Voting intention (Westminster),general election tomorrow,Conservative,Labour,Liberal Democrats,Green Party,Scottish National Party (SNP),Plaid Cymru,Restore Britain,Reform UK,Other,,5.8,3.9,1.6,73.4,,0.6,0.6,5.4,4.6,,Survation_VI_2026-08-19_Tables.xlsx,Tables
UK Adults,18th August 2026,,,,,,historic_vote,OTH,"Table_V2_2. If there were a general election tomorrow, and there were candidates from all political parties standing in your constituency, for which party would you vote?",Voting intention (Westminster),general election tomorrow,Conservative,Labour,Liberal Democrats,Green Party,Scottish National Party (SNP),Plaid Cymru,Restore Britain,Reform UK,Other,,1.8,,,2.2,23.5,12.6,,9.4,38.0,,Survation_VI_2026-08-19_Tables.xlsx,Tables
UK Adults,18th August 2026,,,,,,historic_vote,Leave,"Table_V2_2. If there were a general election tomorrow, and there were candidates from all political parties standing in your constituency, for which party would you vote?",Voting intention (Westminster),general election tomorrow,Conservative,Labour,Liberal Democrats,Green Party,Scottish National Party (SNP),Plaid Cymru,Restore Britain,Reform UK,Other,,22.1,14.6,6.6,3.5,1.6,0.1,2.2,38.4,3.4,,Survation_VI_2026-08-19_Tables.xlsx,Tables
UK Adults,18th August 2026,,,,,,historic_vote,Remain,"Table_V2_2. If there were a general election tomorrow, and there were candidates from all political parties standing in your constituency, for which party would you vote?",Voting intention (Westminster),general election tomorrow,Conservative,Labour,Liberal Democrats,Green Party,Scottish National Party (SNP),Plaid Cymru,Restore Britain,Reform UK,Other,,17.4,33.7,11.4,7.3,4.8,1.8,0.6,9.2,5.4,,Survation_VI_2026-08-19_Tables.xlsx,Tables
UK Adults,18th August 2026,,,,,,current_vote,LAB,"Table_V2_2. If there were a general election tomorrow, and there were candidates from all political parties standing in your constituency, for which party would you vote?",Voting intention (Westminster),general election tomorrow,Conservative,Labour,Liberal Democrats,Green Party,Scottish National Party (SNP),Plaid Cymru,Restore Britain,Reform UK,Other,,,,,,,,,,,,Survation_VI_2026-08-19_Tables.xlsx,Tables
UK Adults,18th August 2026,,,,,,current_vote,CON,"Table_V2_2. If there were a general election tomorrow, and there were candidates from all political parties standing in your constituency, for which party would you vote?",Voting intention (Westminster),general election tomorrow,Conservative,Labour,Liberal Democrats,Green Party,Scottish National Party (SNP),Plaid Cymru,Restore Britain,Reform UK,Other,,,,,,,,,,,,Survation_VI_2026-08-19_Tables.xlsx,Tables
UK Adults,18th August 2026,,,,,,current_vote,RFM,"Table_V2_2. If there were a general election tomorrow, and there were candidates from all political parties standing in your constituency, for which party would you vote?",Voting intention (Westminster),general election tomorrow,Conservative,Labour,Liberal Democrats,Green Party,Scottish National Party (SNP),Plaid Cymru,Restore Britain,Reform UK,Other,,,,,,,,,,,,Survation_VI_2026-08-19_Tables.xlsx,Tables
UK Adults,18th August 2026,,,,,,current_vote,LD,"Table_V2_2. If there were a general election tomorrow, and there were candidates from all political parties standing in your constituency, for which party would you vote?",Voting intention (Westminster),general election tomorrow,Conservative,Labour,Liberal Democrats,Green Party,Scottish National Party (SNP),Plaid Cymru,Restore Britain,Reform UK,Other,,,,,,,,,,,,Survation_VI_2026-08-19_Tables.xlsx,Tables
UK Adults,18th August 2026,,,,,,current_vote,GRN,"Table_V2_2. If there were a general election tomorrow, and there were candidates from all political parties standing in your constituency, for which party would you vote?",Voting intention (Westminster),general election tomorrow,Conservative,Labour,Liberal Democrats,Green Party,Scottish National Party (SNP),Plaid Cymru,Restore Britain,Reform UK,Other,,,,,,,,,,,,Survation_VI_2026-08-19_Tables.xlsx,Tables
UK Adults,18th August 2026,,,,,,current_vote,OTH,"Table_V2_2. If there were a general election tomorrow, and there were candidates from all political parties standing in your constituency, for which party would you vote?",Voting intention (Westminster),general election tomorrow,Conservative,Labour,Liberal Democrats,Green Party,Scottish National Party (SNP),Plaid Cymru,Restore Britain,Reform UK,Other,,,,,,28.3,12.9,16.5,,42.3,,Survation_VI_2026-08-19_Tables.xlsx,Tables
UK Adults,18th August 2026,,,,,,gender,Female,"Table_V2. If there were a general election tomorrow, and there were candidates from all political parties standing in your constituency, for which party would you vote?",Voting intention (Westminster),general election tomorrow,Conservative,Labour,Liberal Democrats,Green Party,Scottish National Party (SNP),Plaid Cymru,Restore Britain,Reform UK,Other,,19.9,26.9,11.3,11.6,2.0,1.6,2.1,21.1,3.4,,Survation_VI_2026-08-19_Tables.xlsx,Tables
UK Adults,18th August 2026,,,,,,gender,Male,"Table_V2. If there were a general election tomorrow, and there were candidates from all political parties standing in your constituency, for which party would you vote?",Voting intention (Westminster),general election tomorrow,Conservative,Labour,Liberal Democrats,Green Party,Scottish National Party (SNP),Plaid Cymru,Restore Britain,Reform UK,Other,,17.1,24.4,8.2,7.9,3.8,1.1,1.2,31.2,5.1,,Survation_VI_2026-08-19_Tables.xlsx,Tables
UK Adults,18th August 2026,,,,,,age,18-24,"Table_V2. If there were a general election tomorrow, and there were candidates from all political parties standing in your constituency, for which party would you vote?",Voting intention (Westminster),general election tomorrow,Conservative,Labour,Liberal Democrats,Green Party,Scottish National Party (SNP),Plaid Cymru,Restore Britain,Reform UK,Other,,6.7,23.0,8.0,29.0,1.4,4.0,2.2,23.7,1.9,,Survation_VI_2026-08-19_Tables.xlsx,Tables
UK Adults,18th August 2026,,,,,,age,25-34,"Table_V2. If there were a general election tomorrow, and there were candidates from all political parties standing in your constituency, for which party would you vote?",Voting intention (Westminster),general election tomorrow,Conservative,Labour,Liberal Democrats,Green Party,Scottish National Party (SNP),Plaid Cymru,Restore Britain,Reform UK,Other,,10.1,35.4,7.8,14.4,1.9,1.0,0.8,23.7,5.0,,Survation_VI_2026-08-19_Tables.xlsx,Tables
UK Adults,18th August 2026,,,,,,age,35-44,"Table_V2. If there were a general election tomorrow, and there were candidates from all political parties standing in your constituency, for which party would you vote?",Voting intention (Westminster),general election tomorrow,Conservative,Labour,Liberal Democrats,Green Party,Scottish National Party (SNP),Plaid Cymru,Restore Britain,Reform UK,Other,,13.6,31.0,7.4,11.5,2.8,2.0,1.9,24.1,5.7,,Survation_VI_2026-08-19_Tables.xlsx,Tables
UK Adults,18th August 2026,,,,,,age,45-54,"Table_V2. If there were a general election tomorrow, and there were candidates from all political parties standing in your constituency, for which party would you vote?",Voting intention (Westminster),general election tomorrow,Conservative,Labour,Liberal Democrats,Green Party,Scottish National Party (SNP),Plaid Cymru,Restore Britain,Reform UK,Other,,21.4,27.3,7.1,9.9,2.8,,2.6,25.1,3.8,,Survation_VI_2026-08-19_Tables.xlsx,Tables
UK Adults,18th August 2026,,,,,,age,55-64,"Table_V2. If there were a general election tomorrow, and there were candidates from all political parties standing in your constituency, for which party would you vote?",Voting intention (Westminster),general election tomorrow,Conservative,Labour,Liberal Democrats,Green Party,Scottish National Party (SNP),Plaid Cymru,Restore Britain,Reform UK,Other,,24.0,19.8,14.7,2.2,5.0,0.4,2.7,27.8,3.5,,Survation_VI_2026-08-19_Tables.xlsx,Tables
UK Adults,18th August 2026,,,,,,age,65+,"Table_V2. If there were a general election tomorrow, and there were candidates from all political parties standing in your constituency, for which party would you vote?",Voting intention (Westminster),general election tomorrow,Conservative,Labour,Liberal Democrats,Green Party,Scottish National Party (SNP),Plaid Cymru,Restore Britain,Reform UK,Other,,25.4,19.9,11.4,3.5,2.8,1.6,0.6,30.0,4.8,,Survation_VI_2026-08-19_Tables.xlsx,Tables
UK Adults,18th August 2026,,,,,,region,London,"Table_V2. If there were a general election tomorrow, and there were candidates from all political parties standing in your constituency, for which party would you vote?",Voting intention (Westminster),general election tomorrow,Conservative,Labour,Liberal Democrats,Green Party,Scottish National Party (SNP),Plaid Cymru,Restore Britain,Reform UK,Other,,21.6,32.7,5.1,16.9,,,1.1,21.5,1.1,,Survation_VI_2026-08-19_Tables.xlsx,Tables
UK Adults,18th August 2026,,,,,,region,South,"Table_V2. If there were a general election tomorrow, and there were candidates from all political parties standing in your constituency, for which party would you vote?",Voting intention (Westminster),general election tomorrow,Conservative,Labour,Liberal Democrats,Green Party,Scottish National Party (SNP),Plaid Cymru,Restore Britain,Reform UK,Other,,20.9,21.3,14.1,9.4,,,2.6,30.7,1.0,,Survation_VI_2026-08-19_Tables.xlsx,Tables
UK Adults,18th August 2026,,,,,,region,Midlands,"Table_V2. If there were a general election tomorrow, and there were candidates from all political parties standing in your constituency, for which party would you vote?",Voting intention (Westminster),general election tomorrow,Conservative,Labour,Liberal Democrats,Green Party,Scottish National Party (SNP),Plaid Cymru,Restore Britain,Reform UK,Other,,25.3,25.9,10.0,8.9,,,2.2,25.3,2.4,,Survation_VI_2026-08-19_Tables.xlsx,Tables
UK Adults,18th August 2026,,,,,,region,North,"Table_V2. If there were a general election tomorrow, and there were candidates from all political parties standing in your constituency, for which party would you vote?",Voting intention (Westminster),general election tomorrow,Conservative,Labour,Liberal Democrats,Green Party,Scottish National Party (SNP),Plaid Cymru,Restore Britain,Reform UK,Other,,16.4,36.2,7.9,8.9,,,0.6,29.1,0.9,,Survation_VI_2026-08-19_Tables.xlsx,Tables
UK Adults,18th August 2026,,,,,,region,England,"Table_V2. If there were a general election tomorrow, and there were candidates from all political parties standing in your constituency, for which party would you vote?",Voting intention (Westminster),general election tomorrow,Conservative,Labour,Liberal Democrats,Green Party,Scottish National Party (SNP),Plaid Cymru,Restore Britain,Reform UK,Other,,20.6,27.9,10.3,10.3,,,1.8,27.9,1.3,,Survation_VI_2026-08-19_Tables.xlsx,Tables
UK Adults,18th August 2026,,,,,,region,Scotland,"Table_V2. If there were a general election tomorrow, and there were candidates from all political parties standing in your constituency, for which party would you vote?",Voting intention (Westminster),general election tomorrow,Conservative,Labour,Liberal Democrats,Green Party,Scottish National Party (SNP),Plaid Cymru,Restore Britain,Reform UK,Other,,9.3,14.4,7.8,6.9,33.4,,2.2,26.1,,,Survation_VI_2026-08-19_Tables.xlsx,Tables
UK Adults,18th August 2026,,,,,,region,Wales,"Table_V2. If there were a general election tomorrow, and there were candidates from all political parties standing in your constituency, for which party would you vote?",Voting intention (Westminster),general election tomorrow,Conservative,Labour,Liberal Democrats,Green Party,Scottish National Party (SNP),Plaid Cymru,Restore Britain,Reform UK,Other,,11.6,24.1,9.9,10.4,,25.4,0.6,17.7,0.4,,Survation_VI_2026-08-19_Tables.xlsx,Tables
UK Adults,18th August 2026,,,,,,region,Northern Ireland,"Table_V2. If there were a general election tomorrow, and there were candidates from all political parties standing in your constituency, for which party would you vote?",Voting intention (Westminster),general election tomorrow,Conservative,Labour,Liberal Democrats,Green Party,Scottish National Party (SNP),Plaid Cymru,Restore Britain,Reform UK,Other,,,,,,,,,,,,Survation_VI_2026-08-19_Tables.xlsx,Tables
UK Adults,18th August 2026,,,,,,class,ABC1,"Table_V2. If there were a general election tomorrow, and there were candidates from all political parties standing in your constituency, for which party would you vote?",Voting intention (Westminster),general election tomorrow,Conservative,Labour,Liberal Democrats,Green Party,Scottish National Party (SNP),Plaid Cymru,Restore Britain,Reform UK,Other,,17.8,29.6,12.5,10.1,2.5,0.9,1.7,20.4,4.5,,Survation_VI_2026-08-19_Tables.xlsx,Tables
UK Adults,18th August 2026,,,,,,class,C2DE,"Table_V2. If there were a general election tomorrow, and there were candidates from all political parties standing in your constituency, for which party would you vote?",Voting intention (Westminster),general election tomorrow,Conservative,Labour,Liberal Democrats,Green Party,Scottish National Party (SNP),Plaid Cymru,Restore Britain,Reform UK,Other,,19.5,20.1,5.9,9.2,3.3,1.8,1.7,34.4,4.1,,Survation_VI_2026-08-19_Tables.xlsx,Tables
UK Adults,18th August 2026,,,,,,income,"£0 - £19,999","Table_V2. If there were a general election tomorrow, and there were candidates from all political parties standing in your constituency, for which party would you vote?",Voting intention (Westminster),general election tomorrow,Conservative,Labour,Liberal Democrats,Green Party,Scottish National Party (SNP),Plaid Cymru,Restore Britain,Reform UK,Other,,15.6,27.1,4.8,12.2,2.7,1.4,2.1,32.0,2.1,,Survation_VI_2026-08-19_Tables.xlsx,Tables
UK Adults,18th August 2026,,,,,,income,"£20,000 - £39,999","Table_V2. If there were a general election tomorrow, and there were candidates from all political parties standing in your constituency, for which party would you vote?",Voting intention (Westminster),general election tomorrow,Conservative,Labour,Liberal Democrats,Green Party,Scottish National Party (SNP),Plaid Cymru,Restore Britain,Reform UK,Other,,18.0,24.3,9.9,8.7,3.2,1.7,1.3,28.0,5.0,,Survation_VI_2026-08-19_Tables.xlsx,Tables
UK Adults,18th August 2026,,,,,,income,"£40,000+","Table_V2. If there were a general election tomorrow, and there were candidates from all political parties standing in your constituency, for which party would you vote?",Voting intention (Westminster),general election tomorrow,Conservative,Labour,Liberal Democrats,Green Party,Scottish National Party (SNP),Plaid Cymru,Restore Britain,Reform UK,Other,,20.1,26.3,11.5,9.7,2.6,0.9,1.9,22.4,4.5,,Survation_VI_2026-08-19_Tables.xlsx,Tables
UK Adults,18th August 2026,,,,,,historic_vote,LAB,"Table_V2. If there were a general election tomorrow, and there were candidates from all political parties standing in your constituency, for which party would you vote?",Voting intention (Westminster),general election tomorrow,Conservative,Labour,Liberal Democrats,Green Party,Scottish National Party (SNP),Plaid Cymru,Restore Britain,Reform UK,Other,,5.8,66.8,4.5,8.3,1.9,0.2,1.0,10.8,0.8,,Survation_VI_2026-08-19_Tables.xlsx,Tables
UK Adults,18th August 2026,,,,,,historic_vote,CON,"Table_V2. If there were a general election tomorrow, and there were candidates from all political parties standing in your constituency, for which party would you vote?",Voting intention (Westminster),general election tomorrow,Conservative,Labour,Liberal Democrats,Green Party,Scottish National Party (SNP),Plaid Cymru,Restore Britain,Reform UK,Other,,64.5,5.1,1.2,,,0.2,0.2,28.5,0.2,,Survation_VI_2026-08-19_Tables.xlsx,Tables
UK Adults,18th August 2026,,,,,,historic_vote,RFM,"Table_V2. If there were a general election tomorrow, and there were candidates from all political parties standing in your constituency, for which party would you vote?",Voting intention (Westminster),general election tomorrow,Conservative,Labour,Liberal Democrats,Green Party,Scottish National Party (SNP),Plaid Cymru,Restore Britain,Reform UK,Other,,4.7,0.7,0.9,1.0,,,6.7,86.0,,,Survation_VI_2026-08-19_Tables.xlsx,Tables
UK Adults,18th August 2026,,,,,,historic_vote,LD,"Table_V2. If there were a general election tomorrow, and there were candidates from all political parties standing in your constituency, for which party would you vote?",Voting intention (Westminster),general election tomorrow,Conservative,Labour,Liberal Democrats,Green Party,Scottish National Party (SNP),Plaid Cymru,Restore Britain,Reform UK,Other,,4.6,15.5,73.2,2.2,,,0.5,3.0,0.9,,Survation_VI_2026-08-19_Tables.xlsx,Tables
UK Adults,18th August 2026,,,,,,historic_vote,GRN,"Table_V2. If there were a general election tomorrow, and there were candidates from all political parties standing in your constituency, for which party would you vote?",Voting intention (Westminster),general election tomorrow,Conservative,Labour,Liberal Democrats,Green Party,Scottish National Party (SNP),Plaid Cymru,Restore Britain,Reform UK,Other,,6.0,4.0,1.7,76.6,,0.6,0.6,5.7,4.8,,Survation_VI_2026-08-19_Tables.xlsx,Tables
UK Adults,18th August 2026,,,,,,historic_vote,OTH,"Table_V2. If there were a general election tomorrow, and there were candidates from all political parties standing in your constituency, for which party would you vote?",Voting intention (Westminster),general election tomorrow,Conservative,Labour,Liberal Democrats,Green Party,Scottish National Party (SNP),Plaid Cymru,Restore Britain,Reform UK,Other,,2.1,,,2.5,26.9,14.4,,10.7,43.5,,Survation_VI_2026-08-19_Tables.xlsx,Tables
UK Adults,18th August 2026,,,,,,historic_vote,Leave,"Table_V2. If there were a general election tomorrow, and there were candidates from all political parties standing in your constituency, for which party would you vote?",Voting intention (Westminster),general election tomorrow,Conservative,Labour,Liberal Democrats,Green Party,Scottish National Party (SNP),Plaid Cymru,Restore Britain,Reform UK,Other,,23.9,15.8,7.1,3.8,1.8,0.1,2.4,41.5,3.7,,Survation_VI_2026-08-19_Tables.xlsx,Tables
UK Adults,18th August 2026,,,,,,historic_vote,Remain,"Table_V2. If there were a general election tomorrow, and there were candidates from all political parties standing in your constituency, for which party would you vote?",Voting intention (Westminster),general election tomorrow,Conservative,Labour,Liberal Democrats,Green Party,Scottish National Party (SNP),Plaid Cymru,Restore Britain,Reform UK,Other,,19.0,36.8,12.4,8.0,5.2,2.0,0.7,10.1,5.9,,Survation_VI_2026-08-19_Tables.xlsx,Tables
UK Adults,18th August 2026,,,,,,current_vote,LAB,"Table_V2. If there were a general election tomorrow, and there were candidates from all political parties standing in your constituency, for which party would you vote?",Voting intention (Westminster),general election tomorrow,Conservative,Labour,Liberal Democrats,Green Party,Scottish National Party (SNP),Plaid Cymru,Restore Britain,Reform UK,Other,,,,,,,,,,,,Survation_VI_2026-08-19_Tables.xlsx,Tables
UK Adults,18th August 2026,,,,,,current_vote,CON,"Table_V2. If there were a general election tomorrow, and there were candidates from all political parties standing in your constituency, for which party would you vote?",Voting intention (Westminster),general election tomorrow,Conservative,Labour,Liberal Democrats,Green Party,Scottish National Party (SNP),Plaid Cymru,Restore Britain,Reform UK,Other,,,,,,,,,,,,Survation_VI_2026-08-19_Tables.xlsx,Tables
UK Adults,18th August 2026,,,,,,current_vote,RFM,"Table_V2. If there were a general election tomorrow, and there were candidates from all political parties standing in your constituency, for which party would you vote?",Voting intention (Westminster),general election tomorrow,Conservative,Labour,Liberal Democrats,Green Party,Scottish National Party (SNP),Plaid Cymru,Restore Britain,Reform UK,Other,,,,,,,,,,,,Survation_VI_2026-08-19_Tables.xlsx,Tables
UK Adults,18th August 2026,,,,,,current_vote,LD,"Table_V2. If there were a general election tomorrow, and there were candidates from all political parties standing in your constituency, for which party would you vote?",Voting intention (Westminster),general election tomorrow,Conservative,Labour,Liberal Democrats,Green Party,Scottish National Party (SNP),Plaid Cymru,Restore Britain,Reform UK,Other,,,,,,,,,,,,Survation_VI_2026-08-19_Tables.xlsx,Tables
UK Adults,18th August 2026,,,,,,current_vote,GRN,"Table_V2. If there were a general election tomorrow, and there were candidates from all political parties standing in your constituency, for which party would you vote?",Voting intention (Westminster),general election tomorrow,Conservative,Labour,Liberal Democrats,Green Party,Scottish National Party (SNP),Plaid Cymru,Restore Britain,Reform UK,Other,,,,,,,,,,,,Survation_VI_2026-08-19_Tables.xlsx,Tables
UK Adults,18th August 2026,,,,,,current_vote,OTH,"Table_V2. If there were a general election tomorrow, and there were candidates from all political parties standing in your constituency, for which party would you vote?",Voting intention (Westminster),general election tomorrow,Conservative,Labour,Liberal Democrats,Green Party,Scottish National Party (SNP),Plaid Cymru,Restore Britain,Reform UK,Other,,,,,,28.3,12.9,16.5,,42.3,,Survation_VI_2026-08-19_Tables.xlsx,Tables
UK Adults,18th August 2026,,,,,,gender,Female,Table_KemiApp. Which of the following statements is closest to your view?,UNMATCHED,,Kemi Badenoch is doing well as the leader of the Conservative Party,Kemi Badenoch is not doing well as the leader of the Conservative Party,,,,,,,,,39.5,30.9,,,,,,,,,Survation_VI_2026-08-19_Tables.xlsx,Tables
UK Adults,18th August 2026,,,,,,gender,Male,Table_KemiApp. Which of the following statements is closest to your view?,UNMATCHED,,Kemi Badenoch is doing well as the leader of the Conservative Party,Kemi Badenoch is not doing well as the leader of the Conservative Party,,,,,,,,,43.7,39.0,,,,,,,,,Survation_VI_2026-08-19_Tables.xlsx,Tables
UK Adults,18th August 2026,,,,,,age,18-24,Table_KemiApp. Which of the following statements is closest to your view?,UNMATCHED,,Kemi Badenoch is doing well as the leader of the Conservative Party,Kemi Badenoch is not doing well as the leader of the Conservative Party,,,,,,,,,28.9,40.3,,,,,,,,,Survation_VI_2026-08-19_Tables.xlsx,Tables
UK Adults,18th August 2026,,,,,,age,25-34,Table_KemiApp. Which of the following statements is closest to your view?,UNMATCHED,,Kemi Badenoch is doing well as the leader of the Conservative Party,Kemi Badenoch is not doing well as the leader of the Conservative Party,,,,,,,,,35.0,37.2,,,,,,,,,Survation_VI_2026-08-19_Tables.xlsx,Tables
UK Adults,18th August 2026,,,,,,age,35-44,Table_KemiApp. Which of the following statements is closest to your view?,UNMATCHED,,Kemi Badenoch is doing well as the leader of the Conservative Party,Kemi Badenoch is not doing well as the leader of the Conservative Party,,,,,,,,,34.4,37.4,,,,,,,,,Survation_VI_2026-08-19_Tables.xlsx,Tables
UK Adults,18th August 2026,,,,,,age,45-54,Table_KemiApp. Which of the following statements is closest to your view?,UNMATCHED,,Kemi Badenoch is doing well as the leader of the Conservative Party,Kemi Badenoch is not doing well as the leader of the Conservative Party,,,,,,,,,41.0,35.6,,,,,,,,,Survation_VI_2026-08-19_Tables.xlsx,Tables
UK Adults,18th August 2026,,,,,,age,55-64,Table_KemiApp. Which of the following statements is closest to your view?,UNMATCHED,,Kemi Badenoch is doing well as the leader of the Conservative Party,Kemi Badenoch is not doing well as the leader of the Conservative Party,,,,,,,,,47.8,29.8,,,,,,,,,Survation_VI_2026-08-19_Tables.xlsx,Tables
UK Adults,18th August 2026,,,,,,age,65+,Table_KemiApp. Which of the following statements is closest to your view?,UNMATCHED,,Kemi Badenoch is doing well as the leader of the Conservative Party,Kemi Badenoch is not doing well as the leader of the Conservative Party,,,,,,,,,52.8,31.7,,,,,,,,,Survation_VI_2026-08-19_Tables.xlsx,Tables
UK Adults,18th August 2026,,,,,,region,London,Table_KemiApp. Which of the following statements is closest to your view?,UNMATCHED,,Kemi Badenoch is doing well as the leader of the Conservative Party,Kemi Badenoch is not doing well as the leader of the Conservative Party,,,,,,,,,42.3,33.8,,,,,,,,,Survation_VI_2026-08-19_Tables.xlsx,Tables
UK Adults,18th August 2026,,,,,,region,South,Table_KemiApp. Which of the following statements is closest to your view?,UNMATCHED,,Kemi Badenoch is doing well as the leader of the Conservative Party,Kemi Badenoch is not doing well as the leader of the Conservative Party,,,,,,,,,45.1,36.4,,,,,,,,,Survation_VI_2026-08-19_Tables.xlsx,Tables
UK Adults,18th August 2026,,,,,,region,Midlands,Table_KemiApp. Which of the following statements is closest to your view?,UNMATCHED,,Kemi Badenoch is doing well as the leader of the Conservative Party,Kemi Badenoch is not doing well as the leader of the Conservative Party,,,,,,,,,45.8,30.2,,,,,,,,,Survation_VI_2026-08-19_Tables.xlsx,Tables
UK Adults,18th August 2026,,,,,,region,North,Table_KemiApp. Which of the following statements is closest to your view?,UNMATCHED,,Kemi Badenoch is doing well as the leader of the Conservative Party,Kemi Badenoch is not doing well as the leader of the Conservative Party,,,,,,,,,36.9,35.9,,,,,,,,,Survation_VI_2026-08-19_Tables.xlsx,Tables
UK Adults,18th August 2026,,,,,,region,England,Table_KemiApp. Which of the following statements is closest to your view?,UNMATCHED,,Kemi Badenoch is doing well as the leader of the Conservative Party,Kemi Badenoch is not doing well as the leader of the Conservative Party,,,,,,,,,42.6,34.7,,,,,,,,,Survation_VI_2026-08-19_Tables.xlsx,Tables
UK Adults,18th August 2026,,,,,,region,Scotland,Table_KemiApp. Which of the following statements is closest to your view?,UNMATCHED,,Kemi Badenoch is doing well as the leader of the Conservative Party,Kemi Badenoch is not doing well as the leader of the Conservative Party,,,,,,,,,33.9,35.2,,,,,,,,,Survation_VI_2026-08-19_Tables.xlsx,Tables
UK Adults,18th August 2026,,,,,,region,Wales,Table_KemiApp. Which of the following statements is closest to your view?,UNMATCHED,,Kemi Badenoch is doing well as the leader of the Conservative Party,Kemi Badenoch is not doing well as the leader of the Conservative Party,,,,,,,,,32.7,40.8,,,,,,,,,Survation_VI_2026-08-19_Tables.xlsx,Tables
UK Adults,18th August 2026,,,,,,region,Northern Ireland,Table_KemiApp. Which of the following statements is closest to your view?,UNMATCHED,,Kemi Badenoch is doing well as the leader of the Conservative Party,Kemi Badenoch is not doing well as the leader of the Conservative Party,,,,,,,,,46.3,27.0,,,,,,,,,Survation_VI_2026-08-19_Tables.xlsx,Tables
UK Adults,18th August 2026,,,,,,class,ABC1,Table_KemiApp. Which of the following statements is closest to your view?,UNMATCHED,,Kemi Badenoch is doing well as the leader of the Conservative Party,Kemi Badenoch is not doing well as the leader of the Conservative Party,,,,,,,,,42.9,38.4,,,,,,,,,Survation_VI_2026-08-19_Tables.xlsx,Tables
UK Adults,18th August 2026,,,,,,class,C2DE,Table_KemiApp. Which of the following statements is closest to your view?,UNMATCHED,,Kemi Badenoch is doing well as the leader of the Conservative Party,Kemi Badenoch is not doing well as the leader of the Conservative Party,,,,,,,,,39.8,30.4,,,,,,,,,Survation_VI_2026-08-19_Tables.xlsx,Tables
UK Adults,18th August 2026,,,,,,income,"£0 - £19,999",Table_KemiApp. Which of the following statements is closest to your view?,UNMATCHED,,Kemi Badenoch is doing well as the leader of the Conservative Party,Kemi Badenoch is not doing well as the leader of the Conservative Party,,,,,,,,,31.7,32.2,,,,,,,,,Survation_VI_2026-08-19_Tables.xlsx,Tables
UK Adults,18th August 2026,,,,,,income,"£20,000 - £39,999",Table_KemiApp. Which of the following statements is closest to your view?,UNMATCHED,,Kemi Badenoch is doing well as the leader of the Conservative Party,Kemi Badenoch is not doing well as the leader of the Conservative Party,,,,,,,,,41.7,34.8,,,,,,,,,Survation_VI_2026-08-19_Tables.xlsx,Tables
UK Adults,18th August 2026,,,,,,income,"£40,000+",Table_KemiApp. Which of the following statements is closest to your view?,UNMATCHED,,Kemi Badenoch is doing well as the leader of the Conservative Party,Kemi Badenoch is not doing well as the leader of the Conservative Party,,,,,,,,,46.7,36.3,,,,,,,,,Survation_VI_2026-08-19_Tables.xlsx,Tables
UK Adults,18th August 2026,,,,,,historic_vote,LAB,Table_KemiApp. Which of the following statements is closest to your view?,UNMATCHED,,Kemi Badenoch is doing well as the leader of the Conservative Party,Kemi Badenoch is not doing well as the leader of the Conservative Party,,,,,,,,,33.8,47.7,,,,,,,,,Survation_VI_2026-08-19_Tables.xlsx,Tables
UK Adults,18th August 2026,,,,,,historic_vote,CON,Table_KemiApp. Which of the following statements is closest to your view?,UNMATCHED,,Kemi Badenoch is doing well as the leader of the Conservative Party,Kemi Badenoch is not doing well as the leader of the Conservative Party,,,,,,,,,78.2,14.2,,,,,,,,,Survation_VI_2026-08-19_Tables.xlsx,Tables
UK Adults,18th August 2026,,,,,,historic_vote,RFM,Table_KemiApp. Which of the following statements is closest to your view?,UNMATCHED,,Kemi Badenoch is doing well as the leader of the Conservative Party,Kemi Badenoch is not doing well as the leader of the Conservative Party,,,,,,,,,53.4,33.6,,,,,,,,,Survation_VI_2026-08-19_Tables.xlsx,Tables
UK Adults,18th August 2026,,,,,,historic_vote,LD,Table_KemiApp. Which of the following statements is closest to your view?,UNMATCHED,,Kemi Badenoch is doing well as the leader of the Conservative Party,Kemi Badenoch is not doing well as the leader of the Conservative Party,,,,,,,,,33.2,48.6,,,,,,,,,Survation_VI_2026-08-19_Tables.xlsx,Tables
UK Adults,18th August 2026,,,,,,historic_vote,GRN,Table_KemiApp. Which of the following statements is closest to your view?,UNMATCHED,,Kemi Badenoch is doing well as the leader of the Conservative Party,Kemi Badenoch is not doing well as the leader of the Conservative Party,,,,,,,,,21.7,50.3,,,,,,,,,Survation_VI_2026-08-19_Tables.xlsx,Tables
UK Adults,18th August 2026,,,,,,historic_vote,OTH,Table_KemiApp. Which of the following statements is closest to your view?,UNMATCHED,,Kemi Badenoch is doing well as the leader of the Conservative Party,Kemi Badenoch is not doing well as the leader of the Conservative Party,,,,,,,,,37.3,36.6,,,,,,,,,Survation_VI_2026-08-19_Tables.xlsx,Tables
UK Adults,18th August 2026,,,,,,historic_vote,Leave,Table_KemiApp. Which of the following statements is closest to your view?,UNMATCHED,,Kemi Badenoch is doing well as the leader of the Conservative Party,Kemi Badenoch is not doing well as the leader of the Conservative Party,,,,,,,,,55.3,26.7,,,,,,,,,Survation_VI_2026-08-19_Tables.xlsx,Tables
UK Adults,18th August 2026,,,,,,historic_vote,Remain,Table_KemiApp. Which of the following statements is closest to your view?,UNMATCHED,,Kemi Badenoch is doing well as the leader of the Conservative Party,Kemi Badenoch is not doing well as the leader of the Conservative Party,,,,,,,,,41.7,42.6,,,,,,,,,Survation_VI_2026-08-19_Tables.xlsx,Tables
UK Adults,18th August 2026,,,,,,current_vote,LAB,Table_KemiApp. Which of the following statements is closest to your view?,UNMATCHED,,Kemi Badenoch is doing well as the leader of the Conservative Party,Kemi Badenoch is not doing well as the leader of the Conservative Party,,,,,,,,,30.0,53.6,,,,,,,,,Survation_VI_2026-08-19_Tables.xlsx,Tables
UK Adults,18th August 2026,,,,,,current_vote,CON,Table_KemiApp. Which of the following statements is closest to your view?,UNMATCHED,,Kemi Badenoch is doing well as the leader of the Conservative Party,Kemi Badenoch is not doing well as the leader of the Conservative Party,,,,,,,,,86.6,10.0,,,,,,,,,Survation_VI_2026-08-19_Tables.xlsx,Tables
UK Adults,18th August 2026,,,,,,current_vote,RFM,Table_KemiApp. Which of the following statements is closest to your view?,UNMATCHED,,Kemi Badenoch is doing well as the leader of the Conservative Party,Kemi Badenoch is not doing well as the leader of the Conservative Party,,,,,,,,,54.7,30.3,,,,,,,,,Survation_VI_2026-08-19_Tables.xlsx,Tables
UK Adults,18th August 2026,,,,,,current_vote,LD,Table_KemiApp. Which of the following statements is closest to your view?,UNMATCHED,,Kemi Badenoch is doing well as the leader of the Conservative Party,Kemi Badenoch is not doing well as the leader of the Conservative Party,,,,,,,,,33.7,45.9,,,,,,,,,Survation_VI_2026-08-19_Tables.xlsx,Tables
UK Adults,18th August 2026,,,,,,current_vote,GRN,Table_KemiApp. Which of the following statements is closest to your view?,UNMATCHED,,Kemi Badenoch is doing well as the leader of the Conservative Party,Kemi Badenoch is not doing well as the leader of the Conservative Party,,,,,,,,,16.4,54.3,,,,,,,,,Survation_VI_2026-08-19_Tables.xlsx,Tables
UK Adults,18th August 2026,,,,,,current_vote,OTH,Table_KemiApp. Which of the following statements is closest to your view?,UNMATCHED,,Kemi Badenoch is doing well as the leader of the Conservative Party,Kemi Badenoch is not doing well as the leader of the Conservative Party,,,,,,,,,33.5,40.9,,,,,,,,,Survation_VI_2026-08-19_Tables.xlsx,Tables
UK Adults,18th August 2026,,,,,,gender,Female,Table_AndyApp. Which of the following statements is closest to your view?,UNMATCHED,,Andy Burnham is doing well as the leader of the Labour Party,Andy Burnham is not doing well as the leader of the Labour Party,,,,,,,,,44.9,28.6,,,,,,,,,Survation_VI_2026-08-19_Tables.xlsx,Tables
UK Adults,18th August 2026,,,,,,gender,Male,Table_AndyApp. Which of the following statements is closest to your view?,UNMATCHED,,Andy Burnham is doing well as the leader of the Labour Party,Andy Burnham is not doing well as the leader of the Labour Party,,,,,,,,,45.8,34.5,,,,,,,,,Survation_VI_2026-08-19_Tables.xlsx,Tables
UK Adults,18th August 2026,,,,,,age,18-24,Table_AndyApp. Which of the following statements is closest to your view?,UNMATCHED,,Andy Burnham is doing well as the leader of the Labour Party,Andy Burnham is not doing well as the leader of the Labour Party,,,,,,,,,53.2,24.4,,,,,,,,,Survation_VI_2026-08-19_Tables.xlsx,Tables
UK Adults,18th August 2026,,,,,,age,25-34,Table_AndyApp. Which of the following statements is closest to your view?,UNMATCHED,,Andy Burnham is doing well as the leader of the Labour Party,Andy Burnham is not doing well as the leader of the Labour Party,,,,,,,,,53.4,24.2,,,,,,,,,Survation_VI_2026-08-19_Tables.xlsx,Tables
UK Adults,18th August 2026,,,,,,age,35-44,Table_AndyApp. Which of the following statements is closest to your view?,UNMATCHED,,Andy Burnham is doing well as the leader of the Labour Party,Andy Burnham is not doing well as the leader of the Labour Party,,,,,,,,,49.7,27.2,,,,,,,,,Survation_VI_2026-08-19_Tables.xlsx,Tables
UK Adults,18th August 2026,,,,,,age,45-54,Table_AndyApp. Which of the following statements is closest to your view?,UNMATCHED,,Andy Burnham is doing well as the leader of the Labour Party,Andy Burnham is not doing well as the leader of the Labour Party,,,,,,,,,45.1,32.7,,,,,,,,,Survation_VI_2026-08-19_Tables.xlsx,Tables
UK Adults,18th August 2026,,,,,,age,55-64,Table_AndyApp. Which of the following statements is closest to your view?,UNMATCHED,,Andy Burnham is doing well as the leader of the Labour Party,Andy Burnham is not doing well as the leader of the Labour Party,,,,,,,,,37.9,33.5,,,,,,,,,Survation_VI_2026-08-19_Tables.xlsx,Tables
UK Adults,18th August 2026,,,,,,age,65+,Table_AndyApp. Which of the following statements is closest to your view?,UNMATCHED,,Andy Burnham is doing well as the leader of the Labour Party,Andy Burnham is not doing well as the leader of the Labour Party,,,,,,,,,38.3,40.6,,,,,,,,,Survation_VI_2026-08-19_Tables.xlsx,Tables
UK Adults,18th August 2026,,,,,,region,London,Table_AndyApp. Which of the following statements is closest to your view?,UNMATCHED,,Andy Burnham is doing well as the leader of the Labour Party,Andy Burnham is not doing well as the leader of the Labour Party,,,,,,,,,44.0,31.3,,,,,,,,,Survation_VI_2026-08-19_Tables.xlsx,Tables
UK Adults,18th August 2026,,,,,,region,South,Table_AndyApp. Which of the following statements is closest to your view?,UNMATCHED,,Andy Burnham is doing well as the leader of the Labour Party,Andy Burnham is not doing well as the leader of the Labour Party,,,,,,,,,43.4,33.8,,,,,,,,,Survation_VI_2026-08-19_Tables.xlsx,Tables
UK Adults,18th August 2026,,,,,,region,Midlands,Table_AndyApp. Which of the following statements is closest to your view?,UNMATCHED,,Andy Burnham is doing well as the leader of the Labour Party,Andy Burnham is not doing well as the leader of the Labour Party,,,,,,,,,44.5,30.3,,,,,,,,,Survation_VI_2026-08-19_Tables.xlsx,Tables
UK Adults,18th August 2026,,,,,,region,North,Table_AndyApp. Which of the following statements is closest to your view?,UNMATCHED,,Andy Burnham is doing well as the leader of the Labour Party,Andy Burnham is not doing well as the leader of the Labour Party,,,,,,,,,49.9,30.5,,,,,,,,,Survation_VI_2026-08-19_Tables.xlsx,Tables
UK Adults,18th August 2026,,,,,,region,England,Table_AndyApp. Which of the following statements is closest to your view?,UNMATCHED,,Andy Burnham is doing well as the leader of the Labour Party,Andy Burnham is not doing well as the leader of the Labour Party,,,,,,,,,45.5,31.9,,,,,,,,,Survation_VI_2026-08-19_Tables.xlsx,Tables
UK Adults,18th August 2026,,,,,,region,Scotland,Table_AndyApp. Which of the following statements is closest to your view?,UNMATCHED,,Andy Burnham is doing well as the leader of the Labour Party,Andy Burnham is not doing well as the leader of the Labour Party,,,,,,,,,36.7,32.0,,,,,,,,,Survation_VI_2026-08-19_Tables.xlsx,Tables
UK Adults,18th August 2026,,,,,,region,Wales,Table_AndyApp. Which of the following statements is closest to your view?,UNMATCHED,,Andy Burnham is doing well as the leader of the Labour Party,Andy Burnham is not doing well as the leader of the Labour Party,,,,,,,,,56.9,21.8,,,,,,,,,Survation_VI_2026-08-19_Tables.xlsx,Tables
UK Adults,18th August 2026,,,,,,region,Northern Ireland,Table_AndyApp. Which of the following statements is closest to your view?,UNMATCHED,,Andy Burnham is doing well as the leader of the Labour Party,Andy Burnham is not doing well as the leader of the Labour Party,,,,,,,,,48.2,34.3,,,,,,,,,Survation_VI_2026-08-19_Tables.xlsx,Tables
UK Adults,18th August 2026,,,,,,class,ABC1,Table_AndyApp. Which of the following statements is closest to your view?,UNMATCHED,,Andy Burnham is doing well as the leader of the Labour Party,Andy Burnham is not doing well as the leader of the Labour Party,,,,,,,,,51.5,29.4,,,,,,,,,Survation_VI_2026-08-19_Tables.xlsx,Tables
UK Adults,18th August 2026,,,,,,class,C2DE,Table_AndyApp. Which of the following statements is closest to your view?,UNMATCHED,,Andy Burnham is doing well as the leader of the Labour Party,Andy Burnham is not doing well as the leader of the Labour Party,,,,,,,,,38.0,34.0,,,,,,,,,Survation_VI_2026-08-19_Tables.xlsx,Tables
UK Adults,18th August 2026,,,,,,income,"£0 - £19,999",Table_AndyApp. Which of the following statements is closest to your view?,UNMATCHED,,Andy Burnham is doing well as the leader of the Labour Party,Andy Burnham is not doing well as the leader of the Labour Party,,,,,,,,,39.0,32.3,,,,,,,,,Survation_VI_2026-08-19_Tables.xlsx,Tables
UK Adults,18th August 2026,,,,,,income,"£20,000 - £39,999",Table_AndyApp. Which of the following statements is closest to your view?,UNMATCHED,,Andy Burnham is doing well as the leader of the Labour Party,Andy Burnham is not doing well as the leader of the Labour Party,,,,,,,,,43.2,33.0,,,,,,,,,Survation_VI_2026-08-19_Tables.xlsx,Tables
UK Adults,18th August 2026,,,,,,income,"£40,000+",Table_AndyApp. Which of the following statements is closest to your view?,UNMATCHED,,Andy Burnham is doing well as the leader of the Labour Party,Andy Burnham is not doing well as the leader of the Labour Party,,,,,,,,,51.2,29.3,,,,,,,,,Survation_VI_2026-08-19_Tables.xlsx,Tables
UK Adults,18th August 2026,,,,,,historic_vote,LAB,Table_AndyApp. Which of the following statements is closest to your view?,UNMATCHED,,Andy Burnham is doing well as the leader of the Labour Party,Andy Burnham is not doing well as the leader of the Labour Party,,,,,,,,,68.7,16.3,,,,,,,,,Survation_VI_2026-08-19_Tables.xlsx,Tables
UK Adults,18th August 2026,,,,,,historic_vote,CON,Table_AndyApp. Which of the following statements is closest to your view?,UNMATCHED,,Andy Burnham is doing well as the leader of the Labour Party,Andy Burnham is not doing well as the leader of the Labour Party,,,,,,,,,31.4,47.7,,,,,,,,,Survation_VI_2026-08-19_Tables.xlsx,Tables
UK Adults,18th August 2026,,,,,,historic_vote,RFM,Table_AndyApp. Which of the following statements is closest to your view?,UNMATCHED,,Andy Burnham is doing well as the leader of the Labour Party,Andy Burnham is not doing well as the leader of the Labour Party,,,,,,,,,24.5,63.4,,,,,,,,,Survation_VI_2026-08-19_Tables.xlsx,Tables
UK Adults,18th August 2026,,,,,,historic_vote,LD,Table_AndyApp. Which of the following statements is closest to your view?,UNMATCHED,,Andy Burnham is doing well as the leader of the Labour Party,Andy Burnham is not doing well as the leader of the Labour Party,,,,,,,,,55.8,21.5,,,,,,,,,Survation_VI_2026-08-19_Tables.xlsx,Tables
UK Adults,18th August 2026,,,,,,historic_vote,GRN,Table_AndyApp. Which of the following statements is closest to your view?,UNMATCHED,,Andy Burnham is doing well as the leader of the Labour Party,Andy Burnham is not doing well as the leader of the Labour Party,,,,,,,,,42.4,25.8,,,,,,,,,Survation_VI_2026-08-19_Tables.xlsx,Tables
UK Adults,18th August 2026,,,,,,historic_vote,OTH,Table_AndyApp. Which of the following statements is closest to your view?,UNMATCHED,,Andy Burnham is doing well as the leader of the Labour Party,Andy Burnham is not doing well as the leader of the Labour Party,,,,,,,,,41.3,35.6,,,,,,,,,Survation_VI_2026-08-19_Tables.xlsx,Tables
UK Adults,18th August 2026,,,,,,historic_vote,Leave,Table_AndyApp. Which of the following statements is closest to your view?,UNMATCHED,,Andy Burnham is doing well as the leader of the Labour Party,Andy Burnham is not doing well as the leader of the Labour Party,,,,,,,,,32.7,43.5,,,,,,,,,Survation_VI_2026-08-19_Tables.xlsx,Tables
UK Adults,18th August 2026,,,,,,historic_vote,Remain,Table_AndyApp. Which of the following statements is closest to your view?,UNMATCHED,,Andy Burnham is doing well as the leader of the Labour Party,Andy Burnham is not doing well as the leader of the Labour Party,,,,,,,,,60.0,24.9,,,,,,,,,Survation_VI_2026-08-19_Tables.xlsx,Tables
UK Adults,18th August 2026,,,,,,current_vote,LAB,Table_AndyApp. Which of the following statements is closest to your view?,UNMATCHED,,Andy Burnham is doing well as the leader of the Labour Party,Andy Burnham is not doing well as the leader of the Labour Party,,,,,,,,,87.5,5.7,,,,,,,,,Survation_VI_2026-08-19_Tables.xlsx,Tables
UK Adults,18th August 2026,,,,,,current_vote,CON,Table_AndyApp. Which of the following statements is closest to your view?,UNMATCHED,,Andy Burnham is doing well as the leader of the Labour Party,Andy Burnham is not doing well as the leader of the Labour Party,,,,,,,,,34.3,39.1,,,,,,,,,Survation_VI_2026-08-19_Tables.xlsx,Tables
UK Adults,18th August 2026,,,,,,current_vote,RFM,Table_AndyApp. Which of the following statements is closest to your view?,UNMATCHED,,Andy Burnham is doing well as the leader of the Labour Party,Andy Burnham is not doing well as the leader of the Labour Party,,,,,,,,,21.5,62.9,,,,,,,,,Survation_VI_2026-08-19_Tables.xlsx,Tables
UK Adults,18th August 2026,,,,,,current_vote,LD,Table_AndyApp. Which of the following statements is closest to your view?,UNMATCHED,,Andy Burnham is doing well as the leader of the Labour Party,Andy Burnham is not doing well as the leader of the Labour Party,,,,,,,,,50.9,26.5,,,,,,,,,Survation_VI_2026-08-19_Tables.xlsx,Tables
UK Adults,18th August 2026,,,,,,current_vote,GRN,Table_AndyApp. Which of the following statements is closest to your view?,UNMATCHED,,Andy Burnham is doing well as the leader of the Labour Party,Andy Burnham is not doing well as the leader of the Labour Party,,,,,,,,,44.3,27.6,,,,,,,,,Survation_VI_2026-08-19_Tables.xlsx,Tables
UK Adults,18th August 2026,,,,,,current_vote,OTH,Table_AndyApp. Which of the following statements is closest to your view?,UNMATCHED,,Andy Burnham is doing well as the leader of the Labour Party,Andy Burnham is not doing well as the leader of the Labour Party,,,,,,,,,42.4,36.6,,,,,,,,,Survation_VI_2026-08-19_Tables.xlsx,Tables
UK Adults,18th August 2026,,,,,,gender,Female,Table_FarageApp. Which of the following statements is closest to your view?,Leader favourability (Farage),farage,Nigel Farage is doing well as the leader of Reform UK,Nigel Farage is not doing well as the leader of Reform UK,,,,,,,,,28.0,51.7,,,,,,,,,Survation_VI_2026-08-19_Tables.xlsx,Tables
UK Adults,18th August 2026,,,,,,gender,Male,Table_FarageApp. Which of the following statements is closest to your view?,Leader favourability (Farage),farage,Nigel Farage is doing well as the leader of Reform UK,Nigel Farage is not doing well as the leader of Reform UK,,,,,,,,,39.0,49.9,,,,,,,,,Survation_VI_2026-08-19_Tables.xlsx,Tables
UK Adults,18th August 2026,,,,,,age,18-24,Table_FarageApp. Which of the following statements is closest to your view?,Leader favourability (Farage),farage,Nigel Farage is doing well as the leader of Reform UK,Nigel Farage is not doing well as the leader of Reform UK,,,,,,,,,19.3,59.0,,,,,,,,,Survation_VI_2026-08-19_Tables.xlsx,Tables
UK Adults,18th August 2026,,,,,,age,25-34,Table_FarageApp. Which of the following statements is closest to your view?,Leader favourability (Farage),farage,Nigel Farage is doing well as the leader of Reform UK,Nigel Farage is not doing well as the leader of Reform UK,,,,,,,,,36.5,44.5,,,,,,,,,Survation_VI_2026-08-19_Tables.xlsx,Tables
UK Adults,18th August 2026,,,,,,age,35-44,Table_FarageApp. Which of the following statements is closest to your view?,Leader favourability (Farage),farage,Nigel Farage is doing well as the leader of Reform UK,Nigel Farage is not doing well as the leader of Reform UK,,,,,,,,,37.6,45.5,,,,,,,,,Survation_VI_2026-08-19_Tables.xlsx,Tables
UK Adults,18th August 2026,,,,,,age,45-54,Table_FarageApp. Which of the following statements is closest to your view?,Leader favourability (Farage),farage,Nigel Farage is doing well as the leader of Reform UK,Nigel Farage is not doing well as the leader of Reform UK,,,,,,,,,31.4,53.1,,,,,,,,,Survation_VI_2026-08-19_Tables.xlsx,Tables
UK Adults,18th August 2026,,,,,,age,55-64,Table_FarageApp. Which of the following statements is closest to your view?,Leader favourability (Farage),farage,Nigel Farage is doing well as the leader of Reform UK,Nigel Farage is not doing well as the leader of Reform UK,,,,,,,,,31.6,52.6,,,,,,,,,Survation_VI_2026-08-19_Tables.xlsx,Tables
UK Adults,18th August 2026,,,,,,age,65+,Table_FarageApp. Which of the following statements is closest to your view?,Leader favourability (Farage),farage,Nigel Farage is doing well as the leader of Reform UK,Nigel Farage is not doing well as the leader of Reform UK,,,,,,,,,37.1,52.6,,,,,,,,,Survation_VI_2026-08-19_Tables.xlsx,Tables
UK Adults,18th August 2026,,,,,,region,London,Table_FarageApp. Which of the following statements is closest to your view?,Leader favourability (Farage),farage,Nigel Farage is doing well as the leader of Reform UK,Nigel Farage is not doing well as the leader of Reform UK,,,,,,,,,31.2,49.9,,,,,,,,,Survation_VI_2026-08-19_Tables.xlsx,Tables
UK Adults,18th August 2026,,,,,,region,South,Table_FarageApp. Which of the following statements is closest to your view?,Leader favourability (Farage),farage,Nigel Farage is doing well as the leader of Reform UK,Nigel Farage is not doing well as the leader of Reform UK,,,,,,,,,37.8,52.4,,,,,,,,,Survation_VI_2026-08-19_Tables.xlsx,Tables
UK Adults,18th August 2026,,,,,,region,Midlands,Table_FarageApp. Which of the following statements is closest to your view?,Leader favourability (Farage),farage,Nigel Farage is doing well as the leader of Reform UK,Nigel Farage is not doing well as the leader of Reform UK,,,,,,,,,34.4,50.4,,,,,,,,,Survation_VI_2026-08-19_Tables.xlsx,Tables
UK Adults,18th August 2026,,,,,,region,North,Table_FarageApp. Which of the following statements is closest to your view?,Leader favourability (Farage),farage,Nigel Farage is doing well as the leader of Reform UK,Nigel Farage is not doing well as the leader of Reform UK,,,,,,,,,30.4,48.6,,,,,,,,,Survation_VI_2026-08-19_Tables.xlsx,Tables
UK Adults,18th August 2026,,,,,,region,England,Table_FarageApp. Which of the following statements is closest to your view?,Leader favourability (Farage),farage,Nigel Farage is doing well as the leader of Reform UK,Nigel Farage is not doing well as the leader of Reform UK,,,,,,,,,34.1,50.6,,,,,,,,,Survation_VI_2026-08-19_Tables.xlsx,Tables
UK Adults,18th August 2026,,,,,,region,Scotland,Table_FarageApp. Which of the following statements is closest to your view?,Leader favourability (Farage),farage,Nigel Farage is doing well as the leader of Reform UK,Nigel Farage is not doing well as the leader of Reform UK,,,,,,,,,31.3,52.1,,,,,,,,,Survation_VI_2026-08-19_Tables.xlsx,Tables
UK Adults,18th August 2026,,,,,,region,Wales,Table_FarageApp. Which of the following statements is closest to your view?,Leader favourability (Farage),farage,Nigel Farage is doing well as the leader of Reform UK,Nigel Farage is not doing well as the leader of Reform UK,,,,,,,,,16.9,58.9,,,,,,,,,Survation_VI_2026-08-19_Tables.xlsx,Tables
UK Adults,18th August 2026,,,,,,region,Northern Ireland,Table_FarageApp. Which of the following statements is closest to your view?,Leader favourability (Farage),farage,Nigel Farage is doing well as the leader of Reform UK,Nigel Farage is not doing well as the leader of Reform UK,,,,,,,,,44.7,41.7,,,,,,,,,Survation_VI_2026-08-19_Tables.xlsx,Tables
UK Adults,18th August 2026,,,,,,class,ABC1,Table_FarageApp. Which of the following statements is closest to your view?,Leader favourability (Farage),farage,Nigel Farage is doing well as the leader of Reform UK,Nigel Farage is not doing well as the leader of Reform UK,,,,,,,,,30.2,57.8,,,,,,,,,Survation_VI_2026-08-19_Tables.xlsx,Tables
UK Adults,18th August 2026,,,,,,class,C2DE,Table_FarageApp. Which of the following statements is closest to your view?,Leader favourability (Farage),farage,Nigel Farage is doing well as the leader of Reform UK,Nigel Farage is not doing well as the leader of Reform UK,,,,,,,,,37.1,42.5,,,,,,,,,Survation_VI_2026-08-19_Tables.xlsx,Tables
UK Adults,18th August 2026,,,,,,income,"£0 - £19,999",Table_FarageApp. Which of the following statements is closest to your view?,Leader favourability (Farage),farage,Nigel Farage is doing well as the leader of Reform UK,Nigel Farage is not doing well as the leader of Reform UK,,,,,,,,,34.6,40.5,,,,,,,,,Survation_VI_2026-08-19_Tables.xlsx,Tables
UK Adults,18th August 2026,,,,,,income,"£20,000 - £39,999",Table_FarageApp. Which of the following statements is closest to your view?,Leader favourability (Farage),farage,Nigel Farage is doing well as the leader of Reform UK,Nigel Farage is not doing well as the leader of Reform UK,,,,,,,,,34.0,49.8,,,,,,,,,Survation_VI_2026-08-19_Tables.xlsx,Tables
UK Adults,18th August 2026,,,,,,income,"£40,000+",Table_FarageApp. Which of the following statements is closest to your view?,Leader favourability (Farage),farage,Nigel Farage is doing well as the leader of Reform UK,Nigel Farage is not doing well as the leader of Reform UK,,,,,,,,,32.0,57.6,,,,,,,,,Survation_VI_2026-08-19_Tables.xlsx,Tables
UK Adults,18th August 2026,,,,,,historic_vote,LAB,Table_FarageApp. Which of the following statements is closest to your view?,Leader favourability (Farage),farage,Nigel Farage is doing well as the leader of Reform UK,Nigel Farage is not doing well as the leader of Reform UK,,,,,,,,,24.5,63.9,,,,,,,,,Survation_VI_2026-08-19_Tables.xlsx,Tables
UK Adults,18th August 2026,,,,,,historic_vote,CON,Table_FarageApp. Which of the following statements is closest to your view?,Leader favourability (Farage),farage,Nigel Farage is doing well as the leader of Reform UK,Nigel Farage is not doing well as the leader of Reform UK,,,,,,,,,42.9,45.0,,,,,,,,,Survation_VI_2026-08-19_Tables.xlsx,Tables
UK Adults,18th August 2026,,,,,,historic_vote,RFM,Table_FarageApp. Which of the following statements is closest to your view?,Leader favourability (Farage),farage,Nigel Farage is doing well as the leader of Reform UK,Nigel Farage is not doing well as the leader of Reform UK,,,,,,,,,79.2,16.7,,,,,,,,,Survation_VI_2026-08-19_Tables.xlsx,Tables
UK Adults,18th August 2026,,,,,,historic_vote,LD,Table_FarageApp. Which of the following statements is closest to your view?,Leader favourability (Farage),farage,Nigel Farage is doing well as the leader of Reform UK,Nigel Farage is not doing well as the leader of Reform UK,,,,,,,,,14.1,77.1,,,,,,,,,Survation_VI_2026-08-19_Tables.xlsx,Tables
UK Adults,18th August 2026,,,,,,historic_vote,GRN,Table_FarageApp. Which of the following statements is closest to your view?,Leader favourability (Farage),farage,Nigel Farage is doing well as the leader of Reform UK,Nigel Farage is not doing well as the leader of Reform UK,,,,,,,,,19.9,66.6,,,,,,,,,Survation_VI_2026-08-19_Tables.xlsx,Tables
UK Adults,18th August 2026,,,,,,historic_vote,OTH,Table_FarageApp. Which of the following statements is closest to your view?,Leader favourability (Farage),farage,Nigel Farage is doing well as the leader of Reform UK,Nigel Farage is not doing well as the leader of Reform UK,,,,,,,,,29.0,58.0,,,,,,,,,Survation_VI_2026-08-19_Tables.xlsx,Tables
UK Adults,18th August 2026,,,,,,historic_vote,Leave,Table_FarageApp. Which of the following statements is closest to your view?,Leader favourability (Farage),farage,Nigel Farage is doing well as the leader of Reform UK,Nigel Farage is not doing well as the leader of Reform UK,,,,,,,,,52.5,36.5,,,,,,,,,Survation_VI_2026-08-19_Tables.xlsx,Tables
UK Adults,18th August 2026,,,,,,historic_vote,Remain,Table_FarageApp. Which of the following statements is closest to your view?,Leader favourability (Farage),farage,Nigel Farage is doing well as the leader of Reform UK,Nigel Farage is not doing well as the leader of Reform UK,,,,,,,,,20.0,69.4,,,,,,,,,Survation_VI_2026-08-19_Tables.xlsx,Tables
UK Adults,18th August 2026,,,,,,current_vote,LAB,Table_FarageApp. Which of the following statements is closest to your view?,Leader favourability (Farage),farage,Nigel Farage is doing well as the leader of Reform UK,Nigel Farage is not doing well as the leader of Reform UK,,,,,,,,,19.2,67.4,,,,,,,,,Survation_VI_2026-08-19_Tables.xlsx,Tables
UK Adults,18th August 2026,,,,,,current_vote,CON,Table_FarageApp. Which of the following statements is closest to your view?,Leader favourability (Farage),farage,Nigel Farage is doing well as the leader of Reform UK,Nigel Farage is not doing well as the leader of Reform UK,,,,,,,,,27.0,56.9,,,,,,,,,Survation_VI_2026-08-19_Tables.xlsx,Tables
UK Adults,18th August 2026,,,,,,current_vote,RFM,Table_FarageApp. Which of the following statements is closest to your view?,Leader favourability (Farage),farage,Nigel Farage is doing well as the leader of Reform UK,Nigel Farage is not doing well as the leader of Reform UK,,,,,,,,,83.6,11.4,,,,,,,,,Survation_VI_2026-08-19_Tables.xlsx,Tables
UK Adults,18th August 2026,,,,,,current_vote,LD,Table_FarageApp. Which of the following statements is closest to your view?,Leader favourability (Farage),farage,Nigel Farage is doing well as the leader of Reform UK,Nigel Farage is not doing well as the leader of Reform UK,,,,,,,,,17.5,76.6,,,,,,,,,Survation_VI_2026-08-19_Tables.xlsx,Tables
UK Adults,18th August 2026,,,,,,current_vote,GRN,Table_FarageApp. Which of the following statements is closest to your view?,Leader favourability (Farage),farage,Nigel Farage is doing well as the leader of Reform UK,Nigel Farage is not doing well as the leader of Reform UK,,,,,,,,,9.5,80.9,,,,,,,,,Survation_VI_2026-08-19_Tables.xlsx,Tables
UK Adults,18th August 2026,,,,,,current_vote,OTH,Table_FarageApp. Which of the following statements is closest to your view?,Leader favourability (Farage),farage,Nigel Farage is doing well as the leader of Reform UK,Nigel Farage is not doing well as the leader of Reform UK,,,,,,,,,25.5,64.5,,,,,,,,,Survation_VI_2026-08-19_Tables.xlsx,Tables
UK Adults,18th August 2026,,,,,,gender,Female,Table_DaveyApp. Which of the following statements is closest to your view?,Leader favourability (Davey),davey,Ed Davey is doing well as the leader of the Liberal Democrats,Ed Davey is not doing well as the leader of the Liberal Democrats,,,,,,,,,30.4,26.2,,,,,,,,,Survation_VI_2026-08-19_Tables.xlsx,Tables
UK Adults,18th August 2026,,,,,,gender,Male,Table_DaveyApp. Which of the following statements is closest to your view?,Leader favourability (Davey),davey,Ed Davey is doing well as the leader of the Liberal Democrats,Ed Davey is not doing well as the leader of the Liberal Democrats,,,,,,,,,32.4,41.0,,,,,,,,,Survation_VI_2026-08-19_Tables.xlsx,Tables
UK Adults,18th August 2026,,,,,,age,18-24,Table_DaveyApp. Which of the following statements is closest to your view?,Leader favourability (Davey),davey,Ed Davey is doing well as the leader of the Liberal Democrats,Ed Davey is not doing well as the leader of the Liberal Democrats,,,,,,,,,21.5,33.4,,,,,,,,,Survation_VI_2026-08-19_Tables.xlsx,Tables
UK Adults,18th August 2026,,,,,,age,25-34,Table_DaveyApp. Which of the following statements is closest to your view?,Leader favourability (Davey),davey,Ed Davey is doing well as the leader of the Liberal Democrats,Ed Davey is not doing well as the leader of the Liberal Democrats,,,,,,,,,29.2,32.6,,,,,,,,,Survation_VI_2026-08-19_Tables.xlsx,Tables
UK Adults,18th August 2026,,,,,,age,35-44,Table_DaveyApp. Which of the following statements is closest to your view?,Leader favourability (Davey),davey,Ed Davey is doing well as the leader of the Liberal Democrats,Ed Davey is not doing well as the leader of the Liberal Democrats,,,,,,,,,29.0,32.4,,,,,,,,,Survation_VI_2026-08-19_Tables.xlsx,Tables
UK Adults,18th August 2026,,,,,,age,45-54,Table_DaveyApp. Which of the following statements is closest to your view?,Leader favourability (Davey),davey,Ed Davey is doing well as the leader of the Liberal Democrats,Ed Davey is not doing well as the leader of the Liberal Democrats,,,,,,,,,26.4,36.3,,,,,,,,,Survation_VI_2026-08-19_Tables.xlsx,Tables
UK Adults,18th August 2026,,,,,,age,55-64,Table_DaveyApp. Which of the following statements is closest to your view?,Leader favourability (Davey),davey,Ed Davey is doing well as the leader of the Liberal Democrats,Ed Davey is not doing well as the leader of the Liberal Democrats,,,,,,,,,32.2,31.5,,,,,,,,,Survation_VI_2026-08-19_Tables.xlsx,Tables
UK Adults,18th August 2026,,,,,,age,65+,Table_DaveyApp. Which of the following statements is closest to your view?,Leader favourability (Davey),davey,Ed Davey is doing well as the leader of the Liberal Democrats,Ed Davey is not doing well as the leader of the Liberal Democrats,,,,,,,,,41.9,33.6,,,,,,,,,Survation_VI_2026-08-19_Tables.xlsx,Tables
UK Adults,18th August 2026,,,,,,region,London,Table_DaveyApp. Which of the following statements is closest to your view?,Leader favourability (Davey),davey,Ed Davey is doing well as the leader of the Liberal Democrats,Ed Davey is not doing well as the leader of the Liberal Democrats,,,,,,,,,28.7,37.0,,,,,,,,,Survation_VI_2026-08-19_Tables.xlsx,Tables
UK Adults,18th August 2026,,,,,,region,South,Table_DaveyApp. Which of the following statements is closest to your view?,Leader favourability (Davey),davey,Ed Davey is doing well as the leader of the Liberal Democrats,Ed Davey is not doing well as the leader of the Liberal Democrats,,,,,,,,,36.3,34.9,,,,,,,,,Survation_VI_2026-08-19_Tables.xlsx,Tables
UK Adults,18th August 2026,,,,,,region,Midlands,Table_DaveyApp. Which of the following statements is closest to your view?,Leader favourability (Davey),davey,Ed Davey is doing well as the leader of the Liberal Democrats,Ed Davey is not doing well as the leader of the Liberal Democrats,,,,,,,,,30.7,32.7,,,,,,,,,Survation_VI_2026-08-19_Tables.xlsx,Tables
UK Adults,18th August 2026,,,,,,region,North,Table_DaveyApp. Which of the following statements is closest to your view?,Leader favourability (Davey),davey,Ed Davey is doing well as the leader of the Liberal Democrats,Ed Davey is not doing well as the leader of the Liberal Democrats,,,,,,,,,27.8,33.5,,,,,,,,,Survation_VI_2026-08-19_Tables.xlsx,Tables
UK Adults,18th August 2026,,,,,,region,England,Table_DaveyApp. Which of the following statements is closest to your view?,Leader favourability (Davey),davey,Ed Davey is doing well as the leader of the Liberal Democrats,Ed Davey is not doing well as the leader of the Liberal Democrats,,,,,,,,,31.7,34.4,,,,,,,,,Survation_VI_2026-08-19_Tables.xlsx,Tables
UK Adults,18th August 2026,,,,,,region,Scotland,Table_DaveyApp. Which of the following statements is closest to your view?,Leader favourability (Davey),davey,Ed Davey is doing well as the leader of the Liberal Democrats,Ed Davey is not doing well as the leader of the Liberal Democrats,,,,,,,,,29.3,23.0,,,,,,,,,Survation_VI_2026-08-19_Tables.xlsx,Tables
UK Adults,18th August 2026,,,,,,region,Wales,Table_DaveyApp. Which of the following statements is closest to your view?,Leader favourability (Davey),davey,Ed Davey is doing well as the leader of the Liberal Democrats,Ed Davey is not doing well as the leader of the Liberal Democrats,,,,,,,,,30.4,33.3,,,,,,,,,Survation_VI_2026-08-19_Tables.xlsx,Tables
UK Adults,18th August 2026,,,,,,region,Northern Ireland,Table_DaveyApp. Which of the following statements is closest to your view?,Leader favourability (Davey),davey,Ed Davey is doing well as the leader of the Liberal Democrats,Ed Davey is not doing well as the leader of the Liberal Democrats,,,,,,,,,28.0,31.2,,,,,,,,,Survation_VI_2026-08-19_Tables.xlsx,Tables
UK Adults,18th August 2026,,,,,,class,ABC1,Table_DaveyApp. Which of the following statements is closest to your view?,Leader favourability (Davey),davey,Ed Davey is doing well as the leader of the Liberal Democrats,Ed Davey is not doing well as the leader of the Liberal Democrats,,,,,,,,,34.9,34.3,,,,,,,,,Survation_VI_2026-08-19_Tables.xlsx,Tables
UK Adults,18th August 2026,,,,,,class,C2DE,Table_DaveyApp. Which of the following statements is closest to your view?,Leader favourability (Davey),davey,Ed Davey is doing well as the leader of the Liberal Democrats,Ed Davey is not doing well as the leader of the Liberal Democrats,,,,,,,,,27.0,32.2,,,,,,,,,Survation_VI_2026-08-19_Tables.xlsx,Tables
UK Adults,18th August 2026,,,,,,income,"£0 - £19,999",Table_DaveyApp. Which of the following statements is closest to your view?,Leader favourability (Davey),davey,Ed Davey is doing well as the leader of the Liberal Democrats,Ed Davey is not doing well as the leader of the Liberal Democrats,,,,,,,,,23.9,32.5,,,,,,,,,Survation_VI_2026-08-19_Tables.xlsx,Tables
UK Adults,18th August 2026,,,,,,income,"£20,000 - £39,999",Table_DaveyApp. Which of the following statements is closest to your view?,Leader favourability (Davey),davey,Ed Davey is doing well as the leader of the Liberal Democrats,Ed Davey is not doing well as the leader of the Liberal Democrats,,,,,,,,,30.1,34.7,,,,,,,,,Survation_VI_2026-08-19_Tables.xlsx,Tables
UK Adults,18th August 2026,,,,,,income,"£40,000+",Table_DaveyApp. Which of the following statements is closest to your view?,Leader favourability (Davey),davey,Ed Davey is doing well as the leader of the Liberal Democrats,Ed Davey is not doing well as the leader of the Liberal Democrats,,,,,,,,,36.8,32.3,,,,,,,,,Survation_VI_2026-08-19_Tables.xlsx,Tables
UK Adults,18th August 2026,,,,,,historic_vote,LAB,Table_DaveyApp. Which of the following statements is closest to your view?,Leader favourability (Davey),davey,Ed Davey is doing well as the leader of the Liberal Democrats,Ed Davey is not doing well as the leader of the Liberal Democrats,,,,,,,,,42.4,28.1,,,,,,,,,Survation_VI_2026-08-19_Tables.xlsx,Tables
UK Adults,18th August 2026,,,,,,historic_vote,CON,Table_DaveyApp. Which of the following statements is closest to your view?,Leader favourability (Davey),davey,Ed Davey is doing well as the leader of the Liberal Democrats,Ed Davey is not doing well as the leader of the Liberal Democrats,,,,,,,,,27.0,43.0,,,,,,,,,Survation_VI_2026-08-19_Tables.xlsx,Tables
UK Adults,18th August 2026,,,,,,historic_vote,RFM,Table_DaveyApp. Which of the following statements is closest to your view?,Leader favourability (Davey),davey,Ed Davey is doing well as the leader of the Liberal Democrats,Ed Davey is not doing well as the leader of the Liberal Democrats,,,,,,,,,21.0,53.0,,,,,,,,,Survation_VI_2026-08-19_Tables.xlsx,Tables
UK Adults,18th August 2026,,,,,,historic_vote,LD,Table_DaveyApp. Which of the following statements is closest to your view?,Leader favourability (Davey),davey,Ed Davey is doing well as the leader of the Liberal Democrats,Ed Davey is not doing well as the leader of the Liberal Democrats,,,,,,,,,70.2,17.1,,,,,,,,,Survation_VI_2026-08-19_Tables.xlsx,Tables
UK Adults,18th August 2026,,,,,,historic_vote,GRN,Table_DaveyApp. Which of the following statements is closest to your view?,Leader favourability (Davey),davey,Ed Davey is doing well as the leader of the Liberal Democrats,Ed Davey is not doing well as the leader of the Liberal Democrats,,,,,,,,,29.5,35.3,,,,,,,,,Survation_VI_2026-08-19_Tables.xlsx,Tables
UK Adults,18th August 2026,,,,,,historic_vote,OTH,Table_DaveyApp. Which of the following statements is closest to your view?,Leader favourability (Davey),davey,Ed Davey is doing well as the leader of the Liberal Democrats,Ed Davey is not doing well as the leader of the Liberal Democrats,,,,,,,,,28.2,38.3,,,,,,,,,Survation_VI_2026-08-19_Tables.xlsx,Tables
UK Adults,18th August 2026,,,,,,historic_vote,Leave,Table_DaveyApp. Which of the following statements is closest to your view?,Leader favourability (Davey),davey,Ed Davey is doing well as the leader of the Liberal Democrats,Ed Davey is not doing well as the leader of the Liberal Democrats,,,,,,,,,27.6,42.5,,,,,,,,,Survation_VI_2026-08-19_Tables.xlsx,Tables
UK Adults,18th August 2026,,,,,,historic_vote,Remain,Table_DaveyApp. Which of the following statements is closest to your view?,Leader favourability (Davey),davey,Ed Davey is doing well as the leader of the Liberal Democrats,Ed Davey is not doing well as the leader of the Liberal Democrats,,,,,,,,,44.5,29.0,,,,,,,,,Survation_VI_2026-08-19_Tables.xlsx,Tables
UK Adults,18th August 2026,,,,,,current_vote,LAB,Table_DaveyApp. Which of the following statements is closest to your view?,Leader favourability (Davey),davey,Ed Davey is doing well as the leader of the Liberal Democrats,Ed Davey is not doing well as the leader of the Liberal Democrats,,,,,,,,,44.7,28.5,,,,,,,,,Survation_VI_2026-08-19_Tables.xlsx,Tables
UK Adults,18th August 2026,,,,,,current_vote,CON,Table_DaveyApp. Which of the following statements is closest to your view?,Leader favourability (Davey),davey,Ed Davey is doing well as the leader of the Liberal Democrats,Ed Davey is not doing well as the leader of the Liberal Democrats,,,,,,,,,28.7,42.1,,,,,,,,,Survation_VI_2026-08-19_Tables.xlsx,Tables
UK Adults,18th August 2026,,,,,,current_vote,RFM,Table_DaveyApp. Which of the following statements is closest to your view?,Leader favourability (Davey),davey,Ed Davey is doing well as the leader of the Liberal Democrats,Ed Davey is not doing well as the leader of the Liberal Democrats,,,,,,,,,17.7,51.1,,,,,,,,,Survation_VI_2026-08-19_Tables.xlsx,Tables
UK Adults,18th August 2026,,,,,,current_vote,LD,Table_DaveyApp. Which of the following statements is closest to your view?,Leader favourability (Davey),davey,Ed Davey is doing well as the leader of the Liberal Democrats,Ed Davey is not doing well as the leader of the Liberal Democrats,,,,,,,,,77.6,13.5,,,,,,,,,Survation_VI_2026-08-19_Tables.xlsx,Tables
UK Adults,18th August 2026,,,,,,current_vote,GRN,Table_DaveyApp. Which of the following statements is closest to your view?,Leader favourability (Davey),davey,Ed Davey is doing well as the leader of the Liberal Democrats,Ed Davey is not doing well as the leader of the Liberal Democrats,,,,,,,,,30.2,31.0,,,,,,,,,Survation_VI_2026-08-19_Tables.xlsx,Tables
UK Adults,18th August 2026,,,,,,current_vote,OTH,Table_DaveyApp. Which of the following statements is closest to your view?,Leader favourability (Davey),davey,Ed Davey is doing well as the leader of the Liberal Democrats,Ed Davey is not doing well as the leader of the Liberal Democrats,,,,,,,,,25.2,31.9,,,,,,,,,Survation_VI_2026-08-19_Tables.xlsx,Tables
UK Adults,18th August 2026,,,,,,gender,Female,Table_PolanskiApp. Which of the following statements is closest to your view?,Leader favourability (Polanski),polanski,Zack Polanski is doing well as the leader of the Green Party,Zack Polanski is not doing well as the leader of the Green Party,,,,,,,,,26.5,36.1,,,,,,,,,Survation_VI_2026-08-19_Tables.xlsx,Tables
UK Adults,18th August 2026,,,,,,gender,Male,Table_PolanskiApp. Which of the following statements is closest to your view?,Leader favourability (Polanski),polanski,Zack Polanski is doing well as the leader of the Green Party,Zack Polanski is not doing well as the leader of the Green Party,,,,,,,,,24.5,55.3,,,,,,,,,Survation_VI_2026-08-19_Tables.xlsx,Tables
UK Adults,18th August 2026,,,,,,age,18-24,Table_PolanskiApp. Which of the following statements is closest to your view?,Leader favourability (Polanski),polanski,Zack Polanski is doing well as the leader of the Green Party,Zack Polanski is not doing well as the leader of the Green Party,,,,,,,,,37.7,30.7,,,,,,,,,Survation_VI_2026-08-19_Tables.xlsx,Tables
UK Adults,18th August 2026,,,,,,age,25-34,Table_PolanskiApp. Which of the following statements is closest to your view?,Leader favourability (Polanski),polanski,Zack Polanski is doing well as the leader of the Green Party,Zack Polanski is not doing well as the leader of the Green Party,,,,,,,,,41.2,30.0,,,,,,,,,Survation_VI_2026-08-19_Tables.xlsx,Tables
UK Adults,18th August 2026,,,,,,age,35-44,Table_PolanskiApp. Which of the following statements is closest to your view?,Leader favourability (Polanski),polanski,Zack Polanski is doing well as the leader of the Green Party,Zack Polanski is not doing well as the leader of the Green Party,,,,,,,,,29.7,39.4,,,,,,,,,Survation_VI_2026-08-19_Tables.xlsx,Tables
UK Adults,18th August 2026,,,,,,age,45-54,Table_PolanskiApp. Which of the following statements is closest to your view?,Leader favourability (Polanski),polanski,Zack Polanski is doing well as the leader of the Green Party,Zack Polanski is not doing well as the leader of the Green Party,,,,,,,,,22.9,48.8,,,,,,,,,Survation_VI_2026-08-19_Tables.xlsx,Tables
UK Adults,18th August 2026,,,,,,age,55-64,Table_PolanskiApp. Which of the following statements is closest to your view?,Leader favourability (Polanski),polanski,Zack Polanski is doing well as the leader of the Green Party,Zack Polanski is not doing well as the leader of the Green Party,,,,,,,,,19.6,49.4,,,,,,,,,Survation_VI_2026-08-19_Tables.xlsx,Tables
UK Adults,18th August 2026,,,,,,age,65+,Table_PolanskiApp. Which of the following statements is closest to your view?,Leader favourability (Polanski),polanski,Zack Polanski is doing well as the leader of the Green Party,Zack Polanski is not doing well as the leader of the Green Party,,,,,,,,,11.8,62.0,,,,,,,,,Survation_VI_2026-08-19_Tables.xlsx,Tables
UK Adults,18th August 2026,,,,,,region,London,Table_PolanskiApp. Which of the following statements is closest to your view?,Leader favourability (Polanski),polanski,Zack Polanski is doing well as the leader of the Green Party,Zack Polanski is not doing well as the leader of the Green Party,,,,,,,,,34.6,36.9,,,,,,,,,Survation_VI_2026-08-19_Tables.xlsx,Tables
UK Adults,18th August 2026,,,,,,region,South,Table_PolanskiApp. Which of the following statements is closest to your view?,Leader favourability (Polanski),polanski,Zack Polanski is doing well as the leader of the Green Party,Zack Polanski is not doing well as the leader of the Green Party,,,,,,,,,21.2,54.2,,,,,,,,,Survation_VI_2026-08-19_Tables.xlsx,Tables
UK Adults,18th August 2026,,,,,,region,Midlands,Table_PolanskiApp. Which of the following statements is closest to your view?,Leader favourability (Polanski),polanski,Zack Polanski is doing well as the leader of the Green Party,Zack Polanski is not doing well as the leader of the Green Party,,,,,,,,,24.2,46.8,,,,,,,,,Survation_VI_2026-08-19_Tables.xlsx,Tables
UK Adults,18th August 2026,,,,,,region,North,Table_PolanskiApp. Which of the following statements is closest to your view?,Leader favourability (Polanski),polanski,Zack Polanski is doing well as the leader of the Green Party,Zack Polanski is not doing well as the leader of the Green Party,,,,,,,,,27.4,40.5,,,,,,,,,Survation_VI_2026-08-19_Tables.xlsx,Tables
UK Adults,18th August 2026,,,,,,region,England,Table_PolanskiApp. Which of the following statements is closest to your view?,Leader favourability (Polanski),polanski,Zack Polanski is doing well as the leader of the Green Party,Zack Polanski is not doing well as the leader of the Green Party,,,,,,,,,25.6,46.3,,,,,,,,,Survation_VI_2026-08-19_Tables.xlsx,Tables
UK Adults,18th August 2026,,,,,,region,Scotland,Table_PolanskiApp. Which of the following statements is closest to your view?,Leader favourability (Polanski),polanski,Zack Polanski is doing well as the leader of the Green Party,Zack Polanski is not doing well as the leader of the Green Party,,,,,,,,,25.3,40.3,,,,,,,,,Survation_VI_2026-08-19_Tables.xlsx,Tables
UK Adults,18th August 2026,,,,,,region,Wales,Table_PolanskiApp. Which of the following statements is closest to your view?,Leader favourability (Polanski),polanski,Zack Polanski is doing well as the leader of the Green Party,Zack Polanski is not doing well as the leader of the Green Party,,,,,,,,,30.0,32.0,,,,,,,,,Survation_VI_2026-08-19_Tables.xlsx,Tables
UK Adults,18th August 2026,,,,,,region,Northern Ireland,Table_PolanskiApp. Which of the following statements is closest to your view?,Leader favourability (Polanski),polanski,Zack Polanski is doing well as the leader of the Green Party,Zack Polanski is not doing well as the leader of the Green Party,,,,,,,,,17.8,54.7,,,,,,,,,Survation_VI_2026-08-19_Tables.xlsx,Tables
UK Adults,18th August 2026,,,,,,class,ABC1,Table_PolanskiApp. Which of the following statements is closest to your view?,Leader favourability (Polanski),polanski,Zack Polanski is doing well as the leader of the Green Party,Zack Polanski is not doing well as the leader of the Green Party,,,,,,,,,30.9,45.6,,,,,,,,,Survation_VI_2026-08-19_Tables.xlsx,Tables
UK Adults,18th August 2026,,,,,,class,C2DE,Table_PolanskiApp. Which of the following statements is closest to your view?,Leader favourability (Polanski),polanski,Zack Polanski is doing well as the leader of the Green Party,Zack Polanski is not doing well as the leader of the Green Party,,,,,,,,,19.0,45.1,,,,,,,,,Survation_VI_2026-08-19_Tables.xlsx,Tables
UK Adults,18th August 2026,,,,,,income,"£0 - £19,999",Table_PolanskiApp. Which of the following statements is closest to your view?,Leader favourability (Polanski),polanski,Zack Polanski is doing well as the leader of the Green Party,Zack Polanski is not doing well as the leader of the Green Party,,,,,,,,,23.2,36.8,,,,,,,,,Survation_VI_2026-08-19_Tables.xlsx,Tables
UK Adults,18th August 2026,,,,,,income,"£20,000 - £39,999",Table_PolanskiApp. Which of the following statements is closest to your view?,Leader favourability (Polanski),polanski,Zack Polanski is doing well as the leader of the Green Party,Zack Polanski is not doing well as the leader of the Green Party,,,,,,,,,24.9,47.7,,,,,,,,,Survation_VI_2026-08-19_Tables.xlsx,Tables
UK Adults,18th August 2026,,,,,,income,"£40,000+",Table_PolanskiApp. Which of the following statements is closest to your view?,Leader favourability (Polanski),polanski,Zack Polanski is doing well as the leader of the Green Party,Zack Polanski is not doing well as the leader of the Green Party,,,,,,,,,27.5,47.6,,,,,,,,,Survation_VI_2026-08-19_Tables.xlsx,Tables
UK Adults,18th August 2026,,,,,,historic_vote,LAB,Table_PolanskiApp. Which of the following statements is closest to your view?,Leader favourability (Polanski),polanski,Zack Polanski is doing well as the leader of the Green Party,Zack Polanski is not doing well as the leader of the Green Party,,,,,,,,,39.7,37.2,,,,,,,,,Survation_VI_2026-08-19_Tables.xlsx,Tables
UK Adults,18th August 2026,,,,,,historic_vote,CON,Table_PolanskiApp. Which of the following statements is closest to your view?,Leader favourability (Polanski),polanski,Zack Polanski is doing well as the leader of the Green Party,Zack Polanski is not doing well as the leader of the Green Party,,,,,,,,,11.3,64.9,,,,,,,,,Survation_VI_2026-08-19_Tables.xlsx,Tables
UK Adults,18th August 2026,,,,,,historic_vote,RFM,Table_PolanskiApp. Which of the following statements is closest to your view?,Leader favourability (Polanski),polanski,Zack Polanski is doing well as the leader of the Green Party,Zack Polanski is not doing well as the leader of the Green Party,,,,,,,,,12.9,71.9,,,,,,,,,Survation_VI_2026-08-19_Tables.xlsx,Tables
UK Adults,18th August 2026,,,,,,historic_vote,LD,Table_PolanskiApp. Which of the following statements is closest to your view?,Leader favourability (Polanski),polanski,Zack Polanski is doing well as the leader of the Green Party,Zack Polanski is not doing well as the leader of the Green Party,,,,,,,,,24.4,52.2,,,,,,,,,Survation_VI_2026-08-19_Tables.xlsx,Tables
UK Adults,18th August 2026,,,,,,historic_vote,GRN,Table_PolanskiApp. Which of the following statements is closest to your view?,Leader favourability (Polanski),polanski,Zack Polanski is doing well as the leader of the Green Party,Zack Polanski is not doing well as the leader of the Green Party,,,,,,,,,74.3,11.6,,,,,,,,,Survation_VI_2026-08-19_Tables.xlsx,Tables
UK Adults,18th August 2026,,,,,,historic_vote,OTH,Table_PolanskiApp. Which of the following statements is closest to your view?,Leader favourability (Polanski),polanski,Zack Polanski is doing well as the leader of the Green Party,Zack Polanski is not doing well as the leader of the Green Party,,,,,,,,,18.7,57.3,,,,,,,,,Survation_VI_2026-08-19_Tables.xlsx,Tables
UK Adults,18th August 2026,,,,,,historic_vote,Leave,Table_PolanskiApp. Which of the following statements is closest to your view?,Leader favourability (Polanski),polanski,Zack Polanski is doing well as the leader of the Green Party,Zack Polanski is not doing well as the leader of the Green Party,,,,,,,,,16.1,57.7,,,,,,,,,Survation_VI_2026-08-19_Tables.xlsx,Tables
UK Adults,18th August 2026,,,,,,historic_vote,Remain,Table_PolanskiApp. Which of the following statements is closest to your view?,Leader favourability (Polanski),polanski,Zack Polanski is doing well as the leader of the Green Party,Zack Polanski is not doing well as the leader of the Green Party,,,,,,,,,32.8,45.6,,,,,,,,,Survation_VI_2026-08-19_Tables.xlsx,Tables
UK Adults,18th August 2026,,,,,,current_vote,LAB,Table_PolanskiApp. Which of the following statements is closest to your view?,Leader favourability (Polanski),polanski,Zack Polanski is doing well as the leader of the Green Party,Zack Polanski is not doing well as the leader of the Green Party,,,,,,,,,40.5,36.3,,,,,,,,,Survation_VI_2026-08-19_Tables.xlsx,Tables
UK Adults,18th August 2026,,,,,,current_vote,CON,Table_PolanskiApp. Which of the following statements is closest to your view?,Leader favourability (Polanski),polanski,Zack Polanski is doing well as the leader of the Green Party,Zack Polanski is not doing well as the leader of the Green Party,,,,,,,,,14.4,61.6,,,,,,,,,Survation_VI_2026-08-19_Tables.xlsx,Tables
UK Adults,18th August 2026,,,,,,current_vote,RFM,Table_PolanskiApp. Which of the following statements is closest to your view?,Leader favourability (Polanski),polanski,Zack Polanski is doing well as the leader of the Green Party,Zack Polanski is not doing well as the leader of the Green Party,,,,,,,,,9.5,66.5,,,,,,,,,Survation_VI_2026-08-19_Tables.xlsx,Tables
UK Adults,18th August 2026,,,,,,current_vote,LD,Table_PolanskiApp. Which of the following statements is closest to your view?,Leader favourability (Polanski),polanski,Zack Polanski is doing well as the leader of the Green Party,Zack Polanski is not doing well as the leader of the Green Party,,,,,,,,,26.9,47.2,,,,,,,,,Survation_VI_2026-08-19_Tables.xlsx,Tables
UK Adults,18th August 2026,,,,,,current_vote,GRN,Table_PolanskiApp. Which of the following statements is closest to your view?,Leader favourability (Polanski),polanski,Zack Polanski is doing well as the leader of the Green Party,Zack Polanski is not doing well as the leader of the Green Party,,,,,,,,,81.0,8.6,,,,,,,,,Survation_VI_2026-08-19_Tables.xlsx,Tables
UK Adults,18th August 2026,,,,,,current_vote,OTH,Table_PolanskiApp. Which of the following statements is closest to your view?,Leader favourability (Polanski),polanski,Zack Polanski is doing well as the leader of the Green Party,Zack Polanski is not doing well as the leader of the Green Party,,,,,,,,,26.5,46.9,,,,,,,,,Survation_VI_2026-08-19_Tables.xlsx,Tables
UK Adults,18th August 2026,,,,,,gender,Female,"Table_Q4_1. Education:On a scale of 1 to 5 where 1 is not confident at all and 5 is very confident, how confident are you in the ability of the UK government to address the following areas?",Confidence by policy area,on a scale.*confident,1 - Not confident at all,2,3,4,5 - Very confident,,,,,,15.8,15.0,33.0,20.2,10.9,,,,,,Survation_VI_2026-08-19_Tables.xlsx,Tables
UK Adults,18th August 2026,,,,,,gender,Male,"Table_Q4_1. Education:On a scale of 1 to 5 where 1 is not confident at all and 5 is very confident, how confident are you in the ability of the UK government to address the following areas?",Confidence by policy area,on a scale.*confident,1 - Not confident at all,2,3,4,5 - Very confident,,,,,,15.5,17.3,33.2,20.2,10.5,,,,,,Survation_VI_2026-08-19_Tables.xlsx,Tables
UK Adults,18th August 2026,,,,,,age,18-24,"Table_Q4_1. Education:On a scale of 1 to 5 where 1 is not confident at all and 5 is very confident, how confident are you in the ability of the UK government to address the following areas?",Confidence by policy area,on a scale.*confident,1 - Not confident at all,2,3,4,5 - Very confident,,,,,,11.0,17.6,30.8,21.9,14.9,,,,,,Survation_VI_2026-08-19_Tables.xlsx,Tables
UK Adults,18th August 2026,,,,,,age,25-34,"Table_Q4_1. Education:On a scale of 1 to 5 where 1 is not confident at all and 5 is very confident, how confident are you in the ability of the UK government to address the following areas?",Confidence by policy area,on a scale.*confident,1 - Not confident at all,2,3,4,5 - Very confident,,,,,,16.2,12.3,27.1,20.2,20.7,,,,,,Survation_VI_2026-08-19_Tables.xlsx,Tables
UK Adults,18th August 2026,,,,,,age,35-44,"Table_Q4_1. Education:On a scale of 1 to 5 where 1 is not confident at all and 5 is very confident, how confident are you in the ability of the UK government to address the following areas?",Confidence by policy area,on a scale.*confident,1 - Not confident at all,2,3,4,5 - Very confident,,,,,,16.1,12.2,32.4,22.6,12.7,,,,,,Survation_VI_2026-08-19_Tables.xlsx,Tables
UK Adults,18th August 2026,,,,,,age,45-54,"Table_Q4_1. Education:On a scale of 1 to 5 where 1 is not confident at all and 5 is very confident, how confident are you in the ability of the UK government to address the following areas?",Confidence by policy area,on a scale.*confident,1 - Not confident at all,2,3,4,5 - Very confident,,,,,,17.7,19.1,38.7,15.2,5.4,,,,,,Survation_VI_2026-08-19_Tables.xlsx,Tables
UK Adults,18th August 2026,,,,,,age,55-64,"Table_Q4_1. Education:On a scale of 1 to 5 where 1 is not confident at all and 5 is very confident, how confident are you in the ability of the UK government to address the following areas?",Confidence by policy area,on a scale.*confident,1 - Not confident at all,2,3,4,5 - Very confident,,,,,,14.5,21.0,35.0,21.0,4.7,,,,,,Survation_VI_2026-08-19_Tables.xlsx,Tables
UK Adults,18th August 2026,,,,,,age,65+,"Table_Q4_1. Education:On a scale of 1 to 5 where 1 is not confident at all and 5 is very confident, how confident are you in the ability of the UK government to address the following areas?",Confidence by policy area,on a scale.*confident,1 - Not confident at all,2,3,4,5 - Very confident,,,,,,16.4,15.4,33.7,20.8,8.3,,,,,,Survation_VI_2026-08-19_Tables.xlsx,Tables
UK Adults,18th August 2026,,,,,,region,London,"Table_Q4_1. Education:On a scale of 1 to 5 where 1 is not confident at all and 5 is very confident, how confident are you in the ability of the UK government to address the following areas?",Confidence by policy area,on a scale.*confident,1 - Not confident at all,2,3,4,5 - Very confident,,,,,,13.9,14.2,24.3,22.7,17.7,,,,,,Survation_VI_2026-08-19_Tables.xlsx,Tables
UK Adults,18th August 2026,,,,,,region,South,"Table_Q4_1. Education:On a scale of 1 to 5 where 1 is not confident at all and 5 is very confident, how confident are you in the ability of the UK government to address the following areas?",Confidence by policy area,on a scale.*confident,1 - Not confident at all,2,3,4,5 - Very confident,,,,,,17.4,14.4,36.6,19.9,8.6,,,,,,Survation_VI_2026-08-19_Tables.xlsx,Tables
UK Adults,18th August 2026,,,,,,region,Midlands,"Table_Q4_1. Education:On a scale of 1 to 5 where 1 is not confident at all and 5 is very confident, how confident are you in the ability of the UK government to address the following areas?",Confidence by policy area,on a scale.*confident,1 - Not confident at all,2,3,4,5 - Very confident,,,,,,14.9,19.0,33.9,18.7,9.3,,,,,,Survation_VI_2026-08-19_Tables.xlsx,Tables
UK Adults,18th August 2026,,,,,,region,North,"Table_Q4_1. Education:On a scale of 1 to 5 where 1 is not confident at all and 5 is very confident, how confident are you in the ability of the UK government to address the following areas?",Confidence by policy area,on a scale.*confident,1 - Not confident at all,2,3,4,5 - Very confident,,,,,,15.4,16.1,29.3,22.9,11.5,,,,,,Survation_VI_2026-08-19_Tables.xlsx,Tables
UK Adults,18th August 2026,,,,,,region,England,"Table_Q4_1. Education:On a scale of 1 to 5 where 1 is not confident at all and 5 is very confident, how confident are you in the ability of the UK government to address the following areas?",Confidence by policy area,on a scale.*confident,1 - Not confident at all,2,3,4,5 - Very confident,,,,,,15.8,15.7,32.2,20.9,10.9,,,,,,Survation_VI_2026-08-19_Tables.xlsx,Tables
UK Adults,18th August 2026,,,,,,region,Scotland,"Table_Q4_1. Education:On a scale of 1 to 5 where 1 is not confident at all and 5 is very confident, how confident are you in the ability of the UK government to address the following areas?",Confidence by policy area,on a scale.*confident,1 - Not confident at all,2,3,4,5 - Very confident,,,,,,13.3,18.9,38.8,17.3,9.4,,,,,,Survation_VI_2026-08-19_Tables.xlsx,Tables
UK Adults,18th August 2026,,,,,,region,Wales,"Table_Q4_1. Education:On a scale of 1 to 5 where 1 is not confident at all and 5 is very confident, how confident are you in the ability of the UK government to address the following areas?",Confidence by policy area,on a scale.*confident,1 - Not confident at all,2,3,4,5 - Very confident,,,,,,14.9,17.9,30.7,19.6,14.4,,,,,,Survation_VI_2026-08-19_Tables.xlsx,Tables
UK Adults,18th August 2026,,,,,,region,Northern Ireland,"Table_Q4_1. Education:On a scale of 1 to 5 where 1 is not confident at all and 5 is very confident, how confident are you in the ability of the UK government to address the following areas?",Confidence by policy area,on a scale.*confident,1 - Not confident at all,2,3,4,5 - Very confident,,,,,,19.8,17.9,47.9,7.6,2.6,,,,,,Survation_VI_2026-08-19_Tables.xlsx,Tables
UK Adults,18th August 2026,,,,,,class,ABC1,"Table_Q4_1. Education:On a scale of 1 to 5 where 1 is not confident at all and 5 is very confident, how confident are you in the ability of the UK government to address the following areas?",Confidence by policy area,on a scale.*confident,1 - Not confident at all,2,3,4,5 - Very confident,,,,,,14.4,16.9,31.9,21.2,12.9,,,,,,Survation_VI_2026-08-19_Tables.xlsx,Tables
UK Adults,18th August 2026,,,,,,class,C2DE,"Table_Q4_1. Education:On a scale of 1 to 5 where 1 is not confident at all and 5 is very confident, how confident are you in the ability of the UK government to address the following areas?",Confidence by policy area,on a scale.*confident,1 - Not confident at all,2,3,4,5 - Very confident,,,,,,17.2,15.2,34.6,19.0,8.1,,,,,,Survation_VI_2026-08-19_Tables.xlsx,Tables
UK Adults,18th August 2026,,,,,,income,"£0 - £19,999","Table_Q4_1. Education:On a scale of 1 to 5 where 1 is not confident at all and 5 is very confident, how confident are you in the ability of the UK government to address the following areas?",Confidence by policy area,on a scale.*confident,1 - Not confident at all,2,3,4,5 - Very confident,,,,,,18.2,14.3,31.3,16.5,11.8,,,,,,Survation_VI_2026-08-19_Tables.xlsx,Tables
UK Adults,18th August 2026,,,,,,income,"£20,000 - £39,999","Table_Q4_1. Education:On a scale of 1 to 5 where 1 is not confident at all and 5 is very confident, how confident are you in the ability of the UK government to address the following areas?",Confidence by policy area,on a scale.*confident,1 - Not confident at all,2,3,4,5 - Very confident,,,,,,16.5,16.9,35.4,19.3,7.6,,,,,,Survation_VI_2026-08-19_Tables.xlsx,Tables
UK Adults,18th August 2026,,,,,,income,"£40,000+","Table_Q4_1. Education:On a scale of 1 to 5 where 1 is not confident at all and 5 is very confident, how confident are you in the ability of the UK government to address the following areas?",Confidence by policy area,on a scale.*confident,1 - Not confident at all,2,3,4,5 - Very confident,,,,,,13.3,16.3,31.7,23.2,13.6,,,,,,Survation_VI_2026-08-19_Tables.xlsx,Tables
UK Adults,18th August 2026,,,,,,historic_vote,LAB,"Table_Q4_1. Education:On a scale of 1 to 5 where 1 is not confident at all and 5 is very confident, how confident are you in the ability of the UK government to address the following areas?",Confidence by policy area,on a scale.*confident,1 - Not confident at all,2,3,4,5 - Very confident,,,,,,8.9,9.6,31.2,29.1,19.1,,,,,,Survation_VI_2026-08-19_Tables.xlsx,Tables
UK Adults,18th August 2026,,,,,,historic_vote,CON,"Table_Q4_1. Education:On a scale of 1 to 5 where 1 is not confident at all and 5 is very confident, how confident are you in the ability of the UK government to address the following areas?",Confidence by policy area,on a scale.*confident,1 - Not confident at all,2,3,4,5 - Very confident,,,,,,13.7,22.2,38.0,15.9,7.0,,,,,,Survation_VI_2026-08-19_Tables.xlsx,Tables
UK Adults,18th August 2026,,,,,,historic_vote,RFM,"Table_Q4_1. Education:On a scale of 1 to 5 where 1 is not confident at all and 5 is very confident, how confident are you in the ability of the UK government to address the following areas?",Confidence by policy area,on a scale.*confident,1 - Not confident at all,2,3,4,5 - Very confident,,,,,,29.8,20.8,31.9,7.9,7.9,,,,,,Survation_VI_2026-08-19_Tables.xlsx,Tables
UK Adults,18th August 2026,,,,,,historic_vote,LD,"Table_Q4_1. Education:On a scale of 1 to 5 where 1 is not confident at all and 5 is very confident, how confident are you in the ability of the UK government to address the following areas?",Confidence by policy area,on a scale.*confident,1 - Not confident at all,2,3,4,5 - Very confident,,,,,,6.0,15.5,33.8,26.0,12.1,,,,,,Survation_VI_2026-08-19_Tables.xlsx,Tables
UK Adults,18th August 2026,,,,,,historic_vote,GRN,"Table_Q4_1. Education:On a scale of 1 to 5 where 1 is not confident at all and 5 is very confident, how confident are you in the ability of the UK government to address the following areas?",Confidence by policy area,on a scale.*confident,1 - Not confident at all,2,3,4,5 - Very confident,,,,,,14.5,19.3,26.9,24.9,10.9,,,,,,Survation_VI_2026-08-19_Tables.xlsx,Tables
UK Adults,18th August 2026,,,,,,historic_vote,OTH,"Table_Q4_1. Education:On a scale of 1 to 5 where 1 is not confident at all and 5 is very confident, how confident are you in the ability of the UK government to address the following areas?",Confidence by policy area,on a scale.*confident,1 - Not confident at all,2,3,4,5 - Very confident,,,,,,23.1,12.6,42.4,11.8,6.6,,,,,,Survation_VI_2026-08-19_Tables.xlsx,Tables
UK Adults,18th August 2026,,,,,,historic_vote,Leave,"Table_Q4_1. Education:On a scale of 1 to 5 where 1 is not confident at all and 5 is very confident, how confident are you in the ability of the UK government to address the following areas?",Confidence by policy area,on a scale.*confident,1 - Not confident at all,2,3,4,5 - Very confident,,,,,,18.1,18.6,34.6,16.6,7.3,,,,,,Survation_VI_2026-08-19_Tables.xlsx,Tables
UK Adults,18th August 2026,,,,,,historic_vote,Remain,"Table_Q4_1. Education:On a scale of 1 to 5 where 1 is not confident at all and 5 is very confident, how confident are you in the ability of the UK government to address the following areas?",Confidence by policy area,on a scale.*confident,1 - Not confident at all,2,3,4,5 - Very confident,,,,,,13.6,13.5,36.6,23.2,12.2,,,,,,Survation_VI_2026-08-19_Tables.xlsx,Tables
UK Adults,18th August 2026,,,,,,current_vote,LAB,"Table_Q4_1. Education:On a scale of 1 to 5 where 1 is not confident at all and 5 is very confident, how confident are you in the ability of the UK government to address the following areas?",Confidence by policy area,on a scale.*confident,1 - Not confident at all,2,3,4,5 - Very confident,,,,,,3.4,6.5,32.2,33.6,23.3,,,,,,Survation_VI_2026-08-19_Tables.xlsx,Tables
UK Adults,18th August 2026,,,,,,current_vote,CON,"Table_Q4_1. Education:On a scale of 1 to 5 where 1 is not confident at all and 5 is very confident, how confident are you in the ability of the UK government to address the following areas?",Confidence by policy area,on a scale.*confident,1 - Not confident at all,2,3,4,5 - Very confident,,,,,,12.6,17.8,40.7,17.3,8.2,,,,,,Survation_VI_2026-08-19_Tables.xlsx,Tables
UK Adults,18th August 2026,,,,,,current_vote,RFM,"Table_Q4_1. Education:On a scale of 1 to 5 where 1 is not confident at all and 5 is very confident, how confident are you in the ability of the UK government to address the following areas?",Confidence by policy area,on a scale.*confident,1 - Not confident at all,2,3,4,5 - Very confident,,,,,,26.0,23.6,30.2,12.3,6.2,,,,,,Survation_VI_2026-08-19_Tables.xlsx,Tables
UK Adults,18th August 2026,,,,,,current_vote,LD,"Table_Q4_1. Education:On a scale of 1 to 5 where 1 is not confident at all and 5 is very confident, how confident are you in the ability of the UK government to address the following areas?",Confidence by policy area,on a scale.*confident,1 - Not confident at all,2,3,4,5 - Very confident,,,,,,6.8,17.7,32.0,23.1,13.8,,,,,,Survation_VI_2026-08-19_Tables.xlsx,Tables
UK Adults,18th August 2026,,,,,,current_vote,GRN,"Table_Q4_1. Education:On a scale of 1 to 5 where 1 is not confident at all and 5 is very confident, how confident are you in the ability of the UK government to address the following areas?",Confidence by policy area,on a scale.*confident,1 - Not confident at all,2,3,4,5 - Very confident,,,,,,16.8,17.9,32.2,21.9,8.3,,,,,,Survation_VI_2026-08-19_Tables.xlsx,Tables
UK Adults,18th August 2026,,,,,,current_vote,OTH,"Table_Q4_1. Education:On a scale of 1 to 5 where 1 is not confident at all and 5 is very confident, how confident are you in the ability of the UK government to address the following areas?",Confidence by policy area,on a scale.*confident,1 - Not confident at all,2,3,4,5 - Very confident,,,,,,16.2,16.9,42.5,13.0,7.4,,,,,,Survation_VI_2026-08-19_Tables.xlsx,Tables
UK Adults,18th August 2026,,,,,,gender,Female,"Table_Q4_2. The environment:On a scale of 1 to 5 where 1 is not confident at all and 5 is very confident, how confident are you in the ability of the UK government to address the following areas?",Confidence by policy area,on a scale.*confident,1 - Not confident at all,2,3,4,5 - Very confident,,,,,,20.1,23.6,27.9,16.0,8.3,,,,,,Survation_VI_2026-08-19_Tables.xlsx,Tables
UK Adults,18th August 2026,,,,,,gender,Male,"Table_Q4_2. The environment:On a scale of 1 to 5 where 1 is not confident at all and 5 is very confident, how confident are you in the ability of the UK government to address the following areas?",Confidence by policy area,on a scale.*confident,1 - Not confident at all,2,3,4,5 - Very confident,,,,,,20.5,21.9,29.8,16.0,7.7,,,,,,Survation_VI_2026-08-19_Tables.xlsx,Tables
UK Adults,18th August 2026,,,,,,age,18-24,"Table_Q4_2. The environment:On a scale of 1 to 5 where 1 is not confident at all and 5 is very confident, how confident are you in the ability of the UK government to address the following areas?",Confidence by policy area,on a scale.*confident,1 - Not confident at all,2,3,4,5 - Very confident,,,,,,13.1,23.7,30.9,17.5,12.8,,,,,,Survation_VI_2026-08-19_Tables.xlsx,Tables
UK Adults,18th August 2026,,,,,,age,25-34,"Table_Q4_2. The environment:On a scale of 1 to 5 where 1 is not confident at all and 5 is very confident, how confident are you in the ability of the UK government to address the following areas?",Confidence by policy area,on a scale.*confident,1 - Not confident at all,2,3,4,5 - Very confident,,,,,,18.2,15.2,26.1,20.9,16.1,,,,,,Survation_VI_2026-08-19_Tables.xlsx,Tables
UK Adults,18th August 2026,,,,,,age,35-44,"Table_Q4_2. The environment:On a scale of 1 to 5 where 1 is not confident at all and 5 is very confident, how confident are you in the ability of the UK government to address the following areas?",Confidence by policy area,on a scale.*confident,1 - Not confident at all,2,3,4,5 - Very confident,,,,,,17.1,16.0,34.4,18.0,8.8,,,,,,Survation_VI_2026-08-19_Tables.xlsx,Tables
UK Adults,18th August 2026,,,,,,age,45-54,"Table_Q4_2. The environment:On a scale of 1 to 5 where 1 is not confident at all and 5 is very confident, how confident are you in the ability of the UK government to address the following areas?",Confidence by policy area,on a scale.*confident,1 - Not confident at all,2,3,4,5 - Very confident,,,,,,26.7,25.0,27.9,13.2,4.0,,,,,,Survation_VI_2026-08-19_Tables.xlsx,Tables
UK Adults,18th August 2026,,,,,,age,55-64,"Table_Q4_2. The environment:On a scale of 1 to 5 where 1 is not confident at all and 5 is very confident, how confident are you in the ability of the UK government to address the following areas?",Confidence by policy area,on a scale.*confident,1 - Not confident at all,2,3,4,5 - Very confident,,,,,,17.0,31.4,28.9,14.1,4.0,,,,,,Survation_VI_2026-08-19_Tables.xlsx,Tables
UK Adults,18th August 2026,,,,,,age,65+,"Table_Q4_2. The environment:On a scale of 1 to 5 where 1 is not confident at all and 5 is very confident, how confident are you in the ability of the UK government to address the following areas?",Confidence by policy area,on a scale.*confident,1 - Not confident at all,2,3,4,5 - Very confident,,,,,,24.8,25.1,26.5,13.7,5.0,,,,,,Survation_VI_2026-08-19_Tables.xlsx,Tables
UK Adults,18th August 2026,,,,,,region,London,"Table_Q4_2. The environment:On a scale of 1 to 5 where 1 is not confident at all and 5 is very confident, how confident are you in the ability of the UK government to address the following areas?",Confidence by policy area,on a scale.*confident,1 - Not confident at all,2,3,4,5 - Very confident,,,,,,18.3,14.8,27.7,18.6,13.7,,,,,,Survation_VI_2026-08-19_Tables.xlsx,Tables
UK Adults,18th August 2026,,,,,,region,South,"Table_Q4_2. The environment:On a scale of 1 to 5 where 1 is not confident at all and 5 is very confident, how confident are you in the ability of the UK government to address the following areas?",Confidence by policy area,on a scale.*confident,1 - Not confident at all,2,3,4,5 - Very confident,,,,,,23.6,24.5,28.1,16.0,5.1,,,,,,Survation_VI_2026-08-19_Tables.xlsx,Tables
UK Adults,18th August 2026,,,,,,region,Midlands,"Table_Q4_2. The environment:On a scale of 1 to 5 where 1 is not confident at all and 5 is very confident, how confident are you in the ability of the UK government to address the following areas?",Confidence by policy area,on a scale.*confident,1 - Not confident at all,2,3,4,5 - Very confident,,,,,,18.0,25.5,31.2,13.8,6.4,,,,,,Survation_VI_2026-08-19_Tables.xlsx,Tables
UK Adults,18th August 2026,,,,,,region,North,"Table_Q4_2. The environment:On a scale of 1 to 5 where 1 is not confident at all and 5 is very confident, how confident are you in the ability of the UK government to address the following areas?",Confidence by policy area,on a scale.*confident,1 - Not confident at all,2,3,4,5 - Very confident,,,,,,18.2,21.4,28.4,18.9,9.3,,,,,,Survation_VI_2026-08-19_Tables.xlsx,Tables
UK Adults,18th August 2026,,,,,,region,England,"Table_Q4_2. The environment:On a scale of 1 to 5 where 1 is not confident at all and 5 is very confident, how confident are you in the ability of the UK government to address the following areas?",Confidence by policy area,on a scale.*confident,1 - Not confident at all,2,3,4,5 - Very confident,,,,,,20.2,22.3,28.7,16.8,7.8,,,,,,Survation_VI_2026-08-19_Tables.xlsx,Tables
UK Adults,18th August 2026,,,,,,region,Scotland,"Table_Q4_2. The environment:On a scale of 1 to 5 where 1 is not confident at all and 5 is very confident, how confident are you in the ability of the UK government to address the following areas?",Confidence by policy area,on a scale.*confident,1 - Not confident at all,2,3,4,5 - Very confident,,,,,,18.9,29.2,31.5,9.6,7.9,,,,,,Survation_VI_2026-08-19_Tables.xlsx,Tables
UK Adults,18th August 2026,,,,,,region,Wales,"Table_Q4_2. The environment:On a scale of 1 to 5 where 1 is not confident at all and 5 is very confident, how confident are you in the ability of the UK government to address the following areas?",Confidence by policy area,on a scale.*confident,1 - Not confident at all,2,3,4,5 - Very confident,,,,,,21.7,18.8,26.8,16.0,13.3,,,,,,Survation_VI_2026-08-19_Tables.xlsx,Tables
UK Adults,18th August 2026,,,,,,region,Northern Ireland,"Table_Q4_2. The environment:On a scale of 1 to 5 where 1 is not confident at all and 5 is very confident, how confident are you in the ability of the UK government to address the following areas?",Confidence by policy area,on a scale.*confident,1 - Not confident at all,2,3,4,5 - Very confident,,,,,,23.0,24.5,27.5,11.0,4.3,,,,,,Survation_VI_2026-08-19_Tables.xlsx,Tables
UK Adults,18th August 2026,,,,,,class,ABC1,"Table_Q4_2. The environment:On a scale of 1 to 5 where 1 is not confident at all and 5 is very confident, how confident are you in the ability of the UK government to address the following areas?",Confidence by policy area,on a scale.*confident,1 - Not confident at all,2,3,4,5 - Very confident,,,,,,17.6,22.7,30.2,17.4,9.0,,,,,,Survation_VI_2026-08-19_Tables.xlsx,Tables
UK Adults,18th August 2026,,,,,,class,C2DE,"Table_Q4_2. The environment:On a scale of 1 to 5 where 1 is not confident at all and 5 is very confident, how confident are you in the ability of the UK government to address the following areas?",Confidence by policy area,on a scale.*confident,1 - Not confident at all,2,3,4,5 - Very confident,,,,,,23.5,22.9,27.1,14.3,6.8,,,,,,Survation_VI_2026-08-19_Tables.xlsx,Tables
UK Adults,18th August 2026,,,,,,income,"£0 - £19,999","Table_Q4_2. The environment:On a scale of 1 to 5 where 1 is not confident at all and 5 is very confident, how confident are you in the ability of the UK government to address the following areas?",Confidence by policy area,on a scale.*confident,1 - Not confident at all,2,3,4,5 - Very confident,,,,,,21.4,21.5,26.1,15.1,9.8,,,,,,Survation_VI_2026-08-19_Tables.xlsx,Tables
UK Adults,18th August 2026,,,,,,income,"£20,000 - £39,999","Table_Q4_2. The environment:On a scale of 1 to 5 where 1 is not confident at all and 5 is very confident, how confident are you in the ability of the UK government to address the following areas?",Confidence by policy area,on a scale.*confident,1 - Not confident at all,2,3,4,5 - Very confident,,,,,,20.7,25.0,29.3,13.7,6.1,,,,,,Survation_VI_2026-08-19_Tables.xlsx,Tables
UK Adults,18th August 2026,,,,,,income,"£40,000+","Table_Q4_2. The environment:On a scale of 1 to 5 where 1 is not confident at all and 5 is very confident, how confident are you in the ability of the UK government to address the following areas?",Confidence by policy area,on a scale.*confident,1 - Not confident at all,2,3,4,5 - Very confident,,,,,,19.2,21.1,29.8,19.0,9.1,,,,,,Survation_VI_2026-08-19_Tables.xlsx,Tables
UK Adults,18th August 2026,,,,,,historic_vote,LAB,"Table_Q4_2. The environment:On a scale of 1 to 5 where 1 is not confident at all and 5 is very confident, how confident are you in the ability of the UK government to address the following areas?",Confidence by policy area,on a scale.*confident,1 - Not confident at all,2,3,4,5 - Very confident,,,,,,11.8,19.9,28.5,24.1,13.0,,,,,,Survation_VI_2026-08-19_Tables.xlsx,Tables
UK Adults,18th August 2026,,,,,,historic_vote,CON,"Table_Q4_2. The environment:On a scale of 1 to 5 where 1 is not confident at all and 5 is very confident, how confident are you in the ability of the UK government to address the following areas?",Confidence by policy area,on a scale.*confident,1 - Not confident at all,2,3,4,5 - Very confident,,,,,,21.3,24.7,31.8,12.5,6.9,,,,,,Survation_VI_2026-08-19_Tables.xlsx,Tables
UK Adults,18th August 2026,,,,,,historic_vote,RFM,"Table_Q4_2. The environment:On a scale of 1 to 5 where 1 is not confident at all and 5 is very confident, how confident are you in the ability of the UK government to address the following areas?",Confidence by policy area,on a scale.*confident,1 - Not confident at all,2,3,4,5 - Very confident,,,,,,32.1,20.5,24.8,10.7,9.2,,,,,,Survation_VI_2026-08-19_Tables.xlsx,Tables
UK Adults,18th August 2026,,,,,,historic_vote,LD,"Table_Q4_2. The environment:On a scale of 1 to 5 where 1 is not confident at all and 5 is very confident, how confident are you in the ability of the UK government to address the following areas?",Confidence by policy area,on a scale.*confident,1 - Not confident at all,2,3,4,5 - Very confident,,,,,,8.2,32.5,35.4,15.2,3.4,,,,,,Survation_VI_2026-08-19_Tables.xlsx,Tables
UK Adults,18th August 2026,,,,,,historic_vote,GRN,"Table_Q4_2. The environment:On a scale of 1 to 5 where 1 is not confident at all and 5 is very confident, how confident are you in the ability of the UK government to address the following areas?",Confidence by policy area,on a scale.*confident,1 - Not confident at all,2,3,4,5 - Very confident,,,,,,23.6,18.8,33.0,14.4,5.1,,,,,,Survation_VI_2026-08-19_Tables.xlsx,Tables
UK Adults,18th August 2026,,,,,,historic_vote,OTH,"Table_Q4_2. The environment:On a scale of 1 to 5 where 1 is not confident at all and 5 is very confident, how confident are you in the ability of the UK government to address the following areas?",Confidence by policy area,on a scale.*confident,1 - Not confident at all,2,3,4,5 - Very confident,,,,,,29.1,24.6,27.1,10.1,4.0,,,,,,Survation_VI_2026-08-19_Tables.xlsx,Tables
UK Adults,18th August 2026,,,,,,historic_vote,Leave,"Table_Q4_2. The environment:On a scale of 1 to 5 where 1 is not confident at all and 5 is very confident, how confident are you in the ability of the UK government to address the following areas?",Confidence by policy area,on a scale.*confident,1 - Not confident at all,2,3,4,5 - Very confident,,,,,,24.1,25.5,28.4,12.5,5.9,,,,,,Survation_VI_2026-08-19_Tables.xlsx,Tables
UK Adults,18th August 2026,,,,,,historic_vote,Remain,"Table_Q4_2. The environment:On a scale of 1 to 5 where 1 is not confident at all and 5 is very confident, how confident are you in the ability of the UK government to address the following areas?",Confidence by policy area,on a scale.*confident,1 - Not confident at all,2,3,4,5 - Very confident,,,,,,17.8,22.2,30.5,18.6,8.3,,,,,,Survation_VI_2026-08-19_Tables.xlsx,Tables
UK Adults,18th August 2026,,,,,,current_vote,LAB,"Table_Q4_2. The environment:On a scale of 1 to 5 where 1 is not confident at all and 5 is very confident, how confident are you in the ability of the UK government to address the following areas?",Confidence by policy area,on a scale.*confident,1 - Not confident at all,2,3,4,5 - Very confident,,,,,,5.7,14.1,30.7,31.4,16.2,,,,,,Survation_VI_2026-08-19_Tables.xlsx,Tables
UK Adults,18th August 2026,,,,,,current_vote,CON,"Table_Q4_2. The environment:On a scale of 1 to 5 where 1 is not confident at all and 5 is very confident, how confident are you in the ability of the UK government to address the following areas?",Confidence by policy area,on a scale.*confident,1 - Not confident at all,2,3,4,5 - Very confident,,,,,,19.0,23.4,34.5,15.5,4.2,,,,,,Survation_VI_2026-08-19_Tables.xlsx,Tables
UK Adults,18th August 2026,,,,,,current_vote,RFM,"Table_Q4_2. The environment:On a scale of 1 to 5 where 1 is not confident at all and 5 is very confident, how confident are you in the ability of the UK government to address the following areas?",Confidence by policy area,on a scale.*confident,1 - Not confident at all,2,3,4,5 - Very confident,,,,,,30.5,24.2,25.2,8.9,8.4,,,,,,Survation_VI_2026-08-19_Tables.xlsx,Tables
UK Adults,18th August 2026,,,,,,current_vote,LD,"Table_Q4_2. The environment:On a scale of 1 to 5 where 1 is not confident at all and 5 is very confident, how confident are you in the ability of the UK government to address the following areas?",Confidence by policy area,on a scale.*confident,1 - Not confident at all,2,3,4,5 - Very confident,,,,,,8.8,29.8,36.9,16.2,5.1,,,,,,Survation_VI_2026-08-19_Tables.xlsx,Tables
UK Adults,18th August 2026,,,,,,current_vote,GRN,"Table_Q4_2. The environment:On a scale of 1 to 5 where 1 is not confident at all and 5 is very confident, how confident are you in the ability of the UK government to address the following areas?",Confidence by policy area,on a scale.*confident,1 - Not confident at all,2,3,4,5 - Very confident,,,,,,26.2,25.5,23.7,13.7,7.8,,,,,,Survation_VI_2026-08-19_Tables.xlsx,Tables
UK Adults,18th August 2026,,,,,,current_vote,OTH,"Table_Q4_2. The environment:On a scale of 1 to 5 where 1 is not confident at all and 5 is very confident, how confident are you in the ability of the UK government to address the following areas?",Confidence by policy area,on a scale.*confident,1 - Not confident at all,2,3,4,5 - Very confident,,,,,,26.8,22.4,29.0,12.8,4.5,,,,,,Survation_VI_2026-08-19_Tables.xlsx,Tables
UK Adults,18th August 2026,,,,,,gender,Female,"Table_Q4_3. Immigration:On a scale of 1 to 5 where 1 is not confident at all and 5 is very confident, how confident are you in the ability of the UK government to address the following areas?",Best party on immigration,immigr,1 - Not confident at all,2,3,4,5 - Very confident,,,,,,39.4,20.3,20.1,10.1,6.8,,,,,,Survation_VI_2026-08-19_Tables.xlsx,Tables
UK Adults,18th August 2026,,,,,,gender,Male,"Table_Q4_3. Immigration:On a scale of 1 to 5 where 1 is not confident at all and 5 is very confident, how confident are you in the ability of the UK government to address the following areas?",Best party on immigration,immigr,1 - Not confident at all,2,3,4,5 - Very confident,,,,,,46.6,15.5,17.0,11.5,7.2,,,,,,Survation_VI_2026-08-19_Tables.xlsx,Tables
UK Adults,18th August 2026,,,,,,age,18-24,"Table_Q4_3. Immigration:On a scale of 1 to 5 where 1 is not confident at all and 5 is very confident, how confident are you in the ability of the UK government to address the following areas?",Best party on immigration,immigr,1 - Not confident at all,2,3,4,5 - Very confident,,,,,,29.3,19.0,21.9,12.4,11.1,,,,,,Survation_VI_2026-08-19_Tables.xlsx,Tables
UK Adults,18th August 2026,,,,,,age,25-34,"Table_Q4_3. Immigration:On a scale of 1 to 5 where 1 is not confident at all and 5 is very confident, how confident are you in the ability of the UK government to address the following areas?",Best party on immigration,immigr,1 - Not confident at all,2,3,4,5 - Very confident,,,,,,24.5,17.4,22.5,15.5,16.5,,,,,,Survation_VI_2026-08-19_Tables.xlsx,Tables
UK Adults,18th August 2026,,,,,,age,35-44,"Table_Q4_3. Immigration:On a scale of 1 to 5 where 1 is not confident at all and 5 is very confident, how confident are you in the ability of the UK government to address the following areas?",Best party on immigration,immigr,1 - Not confident at all,2,3,4,5 - Very confident,,,,,,37.7,18.2,22.8,12.6,6.7,,,,,,Survation_VI_2026-08-19_Tables.xlsx,Tables
UK Adults,18th August 2026,,,,,,age,45-54,"Table_Q4_3. Immigration:On a scale of 1 to 5 where 1 is not confident at all and 5 is very confident, how confident are you in the ability of the UK government to address the following areas?",Best party on immigration,immigr,1 - Not confident at all,2,3,4,5 - Very confident,,,,,,46.8,21.6,18.1,7.6,2.8,,,,,,Survation_VI_2026-08-19_Tables.xlsx,Tables
UK Adults,18th August 2026,,,,,,age,55-64,"Table_Q4_3. Immigration:On a scale of 1 to 5 where 1 is not confident at all and 5 is very confident, how confident are you in the ability of the UK government to address the following areas?",Best party on immigration,immigr,1 - Not confident at all,2,3,4,5 - Very confident,,,,,,55.6,16.3,14.0,9.2,3.3,,,,,,Survation_VI_2026-08-19_Tables.xlsx,Tables
UK Adults,18th August 2026,,,,,,age,65+,"Table_Q4_3. Immigration:On a scale of 1 to 5 where 1 is not confident at all and 5 is very confident, how confident are you in the ability of the UK government to address the following areas?",Best party on immigration,immigr,1 - Not confident at all,2,3,4,5 - Very confident,,,,,,54.3,16.4,14.9,8.7,3.9,,,,,,Survation_VI_2026-08-19_Tables.xlsx,Tables
UK Adults,18th August 2026,,,,,,region,London,"Table_Q4_3. Immigration:On a scale of 1 to 5 where 1 is not confident at all and 5 is very confident, how confident are you in the ability of the UK government to address the following areas?",Best party on immigration,immigr,1 - Not confident at all,2,3,4,5 - Very confident,,,,,,29.2,10.5,20.7,19.5,11.9,,,,,,Survation_VI_2026-08-19_Tables.xlsx,Tables
UK Adults,18th August 2026,,,,,,region,South,"Table_Q4_3. Immigration:On a scale of 1 to 5 where 1 is not confident at all and 5 is very confident, how confident are you in the ability of the UK government to address the following areas?",Best party on immigration,immigr,1 - Not confident at all,2,3,4,5 - Very confident,,,,,,46.3,19.9,20.4,7.2,4.5,,,,,,Survation_VI_2026-08-19_Tables.xlsx,Tables
UK Adults,18th August 2026,,,,,,region,Midlands,"Table_Q4_3. Immigration:On a scale of 1 to 5 where 1 is not confident at all and 5 is very confident, how confident are you in the ability of the UK government to address the following areas?",Best party on immigration,immigr,1 - Not confident at all,2,3,4,5 - Very confident,,,,,,46.1,22.7,15.5,9.6,4.7,,,,,,Survation_VI_2026-08-19_Tables.xlsx,Tables
UK Adults,18th August 2026,,,,,,region,North,"Table_Q4_3. Immigration:On a scale of 1 to 5 where 1 is not confident at all and 5 is very confident, how confident are you in the ability of the UK government to address the following areas?",Best party on immigration,immigr,1 - Not confident at all,2,3,4,5 - Very confident,,,,,,42.1,16.4,17.0,11.8,9.4,,,,,,Survation_VI_2026-08-19_Tables.xlsx,Tables
UK Adults,18th August 2026,,,,,,region,England,"Table_Q4_3. Immigration:On a scale of 1 to 5 where 1 is not confident at all and 5 is very confident, how confident are you in the ability of the UK government to address the following areas?",Best party on immigration,immigr,1 - Not confident at all,2,3,4,5 - Very confident,,,,,,42.5,18.0,18.6,10.8,7.1,,,,,,Survation_VI_2026-08-19_Tables.xlsx,Tables
UK Adults,18th August 2026,,,,,,region,Scotland,"Table_Q4_3. Immigration:On a scale of 1 to 5 where 1 is not confident at all and 5 is very confident, how confident are you in the ability of the UK government to address the following areas?",Best party on immigration,immigr,1 - Not confident at all,2,3,4,5 - Very confident,,,,,,47.3,22.0,16.6,8.3,5.8,,,,,,Survation_VI_2026-08-19_Tables.xlsx,Tables
UK Adults,18th August 2026,,,,,,region,Wales,"Table_Q4_3. Immigration:On a scale of 1 to 5 where 1 is not confident at all and 5 is very confident, how confident are you in the ability of the UK government to address the following areas?",Best party on immigration,immigr,1 - Not confident at all,2,3,4,5 - Very confident,,,,,,33.3,17.6,21.0,15.9,9.7,,,,,,Survation_VI_2026-08-19_Tables.xlsx,Tables
UK Adults,18th August 2026,,,,,,region,Northern Ireland,"Table_Q4_3. Immigration:On a scale of 1 to 5 where 1 is not confident at all and 5 is very confident, how confident are you in the ability of the UK government to address the following areas?",Best party on immigration,immigr,1 - Not confident at all,2,3,4,5 - Very confident,,,,,,57.7,5.4,21.8,7.4,2.6,,,,,,Survation_VI_2026-08-19_Tables.xlsx,Tables
UK Adults,18th August 2026,,,,,,class,ABC1,"Table_Q4_3. Immigration:On a scale of 1 to 5 where 1 is not confident at all and 5 is very confident, how confident are you in the ability of the UK government to address the following areas?",Best party on immigration,immigr,1 - Not confident at all,2,3,4,5 - Very confident,,,,,,36.9,19.4,21.3,12.8,8.0,,,,,,Survation_VI_2026-08-19_Tables.xlsx,Tables
UK Adults,18th August 2026,,,,,,class,C2DE,"Table_Q4_3. Immigration:On a scale of 1 to 5 where 1 is not confident at all and 5 is very confident, how confident are you in the ability of the UK government to address the following areas?",Best party on immigration,immigr,1 - Not confident at all,2,3,4,5 - Very confident,,,,,,50.1,16.3,15.3,8.3,5.7,,,,,,Survation_VI_2026-08-19_Tables.xlsx,Tables
UK Adults,18th August 2026,,,,,,income,"£0 - £19,999","Table_Q4_3. Immigration:On a scale of 1 to 5 where 1 is not confident at all and 5 is very confident, how confident are you in the ability of the UK government to address the following areas?",Best party on immigration,immigr,1 - Not confident at all,2,3,4,5 - Very confident,,,,,,44.4,17.0,17.9,7.4,8.4,,,,,,Survation_VI_2026-08-19_Tables.xlsx,Tables
UK Adults,18th August 2026,,,,,,income,"£20,000 - £39,999","Table_Q4_3. Immigration:On a scale of 1 to 5 where 1 is not confident at all and 5 is very confident, how confident are you in the ability of the UK government to address the following areas?",Best party on immigration,immigr,1 - Not confident at all,2,3,4,5 - Very confident,,,,,,44.1,19.8,17.6,10.1,4.7,,,,,,Survation_VI_2026-08-19_Tables.xlsx,Tables
UK Adults,18th August 2026,,,,,,income,"£40,000+","Table_Q4_3. Immigration:On a scale of 1 to 5 where 1 is not confident at all and 5 is very confident, how confident are you in the ability of the UK government to address the following areas?",Best party on immigration,immigr,1 - Not confident at all,2,3,4,5 - Very confident,,,,,,40.7,16.5,20.1,13.3,8.6,,,,,,Survation_VI_2026-08-19_Tables.xlsx,Tables
UK Adults,18th August 2026,,,,,,historic_vote,LAB,"Table_Q4_3. Immigration:On a scale of 1 to 5 where 1 is not confident at all and 5 is very confident, how confident are you in the ability of the UK government to address the following areas?",Best party on immigration,immigr,1 - Not confident at all,2,3,4,5 - Very confident,,,,,,22.5,17.9,24.9,19.4,12.2,,,,,,Survation_VI_2026-08-19_Tables.xlsx,Tables
UK Adults,18th August 2026,,,,,,historic_vote,CON,"Table_Q4_3. Immigration:On a scale of 1 to 5 where 1 is not confident at all and 5 is very confident, how confident are you in the ability of the UK government to address the following areas?",Best party on immigration,immigr,1 - Not confident at all,2,3,4,5 - Very confident,,,,,,59.5,16.7,14.0,6.6,3.3,,,,,,Survation_VI_2026-08-19_Tables.xlsx,Tables
UK Adults,18th August 2026,,,,,,historic_vote,RFM,"Table_Q4_3. Immigration:On a scale of 1 to 5 where 1 is not confident at all and 5 is very confident, how confident are you in the ability of the UK government to address the following areas?",Best party on immigration,immigr,1 - Not confident at all,2,3,4,5 - Very confident,,,,,,74.6,3.9,8.4,5.4,7.7,,,,,,Survation_VI_2026-08-19_Tables.xlsx,Tables
UK Adults,18th August 2026,,,,,,historic_vote,LD,"Table_Q4_3. Immigration:On a scale of 1 to 5 where 1 is not confident at all and 5 is very confident, how confident are you in the ability of the UK government to address the following areas?",Best party on immigration,immigr,1 - Not confident at all,2,3,4,5 - Very confident,,,,,,26.4,32.4,24.9,10.0,4.2,,,,,,Survation_VI_2026-08-19_Tables.xlsx,Tables
UK Adults,18th August 2026,,,,,,historic_vote,GRN,"Table_Q4_3. Immigration:On a scale of 1 to 5 where 1 is not confident at all and 5 is very confident, how confident are you in the ability of the UK government to address the following areas?",Best party on immigration,immigr,1 - Not confident at all,2,3,4,5 - Very confident,,,,,,22.3,31.0,20.6,14.1,7.6,,,,,,Survation_VI_2026-08-19_Tables.xlsx,Tables
UK Adults,18th August 2026,,,,,,historic_vote,OTH,"Table_Q4_3. Immigration:On a scale of 1 to 5 where 1 is not confident at all and 5 is very confident, how confident are you in the ability of the UK government to address the following areas?",Best party on immigration,immigr,1 - Not confident at all,2,3,4,5 - Very confident,,,,,,56.0,15.2,16.8,5.4,4.8,,,,,,Survation_VI_2026-08-19_Tables.xlsx,Tables
UK Adults,18th August 2026,,,,,,historic_vote,Leave,"Table_Q4_3. Immigration:On a scale of 1 to 5 where 1 is not confident at all and 5 is very confident, how confident are you in the ability of the UK government to address the following areas?",Best party on immigration,immigr,1 - Not confident at all,2,3,4,5 - Very confident,,,,,,60.1,14.8,14.4,6.3,3.8,,,,,,Survation_VI_2026-08-19_Tables.xlsx,Tables
UK Adults,18th August 2026,,,,,,historic_vote,Remain,"Table_Q4_3. Immigration:On a scale of 1 to 5 where 1 is not confident at all and 5 is very confident, how confident are you in the ability of the UK government to address the following areas?",Best party on immigration,immigr,1 - Not confident at all,2,3,4,5 - Very confident,,,,,,30.5,21.9,21.6,15.8,8.5,,,,,,Survation_VI_2026-08-19_Tables.xlsx,Tables
UK Adults,18th August 2026,,,,,,current_vote,LAB,"Table_Q4_3. Immigration:On a scale of 1 to 5 where 1 is not confident at all and 5 is very confident, how confident are you in the ability of the UK government to address the following areas?",Best party on immigration,immigr,1 - Not confident at all,2,3,4,5 - Very confident,,,,,,13.9,17.2,27.6,23.2,15.5,,,,,,Survation_VI_2026-08-19_Tables.xlsx,Tables
UK Adults,18th August 2026,,,,,,current_vote,CON,"Table_Q4_3. Immigration:On a scale of 1 to 5 where 1 is not confident at all and 5 is very confident, how confident are you in the ability of the UK government to address the following areas?",Best party on immigration,immigr,1 - Not confident at all,2,3,4,5 - Very confident,,,,,,51.0,22.7,14.4,9.2,2.6,,,,,,Survation_VI_2026-08-19_Tables.xlsx,Tables
UK Adults,18th August 2026,,,,,,current_vote,RFM,"Table_Q4_3. Immigration:On a scale of 1 to 5 where 1 is not confident at all and 5 is very confident, how confident are you in the ability of the UK government to address the following areas?",Best party on immigration,immigr,1 - Not confident at all,2,3,4,5 - Very confident,,,,,,72.7,9.3,8.3,4.8,4.5,,,,,,Survation_VI_2026-08-19_Tables.xlsx,Tables
UK Adults,18th August 2026,,,,,,current_vote,LD,"Table_Q4_3. Immigration:On a scale of 1 to 5 where 1 is not confident at all and 5 is very confident, how confident are you in the ability of the UK government to address the following areas?",Best party on immigration,immigr,1 - Not confident at all,2,3,4,5 - Very confident,,,,,,25.0,26.3,33.2,8.7,5.5,,,,,,Survation_VI_2026-08-19_Tables.xlsx,Tables
UK Adults,18th August 2026,,,,,,current_vote,GRN,"Table_Q4_3. Immigration:On a scale of 1 to 5 where 1 is not confident at all and 5 is very confident, how confident are you in the ability of the UK government to address the following areas?",Best party on immigration,immigr,1 - Not confident at all,2,3,4,5 - Very confident,,,,,,27.6,23.1,22.2,11.0,12.0,,,,,,Survation_VI_2026-08-19_Tables.xlsx,Tables
UK Adults,18th August 2026,,,,,,current_vote,OTH,"Table_Q4_3. Immigration:On a scale of 1 to 5 where 1 is not confident at all and 5 is very confident, how confident are you in the ability of the UK government to address the following areas?",Best party on immigration,immigr,1 - Not confident at all,2,3,4,5 - Very confident,,,,,,53.5,13.4,19.1,8.2,4.1,,,,,,Survation_VI_2026-08-19_Tables.xlsx,Tables
UK Adults,18th August 2026,,,,,,gender,Female,"Table_Q4_4. Industrial relations:On a scale of 1 to 5 where 1 is not confident at all and 5 is very confident, how confident are you in the ability of the UK government to address the following areas?",Confidence by policy area,on a scale.*confident,1 - Not confident at all,2,3,4,5 - Very confident,,,,,,15.5,19.8,32.7,15.3,7.0,,,,,,Survation_VI_2026-08-19_Tables.xlsx,Tables
UK Adults,18th August 2026,,,,,,gender,Male,"Table_Q4_4. Industrial relations:On a scale of 1 to 5 where 1 is not confident at all and 5 is very confident, how confident are you in the ability of the UK government to address the following areas?",Confidence by policy area,on a scale.*confident,1 - Not confident at all,2,3,4,5 - Very confident,,,,,,15.5,17.9,33.7,19.1,8.9,,,,,,Survation_VI_2026-08-19_Tables.xlsx,Tables
UK Adults,18th August 2026,,,,,,age,18-24,"Table_Q4_4. Industrial relations:On a scale of 1 to 5 where 1 is not confident at all and 5 is very confident, how confident are you in the ability of the UK government to address the following areas?",Confidence by policy area,on a scale.*confident,1 - Not confident at all,2,3,4,5 - Very confident,,,,,,11.0,19.2,36.8,14.0,10.6,,,,,,Survation_VI_2026-08-19_Tables.xlsx,Tables
UK Adults,18th August 2026,,,,,,age,25-34,"Table_Q4_4. Industrial relations:On a scale of 1 to 5 where 1 is not confident at all and 5 is very confident, how confident are you in the ability of the UK government to address the following areas?",Confidence by policy area,on a scale.*confident,1 - Not confident at all,2,3,4,5 - Very confident,,,,,,14.6,15.6,29.4,19.3,16.2,,,,,,Survation_VI_2026-08-19_Tables.xlsx,Tables
UK Adults,18th August 2026,,,,,,age,35-44,"Table_Q4_4. Industrial relations:On a scale of 1 to 5 where 1 is not confident at all and 5 is very confident, how confident are you in the ability of the UK government to address the following areas?",Confidence by policy area,on a scale.*confident,1 - Not confident at all,2,3,4,5 - Very confident,,,,,,13.9,17.3,32.6,21.9,5.8,,,,,,Survation_VI_2026-08-19_Tables.xlsx,Tables
UK Adults,18th August 2026,,,,,,age,45-54,"Table_Q4_4. Industrial relations:On a scale of 1 to 5 where 1 is not confident at all and 5 is very confident, how confident are you in the ability of the UK government to address the following areas?",Confidence by policy area,on a scale.*confident,1 - Not confident at all,2,3,4,5 - Very confident,,,,,,17.3,17.9,37.2,13.7,5.0,,,,,,Survation_VI_2026-08-19_Tables.xlsx,Tables
UK Adults,18th August 2026,,,,,,age,55-64,"Table_Q4_4. Industrial relations:On a scale of 1 to 5 where 1 is not confident at all and 5 is very confident, how confident are you in the ability of the UK government to address the following areas?",Confidence by policy area,on a scale.*confident,1 - Not confident at all,2,3,4,5 - Very confident,,,,,,13.0,26.6,31.3,15.3,5.9,,,,,,Survation_VI_2026-08-19_Tables.xlsx,Tables
UK Adults,18th August 2026,,,,,,age,65+,"Table_Q4_4. Industrial relations:On a scale of 1 to 5 where 1 is not confident at all and 5 is very confident, how confident are you in the ability of the UK government to address the following areas?",Confidence by policy area,on a scale.*confident,1 - Not confident at all,2,3,4,5 - Very confident,,,,,,19.7,17.8,33.2,17.4,5.9,,,,,,Survation_VI_2026-08-19_Tables.xlsx,Tables
UK Adults,18th August 2026,,,,,,region,London,"Table_Q4_4. Industrial relations:On a scale of 1 to 5 where 1 is not confident at all and 5 is very confident, how confident are you in the ability of the UK government to address the following areas?",Confidence by policy area,on a scale.*confident,1 - Not confident at all,2,3,4,5 - Very confident,,,,,,15.8,14.9,26.0,19.3,11.3,,,,,,Survation_VI_2026-08-19_Tables.xlsx,Tables
UK Adults,18th August 2026,,,,,,region,South,"Table_Q4_4. Industrial relations:On a scale of 1 to 5 where 1 is not confident at all and 5 is very confident, how confident are you in the ability of the UK government to address the following areas?",Confidence by policy area,on a scale.*confident,1 - Not confident at all,2,3,4,5 - Very confident,,,,,,14.7,17.8,36.2,18.4,6.8,,,,,,Survation_VI_2026-08-19_Tables.xlsx,Tables
UK Adults,18th August 2026,,,,,,region,Midlands,"Table_Q4_4. Industrial relations:On a scale of 1 to 5 where 1 is not confident at all and 5 is very confident, how confident are you in the ability of the UK government to address the following areas?",Confidence by policy area,on a scale.*confident,1 - Not confident at all,2,3,4,5 - Very confident,,,,,,16.4,20.6,35.7,12.5,7.7,,,,,,Survation_VI_2026-08-19_Tables.xlsx,Tables
UK Adults,18th August 2026,,,,,,region,North,"Table_Q4_4. Industrial relations:On a scale of 1 to 5 where 1 is not confident at all and 5 is very confident, how confident are you in the ability of the UK government to address the following areas?",Confidence by policy area,on a scale.*confident,1 - Not confident at all,2,3,4,5 - Very confident,,,,,,14.5,20.5,29.9,17.1,9.8,,,,,,Survation_VI_2026-08-19_Tables.xlsx,Tables
UK Adults,18th August 2026,,,,,,region,England,"Table_Q4_4. Industrial relations:On a scale of 1 to 5 where 1 is not confident at all and 5 is very confident, how confident are you in the ability of the UK government to address the following areas?",Confidence by policy area,on a scale.*confident,1 - Not confident at all,2,3,4,5 - Very confident,,,,,,15.2,18.6,32.8,17.1,8.5,,,,,,Survation_VI_2026-08-19_Tables.xlsx,Tables
UK Adults,18th August 2026,,,,,,region,Scotland,"Table_Q4_4. Industrial relations:On a scale of 1 to 5 where 1 is not confident at all and 5 is very confident, how confident are you in the ability of the UK government to address the following areas?",Confidence by policy area,on a scale.*confident,1 - Not confident at all,2,3,4,5 - Very confident,,,,,,15.9,21.3,39.1,14.5,5.1,,,,,,Survation_VI_2026-08-19_Tables.xlsx,Tables
UK Adults,18th August 2026,,,,,,region,Wales,"Table_Q4_4. Industrial relations:On a scale of 1 to 5 where 1 is not confident at all and 5 is very confident, how confident are you in the ability of the UK government to address the following areas?",Confidence by policy area,on a scale.*confident,1 - Not confident at all,2,3,4,5 - Very confident,,,,,,19.9,14.7,28.6,28.2,5.4,,,,,,Survation_VI_2026-08-19_Tables.xlsx,Tables
UK Adults,18th August 2026,,,,,,region,Northern Ireland,"Table_Q4_4. Industrial relations:On a scale of 1 to 5 where 1 is not confident at all and 5 is very confident, how confident are you in the ability of the UK government to address the following areas?",Confidence by policy area,on a scale.*confident,1 - Not confident at all,2,3,4,5 - Very confident,,,,,,17.4,27.4,35.3,8.5,4.3,,,,,,Survation_VI_2026-08-19_Tables.xlsx,Tables
UK Adults,18th August 2026,,,,,,class,ABC1,"Table_Q4_4. Industrial relations:On a scale of 1 to 5 where 1 is not confident at all and 5 is very confident, how confident are you in the ability of the UK government to address the following areas?",Confidence by policy area,on a scale.*confident,1 - Not confident at all,2,3,4,5 - Very confident,,,,,,13.3,19.5,33.8,19.1,9.0,,,,,,Survation_VI_2026-08-19_Tables.xlsx,Tables
UK Adults,18th August 2026,,,,,,class,C2DE,"Table_Q4_4. Industrial relations:On a scale of 1 to 5 where 1 is not confident at all and 5 is very confident, how confident are you in the ability of the UK government to address the following areas?",Confidence by policy area,on a scale.*confident,1 - Not confident at all,2,3,4,5 - Very confident,,,,,,18.2,18.2,32.5,14.7,6.7,,,,,,Survation_VI_2026-08-19_Tables.xlsx,Tables
UK Adults,18th August 2026,,,,,,income,"£0 - £19,999","Table_Q4_4. Industrial relations:On a scale of 1 to 5 where 1 is not confident at all and 5 is very confident, how confident are you in the ability of the UK government to address the following areas?",Confidence by policy area,on a scale.*confident,1 - Not confident at all,2,3,4,5 - Very confident,,,,,,17.5,16.5,26.5,16.2,9.3,,,,,,Survation_VI_2026-08-19_Tables.xlsx,Tables
UK Adults,18th August 2026,,,,,,income,"£20,000 - £39,999","Table_Q4_4. Industrial relations:On a scale of 1 to 5 where 1 is not confident at all and 5 is very confident, how confident are you in the ability of the UK government to address the following areas?",Confidence by policy area,on a scale.*confident,1 - Not confident at all,2,3,4,5 - Very confident,,,,,,15.7,21.3,36.2,14.5,5.8,,,,,,Survation_VI_2026-08-19_Tables.xlsx,Tables
UK Adults,18th August 2026,,,,,,income,"£40,000+","Table_Q4_4. Industrial relations:On a scale of 1 to 5 where 1 is not confident at all and 5 is very confident, how confident are you in the ability of the UK government to address the following areas?",Confidence by policy area,on a scale.*confident,1 - Not confident at all,2,3,4,5 - Very confident,,,,,,14.2,17.7,33.7,20.5,9.5,,,,,,Survation_VI_2026-08-19_Tables.xlsx,Tables
UK Adults,18th August 2026,,,,,,historic_vote,LAB,"Table_Q4_4. Industrial relations:On a scale of 1 to 5 where 1 is not confident at all and 5 is very confident, how confident are you in the ability of the UK government to address the following areas?",Confidence by policy area,on a scale.*confident,1 - Not confident at all,2,3,4,5 - Very confident,,,,,,6.9,12.7,34.5,24.6,16.2,,,,,,Survation_VI_2026-08-19_Tables.xlsx,Tables
UK Adults,18th August 2026,,,,,,historic_vote,CON,"Table_Q4_4. Industrial relations:On a scale of 1 to 5 where 1 is not confident at all and 5 is very confident, how confident are you in the ability of the UK government to address the following areas?",Confidence by policy area,on a scale.*confident,1 - Not confident at all,2,3,4,5 - Very confident,,,,,,17.4,23.0,35.4,13.5,4.9,,,,,,Survation_VI_2026-08-19_Tables.xlsx,Tables
UK Adults,18th August 2026,,,,,,historic_vote,RFM,"Table_Q4_4. Industrial relations:On a scale of 1 to 5 where 1 is not confident at all and 5 is very confident, how confident are you in the ability of the UK government to address the following areas?",Confidence by policy area,on a scale.*confident,1 - Not confident at all,2,3,4,5 - Very confident,,,,,,30.6,24.4,26.9,8.4,6.7,,,,,,Survation_VI_2026-08-19_Tables.xlsx,Tables
UK Adults,18th August 2026,,,,,,historic_vote,LD,"Table_Q4_4. Industrial relations:On a scale of 1 to 5 where 1 is not confident at all and 5 is very confident, how confident are you in the ability of the UK government to address the following areas?",Confidence by policy area,on a scale.*confident,1 - Not confident at all,2,3,4,5 - Very confident,,,,,,6.0,19.5,34.9,20.4,8.4,,,,,,Survation_VI_2026-08-19_Tables.xlsx,Tables
UK Adults,18th August 2026,,,,,,historic_vote,GRN,"Table_Q4_4. Industrial relations:On a scale of 1 to 5 where 1 is not confident at all and 5 is very confident, how confident are you in the ability of the UK government to address the following areas?",Confidence by policy area,on a scale.*confident,1 - Not confident at all,2,3,4,5 - Very confident,,,,,,14.6,12.8,41.5,22.4,3.0,,,,,,Survation_VI_2026-08-19_Tables.xlsx,Tables
UK Adults,18th August 2026,,,,,,historic_vote,OTH,"Table_Q4_4. Industrial relations:On a scale of 1 to 5 where 1 is not confident at all and 5 is very confident, how confident are you in the ability of the UK government to address the following areas?",Confidence by policy area,on a scale.*confident,1 - Not confident at all,2,3,4,5 - Very confident,,,,,,22.8,24.6,31.6,13.9,3.2,,,,,,Survation_VI_2026-08-19_Tables.xlsx,Tables
UK Adults,18th August 2026,,,,,,historic_vote,Leave,"Table_Q4_4. Industrial relations:On a scale of 1 to 5 where 1 is not confident at all and 5 is very confident, how confident are you in the ability of the UK government to address the following areas?",Confidence by policy area,on a scale.*confident,1 - Not confident at all,2,3,4,5 - Very confident,,,,,,21.6,20.6,32.8,12.6,6.6,,,,,,Survation_VI_2026-08-19_Tables.xlsx,Tables
UK Adults,18th August 2026,,,,,,historic_vote,Remain,"Table_Q4_4. Industrial relations:On a scale of 1 to 5 where 1 is not confident at all and 5 is very confident, how confident are you in the ability of the UK government to address the following areas?",Confidence by policy area,on a scale.*confident,1 - Not confident at all,2,3,4,5 - Very confident,,,,,,10.4,16.4,34.7,23.6,9.7,,,,,,Survation_VI_2026-08-19_Tables.xlsx,Tables
UK Adults,18th August 2026,,,,,,current_vote,LAB,"Table_Q4_4. Industrial relations:On a scale of 1 to 5 where 1 is not confident at all and 5 is very confident, how confident are you in the ability of the UK government to address the following areas?",Confidence by policy area,on a scale.*confident,1 - Not confident at all,2,3,4,5 - Very confident,,,,,,2.6,9.9,34.6,31.7,18.4,,,,,,Survation_VI_2026-08-19_Tables.xlsx,Tables
UK Adults,18th August 2026,,,,,,current_vote,CON,"Table_Q4_4. Industrial relations:On a scale of 1 to 5 where 1 is not confident at all and 5 is very confident, how confident are you in the ability of the UK government to address the following areas?",Confidence by policy area,on a scale.*confident,1 - Not confident at all,2,3,4,5 - Very confident,,,,,,16.6,21.0,37.0,15.6,4.3,,,,,,Survation_VI_2026-08-19_Tables.xlsx,Tables
UK Adults,18th August 2026,,,,,,current_vote,RFM,"Table_Q4_4. Industrial relations:On a scale of 1 to 5 where 1 is not confident at all and 5 is very confident, how confident are you in the ability of the UK government to address the following areas?",Confidence by policy area,on a scale.*confident,1 - Not confident at all,2,3,4,5 - Very confident,,,,,,27.7,27.9,26.6,8.6,5.5,,,,,,Survation_VI_2026-08-19_Tables.xlsx,Tables
UK Adults,18th August 2026,,,,,,current_vote,LD,"Table_Q4_4. Industrial relations:On a scale of 1 to 5 where 1 is not confident at all and 5 is very confident, how confident are you in the ability of the UK government to address the following areas?",Confidence by policy area,on a scale.*confident,1 - Not confident at all,2,3,4,5 - Very confident,,,,,,4.9,18.1,34.5,22.3,11.2,,,,,,Survation_VI_2026-08-19_Tables.xlsx,Tables
UK Adults,18th August 2026,,,,,,current_vote,GRN,"Table_Q4_4. Industrial relations:On a scale of 1 to 5 where 1 is not confident at all and 5 is very confident, how confident are you in the ability of the UK government to address the following areas?",Confidence by policy area,on a scale.*confident,1 - Not confident at all,2,3,4,5 - Very confident,,,,,,14.1,15.1,45.5,15.7,5.0,,,,,,Survation_VI_2026-08-19_Tables.xlsx,Tables
UK Adults,18th August 2026,,,,,,current_vote,OTH,"Table_Q4_4. Industrial relations:On a scale of 1 to 5 where 1 is not confident at all and 5 is very confident, how confident are you in the ability of the UK government to address the following areas?",Confidence by policy area,on a scale.*confident,1 - Not confident at all,2,3,4,5 - Very confident,,,,,,16.7,25.5,33.6,13.0,3.6,,,,,,Survation_VI_2026-08-19_Tables.xlsx,Tables
UK Adults,18th August 2026,,,,,,gender,Female,"Table_Q4_5. The NHS:On a scale of 1 to 5 where 1 is not confident at all and 5 is very confident, how confident are you in the ability of the UK government to address the following areas?",Best party on NHS/healthcare,nhs,1 - Not confident at all,2,3,4,5 - Very confident,,,,,,27.2,18.7,25.6,16.6,9.8,,,,,,Survation_VI_2026-08-19_Tables.xlsx,Tables
UK Adults,18th August 2026,,,,,,gender,Male,"Table_Q4_5. The NHS:On a scale of 1 to 5 where 1 is not confident at all and 5 is very confident, how confident are you in the ability of the UK government to address the following areas?",Best party on NHS/healthcare,nhs,1 - Not confident at all,2,3,4,5 - Very confident,,,,,,22.1,20.8,28.2,17.5,9.8,,,,,,Survation_VI_2026-08-19_Tables.xlsx,Tables
UK Adults,18th August 2026,,,,,,age,18-24,"Table_Q4_5. The NHS:On a scale of 1 to 5 where 1 is not confident at all and 5 is very confident, how confident are you in the ability of the UK government to address the following areas?",Best party on NHS/healthcare,nhs,1 - Not confident at all,2,3,4,5 - Very confident,,,,,,21.9,17.8,22.4,19.6,15.6,,,,,,Survation_VI_2026-08-19_Tables.xlsx,Tables
UK Adults,18th August 2026,,,,,,age,25-34,"Table_Q4_5. The NHS:On a scale of 1 to 5 where 1 is not confident at all and 5 is very confident, how confident are you in the ability of the UK government to address the following areas?",Best party on NHS/healthcare,nhs,1 - Not confident at all,2,3,4,5 - Very confident,,,,,,17.3,16.7,24.9,21.7,16.4,,,,,,Survation_VI_2026-08-19_Tables.xlsx,Tables
UK Adults,18th August 2026,,,,,,age,35-44,"Table_Q4_5. The NHS:On a scale of 1 to 5 where 1 is not confident at all and 5 is very confident, how confident are you in the ability of the UK government to address the following areas?",Best party on NHS/healthcare,nhs,1 - Not confident at all,2,3,4,5 - Very confident,,,,,,23.2,19.6,26.6,19.1,9.2,,,,,,Survation_VI_2026-08-19_Tables.xlsx,Tables
UK Adults,18th August 2026,,,,,,age,45-54,"Table_Q4_5. The NHS:On a scale of 1 to 5 where 1 is not confident at all and 5 is very confident, how confident are you in the ability of the UK government to address the following areas?",Best party on NHS/healthcare,nhs,1 - Not confident at all,2,3,4,5 - Very confident,,,,,,30.0,20.7,26.1,15.4,5.5,,,,,,Survation_VI_2026-08-19_Tables.xlsx,Tables
UK Adults,18th August 2026,,,,,,age,55-64,"Table_Q4_5. The NHS:On a scale of 1 to 5 where 1 is not confident at all and 5 is very confident, how confident are you in the ability of the UK government to address the following areas?",Best party on NHS/healthcare,nhs,1 - Not confident at all,2,3,4,5 - Very confident,,,,,,25.5,22.9,30.6,14.1,5.7,,,,,,Survation_VI_2026-08-19_Tables.xlsx,Tables
UK Adults,18th August 2026,,,,,,age,65+,"Table_Q4_5. The NHS:On a scale of 1 to 5 where 1 is not confident at all and 5 is very confident, how confident are you in the ability of the UK government to address the following areas?",Best party on NHS/healthcare,nhs,1 - Not confident at all,2,3,4,5 - Very confident,,,,,,28.1,19.9,28.5,14.2,8.6,,,,,,Survation_VI_2026-08-19_Tables.xlsx,Tables
UK Adults,18th August 2026,,,,,,region,London,"Table_Q4_5. The NHS:On a scale of 1 to 5 where 1 is not confident at all and 5 is very confident, how confident are you in the ability of the UK government to address the following areas?",Best party on NHS/healthcare,nhs,1 - Not confident at all,2,3,4,5 - Very confident,,,,,,18.7,18.3,21.0,22.4,14.6,,,,,,Survation_VI_2026-08-19_Tables.xlsx,Tables
UK Adults,18th August 2026,,,,,,region,South,"Table_Q4_5. The NHS:On a scale of 1 to 5 where 1 is not confident at all and 5 is very confident, how confident are you in the ability of the UK government to address the following areas?",Best party on NHS/healthcare,nhs,1 - Not confident at all,2,3,4,5 - Very confident,,,,,,25.1,20.1,29.4,16.9,7.3,,,,,,Survation_VI_2026-08-19_Tables.xlsx,Tables
UK Adults,18th August 2026,,,,,,region,Midlands,"Table_Q4_5. The NHS:On a scale of 1 to 5 where 1 is not confident at all and 5 is very confident, how confident are you in the ability of the UK government to address the following areas?",Best party on NHS/healthcare,nhs,1 - Not confident at all,2,3,4,5 - Very confident,,,,,,25.1,20.8,27.4,16.6,8.8,,,,,,Survation_VI_2026-08-19_Tables.xlsx,Tables
UK Adults,18th August 2026,,,,,,region,North,"Table_Q4_5. The NHS:On a scale of 1 to 5 where 1 is not confident at all and 5 is very confident, how confident are you in the ability of the UK government to address the following areas?",Best party on NHS/healthcare,nhs,1 - Not confident at all,2,3,4,5 - Very confident,,,,,,24.0,20.6,25.3,16.5,11.8,,,,,,Survation_VI_2026-08-19_Tables.xlsx,Tables
UK Adults,18th August 2026,,,,,,region,England,"Table_Q4_5. The NHS:On a scale of 1 to 5 where 1 is not confident at all and 5 is very confident, how confident are you in the ability of the UK government to address the following areas?",Best party on NHS/healthcare,nhs,1 - Not confident at all,2,3,4,5 - Very confident,,,,,,23.8,20.1,26.6,17.6,10.0,,,,,,Survation_VI_2026-08-19_Tables.xlsx,Tables
UK Adults,18th August 2026,,,,,,region,Scotland,"Table_Q4_5. The NHS:On a scale of 1 to 5 where 1 is not confident at all and 5 is very confident, how confident are you in the ability of the UK government to address the following areas?",Best party on NHS/healthcare,nhs,1 - Not confident at all,2,3,4,5 - Very confident,,,,,,25.4,22.0,31.4,14.2,6.3,,,,,,Survation_VI_2026-08-19_Tables.xlsx,Tables
UK Adults,18th August 2026,,,,,,region,Wales,"Table_Q4_5. The NHS:On a scale of 1 to 5 where 1 is not confident at all and 5 is very confident, how confident are you in the ability of the UK government to address the following areas?",Best party on NHS/healthcare,nhs,1 - Not confident at all,2,3,4,5 - Very confident,,,,,,27.6,12.1,25.4,16.6,16.3,,,,,,Survation_VI_2026-08-19_Tables.xlsx,Tables
UK Adults,18th August 2026,,,,,,region,Northern Ireland,"Table_Q4_5. The NHS:On a scale of 1 to 5 where 1 is not confident at all and 5 is very confident, how confident are you in the ability of the UK government to address the following areas?",Best party on NHS/healthcare,nhs,1 - Not confident at all,2,3,4,5 - Very confident,,,,,,46.2,13.5,23.4,9.9,2.6,,,,,,Survation_VI_2026-08-19_Tables.xlsx,Tables
UK Adults,18th August 2026,,,,,,class,ABC1,"Table_Q4_5. The NHS:On a scale of 1 to 5 where 1 is not confident at all and 5 is very confident, how confident are you in the ability of the UK government to address the following areas?",Best party on NHS/healthcare,nhs,1 - Not confident at all,2,3,4,5 - Very confident,,,,,,22.9,20.0,27.1,17.9,10.8,,,,,,Survation_VI_2026-08-19_Tables.xlsx,Tables
UK Adults,18th August 2026,,,,,,class,C2DE,"Table_Q4_5. The NHS:On a scale of 1 to 5 where 1 is not confident at all and 5 is very confident, how confident are you in the ability of the UK government to address the following areas?",Best party on NHS/healthcare,nhs,1 - Not confident at all,2,3,4,5 - Very confident,,,,,,27.0,19.4,26.5,15.9,8.5,,,,,,Survation_VI_2026-08-19_Tables.xlsx,Tables
UK Adults,18th August 2026,,,,,,income,"£0 - £19,999","Table_Q4_5. The NHS:On a scale of 1 to 5 where 1 is not confident at all and 5 is very confident, how confident are you in the ability of the UK government to address the following areas?",Best party on NHS/healthcare,nhs,1 - Not confident at all,2,3,4,5 - Very confident,,,,,,25.5,17.9,24.2,15.8,11.8,,,,,,Survation_VI_2026-08-19_Tables.xlsx,Tables
UK Adults,18th August 2026,,,,,,income,"£20,000 - £39,999","Table_Q4_5. The NHS:On a scale of 1 to 5 where 1 is not confident at all and 5 is very confident, how confident are you in the ability of the UK government to address the following areas?",Best party on NHS/healthcare,nhs,1 - Not confident at all,2,3,4,5 - Very confident,,,,,,27.3,19.1,28.6,15.4,7.7,,,,,,Survation_VI_2026-08-19_Tables.xlsx,Tables
UK Adults,18th August 2026,,,,,,income,"£40,000+","Table_Q4_5. The NHS:On a scale of 1 to 5 where 1 is not confident at all and 5 is very confident, how confident are you in the ability of the UK government to address the following areas?",Best party on NHS/healthcare,nhs,1 - Not confident at all,2,3,4,5 - Very confident,,,,,,21.5,21.4,26.5,19.5,10.9,,,,,,Survation_VI_2026-08-19_Tables.xlsx,Tables
UK Adults,18th August 2026,,,,,,historic_vote,LAB,"Table_Q4_5. The NHS:On a scale of 1 to 5 where 1 is not confident at all and 5 is very confident, how confident are you in the ability of the UK government to address the following areas?",Best party on NHS/healthcare,nhs,1 - Not confident at all,2,3,4,5 - Very confident,,,,,,13.8,15.0,24.6,27.9,17.4,,,,,,Survation_VI_2026-08-19_Tables.xlsx,Tables
UK Adults,18th August 2026,,,,,,historic_vote,CON,"Table_Q4_5. The NHS:On a scale of 1 to 5 where 1 is not confident at all and 5 is very confident, how confident are you in the ability of the UK government to address the following areas?",Best party on NHS/healthcare,nhs,1 - Not confident at all,2,3,4,5 - Very confident,,,,,,28.2,22.9,28.5,14.1,6.0,,,,,,Survation_VI_2026-08-19_Tables.xlsx,Tables
UK Adults,18th August 2026,,,,,,historic_vote,RFM,"Table_Q4_5. The NHS:On a scale of 1 to 5 where 1 is not confident at all and 5 is very confident, how confident are you in the ability of the UK government to address the following areas?",Best party on NHS/healthcare,nhs,1 - Not confident at all,2,3,4,5 - Very confident,,,,,,42.0,18.8,21.1,9.1,8.7,,,,,,Survation_VI_2026-08-19_Tables.xlsx,Tables
UK Adults,18th August 2026,,,,,,historic_vote,LD,"Table_Q4_5. The NHS:On a scale of 1 to 5 where 1 is not confident at all and 5 is very confident, how confident are you in the ability of the UK government to address the following areas?",Best party on NHS/healthcare,nhs,1 - Not confident at all,2,3,4,5 - Very confident,,,,,,14.1,22.1,38.1,17.8,5.6,,,,,,Survation_VI_2026-08-19_Tables.xlsx,Tables
UK Adults,18th August 2026,,,,,,historic_vote,GRN,"Table_Q4_5. The NHS:On a scale of 1 to 5 where 1 is not confident at all and 5 is very confident, how confident are you in the ability of the UK government to address the following areas?",Best party on NHS/healthcare,nhs,1 - Not confident at all,2,3,4,5 - Very confident,,,,,,24.3,21.7,27.0,16.4,8.3,,,,,,Survation_VI_2026-08-19_Tables.xlsx,Tables
UK Adults,18th August 2026,,,,,,historic_vote,OTH,"Table_Q4_5. The NHS:On a scale of 1 to 5 where 1 is not confident at all and 5 is very confident, how confident are you in the ability of the UK government to address the following areas?",Best party on NHS/healthcare,nhs,1 - Not confident at all,2,3,4,5 - Very confident,,,,,,37.2,20.5,23.2,12.0,5.4,,,,,,Survation_VI_2026-08-19_Tables.xlsx,Tables
UK Adults,18th August 2026,,,,,,historic_vote,Leave,"Table_Q4_5. The NHS:On a scale of 1 to 5 where 1 is not confident at all and 5 is very confident, how confident are you in the ability of the UK government to address the following areas?",Best party on NHS/healthcare,nhs,1 - Not confident at all,2,3,4,5 - Very confident,,,,,,30.4,20.8,28.3,12.1,7.7,,,,,,Survation_VI_2026-08-19_Tables.xlsx,Tables
UK Adults,18th August 2026,,,,,,historic_vote,Remain,"Table_Q4_5. The NHS:On a scale of 1 to 5 where 1 is not confident at all and 5 is very confident, how confident are you in the ability of the UK government to address the following areas?",Best party on NHS/healthcare,nhs,1 - Not confident at all,2,3,4,5 - Very confident,,,,,,20.5,18.1,29.4,21.7,9.8,,,,,,Survation_VI_2026-08-19_Tables.xlsx,Tables
UK Adults,18th August 2026,,,,,,current_vote,LAB,"Table_Q4_5. The NHS:On a scale of 1 to 5 where 1 is not confident at all and 5 is very confident, how confident are you in the ability of the UK government to address the following areas?",Best party on NHS/healthcare,nhs,1 - Not confident at all,2,3,4,5 - Very confident,,,,,,5.9,10.2,29.1,31.3,22.6,,,,,,Survation_VI_2026-08-19_Tables.xlsx,Tables
UK Adults,18th August 2026,,,,,,current_vote,CON,"Table_Q4_5. The NHS:On a scale of 1 to 5 where 1 is not confident at all and 5 is very confident, how confident are you in the ability of the UK government to address the following areas?",Best party on NHS/healthcare,nhs,1 - Not confident at all,2,3,4,5 - Very confident,,,,,,26.5,19.8,30.0,18.7,4.7,,,,,,Survation_VI_2026-08-19_Tables.xlsx,Tables
UK Adults,18th August 2026,,,,,,current_vote,RFM,"Table_Q4_5. The NHS:On a scale of 1 to 5 where 1 is not confident at all and 5 is very confident, how confident are you in the ability of the UK government to address the following areas?",Best party on NHS/healthcare,nhs,1 - Not confident at all,2,3,4,5 - Very confident,,,,,,37.1,24.9,23.3,7.2,7.3,,,,,,Survation_VI_2026-08-19_Tables.xlsx,Tables
UK Adults,18th August 2026,,,,,,current_vote,LD,"Table_Q4_5. The NHS:On a scale of 1 to 5 where 1 is not confident at all and 5 is very confident, how confident are you in the ability of the UK government to address the following areas?",Best party on NHS/healthcare,nhs,1 - Not confident at all,2,3,4,5 - Very confident,,,,,,18.6,21.9,31.3,21.3,5.5,,,,,,Survation_VI_2026-08-19_Tables.xlsx,Tables
UK Adults,18th August 2026,,,,,,current_vote,GRN,"Table_Q4_5. The NHS:On a scale of 1 to 5 where 1 is not confident at all and 5 is very confident, how confident are you in the ability of the UK government to address the following areas?",Best party on NHS/healthcare,nhs,1 - Not confident at all,2,3,4,5 - Very confident,,,,,,28.8,24.5,25.9,9.9,9.4,,,,,,Survation_VI_2026-08-19_Tables.xlsx,Tables
UK Adults,18th August 2026,,,,,,current_vote,OTH,"Table_Q4_5. The NHS:On a scale of 1 to 5 where 1 is not confident at all and 5 is very confident, how confident are you in the ability of the UK government to address the following areas?",Best party on NHS/healthcare,nhs,1 - Not confident at all,2,3,4,5 - Very confident,,,,,,34.0,18.7,25.2,15.2,4.7,,,,,,Survation_VI_2026-08-19_Tables.xlsx,Tables
UK Adults,18th August 2026,,,,,,gender,Female,"Table_Q4_6. Refugees and asylum seekers:On a scale of 1 to 5 where 1 is not confident at all and 5 is very confident, how confident are you in the ability of the UK government to address the following areas?",Confidence by policy area,on a scale.*confident,1 - Not confident at all,2,3,4,5 - Very confident,,,,,,41.9,19.0,18.0,12.2,5.9,,,,,,Survation_VI_2026-08-19_Tables.xlsx,Tables
UK Adults,18th August 2026,,,,,,gender,Male,"Table_Q4_6. Refugees and asylum seekers:On a scale of 1 to 5 where 1 is not confident at all and 5 is very confident, how confident are you in the ability of the UK government to address the following areas?",Confidence by policy area,on a scale.*confident,1 - Not confident at all,2,3,4,5 - Very confident,,,,,,47.5,15.3,17.7,10.6,6.9,,,,,,Survation_VI_2026-08-19_Tables.xlsx,Tables
UK Adults,18th August 2026,,,,,,age,18-24,"Table_Q4_6. Refugees and asylum seekers:On a scale of 1 to 5 where 1 is not confident at all and 5 is very confident, how confident are you in the ability of the UK government to address the following areas?",Confidence by policy area,on a scale.*confident,1 - Not confident at all,2,3,4,5 - Very confident,,,,,,24.4,20.0,29.1,11.2,10.8,,,,,,Survation_VI_2026-08-19_Tables.xlsx,Tables
UK Adults,18th August 2026,,,,,,age,25-34,"Table_Q4_6. Refugees and asylum seekers:On a scale of 1 to 5 where 1 is not confident at all and 5 is very confident, how confident are you in the ability of the UK government to address the following areas?",Confidence by policy area,on a scale.*confident,1 - Not confident at all,2,3,4,5 - Very confident,,,,,,27.1,15.8,19.7,21.1,12.2,,,,,,Survation_VI_2026-08-19_Tables.xlsx,Tables
UK Adults,18th August 2026,,,,,,age,35-44,"Table_Q4_6. Refugees and asylum seekers:On a scale of 1 to 5 where 1 is not confident at all and 5 is very confident, how confident are you in the ability of the UK government to address the following areas?",Confidence by policy area,on a scale.*confident,1 - Not confident at all,2,3,4,5 - Very confident,,,,,,40.4,19.9,17.0,14.2,6.6,,,,,,Survation_VI_2026-08-19_Tables.xlsx,Tables
UK Adults,18th August 2026,,,,,,age,45-54,"Table_Q4_6. Refugees and asylum seekers:On a scale of 1 to 5 where 1 is not confident at all and 5 is very confident, how confident are you in the ability of the UK government to address the following areas?",Confidence by policy area,on a scale.*confident,1 - Not confident at all,2,3,4,5 - Very confident,,,,,,49.9,17.3,18.8,8.5,2.7,,,,,,Survation_VI_2026-08-19_Tables.xlsx,Tables
UK Adults,18th August 2026,,,,,,age,55-64,"Table_Q4_6. Refugees and asylum seekers:On a scale of 1 to 5 where 1 is not confident at all and 5 is very confident, how confident are you in the ability of the UK government to address the following areas?",Confidence by policy area,on a scale.*confident,1 - Not confident at all,2,3,4,5 - Very confident,,,,,,55.5,18.7,14.8,7.0,2.8,,,,,,Survation_VI_2026-08-19_Tables.xlsx,Tables
UK Adults,18th August 2026,,,,,,age,65+,"Table_Q4_6. Refugees and asylum seekers:On a scale of 1 to 5 where 1 is not confident at all and 5 is very confident, how confident are you in the ability of the UK government to address the following areas?",Confidence by policy area,on a scale.*confident,1 - Not confident at all,2,3,4,5 - Very confident,,,,,,58.1,14.1,13.5,7.9,4.9,,,,,,Survation_VI_2026-08-19_Tables.xlsx,Tables
UK Adults,18th August 2026,,,,,,region,London,"Table_Q4_6. Refugees and asylum seekers:On a scale of 1 to 5 where 1 is not confident at all and 5 is very confident, how confident are you in the ability of the UK government to address the following areas?",Confidence by policy area,on a scale.*confident,1 - Not confident at all,2,3,4,5 - Very confident,,,,,,32.7,10.6,21.8,18.1,9.2,,,,,,Survation_VI_2026-08-19_Tables.xlsx,Tables
UK Adults,18th August 2026,,,,,,region,South,"Table_Q4_6. Refugees and asylum seekers:On a scale of 1 to 5 where 1 is not confident at all and 5 is very confident, how confident are you in the ability of the UK government to address the following areas?",Confidence by policy area,on a scale.*confident,1 - Not confident at all,2,3,4,5 - Very confident,,,,,,47.9,19.9,17.2,9.3,4.2,,,,,,Survation_VI_2026-08-19_Tables.xlsx,Tables
UK Adults,18th August 2026,,,,,,region,Midlands,"Table_Q4_6. Refugees and asylum seekers:On a scale of 1 to 5 where 1 is not confident at all and 5 is very confident, how confident are you in the ability of the UK government to address the following areas?",Confidence by policy area,on a scale.*confident,1 - Not confident at all,2,3,4,5 - Very confident,,,,,,47.3,18.2,16.3,11.5,5.4,,,,,,Survation_VI_2026-08-19_Tables.xlsx,Tables
UK Adults,18th August 2026,,,,,,region,North,"Table_Q4_6. Refugees and asylum seekers:On a scale of 1 to 5 where 1 is not confident at all and 5 is very confident, how confident are you in the ability of the UK government to address the following areas?",Confidence by policy area,on a scale.*confident,1 - Not confident at all,2,3,4,5 - Very confident,,,,,,43.1,15.3,18.8,12.8,7.5,,,,,,Survation_VI_2026-08-19_Tables.xlsx,Tables
UK Adults,18th August 2026,,,,,,region,England,"Table_Q4_6. Refugees and asylum seekers:On a scale of 1 to 5 where 1 is not confident at all and 5 is very confident, how confident are you in the ability of the UK government to address the following areas?",Confidence by policy area,on a scale.*confident,1 - Not confident at all,2,3,4,5 - Very confident,,,,,,44.1,16.9,18.2,12.1,6.1,,,,,,Survation_VI_2026-08-19_Tables.xlsx,Tables
UK Adults,18th August 2026,,,,,,region,Scotland,"Table_Q4_6. Refugees and asylum seekers:On a scale of 1 to 5 where 1 is not confident at all and 5 is very confident, how confident are you in the ability of the UK government to address the following areas?",Confidence by policy area,on a scale.*confident,1 - Not confident at all,2,3,4,5 - Very confident,,,,,,52.1,20.0,12.1,7.9,7.9,,,,,,Survation_VI_2026-08-19_Tables.xlsx,Tables
UK Adults,18th August 2026,,,,,,region,Wales,"Table_Q4_6. Refugees and asylum seekers:On a scale of 1 to 5 where 1 is not confident at all and 5 is very confident, how confident are you in the ability of the UK government to address the following areas?",Confidence by policy area,on a scale.*confident,1 - Not confident at all,2,3,4,5 - Very confident,,,,,,32.8,18.6,25.7,10.3,9.5,,,,,,Survation_VI_2026-08-19_Tables.xlsx,Tables
UK Adults,18th August 2026,,,,,,region,Northern Ireland,"Table_Q4_6. Refugees and asylum seekers:On a scale of 1 to 5 where 1 is not confident at all and 5 is very confident, how confident are you in the ability of the UK government to address the following areas?",Confidence by policy area,on a scale.*confident,1 - Not confident at all,2,3,4,5 - Very confident,,,,,,57.1,17.0,13.0,5.9,2.6,,,,,,Survation_VI_2026-08-19_Tables.xlsx,Tables
UK Adults,18th August 2026,,,,,,class,ABC1,"Table_Q4_6. Refugees and asylum seekers:On a scale of 1 to 5 where 1 is not confident at all and 5 is very confident, how confident are you in the ability of the UK government to address the following areas?",Confidence by policy area,on a scale.*confident,1 - Not confident at all,2,3,4,5 - Very confident,,,,,,39.4,18.3,19.3,14.1,7.2,,,,,,Survation_VI_2026-08-19_Tables.xlsx,Tables
UK Adults,18th August 2026,,,,,,class,C2DE,"Table_Q4_6. Refugees and asylum seekers:On a scale of 1 to 5 where 1 is not confident at all and 5 is very confident, how confident are you in the ability of the UK government to address the following areas?",Confidence by policy area,on a scale.*confident,1 - Not confident at all,2,3,4,5 - Very confident,,,,,,50.9,15.9,16.2,8.3,5.2,,,,,,Survation_VI_2026-08-19_Tables.xlsx,Tables
UK Adults,18th August 2026,,,,,,income,"£0 - £19,999","Table_Q4_6. Refugees and asylum seekers:On a scale of 1 to 5 where 1 is not confident at all and 5 is very confident, how confident are you in the ability of the UK government to address the following areas?",Confidence by policy area,on a scale.*confident,1 - Not confident at all,2,3,4,5 - Very confident,,,,,,41.1,17.2,20.7,8.2,7.7,,,,,,Survation_VI_2026-08-19_Tables.xlsx,Tables
UK Adults,18th August 2026,,,,,,income,"£20,000 - £39,999","Table_Q4_6. Refugees and asylum seekers:On a scale of 1 to 5 where 1 is not confident at all and 5 is very confident, how confident are you in the ability of the UK government to address the following areas?",Confidence by policy area,on a scale.*confident,1 - Not confident at all,2,3,4,5 - Very confident,,,,,,48.6,17.6,16.5,10.3,4.2,,,,,,Survation_VI_2026-08-19_Tables.xlsx,Tables
UK Adults,18th August 2026,,,,,,income,"£40,000+","Table_Q4_6. Refugees and asylum seekers:On a scale of 1 to 5 where 1 is not confident at all and 5 is very confident, how confident are you in the ability of the UK government to address the following areas?",Confidence by policy area,on a scale.*confident,1 - Not confident at all,2,3,4,5 - Very confident,,,,,,42.2,16.9,17.8,14.5,7.9,,,,,,Survation_VI_2026-08-19_Tables.xlsx,Tables
UK Adults,18th August 2026,,,,,,historic_vote,LAB,"Table_Q4_6. Refugees and asylum seekers:On a scale of 1 to 5 where 1 is not confident at all and 5 is very confident, how confident are you in the ability of the UK government to address the following areas?",Confidence by policy area,on a scale.*confident,1 - Not confident at all,2,3,4,5 - Very confident,,,,,,24.0,18.3,22.2,22.4,10.8,,,,,,Survation_VI_2026-08-19_Tables.xlsx,Tables
UK Adults,18th August 2026,,,,,,historic_vote,CON,"Table_Q4_6. Refugees and asylum seekers:On a scale of 1 to 5 where 1 is not confident at all and 5 is very confident, how confident are you in the ability of the UK government to address the following areas?",Confidence by policy area,on a scale.*confident,1 - Not confident at all,2,3,4,5 - Very confident,,,,,,63.9,13.6,13.1,7.3,2.1,,,,,,Survation_VI_2026-08-19_Tables.xlsx,Tables
UK Adults,18th August 2026,,,,,,historic_vote,RFM,"Table_Q4_6. Refugees and asylum seekers:On a scale of 1 to 5 where 1 is not confident at all and 5 is very confident, how confident are you in the ability of the UK government to address the following areas?",Confidence by policy area,on a scale.*confident,1 - Not confident at all,2,3,4,5 - Very confident,,,,,,72.4,9.0,7.4,5.6,5.5,,,,,,Survation_VI_2026-08-19_Tables.xlsx,Tables
UK Adults,18th August 2026,,,,,,historic_vote,LD,"Table_Q4_6. Refugees and asylum seekers:On a scale of 1 to 5 where 1 is not confident at all and 5 is very confident, how confident are you in the ability of the UK government to address the following areas?",Confidence by policy area,on a scale.*confident,1 - Not confident at all,2,3,4,5 - Very confident,,,,,,30.4,30.6,22.2,11.8,3.4,,,,,,Survation_VI_2026-08-19_Tables.xlsx,Tables
UK Adults,18th August 2026,,,,,,historic_vote,GRN,"Table_Q4_6. Refugees and asylum seekers:On a scale of 1 to 5 where 1 is not confident at all and 5 is very confident, how confident are you in the ability of the UK government to address the following areas?",Confidence by policy area,on a scale.*confident,1 - Not confident at all,2,3,4,5 - Very confident,,,,,,23.7,29.6,22.9,8.3,10.7,,,,,,Survation_VI_2026-08-19_Tables.xlsx,Tables
UK Adults,18th August 2026,,,,,,historic_vote,OTH,"Table_Q4_6. Refugees and asylum seekers:On a scale of 1 to 5 where 1 is not confident at all and 5 is very confident, how confident are you in the ability of the UK government to address the following areas?",Confidence by policy area,on a scale.*confident,1 - Not confident at all,2,3,4,5 - Very confident,,,,,,58.2,15.2,14.8,5.2,4.9,,,,,,Survation_VI_2026-08-19_Tables.xlsx,Tables
UK Adults,18th August 2026,,,,,,historic_vote,Leave,"Table_Q4_6. Refugees and asylum seekers:On a scale of 1 to 5 where 1 is not confident at all and 5 is very confident, how confident are you in the ability of the UK government to address the following areas?",Confidence by policy area,on a scale.*confident,1 - Not confident at all,2,3,4,5 - Very confident,,,,,,63.6,13.2,12.2,7.1,3.2,,,,,,Survation_VI_2026-08-19_Tables.xlsx,Tables
UK Adults,18th August 2026,,,,,,historic_vote,Remain,"Table_Q4_6. Refugees and asylum seekers:On a scale of 1 to 5 where 1 is not confident at all and 5 is very confident, how confident are you in the ability of the UK government to address the following areas?",Confidence by policy area,on a scale.*confident,1 - Not confident at all,2,3,4,5 - Very confident,,,,,,33.3,21.4,20.3,16.0,7.9,,,,,,Survation_VI_2026-08-19_Tables.xlsx,Tables
UK Adults,18th August 2026,,,,,,current_vote,LAB,"Table_Q4_6. Refugees and asylum seekers:On a scale of 1 to 5 where 1 is not confident at all and 5 is very confident, how confident are you in the ability of the UK government to address the following areas?",Confidence by policy area,on a scale.*confident,1 - Not confident at all,2,3,4,5 - Very confident,,,,,,13.5,16.4,27.8,26.2,13.7,,,,,,Survation_VI_2026-08-19_Tables.xlsx,Tables
UK Adults,18th August 2026,,,,,,current_vote,CON,"Table_Q4_6. Refugees and asylum seekers:On a scale of 1 to 5 where 1 is not confident at all and 5 is very confident, how confident are you in the ability of the UK government to address the following areas?",Confidence by policy area,on a scale.*confident,1 - Not confident at all,2,3,4,5 - Very confident,,,,,,53.5,18.6,15.8,9.2,2.4,,,,,,Survation_VI_2026-08-19_Tables.xlsx,Tables
UK Adults,18th August 2026,,,,,,current_vote,RFM,"Table_Q4_6. Refugees and asylum seekers:On a scale of 1 to 5 where 1 is not confident at all and 5 is very confident, how confident are you in the ability of the UK government to address the following areas?",Confidence by policy area,on a scale.*confident,1 - Not confident at all,2,3,4,5 - Very confident,,,,,,75.6,7.6,8.7,4.9,3.2,,,,,,Survation_VI_2026-08-19_Tables.xlsx,Tables
UK Adults,18th August 2026,,,,,,current_vote,LD,"Table_Q4_6. Refugees and asylum seekers:On a scale of 1 to 5 where 1 is not confident at all and 5 is very confident, how confident are you in the ability of the UK government to address the following areas?",Confidence by policy area,on a scale.*confident,1 - Not confident at all,2,3,4,5 - Very confident,,,,,,25.9,32.0,24.3,11.8,5.1,,,,,,Survation_VI_2026-08-19_Tables.xlsx,Tables
UK Adults,18th August 2026,,,,,,current_vote,GRN,"Table_Q4_6. Refugees and asylum seekers:On a scale of 1 to 5 where 1 is not confident at all and 5 is very confident, how confident are you in the ability of the UK government to address the following areas?",Confidence by policy area,on a scale.*confident,1 - Not confident at all,2,3,4,5 - Very confident,,,,,,26.7,25.5,21.9,9.8,12.8,,,,,,Survation_VI_2026-08-19_Tables.xlsx,Tables
UK Adults,18th August 2026,,,,,,current_vote,OTH,"Table_Q4_6. Refugees and asylum seekers:On a scale of 1 to 5 where 1 is not confident at all and 5 is very confident, how confident are you in the ability of the UK government to address the following areas?",Confidence by policy area,on a scale.*confident,1 - Not confident at all,2,3,4,5 - Very confident,,,,,,57.9,14.2,14.8,7.2,4.2,,,,,,Survation_VI_2026-08-19_Tables.xlsx,Tables
UK Adults,18th August 2026,,,,,,gender,Female,"Table_Q4_7. Climate change:On a scale of 1 to 5 where 1 is not confident at all and 5 is very confident, how confident are you in the ability of the UK government to address the following areas?",Confidence by policy area,on a scale.*confident,1 - Not confident at all,2,3,4,5 - Very confident,,,,,,23.7,22.0,27.4,15.2,6.7,,,,,,Survation_VI_2026-08-19_Tables.xlsx,Tables
UK Adults,18th August 2026,,,,,,gender,Male,"Table_Q4_7. Climate change:On a scale of 1 to 5 where 1 is not confident at all and 5 is very confident, how confident are you in the ability of the UK government to address the following areas?",Confidence by policy area,on a scale.*confident,1 - Not confident at all,2,3,4,5 - Very confident,,,,,,24.6,25.7,24.7,14.6,6.1,,,,,,Survation_VI_2026-08-19_Tables.xlsx,Tables
UK Adults,18th August 2026,,,,,,age,18-24,"Table_Q4_7. Climate change:On a scale of 1 to 5 where 1 is not confident at all and 5 is very confident, how confident are you in the ability of the UK government to address the following areas?",Confidence by policy area,on a scale.*confident,1 - Not confident at all,2,3,4,5 - Very confident,,,,,,22.0,23.8,23.3,16.1,12.4,,,,,,Survation_VI_2026-08-19_Tables.xlsx,Tables
UK Adults,18th August 2026,,,,,,age,25-34,"Table_Q4_7. Climate change:On a scale of 1 to 5 where 1 is not confident at all and 5 is very confident, how confident are you in the ability of the UK government to address the following areas?",Confidence by policy area,on a scale.*confident,1 - Not confident at all,2,3,4,5 - Very confident,,,,,,20.3,15.0,26.6,21.2,12.8,,,,,,Survation_VI_2026-08-19_Tables.xlsx,Tables
UK Adults,18th August 2026,,,,,,age,35-44,"Table_Q4_7. Climate change:On a scale of 1 to 5 where 1 is not confident at all and 5 is very confident, how confident are you in the ability of the UK government to address the following areas?",Confidence by policy area,on a scale.*confident,1 - Not confident at all,2,3,4,5 - Very confident,,,,,,22.2,18.9,27.4,21.2,5.5,,,,,,Survation_VI_2026-08-19_Tables.xlsx,Tables
UK Adults,18th August 2026,,,,,,age,45-54,"Table_Q4_7. Climate change:On a scale of 1 to 5 where 1 is not confident at all and 5 is very confident, how confident are you in the ability of the UK government to address the following areas?",Confidence by policy area,on a scale.*confident,1 - Not confident at all,2,3,4,5 - Very confident,,,,,,29.3,25.2,26.2,10.8,3.5,,,,,,Survation_VI_2026-08-19_Tables.xlsx,Tables
UK Adults,18th August 2026,,,,,,age,55-64,"Table_Q4_7. Climate change:On a scale of 1 to 5 where 1 is not confident at all and 5 is very confident, how confident are you in the ability of the UK government to address the following areas?",Confidence by policy area,on a scale.*confident,1 - Not confident at all,2,3,4,5 - Very confident,,,,,,19.8,31.6,31.6,7.8,4.3,,,,,,Survation_VI_2026-08-19_Tables.xlsx,Tables
UK Adults,18th August 2026,,,,,,age,65+,"Table_Q4_7. Climate change:On a scale of 1 to 5 where 1 is not confident at all and 5 is very confident, how confident are you in the ability of the UK government to address the following areas?",Confidence by policy area,on a scale.*confident,1 - Not confident at all,2,3,4,5 - Very confident,,,,,,28.3,27.2,22.3,13.2,3.2,,,,,,Survation_VI_2026-08-19_Tables.xlsx,Tables
UK Adults,18th August 2026,,,,,,region,London,"Table_Q4_7. Climate change:On a scale of 1 to 5 where 1 is not confident at all and 5 is very confident, how confident are you in the ability of the UK government to address the following areas?",Confidence by policy area,on a scale.*confident,1 - Not confident at all,2,3,4,5 - Very confident,,,,,,24.2,18.0,20.6,19.7,9.8,,,,,,Survation_VI_2026-08-19_Tables.xlsx,Tables
UK Adults,18th August 2026,,,,,,region,South,"Table_Q4_7. Climate change:On a scale of 1 to 5 where 1 is not confident at all and 5 is very confident, how confident are you in the ability of the UK government to address the following areas?",Confidence by policy area,on a scale.*confident,1 - Not confident at all,2,3,4,5 - Very confident,,,,,,27.0,26.5,25.8,13.8,3.9,,,,,,Survation_VI_2026-08-19_Tables.xlsx,Tables
UK Adults,18th August 2026,,,,,,region,Midlands,"Table_Q4_7. Climate change:On a scale of 1 to 5 where 1 is not confident at all and 5 is very confident, how confident are you in the ability of the UK government to address the following areas?",Confidence by policy area,on a scale.*confident,1 - Not confident at all,2,3,4,5 - Very confident,,,,,,23.8,22.4,29.0,11.9,5.5,,,,,,Survation_VI_2026-08-19_Tables.xlsx,Tables
UK Adults,18th August 2026,,,,,,region,North,"Table_Q4_7. Climate change:On a scale of 1 to 5 where 1 is not confident at all and 5 is very confident, how confident are you in the ability of the UK government to address the following areas?",Confidence by policy area,on a scale.*confident,1 - Not confident at all,2,3,4,5 - Very confident,,,,,,20.6,23.5,25.6,18.2,7.9,,,,,,Survation_VI_2026-08-19_Tables.xlsx,Tables
UK Adults,18th August 2026,,,,,,region,England,"Table_Q4_7. Climate change:On a scale of 1 to 5 where 1 is not confident at all and 5 is very confident, how confident are you in the ability of the UK government to address the following areas?",Confidence by policy area,on a scale.*confident,1 - Not confident at all,2,3,4,5 - Very confident,,,,,,24.2,23.6,25.5,15.6,6.2,,,,,,Survation_VI_2026-08-19_Tables.xlsx,Tables
UK Adults,18th August 2026,,,,,,region,Scotland,"Table_Q4_7. Climate change:On a scale of 1 to 5 where 1 is not confident at all and 5 is very confident, how confident are you in the ability of the UK government to address the following areas?",Confidence by policy area,on a scale.*confident,1 - Not confident at all,2,3,4,5 - Very confident,,,,,,26.8,24.6,27.7,13.9,5.9,,,,,,Survation_VI_2026-08-19_Tables.xlsx,Tables
UK Adults,18th August 2026,,,,,,region,Wales,"Table_Q4_7. Climate change:On a scale of 1 to 5 where 1 is not confident at all and 5 is very confident, how confident are you in the ability of the UK government to address the following areas?",Confidence by policy area,on a scale.*confident,1 - Not confident at all,2,3,4,5 - Very confident,,,,,,20.9,23.0,27.1,9.7,13.0,,,,,,Survation_VI_2026-08-19_Tables.xlsx,Tables
UK Adults,18th August 2026,,,,,,region,Northern Ireland,"Table_Q4_7. Climate change:On a scale of 1 to 5 where 1 is not confident at all and 5 is very confident, how confident are you in the ability of the UK government to address the following areas?",Confidence by policy area,on a scale.*confident,1 - Not confident at all,2,3,4,5 - Very confident,,,,,,19.1,29.0,37.5,7.4,2.6,,,,,,Survation_VI_2026-08-19_Tables.xlsx,Tables
UK Adults,18th August 2026,,,,,,class,ABC1,"Table_Q4_7. Climate change:On a scale of 1 to 5 where 1 is not confident at all and 5 is very confident, how confident are you in the ability of the UK government to address the following areas?",Confidence by policy area,on a scale.*confident,1 - Not confident at all,2,3,4,5 - Very confident,,,,,,21.7,25.7,26.2,16.1,6.9,,,,,,Survation_VI_2026-08-19_Tables.xlsx,Tables
UK Adults,18th August 2026,,,,,,class,C2DE,"Table_Q4_7. Climate change:On a scale of 1 to 5 where 1 is not confident at all and 5 is very confident, how confident are you in the ability of the UK government to address the following areas?",Confidence by policy area,on a scale.*confident,1 - Not confident at all,2,3,4,5 - Very confident,,,,,,27.0,21.5,26.0,13.5,5.7,,,,,,Survation_VI_2026-08-19_Tables.xlsx,Tables
UK Adults,18th August 2026,,,,,,income,"£0 - £19,999","Table_Q4_7. Climate change:On a scale of 1 to 5 where 1 is not confident at all and 5 is very confident, how confident are you in the ability of the UK government to address the following areas?",Confidence by policy area,on a scale.*confident,1 - Not confident at all,2,3,4,5 - Very confident,,,,,,26.1,23.3,20.8,13.9,8.5,,,,,,Survation_VI_2026-08-19_Tables.xlsx,Tables
UK Adults,18th August 2026,,,,,,income,"£20,000 - £39,999","Table_Q4_7. Climate change:On a scale of 1 to 5 where 1 is not confident at all and 5 is very confident, how confident are you in the ability of the UK government to address the following areas?",Confidence by policy area,on a scale.*confident,1 - Not confident at all,2,3,4,5 - Very confident,,,,,,25.1,27.1,25.8,11.6,4.9,,,,,,Survation_VI_2026-08-19_Tables.xlsx,Tables
UK Adults,18th August 2026,,,,,,income,"£40,000+","Table_Q4_7. Climate change:On a scale of 1 to 5 where 1 is not confident at all and 5 is very confident, how confident are you in the ability of the UK government to address the following areas?",Confidence by policy area,on a scale.*confident,1 - Not confident at all,2,3,4,5 - Very confident,,,,,,22.0,20.5,29.4,19.1,6.9,,,,,,Survation_VI_2026-08-19_Tables.xlsx,Tables
UK Adults,18th August 2026,,,,,,historic_vote,LAB,"Table_Q4_7. Climate change:On a scale of 1 to 5 where 1 is not confident at all and 5 is very confident, how confident are you in the ability of the UK government to address the following areas?",Confidence by policy area,on a scale.*confident,1 - Not confident at all,2,3,4,5 - Very confident,,,,,,12.5,21.3,28.5,23.1,10.5,,,,,,Survation_VI_2026-08-19_Tables.xlsx,Tables
UK Adults,18th August 2026,,,,,,historic_vote,CON,"Table_Q4_7. Climate change:On a scale of 1 to 5 where 1 is not confident at all and 5 is very confident, how confident are you in the ability of the UK government to address the following areas?",Confidence by policy area,on a scale.*confident,1 - Not confident at all,2,3,4,5 - Very confident,,,,,,26.4,25.1,28.8,11.8,4.6,,,,,,Survation_VI_2026-08-19_Tables.xlsx,Tables
UK Adults,18th August 2026,,,,,,historic_vote,RFM,"Table_Q4_7. Climate change:On a scale of 1 to 5 where 1 is not confident at all and 5 is very confident, how confident are you in the ability of the UK government to address the following areas?",Confidence by policy area,on a scale.*confident,1 - Not confident at all,2,3,4,5 - Very confident,,,,,,35.8,21.3,24.9,7.1,7.2,,,,,,Survation_VI_2026-08-19_Tables.xlsx,Tables
UK Adults,18th August 2026,,,,,,historic_vote,LD,"Table_Q4_7. Climate change:On a scale of 1 to 5 where 1 is not confident at all and 5 is very confident, how confident are you in the ability of the UK government to address the following areas?",Confidence by policy area,on a scale.*confident,1 - Not confident at all,2,3,4,5 - Very confident,,,,,,19.4,30.5,23.2,18.2,3.4,,,,,,Survation_VI_2026-08-19_Tables.xlsx,Tables
UK Adults,18th August 2026,,,,,,historic_vote,GRN,"Table_Q4_7. Climate change:On a scale of 1 to 5 where 1 is not confident at all and 5 is very confident, how confident are you in the ability of the UK government to address the following areas?",Confidence by policy area,on a scale.*confident,1 - Not confident at all,2,3,4,5 - Very confident,,,,,,32.4,27.3,13.9,15.5,6.0,,,,,,Survation_VI_2026-08-19_Tables.xlsx,Tables
UK Adults,18th August 2026,,,,,,historic_vote,OTH,"Table_Q4_7. Climate change:On a scale of 1 to 5 where 1 is not confident at all and 5 is very confident, how confident are you in the ability of the UK government to address the following areas?",Confidence by policy area,on a scale.*confident,1 - Not confident at all,2,3,4,5 - Very confident,,,,,,31.3,22.4,30.0,9.1,4.0,,,,,,Survation_VI_2026-08-19_Tables.xlsx,Tables
UK Adults,18th August 2026,,,,,,historic_vote,Leave,"Table_Q4_7. Climate change:On a scale of 1 to 5 where 1 is not confident at all and 5 is very confident, how confident are you in the ability of the UK government to address the following areas?",Confidence by policy area,on a scale.*confident,1 - Not confident at all,2,3,4,5 - Very confident,,,,,,26.2,25.3,28.5,11.1,5.0,,,,,,Survation_VI_2026-08-19_Tables.xlsx,Tables
UK Adults,18th August 2026,,,,,,historic_vote,Remain,"Table_Q4_7. Climate change:On a scale of 1 to 5 where 1 is not confident at all and 5 is very confident, how confident are you in the ability of the UK government to address the following areas?",Confidence by policy area,on a scale.*confident,1 - Not confident at all,2,3,4,5 - Very confident,,,,,,21.2,23.7,26.9,18.1,6.6,,,,,,Survation_VI_2026-08-19_Tables.xlsx,Tables
UK Adults,18th August 2026,,,,,,current_vote,LAB,"Table_Q4_7. Climate change:On a scale of 1 to 5 where 1 is not confident at all and 5 is very confident, how confident are you in the ability of the UK government to address the following areas?",Confidence by policy area,on a scale.*confident,1 - Not confident at all,2,3,4,5 - Very confident,,,,,,6.7,17.8,30.3,29.4,12.9,,,,,,Survation_VI_2026-08-19_Tables.xlsx,Tables
UK Adults,18th August 2026,,,,,,current_vote,CON,"Table_Q4_7. Climate change:On a scale of 1 to 5 where 1 is not confident at all and 5 is very confident, how confident are you in the ability of the UK government to address the following areas?",Confidence by policy area,on a scale.*confident,1 - Not confident at all,2,3,4,5 - Very confident,,,,,,23.8,25.9,28.7,13.2,4.4,,,,,,Survation_VI_2026-08-19_Tables.xlsx,Tables
UK Adults,18th August 2026,,,,,,current_vote,RFM,"Table_Q4_7. Climate change:On a scale of 1 to 5 where 1 is not confident at all and 5 is very confident, how confident are you in the ability of the UK government to address the following areas?",Confidence by policy area,on a scale.*confident,1 - Not confident at all,2,3,4,5 - Very confident,,,,,,34.4,25.8,22.2,9.1,5.9,,,,,,Survation_VI_2026-08-19_Tables.xlsx,Tables
UK Adults,18th August 2026,,,,,,current_vote,LD,"Table_Q4_7. Climate change:On a scale of 1 to 5 where 1 is not confident at all and 5 is very confident, how confident are you in the ability of the UK government to address the following areas?",Confidence by policy area,on a scale.*confident,1 - Not confident at all,2,3,4,5 - Very confident,,,,,,19.4,25.3,30.4,17.1,4.5,,,,,,Survation_VI_2026-08-19_Tables.xlsx,Tables
UK Adults,18th August 2026,,,,,,current_vote,GRN,"Table_Q4_7. Climate change:On a scale of 1 to 5 where 1 is not confident at all and 5 is very confident, how confident are you in the ability of the UK government to address the following areas?",Confidence by policy area,on a scale.*confident,1 - Not confident at all,2,3,4,5 - Very confident,,,,,,32.2,28.9,18.9,11.2,5.8,,,,,,Survation_VI_2026-08-19_Tables.xlsx,Tables
UK Adults,18th August 2026,,,,,,current_vote,OTH,"Table_Q4_7. Climate change:On a scale of 1 to 5 where 1 is not confident at all and 5 is very confident, how confident are you in the ability of the UK government to address the following areas?",Confidence by policy area,on a scale.*confident,1 - Not confident at all,2,3,4,5 - Very confident,,,,,,28.4,23.9,28.7,10.5,3.9,,,,,,Survation_VI_2026-08-19_Tables.xlsx,Tables
UK Adults,18th August 2026,,,,,,gender,Female,"Table_Q4_8. The economy:On a scale of 1 to 5 where 1 is not confident at all and 5 is very confident, how confident are you in the ability of the UK government to address the following areas?",Confidence by policy area,on a scale.*confident,1 - Not confident at all,2,3,4,5 - Very confident,,,,,,25.1,23.7,28.2,13.7,6.5,,,,,,Survation_VI_2026-08-19_Tables.xlsx,Tables
UK Adults,18th August 2026,,,,,,gender,Male,"Table_Q4_8. The economy:On a scale of 1 to 5 where 1 is not confident at all and 5 is very confident, how confident are you in the ability of the UK government to address the following areas?",Confidence by policy area,on a scale.*confident,1 - Not confident at all,2,3,4,5 - Very confident,,,,,,27.1,22.7,23.5,16.8,7.9,,,,,,Survation_VI_2026-08-19_Tables.xlsx,Tables
UK Adults,18th August 2026,,,,,,age,18-24,"Table_Q4_8. The economy:On a scale of 1 to 5 where 1 is not confident at all and 5 is very confident, how confident are you in the ability of the UK government to address the following areas?",Confidence by policy area,on a scale.*confident,1 - Not confident at all,2,3,4,5 - Very confident,,,,,,13.1,32.2,30.6,13.1,9.0,,,,,,Survation_VI_2026-08-19_Tables.xlsx,Tables
UK Adults,18th August 2026,,,,,,age,25-34,"Table_Q4_8. The economy:On a scale of 1 to 5 where 1 is not confident at all and 5 is very confident, how confident are you in the ability of the UK government to address the following areas?",Confidence by policy area,on a scale.*confident,1 - Not confident at all,2,3,4,5 - Very confident,,,,,,19.5,14.1,25.3,20.8,16.5,,,,,,Survation_VI_2026-08-19_Tables.xlsx,Tables
UK Adults,18th August 2026,,,,,,age,35-44,"Table_Q4_8. The economy:On a scale of 1 to 5 where 1 is not confident at all and 5 is very confident, how confident are you in the ability of the UK government to address the following areas?",Confidence by policy area,on a scale.*confident,1 - Not confident at all,2,3,4,5 - Very confident,,,,,,24.8,17.7,30.2,18.5,6.0,,,,,,Survation_VI_2026-08-19_Tables.xlsx,Tables
UK Adults,18th August 2026,,,,,,age,45-54,"Table_Q4_8. The economy:On a scale of 1 to 5 where 1 is not confident at all and 5 is very confident, how confident are you in the ability of the UK government to address the following areas?",Confidence by policy area,on a scale.*confident,1 - Not confident at all,2,3,4,5 - Very confident,,,,,,29.2,24.0,27.9,11.5,4.1,,,,,,Survation_VI_2026-08-19_Tables.xlsx,Tables
UK Adults,18th August 2026,,,,,,age,55-64,"Table_Q4_8. The economy:On a scale of 1 to 5 where 1 is not confident at all and 5 is very confident, how confident are you in the ability of the UK government to address the following areas?",Confidence by policy area,on a scale.*confident,1 - Not confident at all,2,3,4,5 - Very confident,,,,,,29.8,29.4,22.8,12.5,3.6,,,,,,Survation_VI_2026-08-19_Tables.xlsx,Tables
UK Adults,18th August 2026,,,,,,age,65+,"Table_Q4_8. The economy:On a scale of 1 to 5 where 1 is not confident at all and 5 is very confident, how confident are you in the ability of the UK government to address the following areas?",Confidence by policy area,on a scale.*confident,1 - Not confident at all,2,3,4,5 - Very confident,,,,,,32.9,24.9,22.0,14.1,5.1,,,,,,Survation_VI_2026-08-19_Tables.xlsx,Tables
UK Adults,18th August 2026,,,,,,region,London,"Table_Q4_8. The economy:On a scale of 1 to 5 where 1 is not confident at all and 5 is very confident, how confident are you in the ability of the UK government to address the following areas?",Confidence by policy area,on a scale.*confident,1 - Not confident at all,2,3,4,5 - Very confident,,,,,,22.2,14.6,28.2,19.4,9.9,,,,,,Survation_VI_2026-08-19_Tables.xlsx,Tables
UK Adults,18th August 2026,,,,,,region,South,"Table_Q4_8. The economy:On a scale of 1 to 5 where 1 is not confident at all and 5 is very confident, how confident are you in the ability of the UK government to address the following areas?",Confidence by policy area,on a scale.*confident,1 - Not confident at all,2,3,4,5 - Very confident,,,,,,29.4,22.1,28.2,13.0,5.9,,,,,,Survation_VI_2026-08-19_Tables.xlsx,Tables
UK Adults,18th August 2026,,,,,,region,Midlands,"Table_Q4_8. The economy:On a scale of 1 to 5 where 1 is not confident at all and 5 is very confident, how confident are you in the ability of the UK government to address the following areas?",Confidence by policy area,on a scale.*confident,1 - Not confident at all,2,3,4,5 - Very confident,,,,,,28.8,25.6,24.6,14.7,4.8,,,,,,Survation_VI_2026-08-19_Tables.xlsx,Tables
UK Adults,18th August 2026,,,,,,region,North,"Table_Q4_8. The economy:On a scale of 1 to 5 where 1 is not confident at all and 5 is very confident, how confident are you in the ability of the UK government to address the following areas?",Confidence by policy area,on a scale.*confident,1 - Not confident at all,2,3,4,5 - Very confident,,,,,,25.9,22.0,22.2,18.0,9.6,,,,,,Survation_VI_2026-08-19_Tables.xlsx,Tables
UK Adults,18th August 2026,,,,,,region,England,"Table_Q4_8. The economy:On a scale of 1 to 5 where 1 is not confident at all and 5 is very confident, how confident are you in the ability of the UK government to address the following areas?",Confidence by policy area,on a scale.*confident,1 - Not confident at all,2,3,4,5 - Very confident,,,,,,27.2,21.6,25.9,15.7,7.3,,,,,,Survation_VI_2026-08-19_Tables.xlsx,Tables
UK Adults,18th August 2026,,,,,,region,Scotland,"Table_Q4_8. The economy:On a scale of 1 to 5 where 1 is not confident at all and 5 is very confident, how confident are you in the ability of the UK government to address the following areas?",Confidence by policy area,on a scale.*confident,1 - Not confident at all,2,3,4,5 - Very confident,,,,,,16.9,35.1,29.7,10.0,7.1,,,,,,Survation_VI_2026-08-19_Tables.xlsx,Tables
UK Adults,18th August 2026,,,,,,region,Wales,"Table_Q4_8. The economy:On a scale of 1 to 5 where 1 is not confident at all and 5 is very confident, how confident are you in the ability of the UK government to address the following areas?",Confidence by policy area,on a scale.*confident,1 - Not confident at all,2,3,4,5 - Very confident,,,,,,21.8,19.5,25.8,21.1,7.9,,,,,,Survation_VI_2026-08-19_Tables.xlsx,Tables
UK Adults,18th August 2026,,,,,,region,Northern Ireland,"Table_Q4_8. The economy:On a scale of 1 to 5 where 1 is not confident at all and 5 is very confident, how confident are you in the ability of the UK government to address the following areas?",Confidence by policy area,on a scale.*confident,1 - Not confident at all,2,3,4,5 - Very confident,,,,,,27.6,44.0,16.8,4.7,2.6,,,,,,Survation_VI_2026-08-19_Tables.xlsx,Tables
UK Adults,18th August 2026,,,,,,class,ABC1,"Table_Q4_8. The economy:On a scale of 1 to 5 where 1 is not confident at all and 5 is very confident, how confident are you in the ability of the UK government to address the following areas?",Confidence by policy area,on a scale.*confident,1 - Not confident at all,2,3,4,5 - Very confident,,,,,,22.4,22.6,26.5,18.9,8.0,,,,,,Survation_VI_2026-08-19_Tables.xlsx,Tables
UK Adults,18th August 2026,,,,,,class,C2DE,"Table_Q4_8. The economy:On a scale of 1 to 5 where 1 is not confident at all and 5 is very confident, how confident are you in the ability of the UK government to address the following areas?",Confidence by policy area,on a scale.*confident,1 - Not confident at all,2,3,4,5 - Very confident,,,,,,30.6,23.9,25.2,10.7,6.2,,,,,,Survation_VI_2026-08-19_Tables.xlsx,Tables
UK Adults,18th August 2026,,,,,,income,"£0 - £19,999","Table_Q4_8. The economy:On a scale of 1 to 5 where 1 is not confident at all and 5 is very confident, how confident are you in the ability of the UK government to address the following areas?",Confidence by policy area,on a scale.*confident,1 - Not confident at all,2,3,4,5 - Very confident,,,,,,25.2,21.6,28.1,12.2,7.5,,,,,,Survation_VI_2026-08-19_Tables.xlsx,Tables
UK Adults,18th August 2026,,,,,,income,"£20,000 - £39,999","Table_Q4_8. The economy:On a scale of 1 to 5 where 1 is not confident at all and 5 is very confident, how confident are you in the ability of the UK government to address the following areas?",Confidence by policy area,on a scale.*confident,1 - Not confident at all,2,3,4,5 - Very confident,,,,,,28.9,24.4,26.0,12.6,5.6,,,,,,Survation_VI_2026-08-19_Tables.xlsx,Tables
UK Adults,18th August 2026,,,,,,income,"£40,000+","Table_Q4_8. The economy:On a scale of 1 to 5 where 1 is not confident at all and 5 is very confident, how confident are you in the ability of the UK government to address the following areas?",Confidence by policy area,on a scale.*confident,1 - Not confident at all,2,3,4,5 - Very confident,,,,,,23.6,22.8,24.6,19.6,8.7,,,,,,Survation_VI_2026-08-19_Tables.xlsx,Tables
UK Adults,18th August 2026,,,,,,historic_vote,LAB,"Table_Q4_8. The economy:On a scale of 1 to 5 where 1 is not confident at all and 5 is very confident, how confident are you in the ability of the UK government to address the following areas?",Confidence by policy area,on a scale.*confident,1 - Not confident at all,2,3,4,5 - Very confident,,,,,,12.1,17.3,29.1,26.4,13.6,,,,,,Survation_VI_2026-08-19_Tables.xlsx,Tables
UK Adults,18th August 2026,,,,,,historic_vote,CON,"Table_Q4_8. The economy:On a scale of 1 to 5 where 1 is not confident at all and 5 is very confident, how confident are you in the ability of the UK government to address the following areas?",Confidence by policy area,on a scale.*confident,1 - Not confident at all,2,3,4,5 - Very confident,,,,,,36.2,26.9,20.5,11.5,5.0,,,,,,Survation_VI_2026-08-19_Tables.xlsx,Tables
UK Adults,18th August 2026,,,,,,historic_vote,RFM,"Table_Q4_8. The economy:On a scale of 1 to 5 where 1 is not confident at all and 5 is very confident, how confident are you in the ability of the UK government to address the following areas?",Confidence by policy area,on a scale.*confident,1 - Not confident at all,2,3,4,5 - Very confident,,,,,,48.4,20.2,19.4,5.1,6.7,,,,,,Survation_VI_2026-08-19_Tables.xlsx,Tables
UK Adults,18th August 2026,,,,,,historic_vote,LD,"Table_Q4_8. The economy:On a scale of 1 to 5 where 1 is not confident at all and 5 is very confident, how confident are you in the ability of the UK government to address the following areas?",Confidence by policy area,on a scale.*confident,1 - Not confident at all,2,3,4,5 - Very confident,,,,,,13.7,19.9,37.6,21.4,5.2,,,,,,Survation_VI_2026-08-19_Tables.xlsx,Tables
UK Adults,18th August 2026,,,,,,historic_vote,GRN,"Table_Q4_8. The economy:On a scale of 1 to 5 where 1 is not confident at all and 5 is very confident, how confident are you in the ability of the UK government to address the following areas?",Confidence by policy area,on a scale.*confident,1 - Not confident at all,2,3,4,5 - Very confident,,,,,,20.5,24.2,28.5,16.5,6.2,,,,,,Survation_VI_2026-08-19_Tables.xlsx,Tables
UK Adults,18th August 2026,,,,,,historic_vote,OTH,"Table_Q4_8. The economy:On a scale of 1 to 5 where 1 is not confident at all and 5 is very confident, how confident are you in the ability of the UK government to address the following areas?",Confidence by policy area,on a scale.*confident,1 - Not confident at all,2,3,4,5 - Very confident,,,,,,30.6,33.7,20.5,7.3,4.9,,,,,,Survation_VI_2026-08-19_Tables.xlsx,Tables
UK Adults,18th August 2026,,,,,,historic_vote,Leave,"Table_Q4_8. The economy:On a scale of 1 to 5 where 1 is not confident at all and 5 is very confident, how confident are you in the ability of the UK government to address the following areas?",Confidence by policy area,on a scale.*confident,1 - Not confident at all,2,3,4,5 - Very confident,,,,,,36.0,23.7,22.8,11.7,4.7,,,,,,Survation_VI_2026-08-19_Tables.xlsx,Tables
UK Adults,18th August 2026,,,,,,historic_vote,Remain,"Table_Q4_8. The economy:On a scale of 1 to 5 where 1 is not confident at all and 5 is very confident, how confident are you in the ability of the UK government to address the following areas?",Confidence by policy area,on a scale.*confident,1 - Not confident at all,2,3,4,5 - Very confident,,,,,,20.1,22.0,28.2,19.9,8.7,,,,,,Survation_VI_2026-08-19_Tables.xlsx,Tables
UK Adults,18th August 2026,,,,,,current_vote,LAB,"Table_Q4_8. The economy:On a scale of 1 to 5 where 1 is not confident at all and 5 is very confident, how confident are you in the ability of the UK government to address the following areas?",Confidence by policy area,on a scale.*confident,1 - Not confident at all,2,3,4,5 - Very confident,,,,,,3.8,14.3,32.9,31.9,15.9,,,,,,Survation_VI_2026-08-19_Tables.xlsx,Tables
UK Adults,18th August 2026,,,,,,current_vote,CON,"Table_Q4_8. The economy:On a scale of 1 to 5 where 1 is not confident at all and 5 is very confident, how confident are you in the ability of the UK government to address the following areas?",Confidence by policy area,on a scale.*confident,1 - Not confident at all,2,3,4,5 - Very confident,,,,,,27.7,29.4,25.7,12.6,4.5,,,,,,Survation_VI_2026-08-19_Tables.xlsx,Tables
UK Adults,18th August 2026,,,,,,current_vote,RFM,"Table_Q4_8. The economy:On a scale of 1 to 5 where 1 is not confident at all and 5 is very confident, how confident are you in the ability of the UK government to address the following areas?",Confidence by policy area,on a scale.*confident,1 - Not confident at all,2,3,4,5 - Very confident,,,,,,46.6,21.2,18.4,7.5,6.2,,,,,,Survation_VI_2026-08-19_Tables.xlsx,Tables
UK Adults,18th August 2026,,,,,,current_vote,LD,"Table_Q4_8. The economy:On a scale of 1 to 5 where 1 is not confident at all and 5 is very confident, how confident are you in the ability of the UK government to address the following areas?",Confidence by policy area,on a scale.*confident,1 - Not confident at all,2,3,4,5 - Very confident,,,,,,15.5,18.4,35.0,22.0,6.8,,,,,,Survation_VI_2026-08-19_Tables.xlsx,Tables
UK Adults,18th August 2026,,,,,,current_vote,GRN,"Table_Q4_8. The economy:On a scale of 1 to 5 where 1 is not confident at all and 5 is very confident, how confident are you in the ability of the UK government to address the following areas?",Confidence by policy area,on a scale.*confident,1 - Not confident at all,2,3,4,5 - Very confident,,,,,,18.7,32.5,26.7,13.9,5.3,,,,,,Survation_VI_2026-08-19_Tables.xlsx,Tables
UK Adults,18th August 2026,,,,,,current_vote,OTH,"Table_Q4_8. The economy:On a scale of 1 to 5 where 1 is not confident at all and 5 is very confident, how confident are you in the ability of the UK government to address the following areas?",Confidence by policy area,on a scale.*confident,1 - Not confident at all,2,3,4,5 - Very confident,,,,,,25.4,33.1,26.4,8.2,4.4,,,,,,Survation_VI_2026-08-19_Tables.xlsx,Tables
UK Adults,18th August 2026,,,,,,gender,Female,"Table_Q4_9. National security:On a scale of 1 to 5 where 1 is not confident at all and 5 is very confident, how confident are you in the ability of the UK government to address the following areas?",Confidence by policy area,on a scale.*confident,1 - Not confident at all,2,3,4,5 - Very confident,,,,,,19.8,17.8,26.5,19.6,11.3,,,,,,Survation_VI_2026-08-19_Tables.xlsx,Tables
UK Adults,18th August 2026,,,,,,gender,Male,"Table_Q4_9. National security:On a scale of 1 to 5 where 1 is not confident at all and 5 is very confident, how confident are you in the ability of the UK government to address the following areas?",Confidence by policy area,on a scale.*confident,1 - Not confident at all,2,3,4,5 - Very confident,,,,,,22.6,16.2,24.1,24.3,9.3,,,,,,Survation_VI_2026-08-19_Tables.xlsx,Tables
UK Adults,18th August 2026,,,,,,age,18-24,"Table_Q4_9. National security:On a scale of 1 to 5 where 1 is not confident at all and 5 is very confident, how confident are you in the ability of the UK government to address the following areas?",Confidence by policy area,on a scale.*confident,1 - Not confident at all,2,3,4,5 - Very confident,,,,,,12.1,17.6,26.7,22.2,11.1,,,,,,Survation_VI_2026-08-19_Tables.xlsx,Tables
UK Adults,18th August 2026,,,,,,age,25-34,"Table_Q4_9. National security:On a scale of 1 to 5 where 1 is not confident at all and 5 is very confident, how confident are you in the ability of the UK government to address the following areas?",Confidence by policy area,on a scale.*confident,1 - Not confident at all,2,3,4,5 - Very confident,,,,,,13.5,9.6,31.4,21.1,20.4,,,,,,Survation_VI_2026-08-19_Tables.xlsx,Tables
UK Adults,18th August 2026,,,,,,age,35-44,"Table_Q4_9. National security:On a scale of 1 to 5 where 1 is not confident at all and 5 is very confident, how confident are you in the ability of the UK government to address the following areas?",Confidence by policy area,on a scale.*confident,1 - Not confident at all,2,3,4,5 - Very confident,,,,,,18.8,18.7,21.7,26.1,10.7,,,,,,Survation_VI_2026-08-19_Tables.xlsx,Tables
UK Adults,18th August 2026,,,,,,age,45-54,"Table_Q4_9. National security:On a scale of 1 to 5 where 1 is not confident at all and 5 is very confident, how confident are you in the ability of the UK government to address the following areas?",Confidence by policy area,on a scale.*confident,1 - Not confident at all,2,3,4,5 - Very confident,,,,,,26.9,17.7,23.6,21.1,6.2,,,,,,Survation_VI_2026-08-19_Tables.xlsx,Tables
UK Adults,18th August 2026,,,,,,age,55-64,"Table_Q4_9. National security:On a scale of 1 to 5 where 1 is not confident at all and 5 is very confident, how confident are you in the ability of the UK government to address the following areas?",Confidence by policy area,on a scale.*confident,1 - Not confident at all,2,3,4,5 - Very confident,,,,,,22.2,23.5,25.1,20.0,6.9,,,,,,Survation_VI_2026-08-19_Tables.xlsx,Tables
UK Adults,18th August 2026,,,,,,age,65+,"Table_Q4_9. National security:On a scale of 1 to 5 where 1 is not confident at all and 5 is very confident, how confident are you in the ability of the UK government to address the following areas?",Confidence by policy area,on a scale.*confident,1 - Not confident at all,2,3,4,5 - Very confident,,,,,,27.6,16.0,24.4,21.2,7.8,,,,,,Survation_VI_2026-08-19_Tables.xlsx,Tables
UK Adults,18th August 2026,,,,,,region,London,"Table_Q4_9. National security:On a scale of 1 to 5 where 1 is not confident at all and 5 is very confident, how confident are you in the ability of the UK government to address the following areas?",Confidence by policy area,on a scale.*confident,1 - Not confident at all,2,3,4,5 - Very confident,,,,,,16.8,10.8,23.0,28.0,13.7,,,,,,Survation_VI_2026-08-19_Tables.xlsx,Tables
UK Adults,18th August 2026,,,,,,region,South,"Table_Q4_9. National security:On a scale of 1 to 5 where 1 is not confident at all and 5 is very confident, how confident are you in the ability of the UK government to address the following areas?",Confidence by policy area,on a scale.*confident,1 - Not confident at all,2,3,4,5 - Very confident,,,,,,23.3,17.1,25.7,21.8,9.9,,,,,,Survation_VI_2026-08-19_Tables.xlsx,Tables
UK Adults,18th August 2026,,,,,,region,Midlands,"Table_Q4_9. National security:On a scale of 1 to 5 where 1 is not confident at all and 5 is very confident, how confident are you in the ability of the UK government to address the following areas?",Confidence by policy area,on a scale.*confident,1 - Not confident at all,2,3,4,5 - Very confident,,,,,,21.0,20.3,26.8,19.9,7.8,,,,,,Survation_VI_2026-08-19_Tables.xlsx,Tables
UK Adults,18th August 2026,,,,,,region,North,"Table_Q4_9. National security:On a scale of 1 to 5 where 1 is not confident at all and 5 is very confident, how confident are you in the ability of the UK government to address the following areas?",Confidence by policy area,on a scale.*confident,1 - Not confident at all,2,3,4,5 - Very confident,,,,,,22.5,15.0,24.8,21.9,10.6,,,,,,Survation_VI_2026-08-19_Tables.xlsx,Tables
UK Adults,18th August 2026,,,,,,region,England,"Table_Q4_9. National security:On a scale of 1 to 5 where 1 is not confident at all and 5 is very confident, how confident are you in the ability of the UK government to address the following areas?",Confidence by policy area,on a scale.*confident,1 - Not confident at all,2,3,4,5 - Very confident,,,,,,21.6,16.2,25.2,22.4,10.3,,,,,,Survation_VI_2026-08-19_Tables.xlsx,Tables
UK Adults,18th August 2026,,,,,,region,Scotland,"Table_Q4_9. National security:On a scale of 1 to 5 where 1 is not confident at all and 5 is very confident, how confident are you in the ability of the UK government to address the following areas?",Confidence by policy area,on a scale.*confident,1 - Not confident at all,2,3,4,5 - Very confident,,,,,,20.7,22.1,25.0,17.4,10.8,,,,,,Survation_VI_2026-08-19_Tables.xlsx,Tables
UK Adults,18th August 2026,,,,,,region,Wales,"Table_Q4_9. National security:On a scale of 1 to 5 where 1 is not confident at all and 5 is very confident, how confident are you in the ability of the UK government to address the following areas?",Confidence by policy area,on a scale.*confident,1 - Not confident at all,2,3,4,5 - Very confident,,,,,,18.3,11.7,29.6,20.9,15.0,,,,,,Survation_VI_2026-08-19_Tables.xlsx,Tables
UK Adults,18th August 2026,,,,,,region,Northern Ireland,"Table_Q4_9. National security:On a scale of 1 to 5 where 1 is not confident at all and 5 is very confident, how confident are you in the ability of the UK government to address the following areas?",Confidence by policy area,on a scale.*confident,1 - Not confident at all,2,3,4,5 - Very confident,,,,,,12.8,36.7,23.3,20.3,2.6,,,,,,Survation_VI_2026-08-19_Tables.xlsx,Tables
UK Adults,18th August 2026,,,,,,class,ABC1,"Table_Q4_9. National security:On a scale of 1 to 5 where 1 is not confident at all and 5 is very confident, how confident are you in the ability of the UK government to address the following areas?",Confidence by policy area,on a scale.*confident,1 - Not confident at all,2,3,4,5 - Very confident,,,,,,17.3,17.5,26.2,24.8,11.0,,,,,,Survation_VI_2026-08-19_Tables.xlsx,Tables
UK Adults,18th August 2026,,,,,,class,C2DE,"Table_Q4_9. National security:On a scale of 1 to 5 where 1 is not confident at all and 5 is very confident, how confident are you in the ability of the UK government to address the following areas?",Confidence by policy area,on a scale.*confident,1 - Not confident at all,2,3,4,5 - Very confident,,,,,,25.8,16.4,24.3,18.4,9.5,,,,,,Survation_VI_2026-08-19_Tables.xlsx,Tables
UK Adults,18th August 2026,,,,,,income,"£0 - £19,999","Table_Q4_9. National security:On a scale of 1 to 5 where 1 is not confident at all and 5 is very confident, how confident are you in the ability of the UK government to address the following areas?",Confidence by policy area,on a scale.*confident,1 - Not confident at all,2,3,4,5 - Very confident,,,,,,23.8,15.5,23.3,16.4,12.6,,,,,,Survation_VI_2026-08-19_Tables.xlsx,Tables
UK Adults,18th August 2026,,,,,,income,"£20,000 - £39,999","Table_Q4_9. National security:On a scale of 1 to 5 where 1 is not confident at all and 5 is very confident, how confident are you in the ability of the UK government to address the following areas?",Confidence by policy area,on a scale.*confident,1 - Not confident at all,2,3,4,5 - Very confident,,,,,,22.4,18.6,26.5,22.2,6.0,,,,,,Survation_VI_2026-08-19_Tables.xlsx,Tables
UK Adults,18th August 2026,,,,,,income,"£40,000+","Table_Q4_9. National security:On a scale of 1 to 5 where 1 is not confident at all and 5 is very confident, how confident are you in the ability of the UK government to address the following areas?",Confidence by policy area,on a scale.*confident,1 - Not confident at all,2,3,4,5 - Very confident,,,,,,18.3,16.1,25.2,24.6,13.7,,,,,,Survation_VI_2026-08-19_Tables.xlsx,Tables
UK Adults,18th August 2026,,,,,,historic_vote,LAB,"Table_Q4_9. National security:On a scale of 1 to 5 where 1 is not confident at all and 5 is very confident, how confident are you in the ability of the UK government to address the following areas?",Confidence by policy area,on a scale.*confident,1 - Not confident at all,2,3,4,5 - Very confident,,,,,,9.4,12.0,26.9,31.6,17.3,,,,,,Survation_VI_2026-08-19_Tables.xlsx,Tables
UK Adults,18th August 2026,,,,,,historic_vote,CON,"Table_Q4_9. National security:On a scale of 1 to 5 where 1 is not confident at all and 5 is very confident, how confident are you in the ability of the UK government to address the following areas?",Confidence by policy area,on a scale.*confident,1 - Not confident at all,2,3,4,5 - Very confident,,,,,,28.0,19.5,26.4,16.7,7.5,,,,,,Survation_VI_2026-08-19_Tables.xlsx,Tables
UK Adults,18th August 2026,,,,,,historic_vote,RFM,"Table_Q4_9. National security:On a scale of 1 to 5 where 1 is not confident at all and 5 is very confident, how confident are you in the ability of the UK government to address the following areas?",Confidence by policy area,on a scale.*confident,1 - Not confident at all,2,3,4,5 - Very confident,,,,,,47.2,17.2,15.1,11.3,7.6,,,,,,Survation_VI_2026-08-19_Tables.xlsx,Tables
UK Adults,18th August 2026,,,,,,historic_vote,LD,"Table_Q4_9. National security:On a scale of 1 to 5 where 1 is not confident at all and 5 is very confident, how confident are you in the ability of the UK government to address the following areas?",Confidence by policy area,on a scale.*confident,1 - Not confident at all,2,3,4,5 - Very confident,,,,,,8.9,15.2,36.6,28.8,7.4,,,,,,Survation_VI_2026-08-19_Tables.xlsx,Tables
UK Adults,18th August 2026,,,,,,historic_vote,GRN,"Table_Q4_9. National security:On a scale of 1 to 5 where 1 is not confident at all and 5 is very confident, how confident are you in the ability of the UK government to address the following areas?",Confidence by policy area,on a scale.*confident,1 - Not confident at all,2,3,4,5 - Very confident,,,,,,16.5,16.8,23.5,31.6,7.3,,,,,,Survation_VI_2026-08-19_Tables.xlsx,Tables
UK Adults,18th August 2026,,,,,,historic_vote,OTH,"Table_Q4_9. National security:On a scale of 1 to 5 where 1 is not confident at all and 5 is very confident, how confident are you in the ability of the UK government to address the following areas?",Confidence by policy area,on a scale.*confident,1 - Not confident at all,2,3,4,5 - Very confident,,,,,,23.1,25.9,23.4,15.0,10.4,,,,,,Survation_VI_2026-08-19_Tables.xlsx,Tables
UK Adults,18th August 2026,,,,,,historic_vote,Leave,"Table_Q4_9. National security:On a scale of 1 to 5 where 1 is not confident at all and 5 is very confident, how confident are you in the ability of the UK government to address the following areas?",Confidence by policy area,on a scale.*confident,1 - Not confident at all,2,3,4,5 - Very confident,,,,,,31.1,18.8,21.0,19.2,8.6,,,,,,Survation_VI_2026-08-19_Tables.xlsx,Tables
UK Adults,18th August 2026,,,,,,historic_vote,Remain,"Table_Q4_9. National security:On a scale of 1 to 5 where 1 is not confident at all and 5 is very confident, how confident are you in the ability of the UK government to address the following areas?",Confidence by policy area,on a scale.*confident,1 - Not confident at all,2,3,4,5 - Very confident,,,,,,12.6,15.9,30.5,26.8,11.8,,,,,,Survation_VI_2026-08-19_Tables.xlsx,Tables
UK Adults,18th August 2026,,,,,,current_vote,LAB,"Table_Q4_9. National security:On a scale of 1 to 5 where 1 is not confident at all and 5 is very confident, how confident are you in the ability of the UK government to address the following areas?",Confidence by policy area,on a scale.*confident,1 - Not confident at all,2,3,4,5 - Very confident,,,,,,2.2,7.1,30.6,35.2,21.1,,,,,,Survation_VI_2026-08-19_Tables.xlsx,Tables
UK Adults,18th August 2026,,,,,,current_vote,CON,"Table_Q4_9. National security:On a scale of 1 to 5 where 1 is not confident at all and 5 is very confident, how confident are you in the ability of the UK government to address the following areas?",Confidence by policy area,on a scale.*confident,1 - Not confident at all,2,3,4,5 - Very confident,,,,,,20.7,22.5,29.5,18.4,6.5,,,,,,Survation_VI_2026-08-19_Tables.xlsx,Tables
UK Adults,18th August 2026,,,,,,current_vote,RFM,"Table_Q4_9. National security:On a scale of 1 to 5 where 1 is not confident at all and 5 is very confident, how confident are you in the ability of the UK government to address the following areas?",Confidence by policy area,on a scale.*confident,1 - Not confident at all,2,3,4,5 - Very confident,,,,,,43.9,20.7,17.2,11.1,6.3,,,,,,Survation_VI_2026-08-19_Tables.xlsx,Tables
UK Adults,18th August 2026,,,,,,current_vote,LD,"Table_Q4_9. National security:On a scale of 1 to 5 where 1 is not confident at all and 5 is very confident, how confident are you in the ability of the UK government to address the following areas?",Confidence by policy area,on a scale.*confident,1 - Not confident at all,2,3,4,5 - Very confident,,,,,,9.7,15.4,29.7,34.5,8.1,,,,,,Survation_VI_2026-08-19_Tables.xlsx,Tables
UK Adults,18th August 2026,,,,,,current_vote,GRN,"Table_Q4_9. National security:On a scale of 1 to 5 where 1 is not confident at all and 5 is very confident, how confident are you in the ability of the UK government to address the following areas?",Confidence by policy area,on a scale.*confident,1 - Not confident at all,2,3,4,5 - Very confident,,,,,,13.4,17.2,24.1,29.6,10.2,,,,,,Survation_VI_2026-08-19_Tables.xlsx,Tables
UK Adults,18th August 2026,,,,,,current_vote,OTH,"Table_Q4_9. National security:On a scale of 1 to 5 where 1 is not confident at all and 5 is very confident, how confident are you in the ability of the UK government to address the following areas?",Confidence by policy area,on a scale.*confident,1 - Not confident at all,2,3,4,5 - Very confident,,,,,,23.4,22.0,24.9,17.0,10.3,,,,,,Survation_VI_2026-08-19_Tables.xlsx,Tables
UK Adults,18th August 2026,,,,,,gender,Female,"Table_Q4_10. Housing:On a scale of 1 to 5 where 1 is not confident at all and 5 is very confident, how confident are you in the ability of the UK government to address the following areas?",Best party on housing,hous,1 - Not confident at all,2,3,4,5 - Very confident,,,,,,21.7,26.1,28.0,13.9,7.2,,,,,,Survation_VI_2026-08-19_Tables.xlsx,Tables
UK Adults,18th August 2026,,,,,,gender,Male,"Table_Q4_10. Housing:On a scale of 1 to 5 where 1 is not confident at all and 5 is very confident, how confident are you in the ability of the UK government to address the following areas?",Best party on housing,hous,1 - Not confident at all,2,3,4,5 - Very confident,,,,,,22.9,24.1,27.1,16.3,7.5,,,,,,Survation_VI_2026-08-19_Tables.xlsx,Tables
UK Adults,18th August 2026,,,,,,age,18-24,"Table_Q4_10. Housing:On a scale of 1 to 5 where 1 is not confident at all and 5 is very confident, how confident are you in the ability of the UK government to address the following areas?",Best party on housing,hous,1 - Not confident at all,2,3,4,5 - Very confident,,,,,,14.8,24.4,37.4,10.2,10.5,,,,,,Survation_VI_2026-08-19_Tables.xlsx,Tables
UK Adults,18th August 2026,,,,,,age,25-34,"Table_Q4_10. Housing:On a scale of 1 to 5 where 1 is not confident at all and 5 is very confident, how confident are you in the ability of the UK government to address the following areas?",Best party on housing,hous,1 - Not confident at all,2,3,4,5 - Very confident,,,,,,20.9,16.6,22.9,22.6,13.2,,,,,,Survation_VI_2026-08-19_Tables.xlsx,Tables
UK Adults,18th August 2026,,,,,,age,35-44,"Table_Q4_10. Housing:On a scale of 1 to 5 where 1 is not confident at all and 5 is very confident, how confident are you in the ability of the UK government to address the following areas?",Best party on housing,hous,1 - Not confident at all,2,3,4,5 - Very confident,,,,,,22.6,25.4,27.2,15.4,6.6,,,,,,Survation_VI_2026-08-19_Tables.xlsx,Tables
UK Adults,18th August 2026,,,,,,age,45-54,"Table_Q4_10. Housing:On a scale of 1 to 5 where 1 is not confident at all and 5 is very confident, how confident are you in the ability of the UK government to address the following areas?",Best party on housing,hous,1 - Not confident at all,2,3,4,5 - Very confident,,,,,,25.9,26.2,28.6,10.7,5.8,,,,,,Survation_VI_2026-08-19_Tables.xlsx,Tables
UK Adults,18th August 2026,,,,,,age,55-64,"Table_Q4_10. Housing:On a scale of 1 to 5 where 1 is not confident at all and 5 is very confident, how confident are you in the ability of the UK government to address the following areas?",Best party on housing,hous,1 - Not confident at all,2,3,4,5 - Very confident,,,,,,22.6,31.3,28.5,11.2,4.6,,,,,,Survation_VI_2026-08-19_Tables.xlsx,Tables
UK Adults,18th August 2026,,,,,,age,65+,"Table_Q4_10. Housing:On a scale of 1 to 5 where 1 is not confident at all and 5 is very confident, how confident are you in the ability of the UK government to address the following areas?",Best party on housing,hous,1 - Not confident at all,2,3,4,5 - Very confident,,,,,,23.6,26.6,25.3,17.2,5.2,,,,,,Survation_VI_2026-08-19_Tables.xlsx,Tables
UK Adults,18th August 2026,,,,,,region,London,"Table_Q4_10. Housing:On a scale of 1 to 5 where 1 is not confident at all and 5 is very confident, how confident are you in the ability of the UK government to address the following areas?",Best party on housing,hous,1 - Not confident at all,2,3,4,5 - Very confident,,,,,,20.6,16.1,28.1,16.4,13.0,,,,,,Survation_VI_2026-08-19_Tables.xlsx,Tables
UK Adults,18th August 2026,,,,,,region,South,"Table_Q4_10. Housing:On a scale of 1 to 5 where 1 is not confident at all and 5 is very confident, how confident are you in the ability of the UK government to address the following areas?",Best party on housing,hous,1 - Not confident at all,2,3,4,5 - Very confident,,,,,,22.2,27.9,28.9,12.7,5.7,,,,,,Survation_VI_2026-08-19_Tables.xlsx,Tables
UK Adults,18th August 2026,,,,,,region,Midlands,"Table_Q4_10. Housing:On a scale of 1 to 5 where 1 is not confident at all and 5 is very confident, how confident are you in the ability of the UK government to address the following areas?",Best party on housing,hous,1 - Not confident at all,2,3,4,5 - Very confident,,,,,,23.6,28.6,26.7,14.2,5.4,,,,,,Survation_VI_2026-08-19_Tables.xlsx,Tables
UK Adults,18th August 2026,,,,,,region,North,"Table_Q4_10. Housing:On a scale of 1 to 5 where 1 is not confident at all and 5 is very confident, how confident are you in the ability of the UK government to address the following areas?",Best party on housing,hous,1 - Not confident at all,2,3,4,5 - Very confident,,,,,,21.2,21.4,26.7,19.7,8.2,,,,,,Survation_VI_2026-08-19_Tables.xlsx,Tables
UK Adults,18th August 2026,,,,,,region,England,"Table_Q4_10. Housing:On a scale of 1 to 5 where 1 is not confident at all and 5 is very confident, how confident are you in the ability of the UK government to address the following areas?",Best party on housing,hous,1 - Not confident at all,2,3,4,5 - Very confident,,,,,,22.0,24.5,27.8,15.5,7.5,,,,,,Survation_VI_2026-08-19_Tables.xlsx,Tables
UK Adults,18th August 2026,,,,,,region,Scotland,"Table_Q4_10. Housing:On a scale of 1 to 5 where 1 is not confident at all and 5 is very confident, how confident are you in the ability of the UK government to address the following areas?",Best party on housing,hous,1 - Not confident at all,2,3,4,5 - Very confident,,,,,,26.7,31.4,24.6,11.6,5.5,,,,,,Survation_VI_2026-08-19_Tables.xlsx,Tables
UK Adults,18th August 2026,,,,,,region,Wales,"Table_Q4_10. Housing:On a scale of 1 to 5 where 1 is not confident at all and 5 is very confident, how confident are you in the ability of the UK government to address the following areas?",Best party on housing,hous,1 - Not confident at all,2,3,4,5 - Very confident,,,,,,18.7,23.0,28.9,16.3,11.1,,,,,,Survation_VI_2026-08-19_Tables.xlsx,Tables
UK Adults,18th August 2026,,,,,,region,Northern Ireland,"Table_Q4_10. Housing:On a scale of 1 to 5 where 1 is not confident at all and 5 is very confident, how confident are you in the ability of the UK government to address the following areas?",Best party on housing,hous,1 - Not confident at all,2,3,4,5 - Very confident,,,,,,23.9,32.1,27.2,9.8,2.6,,,,,,Survation_VI_2026-08-19_Tables.xlsx,Tables
UK Adults,18th August 2026,,,,,,class,ABC1,"Table_Q4_10. Housing:On a scale of 1 to 5 where 1 is not confident at all and 5 is very confident, how confident are you in the ability of the UK government to address the following areas?",Best party on housing,hous,1 - Not confident at all,2,3,4,5 - Very confident,,,,,,19.7,25.1,27.9,17.3,8.2,,,,,,Survation_VI_2026-08-19_Tables.xlsx,Tables
UK Adults,18th August 2026,,,,,,class,C2DE,"Table_Q4_10. Housing:On a scale of 1 to 5 where 1 is not confident at all and 5 is very confident, how confident are you in the ability of the UK government to address the following areas?",Best party on housing,hous,1 - Not confident at all,2,3,4,5 - Very confident,,,,,,25.4,25.3,27.1,12.3,6.3,,,,,,Survation_VI_2026-08-19_Tables.xlsx,Tables
UK Adults,18th August 2026,,,,,,income,"£0 - £19,999","Table_Q4_10. Housing:On a scale of 1 to 5 where 1 is not confident at all and 5 is very confident, how confident are you in the ability of the UK government to address the following areas?",Best party on housing,hous,1 - Not confident at all,2,3,4,5 - Very confident,,,,,,25.5,22.3,23.4,13.8,9.5,,,,,,Survation_VI_2026-08-19_Tables.xlsx,Tables
UK Adults,18th August 2026,,,,,,income,"£20,000 - £39,999","Table_Q4_10. Housing:On a scale of 1 to 5 where 1 is not confident at all and 5 is very confident, how confident are you in the ability of the UK government to address the following areas?",Best party on housing,hous,1 - Not confident at all,2,3,4,5 - Very confident,,,,,,23.2,27.1,28.0,13.3,5.7,,,,,,Survation_VI_2026-08-19_Tables.xlsx,Tables
UK Adults,18th August 2026,,,,,,income,"£40,000+","Table_Q4_10. Housing:On a scale of 1 to 5 where 1 is not confident at all and 5 is very confident, how confident are you in the ability of the UK government to address the following areas?",Best party on housing,hous,1 - Not confident at all,2,3,4,5 - Very confident,,,,,,19.5,24.7,29.3,17.7,7.9,,,,,,Survation_VI_2026-08-19_Tables.xlsx,Tables
UK Adults,18th August 2026,,,,,,historic_vote,LAB,"Table_Q4_10. Housing:On a scale of 1 to 5 where 1 is not confident at all and 5 is very confident, how confident are you in the ability of the UK government to address the following areas?",Best party on housing,hous,1 - Not confident at all,2,3,4,5 - Very confident,,,,,,11.3,20.8,26.0,24.8,15.3,,,,,,Survation_VI_2026-08-19_Tables.xlsx,Tables
UK Adults,18th August 2026,,,,,,historic_vote,CON,"Table_Q4_10. Housing:On a scale of 1 to 5 where 1 is not confident at all and 5 is very confident, how confident are you in the ability of the UK government to address the following areas?",Best party on housing,hous,1 - Not confident at all,2,3,4,5 - Very confident,,,,,,26.1,27.9,30.1,11.7,3.6,,,,,,Survation_VI_2026-08-19_Tables.xlsx,Tables
UK Adults,18th August 2026,,,,,,historic_vote,RFM,"Table_Q4_10. Housing:On a scale of 1 to 5 where 1 is not confident at all and 5 is very confident, how confident are you in the ability of the UK government to address the following areas?",Best party on housing,hous,1 - Not confident at all,2,3,4,5 - Very confident,,,,,,43.7,23.4,19.3,5.8,7.2,,,,,,Survation_VI_2026-08-19_Tables.xlsx,Tables
UK Adults,18th August 2026,,,,,,historic_vote,LD,"Table_Q4_10. Housing:On a scale of 1 to 5 where 1 is not confident at all and 5 is very confident, how confident are you in the ability of the UK government to address the following areas?",Best party on housing,hous,1 - Not confident at all,2,3,4,5 - Very confident,,,,,,12.3,22.2,31.6,26.3,3.5,,,,,,Survation_VI_2026-08-19_Tables.xlsx,Tables
UK Adults,18th August 2026,,,,,,historic_vote,GRN,"Table_Q4_10. Housing:On a scale of 1 to 5 where 1 is not confident at all and 5 is very confident, how confident are you in the ability of the UK government to address the following areas?",Best party on housing,hous,1 - Not confident at all,2,3,4,5 - Very confident,,,,,,18.9,29.1,32.8,10.8,5.2,,,,,,Survation_VI_2026-08-19_Tables.xlsx,Tables
UK Adults,18th August 2026,,,,,,historic_vote,OTH,"Table_Q4_10. Housing:On a scale of 1 to 5 where 1 is not confident at all and 5 is very confident, how confident are you in the ability of the UK government to address the following areas?",Best party on housing,hous,1 - Not confident at all,2,3,4,5 - Very confident,,,,,,29.6,32.9,23.1,8.5,4.2,,,,,,Survation_VI_2026-08-19_Tables.xlsx,Tables
UK Adults,18th August 2026,,,,,,historic_vote,Leave,"Table_Q4_10. Housing:On a scale of 1 to 5 where 1 is not confident at all and 5 is very confident, how confident are you in the ability of the UK government to address the following areas?",Best party on housing,hous,1 - Not confident at all,2,3,4,5 - Very confident,,,,,,28.4,28.4,24.2,11.9,5.2,,,,,,Survation_VI_2026-08-19_Tables.xlsx,Tables
UK Adults,18th August 2026,,,,,,historic_vote,Remain,"Table_Q4_10. Housing:On a scale of 1 to 5 where 1 is not confident at all and 5 is very confident, how confident are you in the ability of the UK government to address the following areas?",Best party on housing,hous,1 - Not confident at all,2,3,4,5 - Very confident,,,,,,16.7,23.7,31.0,19.5,8.4,,,,,,Survation_VI_2026-08-19_Tables.xlsx,Tables
UK Adults,18th August 2026,,,,,,current_vote,LAB,"Table_Q4_10. Housing:On a scale of 1 to 5 where 1 is not confident at all and 5 is very confident, how confident are you in the ability of the UK government to address the following areas?",Best party on housing,hous,1 - Not confident at all,2,3,4,5 - Very confident,,,,,,4.9,14.0,34.0,27.5,18.5,,,,,,Survation_VI_2026-08-19_Tables.xlsx,Tables
UK Adults,18th August 2026,,,,,,current_vote,CON,"Table_Q4_10. Housing:On a scale of 1 to 5 where 1 is not confident at all and 5 is very confident, how confident are you in the ability of the UK government to address the following areas?",Best party on housing,hous,1 - Not confident at all,2,3,4,5 - Very confident,,,,,,21.9,28.3,28.2,15.9,4.8,,,,,,Survation_VI_2026-08-19_Tables.xlsx,Tables
UK Adults,18th August 2026,,,,,,current_vote,RFM,"Table_Q4_10. Housing:On a scale of 1 to 5 where 1 is not confident at all and 5 is very confident, how confident are you in the ability of the UK government to address the following areas?",Best party on housing,hous,1 - Not confident at all,2,3,4,5 - Very confident,,,,,,38.8,29.4,21.1,6.4,3.8,,,,,,Survation_VI_2026-08-19_Tables.xlsx,Tables
UK Adults,18th August 2026,,,,,,current_vote,LD,"Table_Q4_10. Housing:On a scale of 1 to 5 where 1 is not confident at all and 5 is very confident, how confident are you in the ability of the UK government to address the following areas?",Best party on housing,hous,1 - Not confident at all,2,3,4,5 - Very confident,,,,,,12.3,21.2,37.2,22.2,4.4,,,,,,Survation_VI_2026-08-19_Tables.xlsx,Tables
UK Adults,18th August 2026,,,,,,current_vote,GRN,"Table_Q4_10. Housing:On a scale of 1 to 5 where 1 is not confident at all and 5 is very confident, how confident are you in the ability of the UK government to address the following areas?",Best party on housing,hous,1 - Not confident at all,2,3,4,5 - Very confident,,,,,,22.0,24.3,33.8,9.1,7.2,,,,,,Survation_VI_2026-08-19_Tables.xlsx,Tables
UK Adults,18th August 2026,,,,,,current_vote,OTH,"Table_Q4_10. Housing:On a scale of 1 to 5 where 1 is not confident at all and 5 is very confident, how confident are you in the ability of the UK government to address the following areas?",Best party on housing,hous,1 - Not confident at all,2,3,4,5 - Very confident,,,,,,20.8,36.9,23.9,12.5,4.1,,,,,,Survation_VI_2026-08-19_Tables.xlsx,Tables
UK Adults,18th August 2026,,,,,,region,National security,"Table_Q4.Summary. On a scale of 1 to 5 where 1 is not confident at all and 5 is very confident, how confident are you in the ability of the UK government to address the following areas?",Confidence by policy area,on a scale.*confident,1 - Not confident at all,2,3,4,5 - Very confident,,,,,,21.2,17.0,25.4,21.9,10.3,,,,,,Survation_VI_2026-08-19_Tables.xlsx,Tables
