Headline sample,Fieldwork dates,Fieldwork end date,Full fieldwork dates,Parliament,Sample size,Pollster,Subsample dimension,Subsample,Question detail,canonical_question,match_pattern,#1,#2,#3,#4,#5,#6,#7,#8,#9,#10,#1,#2,#3,#4,#5,#6,#7,#8,#9,#10,source_file,sheet
UK Adults,,,,,,,gender,Female,"Table_V1. If there were to be a general election, on a scale of 0 - 10, where 0 is would not vote and 10 is certain to vote, how likely would you be to vote?",UNMATCHED,,10 - Certain to vote,9,8,7,6,5,4,3,2,1,46.9,7.0,6.7,6.1,3.4,7.5,3.7,2.1,2.0,1.3,Survation_VI_2026-07-28_Tables.xlsx,Tables
UK Adults,,,,,,,gender,Male,"Table_V1. If there were to be a general election, on a scale of 0 - 10, where 0 is would not vote and 10 is certain to vote, how likely would you be to vote?",UNMATCHED,,10 - Certain to vote,9,8,7,6,5,4,3,2,1,57.5,11.0,8.0,3.8,2.8,3.6,1.7,0.6,1.0,0.9,Survation_VI_2026-07-28_Tables.xlsx,Tables
UK Adults,,,,,,,age,18-24,"Table_V1. If there were to be a general election, on a scale of 0 - 10, where 0 is would not vote and 10 is certain to vote, how likely would you be to vote?",UNMATCHED,,10 - Certain to vote,9,8,7,6,5,4,3,2,1,30.9,6.7,8.6,12.5,9.2,9.7,4.1,1.3,3.7,3.4,Survation_VI_2026-07-28_Tables.xlsx,Tables
UK Adults,,,,,,,age,25-34,"Table_V1. If there were to be a general election, on a scale of 0 - 10, where 0 is would not vote and 10 is certain to vote, how likely would you be to vote?",UNMATCHED,,10 - Certain to vote,9,8,7,6,5,4,3,2,1,39.9,9.6,8.4,5.5,5.3,8.6,7.1,2.6,1.1,,Survation_VI_2026-07-28_Tables.xlsx,Tables
UK Adults,,,,,,,age,35-44,"Table_V1. If there were to be a general election, on a scale of 0 - 10, where 0 is would not vote and 10 is certain to vote, how likely would you be to vote?",UNMATCHED,,10 - Certain to vote,9,8,7,6,5,4,3,2,1,45.4,5.3,11.1,4.6,4.1,7.3,1.6,1.9,2.0,0.7,Survation_VI_2026-07-28_Tables.xlsx,Tables
UK Adults,,,,,,,age,45-54,"Table_V1. If there were to be a general election, on a scale of 0 - 10, where 0 is would not vote and 10 is certain to vote, how likely would you be to vote?",UNMATCHED,,10 - Certain to vote,9,8,7,6,5,4,3,2,1,47.8,10.5,8.3,5.0,1.2,4.7,2.5,1.9,0.5,1.7,Survation_VI_2026-07-28_Tables.xlsx,Tables
UK Adults,,,,,,,age,55-64,"Table_V1. If there were to be a general election, on a scale of 0 - 10, where 0 is would not vote and 10 is certain to vote, how likely would you be to vote?",UNMATCHED,,10 - Certain to vote,9,8,7,6,5,4,3,2,1,61.7,11.5,3.7,2.2,1.5,3.0,2.5,0.9,1.2,,Survation_VI_2026-07-28_Tables.xlsx,Tables
UK Adults,,,,,,,age,65+,"Table_V1. If there were to be a general election, on a scale of 0 - 10, where 0 is would not vote and 10 is certain to vote, how likely would you be to vote?",UNMATCHED,,10 - Certain to vote,9,8,7,6,5,4,3,2,1,71.3,9.0,5.3,3.6,0.6,2.8,,,1.5,1.5,Survation_VI_2026-07-28_Tables.xlsx,Tables
UK Adults,,,,,,,region,London,"Table_V1. If there were to be a general election, on a scale of 0 - 10, where 0 is would not vote and 10 is certain to vote, how likely would you be to vote?",UNMATCHED,,10 - Certain to vote,9,8,7,6,5,4,3,2,1,52.2,9.9,6.3,7.8,5.5,4.1,3.9,1.8,2.3,0.8,Survation_VI_2026-07-28_Tables.xlsx,Tables
UK Adults,,,,,,,region,South,"Table_V1. If there were to be a general election, on a scale of 0 - 10, where 0 is would not vote and 10 is certain to vote, how likely would you be to vote?",UNMATCHED,,10 - Certain to vote,9,8,7,6,5,4,3,2,1,54.0,7.8,6.3,6.4,2.5,5.4,2.7,1.4,1.2,1.3,Survation_VI_2026-07-28_Tables.xlsx,Tables
UK Adults,,,,,,,region,Midlands,"Table_V1. If there were to be a general election, on a scale of 0 - 10, where 0 is would not vote and 10 is certain to vote, how likely would you be to vote?",UNMATCHED,,10 - Certain to vote,9,8,7,6,5,4,3,2,1,44.9,8.7,13.4,3.5,3.1,6.0,1.9,0.6,2.7,0.9,Survation_VI_2026-07-28_Tables.xlsx,Tables
UK Adults,,,,,,,region,North,"Table_V1. If there were to be a general election, on a scale of 0 - 10, where 0 is would not vote and 10 is certain to vote, how likely would you be to vote?",UNMATCHED,,10 - Certain to vote,9,8,7,6,5,4,3,2,1,49.5,12.3,6.8,4.7,3.6,5.6,2.3,2.4,1.8,0.9,Survation_VI_2026-07-28_Tables.xlsx,Tables
UK Adults,,,,,,,region,England,"Table_V1. If there were to be a general election, on a scale of 0 - 10, where 0 is would not vote and 10 is certain to vote, how likely would you be to vote?",UNMATCHED,,10 - Certain to vote,9,8,7,6,5,4,3,2,1,50.7,9.6,7.8,5.6,3.4,5.4,2.6,1.6,1.8,1.0,Survation_VI_2026-07-28_Tables.xlsx,Tables
UK Adults,,,,,,,region,Scotland,"Table_V1. If there were to be a general election, on a scale of 0 - 10, where 0 is would not vote and 10 is certain to vote, how likely would you be to vote?",UNMATCHED,,10 - Certain to vote,9,8,7,6,5,4,3,2,1,67.4,4.2,0.8,0.9,,7.5,2.0,,,1.0,Survation_VI_2026-07-28_Tables.xlsx,Tables
UK Adults,,,,,,,region,Wales,"Table_V1. If there were to be a general election, on a scale of 0 - 10, where 0 is would not vote and 10 is certain to vote, how likely would you be to vote?",UNMATCHED,,10 - Certain to vote,9,8,7,6,5,4,3,2,1,34.3,7.0,13.5,5.0,5.9,6.6,3.8,,,3.4,Survation_VI_2026-07-28_Tables.xlsx,Tables
UK Adults,,,,,,,region,Northern Ireland,"Table_V1. If there were to be a general election, on a scale of 0 - 10, where 0 is would not vote and 10 is certain to vote, how likely would you be to vote?",UNMATCHED,,10 - Certain to vote,9,8,7,6,5,4,3,2,1,74.6,7.1,3.4,,,4.8,5.2,,,,Survation_VI_2026-07-28_Tables.xlsx,Tables
UK Adults,,,,,,,class,ABC1,"Table_V1. If there were to be a general election, on a scale of 0 - 10, where 0 is would not vote and 10 is certain to vote, how likely would you be to vote?",UNMATCHED,,10 - Certain to vote,9,8,7,6,5,4,3,2,1,57.4,9.7,7.4,4.4,3.2,4.5,2.9,1.0,1.3,0.6,Survation_VI_2026-07-28_Tables.xlsx,Tables
UK Adults,,,,,,,class,C2DE,"Table_V1. If there were to be a general election, on a scale of 0 - 10, where 0 is would not vote and 10 is certain to vote, how likely would you be to vote?",UNMATCHED,,10 - Certain to vote,9,8,7,6,5,4,3,2,1,45.5,8.0,7.2,5.7,3.1,6.8,2.4,1.8,1.8,1.8,Survation_VI_2026-07-28_Tables.xlsx,Tables
UK Adults,,,,,,,income,"£0 - £19,999","Table_V1. If there were to be a general election, on a scale of 0 - 10, where 0 is would not vote and 10 is certain to vote, how likely would you be to vote?",UNMATCHED,,10 - Certain to vote,9,8,7,6,5,4,3,2,1,34.2,8.4,7.7,3.6,6.6,8.4,4.0,2.0,4.7,2.0,Survation_VI_2026-07-28_Tables.xlsx,Tables
UK Adults,,,,,,,income,"£20,000 - £39,999","Table_V1. If there were to be a general election, on a scale of 0 - 10, where 0 is would not vote and 10 is certain to vote, how likely would you be to vote?",UNMATCHED,,10 - Certain to vote,9,8,7,6,5,4,3,2,1,52.8,8.1,7.1,6.6,1.8,5.5,2.9,1.2,0.5,0.4,Survation_VI_2026-07-28_Tables.xlsx,Tables
UK Adults,,,,,,,income,"£40,000+","Table_V1. If there were to be a general election, on a scale of 0 - 10, where 0 is would not vote and 10 is certain to vote, how likely would you be to vote?",UNMATCHED,,10 - Certain to vote,9,8,7,6,5,4,3,2,1,61.0,10.1,7.4,4.1,2.6,4.0,1.8,1.1,0.8,1.4,Survation_VI_2026-07-28_Tables.xlsx,Tables
UK Adults,,,,,,,historic_vote,LAB,"Table_V1. If there were to be a general election, on a scale of 0 - 10, where 0 is would not vote and 10 is certain to vote, how likely would you be to vote?",UNMATCHED,,10 - Certain to vote,9,8,7,6,5,4,3,2,1,61.8,10.1,10.5,4.9,4.8,1.4,2.5,0.7,1.7,,Survation_VI_2026-07-28_Tables.xlsx,Tables
UK Adults,,,,,,,historic_vote,CON,"Table_V1. If there were to be a general election, on a scale of 0 - 10, where 0 is would not vote and 10 is certain to vote, how likely would you be to vote?",UNMATCHED,,10 - Certain to vote,9,8,7,6,5,4,3,2,1,77.6,7.7,8.1,1.1,1.2,1.8,0.7,0.6,,0.6,Survation_VI_2026-07-28_Tables.xlsx,Tables
UK Adults,,,,,,,historic_vote,RFM,"Table_V1. If there were to be a general election, on a scale of 0 - 10, where 0 is would not vote and 10 is certain to vote, how likely would you be to vote?",UNMATCHED,,10 - Certain to vote,9,8,7,6,5,4,3,2,1,74.0,11.2,4.7,3.9,,1.1,0.8,1.1,3.2,,Survation_VI_2026-07-28_Tables.xlsx,Tables
UK Adults,,,,,,,historic_vote,LD,"Table_V1. If there were to be a general election, on a scale of 0 - 10, where 0 is would not vote and 10 is certain to vote, how likely would you be to vote?",UNMATCHED,,10 - Certain to vote,9,8,7,6,5,4,3,2,1,65.2,13.2,7.5,5.9,3.9,3.2,,1.2,,,Survation_VI_2026-07-28_Tables.xlsx,Tables
UK Adults,,,,,,,historic_vote,GRN,"Table_V1. If there were to be a general election, on a scale of 0 - 10, where 0 is would not vote and 10 is certain to vote, how likely would you be to vote?",UNMATCHED,,10 - Certain to vote,9,8,7,6,5,4,3,2,1,58.3,12.3,7.8,12.5,1.5,2.3,2.2,,,,Survation_VI_2026-07-28_Tables.xlsx,Tables
UK Adults,,,,,,,historic_vote,OTH,"Table_V1. If there were to be a general election, on a scale of 0 - 10, where 0 is would not vote and 10 is certain to vote, how likely would you be to vote?",UNMATCHED,,10 - Certain to vote,9,8,7,6,5,4,3,2,1,70.0,13.5,3.9,3.2,,4.6,3.4,,,1.4,Survation_VI_2026-07-28_Tables.xlsx,Tables
UK Adults,,,,,,,historic_vote,Leave,"Table_V1. If there were to be a general election, on a scale of 0 - 10, where 0 is would not vote and 10 is certain to vote, how likely would you be to vote?",UNMATCHED,,10 - Certain to vote,9,8,7,6,5,4,3,2,1,67.9,10.6,7.4,2.1,1.0,3.2,1.4,0.7,0.7,1.0,Survation_VI_2026-07-28_Tables.xlsx,Tables
UK Adults,,,,,,,historic_vote,Remain,"Table_V1. If there were to be a general election, on a scale of 0 - 10, where 0 is would not vote and 10 is certain to vote, how likely would you be to vote?",UNMATCHED,,10 - Certain to vote,9,8,7,6,5,4,3,2,1,70.3,10.7,9.1,4.6,2.0,0.5,0.8,,,0.4,Survation_VI_2026-07-28_Tables.xlsx,Tables
UK Adults,,,,,,,current_vote,LAB,"Table_V1. If there were to be a general election, on a scale of 0 - 10, where 0 is would not vote and 10 is certain to vote, how likely would you be to vote?",UNMATCHED,,10 - Certain to vote,9,8,7,6,5,4,3,2,1,55.8,12.2,8.9,6.6,4.5,4.6,2.9,2.1,1.9,0.5,Survation_VI_2026-07-28_Tables.xlsx,Tables
UK Adults,,,,,,,current_vote,CON,"Table_V1. If there were to be a general election, on a scale of 0 - 10, where 0 is would not vote and 10 is certain to vote, how likely would you be to vote?",UNMATCHED,,10 - Certain to vote,9,8,7,6,5,4,3,2,1,69.1,6.0,10.9,4.5,1.4,6.1,1.3,0.7,,,Survation_VI_2026-07-28_Tables.xlsx,Tables
UK Adults,,,,,,,current_vote,RFM,"Table_V1. If there were to be a general election, on a scale of 0 - 10, where 0 is would not vote and 10 is certain to vote, how likely would you be to vote?",UNMATCHED,,10 - Certain to vote,9,8,7,6,5,4,3,2,1,68.5,10.7,5.3,3.7,2.4,3.6,2.3,0.9,1.6,1.2,Survation_VI_2026-07-28_Tables.xlsx,Tables
UK Adults,,,,,,,current_vote,LD,"Table_V1. If there were to be a general election, on a scale of 0 - 10, where 0 is would not vote and 10 is certain to vote, how likely would you be to vote?",UNMATCHED,,10 - Certain to vote,9,8,7,6,5,4,3,2,1,58.8,13.7,12.7,4.6,5.8,1.1,,1.3,2.1,,Survation_VI_2026-07-28_Tables.xlsx,Tables
UK Adults,,,,,,,current_vote,GRN,"Table_V1. If there were to be a general election, on a scale of 0 - 10, where 0 is would not vote and 10 is certain to vote, how likely would you be to vote?",UNMATCHED,,10 - Certain to vote,9,8,7,6,5,4,3,2,1,47.5,6.1,9.8,8.2,8.5,6.7,6.6,4.9,0.9,0.9,Survation_VI_2026-07-28_Tables.xlsx,Tables
UK Adults,,,,,,,current_vote,OTH,"Table_V1. If there were to be a general election, on a scale of 0 - 10, where 0 is would not vote and 10 is certain to vote, how likely would you be to vote?",UNMATCHED,,10 - Certain to vote,9,8,7,6,5,4,3,2,1,65.9,15.0,6.0,3.2,,5.4,2.2,,,2.2,Survation_VI_2026-07-28_Tables.xlsx,Tables
UK Adults,,,,,,,gender,Female,"Table_V2_1. If there were a general election tomorrow, and there were candidates from all political parties standing in your constituency, for which party would you vote?",Voting intention (Westminster),general election tomorrow,Conservative,Labour,Liberal Democrats,Green Party,Scottish National Party (SNP),Plaid Cymru,Restore Britain,Reform UK,Other,,16.0,20.8,6.6,14.1,3.0,1.8,1.9,18.9,1.9,,Survation_VI_2026-07-28_Tables.xlsx,Tables
UK Adults,,,,,,,gender,Male,"Table_V2_1. If there were a general election tomorrow, and there were candidates from all political parties standing in your constituency, for which party would you vote?",Voting intention (Westminster),general election tomorrow,Conservative,Labour,Liberal Democrats,Green Party,Scottish National Party (SNP),Plaid Cymru,Restore Britain,Reform UK,Other,,19.5,26.8,10.2,5.9,1.3,1.4,1.3,23.0,3.6,,Survation_VI_2026-07-28_Tables.xlsx,Tables
UK Adults,,,,,,,age,18-24,"Table_V2_1. If there were a general election tomorrow, and there were candidates from all political parties standing in your constituency, for which party would you vote?",Voting intention (Westminster),general election tomorrow,Conservative,Labour,Liberal Democrats,Green Party,Scottish National Party (SNP),Plaid Cymru,Restore Britain,Reform UK,Other,,5.6,25.1,10.4,32.7,1.5,0.8,2.0,14.6,0.8,,Survation_VI_2026-07-28_Tables.xlsx,Tables
UK Adults,,,,,,,age,25-34,"Table_V2_1. If there were a general election tomorrow, and there were candidates from all political parties standing in your constituency, for which party would you vote?",Voting intention (Westminster),general election tomorrow,Conservative,Labour,Liberal Democrats,Green Party,Scottish National Party (SNP),Plaid Cymru,Restore Britain,Reform UK,Other,,16.2,31.7,6.3,18.0,,2.4,1.6,15.8,0.7,,Survation_VI_2026-07-28_Tables.xlsx,Tables
UK Adults,,,,,,,age,35-44,"Table_V2_1. If there were a general election tomorrow, and there were candidates from all political parties standing in your constituency, for which party would you vote?",Voting intention (Westminster),general election tomorrow,Conservative,Labour,Liberal Democrats,Green Party,Scottish National Party (SNP),Plaid Cymru,Restore Britain,Reform UK,Other,,13.9,29.5,9.7,8.8,2.9,1.3,1.3,19.5,4.5,,Survation_VI_2026-07-28_Tables.xlsx,Tables
UK Adults,,,,,,,age,45-54,"Table_V2_1. If there were a general election tomorrow, and there were candidates from all political parties standing in your constituency, for which party would you vote?",Voting intention (Westminster),general election tomorrow,Conservative,Labour,Liberal Democrats,Green Party,Scottish National Party (SNP),Plaid Cymru,Restore Britain,Reform UK,Other,,17.6,20.5,6.2,5.8,3.2,1.3,4.2,23.0,4.1,,Survation_VI_2026-07-28_Tables.xlsx,Tables
UK Adults,,,,,,,age,55-64,"Table_V2_1. If there were a general election tomorrow, and there were candidates from all political parties standing in your constituency, for which party would you vote?",Voting intention (Westminster),general election tomorrow,Conservative,Labour,Liberal Democrats,Green Party,Scottish National Party (SNP),Plaid Cymru,Restore Britain,Reform UK,Other,,15.5,22.1,8.8,4.8,3.1,2.2,0.6,27.8,1.5,,Survation_VI_2026-07-28_Tables.xlsx,Tables
UK Adults,,,,,,,age,65+,"Table_V2_1. If there were a general election tomorrow, and there were candidates from all political parties standing in your constituency, for which party would you vote?",Voting intention (Westminster),general election tomorrow,Conservative,Labour,Liberal Democrats,Green Party,Scottish National Party (SNP),Plaid Cymru,Restore Britain,Reform UK,Other,,27.7,17.6,9.2,2.2,2.2,1.4,0.6,22.3,3.8,,Survation_VI_2026-07-28_Tables.xlsx,Tables
UK Adults,,,,,,,region,London,"Table_V2_1. If there were a general election tomorrow, and there were candidates from all political parties standing in your constituency, for which party would you vote?",Voting intention (Westminster),general election tomorrow,Conservative,Labour,Liberal Democrats,Green Party,Scottish National Party (SNP),Plaid Cymru,Restore Britain,Reform UK,Other,,18.5,36.3,8.3,13.6,,,0.8,13.0,0.6,,Survation_VI_2026-07-28_Tables.xlsx,Tables
UK Adults,,,,,,,region,South,"Table_V2_1. If there were a general election tomorrow, and there were candidates from all political parties standing in your constituency, for which party would you vote?",Voting intention (Westminster),general election tomorrow,Conservative,Labour,Liberal Democrats,Green Party,Scottish National Party (SNP),Plaid Cymru,Restore Britain,Reform UK,Other,,21.9,18.9,12.3,8.9,,,2.5,23.0,1.0,,Survation_VI_2026-07-28_Tables.xlsx,Tables
UK Adults,,,,,,,region,Midlands,"Table_V2_1. If there were a general election tomorrow, and there were candidates from all political parties standing in your constituency, for which party would you vote?",Voting intention (Westminster),general election tomorrow,Conservative,Labour,Liberal Democrats,Green Party,Scottish National Party (SNP),Plaid Cymru,Restore Britain,Reform UK,Other,,15.8,29.6,5.5,10.7,,,1.0,24.3,,,Survation_VI_2026-07-28_Tables.xlsx,Tables
UK Adults,,,,,,,region,North,"Table_V2_1. If there were a general election tomorrow, and there were candidates from all political parties standing in your constituency, for which party would you vote?",Voting intention (Westminster),general election tomorrow,Conservative,Labour,Liberal Democrats,Green Party,Scottish National Party (SNP),Plaid Cymru,Restore Britain,Reform UK,Other,,17.5,26.4,7.0,10.9,,,2.1,26.3,,,Survation_VI_2026-07-28_Tables.xlsx,Tables
UK Adults,,,,,,,region,England,"Table_V2_1. If there were a general election tomorrow, and there were candidates from all political parties standing in your constituency, for which party would you vote?",Voting intention (Westminster),general election tomorrow,Conservative,Labour,Liberal Democrats,Green Party,Scottish National Party (SNP),Plaid Cymru,Restore Britain,Reform UK,Other,,19.0,25.8,8.9,10.6,,,1.9,22.5,0.5,,Survation_VI_2026-07-28_Tables.xlsx,Tables
UK Adults,,,,,,,region,Scotland,"Table_V2_1. If there were a general election tomorrow, and there were candidates from all political parties standing in your constituency, for which party would you vote?",Voting intention (Westminster),general election tomorrow,Conservative,Labour,Liberal Democrats,Green Party,Scottish National Party (SNP),Plaid Cymru,Restore Britain,Reform UK,Other,,18.2,16.5,8.5,4.8,27.6,,,13.5,,,Survation_VI_2026-07-28_Tables.xlsx,Tables
UK Adults,,,,,,,region,Wales,"Table_V2_1. If there were a general election tomorrow, and there were candidates from all political parties standing in your constituency, for which party would you vote?",Voting intention (Westminster),general election tomorrow,Conservative,Labour,Liberal Democrats,Green Party,Scottish National Party (SNP),Plaid Cymru,Restore Britain,Reform UK,Other,,4.1,14.8,2.6,17.6,,38.2,,17.5,,,Survation_VI_2026-07-28_Tables.xlsx,Tables
UK Adults,,,,,,,region,Northern Ireland,"Table_V2_1. If there were a general election tomorrow, and there were candidates from all political parties standing in your constituency, for which party would you vote?",Voting intention (Westminster),general election tomorrow,Conservative,Labour,Liberal Democrats,Green Party,Scottish National Party (SNP),Plaid Cymru,Restore Britain,Reform UK,Other,,,,,,,,,,78.6,,Survation_VI_2026-07-28_Tables.xlsx,Tables
UK Adults,,,,,,,class,ABC1,"Table_V2_1. If there were a general election tomorrow, and there were candidates from all political parties standing in your constituency, for which party would you vote?",Voting intention (Westminster),general election tomorrow,Conservative,Labour,Liberal Democrats,Green Party,Scottish National Party (SNP),Plaid Cymru,Restore Britain,Reform UK,Other,,16.7,28.3,10.1,11.3,1.3,1.0,1.8,17.3,2.9,,Survation_VI_2026-07-28_Tables.xlsx,Tables
UK Adults,,,,,,,class,C2DE,"Table_V2_1. If there were a general election tomorrow, and there were candidates from all political parties standing in your constituency, for which party would you vote?",Voting intention (Westminster),general election tomorrow,Conservative,Labour,Liberal Democrats,Green Party,Scottish National Party (SNP),Plaid Cymru,Restore Britain,Reform UK,Other,,19.1,17.8,6.0,8.5,3.4,2.4,1.3,25.8,2.5,,Survation_VI_2026-07-28_Tables.xlsx,Tables
UK Adults,,,,,,,income,"£0 - £19,999","Table_V2_1. If there were a general election tomorrow, and there were candidates from all political parties standing in your constituency, for which party would you vote?",Voting intention (Westminster),general election tomorrow,Conservative,Labour,Liberal Democrats,Green Party,Scottish National Party (SNP),Plaid Cymru,Restore Britain,Reform UK,Other,,9.9,22.7,8.3,14.8,3.0,4.0,1.9,19.2,1.6,,Survation_VI_2026-07-28_Tables.xlsx,Tables
UK Adults,,,,,,,income,"£20,000 - £39,999","Table_V2_1. If there were a general election tomorrow, and there were candidates from all political parties standing in your constituency, for which party would you vote?",Voting intention (Westminster),general election tomorrow,Conservative,Labour,Liberal Democrats,Green Party,Scottish National Party (SNP),Plaid Cymru,Restore Britain,Reform UK,Other,,20.2,20.5,8.2,8.4,2.6,1.6,2.4,22.8,3.0,,Survation_VI_2026-07-28_Tables.xlsx,Tables
UK Adults,,,,,,,income,"£40,000+","Table_V2_1. If there were a general election tomorrow, and there were candidates from all political parties standing in your constituency, for which party would you vote?",Voting intention (Westminster),general election tomorrow,Conservative,Labour,Liberal Democrats,Green Party,Scottish National Party (SNP),Plaid Cymru,Restore Britain,Reform UK,Other,,19.1,27.6,8.6,9.5,1.4,0.5,0.6,19.9,3.0,,Survation_VI_2026-07-28_Tables.xlsx,Tables
UK Adults,,,,,,,historic_vote,LAB,"Table_V2_1. If there were a general election tomorrow, and there were candidates from all political parties standing in your constituency, for which party would you vote?",Voting intention (Westminster),general election tomorrow,Conservative,Labour,Liberal Democrats,Green Party,Scottish National Party (SNP),Plaid Cymru,Restore Britain,Reform UK,Other,,5.9,65.8,4.4,5.8,0.8,0.4,0.7,7.7,0.5,,Survation_VI_2026-07-28_Tables.xlsx,Tables
UK Adults,,,,,,,historic_vote,CON,"Table_V2_1. If there were a general election tomorrow, and there were candidates from all political parties standing in your constituency, for which party would you vote?",Voting intention (Westminster),general election tomorrow,Conservative,Labour,Liberal Democrats,Green Party,Scottish National Party (SNP),Plaid Cymru,Restore Britain,Reform UK,Other,,65.8,3.6,1.2,1.1,0.7,,,21.8,,,Survation_VI_2026-07-28_Tables.xlsx,Tables
UK Adults,,,,,,,historic_vote,RFM,"Table_V2_1. If there were a general election tomorrow, and there were candidates from all political parties standing in your constituency, for which party would you vote?",Voting intention (Westminster),general election tomorrow,Conservative,Labour,Liberal Democrats,Green Party,Scottish National Party (SNP),Plaid Cymru,Restore Britain,Reform UK,Other,,6.0,1.8,,0.8,,,1.9,84.8,,,Survation_VI_2026-07-28_Tables.xlsx,Tables
UK Adults,,,,,,,historic_vote,LD,"Table_V2_1. If there were a general election tomorrow, and there were candidates from all political parties standing in your constituency, for which party would you vote?",Voting intention (Westminster),general election tomorrow,Conservative,Labour,Liberal Democrats,Green Party,Scottish National Party (SNP),Plaid Cymru,Restore Britain,Reform UK,Other,,10.7,7.7,59.3,7.1,1.5,,3.7,3.2,,,Survation_VI_2026-07-28_Tables.xlsx,Tables
UK Adults,,,,,,,historic_vote,GRN,"Table_V2_1. If there were a general election tomorrow, and there were candidates from all political parties standing in your constituency, for which party would you vote?",Voting intention (Westminster),general election tomorrow,Conservative,Labour,Liberal Democrats,Green Party,Scottish National Party (SNP),Plaid Cymru,Restore Britain,Reform UK,Other,,1.6,9.0,1.3,69.4,,,1.7,5.5,,,Survation_VI_2026-07-28_Tables.xlsx,Tables
UK Adults,,,,,,,historic_vote,OTH,"Table_V2_1. If there were a general election tomorrow, and there were candidates from all political parties standing in your constituency, for which party would you vote?",Voting intention (Westminster),general election tomorrow,Conservative,Labour,Liberal Democrats,Green Party,Scottish National Party (SNP),Plaid Cymru,Restore Britain,Reform UK,Other,,1.4,3.5,,4.9,20.9,16.9,,9.2,33.5,,Survation_VI_2026-07-28_Tables.xlsx,Tables
UK Adults,,,,,,,historic_vote,Leave,"Table_V2_1. If there were a general election tomorrow, and there were candidates from all political parties standing in your constituency, for which party would you vote?",Voting intention (Westminster),general election tomorrow,Conservative,Labour,Liberal Democrats,Green Party,Scottish National Party (SNP),Plaid Cymru,Restore Britain,Reform UK,Other,,23.5,11.9,4.5,3.4,1.6,1.4,2.8,37.4,3.3,,Survation_VI_2026-07-28_Tables.xlsx,Tables
UK Adults,,,,,,,historic_vote,Remain,"Table_V2_1. If there were a general election tomorrow, and there were candidates from all political parties standing in your constituency, for which party would you vote?",Voting intention (Westminster),general election tomorrow,Conservative,Labour,Liberal Democrats,Green Party,Scottish National Party (SNP),Plaid Cymru,Restore Britain,Reform UK,Other,,17.6,32.7,14.0,9.3,3.7,2.4,0.6,7.7,4.1,,Survation_VI_2026-07-28_Tables.xlsx,Tables
UK Adults,,,,,,,current_vote,LAB,"Table_V2_1. If there were a general election tomorrow, and there were candidates from all political parties standing in your constituency, for which party would you vote?",Voting intention (Westminster),general election tomorrow,Conservative,Labour,Liberal Democrats,Green Party,Scottish National Party (SNP),Plaid Cymru,Restore Britain,Reform UK,Other,,,,,,,,,,,,Survation_VI_2026-07-28_Tables.xlsx,Tables
UK Adults,,,,,,,current_vote,CON,"Table_V2_1. If there were a general election tomorrow, and there were candidates from all political parties standing in your constituency, for which party would you vote?",Voting intention (Westminster),general election tomorrow,Conservative,Labour,Liberal Democrats,Green Party,Scottish National Party (SNP),Plaid Cymru,Restore Britain,Reform UK,Other,,,,,,,,,,,,Survation_VI_2026-07-28_Tables.xlsx,Tables
UK Adults,,,,,,,current_vote,RFM,"Table_V2_1. If there were a general election tomorrow, and there were candidates from all political parties standing in your constituency, for which party would you vote?",Voting intention (Westminster),general election tomorrow,Conservative,Labour,Liberal Democrats,Green Party,Scottish National Party (SNP),Plaid Cymru,Restore Britain,Reform UK,Other,,,,,,,,,,,,Survation_VI_2026-07-28_Tables.xlsx,Tables
UK Adults,,,,,,,current_vote,LD,"Table_V2_1. If there were a general election tomorrow, and there were candidates from all political parties standing in your constituency, for which party would you vote?",Voting intention (Westminster),general election tomorrow,Conservative,Labour,Liberal Democrats,Green Party,Scottish National Party (SNP),Plaid Cymru,Restore Britain,Reform UK,Other,,,,,,,,,,,,Survation_VI_2026-07-28_Tables.xlsx,Tables
UK Adults,,,,,,,current_vote,GRN,"Table_V2_1. If there were a general election tomorrow, and there were candidates from all political parties standing in your constituency, for which party would you vote?",Voting intention (Westminster),general election tomorrow,Conservative,Labour,Liberal Democrats,Green Party,Scottish National Party (SNP),Plaid Cymru,Restore Britain,Reform UK,Other,,,,,,,,,,,,Survation_VI_2026-07-28_Tables.xlsx,Tables
UK Adults,,,,,,,current_vote,OTH,"Table_V2_1. If there were a general election tomorrow, and there were candidates from all political parties standing in your constituency, for which party would you vote?",Voting intention (Westminster),general election tomorrow,Conservative,Labour,Liberal Democrats,Green Party,Scottish National Party (SNP),Plaid Cymru,Restore Britain,Reform UK,Other,,,,,,26.9,19.8,19.5,,33.8,,Survation_VI_2026-07-28_Tables.xlsx,Tables
UK Adults,,,,,,,gender,Female,"Table_V2_2. If there were a general election tomorrow, and there were candidates from all political parties standing in your constituency, for which party would you vote?",Voting intention (Westminster),general election tomorrow,Conservative,Labour,Liberal Democrats,Green Party,Scottish National Party (SNP),Plaid Cymru,Restore Britain,Reform UK,Other,,17.5,21.0,6.8,13.2,3.1,1.7,2.2,20.6,2.1,,Survation_VI_2026-07-28_Tables.xlsx,Tables
UK Adults,,,,,,,gender,Male,"Table_V2_2. If there were a general election tomorrow, and there were candidates from all political parties standing in your constituency, for which party would you vote?",Voting intention (Westminster),general election tomorrow,Conservative,Labour,Liberal Democrats,Green Party,Scottish National Party (SNP),Plaid Cymru,Restore Britain,Reform UK,Other,,20.1,26.5,10.5,5.7,1.4,1.4,1.3,23.2,3.9,,Survation_VI_2026-07-28_Tables.xlsx,Tables
UK Adults,,,,,,,age,18-24,"Table_V2_2. If there were a general election tomorrow, and there were candidates from all political parties standing in your constituency, for which party would you vote?",Voting intention (Westminster),general election tomorrow,Conservative,Labour,Liberal Democrats,Green Party,Scottish National Party (SNP),Plaid Cymru,Restore Britain,Reform UK,Other,,7.3,26.3,10.1,33.0,1.9,0.1,2.5,14.0,0.8,,Survation_VI_2026-07-28_Tables.xlsx,Tables
UK Adults,,,,,,,age,25-34,"Table_V2_2. If there were a general election tomorrow, and there were candidates from all political parties standing in your constituency, for which party would you vote?",Voting intention (Westminster),general election tomorrow,Conservative,Labour,Liberal Democrats,Green Party,Scottish National Party (SNP),Plaid Cymru,Restore Britain,Reform UK,Other,,16.3,32.7,7.1,17.5,,2.4,1.8,15.8,0.9,,Survation_VI_2026-07-28_Tables.xlsx,Tables
UK Adults,,,,,,,age,35-44,"Table_V2_2. If there were a general election tomorrow, and there were candidates from all political parties standing in your constituency, for which party would you vote?",Voting intention (Westminster),general election tomorrow,Conservative,Labour,Liberal Democrats,Green Party,Scottish National Party (SNP),Plaid Cymru,Restore Britain,Reform UK,Other,,14.2,28.6,10.3,8.4,2.5,1.4,1.5,19.5,5.2,,Survation_VI_2026-07-28_Tables.xlsx,Tables
UK Adults,,,,,,,age,45-54,"Table_V2_2. If there were a general election tomorrow, and there were candidates from all political parties standing in your constituency, for which party would you vote?",Voting intention (Westminster),general election tomorrow,Conservative,Labour,Liberal Democrats,Green Party,Scottish National Party (SNP),Plaid Cymru,Restore Britain,Reform UK,Other,,18.0,20.6,7.0,6.6,2.9,0.9,4.5,25.2,4.8,,Survation_VI_2026-07-28_Tables.xlsx,Tables
UK Adults,,,,,,,age,55-64,"Table_V2_2. If there were a general election tomorrow, and there were candidates from all political parties standing in your constituency, for which party would you vote?",Voting intention (Westminster),general election tomorrow,Conservative,Labour,Liberal Democrats,Green Party,Scottish National Party (SNP),Plaid Cymru,Restore Britain,Reform UK,Other,,16.3,22.7,8.9,3.9,3.4,2.1,0.6,29.2,1.6,,Survation_VI_2026-07-28_Tables.xlsx,Tables
UK Adults,,,,,,,age,65+,"Table_V2_2. If there were a general election tomorrow, and there were candidates from all political parties standing in your constituency, for which party would you vote?",Voting intention (Westminster),general election tomorrow,Conservative,Labour,Liberal Democrats,Green Party,Scottish National Party (SNP),Plaid Cymru,Restore Britain,Reform UK,Other,,28.8,17.8,9.3,2.3,2.4,1.5,0.6,23.0,3.8,,Survation_VI_2026-07-28_Tables.xlsx,Tables
UK Adults,,,,,,,region,London,"Table_V2_2. If there were a general election tomorrow, and there were candidates from all political parties standing in your constituency, for which party would you vote?",Voting intention (Westminster),general election tomorrow,Conservative,Labour,Liberal Democrats,Green Party,Scottish National Party (SNP),Plaid Cymru,Restore Britain,Reform UK,Other,,20.1,36.7,8.1,13.6,,,0.8,13.5,0.5,,Survation_VI_2026-07-28_Tables.xlsx,Tables
UK Adults,,,,,,,region,South,"Table_V2_2. If there were a general election tomorrow, and there were candidates from all political parties standing in your constituency, for which party would you vote?",Voting intention (Westminster),general election tomorrow,Conservative,Labour,Liberal Democrats,Green Party,Scottish National Party (SNP),Plaid Cymru,Restore Britain,Reform UK,Other,,23.2,18.1,13.2,8.0,,,2.9,24.9,1.0,,Survation_VI_2026-07-28_Tables.xlsx,Tables
UK Adults,,,,,,,region,Midlands,"Table_V2_2. If there were a general election tomorrow, and there were candidates from all political parties standing in your constituency, for which party would you vote?",Voting intention (Westminster),general election tomorrow,Conservative,Labour,Liberal Democrats,Green Party,Scottish National Party (SNP),Plaid Cymru,Restore Britain,Reform UK,Other,,16.8,29.8,5.5,11.0,,,1.1,25.1,,,Survation_VI_2026-07-28_Tables.xlsx,Tables
UK Adults,,,,,,,region,North,"Table_V2_2. If there were a general election tomorrow, and there were candidates from all political parties standing in your constituency, for which party would you vote?",Voting intention (Westminster),general election tomorrow,Conservative,Labour,Liberal Democrats,Green Party,Scottish National Party (SNP),Plaid Cymru,Restore Britain,Reform UK,Other,,18.6,27.6,7.2,9.7,,,2.3,26.9,,,Survation_VI_2026-07-28_Tables.xlsx,Tables
UK Adults,,,,,,,region,England,"Table_V2_2. If there were a general election tomorrow, and there were candidates from all political parties standing in your constituency, for which party would you vote?",Voting intention (Westminster),general election tomorrow,Conservative,Labour,Liberal Democrats,Green Party,Scottish National Party (SNP),Plaid Cymru,Restore Britain,Reform UK,Other,,20.2,25.8,9.3,9.9,,,2.1,23.6,0.5,,Survation_VI_2026-07-28_Tables.xlsx,Tables
UK Adults,,,,,,,region,Scotland,"Table_V2_2. If there were a general election tomorrow, and there were candidates from all political parties standing in your constituency, for which party would you vote?",Voting intention (Westminster),general election tomorrow,Conservative,Labour,Liberal Democrats,Green Party,Scottish National Party (SNP),Plaid Cymru,Restore Britain,Reform UK,Other,,19.0,17.2,9.2,3.7,26.4,,,13.6,,,Survation_VI_2026-07-28_Tables.xlsx,Tables
UK Adults,,,,,,,region,Wales,"Table_V2_2. If there were a general election tomorrow, and there were candidates from all political parties standing in your constituency, for which party would you vote?",Voting intention (Westminster),general election tomorrow,Conservative,Labour,Liberal Democrats,Green Party,Scottish National Party (SNP),Plaid Cymru,Restore Britain,Reform UK,Other,,3.6,14.2,2.6,17.2,,38.5,,21.0,,,Survation_VI_2026-07-28_Tables.xlsx,Tables
UK Adults,,,,,,,region,Northern Ireland,"Table_V2_2. If there were a general election tomorrow, and there were candidates from all political parties standing in your constituency, for which party would you vote?",Voting intention (Westminster),general election tomorrow,Conservative,Labour,Liberal Democrats,Green Party,Scottish National Party (SNP),Plaid Cymru,Restore Britain,Reform UK,Other,,,,,,,,,,83.2,,Survation_VI_2026-07-28_Tables.xlsx,Tables
UK Adults,,,,,,,class,ABC1,"Table_V2_2. If there were a general election tomorrow, and there were candidates from all political parties standing in your constituency, for which party would you vote?",Voting intention (Westminster),general election tomorrow,Conservative,Labour,Liberal Democrats,Green Party,Scottish National Party (SNP),Plaid Cymru,Restore Britain,Reform UK,Other,,17.4,27.9,10.5,10.9,1.1,1.1,2.0,18.3,3.3,,Survation_VI_2026-07-28_Tables.xlsx,Tables
UK Adults,,,,,,,class,C2DE,"Table_V2_2. If there were a general election tomorrow, and there were candidates from all political parties standing in your constituency, for which party would you vote?",Voting intention (Westminster),general election tomorrow,Conservative,Labour,Liberal Democrats,Green Party,Scottish National Party (SNP),Plaid Cymru,Restore Britain,Reform UK,Other,,20.8,18.1,6.2,7.2,3.8,2.1,1.4,27.1,2.7,,Survation_VI_2026-07-28_Tables.xlsx,Tables
UK Adults,,,,,,,income,"£0 - £19,999","Table_V2_2. If there were a general election tomorrow, and there were candidates from all political parties standing in your constituency, for which party would you vote?",Voting intention (Westminster),general election tomorrow,Conservative,Labour,Liberal Democrats,Green Party,Scottish National Party (SNP),Plaid Cymru,Restore Britain,Reform UK,Other,,11.9,23.1,8.7,13.0,3.5,3.8,2.3,20.9,1.6,,Survation_VI_2026-07-28_Tables.xlsx,Tables
UK Adults,,,,,,,income,"£20,000 - £39,999","Table_V2_2. If there were a general election tomorrow, and there were candidates from all political parties standing in your constituency, for which party would you vote?",Voting intention (Westminster),general election tomorrow,Conservative,Labour,Liberal Democrats,Green Party,Scottish National Party (SNP),Plaid Cymru,Restore Britain,Reform UK,Other,,20.8,20.0,8.6,8.0,2.7,1.6,2.6,24.3,3.4,,Survation_VI_2026-07-28_Tables.xlsx,Tables
UK Adults,,,,,,,income,"£40,000+","Table_V2_2. If there were a general election tomorrow, and there were candidates from all political parties standing in your constituency, for which party would you vote?",Voting intention (Westminster),general election tomorrow,Conservative,Labour,Liberal Democrats,Green Party,Scottish National Party (SNP),Plaid Cymru,Restore Britain,Reform UK,Other,,19.7,27.9,8.9,9.2,1.3,0.5,0.6,20.0,3.4,,Survation_VI_2026-07-28_Tables.xlsx,Tables
UK Adults,,,,,,,historic_vote,LAB,"Table_V2_2. If there were a general election tomorrow, and there were candidates from all political parties standing in your constituency, for which party would you vote?",Voting intention (Westminster),general election tomorrow,Conservative,Labour,Liberal Democrats,Green Party,Scottish National Party (SNP),Plaid Cymru,Restore Britain,Reform UK,Other,,6.2,66.1,4.4,5.6,0.9,0.3,0.8,7.3,0.5,,Survation_VI_2026-07-28_Tables.xlsx,Tables
UK Adults,,,,,,,historic_vote,CON,"Table_V2_2. If there were a general election tomorrow, and there were candidates from all political parties standing in your constituency, for which party would you vote?",Voting intention (Westminster),general election tomorrow,Conservative,Labour,Liberal Democrats,Green Party,Scottish National Party (SNP),Plaid Cymru,Restore Britain,Reform UK,Other,,66.1,3.6,0.8,0.9,0.7,,,22.3,,,Survation_VI_2026-07-28_Tables.xlsx,Tables
UK Adults,,,,,,,historic_vote,RFM,"Table_V2_2. If there were a general election tomorrow, and there were candidates from all political parties standing in your constituency, for which party would you vote?",Voting intention (Westminster),general election tomorrow,Conservative,Labour,Liberal Democrats,Green Party,Scottish National Party (SNP),Plaid Cymru,Restore Britain,Reform UK,Other,,5.7,2.0,,0.7,,,1.8,87.3,,,Survation_VI_2026-07-28_Tables.xlsx,Tables
UK Adults,,,,,,,historic_vote,LD,"Table_V2_2. If there were a general election tomorrow, and there were candidates from all political parties standing in your constituency, for which party would you vote?",Voting intention (Westminster),general election tomorrow,Conservative,Labour,Liberal Democrats,Green Party,Scottish National Party (SNP),Plaid Cymru,Restore Britain,Reform UK,Other,,10.2,8.1,60.5,6.4,1.6,,4.0,3.5,,,Survation_VI_2026-07-28_Tables.xlsx,Tables
UK Adults,,,,,,,historic_vote,GRN,"Table_V2_2. If there were a general election tomorrow, and there were candidates from all political parties standing in your constituency, for which party would you vote?",Voting intention (Westminster),general election tomorrow,Conservative,Labour,Liberal Democrats,Green Party,Scottish National Party (SNP),Plaid Cymru,Restore Britain,Reform UK,Other,,1.2,9.8,1.2,71.0,,,1.7,5.6,,,Survation_VI_2026-07-28_Tables.xlsx,Tables
UK Adults,,,,,,,historic_vote,OTH,"Table_V2_2. If there were a general election tomorrow, and there were candidates from all political parties standing in your constituency, for which party would you vote?",Voting intention (Westminster),general election tomorrow,Conservative,Labour,Liberal Democrats,Green Party,Scottish National Party (SNP),Plaid Cymru,Restore Britain,Reform UK,Other,,1.6,3.8,,4.5,20.1,16.1,,9.1,36.0,,Survation_VI_2026-07-28_Tables.xlsx,Tables
UK Adults,,,,,,,historic_vote,Leave,"Table_V2_2. If there were a general election tomorrow, and there were candidates from all political parties standing in your constituency, for which party would you vote?",Voting intention (Westminster),general election tomorrow,Conservative,Labour,Liberal Democrats,Green Party,Scottish National Party (SNP),Plaid Cymru,Restore Britain,Reform UK,Other,,24.5,11.7,4.6,3.1,1.7,1.1,2.9,39.3,3.4,,Survation_VI_2026-07-28_Tables.xlsx,Tables
UK Adults,,,,,,,historic_vote,Remain,"Table_V2_2. If there were a general election tomorrow, and there were candidates from all political parties standing in your constituency, for which party would you vote?",Voting intention (Westminster),general election tomorrow,Conservative,Labour,Liberal Democrats,Green Party,Scottish National Party (SNP),Plaid Cymru,Restore Britain,Reform UK,Other,,17.6,32.9,14.0,9.3,3.6,2.4,0.6,7.7,4.3,,Survation_VI_2026-07-28_Tables.xlsx,Tables
UK Adults,,,,,,,current_vote,LAB,"Table_V2_2. If there were a general election tomorrow, and there were candidates from all political parties standing in your constituency, for which party would you vote?",Voting intention (Westminster),general election tomorrow,Conservative,Labour,Liberal Democrats,Green Party,Scottish National Party (SNP),Plaid Cymru,Restore Britain,Reform UK,Other,,,,,,,,,,,,Survation_VI_2026-07-28_Tables.xlsx,Tables
UK Adults,,,,,,,current_vote,CON,"Table_V2_2. If there were a general election tomorrow, and there were candidates from all political parties standing in your constituency, for which party would you vote?",Voting intention (Westminster),general election tomorrow,Conservative,Labour,Liberal Democrats,Green Party,Scottish National Party (SNP),Plaid Cymru,Restore Britain,Reform UK,Other,,,,,,,,,,,,Survation_VI_2026-07-28_Tables.xlsx,Tables
UK Adults,,,,,,,current_vote,RFM,"Table_V2_2. If there were a general election tomorrow, and there were candidates from all political parties standing in your constituency, for which party would you vote?",Voting intention (Westminster),general election tomorrow,Conservative,Labour,Liberal Democrats,Green Party,Scottish National Party (SNP),Plaid Cymru,Restore Britain,Reform UK,Other,,,,,,,,,,,,Survation_VI_2026-07-28_Tables.xlsx,Tables
UK Adults,,,,,,,current_vote,LD,"Table_V2_2. If there were a general election tomorrow, and there were candidates from all political parties standing in your constituency, for which party would you vote?",Voting intention (Westminster),general election tomorrow,Conservative,Labour,Liberal Democrats,Green Party,Scottish National Party (SNP),Plaid Cymru,Restore Britain,Reform UK,Other,,,,,,,,,,,,Survation_VI_2026-07-28_Tables.xlsx,Tables
UK Adults,,,,,,,current_vote,GRN,"Table_V2_2. If there were a general election tomorrow, and there were candidates from all political parties standing in your constituency, for which party would you vote?",Voting intention (Westminster),general election tomorrow,Conservative,Labour,Liberal Democrats,Green Party,Scottish National Party (SNP),Plaid Cymru,Restore Britain,Reform UK,Other,,,,,,,,,,,,Survation_VI_2026-07-28_Tables.xlsx,Tables
UK Adults,,,,,,,current_vote,OTH,"Table_V2_2. If there were a general election tomorrow, and there were candidates from all political parties standing in your constituency, for which party would you vote?",Voting intention (Westminster),general election tomorrow,Conservative,Labour,Liberal Democrats,Green Party,Scottish National Party (SNP),Plaid Cymru,Restore Britain,Reform UK,Other,,,,,,26.2,17.7,20.3,,35.8,,Survation_VI_2026-07-28_Tables.xlsx,Tables
UK Adults,,,,,,,gender,Female,"Table_V2. If there were a general election tomorrow, and there were candidates from all political parties standing in your constituency, for which party would you vote?",Voting intention (Westminster),general election tomorrow,Conservative,Labour,Liberal Democrats,Green Party,Scottish National Party (SNP),Plaid Cymru,Restore Britain,Reform UK,Other,,19.9,23.8,7.7,15.0,3.5,1.9,2.5,23.3,2.4,,Survation_VI_2026-07-28_Tables.xlsx,Tables
UK Adults,,,,,,,gender,Male,"Table_V2. If there were a general election tomorrow, and there were candidates from all political parties standing in your constituency, for which party would you vote?",Voting intention (Westminster),general election tomorrow,Conservative,Labour,Liberal Democrats,Green Party,Scottish National Party (SNP),Plaid Cymru,Restore Britain,Reform UK,Other,,21.3,28.2,11.2,6.1,1.5,1.5,1.4,24.7,4.2,,Survation_VI_2026-07-28_Tables.xlsx,Tables
UK Adults,,,,,,,age,18-24,"Table_V2. If there were a general election tomorrow, and there were candidates from all political parties standing in your constituency, for which party would you vote?",Voting intention (Westminster),general election tomorrow,Conservative,Labour,Liberal Democrats,Green Party,Scottish National Party (SNP),Plaid Cymru,Restore Britain,Reform UK,Other,,7.6,27.4,10.5,34.4,2.0,0.1,2.6,14.6,0.8,,Survation_VI_2026-07-28_Tables.xlsx,Tables
UK Adults,,,,,,,age,25-34,"Table_V2. If there were a general election tomorrow, and there were candidates from all political parties standing in your constituency, for which party would you vote?",Voting intention (Westminster),general election tomorrow,Conservative,Labour,Liberal Democrats,Green Party,Scottish National Party (SNP),Plaid Cymru,Restore Britain,Reform UK,Other,,17.2,34.6,7.5,18.5,,2.5,1.9,16.7,1.0,,Survation_VI_2026-07-28_Tables.xlsx,Tables
UK Adults,,,,,,,age,35-44,"Table_V2. If there were a general election tomorrow, and there were candidates from all political parties standing in your constituency, for which party would you vote?",Voting intention (Westminster),general election tomorrow,Conservative,Labour,Liberal Democrats,Green Party,Scottish National Party (SNP),Plaid Cymru,Restore Britain,Reform UK,Other,,15.4,31.2,11.2,9.2,2.7,1.6,1.7,21.3,5.7,,Survation_VI_2026-07-28_Tables.xlsx,Tables
UK Adults,,,,,,,age,45-54,"Table_V2. If there were a general election tomorrow, and there were candidates from all political parties standing in your constituency, for which party would you vote?",Voting intention (Westminster),general election tomorrow,Conservative,Labour,Liberal Democrats,Green Party,Scottish National Party (SNP),Plaid Cymru,Restore Britain,Reform UK,Other,,19.9,22.8,7.7,7.3,3.2,0.9,5.0,27.9,5.3,,Survation_VI_2026-07-28_Tables.xlsx,Tables
UK Adults,,,,,,,age,55-64,"Table_V2. If there were a general election tomorrow, and there were candidates from all political parties standing in your constituency, for which party would you vote?",Voting intention (Westminster),general election tomorrow,Conservative,Labour,Liberal Democrats,Green Party,Scottish National Party (SNP),Plaid Cymru,Restore Britain,Reform UK,Other,,18.4,25.6,10.1,4.3,3.8,2.4,0.7,32.9,1.8,,Survation_VI_2026-07-28_Tables.xlsx,Tables
UK Adults,,,,,,,age,65+,"Table_V2. If there were a general election tomorrow, and there were candidates from all political parties standing in your constituency, for which party would you vote?",Voting intention (Westminster),general election tomorrow,Conservative,Labour,Liberal Democrats,Green Party,Scottish National Party (SNP),Plaid Cymru,Restore Britain,Reform UK,Other,,32.2,19.9,10.4,2.6,2.7,1.7,0.7,25.7,4.2,,Survation_VI_2026-07-28_Tables.xlsx,Tables
UK Adults,,,,,,,region,London,"Table_V2. If there were a general election tomorrow, and there were candidates from all political parties standing in your constituency, for which party would you vote?",Voting intention (Westminster),general election tomorrow,Conservative,Labour,Liberal Democrats,Green Party,Scottish National Party (SNP),Plaid Cymru,Restore Britain,Reform UK,Other,,21.6,39.4,8.7,14.6,,,0.8,14.5,0.5,,Survation_VI_2026-07-28_Tables.xlsx,Tables
UK Adults,,,,,,,region,South,"Table_V2. If there were a general election tomorrow, and there were candidates from all political parties standing in your constituency, for which party would you vote?",Voting intention (Westminster),general election tomorrow,Conservative,Labour,Liberal Democrats,Green Party,Scottish National Party (SNP),Plaid Cymru,Restore Britain,Reform UK,Other,,25.4,19.8,14.4,8.7,,,3.2,27.3,1.1,,Survation_VI_2026-07-28_Tables.xlsx,Tables
UK Adults,,,,,,,region,Midlands,"Table_V2. If there were a general election tomorrow, and there were candidates from all political parties standing in your constituency, for which party would you vote?",Voting intention (Westminster),general election tomorrow,Conservative,Labour,Liberal Democrats,Green Party,Scottish National Party (SNP),Plaid Cymru,Restore Britain,Reform UK,Other,,18.8,33.4,6.1,12.3,,,1.2,28.2,,,Survation_VI_2026-07-28_Tables.xlsx,Tables
UK Adults,,,,,,,region,North,"Table_V2. If there were a general election tomorrow, and there were candidates from all political parties standing in your constituency, for which party would you vote?",Voting intention (Westminster),general election tomorrow,Conservative,Labour,Liberal Democrats,Green Party,Scottish National Party (SNP),Plaid Cymru,Restore Britain,Reform UK,Other,,20.1,29.9,7.8,10.5,,,2.5,29.1,,,Survation_VI_2026-07-28_Tables.xlsx,Tables
UK Adults,,,,,,,region,England,"Table_V2. If there were a general election tomorrow, and there were candidates from all political parties standing in your constituency, for which party would you vote?",Voting intention (Westminster),general election tomorrow,Conservative,Labour,Liberal Democrats,Green Party,Scottish National Party (SNP),Plaid Cymru,Restore Britain,Reform UK,Other,,22.1,28.2,10.2,10.8,,,2.2,25.9,0.5,,Survation_VI_2026-07-28_Tables.xlsx,Tables
UK Adults,,,,,,,region,Scotland,"Table_V2. If there were a general election tomorrow, and there were candidates from all political parties standing in your constituency, for which party would you vote?",Voting intention (Westminster),general election tomorrow,Conservative,Labour,Liberal Democrats,Green Party,Scottish National Party (SNP),Plaid Cymru,Restore Britain,Reform UK,Other,,21.3,19.3,10.3,4.2,29.7,,,15.3,,,Survation_VI_2026-07-28_Tables.xlsx,Tables
UK Adults,,,,,,,region,Wales,"Table_V2. If there were a general election tomorrow, and there were candidates from all political parties standing in your constituency, for which party would you vote?",Voting intention (Westminster),general election tomorrow,Conservative,Labour,Liberal Democrats,Green Party,Scottish National Party (SNP),Plaid Cymru,Restore Britain,Reform UK,Other,,3.7,14.6,2.7,17.8,,39.6,,21.6,,,Survation_VI_2026-07-28_Tables.xlsx,Tables
UK Adults,,,,,,,region,Northern Ireland,"Table_V2. If there were a general election tomorrow, and there were candidates from all political parties standing in your constituency, for which party would you vote?",Voting intention (Westminster),general election tomorrow,Conservative,Labour,Liberal Democrats,Green Party,Scottish National Party (SNP),Plaid Cymru,Restore Britain,Reform UK,Other,,,,,,,,,,,,Survation_VI_2026-07-28_Tables.xlsx,Tables
UK Adults,,,,,,,class,ABC1,"Table_V2. If there were a general election tomorrow, and there were candidates from all political parties standing in your constituency, for which party would you vote?",Voting intention (Westminster),general election tomorrow,Conservative,Labour,Liberal Democrats,Green Party,Scottish National Party (SNP),Plaid Cymru,Restore Britain,Reform UK,Other,,18.8,30.2,11.4,11.8,1.2,1.2,2.1,19.8,3.5,,Survation_VI_2026-07-28_Tables.xlsx,Tables
UK Adults,,,,,,,class,C2DE,"Table_V2. If there were a general election tomorrow, and there were candidates from all political parties standing in your constituency, for which party would you vote?",Voting intention (Westminster),general election tomorrow,Conservative,Labour,Liberal Democrats,Green Party,Scottish National Party (SNP),Plaid Cymru,Restore Britain,Reform UK,Other,,23.3,20.2,7.0,8.0,4.3,2.4,1.5,30.3,3.1,,Survation_VI_2026-07-28_Tables.xlsx,Tables
UK Adults,,,,,,,income,"£0 - £19,999","Table_V2. If there were a general election tomorrow, and there were candidates from all political parties standing in your constituency, for which party would you vote?",Voting intention (Westminster),general election tomorrow,Conservative,Labour,Liberal Democrats,Green Party,Scottish National Party (SNP),Plaid Cymru,Restore Britain,Reform UK,Other,,13.4,26.0,9.8,14.6,3.9,4.3,2.6,23.6,1.8,,Survation_VI_2026-07-28_Tables.xlsx,Tables
UK Adults,,,,,,,income,"£20,000 - £39,999","Table_V2. If there were a general election tomorrow, and there were candidates from all political parties standing in your constituency, for which party would you vote?",Voting intention (Westminster),general election tomorrow,Conservative,Labour,Liberal Democrats,Green Party,Scottish National Party (SNP),Plaid Cymru,Restore Britain,Reform UK,Other,,22.6,21.8,9.3,8.7,2.9,1.7,2.9,26.4,3.7,,Survation_VI_2026-07-28_Tables.xlsx,Tables
UK Adults,,,,,,,income,"£40,000+","Table_V2. If there were a general election tomorrow, and there were candidates from all political parties standing in your constituency, for which party would you vote?",Voting intention (Westminster),general election tomorrow,Conservative,Labour,Liberal Democrats,Green Party,Scottish National Party (SNP),Plaid Cymru,Restore Britain,Reform UK,Other,,21.6,30.4,9.7,10.0,1.5,0.6,0.7,21.9,3.7,,Survation_VI_2026-07-28_Tables.xlsx,Tables
UK Adults,,,,,,,historic_vote,LAB,"Table_V2. If there were a general election tomorrow, and there were candidates from all political parties standing in your constituency, for which party would you vote?",Voting intention (Westminster),general election tomorrow,Conservative,Labour,Liberal Democrats,Green Party,Scottish National Party (SNP),Plaid Cymru,Restore Britain,Reform UK,Other,,6.7,71.7,4.8,6.1,1.0,0.4,0.9,7.9,0.6,,Survation_VI_2026-07-28_Tables.xlsx,Tables
UK Adults,,,,,,,historic_vote,CON,"Table_V2. If there were a general election tomorrow, and there were candidates from all political parties standing in your constituency, for which party would you vote?",Voting intention (Westminster),general election tomorrow,Conservative,Labour,Liberal Democrats,Green Party,Scottish National Party (SNP),Plaid Cymru,Restore Britain,Reform UK,Other,,70.0,3.8,0.9,1.0,0.8,,,23.6,,,Survation_VI_2026-07-28_Tables.xlsx,Tables
UK Adults,,,,,,,historic_vote,RFM,"Table_V2. If there were a general election tomorrow, and there were candidates from all political parties standing in your constituency, for which party would you vote?",Voting intention (Westminster),general election tomorrow,Conservative,Labour,Liberal Democrats,Green Party,Scottish National Party (SNP),Plaid Cymru,Restore Britain,Reform UK,Other,,5.8,2.1,,0.7,,,1.9,89.6,,,Survation_VI_2026-07-28_Tables.xlsx,Tables
UK Adults,,,,,,,historic_vote,LD,"Table_V2. If there were a general election tomorrow, and there were candidates from all political parties standing in your constituency, for which party would you vote?",Voting intention (Westminster),general election tomorrow,Conservative,Labour,Liberal Democrats,Green Party,Scottish National Party (SNP),Plaid Cymru,Restore Britain,Reform UK,Other,,10.8,8.6,64.2,6.7,1.7,,4.3,3.7,,,Survation_VI_2026-07-28_Tables.xlsx,Tables
UK Adults,,,,,,,historic_vote,GRN,"Table_V2. If there were a general election tomorrow, and there were candidates from all political parties standing in your constituency, for which party would you vote?",Voting intention (Westminster),general election tomorrow,Conservative,Labour,Liberal Democrats,Green Party,Scottish National Party (SNP),Plaid Cymru,Restore Britain,Reform UK,Other,,1.3,10.8,1.3,78.5,,,1.9,6.2,,,Survation_VI_2026-07-28_Tables.xlsx,Tables
UK Adults,,,,,,,historic_vote,OTH,"Table_V2. If there were a general election tomorrow, and there were candidates from all political parties standing in your constituency, for which party would you vote?",Voting intention (Westminster),general election tomorrow,Conservative,Labour,Liberal Democrats,Green Party,Scottish National Party (SNP),Plaid Cymru,Restore Britain,Reform UK,Other,,1.7,4.2,,5.0,22.0,17.6,,10.0,39.5,,Survation_VI_2026-07-28_Tables.xlsx,Tables
UK Adults,,,,,,,historic_vote,Leave,"Table_V2. If there were a general election tomorrow, and there were candidates from all political parties standing in your constituency, for which party would you vote?",Voting intention (Westminster),general election tomorrow,Conservative,Labour,Liberal Democrats,Green Party,Scottish National Party (SNP),Plaid Cymru,Restore Britain,Reform UK,Other,,26.5,12.7,5.0,3.4,1.8,1.2,3.2,42.6,3.6,,Survation_VI_2026-07-28_Tables.xlsx,Tables
UK Adults,,,,,,,historic_vote,Remain,"Table_V2. If there were a general election tomorrow, and there were candidates from all political parties standing in your constituency, for which party would you vote?",Voting intention (Westminster),general election tomorrow,Conservative,Labour,Liberal Democrats,Green Party,Scottish National Party (SNP),Plaid Cymru,Restore Britain,Reform UK,Other,,19.1,35.7,15.2,10.0,3.9,2.5,0.7,8.3,4.6,,Survation_VI_2026-07-28_Tables.xlsx,Tables
UK Adults,,,,,,,current_vote,LAB,"Table_V2. If there were a general election tomorrow, and there were candidates from all political parties standing in your constituency, for which party would you vote?",Voting intention (Westminster),general election tomorrow,Conservative,Labour,Liberal Democrats,Green Party,Scottish National Party (SNP),Plaid Cymru,Restore Britain,Reform UK,Other,,,,,,,,,,,,Survation_VI_2026-07-28_Tables.xlsx,Tables
UK Adults,,,,,,,current_vote,CON,"Table_V2. If there were a general election tomorrow, and there were candidates from all political parties standing in your constituency, for which party would you vote?",Voting intention (Westminster),general election tomorrow,Conservative,Labour,Liberal Democrats,Green Party,Scottish National Party (SNP),Plaid Cymru,Restore Britain,Reform UK,Other,,,,,,,,,,,,Survation_VI_2026-07-28_Tables.xlsx,Tables
UK Adults,,,,,,,current_vote,RFM,"Table_V2. If there were a general election tomorrow, and there were candidates from all political parties standing in your constituency, for which party would you vote?",Voting intention (Westminster),general election tomorrow,Conservative,Labour,Liberal Democrats,Green Party,Scottish National Party (SNP),Plaid Cymru,Restore Britain,Reform UK,Other,,,,,,,,,,,,Survation_VI_2026-07-28_Tables.xlsx,Tables
UK Adults,,,,,,,current_vote,LD,"Table_V2. If there were a general election tomorrow, and there were candidates from all political parties standing in your constituency, for which party would you vote?",Voting intention (Westminster),general election tomorrow,Conservative,Labour,Liberal Democrats,Green Party,Scottish National Party (SNP),Plaid Cymru,Restore Britain,Reform UK,Other,,,,,,,,,,,,Survation_VI_2026-07-28_Tables.xlsx,Tables
UK Adults,,,,,,,current_vote,GRN,"Table_V2. If there were a general election tomorrow, and there were candidates from all political parties standing in your constituency, for which party would you vote?",Voting intention (Westminster),general election tomorrow,Conservative,Labour,Liberal Democrats,Green Party,Scottish National Party (SNP),Plaid Cymru,Restore Britain,Reform UK,Other,,,,,,,,,,,,Survation_VI_2026-07-28_Tables.xlsx,Tables
UK Adults,,,,,,,current_vote,OTH,"Table_V2. If there were a general election tomorrow, and there were candidates from all political parties standing in your constituency, for which party would you vote?",Voting intention (Westminster),general election tomorrow,Conservative,Labour,Liberal Democrats,Green Party,Scottish National Party (SNP),Plaid Cymru,Restore Britain,Reform UK,Other,,,,,,26.2,17.7,20.3,,35.8,,Survation_VI_2026-07-28_Tables.xlsx,Tables
UK Adults,,,,,,,gender,Female,Table_BestPM. Which of the following party leaders would make the best Prime Minister?,Preferred Prime Minister,best prime minister,Kemi Badenoch,Andy Burnham,Nigel Farage,,,,,,,,17.4,31.7,18.9,,,,,,,,Survation_VI_2026-07-28_Tables.xlsx,Tables
UK Adults,,,,,,,gender,Male,Table_BestPM. Which of the following party leaders would make the best Prime Minister?,Preferred Prime Minister,best prime minister,Kemi Badenoch,Andy Burnham,Nigel Farage,,,,,,,,21.7,36.7,25.1,,,,,,,,Survation_VI_2026-07-28_Tables.xlsx,Tables
UK Adults,,,,,,,age,18-24,Table_BestPM. Which of the following party leaders would make the best Prime Minister?,Preferred Prime Minister,best prime minister,Kemi Badenoch,Andy Burnham,Nigel Farage,,,,,,,,12.7,35.7,23.8,,,,,,,,Survation_VI_2026-07-28_Tables.xlsx,Tables
UK Adults,,,,,,,age,25-34,Table_BestPM. Which of the following party leaders would make the best Prime Minister?,Preferred Prime Minister,best prime minister,Kemi Badenoch,Andy Burnham,Nigel Farage,,,,,,,,15.6,41.4,18.5,,,,,,,,Survation_VI_2026-07-28_Tables.xlsx,Tables
UK Adults,,,,,,,age,35-44,Table_BestPM. Which of the following party leaders would make the best Prime Minister?,Preferred Prime Minister,best prime minister,Kemi Badenoch,Andy Burnham,Nigel Farage,,,,,,,,14.1,39.2,22.2,,,,,,,,Survation_VI_2026-07-28_Tables.xlsx,Tables
UK Adults,,,,,,,age,45-54,Table_BestPM. Which of the following party leaders would make the best Prime Minister?,Preferred Prime Minister,best prime minister,Kemi Badenoch,Andy Burnham,Nigel Farage,,,,,,,,14.7,31.8,25.1,,,,,,,,Survation_VI_2026-07-28_Tables.xlsx,Tables
UK Adults,,,,,,,age,55-64,Table_BestPM. Which of the following party leaders would make the best Prime Minister?,Preferred Prime Minister,best prime minister,Kemi Badenoch,Andy Burnham,Nigel Farage,,,,,,,,18.5,33.8,22.6,,,,,,,,Survation_VI_2026-07-28_Tables.xlsx,Tables
UK Adults,,,,,,,age,65+,Table_BestPM. Which of the following party leaders would make the best Prime Minister?,Preferred Prime Minister,best prime minister,Kemi Badenoch,Andy Burnham,Nigel Farage,,,,,,,,33.1,26.6,20.4,,,,,,,,Survation_VI_2026-07-28_Tables.xlsx,Tables
UK Adults,,,,,,,region,London,Table_BestPM. Which of the following party leaders would make the best Prime Minister?,Preferred Prime Minister,best prime minister,Kemi Badenoch,Andy Burnham,Nigel Farage,,,,,,,,22.2,41.7,16.5,,,,,,,,Survation_VI_2026-07-28_Tables.xlsx,Tables
UK Adults,,,,,,,region,South,Table_BestPM. Which of the following party leaders would make the best Prime Minister?,Preferred Prime Minister,best prime minister,Kemi Badenoch,Andy Burnham,Nigel Farage,,,,,,,,22.2,29.8,22.8,,,,,,,,Survation_VI_2026-07-28_Tables.xlsx,Tables
UK Adults,,,,,,,region,Midlands,Table_BestPM. Which of the following party leaders would make the best Prime Minister?,Preferred Prime Minister,best prime minister,Kemi Badenoch,Andy Burnham,Nigel Farage,,,,,,,,13.8,35.9,24.3,,,,,,,,Survation_VI_2026-07-28_Tables.xlsx,Tables
UK Adults,,,,,,,region,North,Table_BestPM. Which of the following party leaders would make the best Prime Minister?,Preferred Prime Minister,best prime minister,Kemi Badenoch,Andy Burnham,Nigel Farage,,,,,,,,19.1,36.9,24.2,,,,,,,,Survation_VI_2026-07-28_Tables.xlsx,Tables
UK Adults,,,,,,,region,England,Table_BestPM. Which of the following party leaders would make the best Prime Minister?,Preferred Prime Minister,best prime minister,Kemi Badenoch,Andy Burnham,Nigel Farage,,,,,,,,19.7,34.8,22.5,,,,,,,,Survation_VI_2026-07-28_Tables.xlsx,Tables
UK Adults,,,,,,,region,Scotland,Table_BestPM. Which of the following party leaders would make the best Prime Minister?,Preferred Prime Minister,best prime minister,Kemi Badenoch,Andy Burnham,Nigel Farage,,,,,,,,19.6,34.0,17.6,,,,,,,,Survation_VI_2026-07-28_Tables.xlsx,Tables
UK Adults,,,,,,,region,Wales,Table_BestPM. Which of the following party leaders would make the best Prime Minister?,Preferred Prime Minister,best prime minister,Kemi Badenoch,Andy Burnham,Nigel Farage,,,,,,,,5.9,29.7,11.8,,,,,,,,Survation_VI_2026-07-28_Tables.xlsx,Tables
UK Adults,,,,,,,region,Northern Ireland,Table_BestPM. Which of the following party leaders would make the best Prime Minister?,Preferred Prime Minister,best prime minister,Kemi Badenoch,Andy Burnham,Nigel Farage,,,,,,,,34.4,23.9,33.1,,,,,,,,Survation_VI_2026-07-28_Tables.xlsx,Tables
UK Adults,,,,,,,class,ABC1,Table_BestPM. Which of the following party leaders would make the best Prime Minister?,Preferred Prime Minister,best prime minister,Kemi Badenoch,Andy Burnham,Nigel Farage,,,,,,,,20.1,39.6,20.7,,,,,,,,Survation_VI_2026-07-28_Tables.xlsx,Tables
UK Adults,,,,,,,class,C2DE,Table_BestPM. Which of the following party leaders would make the best Prime Minister?,Preferred Prime Minister,best prime minister,Kemi Badenoch,Andy Burnham,Nigel Farage,,,,,,,,18.7,27.5,23.2,,,,,,,,Survation_VI_2026-07-28_Tables.xlsx,Tables
UK Adults,,,,,,,income,"£0 - £19,999",Table_BestPM. Which of the following party leaders would make the best Prime Minister?,Preferred Prime Minister,best prime minister,Kemi Badenoch,Andy Burnham,Nigel Farage,,,,,,,,12.2,31.8,23.7,,,,,,,,Survation_VI_2026-07-28_Tables.xlsx,Tables
UK Adults,,,,,,,income,"£20,000 - £39,999",Table_BestPM. Which of the following party leaders would make the best Prime Minister?,Preferred Prime Minister,best prime minister,Kemi Badenoch,Andy Burnham,Nigel Farage,,,,,,,,20.0,31.5,21.3,,,,,,,,Survation_VI_2026-07-28_Tables.xlsx,Tables
UK Adults,,,,,,,income,"£40,000+",Table_BestPM. Which of the following party leaders would make the best Prime Minister?,Preferred Prime Minister,best prime minister,Kemi Badenoch,Andy Burnham,Nigel Farage,,,,,,,,23.0,38.3,21.4,,,,,,,,Survation_VI_2026-07-28_Tables.xlsx,Tables
UK Adults,,,,,,,historic_vote,LAB,Table_BestPM. Which of the following party leaders would make the best Prime Minister?,Preferred Prime Minister,best prime minister,Kemi Badenoch,Andy Burnham,Nigel Farage,,,,,,,,12.4,61.3,10.5,,,,,,,,Survation_VI_2026-07-28_Tables.xlsx,Tables
UK Adults,,,,,,,historic_vote,CON,Table_BestPM. Which of the following party leaders would make the best Prime Minister?,Preferred Prime Minister,best prime minister,Kemi Badenoch,Andy Burnham,Nigel Farage,,,,,,,,56.6,10.7,22.0,,,,,,,,Survation_VI_2026-07-28_Tables.xlsx,Tables
UK Adults,,,,,,,historic_vote,RFM,Table_BestPM. Which of the following party leaders would make the best Prime Minister?,Preferred Prime Minister,best prime minister,Kemi Badenoch,Andy Burnham,Nigel Farage,,,,,,,,14.2,7.0,74.4,,,,,,,,Survation_VI_2026-07-28_Tables.xlsx,Tables
UK Adults,,,,,,,historic_vote,LD,Table_BestPM. Which of the following party leaders would make the best Prime Minister?,Preferred Prime Minister,best prime minister,Kemi Badenoch,Andy Burnham,Nigel Farage,,,,,,,,17.2,59.5,10.9,,,,,,,,Survation_VI_2026-07-28_Tables.xlsx,Tables
UK Adults,,,,,,,historic_vote,GRN,Table_BestPM. Which of the following party leaders would make the best Prime Minister?,Preferred Prime Minister,best prime minister,Kemi Badenoch,Andy Burnham,Nigel Farage,,,,,,,,15.3,48.1,10.3,,,,,,,,Survation_VI_2026-07-28_Tables.xlsx,Tables
UK Adults,,,,,,,historic_vote,OTH,Table_BestPM. Which of the following party leaders would make the best Prime Minister?,Preferred Prime Minister,best prime minister,Kemi Badenoch,Andy Burnham,Nigel Farage,,,,,,,,18.7,36.7,23.2,,,,,,,,Survation_VI_2026-07-28_Tables.xlsx,Tables
UK Adults,,,,,,,historic_vote,Leave,Table_BestPM. Which of the following party leaders would make the best Prime Minister?,Preferred Prime Minister,best prime minister,Kemi Badenoch,Andy Burnham,Nigel Farage,,,,,,,,28.1,18.3,37.6,,,,,,,,Survation_VI_2026-07-28_Tables.xlsx,Tables
UK Adults,,,,,,,historic_vote,Remain,Table_BestPM. Which of the following party leaders would make the best Prime Minister?,Preferred Prime Minister,best prime minister,Kemi Badenoch,Andy Burnham,Nigel Farage,,,,,,,,21.6,53.5,9.8,,,,,,,,Survation_VI_2026-07-28_Tables.xlsx,Tables
UK Adults,,,,,,,current_vote,LAB,Table_BestPM. Which of the following party leaders would make the best Prime Minister?,Preferred Prime Minister,best prime minister,Kemi Badenoch,Andy Burnham,Nigel Farage,,,,,,,,7.7,77.8,7.1,,,,,,,,Survation_VI_2026-07-28_Tables.xlsx,Tables
UK Adults,,,,,,,current_vote,CON,Table_BestPM. Which of the following party leaders would make the best Prime Minister?,Preferred Prime Minister,best prime minister,Kemi Badenoch,Andy Burnham,Nigel Farage,,,,,,,,74.7,8.0,6.0,,,,,,,,Survation_VI_2026-07-28_Tables.xlsx,Tables
UK Adults,,,,,,,current_vote,RFM,Table_BestPM. Which of the following party leaders would make the best Prime Minister?,Preferred Prime Minister,best prime minister,Kemi Badenoch,Andy Burnham,Nigel Farage,,,,,,,,8.9,7.5,76.7,,,,,,,,Survation_VI_2026-07-28_Tables.xlsx,Tables
UK Adults,,,,,,,current_vote,LD,Table_BestPM. Which of the following party leaders would make the best Prime Minister?,Preferred Prime Minister,best prime minister,Kemi Badenoch,Andy Burnham,Nigel Farage,,,,,,,,18.1,59.2,5.9,,,,,,,,Survation_VI_2026-07-28_Tables.xlsx,Tables
UK Adults,,,,,,,current_vote,GRN,Table_BestPM. Which of the following party leaders would make the best Prime Minister?,Preferred Prime Minister,best prime minister,Kemi Badenoch,Andy Burnham,Nigel Farage,,,,,,,,6.6,53.8,9.1,,,,,,,,Survation_VI_2026-07-28_Tables.xlsx,Tables
UK Adults,,,,,,,current_vote,OTH,Table_BestPM. Which of the following party leaders would make the best Prime Minister?,Preferred Prime Minister,best prime minister,Kemi Badenoch,Andy Burnham,Nigel Farage,,,,,,,,16.4,34.0,24.9,,,,,,,,Survation_VI_2026-07-28_Tables.xlsx,Tables
UK Adults,,,,,,,gender,Female,"Table_Q8_1. Conservative:To what extent, if at all, do you like or dislike the following political parties?",UNMATCHED,,Like,Neither like nor dislike,Dislike,,,,,,,,32.3,22.7,36.3,,,,,,,,Survation_VI_2026-07-28_Tables.xlsx,Tables
UK Adults,,,,,,,gender,Male,"Table_Q8_1. Conservative:To what extent, if at all, do you like or dislike the following political parties?",UNMATCHED,,Like,Neither like nor dislike,Dislike,,,,,,,,41.1,18.6,37.8,,,,,,,,Survation_VI_2026-07-28_Tables.xlsx,Tables
UK Adults,,,,,,,age,18-24,"Table_Q8_1. Conservative:To what extent, if at all, do you like or dislike the following political parties?",UNMATCHED,,Like,Neither like nor dislike,Dislike,,,,,,,,31.1,27.0,37.7,,,,,,,,Survation_VI_2026-07-28_Tables.xlsx,Tables
UK Adults,,,,,,,age,25-34,"Table_Q8_1. Conservative:To what extent, if at all, do you like or dislike the following political parties?",UNMATCHED,,Like,Neither like nor dislike,Dislike,,,,,,,,36.3,28.2,29.8,,,,,,,,Survation_VI_2026-07-28_Tables.xlsx,Tables
UK Adults,,,,,,,age,35-44,"Table_Q8_1. Conservative:To what extent, if at all, do you like or dislike the following political parties?",UNMATCHED,,Like,Neither like nor dislike,Dislike,,,,,,,,35.1,22.8,32.7,,,,,,,,Survation_VI_2026-07-28_Tables.xlsx,Tables
UK Adults,,,,,,,age,45-54,"Table_Q8_1. Conservative:To what extent, if at all, do you like or dislike the following political parties?",UNMATCHED,,Like,Neither like nor dislike,Dislike,,,,,,,,28.4,23.6,41.4,,,,,,,,Survation_VI_2026-07-28_Tables.xlsx,Tables
UK Adults,,,,,,,age,55-64,"Table_Q8_1. Conservative:To what extent, if at all, do you like or dislike the following political parties?",UNMATCHED,,Like,Neither like nor dislike,Dislike,,,,,,,,34.6,15.2,45.1,,,,,,,,Survation_VI_2026-07-28_Tables.xlsx,Tables
UK Adults,,,,,,,age,65+,"Table_Q8_1. Conservative:To what extent, if at all, do you like or dislike the following political parties?",UNMATCHED,,Like,Neither like nor dislike,Dislike,,,,,,,,48.3,12.9,37.0,,,,,,,,Survation_VI_2026-07-28_Tables.xlsx,Tables
UK Adults,,,,,,,region,London,"Table_Q8_1. Conservative:To what extent, if at all, do you like or dislike the following political parties?",UNMATCHED,,Like,Neither like nor dislike,Dislike,,,,,,,,46.2,23.2,28.0,,,,,,,,Survation_VI_2026-07-28_Tables.xlsx,Tables
UK Adults,,,,,,,region,South,"Table_Q8_1. Conservative:To what extent, if at all, do you like or dislike the following political parties?",UNMATCHED,,Like,Neither like nor dislike,Dislike,,,,,,,,42.4,17.3,35.3,,,,,,,,Survation_VI_2026-07-28_Tables.xlsx,Tables
UK Adults,,,,,,,region,Midlands,"Table_Q8_1. Conservative:To what extent, if at all, do you like or dislike the following political parties?",UNMATCHED,,Like,Neither like nor dislike,Dislike,,,,,,,,32.5,29.1,30.1,,,,,,,,Survation_VI_2026-07-28_Tables.xlsx,Tables
UK Adults,,,,,,,region,North,"Table_Q8_1. Conservative:To what extent, if at all, do you like or dislike the following political parties?",UNMATCHED,,Like,Neither like nor dislike,Dislike,,,,,,,,32.8,18.1,44.7,,,,,,,,Survation_VI_2026-07-28_Tables.xlsx,Tables
UK Adults,,,,,,,region,England,"Table_Q8_1. Conservative:To what extent, if at all, do you like or dislike the following political parties?",UNMATCHED,,Like,Neither like nor dislike,Dislike,,,,,,,,38.5,20.7,35.6,,,,,,,,Survation_VI_2026-07-28_Tables.xlsx,Tables
UK Adults,,,,,,,region,Scotland,"Table_Q8_1. Conservative:To what extent, if at all, do you like or dislike the following political parties?",UNMATCHED,,Like,Neither like nor dislike,Dislike,,,,,,,,24.7,20.0,48.2,,,,,,,,Survation_VI_2026-07-28_Tables.xlsx,Tables
UK Adults,,,,,,,region,Wales,"Table_Q8_1. Conservative:To what extent, if at all, do you like or dislike the following political parties?",UNMATCHED,,Like,Neither like nor dislike,Dislike,,,,,,,,17.0,25.5,46.8,,,,,,,,Survation_VI_2026-07-28_Tables.xlsx,Tables
UK Adults,,,,,,,region,Northern Ireland,"Table_Q8_1. Conservative:To what extent, if at all, do you like or dislike the following political parties?",UNMATCHED,,Like,Neither like nor dislike,Dislike,,,,,,,,50.0,15.4,28.6,,,,,,,,Survation_VI_2026-07-28_Tables.xlsx,Tables
UK Adults,,,,,,,class,ABC1,"Table_Q8_1. Conservative:To what extent, if at all, do you like or dislike the following political parties?",UNMATCHED,,Like,Neither like nor dislike,Dislike,,,,,,,,37.5,19.6,38.1,,,,,,,,Survation_VI_2026-07-28_Tables.xlsx,Tables
UK Adults,,,,,,,class,C2DE,"Table_Q8_1. Conservative:To what extent, if at all, do you like or dislike the following political parties?",UNMATCHED,,Like,Neither like nor dislike,Dislike,,,,,,,,35.6,22.1,35.8,,,,,,,,Survation_VI_2026-07-28_Tables.xlsx,Tables
UK Adults,,,,,,,income,"£0 - £19,999","Table_Q8_1. Conservative:To what extent, if at all, do you like or dislike the following political parties?",UNMATCHED,,Like,Neither like nor dislike,Dislike,,,,,,,,31.5,23.2,40.4,,,,,,,,Survation_VI_2026-07-28_Tables.xlsx,Tables
UK Adults,,,,,,,income,"£20,000 - £39,999","Table_Q8_1. Conservative:To what extent, if at all, do you like or dislike the following political parties?",UNMATCHED,,Like,Neither like nor dislike,Dislike,,,,,,,,34.7,19.4,37.8,,,,,,,,Survation_VI_2026-07-28_Tables.xlsx,Tables
UK Adults,,,,,,,income,"£40,000+","Table_Q8_1. Conservative:To what extent, if at all, do you like or dislike the following political parties?",UNMATCHED,,Like,Neither like nor dislike,Dislike,,,,,,,,41.6,20.8,34.3,,,,,,,,Survation_VI_2026-07-28_Tables.xlsx,Tables
UK Adults,,,,,,,historic_vote,LAB,"Table_Q8_1. Conservative:To what extent, if at all, do you like or dislike the following political parties?",UNMATCHED,,Like,Neither like nor dislike,Dislike,,,,,,,,27.7,23.4,48.1,,,,,,,,Survation_VI_2026-07-28_Tables.xlsx,Tables
UK Adults,,,,,,,historic_vote,CON,"Table_Q8_1. Conservative:To what extent, if at all, do you like or dislike the following political parties?",UNMATCHED,,Like,Neither like nor dislike,Dislike,,,,,,,,89.1,5.8,4.2,,,,,,,,Survation_VI_2026-07-28_Tables.xlsx,Tables
UK Adults,,,,,,,historic_vote,RFM,"Table_Q8_1. Conservative:To what extent, if at all, do you like or dislike the following political parties?",UNMATCHED,,Like,Neither like nor dislike,Dislike,,,,,,,,45.0,15.8,37.0,,,,,,,,Survation_VI_2026-07-28_Tables.xlsx,Tables
UK Adults,,,,,,,historic_vote,LD,"Table_Q8_1. Conservative:To what extent, if at all, do you like or dislike the following political parties?",UNMATCHED,,Like,Neither like nor dislike,Dislike,,,,,,,,24.7,14.6,57.6,,,,,,,,Survation_VI_2026-07-28_Tables.xlsx,Tables
UK Adults,,,,,,,historic_vote,GRN,"Table_Q8_1. Conservative:To what extent, if at all, do you like or dislike the following political parties?",UNMATCHED,,Like,Neither like nor dislike,Dislike,,,,,,,,25.5,28.1,44.7,,,,,,,,Survation_VI_2026-07-28_Tables.xlsx,Tables
UK Adults,,,,,,,historic_vote,OTH,"Table_Q8_1. Conservative:To what extent, if at all, do you like or dislike the following political parties?",UNMATCHED,,Like,Neither like nor dislike,Dislike,,,,,,,,18.5,21.2,58.5,,,,,,,,Survation_VI_2026-07-28_Tables.xlsx,Tables
UK Adults,,,,,,,historic_vote,Leave,"Table_Q8_1. Conservative:To what extent, if at all, do you like or dislike the following political parties?",UNMATCHED,,Like,Neither like nor dislike,Dislike,,,,,,,,50.8,14.3,33.1,,,,,,,,Survation_VI_2026-07-28_Tables.xlsx,Tables
UK Adults,,,,,,,historic_vote,Remain,"Table_Q8_1. Conservative:To what extent, if at all, do you like or dislike the following political parties?",UNMATCHED,,Like,Neither like nor dislike,Dislike,,,,,,,,35.7,17.7,46.2,,,,,,,,Survation_VI_2026-07-28_Tables.xlsx,Tables
UK Adults,,,,,,,current_vote,LAB,"Table_Q8_1. Conservative:To what extent, if at all, do you like or dislike the following political parties?",UNMATCHED,,Like,Neither like nor dislike,Dislike,,,,,,,,28.0,22.8,47.2,,,,,,,,Survation_VI_2026-07-28_Tables.xlsx,Tables
UK Adults,,,,,,,current_vote,CON,"Table_Q8_1. Conservative:To what extent, if at all, do you like or dislike the following political parties?",UNMATCHED,,Like,Neither like nor dislike,Dislike,,,,,,,,93.1,3.8,3.1,,,,,,,,Survation_VI_2026-07-28_Tables.xlsx,Tables
UK Adults,,,,,,,current_vote,RFM,"Table_Q8_1. Conservative:To what extent, if at all, do you like or dislike the following political parties?",UNMATCHED,,Like,Neither like nor dislike,Dislike,,,,,,,,41.0,18.3,37.2,,,,,,,,Survation_VI_2026-07-28_Tables.xlsx,Tables
UK Adults,,,,,,,current_vote,LD,"Table_Q8_1. Conservative:To what extent, if at all, do you like or dislike the following political parties?",UNMATCHED,,Like,Neither like nor dislike,Dislike,,,,,,,,22.7,20.6,57.3,,,,,,,,Survation_VI_2026-07-28_Tables.xlsx,Tables
UK Adults,,,,,,,current_vote,GRN,"Table_Q8_1. Conservative:To what extent, if at all, do you like or dislike the following political parties?",UNMATCHED,,Like,Neither like nor dislike,Dislike,,,,,,,,23.1,21.6,51.6,,,,,,,,Survation_VI_2026-07-28_Tables.xlsx,Tables
UK Adults,,,,,,,current_vote,OTH,"Table_Q8_1. Conservative:To what extent, if at all, do you like or dislike the following political parties?",UNMATCHED,,Like,Neither like nor dislike,Dislike,,,,,,,,21.9,21.3,56.2,,,,,,,,Survation_VI_2026-07-28_Tables.xlsx,Tables
UK Adults,,,,,,,gender,Female,"Table_Q8_2. Labour:To what extent, if at all, do you like or dislike the following political parties?",UNMATCHED,,Like,Neither like nor dislike,Dislike,,,,,,,,33.1,21.4,38.2,,,,,,,,Survation_VI_2026-07-28_Tables.xlsx,Tables
UK Adults,,,,,,,gender,Male,"Table_Q8_2. Labour:To what extent, if at all, do you like or dislike the following political parties?",UNMATCHED,,Like,Neither like nor dislike,Dislike,,,,,,,,37.4,16.2,43.4,,,,,,,,Survation_VI_2026-07-28_Tables.xlsx,Tables
UK Adults,,,,,,,age,18-24,"Table_Q8_2. Labour:To what extent, if at all, do you like or dislike the following political parties?",UNMATCHED,,Like,Neither like nor dislike,Dislike,,,,,,,,36.8,26.2,31.1,,,,,,,,Survation_VI_2026-07-28_Tables.xlsx,Tables
UK Adults,,,,,,,age,25-34,"Table_Q8_2. Labour:To what extent, if at all, do you like or dislike the following political parties?",UNMATCHED,,Like,Neither like nor dislike,Dislike,,,,,,,,46.2,22.9,27.5,,,,,,,,Survation_VI_2026-07-28_Tables.xlsx,Tables
UK Adults,,,,,,,age,35-44,"Table_Q8_2. Labour:To what extent, if at all, do you like or dislike the following political parties?",UNMATCHED,,Like,Neither like nor dislike,Dislike,,,,,,,,43.6,19.1,27.9,,,,,,,,Survation_VI_2026-07-28_Tables.xlsx,Tables
UK Adults,,,,,,,age,45-54,"Table_Q8_2. Labour:To what extent, if at all, do you like or dislike the following political parties?",UNMATCHED,,Like,Neither like nor dislike,Dislike,,,,,,,,29.6,15.8,45.6,,,,,,,,Survation_VI_2026-07-28_Tables.xlsx,Tables
UK Adults,,,,,,,age,55-64,"Table_Q8_2. Labour:To what extent, if at all, do you like or dislike the following political parties?",UNMATCHED,,Like,Neither like nor dislike,Dislike,,,,,,,,32.1,15.2,48.8,,,,,,,,Survation_VI_2026-07-28_Tables.xlsx,Tables
UK Adults,,,,,,,age,65+,"Table_Q8_2. Labour:To what extent, if at all, do you like or dislike the following political parties?",UNMATCHED,,Like,Neither like nor dislike,Dislike,,,,,,,,26.9,17.4,54.2,,,,,,,,Survation_VI_2026-07-28_Tables.xlsx,Tables
UK Adults,,,,,,,region,London,"Table_Q8_2. Labour:To what extent, if at all, do you like or dislike the following political parties?",UNMATCHED,,Like,Neither like nor dislike,Dislike,,,,,,,,51.5,21.1,24.2,,,,,,,,Survation_VI_2026-07-28_Tables.xlsx,Tables
UK Adults,,,,,,,region,South,"Table_Q8_2. Labour:To what extent, if at all, do you like or dislike the following political parties?",UNMATCHED,,Like,Neither like nor dislike,Dislike,,,,,,,,32.8,16.7,45.8,,,,,,,,Survation_VI_2026-07-28_Tables.xlsx,Tables
UK Adults,,,,,,,region,Midlands,"Table_Q8_2. Labour:To what extent, if at all, do you like or dislike the following political parties?",UNMATCHED,,Like,Neither like nor dislike,Dislike,,,,,,,,31.3,20.9,40.5,,,,,,,,Survation_VI_2026-07-28_Tables.xlsx,Tables
UK Adults,,,,,,,region,North,"Table_Q8_2. Labour:To what extent, if at all, do you like or dislike the following political parties?",UNMATCHED,,Like,Neither like nor dislike,Dislike,,,,,,,,37.0,15.9,41.3,,,,,,,,Survation_VI_2026-07-28_Tables.xlsx,Tables
UK Adults,,,,,,,region,England,"Table_Q8_2. Labour:To what extent, if at all, do you like or dislike the following political parties?",UNMATCHED,,Like,Neither like nor dislike,Dislike,,,,,,,,36.6,18.0,40.0,,,,,,,,Survation_VI_2026-07-28_Tables.xlsx,Tables
UK Adults,,,,,,,region,Scotland,"Table_Q8_2. Labour:To what extent, if at all, do you like or dislike the following political parties?",UNMATCHED,,Like,Neither like nor dislike,Dislike,,,,,,,,28.2,23.5,43.5,,,,,,,,Survation_VI_2026-07-28_Tables.xlsx,Tables
UK Adults,,,,,,,region,Wales,"Table_Q8_2. Labour:To what extent, if at all, do you like or dislike the following political parties?",UNMATCHED,,Like,Neither like nor dislike,Dislike,,,,,,,,25.5,33.0,34.0,,,,,,,,Survation_VI_2026-07-28_Tables.xlsx,Tables
UK Adults,,,,,,,region,Northern Ireland,"Table_Q8_2. Labour:To what extent, if at all, do you like or dislike the following political parties?",UNMATCHED,,Like,Neither like nor dislike,Dislike,,,,,,,,21.4,9.3,60.7,,,,,,,,Survation_VI_2026-07-28_Tables.xlsx,Tables
UK Adults,,,,,,,class,ABC1,"Table_Q8_2. Labour:To what extent, if at all, do you like or dislike the following political parties?",UNMATCHED,,Like,Neither like nor dislike,Dislike,,,,,,,,41.5,18.0,36.1,,,,,,,,Survation_VI_2026-07-28_Tables.xlsx,Tables
UK Adults,,,,,,,class,C2DE,"Table_Q8_2. Labour:To what extent, if at all, do you like or dislike the following political parties?",UNMATCHED,,Like,Neither like nor dislike,Dislike,,,,,,,,27.3,20.0,46.3,,,,,,,,Survation_VI_2026-07-28_Tables.xlsx,Tables
UK Adults,,,,,,,income,"£0 - £19,999","Table_Q8_2. Labour:To what extent, if at all, do you like or dislike the following political parties?",UNMATCHED,,Like,Neither like nor dislike,Dislike,,,,,,,,30.5,22.5,41.8,,,,,,,,Survation_VI_2026-07-28_Tables.xlsx,Tables
UK Adults,,,,,,,income,"£20,000 - £39,999","Table_Q8_2. Labour:To what extent, if at all, do you like or dislike the following political parties?",UNMATCHED,,Like,Neither like nor dislike,Dislike,,,,,,,,29.9,17.7,44.8,,,,,,,,Survation_VI_2026-07-28_Tables.xlsx,Tables
UK Adults,,,,,,,income,"£40,000+","Table_Q8_2. Labour:To what extent, if at all, do you like or dislike the following political parties?",UNMATCHED,,Like,Neither like nor dislike,Dislike,,,,,,,,43.6,18.3,35.8,,,,,,,,Survation_VI_2026-07-28_Tables.xlsx,Tables
UK Adults,,,,,,,historic_vote,LAB,"Table_Q8_2. Labour:To what extent, if at all, do you like or dislike the following political parties?",UNMATCHED,,Like,Neither like nor dislike,Dislike,,,,,,,,72.8,10.4,16.6,,,,,,,,Survation_VI_2026-07-28_Tables.xlsx,Tables
UK Adults,,,,,,,historic_vote,CON,"Table_Q8_2. Labour:To what extent, if at all, do you like or dislike the following political parties?",UNMATCHED,,Like,Neither like nor dislike,Dislike,,,,,,,,16.4,11.5,70.9,,,,,,,,Survation_VI_2026-07-28_Tables.xlsx,Tables
UK Adults,,,,,,,historic_vote,RFM,"Table_Q8_2. Labour:To what extent, if at all, do you like or dislike the following political parties?",UNMATCHED,,Like,Neither like nor dislike,Dislike,,,,,,,,12.0,11.0,73.0,,,,,,,,Survation_VI_2026-07-28_Tables.xlsx,Tables
UK Adults,,,,,,,historic_vote,LD,"Table_Q8_2. Labour:To what extent, if at all, do you like or dislike the following political parties?",UNMATCHED,,Like,Neither like nor dislike,Dislike,,,,,,,,37.6,26.5,34.1,,,,,,,,Survation_VI_2026-07-28_Tables.xlsx,Tables
UK Adults,,,,,,,historic_vote,GRN,"Table_Q8_2. Labour:To what extent, if at all, do you like or dislike the following political parties?",UNMATCHED,,Like,Neither like nor dislike,Dislike,,,,,,,,36.2,34.8,29.8,,,,,,,,Survation_VI_2026-07-28_Tables.xlsx,Tables
UK Adults,,,,,,,historic_vote,OTH,"Table_Q8_2. Labour:To what extent, if at all, do you like or dislike the following political parties?",UNMATCHED,,Like,Neither like nor dislike,Dislike,,,,,,,,29.2,17.1,50.8,,,,,,,,Survation_VI_2026-07-28_Tables.xlsx,Tables
UK Adults,,,,,,,historic_vote,Leave,"Table_Q8_2. Labour:To what extent, if at all, do you like or dislike the following political parties?",UNMATCHED,,Like,Neither like nor dislike,Dislike,,,,,,,,21.7,12.5,64.9,,,,,,,,Survation_VI_2026-07-28_Tables.xlsx,Tables
UK Adults,,,,,,,historic_vote,Remain,"Table_Q8_2. Labour:To what extent, if at all, do you like or dislike the following political parties?",UNMATCHED,,Like,Neither like nor dislike,Dislike,,,,,,,,51.3,16.5,30.3,,,,,,,,Survation_VI_2026-07-28_Tables.xlsx,Tables
UK Adults,,,,,,,current_vote,LAB,"Table_Q8_2. Labour:To what extent, if at all, do you like or dislike the following political parties?",UNMATCHED,,Like,Neither like nor dislike,Dislike,,,,,,,,89.2,7.4,2.3,,,,,,,,Survation_VI_2026-07-28_Tables.xlsx,Tables
UK Adults,,,,,,,current_vote,CON,"Table_Q8_2. Labour:To what extent, if at all, do you like or dislike the following political parties?",UNMATCHED,,Like,Neither like nor dislike,Dislike,,,,,,,,16.4,22.1,61.0,,,,,,,,Survation_VI_2026-07-28_Tables.xlsx,Tables
UK Adults,,,,,,,current_vote,RFM,"Table_Q8_2. Labour:To what extent, if at all, do you like or dislike the following political parties?",UNMATCHED,,Like,Neither like nor dislike,Dislike,,,,,,,,9.6,10.4,76.6,,,,,,,,Survation_VI_2026-07-28_Tables.xlsx,Tables
UK Adults,,,,,,,current_vote,LD,"Table_Q8_2. Labour:To what extent, if at all, do you like or dislike the following political parties?",UNMATCHED,,Like,Neither like nor dislike,Dislike,,,,,,,,37.3,29.8,32.0,,,,,,,,Survation_VI_2026-07-28_Tables.xlsx,Tables
UK Adults,,,,,,,current_vote,GRN,"Table_Q8_2. Labour:To what extent, if at all, do you like or dislike the following political parties?",UNMATCHED,,Like,Neither like nor dislike,Dislike,,,,,,,,33.0,29.8,33.0,,,,,,,,Survation_VI_2026-07-28_Tables.xlsx,Tables
UK Adults,,,,,,,current_vote,OTH,"Table_Q8_2. Labour:To what extent, if at all, do you like or dislike the following political parties?",UNMATCHED,,Like,Neither like nor dislike,Dislike,,,,,,,,27.4,20.6,49.3,,,,,,,,Survation_VI_2026-07-28_Tables.xlsx,Tables
UK Adults,,,,,,,gender,Female,"Table_Q8_3. Liberal Democrat:To what extent, if at all, do you like or dislike the following political parties?",UNMATCHED,,Like,Neither like nor dislike,Dislike,,,,,,,,27.3,34.1,28.9,,,,,,,,Survation_VI_2026-07-28_Tables.xlsx,Tables
UK Adults,,,,,,,gender,Male,"Table_Q8_3. Liberal Democrat:To what extent, if at all, do you like or dislike the following political parties?",UNMATCHED,,Like,Neither like nor dislike,Dislike,,,,,,,,31.9,27.5,38.5,,,,,,,,Survation_VI_2026-07-28_Tables.xlsx,Tables
UK Adults,,,,,,,age,18-24,"Table_Q8_3. Liberal Democrat:To what extent, if at all, do you like or dislike the following political parties?",UNMATCHED,,Like,Neither like nor dislike,Dislike,,,,,,,,32.1,30.5,32.1,,,,,,,,Survation_VI_2026-07-28_Tables.xlsx,Tables
UK Adults,,,,,,,age,25-34,"Table_Q8_3. Liberal Democrat:To what extent, if at all, do you like or dislike the following political parties?",UNMATCHED,,Like,Neither like nor dislike,Dislike,,,,,,,,31.0,38.7,25.1,,,,,,,,Survation_VI_2026-07-28_Tables.xlsx,Tables
UK Adults,,,,,,,age,35-44,"Table_Q8_3. Liberal Democrat:To what extent, if at all, do you like or dislike the following political parties?",UNMATCHED,,Like,Neither like nor dislike,Dislike,,,,,,,,33.9,31.9,21.2,,,,,,,,Survation_VI_2026-07-28_Tables.xlsx,Tables
UK Adults,,,,,,,age,45-54,"Table_Q8_3. Liberal Democrat:To what extent, if at all, do you like or dislike the following political parties?",UNMATCHED,,Like,Neither like nor dislike,Dislike,,,,,,,,29.6,29.9,33.1,,,,,,,,Survation_VI_2026-07-28_Tables.xlsx,Tables
UK Adults,,,,,,,age,55-64,"Table_Q8_3. Liberal Democrat:To what extent, if at all, do you like or dislike the following political parties?",UNMATCHED,,Like,Neither like nor dislike,Dislike,,,,,,,,27.2,27.7,38.9,,,,,,,,Survation_VI_2026-07-28_Tables.xlsx,Tables
UK Adults,,,,,,,age,65+,"Table_Q8_3. Liberal Democrat:To what extent, if at all, do you like or dislike the following political parties?",UNMATCHED,,Like,Neither like nor dislike,Dislike,,,,,,,,26.1,27.5,44.5,,,,,,,,Survation_VI_2026-07-28_Tables.xlsx,Tables
UK Adults,,,,,,,region,London,"Table_Q8_3. Liberal Democrat:To what extent, if at all, do you like or dislike the following political parties?",UNMATCHED,,Like,Neither like nor dislike,Dislike,,,,,,,,39.4,27.7,27.3,,,,,,,,Survation_VI_2026-07-28_Tables.xlsx,Tables
UK Adults,,,,,,,region,South,"Table_Q8_3. Liberal Democrat:To what extent, if at all, do you like or dislike the following political parties?",UNMATCHED,,Like,Neither like nor dislike,Dislike,,,,,,,,32.5,31.6,30.6,,,,,,,,Survation_VI_2026-07-28_Tables.xlsx,Tables
UK Adults,,,,,,,region,Midlands,"Table_Q8_3. Liberal Democrat:To what extent, if at all, do you like or dislike the following political parties?",UNMATCHED,,Like,Neither like nor dislike,Dislike,,,,,,,,21.5,35.9,34.4,,,,,,,,Survation_VI_2026-07-28_Tables.xlsx,Tables
UK Adults,,,,,,,region,North,"Table_Q8_3. Liberal Democrat:To what extent, if at all, do you like or dislike the following political parties?",UNMATCHED,,Like,Neither like nor dislike,Dislike,,,,,,,,28.1,29.5,35.3,,,,,,,,Survation_VI_2026-07-28_Tables.xlsx,Tables
UK Adults,,,,,,,region,England,"Table_Q8_3. Liberal Democrat:To what extent, if at all, do you like or dislike the following political parties?",UNMATCHED,,Like,Neither like nor dislike,Dislike,,,,,,,,30.4,31.2,32.2,,,,,,,,Survation_VI_2026-07-28_Tables.xlsx,Tables
UK Adults,,,,,,,region,Scotland,"Table_Q8_3. Liberal Democrat:To what extent, if at all, do you like or dislike the following political parties?",UNMATCHED,,Like,Neither like nor dislike,Dislike,,,,,,,,31.8,22.0,38.8,,,,,,,,Survation_VI_2026-07-28_Tables.xlsx,Tables
UK Adults,,,,,,,region,Wales,"Table_Q8_3. Liberal Democrat:To what extent, if at all, do you like or dislike the following political parties?",UNMATCHED,,Like,Neither like nor dislike,Dislike,,,,,,,,19.1,45.5,29.8,,,,,,,,Survation_VI_2026-07-28_Tables.xlsx,Tables
UK Adults,,,,,,,region,Northern Ireland,"Table_Q8_3. Liberal Democrat:To what extent, if at all, do you like or dislike the following political parties?",UNMATCHED,,Like,Neither like nor dislike,Dislike,,,,,,,,14.3,21.1,64.3,,,,,,,,Survation_VI_2026-07-28_Tables.xlsx,Tables
UK Adults,,,,,,,class,ABC1,"Table_Q8_3. Liberal Democrat:To what extent, if at all, do you like or dislike the following political parties?",UNMATCHED,,Like,Neither like nor dislike,Dislike,,,,,,,,35.2,30.5,29.8,,,,,,,,Survation_VI_2026-07-28_Tables.xlsx,Tables
UK Adults,,,,,,,class,C2DE,"Table_Q8_3. Liberal Democrat:To what extent, if at all, do you like or dislike the following political parties?",UNMATCHED,,Like,Neither like nor dislike,Dislike,,,,,,,,22.7,31.3,38.0,,,,,,,,Survation_VI_2026-07-28_Tables.xlsx,Tables
UK Adults,,,,,,,income,"£0 - £19,999","Table_Q8_3. Liberal Democrat:To what extent, if at all, do you like or dislike the following political parties?",UNMATCHED,,Like,Neither like nor dislike,Dislike,,,,,,,,23.9,34.8,32.9,,,,,,,,Survation_VI_2026-07-28_Tables.xlsx,Tables
UK Adults,,,,,,,income,"£20,000 - £39,999","Table_Q8_3. Liberal Democrat:To what extent, if at all, do you like or dislike the following political parties?",UNMATCHED,,Like,Neither like nor dislike,Dislike,,,,,,,,25.3,30.1,36.9,,,,,,,,Survation_VI_2026-07-28_Tables.xlsx,Tables
UK Adults,,,,,,,income,"£40,000+","Table_Q8_3. Liberal Democrat:To what extent, if at all, do you like or dislike the following political parties?",UNMATCHED,,Like,Neither like nor dislike,Dislike,,,,,,,,37.1,29.5,30.1,,,,,,,,Survation_VI_2026-07-28_Tables.xlsx,Tables
UK Adults,,,,,,,historic_vote,LAB,"Table_Q8_3. Liberal Democrat:To what extent, if at all, do you like or dislike the following political parties?",UNMATCHED,,Like,Neither like nor dislike,Dislike,,,,,,,,38.3,38.6,21.3,,,,,,,,Survation_VI_2026-07-28_Tables.xlsx,Tables
UK Adults,,,,,,,historic_vote,CON,"Table_Q8_3. Liberal Democrat:To what extent, if at all, do you like or dislike the following political parties?",UNMATCHED,,Like,Neither like nor dislike,Dislike,,,,,,,,21.8,27.0,50.3,,,,,,,,Survation_VI_2026-07-28_Tables.xlsx,Tables
UK Adults,,,,,,,historic_vote,RFM,"Table_Q8_3. Liberal Democrat:To what extent, if at all, do you like or dislike the following political parties?",UNMATCHED,,Like,Neither like nor dislike,Dislike,,,,,,,,13.0,23.3,61.0,,,,,,,,Survation_VI_2026-07-28_Tables.xlsx,Tables
UK Adults,,,,,,,historic_vote,LD,"Table_Q8_3. Liberal Democrat:To what extent, if at all, do you like or dislike the following political parties?",UNMATCHED,,Like,Neither like nor dislike,Dislike,,,,,,,,83.5,7.0,8.2,,,,,,,,Survation_VI_2026-07-28_Tables.xlsx,Tables
UK Adults,,,,,,,historic_vote,GRN,"Table_Q8_3. Liberal Democrat:To what extent, if at all, do you like or dislike the following political parties?",UNMATCHED,,Like,Neither like nor dislike,Dislike,,,,,,,,31.9,44.7,23.4,,,,,,,,Survation_VI_2026-07-28_Tables.xlsx,Tables
UK Adults,,,,,,,historic_vote,OTH,"Table_Q8_3. Liberal Democrat:To what extent, if at all, do you like or dislike the following political parties?",UNMATCHED,,Like,Neither like nor dislike,Dislike,,,,,,,,23.1,26.1,52.3,,,,,,,,Survation_VI_2026-07-28_Tables.xlsx,Tables
UK Adults,,,,,,,historic_vote,Leave,"Table_Q8_3. Liberal Democrat:To what extent, if at all, do you like or dislike the following political parties?",UNMATCHED,,Like,Neither like nor dislike,Dislike,,,,,,,,19.1,27.1,53.2,,,,,,,,Survation_VI_2026-07-28_Tables.xlsx,Tables
UK Adults,,,,,,,historic_vote,Remain,"Table_Q8_3. Liberal Democrat:To what extent, if at all, do you like or dislike the following political parties?",UNMATCHED,,Like,Neither like nor dislike,Dislike,,,,,,,,47.3,31.0,20.9,,,,,,,,Survation_VI_2026-07-28_Tables.xlsx,Tables
UK Adults,,,,,,,current_vote,LAB,"Table_Q8_3. Liberal Democrat:To what extent, if at all, do you like or dislike the following political parties?",UNMATCHED,,Like,Neither like nor dislike,Dislike,,,,,,,,41.6,38.6,17.8,,,,,,,,Survation_VI_2026-07-28_Tables.xlsx,Tables
UK Adults,,,,,,,current_vote,CON,"Table_Q8_3. Liberal Democrat:To what extent, if at all, do you like or dislike the following political parties?",UNMATCHED,,Like,Neither like nor dislike,Dislike,,,,,,,,22.0,32.1,44.6,,,,,,,,Survation_VI_2026-07-28_Tables.xlsx,Tables
UK Adults,,,,,,,current_vote,RFM,"Table_Q8_3. Liberal Democrat:To what extent, if at all, do you like or dislike the following political parties?",UNMATCHED,,Like,Neither like nor dislike,Dislike,,,,,,,,13.8,24.0,57.5,,,,,,,,Survation_VI_2026-07-28_Tables.xlsx,Tables
UK Adults,,,,,,,current_vote,LD,"Table_Q8_3. Liberal Democrat:To what extent, if at all, do you like or dislike the following political parties?",UNMATCHED,,Like,Neither like nor dislike,Dislike,,,,,,,,92.0,8.0,1.3,,,,,,,,Survation_VI_2026-07-28_Tables.xlsx,Tables
UK Adults,,,,,,,current_vote,GRN,"Table_Q8_3. Liberal Democrat:To what extent, if at all, do you like or dislike the following political parties?",UNMATCHED,,Like,Neither like nor dislike,Dislike,,,,,,,,36.3,37.3,19.8,,,,,,,,Survation_VI_2026-07-28_Tables.xlsx,Tables
UK Adults,,,,,,,current_vote,OTH,"Table_Q8_3. Liberal Democrat:To what extent, if at all, do you like or dislike the following political parties?",UNMATCHED,,Like,Neither like nor dislike,Dislike,,,,,,,,20.5,28.5,50.7,,,,,,,,Survation_VI_2026-07-28_Tables.xlsx,Tables
UK Adults,,,,,,,gender,Female,"Table_Q8_4. Scottish National Party:To what extent, if at all, do you like or dislike the following political parties?",UNMATCHED,,Like,Neither like nor dislike,Dislike,,,,,,,,3.2,1.7,1.9,,,,,,,,Survation_VI_2026-07-28_Tables.xlsx,Tables
UK Adults,,,,,,,gender,Male,"Table_Q8_4. Scottish National Party:To what extent, if at all, do you like or dislike the following political parties?",UNMATCHED,,Like,Neither like nor dislike,Dislike,,,,,,,,3.3,0.6,4.9,,,,,,,,Survation_VI_2026-07-28_Tables.xlsx,Tables
UK Adults,,,,,,,age,18-24,"Table_Q8_4. Scottish National Party:To what extent, if at all, do you like or dislike the following political parties?",UNMATCHED,,Like,Neither like nor dislike,Dislike,,,,,,,,4.7,1.7,0.9,,,,,,,,Survation_VI_2026-07-28_Tables.xlsx,Tables
UK Adults,,,,,,,age,25-34,"Table_Q8_4. Scottish National Party:To what extent, if at all, do you like or dislike the following political parties?",UNMATCHED,,Like,Neither like nor dislike,Dislike,,,,,,,,1.8,1.1,1.8,,,,,,,,Survation_VI_2026-07-28_Tables.xlsx,Tables
UK Adults,,,,,,,age,35-44,"Table_Q8_4. Scottish National Party:To what extent, if at all, do you like or dislike the following political parties?",UNMATCHED,,Like,Neither like nor dislike,Dislike,,,,,,,,3.0,2.4,0.6,,,,,,,,Survation_VI_2026-07-28_Tables.xlsx,Tables
UK Adults,,,,,,,age,45-54,"Table_Q8_4. Scottish National Party:To what extent, if at all, do you like or dislike the following political parties?",UNMATCHED,,Like,Neither like nor dislike,Dislike,,,,,,,,2.4,1.8,3.5,,,,,,,,Survation_VI_2026-07-28_Tables.xlsx,Tables
UK Adults,,,,,,,age,55-64,"Table_Q8_4. Scottish National Party:To what extent, if at all, do you like or dislike the following political parties?",UNMATCHED,,Like,Neither like nor dislike,Dislike,,,,,,,,4.3,,6.2,,,,,,,,Survation_VI_2026-07-28_Tables.xlsx,Tables
UK Adults,,,,,,,age,65+,"Table_Q8_4. Scottish National Party:To what extent, if at all, do you like or dislike the following political parties?",UNMATCHED,,Like,Neither like nor dislike,Dislike,,,,,,,,3.4,0.4,5.9,,,,,,,,Survation_VI_2026-07-28_Tables.xlsx,Tables
UK Adults,,,,,,,region,London,"Table_Q8_4. Scottish National Party:To what extent, if at all, do you like or dislike the following political parties?",UNMATCHED,,Like,Neither like nor dislike,Dislike,,,,,,,,0.0,,0.0,,,,,,,,Survation_VI_2026-07-28_Tables.xlsx,Tables
UK Adults,,,,,,,region,South,"Table_Q8_4. Scottish National Party:To what extent, if at all, do you like or dislike the following political parties?",UNMATCHED,,Like,Neither like nor dislike,Dislike,,,,,,,,0.0,,0.0,,,,,,,,Survation_VI_2026-07-28_Tables.xlsx,Tables
UK Adults,,,,,,,region,Midlands,"Table_Q8_4. Scottish National Party:To what extent, if at all, do you like or dislike the following political parties?",UNMATCHED,,Like,Neither like nor dislike,Dislike,,,,,,,,0.0,,0.0,,,,,,,,Survation_VI_2026-07-28_Tables.xlsx,Tables
UK Adults,,,,,,,region,North,"Table_Q8_4. Scottish National Party:To what extent, if at all, do you like or dislike the following political parties?",UNMATCHED,,Like,Neither like nor dislike,Dislike,,,,,,,,0.0,,0.0,,,,,,,,Survation_VI_2026-07-28_Tables.xlsx,Tables
UK Adults,,,,,,,region,England,"Table_Q8_4. Scottish National Party:To what extent, if at all, do you like or dislike the following political parties?",UNMATCHED,,Like,Neither like nor dislike,Dislike,,,,,,,,0.0,,0.0,,,,,,,,Survation_VI_2026-07-28_Tables.xlsx,Tables
UK Adults,,,,,,,region,Scotland,"Table_Q8_4. Scottish National Party:To what extent, if at all, do you like or dislike the following political parties?",UNMATCHED,,Like,Neither like nor dislike,Dislike,,,,,,,,37.6,13.9,40.0,,,,,,,,Survation_VI_2026-07-28_Tables.xlsx,Tables
UK Adults,,,,,,,region,Wales,"Table_Q8_4. Scottish National Party:To what extent, if at all, do you like or dislike the following political parties?",UNMATCHED,,Like,Neither like nor dislike,Dislike,,,,,,,,0.0,,0.0,,,,,,,,Survation_VI_2026-07-28_Tables.xlsx,Tables
UK Adults,,,,,,,region,Northern Ireland,"Table_Q8_4. Scottish National Party:To what extent, if at all, do you like or dislike the following political parties?",UNMATCHED,,Like,Neither like nor dislike,Dislike,,,,,,,,0.0,,0.0,,,,,,,,Survation_VI_2026-07-28_Tables.xlsx,Tables
UK Adults,,,,,,,class,ABC1,"Table_Q8_4. Scottish National Party:To what extent, if at all, do you like or dislike the following political parties?",UNMATCHED,,Like,Neither like nor dislike,Dislike,,,,,,,,2.9,0.4,3.4,,,,,,,,Survation_VI_2026-07-28_Tables.xlsx,Tables
UK Adults,,,,,,,class,C2DE,"Table_Q8_4. Scottish National Party:To what extent, if at all, do you like or dislike the following political parties?",UNMATCHED,,Like,Neither like nor dislike,Dislike,,,,,,,,3.3,2.1,3.3,,,,,,,,Survation_VI_2026-07-28_Tables.xlsx,Tables
UK Adults,,,,,,,income,"£0 - £19,999","Table_Q8_4. Scottish National Party:To what extent, if at all, do you like or dislike the following political parties?",UNMATCHED,,Like,Neither like nor dislike,Dislike,,,,,,,,1.9,1.8,1.4,,,,,,,,Survation_VI_2026-07-28_Tables.xlsx,Tables
UK Adults,,,,,,,income,"£20,000 - £39,999","Table_Q8_4. Scottish National Party:To what extent, if at all, do you like or dislike the following political parties?",UNMATCHED,,Like,Neither like nor dislike,Dislike,,,,,,,,4.1,1.6,2.6,,,,,,,,Survation_VI_2026-07-28_Tables.xlsx,Tables
UK Adults,,,,,,,income,"£40,000+","Table_Q8_4. Scottish National Party:To what extent, if at all, do you like or dislike the following political parties?",UNMATCHED,,Like,Neither like nor dislike,Dislike,,,,,,,,2.9,0.3,5.2,,,,,,,,Survation_VI_2026-07-28_Tables.xlsx,Tables
UK Adults,,,,,,,historic_vote,LAB,"Table_Q8_4. Scottish National Party:To what extent, if at all, do you like or dislike the following political parties?",UNMATCHED,,Like,Neither like nor dislike,Dislike,,,,,,,,1.7,1.0,3.8,,,,,,,,Survation_VI_2026-07-28_Tables.xlsx,Tables
UK Adults,,,,,,,historic_vote,CON,"Table_Q8_4. Scottish National Party:To what extent, if at all, do you like or dislike the following political parties?",UNMATCHED,,Like,Neither like nor dislike,Dislike,,,,,,,,1.2,1.1,4.9,,,,,,,,Survation_VI_2026-07-28_Tables.xlsx,Tables
UK Adults,,,,,,,historic_vote,RFM,"Table_Q8_4. Scottish National Party:To what extent, if at all, do you like or dislike the following political parties?",UNMATCHED,,Like,Neither like nor dislike,Dislike,,,,,,,,0.0,0.9,3.0,,,,,,,,Survation_VI_2026-07-28_Tables.xlsx,Tables
UK Adults,,,,,,,historic_vote,LD,"Table_Q8_4. Scottish National Party:To what extent, if at all, do you like or dislike the following political parties?",UNMATCHED,,Like,Neither like nor dislike,Dislike,,,,,,,,5.9,,2.4,,,,,,,,Survation_VI_2026-07-28_Tables.xlsx,Tables
UK Adults,,,,,,,historic_vote,GRN,"Table_Q8_4. Scottish National Party:To what extent, if at all, do you like or dislike the following political parties?",UNMATCHED,,Like,Neither like nor dislike,Dislike,,,,,,,,2.1,,4.3,,,,,,,,Survation_VI_2026-07-28_Tables.xlsx,Tables
UK Adults,,,,,,,historic_vote,OTH,"Table_Q8_4. Scottish National Party:To what extent, if at all, do you like or dislike the following political parties?",UNMATCHED,,Like,Neither like nor dislike,Dislike,,,,,,,,26.2,,3.1,,,,,,,,Survation_VI_2026-07-28_Tables.xlsx,Tables
UK Adults,,,,,,,historic_vote,Leave,"Table_Q8_4. Scottish National Party:To what extent, if at all, do you like or dislike the following political parties?",UNMATCHED,,Like,Neither like nor dislike,Dislike,,,,,,,,3.3,0.6,2.0,,,,,,,,Survation_VI_2026-07-28_Tables.xlsx,Tables
UK Adults,,,,,,,historic_vote,Remain,"Table_Q8_4. Scottish National Party:To what extent, if at all, do you like or dislike the following political parties?",UNMATCHED,,Like,Neither like nor dislike,Dislike,,,,,,,,4.7,0.8,6.9,,,,,,,,Survation_VI_2026-07-28_Tables.xlsx,Tables
UK Adults,,,,,,,current_vote,LAB,"Table_Q8_4. Scottish National Party:To what extent, if at all, do you like or dislike the following political parties?",UNMATCHED,,Like,Neither like nor dislike,Dislike,,,,,,,,0.9,1.4,3.3,,,,,,,,Survation_VI_2026-07-28_Tables.xlsx,Tables
UK Adults,,,,,,,current_vote,CON,"Table_Q8_4. Scottish National Party:To what extent, if at all, do you like or dislike the following political parties?",UNMATCHED,,Like,Neither like nor dislike,Dislike,,,,,,,,1.3,0.6,5.7,,,,,,,,Survation_VI_2026-07-28_Tables.xlsx,Tables
UK Adults,,,,,,,current_vote,RFM,"Table_Q8_4. Scottish National Party:To what extent, if at all, do you like or dislike the following political parties?",UNMATCHED,,Like,Neither like nor dislike,Dislike,,,,,,,,0.5,0.5,3.2,,,,,,,,Survation_VI_2026-07-28_Tables.xlsx,Tables
UK Adults,,,,,,,current_vote,LD,"Table_Q8_4. Scottish National Party:To what extent, if at all, do you like or dislike the following political parties?",UNMATCHED,,Like,Neither like nor dislike,Dislike,,,,,,,,2.7,1.6,2.7,,,,,,,,Survation_VI_2026-07-28_Tables.xlsx,Tables
UK Adults,,,,,,,current_vote,GRN,"Table_Q8_4. Scottish National Party:To what extent, if at all, do you like or dislike the following political parties?",UNMATCHED,,Like,Neither like nor dislike,Dislike,,,,,,,,3.3,0.9,0.0,,,,,,,,Survation_VI_2026-07-28_Tables.xlsx,Tables
UK Adults,,,,,,,current_vote,OTH,"Table_Q8_4. Scottish National Party:To what extent, if at all, do you like or dislike the following political parties?",UNMATCHED,,Like,Neither like nor dislike,Dislike,,,,,,,,24.7,1.4,0.0,,,,,,,,Survation_VI_2026-07-28_Tables.xlsx,Tables
UK Adults,,,,,,,gender,Female,"Table_Q8_5. Plaid Cymru:To what extent, if at all, do you like or dislike the following political parties?",UNMATCHED,,Like,Neither like nor dislike,Dislike,,,,,,,,2.7,1.3,0.4,,,,,,,,Survation_VI_2026-07-28_Tables.xlsx,Tables
UK Adults,,,,,,,gender,Male,"Table_Q8_5. Plaid Cymru:To what extent, if at all, do you like or dislike the following political parties?",UNMATCHED,,Like,Neither like nor dislike,Dislike,,,,,,,,1.4,1.3,1.2,,,,,,,,Survation_VI_2026-07-28_Tables.xlsx,Tables
UK Adults,,,,,,,age,18-24,"Table_Q8_5. Plaid Cymru:To what extent, if at all, do you like or dislike the following political parties?",UNMATCHED,,Like,Neither like nor dislike,Dislike,,,,,,,,1.9,2.4,0.0,,,,,,,,Survation_VI_2026-07-28_Tables.xlsx,Tables
UK Adults,,,,,,,age,25-34,"Table_Q8_5. Plaid Cymru:To what extent, if at all, do you like or dislike the following political parties?",UNMATCHED,,Like,Neither like nor dislike,Dislike,,,,,,,,2.9,1.7,0.6,,,,,,,,Survation_VI_2026-07-28_Tables.xlsx,Tables
UK Adults,,,,,,,age,35-44,"Table_Q8_5. Plaid Cymru:To what extent, if at all, do you like or dislike the following political parties?",UNMATCHED,,Like,Neither like nor dislike,Dislike,,,,,,,,2.4,1.0,0.6,,,,,,,,Survation_VI_2026-07-28_Tables.xlsx,Tables
UK Adults,,,,,,,age,45-54,"Table_Q8_5. Plaid Cymru:To what extent, if at all, do you like or dislike the following political parties?",UNMATCHED,,Like,Neither like nor dislike,Dislike,,,,,,,,2.4,0.7,0.0,,,,,,,,Survation_VI_2026-07-28_Tables.xlsx,Tables
UK Adults,,,,,,,age,55-64,"Table_Q8_5. Plaid Cymru:To what extent, if at all, do you like or dislike the following political parties?",UNMATCHED,,Like,Neither like nor dislike,Dislike,,,,,,,,2.5,2.9,0.0,,,,,,,,Survation_VI_2026-07-28_Tables.xlsx,Tables
UK Adults,,,,,,,age,65+,"Table_Q8_5. Plaid Cymru:To what extent, if at all, do you like or dislike the following political parties?",UNMATCHED,,Like,Neither like nor dislike,Dislike,,,,,,,,1.7,,2.5,,,,,,,,Survation_VI_2026-07-28_Tables.xlsx,Tables
UK Adults,,,,,,,region,London,"Table_Q8_5. Plaid Cymru:To what extent, if at all, do you like or dislike the following political parties?",UNMATCHED,,Like,Neither like nor dislike,Dislike,,,,,,,,0.0,,0.0,,,,,,,,Survation_VI_2026-07-28_Tables.xlsx,Tables
UK Adults,,,,,,,region,South,"Table_Q8_5. Plaid Cymru:To what extent, if at all, do you like or dislike the following political parties?",UNMATCHED,,Like,Neither like nor dislike,Dislike,,,,,,,,0.0,,0.0,,,,,,,,Survation_VI_2026-07-28_Tables.xlsx,Tables
UK Adults,,,,,,,region,Midlands,"Table_Q8_5. Plaid Cymru:To what extent, if at all, do you like or dislike the following political parties?",UNMATCHED,,Like,Neither like nor dislike,Dislike,,,,,,,,0.0,,0.0,,,,,,,,Survation_VI_2026-07-28_Tables.xlsx,Tables
UK Adults,,,,,,,region,North,"Table_Q8_5. Plaid Cymru:To what extent, if at all, do you like or dislike the following political parties?",UNMATCHED,,Like,Neither like nor dislike,Dislike,,,,,,,,0.0,,0.0,,,,,,,,Survation_VI_2026-07-28_Tables.xlsx,Tables
UK Adults,,,,,,,region,England,"Table_Q8_5. Plaid Cymru:To what extent, if at all, do you like or dislike the following political parties?",UNMATCHED,,Like,Neither like nor dislike,Dislike,,,,,,,,0.0,,0.0,,,,,,,,Survation_VI_2026-07-28_Tables.xlsx,Tables
UK Adults,,,,,,,region,Scotland,"Table_Q8_5. Plaid Cymru:To what extent, if at all, do you like or dislike the following political parties?",UNMATCHED,,Like,Neither like nor dislike,Dislike,,,,,,,,0.0,,0.0,,,,,,,,Survation_VI_2026-07-28_Tables.xlsx,Tables
UK Adults,,,,,,,region,Wales,"Table_Q8_5. Plaid Cymru:To what extent, if at all, do you like or dislike the following political parties?",UNMATCHED,,Like,Neither like nor dislike,Dislike,,,,,,,,46.8,27.2,17.0,,,,,,,,Survation_VI_2026-07-28_Tables.xlsx,Tables
UK Adults,,,,,,,region,Northern Ireland,"Table_Q8_5. Plaid Cymru:To what extent, if at all, do you like or dislike the following political parties?",UNMATCHED,,Like,Neither like nor dislike,Dislike,,,,,,,,0.0,,0.0,,,,,,,,Survation_VI_2026-07-28_Tables.xlsx,Tables
UK Adults,,,,,,,class,ABC1,"Table_Q8_5. Plaid Cymru:To what extent, if at all, do you like or dislike the following political parties?",UNMATCHED,,Like,Neither like nor dislike,Dislike,,,,,,,,1.8,1.0,0.9,,,,,,,,Survation_VI_2026-07-28_Tables.xlsx,Tables
UK Adults,,,,,,,class,C2DE,"Table_Q8_5. Plaid Cymru:To what extent, if at all, do you like or dislike the following political parties?",UNMATCHED,,Like,Neither like nor dislike,Dislike,,,,,,,,2.6,1.6,0.7,,,,,,,,Survation_VI_2026-07-28_Tables.xlsx,Tables
UK Adults,,,,,,,income,"£0 - £19,999","Table_Q8_5. Plaid Cymru:To what extent, if at all, do you like or dislike the following political parties?",UNMATCHED,,Like,Neither like nor dislike,Dislike,,,,,,,,3.8,2.1,1.4,,,,,,,,Survation_VI_2026-07-28_Tables.xlsx,Tables
UK Adults,,,,,,,income,"£20,000 - £39,999","Table_Q8_5. Plaid Cymru:To what extent, if at all, do you like or dislike the following political parties?",UNMATCHED,,Like,Neither like nor dislike,Dislike,,,,,,,,1.7,1.4,0.5,,,,,,,,Survation_VI_2026-07-28_Tables.xlsx,Tables
UK Adults,,,,,,,income,"£40,000+","Table_Q8_5. Plaid Cymru:To what extent, if at all, do you like or dislike the following political parties?",UNMATCHED,,Like,Neither like nor dislike,Dislike,,,,,,,,1.8,0.7,0.8,,,,,,,,Survation_VI_2026-07-28_Tables.xlsx,Tables
UK Adults,,,,,,,historic_vote,LAB,"Table_Q8_5. Plaid Cymru:To what extent, if at all, do you like or dislike the following political parties?",UNMATCHED,,Like,Neither like nor dislike,Dislike,,,,,,,,0.9,1.4,0.4,,,,,,,,Survation_VI_2026-07-28_Tables.xlsx,Tables
UK Adults,,,,,,,historic_vote,CON,"Table_Q8_5. Plaid Cymru:To what extent, if at all, do you like or dislike the following political parties?",UNMATCHED,,Like,Neither like nor dislike,Dislike,,,,,,,,0.0,0.7,1.8,,,,,,,,Survation_VI_2026-07-28_Tables.xlsx,Tables
UK Adults,,,,,,,historic_vote,RFM,"Table_Q8_5. Plaid Cymru:To what extent, if at all, do you like or dislike the following political parties?",UNMATCHED,,Like,Neither like nor dislike,Dislike,,,,,,,,1.0,2.3,0.0,,,,,,,,Survation_VI_2026-07-28_Tables.xlsx,Tables
UK Adults,,,,,,,historic_vote,LD,"Table_Q8_5. Plaid Cymru:To what extent, if at all, do you like or dislike the following political parties?",UNMATCHED,,Like,Neither like nor dislike,Dislike,,,,,,,,0.0,,0.0,,,,,,,,Survation_VI_2026-07-28_Tables.xlsx,Tables
UK Adults,,,,,,,historic_vote,GRN,"Table_Q8_5. Plaid Cymru:To what extent, if at all, do you like or dislike the following political parties?",UNMATCHED,,Like,Neither like nor dislike,Dislike,,,,,,,,4.3,,2.1,,,,,,,,Survation_VI_2026-07-28_Tables.xlsx,Tables
UK Adults,,,,,,,historic_vote,OTH,"Table_Q8_5. Plaid Cymru:To what extent, if at all, do you like or dislike the following political parties?",UNMATCHED,,Like,Neither like nor dislike,Dislike,,,,,,,,20.0,,0.0,,,,,,,,Survation_VI_2026-07-28_Tables.xlsx,Tables
UK Adults,,,,,,,historic_vote,Leave,"Table_Q8_5. Plaid Cymru:To what extent, if at all, do you like or dislike the following political parties?",UNMATCHED,,Like,Neither like nor dislike,Dislike,,,,,,,,1.7,1.1,2.0,,,,,,,,Survation_VI_2026-07-28_Tables.xlsx,Tables
UK Adults,,,,,,,historic_vote,Remain,"Table_Q8_5. Plaid Cymru:To what extent, if at all, do you like or dislike the following political parties?",UNMATCHED,,Like,Neither like nor dislike,Dislike,,,,,,,,3.6,0.3,0.4,,,,,,,,Survation_VI_2026-07-28_Tables.xlsx,Tables
UK Adults,,,,,,,current_vote,LAB,"Table_Q8_5. Plaid Cymru:To what extent, if at all, do you like or dislike the following political parties?",UNMATCHED,,Like,Neither like nor dislike,Dislike,,,,,,,,0.9,1.7,0.0,,,,,,,,Survation_VI_2026-07-28_Tables.xlsx,Tables
UK Adults,,,,,,,current_vote,CON,"Table_Q8_5. Plaid Cymru:To what extent, if at all, do you like or dislike the following political parties?",UNMATCHED,,Like,Neither like nor dislike,Dislike,,,,,,,,0.0,,1.3,,,,,,,,Survation_VI_2026-07-28_Tables.xlsx,Tables
UK Adults,,,,,,,current_vote,RFM,"Table_Q8_5. Plaid Cymru:To what extent, if at all, do you like or dislike the following political parties?",UNMATCHED,,Like,Neither like nor dislike,Dislike,,,,,,,,0.5,1.7,1.6,,,,,,,,Survation_VI_2026-07-28_Tables.xlsx,Tables
UK Adults,,,,,,,current_vote,LD,"Table_Q8_5. Plaid Cymru:To what extent, if at all, do you like or dislike the following political parties?",UNMATCHED,,Like,Neither like nor dislike,Dislike,,,,,,,,0.0,,1.3,,,,,,,,Survation_VI_2026-07-28_Tables.xlsx,Tables
UK Adults,,,,,,,current_vote,GRN,"Table_Q8_5. Plaid Cymru:To what extent, if at all, do you like or dislike the following political parties?",UNMATCHED,,Like,Neither like nor dislike,Dislike,,,,,,,,5.5,1.0,1.1,,,,,,,,Survation_VI_2026-07-28_Tables.xlsx,Tables
UK Adults,,,,,,,current_vote,OTH,"Table_Q8_5. Plaid Cymru:To what extent, if at all, do you like or dislike the following political parties?",UNMATCHED,,Like,Neither like nor dislike,Dislike,,,,,,,,17.8,1.2,0.0,,,,,,,,Survation_VI_2026-07-28_Tables.xlsx,Tables
UK Adults,,,,,,,gender,Female,"Table_Q8_6. Green Party:To what extent, if at all, do you like or dislike the following political parties?",UNMATCHED,,Like,Neither like nor dislike,Dislike,,,,,,,,32.3,25.9,31.7,,,,,,,,Survation_VI_2026-07-28_Tables.xlsx,Tables
UK Adults,,,,,,,gender,Male,"Table_Q8_6. Green Party:To what extent, if at all, do you like or dislike the following political parties?",UNMATCHED,,Like,Neither like nor dislike,Dislike,,,,,,,,26.0,25.3,45.8,,,,,,,,Survation_VI_2026-07-28_Tables.xlsx,Tables
UK Adults,,,,,,,age,18-24,"Table_Q8_6. Green Party:To what extent, if at all, do you like or dislike the following political parties?",UNMATCHED,,Like,Neither like nor dislike,Dislike,,,,,,,,50.0,18.8,25.5,,,,,,,,Survation_VI_2026-07-28_Tables.xlsx,Tables
UK Adults,,,,,,,age,25-34,"Table_Q8_6. Green Party:To what extent, if at all, do you like or dislike the following political parties?",UNMATCHED,,Like,Neither like nor dislike,Dislike,,,,,,,,39.2,27.5,24.6,,,,,,,,Survation_VI_2026-07-28_Tables.xlsx,Tables
UK Adults,,,,,,,age,35-44,"Table_Q8_6. Green Party:To what extent, if at all, do you like or dislike the following political parties?",UNMATCHED,,Like,Neither like nor dislike,Dislike,,,,,,,,33.3,31.2,24.9,,,,,,,,Survation_VI_2026-07-28_Tables.xlsx,Tables
UK Adults,,,,,,,age,45-54,"Table_Q8_6. Green Party:To what extent, if at all, do you like or dislike the following political parties?",UNMATCHED,,Like,Neither like nor dislike,Dislike,,,,,,,,24.9,33.6,33.1,,,,,,,,Survation_VI_2026-07-28_Tables.xlsx,Tables
UK Adults,,,,,,,age,55-64,"Table_Q8_6. Green Party:To what extent, if at all, do you like or dislike the following political parties?",UNMATCHED,,Like,Neither like nor dislike,Dislike,,,,,,,,29.0,23.5,42.6,,,,,,,,Survation_VI_2026-07-28_Tables.xlsx,Tables
UK Adults,,,,,,,age,65+,"Table_Q8_6. Green Party:To what extent, if at all, do you like or dislike the following political parties?",UNMATCHED,,Like,Neither like nor dislike,Dislike,,,,,,,,13.9,19.2,64.7,,,,,,,,Survation_VI_2026-07-28_Tables.xlsx,Tables
UK Adults,,,,,,,region,London,"Table_Q8_6. Green Party:To what extent, if at all, do you like or dislike the following political parties?",UNMATCHED,,Like,Neither like nor dislike,Dislike,,,,,,,,40.9,27.3,29.5,,,,,,,,Survation_VI_2026-07-28_Tables.xlsx,Tables
UK Adults,,,,,,,region,South,"Table_Q8_6. Green Party:To what extent, if at all, do you like or dislike the following political parties?",UNMATCHED,,Like,Neither like nor dislike,Dislike,,,,,,,,30.3,22.5,41.2,,,,,,,,Survation_VI_2026-07-28_Tables.xlsx,Tables
UK Adults,,,,,,,region,Midlands,"Table_Q8_6. Green Party:To what extent, if at all, do you like or dislike the following political parties?",UNMATCHED,,Like,Neither like nor dislike,Dislike,,,,,,,,28.8,24.4,36.8,,,,,,,,Survation_VI_2026-07-28_Tables.xlsx,Tables
UK Adults,,,,,,,region,North,"Table_Q8_6. Green Party:To what extent, if at all, do you like or dislike the following political parties?",UNMATCHED,,Like,Neither like nor dislike,Dislike,,,,,,,,27.7,28.8,37.9,,,,,,,,Survation_VI_2026-07-28_Tables.xlsx,Tables
UK Adults,,,,,,,region,England,"Table_Q8_6. Green Party:To what extent, if at all, do you like or dislike the following political parties?",UNMATCHED,,Like,Neither like nor dislike,Dislike,,,,,,,,30.9,25.3,37.4,,,,,,,,Survation_VI_2026-07-28_Tables.xlsx,Tables
UK Adults,,,,,,,region,Scotland,"Table_Q8_6. Green Party:To what extent, if at all, do you like or dislike the following political parties?",UNMATCHED,,Like,Neither like nor dislike,Dislike,,,,,,,,20.0,26.6,45.9,,,,,,,,Survation_VI_2026-07-28_Tables.xlsx,Tables
UK Adults,,,,,,,region,Wales,"Table_Q8_6. Green Party:To what extent, if at all, do you like or dislike the following political parties?",UNMATCHED,,Like,Neither like nor dislike,Dislike,,,,,,,,29.8,31.7,29.8,,,,,,,,Survation_VI_2026-07-28_Tables.xlsx,Tables
UK Adults,,,,,,,region,Northern Ireland,"Table_Q8_6. Green Party:To what extent, if at all, do you like or dislike the following political parties?",UNMATCHED,,Like,Neither like nor dislike,Dislike,,,,,,,,10.7,21.4,64.3,,,,,,,,Survation_VI_2026-07-28_Tables.xlsx,Tables
UK Adults,,,,,,,class,ABC1,"Table_Q8_6. Green Party:To what extent, if at all, do you like or dislike the following political parties?",UNMATCHED,,Like,Neither like nor dislike,Dislike,,,,,,,,34.8,24.8,35.7,,,,,,,,Survation_VI_2026-07-28_Tables.xlsx,Tables
UK Adults,,,,,,,class,C2DE,"Table_Q8_6. Green Party:To what extent, if at all, do you like or dislike the following political parties?",UNMATCHED,,Like,Neither like nor dislike,Dislike,,,,,,,,22.7,26.7,42.1,,,,,,,,Survation_VI_2026-07-28_Tables.xlsx,Tables
UK Adults,,,,,,,income,"£0 - £19,999","Table_Q8_6. Green Party:To what extent, if at all, do you like or dislike the following political parties?",UNMATCHED,,Like,Neither like nor dislike,Dislike,,,,,,,,26.3,28.9,35.2,,,,,,,,Survation_VI_2026-07-28_Tables.xlsx,Tables
UK Adults,,,,,,,income,"£20,000 - £39,999","Table_Q8_6. Green Party:To what extent, if at all, do you like or dislike the following political parties?",UNMATCHED,,Like,Neither like nor dislike,Dislike,,,,,,,,28.0,24.7,38.3,,,,,,,,Survation_VI_2026-07-28_Tables.xlsx,Tables
UK Adults,,,,,,,income,"£40,000+","Table_Q8_6. Green Party:To what extent, if at all, do you like or dislike the following political parties?",UNMATCHED,,Like,Neither like nor dislike,Dislike,,,,,,,,32.5,24.8,40.5,,,,,,,,Survation_VI_2026-07-28_Tables.xlsx,Tables
UK Adults,,,,,,,historic_vote,LAB,"Table_Q8_6. Green Party:To what extent, if at all, do you like or dislike the following political parties?",UNMATCHED,,Like,Neither like nor dislike,Dislike,,,,,,,,40.0,29.7,28.1,,,,,,,,Survation_VI_2026-07-28_Tables.xlsx,Tables
UK Adults,,,,,,,historic_vote,CON,"Table_Q8_6. Green Party:To what extent, if at all, do you like or dislike the following political parties?",UNMATCHED,,Like,Neither like nor dislike,Dislike,,,,,,,,12.1,20.9,66.1,,,,,,,,Survation_VI_2026-07-28_Tables.xlsx,Tables
UK Adults,,,,,,,historic_vote,RFM,"Table_Q8_6. Green Party:To what extent, if at all, do you like or dislike the following political parties?",UNMATCHED,,Like,Neither like nor dislike,Dislike,,,,,,,,13.0,17.6,68.0,,,,,,,,Survation_VI_2026-07-28_Tables.xlsx,Tables
UK Adults,,,,,,,historic_vote,LD,"Table_Q8_6. Green Party:To what extent, if at all, do you like or dislike the following political parties?",UNMATCHED,,Like,Neither like nor dislike,Dislike,,,,,,,,40.0,30.9,28.2,,,,,,,,Survation_VI_2026-07-28_Tables.xlsx,Tables
UK Adults,,,,,,,historic_vote,GRN,"Table_Q8_6. Green Party:To what extent, if at all, do you like or dislike the following political parties?",UNMATCHED,,Like,Neither like nor dislike,Dislike,,,,,,,,80.8,13.3,6.4,,,,,,,,Survation_VI_2026-07-28_Tables.xlsx,Tables
UK Adults,,,,,,,historic_vote,OTH,"Table_Q8_6. Green Party:To what extent, if at all, do you like or dislike the following political parties?",UNMATCHED,,Like,Neither like nor dislike,Dislike,,,,,,,,30.8,21.5,47.7,,,,,,,,Survation_VI_2026-07-28_Tables.xlsx,Tables
UK Adults,,,,,,,historic_vote,Leave,"Table_Q8_6. Green Party:To what extent, if at all, do you like or dislike the following political parties?",UNMATCHED,,Like,Neither like nor dislike,Dislike,,,,,,,,16.1,22.2,61.2,,,,,,,,Survation_VI_2026-07-28_Tables.xlsx,Tables
UK Adults,,,,,,,historic_vote,Remain,"Table_Q8_6. Green Party:To what extent, if at all, do you like or dislike the following political parties?",UNMATCHED,,Like,Neither like nor dislike,Dislike,,,,,,,,39.4,28.6,31.4,,,,,,,,Survation_VI_2026-07-28_Tables.xlsx,Tables
UK Adults,,,,,,,current_vote,LAB,"Table_Q8_6. Green Party:To what extent, if at all, do you like or dislike the following political parties?",UNMATCHED,,Like,Neither like nor dislike,Dislike,,,,,,,,42.1,28.4,27.1,,,,,,,,Survation_VI_2026-07-28_Tables.xlsx,Tables
UK Adults,,,,,,,current_vote,CON,"Table_Q8_6. Green Party:To what extent, if at all, do you like or dislike the following political parties?",UNMATCHED,,Like,Neither like nor dislike,Dislike,,,,,,,,15.1,25.9,59.1,,,,,,,,Survation_VI_2026-07-28_Tables.xlsx,Tables
UK Adults,,,,,,,current_vote,RFM,"Table_Q8_6. Green Party:To what extent, if at all, do you like or dislike the following political parties?",UNMATCHED,,Like,Neither like nor dislike,Dislike,,,,,,,,12.2,21.1,60.6,,,,,,,,Survation_VI_2026-07-28_Tables.xlsx,Tables
UK Adults,,,,,,,current_vote,LD,"Table_Q8_6. Green Party:To what extent, if at all, do you like or dislike the following political parties?",UNMATCHED,,Like,Neither like nor dislike,Dislike,,,,,,,,45.3,30.1,24.0,,,,,,,,Survation_VI_2026-07-28_Tables.xlsx,Tables
UK Adults,,,,,,,current_vote,GRN,"Table_Q8_6. Green Party:To what extent, if at all, do you like or dislike the following political parties?",UNMATCHED,,Like,Neither like nor dislike,Dislike,,,,,,,,86.8,6.4,3.3,,,,,,,,Survation_VI_2026-07-28_Tables.xlsx,Tables
UK Adults,,,,,,,current_vote,OTH,"Table_Q8_6. Green Party:To what extent, if at all, do you like or dislike the following political parties?",UNMATCHED,,Like,Neither like nor dislike,Dislike,,,,,,,,21.9,27.1,50.7,,,,,,,,Survation_VI_2026-07-28_Tables.xlsx,Tables
UK Adults,,,,,,,gender,Female,"Table_Q8_7. Reform UK:To what extent, if at all, do you like or dislike the following political parties?",UNMATCHED,,Like,Neither like nor dislike,Dislike,,,,,,,,30.2,17.3,44.2,,,,,,,,Survation_VI_2026-07-28_Tables.xlsx,Tables
UK Adults,,,,,,,gender,Male,"Table_Q8_7. Reform UK:To what extent, if at all, do you like or dislike the following political parties?",UNMATCHED,,Like,Neither like nor dislike,Dislike,,,,,,,,38.9,15.5,42.5,,,,,,,,Survation_VI_2026-07-28_Tables.xlsx,Tables
UK Adults,,,,,,,age,18-24,"Table_Q8_7. Reform UK:To what extent, if at all, do you like or dislike the following political parties?",UNMATCHED,,Like,Neither like nor dislike,Dislike,,,,,,,,23.6,20.1,50.9,,,,,,,,Survation_VI_2026-07-28_Tables.xlsx,Tables
UK Adults,,,,,,,age,25-34,"Table_Q8_7. Reform UK:To what extent, if at all, do you like or dislike the following political parties?",UNMATCHED,,Like,Neither like nor dislike,Dislike,,,,,,,,31.0,24.3,35.7,,,,,,,,Survation_VI_2026-07-28_Tables.xlsx,Tables
UK Adults,,,,,,,age,35-44,"Table_Q8_7. Reform UK:To what extent, if at all, do you like or dislike the following political parties?",UNMATCHED,,Like,Neither like nor dislike,Dislike,,,,,,,,40.0,19.1,35.8,,,,,,,,Survation_VI_2026-07-28_Tables.xlsx,Tables
UK Adults,,,,,,,age,45-54,"Table_Q8_7. Reform UK:To what extent, if at all, do you like or dislike the following political parties?",UNMATCHED,,Like,Neither like nor dislike,Dislike,,,,,,,,40.8,14.4,36.1,,,,,,,,Survation_VI_2026-07-28_Tables.xlsx,Tables
UK Adults,,,,,,,age,55-64,"Table_Q8_7. Reform UK:To what extent, if at all, do you like or dislike the following political parties?",UNMATCHED,,Like,Neither like nor dislike,Dislike,,,,,,,,35.8,10.7,47.5,,,,,,,,Survation_VI_2026-07-28_Tables.xlsx,Tables
UK Adults,,,,,,,age,65+,"Table_Q8_7. Reform UK:To what extent, if at all, do you like or dislike the following political parties?",UNMATCHED,,Like,Neither like nor dislike,Dislike,,,,,,,,32.8,12.6,52.9,,,,,,,,Survation_VI_2026-07-28_Tables.xlsx,Tables
UK Adults,,,,,,,region,London,"Table_Q8_7. Reform UK:To what extent, if at all, do you like or dislike the following political parties?",UNMATCHED,,Like,Neither like nor dislike,Dislike,,,,,,,,37.9,13.7,43.2,,,,,,,,Survation_VI_2026-07-28_Tables.xlsx,Tables
UK Adults,,,,,,,region,South,"Table_Q8_7. Reform UK:To what extent, if at all, do you like or dislike the following political parties?",UNMATCHED,,Like,Neither like nor dislike,Dislike,,,,,,,,34.1,15.1,46.1,,,,,,,,Survation_VI_2026-07-28_Tables.xlsx,Tables
UK Adults,,,,,,,region,Midlands,"Table_Q8_7. Reform UK:To what extent, if at all, do you like or dislike the following political parties?",UNMATCHED,,Like,Neither like nor dislike,Dislike,,,,,,,,31.3,19.8,39.9,,,,,,,,Survation_VI_2026-07-28_Tables.xlsx,Tables
UK Adults,,,,,,,region,North,"Table_Q8_7. Reform UK:To what extent, if at all, do you like or dislike the following political parties?",UNMATCHED,,Like,Neither like nor dislike,Dislike,,,,,,,,38.7,17.2,38.7,,,,,,,,Survation_VI_2026-07-28_Tables.xlsx,Tables
UK Adults,,,,,,,region,England,"Table_Q8_7. Reform UK:To what extent, if at all, do you like or dislike the following political parties?",UNMATCHED,,Like,Neither like nor dislike,Dislike,,,,,,,,35.4,16.4,42.4,,,,,,,,Survation_VI_2026-07-28_Tables.xlsx,Tables
UK Adults,,,,,,,region,Scotland,"Table_Q8_7. Reform UK:To what extent, if at all, do you like or dislike the following political parties?",UNMATCHED,,Like,Neither like nor dislike,Dislike,,,,,,,,24.7,18.7,51.8,,,,,,,,Survation_VI_2026-07-28_Tables.xlsx,Tables
UK Adults,,,,,,,region,Wales,"Table_Q8_7. Reform UK:To what extent, if at all, do you like or dislike the following political parties?",UNMATCHED,,Like,Neither like nor dislike,Dislike,,,,,,,,25.5,17.0,46.8,,,,,,,,Survation_VI_2026-07-28_Tables.xlsx,Tables
UK Adults,,,,,,,region,Northern Ireland,"Table_Q8_7. Reform UK:To what extent, if at all, do you like or dislike the following political parties?",UNMATCHED,,Like,Neither like nor dislike,Dislike,,,,,,,,42.9,10.9,42.9,,,,,,,,Survation_VI_2026-07-28_Tables.xlsx,Tables
UK Adults,,,,,,,class,ABC1,"Table_Q8_7. Reform UK:To what extent, if at all, do you like or dislike the following political parties?",UNMATCHED,,Like,Neither like nor dislike,Dislike,,,,,,,,33.0,15.4,46.4,,,,,,,,Survation_VI_2026-07-28_Tables.xlsx,Tables
UK Adults,,,,,,,class,C2DE,"Table_Q8_7. Reform UK:To what extent, if at all, do you like or dislike the following political parties?",UNMATCHED,,Like,Neither like nor dislike,Dislike,,,,,,,,36.0,17.7,40.0,,,,,,,,Survation_VI_2026-07-28_Tables.xlsx,Tables
UK Adults,,,,,,,income,"£0 - £19,999","Table_Q8_7. Reform UK:To what extent, if at all, do you like or dislike the following political parties?",UNMATCHED,,Like,Neither like nor dislike,Dislike,,,,,,,,31.9,20.6,40.4,,,,,,,,Survation_VI_2026-07-28_Tables.xlsx,Tables
UK Adults,,,,,,,income,"£20,000 - £39,999","Table_Q8_7. Reform UK:To what extent, if at all, do you like or dislike the following political parties?",UNMATCHED,,Like,Neither like nor dislike,Dislike,,,,,,,,34.7,16.5,41.2,,,,,,,,Survation_VI_2026-07-28_Tables.xlsx,Tables
UK Adults,,,,,,,income,"£40,000+","Table_Q8_7. Reform UK:To what extent, if at all, do you like or dislike the following political parties?",UNMATCHED,,Like,Neither like nor dislike,Dislike,,,,,,,,35.6,14.1,47.8,,,,,,,,Survation_VI_2026-07-28_Tables.xlsx,Tables
UK Adults,,,,,,,historic_vote,LAB,"Table_Q8_7. Reform UK:To what extent, if at all, do you like or dislike the following political parties?",UNMATCHED,,Like,Neither like nor dislike,Dislike,,,,,,,,20.0,20.1,57.0,,,,,,,,Survation_VI_2026-07-28_Tables.xlsx,Tables
UK Adults,,,,,,,historic_vote,CON,"Table_Q8_7. Reform UK:To what extent, if at all, do you like or dislike the following political parties?",UNMATCHED,,Like,Neither like nor dislike,Dislike,,,,,,,,46.7,16.2,35.8,,,,,,,,Survation_VI_2026-07-28_Tables.xlsx,Tables
UK Adults,,,,,,,historic_vote,RFM,"Table_Q8_7. Reform UK:To what extent, if at all, do you like or dislike the following political parties?",UNMATCHED,,Like,Neither like nor dislike,Dislike,,,,,,,,89.0,4.9,5.0,,,,,,,,Survation_VI_2026-07-28_Tables.xlsx,Tables
UK Adults,,,,,,,historic_vote,LD,"Table_Q8_7. Reform UK:To what extent, if at all, do you like or dislike the following political parties?",UNMATCHED,,Like,Neither like nor dislike,Dislike,,,,,,,,18.8,2.8,76.5,,,,,,,,Survation_VI_2026-07-28_Tables.xlsx,Tables
UK Adults,,,,,,,historic_vote,GRN,"Table_Q8_7. Reform UK:To what extent, if at all, do you like or dislike the following political parties?",UNMATCHED,,Like,Neither like nor dislike,Dislike,,,,,,,,19.1,10.5,70.2,,,,,,,,Survation_VI_2026-07-28_Tables.xlsx,Tables
UK Adults,,,,,,,historic_vote,OTH,"Table_Q8_7. Reform UK:To what extent, if at all, do you like or dislike the following political parties?",UNMATCHED,,Like,Neither like nor dislike,Dislike,,,,,,,,35.4,5.4,60.0,,,,,,,,Survation_VI_2026-07-28_Tables.xlsx,Tables
UK Adults,,,,,,,historic_vote,Leave,"Table_Q8_7. Reform UK:To what extent, if at all, do you like or dislike the following political parties?",UNMATCHED,,Like,Neither like nor dislike,Dislike,,,,,,,,56.5,12.7,29.4,,,,,,,,Survation_VI_2026-07-28_Tables.xlsx,Tables
UK Adults,,,,,,,historic_vote,Remain,"Table_Q8_7. Reform UK:To what extent, if at all, do you like or dislike the following political parties?",UNMATCHED,,Like,Neither like nor dislike,Dislike,,,,,,,,21.3,10.5,67.2,,,,,,,,Survation_VI_2026-07-28_Tables.xlsx,Tables
UK Adults,,,,,,,current_vote,LAB,"Table_Q8_7. Reform UK:To what extent, if at all, do you like or dislike the following political parties?",UNMATCHED,,Like,Neither like nor dislike,Dislike,,,,,,,,20.1,17.8,59.8,,,,,,,,Survation_VI_2026-07-28_Tables.xlsx,Tables
UK Adults,,,,,,,current_vote,CON,"Table_Q8_7. Reform UK:To what extent, if at all, do you like or dislike the following political parties?",UNMATCHED,,Like,Neither like nor dislike,Dislike,,,,,,,,36.5,23.4,39.0,,,,,,,,Survation_VI_2026-07-28_Tables.xlsx,Tables
UK Adults,,,,,,,current_vote,RFM,"Table_Q8_7. Reform UK:To what extent, if at all, do you like or dislike the following political parties?",UNMATCHED,,Like,Neither like nor dislike,Dislike,,,,,,,,92.5,5.6,1.1,,,,,,,,Survation_VI_2026-07-28_Tables.xlsx,Tables
UK Adults,,,,,,,current_vote,LD,"Table_Q8_7. Reform UK:To what extent, if at all, do you like or dislike the following political parties?",UNMATCHED,,Like,Neither like nor dislike,Dislike,,,,,,,,12.0,10.7,73.3,,,,,,,,Survation_VI_2026-07-28_Tables.xlsx,Tables
UK Adults,,,,,,,current_vote,GRN,"Table_Q8_7. Reform UK:To what extent, if at all, do you like or dislike the following political parties?",UNMATCHED,,Like,Neither like nor dislike,Dislike,,,,,,,,8.8,14.1,72.5,,,,,,,,Survation_VI_2026-07-28_Tables.xlsx,Tables
UK Adults,,,,,,,current_vote,OTH,"Table_Q8_7. Reform UK:To what extent, if at all, do you like or dislike the following political parties?",UNMATCHED,,Like,Neither like nor dislike,Dislike,,,,,,,,30.1,13.6,56.2,,,,,,,,Survation_VI_2026-07-28_Tables.xlsx,Tables
UK Adults,,,,,,,region,Scottish National Party,"Table_Q8.Summary. To what extent, if at all, do you like or dislike the following political parties?",UNMATCHED,,Like,Neither like nor dislike,Dislike,,,,,,,,3.2,1.2,3.4,,,,,,,,Survation_VI_2026-07-28_Tables.xlsx,Tables
