Headline sample,Fieldwork dates,Fieldwork end date,Full fieldwork dates,Parliament,Sample size,Pollster,Subsample dimension,Subsample,Question detail,canonical_question,match_pattern,#1,#2,#3,#4,#5,#6,#7,#8,#9,#10,#1,#2,#3,#4,#5,#6,#7,#8,#9,#10,source_file,sheet
UK Adults,,,,,,,gender,Female,"Table_V1. If there were to be a general election, on a scale of 0 - 10, where 0 is would not vote and 10 is certain to vote, how likely would you be to vote?",UNMATCHED,,10 - Certain to vote,9,8,7,6,5,4,3,2,1,53.4,8.2,6.8,8.2,3.4,4.6,1.8,1.3,1.9,1.1,Survation_VI_2026-08-13_Tables.xlsx,Tables
UK Adults,,,,,,,gender,Male,"Table_V1. If there were to be a general election, on a scale of 0 - 10, where 0 is would not vote and 10 is certain to vote, how likely would you be to vote?",UNMATCHED,,10 - Certain to vote,9,8,7,6,5,4,3,2,1,57.5,11.2,8.1,4.9,2.5,4.7,1.5,0.5,1.2,1.1,Survation_VI_2026-08-13_Tables.xlsx,Tables
UK Adults,,,,,,,age,18-24,"Table_V1. If there were to be a general election, on a scale of 0 - 10, where 0 is would not vote and 10 is certain to vote, how likely would you be to vote?",UNMATCHED,,10 - Certain to vote,9,8,7,6,5,4,3,2,1,30.4,6.4,11.8,12.6,5.8,9.0,7.4,2.2,2.4,,Survation_VI_2026-08-13_Tables.xlsx,Tables
UK Adults,,,,,,,age,25-34,"Table_V1. If there were to be a general election, on a scale of 0 - 10, where 0 is would not vote and 10 is certain to vote, how likely would you be to vote?",UNMATCHED,,10 - Certain to vote,9,8,7,6,5,4,3,2,1,42.8,11.9,7.6,10.9,2.8,6.1,1.7,1.4,2.9,2.3,Survation_VI_2026-08-13_Tables.xlsx,Tables
UK Adults,,,,,,,age,35-44,"Table_V1. If there were to be a general election, on a scale of 0 - 10, where 0 is would not vote and 10 is certain to vote, how likely would you be to vote?",UNMATCHED,,10 - Certain to vote,9,8,7,6,5,4,3,2,1,42.9,10.8,11.1,5.7,3.5,6.1,1.8,1.0,3.1,2.2,Survation_VI_2026-08-13_Tables.xlsx,Tables
UK Adults,,,,,,,age,45-54,"Table_V1. If there were to be a general election, on a scale of 0 - 10, where 0 is would not vote and 10 is certain to vote, how likely would you be to vote?",UNMATCHED,,10 - Certain to vote,9,8,7,6,5,4,3,2,1,57.9,10.9,5.0,6.6,4.6,3.0,0.9,0.6,0.7,0.2,Survation_VI_2026-08-13_Tables.xlsx,Tables
UK Adults,,,,,,,age,55-64,"Table_V1. If there were to be a general election, on a scale of 0 - 10, where 0 is would not vote and 10 is certain to vote, how likely would you be to vote?",UNMATCHED,,10 - Certain to vote,9,8,7,6,5,4,3,2,1,63.2,6.8,8.9,3.2,2.5,5.1,0.8,0.2,1.0,0.9,Survation_VI_2026-08-13_Tables.xlsx,Tables
UK Adults,,,,,,,age,65+,"Table_V1. If there were to be a general election, on a scale of 0 - 10, where 0 is would not vote and 10 is certain to vote, how likely would you be to vote?",UNMATCHED,,10 - Certain to vote,9,8,7,6,5,4,3,2,1,77.1,9.7,3.5,3.9,0.4,1.6,,0.7,0.1,0.7,Survation_VI_2026-08-13_Tables.xlsx,Tables
UK Adults,,,,,,,region,London,"Table_V1. If there were to be a general election, on a scale of 0 - 10, where 0 is would not vote and 10 is certain to vote, how likely would you be to vote?",UNMATCHED,,10 - Certain to vote,9,8,7,6,5,4,3,2,1,54.0,11.6,8.3,9.7,2.6,3.8,2.1,0.2,0.8,0.5,Survation_VI_2026-08-13_Tables.xlsx,Tables
UK Adults,,,,,,,region,South,"Table_V1. If there were to be a general election, on a scale of 0 - 10, where 0 is would not vote and 10 is certain to vote, how likely would you be to vote?",UNMATCHED,,10 - Certain to vote,9,8,7,6,5,4,3,2,1,57.0,9.9,7.0,5.3,2.9,4.2,1.3,1.1,1.2,0.9,Survation_VI_2026-08-13_Tables.xlsx,Tables
UK Adults,,,,,,,region,Midlands,"Table_V1. If there were to be a general election, on a scale of 0 - 10, where 0 is would not vote and 10 is certain to vote, how likely would you be to vote?",UNMATCHED,,10 - Certain to vote,9,8,7,6,5,4,3,2,1,49.8,8.2,8.8,6.6,2.7,9.1,3.0,0.7,1.3,1.4,Survation_VI_2026-08-13_Tables.xlsx,Tables
UK Adults,,,,,,,region,North,"Table_V1. If there were to be a general election, on a scale of 0 - 10, where 0 is would not vote and 10 is certain to vote, how likely would you be to vote?",UNMATCHED,,10 - Certain to vote,9,8,7,6,5,4,3,2,1,54.0,9.3,6.6,8.1,3.5,3.6,1.6,1.8,1.2,0.8,Survation_VI_2026-08-13_Tables.xlsx,Tables
UK Adults,,,,,,,region,England,"Table_V1. If there were to be a general election, on a scale of 0 - 10, where 0 is would not vote and 10 is certain to vote, how likely would you be to vote?",UNMATCHED,,10 - Certain to vote,9,8,7,6,5,4,3,2,1,54.3,9.7,7.4,7.0,3.0,4.9,1.8,1.1,1.2,0.9,Survation_VI_2026-08-13_Tables.xlsx,Tables
UK Adults,,,,,,,region,Scotland,"Table_V1. If there were to be a general election, on a scale of 0 - 10, where 0 is would not vote and 10 is certain to vote, how likely would you be to vote?",UNMATCHED,,10 - Certain to vote,9,8,7,6,5,4,3,2,1,62.7,10.2,4.1,4.0,2.6,2.3,1.0,,4.0,2.9,Survation_VI_2026-08-13_Tables.xlsx,Tables
UK Adults,,,,,,,region,Wales,"Table_V1. If there were to be a general election, on a scale of 0 - 10, where 0 is would not vote and 10 is certain to vote, how likely would you be to vote?",UNMATCHED,,10 - Certain to vote,9,8,7,6,5,4,3,2,1,53.8,8.5,10.8,6.6,2.1,5.4,,0.4,5.1,1.5,Survation_VI_2026-08-13_Tables.xlsx,Tables
UK Adults,,,,,,,region,Northern Ireland,"Table_V1. If there were to be a general election, on a scale of 0 - 10, where 0 is would not vote and 10 is certain to vote, how likely would you be to vote?",UNMATCHED,,10 - Certain to vote,9,8,7,6,5,4,3,2,1,67.5,8.3,11.6,3.4,2.6,2.6,0.6,,,,Survation_VI_2026-08-13_Tables.xlsx,Tables
UK Adults,,,,,,,class,ABC1,"Table_V1. If there were to be a general election, on a scale of 0 - 10, where 0 is would not vote and 10 is certain to vote, how likely would you be to vote?",UNMATCHED,,10 - Certain to vote,9,8,7,6,5,4,3,2,1,54.7,11.2,9.1,6.3,3.0,4.7,2.4,0.5,1.7,1.2,Survation_VI_2026-08-13_Tables.xlsx,Tables
UK Adults,,,,,,,class,C2DE,"Table_V1. If there were to be a general election, on a scale of 0 - 10, where 0 is would not vote and 10 is certain to vote, how likely would you be to vote?",UNMATCHED,,10 - Certain to vote,9,8,7,6,5,4,3,2,1,56.2,7.8,5.3,7.0,2.9,4.6,0.7,1.5,1.4,0.9,Survation_VI_2026-08-13_Tables.xlsx,Tables
UK Adults,,,,,,,income,"£0 - £19,999","Table_V1. If there were to be a general election, on a scale of 0 - 10, where 0 is would not vote and 10 is certain to vote, how likely would you be to vote?",UNMATCHED,,10 - Certain to vote,9,8,7,6,5,4,3,2,1,42.1,9.9,7.5,7.5,3.7,6.6,3.2,2.1,2.2,1.0,Survation_VI_2026-08-13_Tables.xlsx,Tables
UK Adults,,,,,,,income,"£20,000 - £39,999","Table_V1. If there were to be a general election, on a scale of 0 - 10, where 0 is would not vote and 10 is certain to vote, how likely would you be to vote?",UNMATCHED,,10 - Certain to vote,9,8,7,6,5,4,3,2,1,57.9,7.9,7.1,6.4,3.1,4.7,1.2,0.9,1.6,1.0,Survation_VI_2026-08-13_Tables.xlsx,Tables
UK Adults,,,,,,,income,"£40,000+","Table_V1. If there were to be a general election, on a scale of 0 - 10, where 0 is would not vote and 10 is certain to vote, how likely would you be to vote?",UNMATCHED,,10 - Certain to vote,9,8,7,6,5,4,3,2,1,60.0,11.3,7.6,6.4,2.3,3.5,1.2,0.3,1.1,1.3,Survation_VI_2026-08-13_Tables.xlsx,Tables
UK Adults,,,,,,,historic_vote,LAB,"Table_V1. If there were to be a general election, on a scale of 0 - 10, where 0 is would not vote and 10 is certain to vote, how likely would you be to vote?",UNMATCHED,,10 - Certain to vote,9,8,7,6,5,4,3,2,1,64.9,10.0,9.2,6.6,2.5,3.7,0.8,0.9,0.4,0.4,Survation_VI_2026-08-13_Tables.xlsx,Tables
UK Adults,,,,,,,historic_vote,CON,"Table_V1. If there were to be a general election, on a scale of 0 - 10, where 0 is would not vote and 10 is certain to vote, how likely would you be to vote?",UNMATCHED,,10 - Certain to vote,9,8,7,6,5,4,3,2,1,73.9,9.7,7.7,3.2,3.3,1.1,,,0.5,0.7,Survation_VI_2026-08-13_Tables.xlsx,Tables
UK Adults,,,,,,,historic_vote,RFM,"Table_V1. If there were to be a general election, on a scale of 0 - 10, where 0 is would not vote and 10 is certain to vote, how likely would you be to vote?",UNMATCHED,,10 - Certain to vote,9,8,7,6,5,4,3,2,1,71.2,12.1,5.4,5.3,3.4,0.7,0.4,,0.2,,Survation_VI_2026-08-13_Tables.xlsx,Tables
UK Adults,,,,,,,historic_vote,LD,"Table_V1. If there were to be a general election, on a scale of 0 - 10, where 0 is would not vote and 10 is certain to vote, how likely would you be to vote?",UNMATCHED,,10 - Certain to vote,9,8,7,6,5,4,3,2,1,62.2,18.8,8.7,6.0,0.6,1.7,,1.7,0.3,,Survation_VI_2026-08-13_Tables.xlsx,Tables
UK Adults,,,,,,,historic_vote,GRN,"Table_V1. If there were to be a general election, on a scale of 0 - 10, where 0 is would not vote and 10 is certain to vote, how likely would you be to vote?",UNMATCHED,,10 - Certain to vote,9,8,7,6,5,4,3,2,1,67.3,4.0,3.0,12.5,2.5,3.4,1.6,0.8,4.8,,Survation_VI_2026-08-13_Tables.xlsx,Tables
UK Adults,,,,,,,historic_vote,OTH,"Table_V1. If there were to be a general election, on a scale of 0 - 10, where 0 is would not vote and 10 is certain to vote, how likely would you be to vote?",UNMATCHED,,10 - Certain to vote,9,8,7,6,5,4,3,2,1,67.6,9.5,11.6,4.0,1.1,3.6,0.4,,,2.1,Survation_VI_2026-08-13_Tables.xlsx,Tables
UK Adults,,,,,,,historic_vote,Leave,"Table_V1. If there were to be a general election, on a scale of 0 - 10, where 0 is would not vote and 10 is certain to vote, how likely would you be to vote?",UNMATCHED,,10 - Certain to vote,9,8,7,6,5,4,3,2,1,70.1,9.4,6.8,4.9,1.6,3.4,,0.5,0.7,0.6,Survation_VI_2026-08-13_Tables.xlsx,Tables
UK Adults,,,,,,,historic_vote,Remain,"Table_V1. If there were to be a general election, on a scale of 0 - 10, where 0 is would not vote and 10 is certain to vote, how likely would you be to vote?",UNMATCHED,,10 - Certain to vote,9,8,7,6,5,4,3,2,1,68.2,11.8,8.5,4.2,1.4,2.5,1.4,0.2,0.2,0.2,Survation_VI_2026-08-13_Tables.xlsx,Tables
UK Adults,,,,,,,current_vote,LAB,"Table_V1. If there were to be a general election, on a scale of 0 - 10, where 0 is would not vote and 10 is certain to vote, how likely would you be to vote?",UNMATCHED,,10 - Certain to vote,9,8,7,6,5,4,3,2,1,58.7,11.4,7.2,9.7,2.1,6.2,1.9,1.5,0.7,0.5,Survation_VI_2026-08-13_Tables.xlsx,Tables
UK Adults,,,,,,,current_vote,CON,"Table_V1. If there were to be a general election, on a scale of 0 - 10, where 0 is would not vote and 10 is certain to vote, how likely would you be to vote?",UNMATCHED,,10 - Certain to vote,9,8,7,6,5,4,3,2,1,66.0,12.0,8.8,4.5,2.2,3.5,1.2,0.5,0.2,1.1,Survation_VI_2026-08-13_Tables.xlsx,Tables
UK Adults,,,,,,,current_vote,RFM,"Table_V1. If there were to be a general election, on a scale of 0 - 10, where 0 is would not vote and 10 is certain to vote, how likely would you be to vote?",UNMATCHED,,10 - Certain to vote,9,8,7,6,5,4,3,2,1,68.8,10.1,7.4,5.1,3.1,2.8,1.7,,0.7,0.4,Survation_VI_2026-08-13_Tables.xlsx,Tables
UK Adults,,,,,,,current_vote,LD,"Table_V1. If there were to be a general election, on a scale of 0 - 10, where 0 is would not vote and 10 is certain to vote, how likely would you be to vote?",UNMATCHED,,10 - Certain to vote,9,8,7,6,5,4,3,2,1,53.9,16.5,11.2,7.7,2.4,3.6,2.0,0.7,1.9,,Survation_VI_2026-08-13_Tables.xlsx,Tables
UK Adults,,,,,,,current_vote,GRN,"Table_V1. If there were to be a general election, on a scale of 0 - 10, where 0 is would not vote and 10 is certain to vote, how likely would you be to vote?",UNMATCHED,,10 - Certain to vote,9,8,7,6,5,4,3,2,1,57.0,7.1,7.4,10.7,5.9,5.0,3.6,0.7,2.5,,Survation_VI_2026-08-13_Tables.xlsx,Tables
UK Adults,,,,,,,current_vote,OTH,"Table_V1. If there were to be a general election, on a scale of 0 - 10, where 0 is would not vote and 10 is certain to vote, how likely would you be to vote?",UNMATCHED,,10 - Certain to vote,9,8,7,6,5,4,3,2,1,71.2,7.2,8.9,4.5,0.2,3.2,0.3,,0.9,3.6,Survation_VI_2026-08-13_Tables.xlsx,Tables
UK Adults,,,,,,,gender,Female,"Table_V2_1. If there were a general election tomorrow, and there were candidates from all political parties standing in your constituency, for which party would you vote?",Voting intention (Westminster),general election tomorrow,Conservative,Labour,Liberal Democrats,Green Party,Scottish National Party (SNP),Plaid Cymru,Restore Britain,Reform UK,Other,,17.1,23.2,8.6,12.0,2.2,1.3,1.6,19.1,2.1,,Survation_VI_2026-08-13_Tables.xlsx,Tables
UK Adults,,,,,,,gender,Male,"Table_V2_1. If there were a general election tomorrow, and there were candidates from all political parties standing in your constituency, for which party would you vote?",Voting intention (Westminster),general election tomorrow,Conservative,Labour,Liberal Democrats,Green Party,Scottish National Party (SNP),Plaid Cymru,Restore Britain,Reform UK,Other,,15.4,22.5,10.9,5.6,2.4,1.7,1.8,26.8,4.8,,Survation_VI_2026-08-13_Tables.xlsx,Tables
UK Adults,,,,,,,age,18-24,"Table_V2_1. If there were a general election tomorrow, and there were candidates from all political parties standing in your constituency, for which party would you vote?",Voting intention (Westminster),general election tomorrow,Conservative,Labour,Liberal Democrats,Green Party,Scottish National Party (SNP),Plaid Cymru,Restore Britain,Reform UK,Other,,7.7,23.4,11.5,24.5,,4.4,0.3,16.2,2.2,,Survation_VI_2026-08-13_Tables.xlsx,Tables
UK Adults,,,,,,,age,25-34,"Table_V2_1. If there were a general election tomorrow, and there were candidates from all political parties standing in your constituency, for which party would you vote?",Voting intention (Westminster),general election tomorrow,Conservative,Labour,Liberal Democrats,Green Party,Scottish National Party (SNP),Plaid Cymru,Restore Britain,Reform UK,Other,,10.2,29.6,7.6,16.7,1.4,0.9,0.7,20.1,4.4,,Survation_VI_2026-08-13_Tables.xlsx,Tables
UK Adults,,,,,,,age,35-44,"Table_V2_1. If there were a general election tomorrow, and there were candidates from all political parties standing in your constituency, for which party would you vote?",Voting intention (Westminster),general election tomorrow,Conservative,Labour,Liberal Democrats,Green Party,Scottish National Party (SNP),Plaid Cymru,Restore Britain,Reform UK,Other,,11.3,30.5,10.7,9.6,1.2,1.4,2.5,19.7,1.7,,Survation_VI_2026-08-13_Tables.xlsx,Tables
UK Adults,,,,,,,age,45-54,"Table_V2_1. If there were a general election tomorrow, and there were candidates from all political parties standing in your constituency, for which party would you vote?",Voting intention (Westminster),general election tomorrow,Conservative,Labour,Liberal Democrats,Green Party,Scottish National Party (SNP),Plaid Cymru,Restore Britain,Reform UK,Other,,17.0,23.1,8.0,4.5,1.9,1.3,3.4,23.6,4.4,,Survation_VI_2026-08-13_Tables.xlsx,Tables
UK Adults,,,,,,,age,55-64,"Table_V2_1. If there were a general election tomorrow, and there were candidates from all political parties standing in your constituency, for which party would you vote?",Voting intention (Westminster),general election tomorrow,Conservative,Labour,Liberal Democrats,Green Party,Scottish National Party (SNP),Plaid Cymru,Restore Britain,Reform UK,Other,,16.5,19.6,10.5,6.2,3.1,1.6,2.5,25.0,3.3,,Survation_VI_2026-08-13_Tables.xlsx,Tables
UK Adults,,,,,,,age,65+,"Table_V2_1. If there were a general election tomorrow, and there were candidates from all political parties standing in your constituency, for which party would you vote?",Voting intention (Westminster),general election tomorrow,Conservative,Labour,Liberal Democrats,Green Party,Scottish National Party (SNP),Plaid Cymru,Restore Britain,Reform UK,Other,,26.2,15.1,10.4,1.5,4.3,0.9,0.9,27.4,3.7,,Survation_VI_2026-08-13_Tables.xlsx,Tables
UK Adults,,,,,,,region,London,"Table_V2_1. If there were a general election tomorrow, and there were candidates from all political parties standing in your constituency, for which party would you vote?",Voting intention (Westminster),general election tomorrow,Conservative,Labour,Liberal Democrats,Green Party,Scottish National Party (SNP),Plaid Cymru,Restore Britain,Reform UK,Other,,20.6,24.5,11.5,12.1,,,3.1,19.0,0.8,,Survation_VI_2026-08-13_Tables.xlsx,Tables
UK Adults,,,,,,,region,South,"Table_V2_1. If there were a general election tomorrow, and there were candidates from all political parties standing in your constituency, for which party would you vote?",Voting intention (Westminster),general election tomorrow,Conservative,Labour,Liberal Democrats,Green Party,Scottish National Party (SNP),Plaid Cymru,Restore Britain,Reform UK,Other,,20.8,18.0,12.3,8.0,,,1.9,26.9,0.4,,Survation_VI_2026-08-13_Tables.xlsx,Tables
UK Adults,,,,,,,region,Midlands,"Table_V2_1. If there were a general election tomorrow, and there were candidates from all political parties standing in your constituency, for which party would you vote?",Voting intention (Westminster),general election tomorrow,Conservative,Labour,Liberal Democrats,Green Party,Scottish National Party (SNP),Plaid Cymru,Restore Britain,Reform UK,Other,,19.1,25.5,11.4,9.0,,,1.0,21.5,2.7,,Survation_VI_2026-08-13_Tables.xlsx,Tables
UK Adults,,,,,,,region,North,"Table_V2_1. If there were a general election tomorrow, and there were candidates from all political parties standing in your constituency, for which party would you vote?",Voting intention (Westminster),general election tomorrow,Conservative,Labour,Liberal Democrats,Green Party,Scottish National Party (SNP),Plaid Cymru,Restore Britain,Reform UK,Other,,11.9,32.8,6.5,10.8,,,0.4,27.5,,,Survation_VI_2026-08-13_Tables.xlsx,Tables
UK Adults,,,,,,,region,England,"Table_V2_1. If there were a general election tomorrow, and there were candidates from all political parties standing in your constituency, for which party would you vote?",Voting intention (Westminster),general election tomorrow,Conservative,Labour,Liberal Democrats,Green Party,Scottish National Party (SNP),Plaid Cymru,Restore Britain,Reform UK,Other,,18.0,24.5,10.4,9.6,,,1.5,24.8,0.8,,Survation_VI_2026-08-13_Tables.xlsx,Tables
UK Adults,,,,,,,region,Scotland,"Table_V2_1. If there were a general election tomorrow, and there were candidates from all political parties standing in your constituency, for which party would you vote?",Voting intention (Westminster),general election tomorrow,Conservative,Labour,Liberal Democrats,Green Party,Scottish National Party (SNP),Plaid Cymru,Restore Britain,Reform UK,Other,,10.0,18.6,7.8,6.6,27.1,,3.4,12.2,,,Survation_VI_2026-08-13_Tables.xlsx,Tables
UK Adults,,,,,,,region,Wales,"Table_V2_1. If there were a general election tomorrow, and there were candidates from all political parties standing in your constituency, for which party would you vote?",Voting intention (Westminster),general election tomorrow,Conservative,Labour,Liberal Democrats,Green Party,Scottish National Party (SNP),Plaid Cymru,Restore Britain,Reform UK,Other,,5.9,14.5,6.9,5.4,,31.4,3.4,22.1,1.8,,Survation_VI_2026-08-13_Tables.xlsx,Tables
UK Adults,,,,,,,region,Northern Ireland,"Table_V2_1. If there were a general election tomorrow, and there were candidates from all political parties standing in your constituency, for which party would you vote?",Voting intention (Westminster),general election tomorrow,Conservative,Labour,Liberal Democrats,Green Party,Scottish National Party (SNP),Plaid Cymru,Restore Britain,Reform UK,Other,,,,,,,,,,90.8,,Survation_VI_2026-08-13_Tables.xlsx,Tables
UK Adults,,,,,,,class,ABC1,"Table_V2_1. If there were a general election tomorrow, and there were candidates from all political parties standing in your constituency, for which party would you vote?",Voting intention (Westminster),general election tomorrow,Conservative,Labour,Liberal Democrats,Green Party,Scottish National Party (SNP),Plaid Cymru,Restore Britain,Reform UK,Other,,16.7,25.6,11.4,9.5,1.6,2.0,1.3,18.2,3.9,,Survation_VI_2026-08-13_Tables.xlsx,Tables
UK Adults,,,,,,,class,C2DE,"Table_V2_1. If there were a general election tomorrow, and there were candidates from all political parties standing in your constituency, for which party would you vote?",Voting intention (Westminster),general election tomorrow,Conservative,Labour,Liberal Democrats,Green Party,Scottish National Party (SNP),Plaid Cymru,Restore Britain,Reform UK,Other,,15.7,19.2,7.5,8.0,3.2,0.8,2.3,28.8,2.8,,Survation_VI_2026-08-13_Tables.xlsx,Tables
UK Adults,,,,,,,income,"£0 - £19,999","Table_V2_1. If there were a general election tomorrow, and there were candidates from all political parties standing in your constituency, for which party would you vote?",Voting intention (Westminster),general election tomorrow,Conservative,Labour,Liberal Democrats,Green Party,Scottish National Party (SNP),Plaid Cymru,Restore Britain,Reform UK,Other,,13.8,21.6,4.4,11.6,3.2,2.1,1.6,21.8,2.8,,Survation_VI_2026-08-13_Tables.xlsx,Tables
UK Adults,,,,,,,income,"£20,000 - £39,999","Table_V2_1. If there were a general election tomorrow, and there were candidates from all political parties standing in your constituency, for which party would you vote?",Voting intention (Westminster),general election tomorrow,Conservative,Labour,Liberal Democrats,Green Party,Scottish National Party (SNP),Plaid Cymru,Restore Britain,Reform UK,Other,,16.8,22.8,8.6,8.3,2.2,1.4,1.9,24.9,2.9,,Survation_VI_2026-08-13_Tables.xlsx,Tables
UK Adults,,,,,,,income,"£40,000+","Table_V2_1. If there were a general election tomorrow, and there were candidates from all political parties standing in your constituency, for which party would you vote?",Voting intention (Westminster),general election tomorrow,Conservative,Labour,Liberal Democrats,Green Party,Scottish National Party (SNP),Plaid Cymru,Restore Britain,Reform UK,Other,,16.9,23.4,13.5,8.1,1.9,1.3,1.6,21.2,4.3,,Survation_VI_2026-08-13_Tables.xlsx,Tables
UK Adults,,,,,,,historic_vote,LAB,"Table_V2_1. If there were a general election tomorrow, and there were candidates from all political parties standing in your constituency, for which party would you vote?",Voting intention (Westminster),general election tomorrow,Conservative,Labour,Liberal Democrats,Green Party,Scottish National Party (SNP),Plaid Cymru,Restore Britain,Reform UK,Other,,4.0,59.3,5.9,7.4,1.2,1.0,0.5,11.5,0.3,,Survation_VI_2026-08-13_Tables.xlsx,Tables
UK Adults,,,,,,,historic_vote,CON,"Table_V2_1. If there were a general election tomorrow, and there were candidates from all political parties standing in your constituency, for which party would you vote?",Voting intention (Westminster),general election tomorrow,Conservative,Labour,Liberal Democrats,Green Party,Scottish National Party (SNP),Plaid Cymru,Restore Britain,Reform UK,Other,,62.5,3.5,2.0,0.9,0.6,,0.6,22.8,,,Survation_VI_2026-08-13_Tables.xlsx,Tables
UK Adults,,,,,,,historic_vote,RFM,"Table_V2_1. If there were a general election tomorrow, and there were candidates from all political parties standing in your constituency, for which party would you vote?",Voting intention (Westminster),general election tomorrow,Conservative,Labour,Liberal Democrats,Green Party,Scottish National Party (SNP),Plaid Cymru,Restore Britain,Reform UK,Other,,3.2,1.7,0.4,1.2,,0.3,1.4,86.8,0.3,,Survation_VI_2026-08-13_Tables.xlsx,Tables
UK Adults,,,,,,,historic_vote,LD,"Table_V2_1. If there were a general election tomorrow, and there were candidates from all political parties standing in your constituency, for which party would you vote?",Voting intention (Westminster),general election tomorrow,Conservative,Labour,Liberal Democrats,Green Party,Scottish National Party (SNP),Plaid Cymru,Restore Britain,Reform UK,Other,,9.8,10.8,62.8,3.6,,,1.6,3.8,,,Survation_VI_2026-08-13_Tables.xlsx,Tables
UK Adults,,,,,,,historic_vote,GRN,"Table_V2_1. If there were a general election tomorrow, and there were candidates from all political parties standing in your constituency, for which party would you vote?",Voting intention (Westminster),general election tomorrow,Conservative,Labour,Liberal Democrats,Green Party,Scottish National Party (SNP),Plaid Cymru,Restore Britain,Reform UK,Other,,0.7,9.3,2.3,69.3,,1.1,1.1,5.9,3.1,,Survation_VI_2026-08-13_Tables.xlsx,Tables
UK Adults,,,,,,,historic_vote,OTH,"Table_V2_1. If there were a general election tomorrow, and there were candidates from all political parties standing in your constituency, for which party would you vote?",Voting intention (Westminster),general election tomorrow,Conservative,Labour,Liberal Democrats,Green Party,Scottish National Party (SNP),Plaid Cymru,Restore Britain,Reform UK,Other,,1.9,0.3,0.5,3.5,24.0,14.8,6.3,1.7,39.5,,Survation_VI_2026-08-13_Tables.xlsx,Tables
UK Adults,,,,,,,historic_vote,Leave,"Table_V2_1. If there were a general election tomorrow, and there were candidates from all political parties standing in your constituency, for which party would you vote?",Voting intention (Westminster),general election tomorrow,Conservative,Labour,Liberal Democrats,Green Party,Scottish National Party (SNP),Plaid Cymru,Restore Britain,Reform UK,Other,,21.8,14.5,5.7,2.9,1.9,0.5,2.7,38.3,1.9,,Survation_VI_2026-08-13_Tables.xlsx,Tables
UK Adults,,,,,,,historic_vote,Remain,"Table_V2_1. If there were a general election tomorrow, and there were candidates from all political parties standing in your constituency, for which party would you vote?",Voting intention (Westminster),general election tomorrow,Conservative,Labour,Liberal Democrats,Green Party,Scottish National Party (SNP),Plaid Cymru,Restore Britain,Reform UK,Other,,15.4,30.9,16.1,8.8,4.5,1.7,0.1,9.7,5.9,,Survation_VI_2026-08-13_Tables.xlsx,Tables
UK Adults,,,,,,,current_vote,LAB,"Table_V2_1. If there were a general election tomorrow, and there were candidates from all political parties standing in your constituency, for which party would you vote?",Voting intention (Westminster),general election tomorrow,Conservative,Labour,Liberal Democrats,Green Party,Scottish National Party (SNP),Plaid Cymru,Restore Britain,Reform UK,Other,,,,,,,,,,,,Survation_VI_2026-08-13_Tables.xlsx,Tables
UK Adults,,,,,,,current_vote,CON,"Table_V2_1. If there were a general election tomorrow, and there were candidates from all political parties standing in your constituency, for which party would you vote?",Voting intention (Westminster),general election tomorrow,Conservative,Labour,Liberal Democrats,Green Party,Scottish National Party (SNP),Plaid Cymru,Restore Britain,Reform UK,Other,,,,,,,,,,,,Survation_VI_2026-08-13_Tables.xlsx,Tables
UK Adults,,,,,,,current_vote,RFM,"Table_V2_1. If there were a general election tomorrow, and there were candidates from all political parties standing in your constituency, for which party would you vote?",Voting intention (Westminster),general election tomorrow,Conservative,Labour,Liberal Democrats,Green Party,Scottish National Party (SNP),Plaid Cymru,Restore Britain,Reform UK,Other,,,,,,,,,,,,Survation_VI_2026-08-13_Tables.xlsx,Tables
UK Adults,,,,,,,current_vote,LD,"Table_V2_1. If there were a general election tomorrow, and there were candidates from all political parties standing in your constituency, for which party would you vote?",Voting intention (Westminster),general election tomorrow,Conservative,Labour,Liberal Democrats,Green Party,Scottish National Party (SNP),Plaid Cymru,Restore Britain,Reform UK,Other,,,,,,,,,,,,Survation_VI_2026-08-13_Tables.xlsx,Tables
UK Adults,,,,,,,current_vote,GRN,"Table_V2_1. If there were a general election tomorrow, and there were candidates from all political parties standing in your constituency, for which party would you vote?",Voting intention (Westminster),general election tomorrow,Conservative,Labour,Liberal Democrats,Green Party,Scottish National Party (SNP),Plaid Cymru,Restore Britain,Reform UK,Other,,,,,,,,,,,,Survation_VI_2026-08-13_Tables.xlsx,Tables
UK Adults,,,,,,,current_vote,OTH,"Table_V2_1. If there were a general election tomorrow, and there were candidates from all political parties standing in your constituency, for which party would you vote?",Voting intention (Westminster),general election tomorrow,Conservative,Labour,Liberal Democrats,Green Party,Scottish National Party (SNP),Plaid Cymru,Restore Britain,Reform UK,Other,,,,,,25.9,16.9,19.2,,38.1,,Survation_VI_2026-08-13_Tables.xlsx,Tables
UK Adults,,,,,,,gender,Female,"Table_V2_2. If there were a general election tomorrow, and there were candidates from all political parties standing in your constituency, for which party would you vote?",Voting intention (Westminster),general election tomorrow,Conservative,Labour,Liberal Democrats,Green Party,Scottish National Party (SNP),Plaid Cymru,Restore Britain,Reform UK,Other,,18.0,23.4,8.7,11.8,2.5,1.1,1.6,20.3,1.9,,Survation_VI_2026-08-13_Tables.xlsx,Tables
UK Adults,,,,,,,gender,Male,"Table_V2_2. If there were a general election tomorrow, and there were candidates from all political parties standing in your constituency, for which party would you vote?",Voting intention (Westminster),general election tomorrow,Conservative,Labour,Liberal Democrats,Green Party,Scottish National Party (SNP),Plaid Cymru,Restore Britain,Reform UK,Other,,15.9,22.3,10.9,5.5,2.6,1.6,1.9,27.7,5.3,,Survation_VI_2026-08-13_Tables.xlsx,Tables
UK Adults,,,,,,,age,18-24,"Table_V2_2. If there were a general election tomorrow, and there were candidates from all political parties standing in your constituency, for which party would you vote?",Voting intention (Westminster),general election tomorrow,Conservative,Labour,Liberal Democrats,Green Party,Scottish National Party (SNP),Plaid Cymru,Restore Britain,Reform UK,Other,,8.2,24.1,11.0,25.3,,4.9,0.4,15.7,2.9,,Survation_VI_2026-08-13_Tables.xlsx,Tables
UK Adults,,,,,,,age,25-34,"Table_V2_2. If there were a general election tomorrow, and there were candidates from all political parties standing in your constituency, for which party would you vote?",Voting intention (Westminster),general election tomorrow,Conservative,Labour,Liberal Democrats,Green Party,Scottish National Party (SNP),Plaid Cymru,Restore Britain,Reform UK,Other,,9.5,30.2,7.6,18.2,1.6,1.0,0.9,20.8,4.2,,Survation_VI_2026-08-13_Tables.xlsx,Tables
UK Adults,,,,,,,age,35-44,"Table_V2_2. If there were a general election tomorrow, and there were candidates from all political parties standing in your constituency, for which party would you vote?",Voting intention (Westminster),general election tomorrow,Conservative,Labour,Liberal Democrats,Green Party,Scottish National Party (SNP),Plaid Cymru,Restore Britain,Reform UK,Other,,12.2,32.0,11.1,9.3,1.4,1.3,2.4,20.8,1.8,,Survation_VI_2026-08-13_Tables.xlsx,Tables
UK Adults,,,,,,,age,45-54,"Table_V2_2. If there were a general election tomorrow, and there were candidates from all political parties standing in your constituency, for which party would you vote?",Voting intention (Westminster),general election tomorrow,Conservative,Labour,Liberal Democrats,Green Party,Scottish National Party (SNP),Plaid Cymru,Restore Britain,Reform UK,Other,,17.6,23.1,8.0,4.4,2.0,1.0,3.4,24.5,4.7,,Survation_VI_2026-08-13_Tables.xlsx,Tables
UK Adults,,,,,,,age,55-64,"Table_V2_2. If there were a general election tomorrow, and there were candidates from all political parties standing in your constituency, for which party would you vote?",Voting intention (Westminster),general election tomorrow,Conservative,Labour,Liberal Democrats,Green Party,Scottish National Party (SNP),Plaid Cymru,Restore Britain,Reform UK,Other,,16.9,19.8,10.3,6.3,3.4,1.1,2.7,26.2,3.5,,Survation_VI_2026-08-13_Tables.xlsx,Tables
UK Adults,,,,,,,age,65+,"Table_V2_2. If there were a general election tomorrow, and there were candidates from all political parties standing in your constituency, for which party would you vote?",Voting intention (Westminster),general election tomorrow,Conservative,Labour,Liberal Democrats,Green Party,Scottish National Party (SNP),Plaid Cymru,Restore Britain,Reform UK,Other,,26.1,15.1,10.8,1.5,4.4,0.9,0.8,28.5,3.8,,Survation_VI_2026-08-13_Tables.xlsx,Tables
UK Adults,,,,,,,region,London,"Table_V2_2. If there were a general election tomorrow, and there were candidates from all political parties standing in your constituency, for which party would you vote?",Voting intention (Westminster),general election tomorrow,Conservative,Labour,Liberal Democrats,Green Party,Scottish National Party (SNP),Plaid Cymru,Restore Britain,Reform UK,Other,,21.0,24.7,10.9,12.3,,,3.5,18.8,0.9,,Survation_VI_2026-08-13_Tables.xlsx,Tables
UK Adults,,,,,,,region,South,"Table_V2_2. If there were a general election tomorrow, and there were candidates from all political parties standing in your constituency, for which party would you vote?",Voting intention (Westminster),general election tomorrow,Conservative,Labour,Liberal Democrats,Green Party,Scottish National Party (SNP),Plaid Cymru,Restore Britain,Reform UK,Other,,21.7,18.0,12.5,7.7,,,1.7,28.6,0.5,,Survation_VI_2026-08-13_Tables.xlsx,Tables
UK Adults,,,,,,,region,Midlands,"Table_V2_2. If there were a general election tomorrow, and there were candidates from all political parties standing in your constituency, for which party would you vote?",Voting intention (Westminster),general election tomorrow,Conservative,Labour,Liberal Democrats,Green Party,Scottish National Party (SNP),Plaid Cymru,Restore Britain,Reform UK,Other,,20.0,24.5,11.4,8.9,,,1.2,22.8,2.2,,Survation_VI_2026-08-13_Tables.xlsx,Tables
UK Adults,,,,,,,region,North,"Table_V2_2. If there were a general election tomorrow, and there were candidates from all political parties standing in your constituency, for which party would you vote?",Voting intention (Westminster),general election tomorrow,Conservative,Labour,Liberal Democrats,Green Party,Scottish National Party (SNP),Plaid Cymru,Restore Britain,Reform UK,Other,,12.3,33.5,6.4,10.8,,,0.4,28.6,,,Survation_VI_2026-08-13_Tables.xlsx,Tables
UK Adults,,,,,,,region,England,"Table_V2_2. If there were a general election tomorrow, and there were candidates from all political parties standing in your constituency, for which party would you vote?",Voting intention (Westminster),general election tomorrow,Conservative,Labour,Liberal Democrats,Green Party,Scottish National Party (SNP),Plaid Cymru,Restore Britain,Reform UK,Other,,18.7,24.5,10.4,9.5,,,1.6,25.9,0.7,,Survation_VI_2026-08-13_Tables.xlsx,Tables
UK Adults,,,,,,,region,Scotland,"Table_V2_2. If there were a general election tomorrow, and there were candidates from all political parties standing in your constituency, for which party would you vote?",Voting intention (Westminster),general election tomorrow,Conservative,Labour,Liberal Democrats,Green Party,Scottish National Party (SNP),Plaid Cymru,Restore Britain,Reform UK,Other,,11.2,18.9,8.4,4.9,29.8,,3.9,13.5,,,Survation_VI_2026-08-13_Tables.xlsx,Tables
UK Adults,,,,,,,region,Wales,"Table_V2_2. If there were a general election tomorrow, and there were candidates from all political parties standing in your constituency, for which party would you vote?",Voting intention (Westminster),general election tomorrow,Conservative,Labour,Liberal Democrats,Green Party,Scottish National Party (SNP),Plaid Cymru,Restore Britain,Reform UK,Other,,6.5,16.3,8.0,5.9,,29.4,2.8,24.0,1.7,,Survation_VI_2026-08-13_Tables.xlsx,Tables
UK Adults,,,,,,,region,Northern Ireland,"Table_V2_2. If there were a general election tomorrow, and there were candidates from all political parties standing in your constituency, for which party would you vote?",Voting intention (Westminster),general election tomorrow,Conservative,Labour,Liberal Democrats,Green Party,Scottish National Party (SNP),Plaid Cymru,Restore Britain,Reform UK,Other,,,,,,,,,,92.8,,Survation_VI_2026-08-13_Tables.xlsx,Tables
UK Adults,,,,,,,class,ABC1,"Table_V2_2. If there were a general election tomorrow, and there were candidates from all political parties standing in your constituency, for which party would you vote?",Voting intention (Westminster),general election tomorrow,Conservative,Labour,Liberal Democrats,Green Party,Scottish National Party (SNP),Plaid Cymru,Restore Britain,Reform UK,Other,,17.5,26.3,11.4,9.2,1.8,1.9,1.4,19.2,4.0,,Survation_VI_2026-08-13_Tables.xlsx,Tables
UK Adults,,,,,,,class,C2DE,"Table_V2_2. If there were a general election tomorrow, and there were candidates from all political parties standing in your constituency, for which party would you vote?",Voting intention (Westminster),general election tomorrow,Conservative,Labour,Liberal Democrats,Green Party,Scottish National Party (SNP),Plaid Cymru,Restore Britain,Reform UK,Other,,16.2,18.5,7.7,8.0,3.5,0.7,2.2,30.1,3.0,,Survation_VI_2026-08-13_Tables.xlsx,Tables
UK Adults,,,,,,,income,"£0 - £19,999","Table_V2_2. If there were a general election tomorrow, and there were candidates from all political parties standing in your constituency, for which party would you vote?",Voting intention (Westminster),general election tomorrow,Conservative,Labour,Liberal Democrats,Green Party,Scottish National Party (SNP),Plaid Cymru,Restore Britain,Reform UK,Other,,14.3,21.9,4.0,11.6,3.8,2.3,1.8,23.3,3.1,,Survation_VI_2026-08-13_Tables.xlsx,Tables
UK Adults,,,,,,,income,"£20,000 - £39,999","Table_V2_2. If there were a general election tomorrow, and there were candidates from all political parties standing in your constituency, for which party would you vote?",Voting intention (Westminster),general election tomorrow,Conservative,Labour,Liberal Democrats,Green Party,Scottish National Party (SNP),Plaid Cymru,Restore Britain,Reform UK,Other,,17.5,22.3,8.9,8.2,2.5,1.3,1.8,26.1,3.1,,Survation_VI_2026-08-13_Tables.xlsx,Tables
UK Adults,,,,,,,income,"£40,000+","Table_V2_2. If there were a general election tomorrow, and there were candidates from all political parties standing in your constituency, for which party would you vote?",Voting intention (Westminster),general election tomorrow,Conservative,Labour,Liberal Democrats,Green Party,Scottish National Party (SNP),Plaid Cymru,Restore Britain,Reform UK,Other,,17.5,23.9,13.3,7.8,2.1,1.0,1.8,22.1,4.3,,Survation_VI_2026-08-13_Tables.xlsx,Tables
UK Adults,,,,,,,historic_vote,LAB,"Table_V2_2. If there were a general election tomorrow, and there were candidates from all political parties standing in your constituency, for which party would you vote?",Voting intention (Westminster),general election tomorrow,Conservative,Labour,Liberal Democrats,Green Party,Scottish National Party (SNP),Plaid Cymru,Restore Britain,Reform UK,Other,,4.1,60.3,6.1,7.2,1.3,0.8,0.6,11.6,0.3,,Survation_VI_2026-08-13_Tables.xlsx,Tables
UK Adults,,,,,,,historic_vote,CON,"Table_V2_2. If there were a general election tomorrow, and there were candidates from all political parties standing in your constituency, for which party would you vote?",Voting intention (Westminster),general election tomorrow,Conservative,Labour,Liberal Democrats,Green Party,Scottish National Party (SNP),Plaid Cymru,Restore Britain,Reform UK,Other,,62.8,3.6,1.8,0.6,0.6,,0.6,23.2,,,Survation_VI_2026-08-13_Tables.xlsx,Tables
UK Adults,,,,,,,historic_vote,RFM,"Table_V2_2. If there were a general election tomorrow, and there were candidates from all political parties standing in your constituency, for which party would you vote?",Voting intention (Westminster),general election tomorrow,Conservative,Labour,Liberal Democrats,Green Party,Scottish National Party (SNP),Plaid Cymru,Restore Britain,Reform UK,Other,,3.1,1.5,0.2,1.0,,0.3,1.4,87.8,0.2,,Survation_VI_2026-08-13_Tables.xlsx,Tables
UK Adults,,,,,,,historic_vote,LD,"Table_V2_2. If there were a general election tomorrow, and there were candidates from all political parties standing in your constituency, for which party would you vote?",Voting intention (Westminster),general election tomorrow,Conservative,Labour,Liberal Democrats,Green Party,Scottish National Party (SNP),Plaid Cymru,Restore Britain,Reform UK,Other,,10.2,10.4,62.7,3.9,,,1.7,3.9,,,Survation_VI_2026-08-13_Tables.xlsx,Tables
UK Adults,,,,,,,historic_vote,GRN,"Table_V2_2. If there were a general election tomorrow, and there were candidates from all political parties standing in your constituency, for which party would you vote?",Voting intention (Westminster),general election tomorrow,Conservative,Labour,Liberal Democrats,Green Party,Scottish National Party (SNP),Plaid Cymru,Restore Britain,Reform UK,Other,,0.8,9.1,2.7,69.0,,0.2,1.3,6.7,3.5,,Survation_VI_2026-08-13_Tables.xlsx,Tables
UK Adults,,,,,,,historic_vote,OTH,"Table_V2_2. If there were a general election tomorrow, and there were candidates from all political parties standing in your constituency, for which party would you vote?",Voting intention (Westminster),general election tomorrow,Conservative,Labour,Liberal Democrats,Green Party,Scottish National Party (SNP),Plaid Cymru,Restore Britain,Reform UK,Other,,1.8,0.3,0.5,3.3,25.4,13.8,6.2,1.9,39.5,,Survation_VI_2026-08-13_Tables.xlsx,Tables
UK Adults,,,,,,,historic_vote,Leave,"Table_V2_2. If there were a general election tomorrow, and there were candidates from all political parties standing in your constituency, for which party would you vote?",Voting intention (Westminster),general election tomorrow,Conservative,Labour,Liberal Democrats,Green Party,Scottish National Party (SNP),Plaid Cymru,Restore Britain,Reform UK,Other,,22.2,14.4,5.3,2.9,2.0,0.4,2.6,40.0,2.0,,Survation_VI_2026-08-13_Tables.xlsx,Tables
UK Adults,,,,,,,historic_vote,Remain,"Table_V2_2. If there were a general election tomorrow, and there were candidates from all political parties standing in your constituency, for which party would you vote?",Voting intention (Westminster),general election tomorrow,Conservative,Labour,Liberal Democrats,Green Party,Scottish National Party (SNP),Plaid Cymru,Restore Britain,Reform UK,Other,,15.7,31.0,16.1,8.7,4.6,1.7,0.1,9.7,6.1,,Survation_VI_2026-08-13_Tables.xlsx,Tables
UK Adults,,,,,,,current_vote,LAB,"Table_V2_2. If there were a general election tomorrow, and there were candidates from all political parties standing in your constituency, for which party would you vote?",Voting intention (Westminster),general election tomorrow,Conservative,Labour,Liberal Democrats,Green Party,Scottish National Party (SNP),Plaid Cymru,Restore Britain,Reform UK,Other,,,,,,,,,,,,Survation_VI_2026-08-13_Tables.xlsx,Tables
UK Adults,,,,,,,current_vote,CON,"Table_V2_2. If there were a general election tomorrow, and there were candidates from all political parties standing in your constituency, for which party would you vote?",Voting intention (Westminster),general election tomorrow,Conservative,Labour,Liberal Democrats,Green Party,Scottish National Party (SNP),Plaid Cymru,Restore Britain,Reform UK,Other,,,,,,,,,,,,Survation_VI_2026-08-13_Tables.xlsx,Tables
UK Adults,,,,,,,current_vote,RFM,"Table_V2_2. If there were a general election tomorrow, and there were candidates from all political parties standing in your constituency, for which party would you vote?",Voting intention (Westminster),general election tomorrow,Conservative,Labour,Liberal Democrats,Green Party,Scottish National Party (SNP),Plaid Cymru,Restore Britain,Reform UK,Other,,,,,,,,,,,,Survation_VI_2026-08-13_Tables.xlsx,Tables
UK Adults,,,,,,,current_vote,LD,"Table_V2_2. If there were a general election tomorrow, and there were candidates from all political parties standing in your constituency, for which party would you vote?",Voting intention (Westminster),general election tomorrow,Conservative,Labour,Liberal Democrats,Green Party,Scottish National Party (SNP),Plaid Cymru,Restore Britain,Reform UK,Other,,,,,,,,,,,,Survation_VI_2026-08-13_Tables.xlsx,Tables
UK Adults,,,,,,,current_vote,GRN,"Table_V2_2. If there were a general election tomorrow, and there were candidates from all political parties standing in your constituency, for which party would you vote?",Voting intention (Westminster),general election tomorrow,Conservative,Labour,Liberal Democrats,Green Party,Scottish National Party (SNP),Plaid Cymru,Restore Britain,Reform UK,Other,,,,,,,,,,,,Survation_VI_2026-08-13_Tables.xlsx,Tables
UK Adults,,,,,,,current_vote,OTH,"Table_V2_2. If there were a general election tomorrow, and there were candidates from all political parties standing in your constituency, for which party would you vote?",Voting intention (Westminster),general election tomorrow,Conservative,Labour,Liberal Democrats,Green Party,Scottish National Party (SNP),Plaid Cymru,Restore Britain,Reform UK,Other,,,,,,27.6,14.8,19.1,,38.5,,Survation_VI_2026-08-13_Tables.xlsx,Tables
UK Adults,,,,,,,gender,Female,"Table_V2. If there were a general election tomorrow, and there were candidates from all political parties standing in your constituency, for which party would you vote?",Voting intention (Westminster),general election tomorrow,Conservative,Labour,Liberal Democrats,Green Party,Scottish National Party (SNP),Plaid Cymru,Restore Britain,Reform UK,Other,,20.1,26.2,9.7,13.2,2.8,1.3,1.8,22.8,2.1,,Survation_VI_2026-08-13_Tables.xlsx,Tables
UK Adults,,,,,,,gender,Male,"Table_V2. If there were a general election tomorrow, and there were candidates from all political parties standing in your constituency, for which party would you vote?",Voting intention (Westminster),general election tomorrow,Conservative,Labour,Liberal Democrats,Green Party,Scottish National Party (SNP),Plaid Cymru,Restore Britain,Reform UK,Other,,16.9,23.8,11.6,5.9,2.8,1.7,2.1,29.5,5.6,,Survation_VI_2026-08-13_Tables.xlsx,Tables
UK Adults,,,,,,,age,18-24,"Table_V2. If there were a general election tomorrow, and there were candidates from all political parties standing in your constituency, for which party would you vote?",Voting intention (Westminster),general election tomorrow,Conservative,Labour,Liberal Democrats,Green Party,Scottish National Party (SNP),Plaid Cymru,Restore Britain,Reform UK,Other,,8.8,26.1,11.9,27.4,,5.3,0.5,17.0,3.1,,Survation_VI_2026-08-13_Tables.xlsx,Tables
UK Adults,,,,,,,age,25-34,"Table_V2. If there were a general election tomorrow, and there were candidates from all political parties standing in your constituency, for which party would you vote?",Voting intention (Westminster),general election tomorrow,Conservative,Labour,Liberal Democrats,Green Party,Scottish National Party (SNP),Plaid Cymru,Restore Britain,Reform UK,Other,,10.2,32.1,8.1,19.4,1.7,1.1,0.9,22.2,4.4,,Survation_VI_2026-08-13_Tables.xlsx,Tables
UK Adults,,,,,,,age,35-44,"Table_V2. If there were a general election tomorrow, and there were candidates from all political parties standing in your constituency, for which party would you vote?",Voting intention (Westminster),general election tomorrow,Conservative,Labour,Liberal Democrats,Green Party,Scottish National Party (SNP),Plaid Cymru,Restore Britain,Reform UK,Other,,13.2,34.7,12.0,10.1,1.5,1.4,2.6,22.5,1.9,,Survation_VI_2026-08-13_Tables.xlsx,Tables
UK Adults,,,,,,,age,45-54,"Table_V2. If there were a general election tomorrow, and there were candidates from all political parties standing in your constituency, for which party would you vote?",Voting intention (Westminster),general election tomorrow,Conservative,Labour,Liberal Democrats,Green Party,Scottish National Party (SNP),Plaid Cymru,Restore Britain,Reform UK,Other,,19.9,26.0,9.0,5.0,2.2,1.1,3.9,27.6,5.3,,Survation_VI_2026-08-13_Tables.xlsx,Tables
UK Adults,,,,,,,age,55-64,"Table_V2. If there were a general election tomorrow, and there were candidates from all political parties standing in your constituency, for which party would you vote?",Voting intention (Westminster),general election tomorrow,Conservative,Labour,Liberal Democrats,Green Party,Scottish National Party (SNP),Plaid Cymru,Restore Britain,Reform UK,Other,,18.7,21.9,11.4,7.0,3.8,1.2,3.0,29.0,3.9,,Survation_VI_2026-08-13_Tables.xlsx,Tables
UK Adults,,,,,,,age,65+,"Table_V2. If there were a general election tomorrow, and there were candidates from all political parties standing in your constituency, for which party would you vote?",Voting intention (Westminster),general election tomorrow,Conservative,Labour,Liberal Democrats,Green Party,Scottish National Party (SNP),Plaid Cymru,Restore Britain,Reform UK,Other,,28.4,16.4,11.7,1.6,4.8,1.0,0.9,31.0,4.1,,Survation_VI_2026-08-13_Tables.xlsx,Tables
UK Adults,,,,,,,region,London,"Table_V2. If there were a general election tomorrow, and there were candidates from all political parties standing in your constituency, for which party would you vote?",Voting intention (Westminster),general election tomorrow,Conservative,Labour,Liberal Democrats,Green Party,Scottish National Party (SNP),Plaid Cymru,Restore Britain,Reform UK,Other,,22.8,26.8,11.9,13.4,,,3.8,20.4,0.9,,Survation_VI_2026-08-13_Tables.xlsx,Tables
UK Adults,,,,,,,region,South,"Table_V2. If there were a general election tomorrow, and there were candidates from all political parties standing in your constituency, for which party would you vote?",Voting intention (Westminster),general election tomorrow,Conservative,Labour,Liberal Democrats,Green Party,Scottish National Party (SNP),Plaid Cymru,Restore Britain,Reform UK,Other,,23.9,19.8,13.8,8.5,,,1.9,31.5,0.5,,Survation_VI_2026-08-13_Tables.xlsx,Tables
UK Adults,,,,,,,region,Midlands,"Table_V2. If there were a general election tomorrow, and there were candidates from all political parties standing in your constituency, for which party would you vote?",Voting intention (Westminster),general election tomorrow,Conservative,Labour,Liberal Democrats,Green Party,Scottish National Party (SNP),Plaid Cymru,Restore Britain,Reform UK,Other,,22.0,26.9,12.6,9.8,,,1.3,25.1,2.4,,Survation_VI_2026-08-13_Tables.xlsx,Tables
UK Adults,,,,,,,region,North,"Table_V2. If there were a general election tomorrow, and there were candidates from all political parties standing in your constituency, for which party would you vote?",Voting intention (Westminster),general election tomorrow,Conservative,Labour,Liberal Democrats,Green Party,Scottish National Party (SNP),Plaid Cymru,Restore Britain,Reform UK,Other,,13.4,36.4,6.9,11.7,,,0.5,31.1,,,Survation_VI_2026-08-13_Tables.xlsx,Tables
UK Adults,,,,,,,region,England,"Table_V2. If there were a general election tomorrow, and there were candidates from all political parties standing in your constituency, for which party would you vote?",Voting intention (Westminster),general election tomorrow,Conservative,Labour,Liberal Democrats,Green Party,Scottish National Party (SNP),Plaid Cymru,Restore Britain,Reform UK,Other,,20.5,26.8,11.4,10.4,,,1.7,28.4,0.8,,Survation_VI_2026-08-13_Tables.xlsx,Tables
UK Adults,,,,,,,region,Scotland,"Table_V2. If there were a general election tomorrow, and there were candidates from all political parties standing in your constituency, for which party would you vote?",Voting intention (Westminster),general election tomorrow,Conservative,Labour,Liberal Democrats,Green Party,Scottish National Party (SNP),Plaid Cymru,Restore Britain,Reform UK,Other,,12.4,20.9,9.2,5.4,33.0,,4.3,14.9,,,Survation_VI_2026-08-13_Tables.xlsx,Tables
UK Adults,,,,,,,region,Wales,"Table_V2. If there were a general election tomorrow, and there were candidates from all political parties standing in your constituency, for which party would you vote?",Voting intention (Westminster),general election tomorrow,Conservative,Labour,Liberal Democrats,Green Party,Scottish National Party (SNP),Plaid Cymru,Restore Britain,Reform UK,Other,,6.9,17.2,8.4,6.2,,31.1,3.0,25.4,1.8,,Survation_VI_2026-08-13_Tables.xlsx,Tables
UK Adults,,,,,,,region,Northern Ireland,"Table_V2. If there were a general election tomorrow, and there were candidates from all political parties standing in your constituency, for which party would you vote?",Voting intention (Westminster),general election tomorrow,Conservative,Labour,Liberal Democrats,Green Party,Scottish National Party (SNP),Plaid Cymru,Restore Britain,Reform UK,Other,,,,,,,,,,,,Survation_VI_2026-08-13_Tables.xlsx,Tables
UK Adults,,,,,,,class,ABC1,"Table_V2. If there were a general election tomorrow, and there were candidates from all political parties standing in your constituency, for which party would you vote?",Voting intention (Westminster),general election tomorrow,Conservative,Labour,Liberal Democrats,Green Party,Scottish National Party (SNP),Plaid Cymru,Restore Britain,Reform UK,Other,,18.9,28.4,12.3,9.9,1.9,2.1,1.5,20.7,4.3,,Survation_VI_2026-08-13_Tables.xlsx,Tables
UK Adults,,,,,,,class,C2DE,"Table_V2. If there were a general election tomorrow, and there were candidates from all political parties standing in your constituency, for which party would you vote?",Voting intention (Westminster),general election tomorrow,Conservative,Labour,Liberal Democrats,Green Party,Scottish National Party (SNP),Plaid Cymru,Restore Britain,Reform UK,Other,,18.0,20.6,8.6,8.9,3.9,0.8,2.5,33.4,3.3,,Survation_VI_2026-08-13_Tables.xlsx,Tables
UK Adults,,,,,,,income,"£0 - £19,999","Table_V2. If there were a general election tomorrow, and there were candidates from all political parties standing in your constituency, for which party would you vote?",Voting intention (Westminster),general election tomorrow,Conservative,Labour,Liberal Democrats,Green Party,Scottish National Party (SNP),Plaid Cymru,Restore Britain,Reform UK,Other,,16.6,25.5,4.7,13.5,4.3,2.7,2.1,27.1,3.5,,Survation_VI_2026-08-13_Tables.xlsx,Tables
UK Adults,,,,,,,income,"£20,000 - £39,999","Table_V2. If there were a general election tomorrow, and there were candidates from all political parties standing in your constituency, for which party would you vote?",Voting intention (Westminster),general election tomorrow,Conservative,Labour,Liberal Democrats,Green Party,Scottish National Party (SNP),Plaid Cymru,Restore Britain,Reform UK,Other,,19.1,24.3,9.7,8.9,2.8,1.4,1.9,28.5,3.4,,Survation_VI_2026-08-13_Tables.xlsx,Tables
UK Adults,,,,,,,income,"£40,000+","Table_V2. If there were a general election tomorrow, and there were candidates from all political parties standing in your constituency, for which party would you vote?",Voting intention (Westminster),general election tomorrow,Conservative,Labour,Liberal Democrats,Green Party,Scottish National Party (SNP),Plaid Cymru,Restore Britain,Reform UK,Other,,18.7,25.5,14.2,8.3,2.2,1.1,1.9,23.6,4.5,,Survation_VI_2026-08-13_Tables.xlsx,Tables
UK Adults,,,,,,,historic_vote,LAB,"Table_V2. If there were a general election tomorrow, and there were candidates from all political parties standing in your constituency, for which party would you vote?",Voting intention (Westminster),general election tomorrow,Conservative,Labour,Liberal Democrats,Green Party,Scottish National Party (SNP),Plaid Cymru,Restore Britain,Reform UK,Other,,4.4,65.4,6.6,7.8,1.5,0.8,0.6,12.6,0.3,,Survation_VI_2026-08-13_Tables.xlsx,Tables
UK Adults,,,,,,,historic_vote,CON,"Table_V2. If there were a general election tomorrow, and there were candidates from all political parties standing in your constituency, for which party would you vote?",Voting intention (Westminster),general election tomorrow,Conservative,Labour,Liberal Democrats,Green Party,Scottish National Party (SNP),Plaid Cymru,Restore Britain,Reform UK,Other,,67.4,3.8,1.9,0.7,0.7,,0.7,24.9,,,Survation_VI_2026-08-13_Tables.xlsx,Tables
UK Adults,,,,,,,historic_vote,RFM,"Table_V2. If there were a general election tomorrow, and there were candidates from all political parties standing in your constituency, for which party would you vote?",Voting intention (Westminster),general election tomorrow,Conservative,Labour,Liberal Democrats,Green Party,Scottish National Party (SNP),Plaid Cymru,Restore Britain,Reform UK,Other,,3.3,1.5,0.2,1.1,,0.3,1.5,91.9,0.3,,Survation_VI_2026-08-13_Tables.xlsx,Tables
UK Adults,,,,,,,historic_vote,LD,"Table_V2. If there were a general election tomorrow, and there were candidates from all political parties standing in your constituency, for which party would you vote?",Voting intention (Westminster),general election tomorrow,Conservative,Labour,Liberal Democrats,Green Party,Scottish National Party (SNP),Plaid Cymru,Restore Britain,Reform UK,Other,,11.0,11.2,67.6,4.2,,,1.8,4.2,,,Survation_VI_2026-08-13_Tables.xlsx,Tables
UK Adults,,,,,,,historic_vote,GRN,"Table_V2. If there were a general election tomorrow, and there were candidates from all political parties standing in your constituency, for which party would you vote?",Voting intention (Westminster),general election tomorrow,Conservative,Labour,Liberal Democrats,Green Party,Scottish National Party (SNP),Plaid Cymru,Restore Britain,Reform UK,Other,,0.8,9.8,2.9,73.9,,0.3,1.4,7.2,3.8,,Survation_VI_2026-08-13_Tables.xlsx,Tables
UK Adults,,,,,,,historic_vote,OTH,"Table_V2. If there were a general election tomorrow, and there were candidates from all political parties standing in your constituency, for which party would you vote?",Voting intention (Westminster),general election tomorrow,Conservative,Labour,Liberal Democrats,Green Party,Scottish National Party (SNP),Plaid Cymru,Restore Britain,Reform UK,Other,,2.0,0.3,0.6,3.5,27.5,14.9,6.7,2.1,42.6,,Survation_VI_2026-08-13_Tables.xlsx,Tables
UK Adults,,,,,,,historic_vote,Leave,"Table_V2. If there were a general election tomorrow, and there were candidates from all political parties standing in your constituency, for which party would you vote?",Voting intention (Westminster),general election tomorrow,Conservative,Labour,Liberal Democrats,Green Party,Scottish National Party (SNP),Plaid Cymru,Restore Britain,Reform UK,Other,,24.2,15.7,5.8,3.2,2.2,0.5,2.8,43.5,2.2,,Survation_VI_2026-08-13_Tables.xlsx,Tables
UK Adults,,,,,,,historic_vote,Remain,"Table_V2. If there were a general election tomorrow, and there were candidates from all political parties standing in your constituency, for which party would you vote?",Voting intention (Westminster),general election tomorrow,Conservative,Labour,Liberal Democrats,Green Party,Scottish National Party (SNP),Plaid Cymru,Restore Britain,Reform UK,Other,,16.8,33.1,17.2,9.3,4.9,1.8,0.1,10.3,6.5,,Survation_VI_2026-08-13_Tables.xlsx,Tables
UK Adults,,,,,,,current_vote,LAB,"Table_V2. If there were a general election tomorrow, and there were candidates from all political parties standing in your constituency, for which party would you vote?",Voting intention (Westminster),general election tomorrow,Conservative,Labour,Liberal Democrats,Green Party,Scottish National Party (SNP),Plaid Cymru,Restore Britain,Reform UK,Other,,,,,,,,,,,,Survation_VI_2026-08-13_Tables.xlsx,Tables
UK Adults,,,,,,,current_vote,CON,"Table_V2. If there were a general election tomorrow, and there were candidates from all political parties standing in your constituency, for which party would you vote?",Voting intention (Westminster),general election tomorrow,Conservative,Labour,Liberal Democrats,Green Party,Scottish National Party (SNP),Plaid Cymru,Restore Britain,Reform UK,Other,,,,,,,,,,,,Survation_VI_2026-08-13_Tables.xlsx,Tables
UK Adults,,,,,,,current_vote,RFM,"Table_V2. If there were a general election tomorrow, and there were candidates from all political parties standing in your constituency, for which party would you vote?",Voting intention (Westminster),general election tomorrow,Conservative,Labour,Liberal Democrats,Green Party,Scottish National Party (SNP),Plaid Cymru,Restore Britain,Reform UK,Other,,,,,,,,,,,,Survation_VI_2026-08-13_Tables.xlsx,Tables
UK Adults,,,,,,,current_vote,LD,"Table_V2. If there were a general election tomorrow, and there were candidates from all political parties standing in your constituency, for which party would you vote?",Voting intention (Westminster),general election tomorrow,Conservative,Labour,Liberal Democrats,Green Party,Scottish National Party (SNP),Plaid Cymru,Restore Britain,Reform UK,Other,,,,,,,,,,,,Survation_VI_2026-08-13_Tables.xlsx,Tables
UK Adults,,,,,,,current_vote,GRN,"Table_V2. If there were a general election tomorrow, and there were candidates from all political parties standing in your constituency, for which party would you vote?",Voting intention (Westminster),general election tomorrow,Conservative,Labour,Liberal Democrats,Green Party,Scottish National Party (SNP),Plaid Cymru,Restore Britain,Reform UK,Other,,,,,,,,,,,,Survation_VI_2026-08-13_Tables.xlsx,Tables
UK Adults,,,,,,,current_vote,OTH,"Table_V2. If there were a general election tomorrow, and there were candidates from all political parties standing in your constituency, for which party would you vote?",Voting intention (Westminster),general election tomorrow,Conservative,Labour,Liberal Democrats,Green Party,Scottish National Party (SNP),Plaid Cymru,Restore Britain,Reform UK,Other,,,,,,27.6,14.8,19.1,,38.5,,Survation_VI_2026-08-13_Tables.xlsx,Tables
UK Adults,,,,,,,gender,Female,Table_KemiApp. Which of the following statements is closest to your view?,UNMATCHED,,Kemi Badenoch is doing well as a leader of the Conservative Party,Kemi Badenoch is not doing well as a leader of the Conservative Party,,,,,,,,,35.9,31.0,,,,,,,,,Survation_VI_2026-08-13_Tables.xlsx,Tables
UK Adults,,,,,,,gender,Male,Table_KemiApp. Which of the following statements is closest to your view?,UNMATCHED,,Kemi Badenoch is doing well as a leader of the Conservative Party,Kemi Badenoch is not doing well as a leader of the Conservative Party,,,,,,,,,39.1,40.2,,,,,,,,,Survation_VI_2026-08-13_Tables.xlsx,Tables
UK Adults,,,,,,,age,18-24,Table_KemiApp. Which of the following statements is closest to your view?,UNMATCHED,,Kemi Badenoch is doing well as a leader of the Conservative Party,Kemi Badenoch is not doing well as a leader of the Conservative Party,,,,,,,,,27.1,34.3,,,,,,,,,Survation_VI_2026-08-13_Tables.xlsx,Tables
UK Adults,,,,,,,age,25-34,Table_KemiApp. Which of the following statements is closest to your view?,UNMATCHED,,Kemi Badenoch is doing well as a leader of the Conservative Party,Kemi Badenoch is not doing well as a leader of the Conservative Party,,,,,,,,,29.3,40.7,,,,,,,,,Survation_VI_2026-08-13_Tables.xlsx,Tables
UK Adults,,,,,,,age,35-44,Table_KemiApp. Which of the following statements is closest to your view?,UNMATCHED,,Kemi Badenoch is doing well as a leader of the Conservative Party,Kemi Badenoch is not doing well as a leader of the Conservative Party,,,,,,,,,30.2,34.6,,,,,,,,,Survation_VI_2026-08-13_Tables.xlsx,Tables
UK Adults,,,,,,,age,45-54,Table_KemiApp. Which of the following statements is closest to your view?,UNMATCHED,,Kemi Badenoch is doing well as a leader of the Conservative Party,Kemi Badenoch is not doing well as a leader of the Conservative Party,,,,,,,,,35.0,38.0,,,,,,,,,Survation_VI_2026-08-13_Tables.xlsx,Tables
UK Adults,,,,,,,age,55-64,Table_KemiApp. Which of the following statements is closest to your view?,UNMATCHED,,Kemi Badenoch is doing well as a leader of the Conservative Party,Kemi Badenoch is not doing well as a leader of the Conservative Party,,,,,,,,,38.7,34.2,,,,,,,,,Survation_VI_2026-08-13_Tables.xlsx,Tables
UK Adults,,,,,,,age,65+,Table_KemiApp. Which of the following statements is closest to your view?,UNMATCHED,,Kemi Badenoch is doing well as a leader of the Conservative Party,Kemi Badenoch is not doing well as a leader of the Conservative Party,,,,,,,,,53.9,31.7,,,,,,,,,Survation_VI_2026-08-13_Tables.xlsx,Tables
UK Adults,,,,,,,region,London,Table_KemiApp. Which of the following statements is closest to your view?,UNMATCHED,,Kemi Badenoch is doing well as a leader of the Conservative Party,Kemi Badenoch is not doing well as a leader of the Conservative Party,,,,,,,,,41.4,37.4,,,,,,,,,Survation_VI_2026-08-13_Tables.xlsx,Tables
UK Adults,,,,,,,region,South,Table_KemiApp. Which of the following statements is closest to your view?,UNMATCHED,,Kemi Badenoch is doing well as a leader of the Conservative Party,Kemi Badenoch is not doing well as a leader of the Conservative Party,,,,,,,,,44.9,30.9,,,,,,,,,Survation_VI_2026-08-13_Tables.xlsx,Tables
UK Adults,,,,,,,region,Midlands,Table_KemiApp. Which of the following statements is closest to your view?,UNMATCHED,,Kemi Badenoch is doing well as a leader of the Conservative Party,Kemi Badenoch is not doing well as a leader of the Conservative Party,,,,,,,,,29.6,40.0,,,,,,,,,Survation_VI_2026-08-13_Tables.xlsx,Tables
UK Adults,,,,,,,region,North,Table_KemiApp. Which of the following statements is closest to your view?,UNMATCHED,,Kemi Badenoch is doing well as a leader of the Conservative Party,Kemi Badenoch is not doing well as a leader of the Conservative Party,,,,,,,,,37.5,34.4,,,,,,,,,Survation_VI_2026-08-13_Tables.xlsx,Tables
UK Adults,,,,,,,region,England,Table_KemiApp. Which of the following statements is closest to your view?,UNMATCHED,,Kemi Badenoch is doing well as a leader of the Conservative Party,Kemi Badenoch is not doing well as a leader of the Conservative Party,,,,,,,,,39.4,34.6,,,,,,,,,Survation_VI_2026-08-13_Tables.xlsx,Tables
UK Adults,,,,,,,region,Scotland,Table_KemiApp. Which of the following statements is closest to your view?,UNMATCHED,,Kemi Badenoch is doing well as a leader of the Conservative Party,Kemi Badenoch is not doing well as a leader of the Conservative Party,,,,,,,,,21.1,46.8,,,,,,,,,Survation_VI_2026-08-13_Tables.xlsx,Tables
UK Adults,,,,,,,region,Wales,Table_KemiApp. Which of the following statements is closest to your view?,UNMATCHED,,Kemi Badenoch is doing well as a leader of the Conservative Party,Kemi Badenoch is not doing well as a leader of the Conservative Party,,,,,,,,,33.9,30.5,,,,,,,,,Survation_VI_2026-08-13_Tables.xlsx,Tables
UK Adults,,,,,,,region,Northern Ireland,Table_KemiApp. Which of the following statements is closest to your view?,UNMATCHED,,Kemi Badenoch is doing well as a leader of the Conservative Party,Kemi Badenoch is not doing well as a leader of the Conservative Party,,,,,,,,,34.4,34.8,,,,,,,,,Survation_VI_2026-08-13_Tables.xlsx,Tables
UK Adults,,,,,,,class,ABC1,Table_KemiApp. Which of the following statements is closest to your view?,UNMATCHED,,Kemi Badenoch is doing well as a leader of the Conservative Party,Kemi Badenoch is not doing well as a leader of the Conservative Party,,,,,,,,,37.8,38.9,,,,,,,,,Survation_VI_2026-08-13_Tables.xlsx,Tables
UK Adults,,,,,,,class,C2DE,Table_KemiApp. Which of the following statements is closest to your view?,UNMATCHED,,Kemi Badenoch is doing well as a leader of the Conservative Party,Kemi Badenoch is not doing well as a leader of the Conservative Party,,,,,,,,,37.0,31.2,,,,,,,,,Survation_VI_2026-08-13_Tables.xlsx,Tables
UK Adults,,,,,,,income,"£0 - £19,999",Table_KemiApp. Which of the following statements is closest to your view?,UNMATCHED,,Kemi Badenoch is doing well as a leader of the Conservative Party,Kemi Badenoch is not doing well as a leader of the Conservative Party,,,,,,,,,29.0,33.4,,,,,,,,,Survation_VI_2026-08-13_Tables.xlsx,Tables
UK Adults,,,,,,,income,"£20,000 - £39,999",Table_KemiApp. Which of the following statements is closest to your view?,UNMATCHED,,Kemi Badenoch is doing well as a leader of the Conservative Party,Kemi Badenoch is not doing well as a leader of the Conservative Party,,,,,,,,,39.6,33.4,,,,,,,,,Survation_VI_2026-08-13_Tables.xlsx,Tables
UK Adults,,,,,,,income,"£40,000+",Table_KemiApp. Which of the following statements is closest to your view?,UNMATCHED,,Kemi Badenoch is doing well as a leader of the Conservative Party,Kemi Badenoch is not doing well as a leader of the Conservative Party,,,,,,,,,39.8,38.8,,,,,,,,,Survation_VI_2026-08-13_Tables.xlsx,Tables
UK Adults,,,,,,,historic_vote,LAB,Table_KemiApp. Which of the following statements is closest to your view?,UNMATCHED,,Kemi Badenoch is doing well as a leader of the Conservative Party,Kemi Badenoch is not doing well as a leader of the Conservative Party,,,,,,,,,31.2,48.0,,,,,,,,,Survation_VI_2026-08-13_Tables.xlsx,Tables
UK Adults,,,,,,,historic_vote,CON,Table_KemiApp. Which of the following statements is closest to your view?,UNMATCHED,,Kemi Badenoch is doing well as a leader of the Conservative Party,Kemi Badenoch is not doing well as a leader of the Conservative Party,,,,,,,,,76.1,14.7,,,,,,,,,Survation_VI_2026-08-13_Tables.xlsx,Tables
UK Adults,,,,,,,historic_vote,RFM,Table_KemiApp. Which of the following statements is closest to your view?,UNMATCHED,,Kemi Badenoch is doing well as a leader of the Conservative Party,Kemi Badenoch is not doing well as a leader of the Conservative Party,,,,,,,,,46.5,40.7,,,,,,,,,Survation_VI_2026-08-13_Tables.xlsx,Tables
UK Adults,,,,,,,historic_vote,LD,Table_KemiApp. Which of the following statements is closest to your view?,UNMATCHED,,Kemi Badenoch is doing well as a leader of the Conservative Party,Kemi Badenoch is not doing well as a leader of the Conservative Party,,,,,,,,,36.0,42.0,,,,,,,,,Survation_VI_2026-08-13_Tables.xlsx,Tables
UK Adults,,,,,,,historic_vote,GRN,Table_KemiApp. Which of the following statements is closest to your view?,UNMATCHED,,Kemi Badenoch is doing well as a leader of the Conservative Party,Kemi Badenoch is not doing well as a leader of the Conservative Party,,,,,,,,,21.6,54.2,,,,,,,,,Survation_VI_2026-08-13_Tables.xlsx,Tables
UK Adults,,,,,,,historic_vote,OTH,Table_KemiApp. Which of the following statements is closest to your view?,UNMATCHED,,Kemi Badenoch is doing well as a leader of the Conservative Party,Kemi Badenoch is not doing well as a leader of the Conservative Party,,,,,,,,,26.4,42.8,,,,,,,,,Survation_VI_2026-08-13_Tables.xlsx,Tables
UK Adults,,,,,,,historic_vote,Leave,Table_KemiApp. Which of the following statements is closest to your view?,UNMATCHED,,Kemi Badenoch is doing well as a leader of the Conservative Party,Kemi Badenoch is not doing well as a leader of the Conservative Party,,,,,,,,,52.7,28.9,,,,,,,,,Survation_VI_2026-08-13_Tables.xlsx,Tables
UK Adults,,,,,,,historic_vote,Remain,Table_KemiApp. Which of the following statements is closest to your view?,UNMATCHED,,Kemi Badenoch is doing well as a leader of the Conservative Party,Kemi Badenoch is not doing well as a leader of the Conservative Party,,,,,,,,,34.6,44.0,,,,,,,,,Survation_VI_2026-08-13_Tables.xlsx,Tables
UK Adults,,,,,,,current_vote,LAB,Table_KemiApp. Which of the following statements is closest to your view?,UNMATCHED,,Kemi Badenoch is doing well as a leader of the Conservative Party,Kemi Badenoch is not doing well as a leader of the Conservative Party,,,,,,,,,28.2,51.3,,,,,,,,,Survation_VI_2026-08-13_Tables.xlsx,Tables
UK Adults,,,,,,,current_vote,CON,Table_KemiApp. Which of the following statements is closest to your view?,UNMATCHED,,Kemi Badenoch is doing well as a leader of the Conservative Party,Kemi Badenoch is not doing well as a leader of the Conservative Party,,,,,,,,,81.5,8.4,,,,,,,,,Survation_VI_2026-08-13_Tables.xlsx,Tables
UK Adults,,,,,,,current_vote,RFM,Table_KemiApp. Which of the following statements is closest to your view?,UNMATCHED,,Kemi Badenoch is doing well as a leader of the Conservative Party,Kemi Badenoch is not doing well as a leader of the Conservative Party,,,,,,,,,43.2,39.8,,,,,,,,,Survation_VI_2026-08-13_Tables.xlsx,Tables
UK Adults,,,,,,,current_vote,LD,Table_KemiApp. Which of the following statements is closest to your view?,UNMATCHED,,Kemi Badenoch is doing well as a leader of the Conservative Party,Kemi Badenoch is not doing well as a leader of the Conservative Party,,,,,,,,,28.8,46.1,,,,,,,,,Survation_VI_2026-08-13_Tables.xlsx,Tables
UK Adults,,,,,,,current_vote,GRN,Table_KemiApp. Which of the following statements is closest to your view?,UNMATCHED,,Kemi Badenoch is doing well as a leader of the Conservative Party,Kemi Badenoch is not doing well as a leader of the Conservative Party,,,,,,,,,20.5,50.6,,,,,,,,,Survation_VI_2026-08-13_Tables.xlsx,Tables
UK Adults,,,,,,,current_vote,OTH,Table_KemiApp. Which of the following statements is closest to your view?,UNMATCHED,,Kemi Badenoch is doing well as a leader of the Conservative Party,Kemi Badenoch is not doing well as a leader of the Conservative Party,,,,,,,,,26.0,39.4,,,,,,,,,Survation_VI_2026-08-13_Tables.xlsx,Tables
UK Adults,,,,,,,gender,Female,Table_AndyApp. Which of the following statements is closest to your view?,UNMATCHED,,Andy Burnham is doing well as a leader of the Labour Party,Andy Burnham is not doing well as a leader of the Labour Party,,,,,,,,,44.7,24.1,,,,,,,,,Survation_VI_2026-08-13_Tables.xlsx,Tables
UK Adults,,,,,,,gender,Male,Table_AndyApp. Which of the following statements is closest to your view?,UNMATCHED,,Andy Burnham is doing well as a leader of the Labour Party,Andy Burnham is not doing well as a leader of the Labour Party,,,,,,,,,48.1,30.1,,,,,,,,,Survation_VI_2026-08-13_Tables.xlsx,Tables
UK Adults,,,,,,,age,18-24,Table_AndyApp. Which of the following statements is closest to your view?,UNMATCHED,,Andy Burnham is doing well as a leader of the Labour Party,Andy Burnham is not doing well as a leader of the Labour Party,,,,,,,,,58.0,19.2,,,,,,,,,Survation_VI_2026-08-13_Tables.xlsx,Tables
UK Adults,,,,,,,age,25-34,Table_AndyApp. Which of the following statements is closest to your view?,UNMATCHED,,Andy Burnham is doing well as a leader of the Labour Party,Andy Burnham is not doing well as a leader of the Labour Party,,,,,,,,,57.2,19.6,,,,,,,,,Survation_VI_2026-08-13_Tables.xlsx,Tables
UK Adults,,,,,,,age,35-44,Table_AndyApp. Which of the following statements is closest to your view?,UNMATCHED,,Andy Burnham is doing well as a leader of the Labour Party,Andy Burnham is not doing well as a leader of the Labour Party,,,,,,,,,45.2,24.0,,,,,,,,,Survation_VI_2026-08-13_Tables.xlsx,Tables
UK Adults,,,,,,,age,45-54,Table_AndyApp. Which of the following statements is closest to your view?,UNMATCHED,,Andy Burnham is doing well as a leader of the Labour Party,Andy Burnham is not doing well as a leader of the Labour Party,,,,,,,,,41.4,31.5,,,,,,,,,Survation_VI_2026-08-13_Tables.xlsx,Tables
UK Adults,,,,,,,age,55-64,Table_AndyApp. Which of the following statements is closest to your view?,UNMATCHED,,Andy Burnham is doing well as a leader of the Labour Party,Andy Burnham is not doing well as a leader of the Labour Party,,,,,,,,,43.7,31.5,,,,,,,,,Survation_VI_2026-08-13_Tables.xlsx,Tables
UK Adults,,,,,,,age,65+,Table_AndyApp. Which of the following statements is closest to your view?,UNMATCHED,,Andy Burnham is doing well as a leader of the Labour Party,Andy Burnham is not doing well as a leader of the Labour Party,,,,,,,,,39.5,31.6,,,,,,,,,Survation_VI_2026-08-13_Tables.xlsx,Tables
UK Adults,,,,,,,region,London,Table_AndyApp. Which of the following statements is closest to your view?,UNMATCHED,,Andy Burnham is doing well as a leader of the Labour Party,Andy Burnham is not doing well as a leader of the Labour Party,,,,,,,,,43.2,36.3,,,,,,,,,Survation_VI_2026-08-13_Tables.xlsx,Tables
UK Adults,,,,,,,region,South,Table_AndyApp. Which of the following statements is closest to your view?,UNMATCHED,,Andy Burnham is doing well as a leader of the Labour Party,Andy Burnham is not doing well as a leader of the Labour Party,,,,,,,,,45.0,27.7,,,,,,,,,Survation_VI_2026-08-13_Tables.xlsx,Tables
UK Adults,,,,,,,region,Midlands,Table_AndyApp. Which of the following statements is closest to your view?,UNMATCHED,,Andy Burnham is doing well as a leader of the Labour Party,Andy Burnham is not doing well as a leader of the Labour Party,,,,,,,,,44.5,24.0,,,,,,,,,Survation_VI_2026-08-13_Tables.xlsx,Tables
UK Adults,,,,,,,region,North,Table_AndyApp. Which of the following statements is closest to your view?,UNMATCHED,,Andy Burnham is doing well as a leader of the Labour Party,Andy Burnham is not doing well as a leader of the Labour Party,,,,,,,,,52.7,23.9,,,,,,,,,Survation_VI_2026-08-13_Tables.xlsx,Tables
UK Adults,,,,,,,region,England,Table_AndyApp. Which of the following statements is closest to your view?,UNMATCHED,,Andy Burnham is doing well as a leader of the Labour Party,Andy Burnham is not doing well as a leader of the Labour Party,,,,,,,,,46.7,27.3,,,,,,,,,Survation_VI_2026-08-13_Tables.xlsx,Tables
UK Adults,,,,,,,region,Scotland,Table_AndyApp. Which of the following statements is closest to your view?,UNMATCHED,,Andy Burnham is doing well as a leader of the Labour Party,Andy Burnham is not doing well as a leader of the Labour Party,,,,,,,,,38.0,27.4,,,,,,,,,Survation_VI_2026-08-13_Tables.xlsx,Tables
UK Adults,,,,,,,region,Wales,Table_AndyApp. Which of the following statements is closest to your view?,UNMATCHED,,Andy Burnham is doing well as a leader of the Labour Party,Andy Burnham is not doing well as a leader of the Labour Party,,,,,,,,,49.3,28.6,,,,,,,,,Survation_VI_2026-08-13_Tables.xlsx,Tables
UK Adults,,,,,,,region,Northern Ireland,Table_AndyApp. Which of the following statements is closest to your view?,UNMATCHED,,Andy Burnham is doing well as a leader of the Labour Party,Andy Burnham is not doing well as a leader of the Labour Party,,,,,,,,,55.1,13.9,,,,,,,,,Survation_VI_2026-08-13_Tables.xlsx,Tables
UK Adults,,,,,,,class,ABC1,Table_AndyApp. Which of the following statements is closest to your view?,UNMATCHED,,Andy Burnham is doing well as a leader of the Labour Party,Andy Burnham is not doing well as a leader of the Labour Party,,,,,,,,,50.9,25.9,,,,,,,,,Survation_VI_2026-08-13_Tables.xlsx,Tables
UK Adults,,,,,,,class,C2DE,Table_AndyApp. Which of the following statements is closest to your view?,UNMATCHED,,Andy Burnham is doing well as a leader of the Labour Party,Andy Burnham is not doing well as a leader of the Labour Party,,,,,,,,,40.9,28.3,,,,,,,,,Survation_VI_2026-08-13_Tables.xlsx,Tables
UK Adults,,,,,,,income,"£0 - £19,999",Table_AndyApp. Which of the following statements is closest to your view?,UNMATCHED,,Andy Burnham is doing well as a leader of the Labour Party,Andy Burnham is not doing well as a leader of the Labour Party,,,,,,,,,42.6,25.7,,,,,,,,,Survation_VI_2026-08-13_Tables.xlsx,Tables
UK Adults,,,,,,,income,"£20,000 - £39,999",Table_AndyApp. Which of the following statements is closest to your view?,UNMATCHED,,Andy Burnham is doing well as a leader of the Labour Party,Andy Burnham is not doing well as a leader of the Labour Party,,,,,,,,,45.0,27.6,,,,,,,,,Survation_VI_2026-08-13_Tables.xlsx,Tables
UK Adults,,,,,,,income,"£40,000+",Table_AndyApp. Which of the following statements is closest to your view?,UNMATCHED,,Andy Burnham is doing well as a leader of the Labour Party,Andy Burnham is not doing well as a leader of the Labour Party,,,,,,,,,49.9,27.1,,,,,,,,,Survation_VI_2026-08-13_Tables.xlsx,Tables
UK Adults,,,,,,,historic_vote,LAB,Table_AndyApp. Which of the following statements is closest to your view?,UNMATCHED,,Andy Burnham is doing well as a leader of the Labour Party,Andy Burnham is not doing well as a leader of the Labour Party,,,,,,,,,73.8,11.7,,,,,,,,,Survation_VI_2026-08-13_Tables.xlsx,Tables
UK Adults,,,,,,,historic_vote,CON,Table_AndyApp. Which of the following statements is closest to your view?,UNMATCHED,,Andy Burnham is doing well as a leader of the Labour Party,Andy Burnham is not doing well as a leader of the Labour Party,,,,,,,,,28.3,40.3,,,,,,,,,Survation_VI_2026-08-13_Tables.xlsx,Tables
UK Adults,,,,,,,historic_vote,RFM,Table_AndyApp. Which of the following statements is closest to your view?,UNMATCHED,,Andy Burnham is doing well as a leader of the Labour Party,Andy Burnham is not doing well as a leader of the Labour Party,,,,,,,,,18.6,61.2,,,,,,,,,Survation_VI_2026-08-13_Tables.xlsx,Tables
UK Adults,,,,,,,historic_vote,LD,Table_AndyApp. Which of the following statements is closest to your view?,UNMATCHED,,Andy Burnham is doing well as a leader of the Labour Party,Andy Burnham is not doing well as a leader of the Labour Party,,,,,,,,,57.6,18.6,,,,,,,,,Survation_VI_2026-08-13_Tables.xlsx,Tables
UK Adults,,,,,,,historic_vote,GRN,Table_AndyApp. Which of the following statements is closest to your view?,UNMATCHED,,Andy Burnham is doing well as a leader of the Labour Party,Andy Burnham is not doing well as a leader of the Labour Party,,,,,,,,,52.2,21.8,,,,,,,,,Survation_VI_2026-08-13_Tables.xlsx,Tables
UK Adults,,,,,,,historic_vote,OTH,Table_AndyApp. Which of the following statements is closest to your view?,UNMATCHED,,Andy Burnham is doing well as a leader of the Labour Party,Andy Burnham is not doing well as a leader of the Labour Party,,,,,,,,,43.4,30.8,,,,,,,,,Survation_VI_2026-08-13_Tables.xlsx,Tables
UK Adults,,,,,,,historic_vote,Leave,Table_AndyApp. Which of the following statements is closest to your view?,UNMATCHED,,Andy Burnham is doing well as a leader of the Labour Party,Andy Burnham is not doing well as a leader of the Labour Party,,,,,,,,,36.5,38.3,,,,,,,,,Survation_VI_2026-08-13_Tables.xlsx,Tables
UK Adults,,,,,,,historic_vote,Remain,Table_AndyApp. Which of the following statements is closest to your view?,UNMATCHED,,Andy Burnham is doing well as a leader of the Labour Party,Andy Burnham is not doing well as a leader of the Labour Party,,,,,,,,,57.9,18.4,,,,,,,,,Survation_VI_2026-08-13_Tables.xlsx,Tables
UK Adults,,,,,,,current_vote,LAB,Table_AndyApp. Which of the following statements is closest to your view?,UNMATCHED,,Andy Burnham is doing well as a leader of the Labour Party,Andy Burnham is not doing well as a leader of the Labour Party,,,,,,,,,88.3,3.7,,,,,,,,,Survation_VI_2026-08-13_Tables.xlsx,Tables
UK Adults,,,,,,,current_vote,CON,Table_AndyApp. Which of the following statements is closest to your view?,UNMATCHED,,Andy Burnham is doing well as a leader of the Labour Party,Andy Burnham is not doing well as a leader of the Labour Party,,,,,,,,,30.8,37.3,,,,,,,,,Survation_VI_2026-08-13_Tables.xlsx,Tables
UK Adults,,,,,,,current_vote,RFM,Table_AndyApp. Which of the following statements is closest to your view?,UNMATCHED,,Andy Burnham is doing well as a leader of the Labour Party,Andy Burnham is not doing well as a leader of the Labour Party,,,,,,,,,23.6,54.4,,,,,,,,,Survation_VI_2026-08-13_Tables.xlsx,Tables
UK Adults,,,,,,,current_vote,LD,Table_AndyApp. Which of the following statements is closest to your view?,UNMATCHED,,Andy Burnham is doing well as a leader of the Labour Party,Andy Burnham is not doing well as a leader of the Labour Party,,,,,,,,,52.2,17.3,,,,,,,,,Survation_VI_2026-08-13_Tables.xlsx,Tables
UK Adults,,,,,,,current_vote,GRN,Table_AndyApp. Which of the following statements is closest to your view?,UNMATCHED,,Andy Burnham is doing well as a leader of the Labour Party,Andy Burnham is not doing well as a leader of the Labour Party,,,,,,,,,57.6,17.9,,,,,,,,,Survation_VI_2026-08-13_Tables.xlsx,Tables
UK Adults,,,,,,,current_vote,OTH,Table_AndyApp. Which of the following statements is closest to your view?,UNMATCHED,,Andy Burnham is doing well as a leader of the Labour Party,Andy Burnham is not doing well as a leader of the Labour Party,,,,,,,,,42.4,33.1,,,,,,,,,Survation_VI_2026-08-13_Tables.xlsx,Tables
UK Adults,,,,,,,gender,Female,Table_FarageApp. Which of the following statements is closest to your view?,Leader favourability (Farage),farage,Nigel Farage is doing well as a leader of Reform UK,Nigel Farage is not doing well as a leader of Reform UK,,,,,,,,,27.6,51.7,,,,,,,,,Survation_VI_2026-08-13_Tables.xlsx,Tables
UK Adults,,,,,,,gender,Male,Table_FarageApp. Which of the following statements is closest to your view?,Leader favourability (Farage),farage,Nigel Farage is doing well as a leader of Reform UK,Nigel Farage is not doing well as a leader of Reform UK,,,,,,,,,36.6,51.9,,,,,,,,,Survation_VI_2026-08-13_Tables.xlsx,Tables
UK Adults,,,,,,,age,18-24,Table_FarageApp. Which of the following statements is closest to your view?,Leader favourability (Farage),farage,Nigel Farage is doing well as a leader of Reform UK,Nigel Farage is not doing well as a leader of Reform UK,,,,,,,,,20.8,57.7,,,,,,,,,Survation_VI_2026-08-13_Tables.xlsx,Tables
UK Adults,,,,,,,age,25-34,Table_FarageApp. Which of the following statements is closest to your view?,Leader favourability (Farage),farage,Nigel Farage is doing well as a leader of Reform UK,Nigel Farage is not doing well as a leader of Reform UK,,,,,,,,,31.9,49.3,,,,,,,,,Survation_VI_2026-08-13_Tables.xlsx,Tables
UK Adults,,,,,,,age,35-44,Table_FarageApp. Which of the following statements is closest to your view?,Leader favourability (Farage),farage,Nigel Farage is doing well as a leader of Reform UK,Nigel Farage is not doing well as a leader of Reform UK,,,,,,,,,28.6,48.9,,,,,,,,,Survation_VI_2026-08-13_Tables.xlsx,Tables
UK Adults,,,,,,,age,45-54,Table_FarageApp. Which of the following statements is closest to your view?,Leader favourability (Farage),farage,Nigel Farage is doing well as a leader of Reform UK,Nigel Farage is not doing well as a leader of Reform UK,,,,,,,,,37.5,44.7,,,,,,,,,Survation_VI_2026-08-13_Tables.xlsx,Tables
UK Adults,,,,,,,age,55-64,Table_FarageApp. Which of the following statements is closest to your view?,Leader favourability (Farage),farage,Nigel Farage is doing well as a leader of Reform UK,Nigel Farage is not doing well as a leader of Reform UK,,,,,,,,,30.1,54.0,,,,,,,,,Survation_VI_2026-08-13_Tables.xlsx,Tables
UK Adults,,,,,,,age,65+,Table_FarageApp. Which of the following statements is closest to your view?,Leader favourability (Farage),farage,Nigel Farage is doing well as a leader of Reform UK,Nigel Farage is not doing well as a leader of Reform UK,,,,,,,,,36.5,56.6,,,,,,,,,Survation_VI_2026-08-13_Tables.xlsx,Tables
UK Adults,,,,,,,region,London,Table_FarageApp. Which of the following statements is closest to your view?,Leader favourability (Farage),farage,Nigel Farage is doing well as a leader of Reform UK,Nigel Farage is not doing well as a leader of Reform UK,,,,,,,,,32.7,54.7,,,,,,,,,Survation_VI_2026-08-13_Tables.xlsx,Tables
UK Adults,,,,,,,region,South,Table_FarageApp. Which of the following statements is closest to your view?,Leader favourability (Farage),farage,Nigel Farage is doing well as a leader of Reform UK,Nigel Farage is not doing well as a leader of Reform UK,,,,,,,,,34.9,49.8,,,,,,,,,Survation_VI_2026-08-13_Tables.xlsx,Tables
UK Adults,,,,,,,region,Midlands,Table_FarageApp. Which of the following statements is closest to your view?,Leader favourability (Farage),farage,Nigel Farage is doing well as a leader of Reform UK,Nigel Farage is not doing well as a leader of Reform UK,,,,,,,,,28.9,53.7,,,,,,,,,Survation_VI_2026-08-13_Tables.xlsx,Tables
UK Adults,,,,,,,region,North,Table_FarageApp. Which of the following statements is closest to your view?,Leader favourability (Farage),farage,Nigel Farage is doing well as a leader of Reform UK,Nigel Farage is not doing well as a leader of Reform UK,,,,,,,,,34.4,45.7,,,,,,,,,Survation_VI_2026-08-13_Tables.xlsx,Tables
UK Adults,,,,,,,region,England,Table_FarageApp. Which of the following statements is closest to your view?,Leader favourability (Farage),farage,Nigel Farage is doing well as a leader of Reform UK,Nigel Farage is not doing well as a leader of Reform UK,,,,,,,,,33.3,50.1,,,,,,,,,Survation_VI_2026-08-13_Tables.xlsx,Tables
UK Adults,,,,,,,region,Scotland,Table_FarageApp. Which of the following statements is closest to your view?,Leader favourability (Farage),farage,Nigel Farage is doing well as a leader of Reform UK,Nigel Farage is not doing well as a leader of Reform UK,,,,,,,,,23.3,61.9,,,,,,,,,Survation_VI_2026-08-13_Tables.xlsx,Tables
UK Adults,,,,,,,region,Wales,Table_FarageApp. Which of the following statements is closest to your view?,Leader favourability (Farage),farage,Nigel Farage is doing well as a leader of Reform UK,Nigel Farage is not doing well as a leader of Reform UK,,,,,,,,,27.1,59.7,,,,,,,,,Survation_VI_2026-08-13_Tables.xlsx,Tables
UK Adults,,,,,,,region,Northern Ireland,Table_FarageApp. Which of the following statements is closest to your view?,Leader favourability (Farage),farage,Nigel Farage is doing well as a leader of Reform UK,Nigel Farage is not doing well as a leader of Reform UK,,,,,,,,,25.7,59.2,,,,,,,,,Survation_VI_2026-08-13_Tables.xlsx,Tables
UK Adults,,,,,,,class,ABC1,Table_FarageApp. Which of the following statements is closest to your view?,Leader favourability (Farage),farage,Nigel Farage is doing well as a leader of Reform UK,Nigel Farage is not doing well as a leader of Reform UK,,,,,,,,,28.6,57.4,,,,,,,,,Survation_VI_2026-08-13_Tables.xlsx,Tables
UK Adults,,,,,,,class,C2DE,Table_FarageApp. Which of the following statements is closest to your view?,Leader favourability (Farage),farage,Nigel Farage is doing well as a leader of Reform UK,Nigel Farage is not doing well as a leader of Reform UK,,,,,,,,,35.9,45.1,,,,,,,,,Survation_VI_2026-08-13_Tables.xlsx,Tables
UK Adults,,,,,,,income,"£0 - £19,999",Table_FarageApp. Which of the following statements is closest to your view?,Leader favourability (Farage),farage,Nigel Farage is doing well as a leader of Reform UK,Nigel Farage is not doing well as a leader of Reform UK,,,,,,,,,30.4,44.6,,,,,,,,,Survation_VI_2026-08-13_Tables.xlsx,Tables
UK Adults,,,,,,,income,"£20,000 - £39,999",Table_FarageApp. Which of the following statements is closest to your view?,Leader favourability (Farage),farage,Nigel Farage is doing well as a leader of Reform UK,Nigel Farage is not doing well as a leader of Reform UK,,,,,,,,,34.8,50.5,,,,,,,,,Survation_VI_2026-08-13_Tables.xlsx,Tables
UK Adults,,,,,,,income,"£40,000+",Table_FarageApp. Which of the following statements is closest to your view?,Leader favourability (Farage),farage,Nigel Farage is doing well as a leader of Reform UK,Nigel Farage is not doing well as a leader of Reform UK,,,,,,,,,29.6,57.2,,,,,,,,,Survation_VI_2026-08-13_Tables.xlsx,Tables
UK Adults,,,,,,,historic_vote,LAB,Table_FarageApp. Which of the following statements is closest to your view?,Leader favourability (Farage),farage,Nigel Farage is doing well as a leader of Reform UK,Nigel Farage is not doing well as a leader of Reform UK,,,,,,,,,22.1,69.9,,,,,,,,,Survation_VI_2026-08-13_Tables.xlsx,Tables
UK Adults,,,,,,,historic_vote,CON,Table_FarageApp. Which of the following statements is closest to your view?,Leader favourability (Farage),farage,Nigel Farage is doing well as a leader of Reform UK,Nigel Farage is not doing well as a leader of Reform UK,,,,,,,,,41.6,47.9,,,,,,,,,Survation_VI_2026-08-13_Tables.xlsx,Tables
UK Adults,,,,,,,historic_vote,RFM,Table_FarageApp. Which of the following statements is closest to your view?,Leader favourability (Farage),farage,Nigel Farage is doing well as a leader of Reform UK,Nigel Farage is not doing well as a leader of Reform UK,,,,,,,,,86.8,9.2,,,,,,,,,Survation_VI_2026-08-13_Tables.xlsx,Tables
UK Adults,,,,,,,historic_vote,LD,Table_FarageApp. Which of the following statements is closest to your view?,Leader favourability (Farage),farage,Nigel Farage is doing well as a leader of Reform UK,Nigel Farage is not doing well as a leader of Reform UK,,,,,,,,,20.1,68.7,,,,,,,,,Survation_VI_2026-08-13_Tables.xlsx,Tables
UK Adults,,,,,,,historic_vote,GRN,Table_FarageApp. Which of the following statements is closest to your view?,Leader favourability (Farage),farage,Nigel Farage is doing well as a leader of Reform UK,Nigel Farage is not doing well as a leader of Reform UK,,,,,,,,,22.5,59.8,,,,,,,,,Survation_VI_2026-08-13_Tables.xlsx,Tables
UK Adults,,,,,,,historic_vote,OTH,Table_FarageApp. Which of the following statements is closest to your view?,Leader favourability (Farage),farage,Nigel Farage is doing well as a leader of Reform UK,Nigel Farage is not doing well as a leader of Reform UK,,,,,,,,,21.4,66.9,,,,,,,,,Survation_VI_2026-08-13_Tables.xlsx,Tables
UK Adults,,,,,,,historic_vote,Leave,Table_FarageApp. Which of the following statements is closest to your view?,Leader favourability (Farage),farage,Nigel Farage is doing well as a leader of Reform UK,Nigel Farage is not doing well as a leader of Reform UK,,,,,,,,,50.8,37.9,,,,,,,,,Survation_VI_2026-08-13_Tables.xlsx,Tables
UK Adults,,,,,,,historic_vote,Remain,Table_FarageApp. Which of the following statements is closest to your view?,Leader favourability (Farage),farage,Nigel Farage is doing well as a leader of Reform UK,Nigel Farage is not doing well as a leader of Reform UK,,,,,,,,,19.2,70.2,,,,,,,,,Survation_VI_2026-08-13_Tables.xlsx,Tables
UK Adults,,,,,,,current_vote,LAB,Table_FarageApp. Which of the following statements is closest to your view?,Leader favourability (Farage),farage,Nigel Farage is doing well as a leader of Reform UK,Nigel Farage is not doing well as a leader of Reform UK,,,,,,,,,13.3,74.9,,,,,,,,,Survation_VI_2026-08-13_Tables.xlsx,Tables
UK Adults,,,,,,,current_vote,CON,Table_FarageApp. Which of the following statements is closest to your view?,Leader favourability (Farage),farage,Nigel Farage is doing well as a leader of Reform UK,Nigel Farage is not doing well as a leader of Reform UK,,,,,,,,,25.4,61.1,,,,,,,,,Survation_VI_2026-08-13_Tables.xlsx,Tables
UK Adults,,,,,,,current_vote,RFM,Table_FarageApp. Which of the following statements is closest to your view?,Leader favourability (Farage),farage,Nigel Farage is doing well as a leader of Reform UK,Nigel Farage is not doing well as a leader of Reform UK,,,,,,,,,86.6,8.1,,,,,,,,,Survation_VI_2026-08-13_Tables.xlsx,Tables
UK Adults,,,,,,,current_vote,LD,Table_FarageApp. Which of the following statements is closest to your view?,Leader favourability (Farage),farage,Nigel Farage is doing well as a leader of Reform UK,Nigel Farage is not doing well as a leader of Reform UK,,,,,,,,,14.9,73.2,,,,,,,,,Survation_VI_2026-08-13_Tables.xlsx,Tables
UK Adults,,,,,,,current_vote,GRN,Table_FarageApp. Which of the following statements is closest to your view?,Leader favourability (Farage),farage,Nigel Farage is doing well as a leader of Reform UK,Nigel Farage is not doing well as a leader of Reform UK,,,,,,,,,12.8,72.5,,,,,,,,,Survation_VI_2026-08-13_Tables.xlsx,Tables
UK Adults,,,,,,,current_vote,OTH,Table_FarageApp. Which of the following statements is closest to your view?,Leader favourability (Farage),farage,Nigel Farage is doing well as a leader of Reform UK,Nigel Farage is not doing well as a leader of Reform UK,,,,,,,,,20.0,68.6,,,,,,,,,Survation_VI_2026-08-13_Tables.xlsx,Tables
UK Adults,,,,,,,gender,Female,"Table_Q4_1. Education:On a scale of 1 to 5 where 1 is not confident at all and 5 is very confident, how confident are you in the ability of the UK government to address the following areas?",Confidence by policy area,on a scale.*confident,1 - Not confident at all,2,3,4,5 - Very confident,,,,,,16.1,17.0,35.4,19.5,8.2,,,,,,Survation_VI_2026-08-13_Tables.xlsx,Tables
UK Adults,,,,,,,gender,Male,"Table_Q4_1. Education:On a scale of 1 to 5 where 1 is not confident at all and 5 is very confident, how confident are you in the ability of the UK government to address the following areas?",Confidence by policy area,on a scale.*confident,1 - Not confident at all,2,3,4,5 - Very confident,,,,,,17.4,17.6,32.5,21.3,8.3,,,,,,Survation_VI_2026-08-13_Tables.xlsx,Tables
UK Adults,,,,,,,age,18-24,"Table_Q4_1. Education:On a scale of 1 to 5 where 1 is not confident at all and 5 is very confident, how confident are you in the ability of the UK government to address the following areas?",Confidence by policy area,on a scale.*confident,1 - Not confident at all,2,3,4,5 - Very confident,,,,,,8.7,19.5,33.4,25.5,8.1,,,,,,Survation_VI_2026-08-13_Tables.xlsx,Tables
UK Adults,,,,,,,age,25-34,"Table_Q4_1. Education:On a scale of 1 to 5 where 1 is not confident at all and 5 is very confident, how confident are you in the ability of the UK government to address the following areas?",Confidence by policy area,on a scale.*confident,1 - Not confident at all,2,3,4,5 - Very confident,,,,,,12.8,14.8,31.6,22.8,14.6,,,,,,Survation_VI_2026-08-13_Tables.xlsx,Tables
UK Adults,,,,,,,age,35-44,"Table_Q4_1. Education:On a scale of 1 to 5 where 1 is not confident at all and 5 is very confident, how confident are you in the ability of the UK government to address the following areas?",Confidence by policy area,on a scale.*confident,1 - Not confident at all,2,3,4,5 - Very confident,,,,,,17.2,16.8,31.8,20.6,9.4,,,,,,Survation_VI_2026-08-13_Tables.xlsx,Tables
UK Adults,,,,,,,age,45-54,"Table_Q4_1. Education:On a scale of 1 to 5 where 1 is not confident at all and 5 is very confident, how confident are you in the ability of the UK government to address the following areas?",Confidence by policy area,on a scale.*confident,1 - Not confident at all,2,3,4,5 - Very confident,,,,,,23.1,18.6,28.1,22.8,5.6,,,,,,Survation_VI_2026-08-13_Tables.xlsx,Tables
UK Adults,,,,,,,age,55-64,"Table_Q4_1. Education:On a scale of 1 to 5 where 1 is not confident at all and 5 is very confident, how confident are you in the ability of the UK government to address the following areas?",Confidence by policy area,on a scale.*confident,1 - Not confident at all,2,3,4,5 - Very confident,,,,,,18.2,21.3,36.7,15.7,5.0,,,,,,Survation_VI_2026-08-13_Tables.xlsx,Tables
UK Adults,,,,,,,age,65+,"Table_Q4_1. Education:On a scale of 1 to 5 where 1 is not confident at all and 5 is very confident, how confident are you in the ability of the UK government to address the following areas?",Confidence by policy area,on a scale.*confident,1 - Not confident at all,2,3,4,5 - Very confident,,,,,,17.2,14.7,40.0,17.7,7.0,,,,,,Survation_VI_2026-08-13_Tables.xlsx,Tables
UK Adults,,,,,,,region,London,"Table_Q4_1. Education:On a scale of 1 to 5 where 1 is not confident at all and 5 is very confident, how confident are you in the ability of the UK government to address the following areas?",Confidence by policy area,on a scale.*confident,1 - Not confident at all,2,3,4,5 - Very confident,,,,,,20.3,18.1,30.1,18.7,9.8,,,,,,Survation_VI_2026-08-13_Tables.xlsx,Tables
UK Adults,,,,,,,region,South,"Table_Q4_1. Education:On a scale of 1 to 5 where 1 is not confident at all and 5 is very confident, how confident are you in the ability of the UK government to address the following areas?",Confidence by policy area,on a scale.*confident,1 - Not confident at all,2,3,4,5 - Very confident,,,,,,14.5,17.1,38.9,18.9,6.6,,,,,,Survation_VI_2026-08-13_Tables.xlsx,Tables
UK Adults,,,,,,,region,Midlands,"Table_Q4_1. Education:On a scale of 1 to 5 where 1 is not confident at all and 5 is very confident, how confident are you in the ability of the UK government to address the following areas?",Confidence by policy area,on a scale.*confident,1 - Not confident at all,2,3,4,5 - Very confident,,,,,,17.4,15.9,32.6,21.8,8.8,,,,,,Survation_VI_2026-08-13_Tables.xlsx,Tables
UK Adults,,,,,,,region,North,"Table_Q4_1. Education:On a scale of 1 to 5 where 1 is not confident at all and 5 is very confident, how confident are you in the ability of the UK government to address the following areas?",Confidence by policy area,on a scale.*confident,1 - Not confident at all,2,3,4,5 - Very confident,,,,,,16.7,16.0,29.6,23.6,10.2,,,,,,Survation_VI_2026-08-13_Tables.xlsx,Tables
UK Adults,,,,,,,region,England,"Table_Q4_1. Education:On a scale of 1 to 5 where 1 is not confident at all and 5 is very confident, how confident are you in the ability of the UK government to address the following areas?",Confidence by policy area,on a scale.*confident,1 - Not confident at all,2,3,4,5 - Very confident,,,,,,16.6,16.7,33.8,20.7,8.5,,,,,,Survation_VI_2026-08-13_Tables.xlsx,Tables
UK Adults,,,,,,,region,Scotland,"Table_Q4_1. Education:On a scale of 1 to 5 where 1 is not confident at all and 5 is very confident, how confident are you in the ability of the UK government to address the following areas?",Confidence by policy area,on a scale.*confident,1 - Not confident at all,2,3,4,5 - Very confident,,,,,,21.4,22.5,31.4,17.3,6.5,,,,,,Survation_VI_2026-08-13_Tables.xlsx,Tables
UK Adults,,,,,,,region,Wales,"Table_Q4_1. Education:On a scale of 1 to 5 where 1 is not confident at all and 5 is very confident, how confident are you in the ability of the UK government to address the following areas?",Confidence by policy area,on a scale.*confident,1 - Not confident at all,2,3,4,5 - Very confident,,,,,,15.0,19.0,41.7,13.7,8.4,,,,,,Survation_VI_2026-08-13_Tables.xlsx,Tables
UK Adults,,,,,,,region,Northern Ireland,"Table_Q4_1. Education:On a scale of 1 to 5 where 1 is not confident at all and 5 is very confident, how confident are you in the ability of the UK government to address the following areas?",Confidence by policy area,on a scale.*confident,1 - Not confident at all,2,3,4,5 - Very confident,,,,,,10.3,15.5,36.1,31.1,4.3,,,,,,Survation_VI_2026-08-13_Tables.xlsx,Tables
UK Adults,,,,,,,class,ABC1,"Table_Q4_1. Education:On a scale of 1 to 5 where 1 is not confident at all and 5 is very confident, how confident are you in the ability of the UK government to address the following areas?",Confidence by policy area,on a scale.*confident,1 - Not confident at all,2,3,4,5 - Very confident,,,,,,15.1,18.0,33.0,22.2,9.0,,,,,,Survation_VI_2026-08-13_Tables.xlsx,Tables
UK Adults,,,,,,,class,C2DE,"Table_Q4_1. Education:On a scale of 1 to 5 where 1 is not confident at all and 5 is very confident, how confident are you in the ability of the UK government to address the following areas?",Confidence by policy area,on a scale.*confident,1 - Not confident at all,2,3,4,5 - Very confident,,,,,,18.7,16.3,35.2,18.2,7.2,,,,,,Survation_VI_2026-08-13_Tables.xlsx,Tables
UK Adults,,,,,,,income,"£0 - £19,999","Table_Q4_1. Education:On a scale of 1 to 5 where 1 is not confident at all and 5 is very confident, how confident are you in the ability of the UK government to address the following areas?",Confidence by policy area,on a scale.*confident,1 - Not confident at all,2,3,4,5 - Very confident,,,,,,18.1,16.1,31.8,19.1,8.9,,,,,,Survation_VI_2026-08-13_Tables.xlsx,Tables
UK Adults,,,,,,,income,"£20,000 - £39,999","Table_Q4_1. Education:On a scale of 1 to 5 where 1 is not confident at all and 5 is very confident, how confident are you in the ability of the UK government to address the following areas?",Confidence by policy area,on a scale.*confident,1 - Not confident at all,2,3,4,5 - Very confident,,,,,,17.5,16.9,35.0,20.8,7.1,,,,,,Survation_VI_2026-08-13_Tables.xlsx,Tables
UK Adults,,,,,,,income,"£40,000+","Table_Q4_1. Education:On a scale of 1 to 5 where 1 is not confident at all and 5 is very confident, how confident are you in the ability of the UK government to address the following areas?",Confidence by policy area,on a scale.*confident,1 - Not confident at all,2,3,4,5 - Very confident,,,,,,15.1,18.3,34.2,20.7,9.0,,,,,,Survation_VI_2026-08-13_Tables.xlsx,Tables
UK Adults,,,,,,,historic_vote,LAB,"Table_Q4_1. Education:On a scale of 1 to 5 where 1 is not confident at all and 5 is very confident, how confident are you in the ability of the UK government to address the following areas?",Confidence by policy area,on a scale.*confident,1 - Not confident at all,2,3,4,5 - Very confident,,,,,,7.7,13.8,32.9,29.0,15.0,,,,,,Survation_VI_2026-08-13_Tables.xlsx,Tables
UK Adults,,,,,,,historic_vote,CON,"Table_Q4_1. Education:On a scale of 1 to 5 where 1 is not confident at all and 5 is very confident, how confident are you in the ability of the UK government to address the following areas?",Confidence by policy area,on a scale.*confident,1 - Not confident at all,2,3,4,5 - Very confident,,,,,,21.6,20.5,33.0,14.6,8.1,,,,,,Survation_VI_2026-08-13_Tables.xlsx,Tables
UK Adults,,,,,,,historic_vote,RFM,"Table_Q4_1. Education:On a scale of 1 to 5 where 1 is not confident at all and 5 is very confident, how confident are you in the ability of the UK government to address the following areas?",Confidence by policy area,on a scale.*confident,1 - Not confident at all,2,3,4,5 - Very confident,,,,,,30.3,16.5,29.1,16.0,3.4,,,,,,Survation_VI_2026-08-13_Tables.xlsx,Tables
UK Adults,,,,,,,historic_vote,LD,"Table_Q4_1. Education:On a scale of 1 to 5 where 1 is not confident at all and 5 is very confident, how confident are you in the ability of the UK government to address the following areas?",Confidence by policy area,on a scale.*confident,1 - Not confident at all,2,3,4,5 - Very confident,,,,,,10.6,13.9,41.6,22.4,7.2,,,,,,Survation_VI_2026-08-13_Tables.xlsx,Tables
UK Adults,,,,,,,historic_vote,GRN,"Table_Q4_1. Education:On a scale of 1 to 5 where 1 is not confident at all and 5 is very confident, how confident are you in the ability of the UK government to address the following areas?",Confidence by policy area,on a scale.*confident,1 - Not confident at all,2,3,4,5 - Very confident,,,,,,19.9,23.9,30.2,23.1,2.5,,,,,,Survation_VI_2026-08-13_Tables.xlsx,Tables
UK Adults,,,,,,,historic_vote,OTH,"Table_Q4_1. Education:On a scale of 1 to 5 where 1 is not confident at all and 5 is very confident, how confident are you in the ability of the UK government to address the following areas?",Confidence by policy area,on a scale.*confident,1 - Not confident at all,2,3,4,5 - Very confident,,,,,,15.8,20.3,40.2,18.9,3.9,,,,,,Survation_VI_2026-08-13_Tables.xlsx,Tables
UK Adults,,,,,,,historic_vote,Leave,"Table_Q4_1. Education:On a scale of 1 to 5 where 1 is not confident at all and 5 is very confident, how confident are you in the ability of the UK government to address the following areas?",Confidence by policy area,on a scale.*confident,1 - Not confident at all,2,3,4,5 - Very confident,,,,,,23.4,17.5,33.1,15.4,7.5,,,,,,Survation_VI_2026-08-13_Tables.xlsx,Tables
UK Adults,,,,,,,historic_vote,Remain,"Table_Q4_1. Education:On a scale of 1 to 5 where 1 is not confident at all and 5 is very confident, how confident are you in the ability of the UK government to address the following areas?",Confidence by policy area,on a scale.*confident,1 - Not confident at all,2,3,4,5 - Very confident,,,,,,11.3,17.8,37.3,23.2,8.5,,,,,,Survation_VI_2026-08-13_Tables.xlsx,Tables
UK Adults,,,,,,,current_vote,LAB,"Table_Q4_1. Education:On a scale of 1 to 5 where 1 is not confident at all and 5 is very confident, how confident are you in the ability of the UK government to address the following areas?",Confidence by policy area,on a scale.*confident,1 - Not confident at all,2,3,4,5 - Very confident,,,,,,2.7,9.0,30.5,35.3,20.0,,,,,,Survation_VI_2026-08-13_Tables.xlsx,Tables
UK Adults,,,,,,,current_vote,CON,"Table_Q4_1. Education:On a scale of 1 to 5 where 1 is not confident at all and 5 is very confident, how confident are you in the ability of the UK government to address the following areas?",Confidence by policy area,on a scale.*confident,1 - Not confident at all,2,3,4,5 - Very confident,,,,,,15.6,24.3,33.7,16.5,8.2,,,,,,Survation_VI_2026-08-13_Tables.xlsx,Tables
UK Adults,,,,,,,current_vote,RFM,"Table_Q4_1. Education:On a scale of 1 to 5 where 1 is not confident at all and 5 is very confident, how confident are you in the ability of the UK government to address the following areas?",Confidence by policy area,on a scale.*confident,1 - Not confident at all,2,3,4,5 - Very confident,,,,,,27.5,23.9,28.3,13.0,5.3,,,,,,Survation_VI_2026-08-13_Tables.xlsx,Tables
UK Adults,,,,,,,current_vote,LD,"Table_Q4_1. Education:On a scale of 1 to 5 where 1 is not confident at all and 5 is very confident, how confident are you in the ability of the UK government to address the following areas?",Confidence by policy area,on a scale.*confident,1 - Not confident at all,2,3,4,5 - Very confident,,,,,,13.6,12.1,45.2,18.6,7.0,,,,,,Survation_VI_2026-08-13_Tables.xlsx,Tables
UK Adults,,,,,,,current_vote,GRN,"Table_Q4_1. Education:On a scale of 1 to 5 where 1 is not confident at all and 5 is very confident, how confident are you in the ability of the UK government to address the following areas?",Confidence by policy area,on a scale.*confident,1 - Not confident at all,2,3,4,5 - Very confident,,,,,,18.7,18.2,33.7,24.3,4.0,,,,,,Survation_VI_2026-08-13_Tables.xlsx,Tables
UK Adults,,,,,,,current_vote,OTH,"Table_Q4_1. Education:On a scale of 1 to 5 where 1 is not confident at all and 5 is very confident, how confident are you in the ability of the UK government to address the following areas?",Confidence by policy area,on a scale.*confident,1 - Not confident at all,2,3,4,5 - Very confident,,,,,,18.2,18.5,38.2,18.7,4.3,,,,,,Survation_VI_2026-08-13_Tables.xlsx,Tables
UK Adults,,,,,,,gender,Female,"Table_Q4_2. The environment:On a scale of 1 to 5 where 1 is not confident at all and 5 is very confident, how confident are you in the ability of the UK government to address the following areas?",Confidence by policy area,on a scale.*confident,1 - Not confident at all,2,3,4,5 - Very confident,,,,,,22.0,21.5,31.6,13.1,7.6,,,,,,Survation_VI_2026-08-13_Tables.xlsx,Tables
UK Adults,,,,,,,gender,Male,"Table_Q4_2. The environment:On a scale of 1 to 5 where 1 is not confident at all and 5 is very confident, how confident are you in the ability of the UK government to address the following areas?",Confidence by policy area,on a scale.*confident,1 - Not confident at all,2,3,4,5 - Very confident,,,,,,22.3,21.9,30.3,14.6,7.8,,,,,,Survation_VI_2026-08-13_Tables.xlsx,Tables
UK Adults,,,,,,,age,18-24,"Table_Q4_2. The environment:On a scale of 1 to 5 where 1 is not confident at all and 5 is very confident, how confident are you in the ability of the UK government to address the following areas?",Confidence by policy area,on a scale.*confident,1 - Not confident at all,2,3,4,5 - Very confident,,,,,,16.9,20.6,32.0,14.9,8.8,,,,,,Survation_VI_2026-08-13_Tables.xlsx,Tables
UK Adults,,,,,,,age,25-34,"Table_Q4_2. The environment:On a scale of 1 to 5 where 1 is not confident at all and 5 is very confident, how confident are you in the ability of the UK government to address the following areas?",Confidence by policy area,on a scale.*confident,1 - Not confident at all,2,3,4,5 - Very confident,,,,,,20.0,14.3,28.9,19.4,14.2,,,,,,Survation_VI_2026-08-13_Tables.xlsx,Tables
UK Adults,,,,,,,age,35-44,"Table_Q4_2. The environment:On a scale of 1 to 5 where 1 is not confident at all and 5 is very confident, how confident are you in the ability of the UK government to address the following areas?",Confidence by policy area,on a scale.*confident,1 - Not confident at all,2,3,4,5 - Very confident,,,,,,18.3,20.0,34.1,13.3,10.6,,,,,,Survation_VI_2026-08-13_Tables.xlsx,Tables
UK Adults,,,,,,,age,45-54,"Table_Q4_2. The environment:On a scale of 1 to 5 where 1 is not confident at all and 5 is very confident, how confident are you in the ability of the UK government to address the following areas?",Confidence by policy area,on a scale.*confident,1 - Not confident at all,2,3,4,5 - Very confident,,,,,,25.0,21.7,32.0,14.1,5.1,,,,,,Survation_VI_2026-08-13_Tables.xlsx,Tables
UK Adults,,,,,,,age,55-64,"Table_Q4_2. The environment:On a scale of 1 to 5 where 1 is not confident at all and 5 is very confident, how confident are you in the ability of the UK government to address the following areas?",Confidence by policy area,on a scale.*confident,1 - Not confident at all,2,3,4,5 - Very confident,,,,,,24.2,28.1,29.7,11.0,2.9,,,,,,Survation_VI_2026-08-13_Tables.xlsx,Tables
UK Adults,,,,,,,age,65+,"Table_Q4_2. The environment:On a scale of 1 to 5 where 1 is not confident at all and 5 is very confident, how confident are you in the ability of the UK government to address the following areas?",Confidence by policy area,on a scale.*confident,1 - Not confident at all,2,3,4,5 - Very confident,,,,,,25.3,24.3,30.1,11.5,5.5,,,,,,Survation_VI_2026-08-13_Tables.xlsx,Tables
UK Adults,,,,,,,region,London,"Table_Q4_2. The environment:On a scale of 1 to 5 where 1 is not confident at all and 5 is very confident, how confident are you in the ability of the UK government to address the following areas?",Confidence by policy area,on a scale.*confident,1 - Not confident at all,2,3,4,5 - Very confident,,,,,,18.4,19.2,29.8,15.8,11.7,,,,,,Survation_VI_2026-08-13_Tables.xlsx,Tables
UK Adults,,,,,,,region,South,"Table_Q4_2. The environment:On a scale of 1 to 5 where 1 is not confident at all and 5 is very confident, how confident are you in the ability of the UK government to address the following areas?",Confidence by policy area,on a scale.*confident,1 - Not confident at all,2,3,4,5 - Very confident,,,,,,23.9,24.8,30.1,10.6,6.5,,,,,,Survation_VI_2026-08-13_Tables.xlsx,Tables
UK Adults,,,,,,,region,Midlands,"Table_Q4_2. The environment:On a scale of 1 to 5 where 1 is not confident at all and 5 is very confident, how confident are you in the ability of the UK government to address the following areas?",Confidence by policy area,on a scale.*confident,1 - Not confident at all,2,3,4,5 - Very confident,,,,,,20.8,20.7,32.3,15.3,7.6,,,,,,Survation_VI_2026-08-13_Tables.xlsx,Tables
UK Adults,,,,,,,region,North,"Table_Q4_2. The environment:On a scale of 1 to 5 where 1 is not confident at all and 5 is very confident, how confident are you in the ability of the UK government to address the following areas?",Confidence by policy area,on a scale.*confident,1 - Not confident at all,2,3,4,5 - Very confident,,,,,,18.9,17.7,34.7,14.3,10.2,,,,,,Survation_VI_2026-08-13_Tables.xlsx,Tables
UK Adults,,,,,,,region,England,"Table_Q4_2. The environment:On a scale of 1 to 5 where 1 is not confident at all and 5 is very confident, how confident are you in the ability of the UK government to address the following areas?",Confidence by policy area,on a scale.*confident,1 - Not confident at all,2,3,4,5 - Very confident,,,,,,21.1,21.2,31.8,13.3,8.6,,,,,,Survation_VI_2026-08-13_Tables.xlsx,Tables
UK Adults,,,,,,,region,Scotland,"Table_Q4_2. The environment:On a scale of 1 to 5 where 1 is not confident at all and 5 is very confident, how confident are you in the ability of the UK government to address the following areas?",Confidence by policy area,on a scale.*confident,1 - Not confident at all,2,3,4,5 - Very confident,,,,,,29.5,24.3,27.5,14.4,3.3,,,,,,Survation_VI_2026-08-13_Tables.xlsx,Tables
UK Adults,,,,,,,region,Wales,"Table_Q4_2. The environment:On a scale of 1 to 5 where 1 is not confident at all and 5 is very confident, how confident are you in the ability of the UK government to address the following areas?",Confidence by policy area,on a scale.*confident,1 - Not confident at all,2,3,4,5 - Very confident,,,,,,24.1,30.1,22.2,17.3,2.8,,,,,,Survation_VI_2026-08-13_Tables.xlsx,Tables
UK Adults,,,,,,,region,Northern Ireland,"Table_Q4_2. The environment:On a scale of 1 to 5 where 1 is not confident at all and 5 is very confident, how confident are you in the ability of the UK government to address the following areas?",Confidence by policy area,on a scale.*confident,1 - Not confident at all,2,3,4,5 - Very confident,,,,,,28.7,13.9,33.5,21.9,2.0,,,,,,Survation_VI_2026-08-13_Tables.xlsx,Tables
UK Adults,,,,,,,class,ABC1,"Table_Q4_2. The environment:On a scale of 1 to 5 where 1 is not confident at all and 5 is very confident, how confident are you in the ability of the UK government to address the following areas?",Confidence by policy area,on a scale.*confident,1 - Not confident at all,2,3,4,5 - Very confident,,,,,,20.4,20.5,32.8,15.5,8.0,,,,,,Survation_VI_2026-08-13_Tables.xlsx,Tables
UK Adults,,,,,,,class,C2DE,"Table_Q4_2. The environment:On a scale of 1 to 5 where 1 is not confident at all and 5 is very confident, how confident are you in the ability of the UK government to address the following areas?",Confidence by policy area,on a scale.*confident,1 - Not confident at all,2,3,4,5 - Very confident,,,,,,24.2,23.1,28.9,11.9,7.2,,,,,,Survation_VI_2026-08-13_Tables.xlsx,Tables
UK Adults,,,,,,,income,"£0 - £19,999","Table_Q4_2. The environment:On a scale of 1 to 5 where 1 is not confident at all and 5 is very confident, how confident are you in the ability of the UK government to address the following areas?",Confidence by policy area,on a scale.*confident,1 - Not confident at all,2,3,4,5 - Very confident,,,,,,20.9,22.8,28.2,13.4,8.5,,,,,,Survation_VI_2026-08-13_Tables.xlsx,Tables
UK Adults,,,,,,,income,"£20,000 - £39,999","Table_Q4_2. The environment:On a scale of 1 to 5 where 1 is not confident at all and 5 is very confident, how confident are you in the ability of the UK government to address the following areas?",Confidence by policy area,on a scale.*confident,1 - Not confident at all,2,3,4,5 - Very confident,,,,,,24.7,21.1,30.4,12.6,7.8,,,,,,Survation_VI_2026-08-13_Tables.xlsx,Tables
UK Adults,,,,,,,income,"£40,000+","Table_Q4_2. The environment:On a scale of 1 to 5 where 1 is not confident at all and 5 is very confident, how confident are you in the ability of the UK government to address the following areas?",Confidence by policy area,on a scale.*confident,1 - Not confident at all,2,3,4,5 - Very confident,,,,,,20.1,21.7,33.2,15.4,7.1,,,,,,Survation_VI_2026-08-13_Tables.xlsx,Tables
UK Adults,,,,,,,historic_vote,LAB,"Table_Q4_2. The environment:On a scale of 1 to 5 where 1 is not confident at all and 5 is very confident, how confident are you in the ability of the UK government to address the following areas?",Confidence by policy area,on a scale.*confident,1 - Not confident at all,2,3,4,5 - Very confident,,,,,,9.3,18.5,36.4,21.7,12.0,,,,,,Survation_VI_2026-08-13_Tables.xlsx,Tables
UK Adults,,,,,,,historic_vote,CON,"Table_Q4_2. The environment:On a scale of 1 to 5 where 1 is not confident at all and 5 is very confident, how confident are you in the ability of the UK government to address the following areas?",Confidence by policy area,on a scale.*confident,1 - Not confident at all,2,3,4,5 - Very confident,,,,,,25.1,25.9,26.0,9.1,9.5,,,,,,Survation_VI_2026-08-13_Tables.xlsx,Tables
UK Adults,,,,,,,historic_vote,RFM,"Table_Q4_2. The environment:On a scale of 1 to 5 where 1 is not confident at all and 5 is very confident, how confident are you in the ability of the UK government to address the following areas?",Confidence by policy area,on a scale.*confident,1 - Not confident at all,2,3,4,5 - Very confident,,,,,,34.6,22.1,24.7,9.0,6.5,,,,,,Survation_VI_2026-08-13_Tables.xlsx,Tables
UK Adults,,,,,,,historic_vote,LD,"Table_Q4_2. The environment:On a scale of 1 to 5 where 1 is not confident at all and 5 is very confident, how confident are you in the ability of the UK government to address the following areas?",Confidence by policy area,on a scale.*confident,1 - Not confident at all,2,3,4,5 - Very confident,,,,,,17.5,25.8,34.4,14.3,7.4,,,,,,Survation_VI_2026-08-13_Tables.xlsx,Tables
UK Adults,,,,,,,historic_vote,GRN,"Table_Q4_2. The environment:On a scale of 1 to 5 where 1 is not confident at all and 5 is very confident, how confident are you in the ability of the UK government to address the following areas?",Confidence by policy area,on a scale.*confident,1 - Not confident at all,2,3,4,5 - Very confident,,,,,,25.2,26.1,25.4,11.7,11.6,,,,,,Survation_VI_2026-08-13_Tables.xlsx,Tables
UK Adults,,,,,,,historic_vote,OTH,"Table_Q4_2. The environment:On a scale of 1 to 5 where 1 is not confident at all and 5 is very confident, how confident are you in the ability of the UK government to address the following areas?",Confidence by policy area,on a scale.*confident,1 - Not confident at all,2,3,4,5 - Very confident,,,,,,33.4,21.9,27.1,13.2,4.4,,,,,,Survation_VI_2026-08-13_Tables.xlsx,Tables
UK Adults,,,,,,,historic_vote,Leave,"Table_Q4_2. The environment:On a scale of 1 to 5 where 1 is not confident at all and 5 is very confident, how confident are you in the ability of the UK government to address the following areas?",Confidence by policy area,on a scale.*confident,1 - Not confident at all,2,3,4,5 - Very confident,,,,,,28.1,22.8,26.9,10.7,7.8,,,,,,Survation_VI_2026-08-13_Tables.xlsx,Tables
UK Adults,,,,,,,historic_vote,Remain,"Table_Q4_2. The environment:On a scale of 1 to 5 where 1 is not confident at all and 5 is very confident, how confident are you in the ability of the UK government to address the following areas?",Confidence by policy area,on a scale.*confident,1 - Not confident at all,2,3,4,5 - Very confident,,,,,,16.1,25.1,34.2,17.2,6.3,,,,,,Survation_VI_2026-08-13_Tables.xlsx,Tables
UK Adults,,,,,,,current_vote,LAB,"Table_Q4_2. The environment:On a scale of 1 to 5 where 1 is not confident at all and 5 is very confident, how confident are you in the ability of the UK government to address the following areas?",Confidence by policy area,on a scale.*confident,1 - Not confident at all,2,3,4,5 - Very confident,,,,,,6.5,10.9,39.5,25.1,15.3,,,,,,Survation_VI_2026-08-13_Tables.xlsx,Tables
UK Adults,,,,,,,current_vote,CON,"Table_Q4_2. The environment:On a scale of 1 to 5 where 1 is not confident at all and 5 is very confident, how confident are you in the ability of the UK government to address the following areas?",Confidence by policy area,on a scale.*confident,1 - Not confident at all,2,3,4,5 - Very confident,,,,,,22.5,23.2,29.5,12.0,9.0,,,,,,Survation_VI_2026-08-13_Tables.xlsx,Tables
UK Adults,,,,,,,current_vote,RFM,"Table_Q4_2. The environment:On a scale of 1 to 5 where 1 is not confident at all and 5 is very confident, how confident are you in the ability of the UK government to address the following areas?",Confidence by policy area,on a scale.*confident,1 - Not confident at all,2,3,4,5 - Very confident,,,,,,31.0,23.0,28.1,9.2,5.3,,,,,,Survation_VI_2026-08-13_Tables.xlsx,Tables
UK Adults,,,,,,,current_vote,LD,"Table_Q4_2. The environment:On a scale of 1 to 5 where 1 is not confident at all and 5 is very confident, how confident are you in the ability of the UK government to address the following areas?",Confidence by policy area,on a scale.*confident,1 - Not confident at all,2,3,4,5 - Very confident,,,,,,13.1,32.3,31.1,16.6,6.2,,,,,,Survation_VI_2026-08-13_Tables.xlsx,Tables
UK Adults,,,,,,,current_vote,GRN,"Table_Q4_2. The environment:On a scale of 1 to 5 where 1 is not confident at all and 5 is very confident, how confident are you in the ability of the UK government to address the following areas?",Confidence by policy area,on a scale.*confident,1 - Not confident at all,2,3,4,5 - Very confident,,,,,,29.5,23.8,21.6,13.7,9.2,,,,,,Survation_VI_2026-08-13_Tables.xlsx,Tables
UK Adults,,,,,,,current_vote,OTH,"Table_Q4_2. The environment:On a scale of 1 to 5 where 1 is not confident at all and 5 is very confident, how confident are you in the ability of the UK government to address the following areas?",Confidence by policy area,on a scale.*confident,1 - Not confident at all,2,3,4,5 - Very confident,,,,,,28.2,27.0,27.8,11.6,4.0,,,,,,Survation_VI_2026-08-13_Tables.xlsx,Tables
UK Adults,,,,,,,gender,Female,"Table_Q4_3. Immigration:On a scale of 1 to 5 where 1 is not confident at all and 5 is very confident, how confident are you in the ability of the UK government to address the following areas?",Best party on immigration,immigr,1 - Not confident at all,2,3,4,5 - Very confident,,,,,,44.0,18.0,20.5,8.9,5.7,,,,,,Survation_VI_2026-08-13_Tables.xlsx,Tables
UK Adults,,,,,,,gender,Male,"Table_Q4_3. Immigration:On a scale of 1 to 5 where 1 is not confident at all and 5 is very confident, how confident are you in the ability of the UK government to address the following areas?",Best party on immigration,immigr,1 - Not confident at all,2,3,4,5 - Very confident,,,,,,47.7,16.8,15.1,11.8,6.6,,,,,,Survation_VI_2026-08-13_Tables.xlsx,Tables
UK Adults,,,,,,,age,18-24,"Table_Q4_3. Immigration:On a scale of 1 to 5 where 1 is not confident at all and 5 is very confident, how confident are you in the ability of the UK government to address the following areas?",Best party on immigration,immigr,1 - Not confident at all,2,3,4,5 - Very confident,,,,,,29.6,19.1,21.2,14.7,11.0,,,,,,Survation_VI_2026-08-13_Tables.xlsx,Tables
UK Adults,,,,,,,age,25-34,"Table_Q4_3. Immigration:On a scale of 1 to 5 where 1 is not confident at all and 5 is very confident, how confident are you in the ability of the UK government to address the following areas?",Best party on immigration,immigr,1 - Not confident at all,2,3,4,5 - Very confident,,,,,,29.3,16.5,25.9,12.0,13.7,,,,,,Survation_VI_2026-08-13_Tables.xlsx,Tables
UK Adults,,,,,,,age,35-44,"Table_Q4_3. Immigration:On a scale of 1 to 5 where 1 is not confident at all and 5 is very confident, how confident are you in the ability of the UK government to address the following areas?",Best party on immigration,immigr,1 - Not confident at all,2,3,4,5 - Very confident,,,,,,40.0,18.4,22.5,10.5,5.3,,,,,,Survation_VI_2026-08-13_Tables.xlsx,Tables
UK Adults,,,,,,,age,45-54,"Table_Q4_3. Immigration:On a scale of 1 to 5 where 1 is not confident at all and 5 is very confident, how confident are you in the ability of the UK government to address the following areas?",Best party on immigration,immigr,1 - Not confident at all,2,3,4,5 - Very confident,,,,,,50.0,14.1,16.2,12.2,5.2,,,,,,Survation_VI_2026-08-13_Tables.xlsx,Tables
UK Adults,,,,,,,age,55-64,"Table_Q4_3. Immigration:On a scale of 1 to 5 where 1 is not confident at all and 5 is very confident, how confident are you in the ability of the UK government to address the following areas?",Best party on immigration,immigr,1 - Not confident at all,2,3,4,5 - Very confident,,,,,,56.0,19.0,14.1,6.4,1.9,,,,,,Survation_VI_2026-08-13_Tables.xlsx,Tables
UK Adults,,,,,,,age,65+,"Table_Q4_3. Immigration:On a scale of 1 to 5 where 1 is not confident at all and 5 is very confident, how confident are you in the ability of the UK government to address the following areas?",Best party on immigration,immigr,1 - Not confident at all,2,3,4,5 - Very confident,,,,,,59.1,17.8,11.2,8.2,2.9,,,,,,Survation_VI_2026-08-13_Tables.xlsx,Tables
UK Adults,,,,,,,region,London,"Table_Q4_3. Immigration:On a scale of 1 to 5 where 1 is not confident at all and 5 is very confident, how confident are you in the ability of the UK government to address the following areas?",Best party on immigration,immigr,1 - Not confident at all,2,3,4,5 - Very confident,,,,,,36.3,20.3,17.6,14.1,9.6,,,,,,Survation_VI_2026-08-13_Tables.xlsx,Tables
UK Adults,,,,,,,region,South,"Table_Q4_3. Immigration:On a scale of 1 to 5 where 1 is not confident at all and 5 is very confident, how confident are you in the ability of the UK government to address the following areas?",Best party on immigration,immigr,1 - Not confident at all,2,3,4,5 - Very confident,,,,,,52.4,15.2,17.8,8.1,4.4,,,,,,Survation_VI_2026-08-13_Tables.xlsx,Tables
UK Adults,,,,,,,region,Midlands,"Table_Q4_3. Immigration:On a scale of 1 to 5 where 1 is not confident at all and 5 is very confident, how confident are you in the ability of the UK government to address the following areas?",Best party on immigration,immigr,1 - Not confident at all,2,3,4,5 - Very confident,,,,,,40.3,17.4,24.1,8.3,7.8,,,,,,Survation_VI_2026-08-13_Tables.xlsx,Tables
UK Adults,,,,,,,region,North,"Table_Q4_3. Immigration:On a scale of 1 to 5 where 1 is not confident at all and 5 is very confident, how confident are you in the ability of the UK government to address the following areas?",Best party on immigration,immigr,1 - Not confident at all,2,3,4,5 - Very confident,,,,,,45.5,14.9,17.4,11.5,7.3,,,,,,Survation_VI_2026-08-13_Tables.xlsx,Tables
UK Adults,,,,,,,region,England,"Table_Q4_3. Immigration:On a scale of 1 to 5 where 1 is not confident at all and 5 is very confident, how confident are you in the ability of the UK government to address the following areas?",Best party on immigration,immigr,1 - Not confident at all,2,3,4,5 - Very confident,,,,,,45.7,16.3,18.9,10.0,6.7,,,,,,Survation_VI_2026-08-13_Tables.xlsx,Tables
UK Adults,,,,,,,region,Scotland,"Table_Q4_3. Immigration:On a scale of 1 to 5 where 1 is not confident at all and 5 is very confident, how confident are you in the ability of the UK government to address the following areas?",Best party on immigration,immigr,1 - Not confident at all,2,3,4,5 - Very confident,,,,,,54.2,18.1,11.1,11.4,2.7,,,,,,Survation_VI_2026-08-13_Tables.xlsx,Tables
UK Adults,,,,,,,region,Wales,"Table_Q4_3. Immigration:On a scale of 1 to 5 where 1 is not confident at all and 5 is very confident, how confident are you in the ability of the UK government to address the following areas?",Best party on immigration,immigr,1 - Not confident at all,2,3,4,5 - Very confident,,,,,,43.2,29.0,10.1,11.6,4.7,,,,,,Survation_VI_2026-08-13_Tables.xlsx,Tables
UK Adults,,,,,,,region,Northern Ireland,"Table_Q4_3. Immigration:On a scale of 1 to 5 where 1 is not confident at all and 5 is very confident, how confident are you in the ability of the UK government to address the following areas?",Best party on immigration,immigr,1 - Not confident at all,2,3,4,5 - Very confident,,,,,,28.3,27.2,23.2,14.7,4.5,,,,,,Survation_VI_2026-08-13_Tables.xlsx,Tables
UK Adults,,,,,,,class,ABC1,"Table_Q4_3. Immigration:On a scale of 1 to 5 where 1 is not confident at all and 5 is very confident, how confident are you in the ability of the UK government to address the following areas?",Best party on immigration,immigr,1 - Not confident at all,2,3,4,5 - Very confident,,,,,,38.2,19.6,20.0,13.1,7.5,,,,,,Survation_VI_2026-08-13_Tables.xlsx,Tables
UK Adults,,,,,,,class,C2DE,"Table_Q4_3. Immigration:On a scale of 1 to 5 where 1 is not confident at all and 5 is very confident, how confident are you in the ability of the UK government to address the following areas?",Best party on immigration,immigr,1 - Not confident at all,2,3,4,5 - Very confident,,,,,,55.0,14.8,15.4,6.9,4.6,,,,,,Survation_VI_2026-08-13_Tables.xlsx,Tables
UK Adults,,,,,,,income,"£0 - £19,999","Table_Q4_3. Immigration:On a scale of 1 to 5 where 1 is not confident at all and 5 is very confident, how confident are you in the ability of the UK government to address the following areas?",Best party on immigration,immigr,1 - Not confident at all,2,3,4,5 - Very confident,,,,,,47.6,15.2,17.1,11.3,4.6,,,,,,Survation_VI_2026-08-13_Tables.xlsx,Tables
UK Adults,,,,,,,income,"£20,000 - £39,999","Table_Q4_3. Immigration:On a scale of 1 to 5 where 1 is not confident at all and 5 is very confident, how confident are you in the ability of the UK government to address the following areas?",Best party on immigration,immigr,1 - Not confident at all,2,3,4,5 - Very confident,,,,,,49.6,17.9,16.7,8.5,5.2,,,,,,Survation_VI_2026-08-13_Tables.xlsx,Tables
UK Adults,,,,,,,income,"£40,000+","Table_Q4_3. Immigration:On a scale of 1 to 5 where 1 is not confident at all and 5 is very confident, how confident are you in the ability of the UK government to address the following areas?",Best party on immigration,immigr,1 - Not confident at all,2,3,4,5 - Very confident,,,,,,40.7,18.0,19.7,11.7,8.0,,,,,,Survation_VI_2026-08-13_Tables.xlsx,Tables
UK Adults,,,,,,,historic_vote,LAB,"Table_Q4_3. Immigration:On a scale of 1 to 5 where 1 is not confident at all and 5 is very confident, how confident are you in the ability of the UK government to address the following areas?",Best party on immigration,immigr,1 - Not confident at all,2,3,4,5 - Very confident,,,,,,27.7,15.2,26.8,18.6,10.0,,,,,,Survation_VI_2026-08-13_Tables.xlsx,Tables
UK Adults,,,,,,,historic_vote,CON,"Table_Q4_3. Immigration:On a scale of 1 to 5 where 1 is not confident at all and 5 is very confident, how confident are you in the ability of the UK government to address the following areas?",Best party on immigration,immigr,1 - Not confident at all,2,3,4,5 - Very confident,,,,,,57.8,19.7,8.2,7.6,6.1,,,,,,Survation_VI_2026-08-13_Tables.xlsx,Tables
UK Adults,,,,,,,historic_vote,RFM,"Table_Q4_3. Immigration:On a scale of 1 to 5 where 1 is not confident at all and 5 is very confident, how confident are you in the ability of the UK government to address the following areas?",Best party on immigration,immigr,1 - Not confident at all,2,3,4,5 - Very confident,,,,,,73.1,10.5,8.1,2.7,4.8,,,,,,Survation_VI_2026-08-13_Tables.xlsx,Tables
UK Adults,,,,,,,historic_vote,LD,"Table_Q4_3. Immigration:On a scale of 1 to 5 where 1 is not confident at all and 5 is very confident, how confident are you in the ability of the UK government to address the following areas?",Best party on immigration,immigr,1 - Not confident at all,2,3,4,5 - Very confident,,,,,,41.7,21.3,20.4,9.4,6.7,,,,,,Survation_VI_2026-08-13_Tables.xlsx,Tables
UK Adults,,,,,,,historic_vote,GRN,"Table_Q4_3. Immigration:On a scale of 1 to 5 where 1 is not confident at all and 5 is very confident, how confident are you in the ability of the UK government to address the following areas?",Best party on immigration,immigr,1 - Not confident at all,2,3,4,5 - Very confident,,,,,,40.3,19.9,26.3,11.3,2.2,,,,,,Survation_VI_2026-08-13_Tables.xlsx,Tables
UK Adults,,,,,,,historic_vote,OTH,"Table_Q4_3. Immigration:On a scale of 1 to 5 where 1 is not confident at all and 5 is very confident, how confident are you in the ability of the UK government to address the following areas?",Best party on immigration,immigr,1 - Not confident at all,2,3,4,5 - Very confident,,,,,,41.3,23.7,16.2,11.4,5.4,,,,,,Survation_VI_2026-08-13_Tables.xlsx,Tables
UK Adults,,,,,,,historic_vote,Leave,"Table_Q4_3. Immigration:On a scale of 1 to 5 where 1 is not confident at all and 5 is very confident, how confident are you in the ability of the UK government to address the following areas?",Best party on immigration,immigr,1 - Not confident at all,2,3,4,5 - Very confident,,,,,,62.7,14.7,10.2,6.3,4.7,,,,,,Survation_VI_2026-08-13_Tables.xlsx,Tables
UK Adults,,,,,,,historic_vote,Remain,"Table_Q4_3. Immigration:On a scale of 1 to 5 where 1 is not confident at all and 5 is very confident, how confident are you in the ability of the UK government to address the following areas?",Best party on immigration,immigr,1 - Not confident at all,2,3,4,5 - Very confident,,,,,,34.2,20.8,23.0,15.4,5.5,,,,,,Survation_VI_2026-08-13_Tables.xlsx,Tables
UK Adults,,,,,,,current_vote,LAB,"Table_Q4_3. Immigration:On a scale of 1 to 5 where 1 is not confident at all and 5 is very confident, how confident are you in the ability of the UK government to address the following areas?",Best party on immigration,immigr,1 - Not confident at all,2,3,4,5 - Very confident,,,,,,16.4,14.0,31.6,24.2,11.0,,,,,,Survation_VI_2026-08-13_Tables.xlsx,Tables
UK Adults,,,,,,,current_vote,CON,"Table_Q4_3. Immigration:On a scale of 1 to 5 where 1 is not confident at all and 5 is very confident, how confident are you in the ability of the UK government to address the following areas?",Best party on immigration,immigr,1 - Not confident at all,2,3,4,5 - Very confident,,,,,,47.6,24.5,14.0,5.9,7.8,,,,,,Survation_VI_2026-08-13_Tables.xlsx,Tables
UK Adults,,,,,,,current_vote,RFM,"Table_Q4_3. Immigration:On a scale of 1 to 5 where 1 is not confident at all and 5 is very confident, how confident are you in the ability of the UK government to address the following areas?",Best party on immigration,immigr,1 - Not confident at all,2,3,4,5 - Very confident,,,,,,74.7,11.4,6.1,3.0,4.3,,,,,,Survation_VI_2026-08-13_Tables.xlsx,Tables
UK Adults,,,,,,,current_vote,LD,"Table_Q4_3. Immigration:On a scale of 1 to 5 where 1 is not confident at all and 5 is very confident, how confident are you in the ability of the UK government to address the following areas?",Best party on immigration,immigr,1 - Not confident at all,2,3,4,5 - Very confident,,,,,,33.1,22.4,21.8,13.0,8.6,,,,,,Survation_VI_2026-08-13_Tables.xlsx,Tables
UK Adults,,,,,,,current_vote,GRN,"Table_Q4_3. Immigration:On a scale of 1 to 5 where 1 is not confident at all and 5 is very confident, how confident are you in the ability of the UK government to address the following areas?",Best party on immigration,immigr,1 - Not confident at all,2,3,4,5 - Very confident,,,,,,29.6,23.4,28.4,12.2,4.1,,,,,,Survation_VI_2026-08-13_Tables.xlsx,Tables
UK Adults,,,,,,,current_vote,OTH,"Table_Q4_3. Immigration:On a scale of 1 to 5 where 1 is not confident at all and 5 is very confident, how confident are you in the ability of the UK government to address the following areas?",Best party on immigration,immigr,1 - Not confident at all,2,3,4,5 - Very confident,,,,,,48.3,23.9,11.1,10.2,4.7,,,,,,Survation_VI_2026-08-13_Tables.xlsx,Tables
UK Adults,,,,,,,gender,Female,"Table_Q4_4. Industrial relations:On a scale of 1 to 5 where 1 is not confident at all and 5 is very confident, how confident are you in the ability of the UK government to address the following areas?",Confidence by policy area,on a scale.*confident,1 - Not confident at all,2,3,4,5 - Very confident,,,,,,15.4,19.5,33.8,15.4,6.0,,,,,,Survation_VI_2026-08-13_Tables.xlsx,Tables
UK Adults,,,,,,,gender,Male,"Table_Q4_4. Industrial relations:On a scale of 1 to 5 where 1 is not confident at all and 5 is very confident, how confident are you in the ability of the UK government to address the following areas?",Confidence by policy area,on a scale.*confident,1 - Not confident at all,2,3,4,5 - Very confident,,,,,,18.3,17.4,31.9,21.0,6.7,,,,,,Survation_VI_2026-08-13_Tables.xlsx,Tables
UK Adults,,,,,,,age,18-24,"Table_Q4_4. Industrial relations:On a scale of 1 to 5 where 1 is not confident at all and 5 is very confident, how confident are you in the ability of the UK government to address the following areas?",Confidence by policy area,on a scale.*confident,1 - Not confident at all,2,3,4,5 - Very confident,,,,,,8.1,17.3,30.4,23.0,8.0,,,,,,Survation_VI_2026-08-13_Tables.xlsx,Tables
UK Adults,,,,,,,age,25-34,"Table_Q4_4. Industrial relations:On a scale of 1 to 5 where 1 is not confident at all and 5 is very confident, how confident are you in the ability of the UK government to address the following areas?",Confidence by policy area,on a scale.*confident,1 - Not confident at all,2,3,4,5 - Very confident,,,,,,12.6,20.1,30.3,20.8,8.8,,,,,,Survation_VI_2026-08-13_Tables.xlsx,Tables
UK Adults,,,,,,,age,35-44,"Table_Q4_4. Industrial relations:On a scale of 1 to 5 where 1 is not confident at all and 5 is very confident, how confident are you in the ability of the UK government to address the following areas?",Confidence by policy area,on a scale.*confident,1 - Not confident at all,2,3,4,5 - Very confident,,,,,,15.7,16.6,35.1,16.5,7.1,,,,,,Survation_VI_2026-08-13_Tables.xlsx,Tables
UK Adults,,,,,,,age,45-54,"Table_Q4_4. Industrial relations:On a scale of 1 to 5 where 1 is not confident at all and 5 is very confident, how confident are you in the ability of the UK government to address the following areas?",Confidence by policy area,on a scale.*confident,1 - Not confident at all,2,3,4,5 - Very confident,,,,,,21.2,22.9,30.2,17.1,4.1,,,,,,Survation_VI_2026-08-13_Tables.xlsx,Tables
UK Adults,,,,,,,age,55-64,"Table_Q4_4. Industrial relations:On a scale of 1 to 5 where 1 is not confident at all and 5 is very confident, how confident are you in the ability of the UK government to address the following areas?",Confidence by policy area,on a scale.*confident,1 - Not confident at all,2,3,4,5 - Very confident,,,,,,21.9,20.6,33.7,13.3,3.0,,,,,,Survation_VI_2026-08-13_Tables.xlsx,Tables
UK Adults,,,,,,,age,65+,"Table_Q4_4. Industrial relations:On a scale of 1 to 5 where 1 is not confident at all and 5 is very confident, how confident are you in the ability of the UK government to address the following areas?",Confidence by policy area,on a scale.*confident,1 - Not confident at all,2,3,4,5 - Very confident,,,,,,17.9,14.7,35.6,19.1,7.1,,,,,,Survation_VI_2026-08-13_Tables.xlsx,Tables
UK Adults,,,,,,,region,London,"Table_Q4_4. Industrial relations:On a scale of 1 to 5 where 1 is not confident at all and 5 is very confident, how confident are you in the ability of the UK government to address the following areas?",Confidence by policy area,on a scale.*confident,1 - Not confident at all,2,3,4,5 - Very confident,,,,,,20.0,17.2,31.1,21.3,5.2,,,,,,Survation_VI_2026-08-13_Tables.xlsx,Tables
UK Adults,,,,,,,region,South,"Table_Q4_4. Industrial relations:On a scale of 1 to 5 where 1 is not confident at all and 5 is very confident, how confident are you in the ability of the UK government to address the following areas?",Confidence by policy area,on a scale.*confident,1 - Not confident at all,2,3,4,5 - Very confident,,,,,,16.1,18.8,35.5,15.9,5.6,,,,,,Survation_VI_2026-08-13_Tables.xlsx,Tables
UK Adults,,,,,,,region,Midlands,"Table_Q4_4. Industrial relations:On a scale of 1 to 5 where 1 is not confident at all and 5 is very confident, how confident are you in the ability of the UK government to address the following areas?",Confidence by policy area,on a scale.*confident,1 - Not confident at all,2,3,4,5 - Very confident,,,,,,16.5,20.4,31.5,18.6,5.4,,,,,,Survation_VI_2026-08-13_Tables.xlsx,Tables
UK Adults,,,,,,,region,North,"Table_Q4_4. Industrial relations:On a scale of 1 to 5 where 1 is not confident at all and 5 is very confident, how confident are you in the ability of the UK government to address the following areas?",Confidence by policy area,on a scale.*confident,1 - Not confident at all,2,3,4,5 - Very confident,,,,,,18.8,16.5,29.8,18.3,8.7,,,,,,Survation_VI_2026-08-13_Tables.xlsx,Tables
UK Adults,,,,,,,region,England,"Table_Q4_4. Industrial relations:On a scale of 1 to 5 where 1 is not confident at all and 5 is very confident, how confident are you in the ability of the UK government to address the following areas?",Confidence by policy area,on a scale.*confident,1 - Not confident at all,2,3,4,5 - Very confident,,,,,,17.5,18.3,32.5,17.9,6.4,,,,,,Survation_VI_2026-08-13_Tables.xlsx,Tables
UK Adults,,,,,,,region,Scotland,"Table_Q4_4. Industrial relations:On a scale of 1 to 5 where 1 is not confident at all and 5 is very confident, how confident are you in the ability of the UK government to address the following areas?",Confidence by policy area,on a scale.*confident,1 - Not confident at all,2,3,4,5 - Very confident,,,,,,15.1,23.9,37.8,16.1,4.3,,,,,,Survation_VI_2026-08-13_Tables.xlsx,Tables
UK Adults,,,,,,,region,Wales,"Table_Q4_4. Industrial relations:On a scale of 1 to 5 where 1 is not confident at all and 5 is very confident, how confident are you in the ability of the UK government to address the following areas?",Confidence by policy area,on a scale.*confident,1 - Not confident at all,2,3,4,5 - Very confident,,,,,,10.5,17.9,27.8,18.0,8.6,,,,,,Survation_VI_2026-08-13_Tables.xlsx,Tables
UK Adults,,,,,,,region,Northern Ireland,"Table_Q4_4. Industrial relations:On a scale of 1 to 5 where 1 is not confident at all and 5 is very confident, how confident are you in the ability of the UK government to address the following areas?",Confidence by policy area,on a scale.*confident,1 - Not confident at all,2,3,4,5 - Very confident,,,,,,10.9,10.1,38.4,30.6,6.8,,,,,,Survation_VI_2026-08-13_Tables.xlsx,Tables
UK Adults,,,,,,,class,ABC1,"Table_Q4_4. Industrial relations:On a scale of 1 to 5 where 1 is not confident at all and 5 is very confident, how confident are you in the ability of the UK government to address the following areas?",Confidence by policy area,on a scale.*confident,1 - Not confident at all,2,3,4,5 - Very confident,,,,,,14.8,19.9,31.2,20.9,6.2,,,,,,Survation_VI_2026-08-13_Tables.xlsx,Tables
UK Adults,,,,,,,class,C2DE,"Table_Q4_4. Industrial relations:On a scale of 1 to 5 where 1 is not confident at all and 5 is very confident, how confident are you in the ability of the UK government to address the following areas?",Confidence by policy area,on a scale.*confident,1 - Not confident at all,2,3,4,5 - Very confident,,,,,,19.2,16.8,34.9,14.7,6.5,,,,,,Survation_VI_2026-08-13_Tables.xlsx,Tables
UK Adults,,,,,,,income,"£0 - £19,999","Table_Q4_4. Industrial relations:On a scale of 1 to 5 where 1 is not confident at all and 5 is very confident, how confident are you in the ability of the UK government to address the following areas?",Confidence by policy area,on a scale.*confident,1 - Not confident at all,2,3,4,5 - Very confident,,,,,,16.4,16.2,33.7,15.2,6.7,,,,,,Survation_VI_2026-08-13_Tables.xlsx,Tables
UK Adults,,,,,,,income,"£20,000 - £39,999","Table_Q4_4. Industrial relations:On a scale of 1 to 5 where 1 is not confident at all and 5 is very confident, how confident are you in the ability of the UK government to address the following areas?",Confidence by policy area,on a scale.*confident,1 - Not confident at all,2,3,4,5 - Very confident,,,,,,19.6,18.2,32.8,17.3,5.8,,,,,,Survation_VI_2026-08-13_Tables.xlsx,Tables
UK Adults,,,,,,,income,"£40,000+","Table_Q4_4. Industrial relations:On a scale of 1 to 5 where 1 is not confident at all and 5 is very confident, how confident are you in the ability of the UK government to address the following areas?",Confidence by policy area,on a scale.*confident,1 - Not confident at all,2,3,4,5 - Very confident,,,,,,14.0,20.0,32.5,20.6,6.7,,,,,,Survation_VI_2026-08-13_Tables.xlsx,Tables
UK Adults,,,,,,,historic_vote,LAB,"Table_Q4_4. Industrial relations:On a scale of 1 to 5 where 1 is not confident at all and 5 is very confident, how confident are you in the ability of the UK government to address the following areas?",Confidence by policy area,on a scale.*confident,1 - Not confident at all,2,3,4,5 - Very confident,,,,,,7.4,15.2,34.2,27.7,11.2,,,,,,Survation_VI_2026-08-13_Tables.xlsx,Tables
UK Adults,,,,,,,historic_vote,CON,"Table_Q4_4. Industrial relations:On a scale of 1 to 5 where 1 is not confident at all and 5 is very confident, how confident are you in the ability of the UK government to address the following areas?",Confidence by policy area,on a scale.*confident,1 - Not confident at all,2,3,4,5 - Very confident,,,,,,21.4,24.0,30.4,13.9,6.7,,,,,,Survation_VI_2026-08-13_Tables.xlsx,Tables
UK Adults,,,,,,,historic_vote,RFM,"Table_Q4_4. Industrial relations:On a scale of 1 to 5 where 1 is not confident at all and 5 is very confident, how confident are you in the ability of the UK government to address the following areas?",Confidence by policy area,on a scale.*confident,1 - Not confident at all,2,3,4,5 - Very confident,,,,,,31.6,21.1,32.3,9.7,3.0,,,,,,Survation_VI_2026-08-13_Tables.xlsx,Tables
UK Adults,,,,,,,historic_vote,LD,"Table_Q4_4. Industrial relations:On a scale of 1 to 5 where 1 is not confident at all and 5 is very confident, how confident are you in the ability of the UK government to address the following areas?",Confidence by policy area,on a scale.*confident,1 - Not confident at all,2,3,4,5 - Very confident,,,,,,7.7,11.7,51.9,17.2,6.0,,,,,,Survation_VI_2026-08-13_Tables.xlsx,Tables
UK Adults,,,,,,,historic_vote,GRN,"Table_Q4_4. Industrial relations:On a scale of 1 to 5 where 1 is not confident at all and 5 is very confident, how confident are you in the ability of the UK government to address the following areas?",Confidence by policy area,on a scale.*confident,1 - Not confident at all,2,3,4,5 - Very confident,,,,,,18.4,26.3,32.8,15.9,2.6,,,,,,Survation_VI_2026-08-13_Tables.xlsx,Tables
UK Adults,,,,,,,historic_vote,OTH,"Table_Q4_4. Industrial relations:On a scale of 1 to 5 where 1 is not confident at all and 5 is very confident, how confident are you in the ability of the UK government to address the following areas?",Confidence by policy area,on a scale.*confident,1 - Not confident at all,2,3,4,5 - Very confident,,,,,,15.5,15.6,32.8,23.8,5.8,,,,,,Survation_VI_2026-08-13_Tables.xlsx,Tables
UK Adults,,,,,,,historic_vote,Leave,"Table_Q4_4. Industrial relations:On a scale of 1 to 5 where 1 is not confident at all and 5 is very confident, how confident are you in the ability of the UK government to address the following areas?",Confidence by policy area,on a scale.*confident,1 - Not confident at all,2,3,4,5 - Very confident,,,,,,24.1,18.7,31.3,15.4,6.1,,,,,,Survation_VI_2026-08-13_Tables.xlsx,Tables
UK Adults,,,,,,,historic_vote,Remain,"Table_Q4_4. Industrial relations:On a scale of 1 to 5 where 1 is not confident at all and 5 is very confident, how confident are you in the ability of the UK government to address the following areas?",Confidence by policy area,on a scale.*confident,1 - Not confident at all,2,3,4,5 - Very confident,,,,,,10.7,17.6,38.3,21.0,6.4,,,,,,Survation_VI_2026-08-13_Tables.xlsx,Tables
UK Adults,,,,,,,current_vote,LAB,"Table_Q4_4. Industrial relations:On a scale of 1 to 5 where 1 is not confident at all and 5 is very confident, how confident are you in the ability of the UK government to address the following areas?",Confidence by policy area,on a scale.*confident,1 - Not confident at all,2,3,4,5 - Very confident,,,,,,3.9,13.6,33.7,29.1,14.4,,,,,,Survation_VI_2026-08-13_Tables.xlsx,Tables
UK Adults,,,,,,,current_vote,CON,"Table_Q4_4. Industrial relations:On a scale of 1 to 5 where 1 is not confident at all and 5 is very confident, how confident are you in the ability of the UK government to address the following areas?",Confidence by policy area,on a scale.*confident,1 - Not confident at all,2,3,4,5 - Very confident,,,,,,17.7,18.3,36.0,16.3,6.9,,,,,,Survation_VI_2026-08-13_Tables.xlsx,Tables
UK Adults,,,,,,,current_vote,RFM,"Table_Q4_4. Industrial relations:On a scale of 1 to 5 where 1 is not confident at all and 5 is very confident, how confident are you in the ability of the UK government to address the following areas?",Confidence by policy area,on a scale.*confident,1 - Not confident at all,2,3,4,5 - Very confident,,,,,,28.9,23.2,28.4,11.0,3.6,,,,,,Survation_VI_2026-08-13_Tables.xlsx,Tables
UK Adults,,,,,,,current_vote,LD,"Table_Q4_4. Industrial relations:On a scale of 1 to 5 where 1 is not confident at all and 5 is very confident, how confident are you in the ability of the UK government to address the following areas?",Confidence by policy area,on a scale.*confident,1 - Not confident at all,2,3,4,5 - Very confident,,,,,,8.2,12.9,44.9,21.6,5.6,,,,,,Survation_VI_2026-08-13_Tables.xlsx,Tables
UK Adults,,,,,,,current_vote,GRN,"Table_Q4_4. Industrial relations:On a scale of 1 to 5 where 1 is not confident at all and 5 is very confident, how confident are you in the ability of the UK government to address the following areas?",Confidence by policy area,on a scale.*confident,1 - Not confident at all,2,3,4,5 - Very confident,,,,,,16.3,22.4,31.6,20.7,2.5,,,,,,Survation_VI_2026-08-13_Tables.xlsx,Tables
UK Adults,,,,,,,current_vote,OTH,"Table_Q4_4. Industrial relations:On a scale of 1 to 5 where 1 is not confident at all and 5 is very confident, how confident are you in the ability of the UK government to address the following areas?",Confidence by policy area,on a scale.*confident,1 - Not confident at all,2,3,4,5 - Very confident,,,,,,15.2,22.3,32.1,16.7,4.9,,,,,,Survation_VI_2026-08-13_Tables.xlsx,Tables
UK Adults,,,,,,,gender,Female,"Table_Q4_5. The NHS:On a scale of 1 to 5 where 1 is not confident at all and 5 is very confident, how confident are you in the ability of the UK government to address the following areas?",Best party on NHS/healthcare,nhs,1 - Not confident at all,2,3,4,5 - Very confident,,,,,,24.6,19.6,29.2,13.9,10.0,,,,,,Survation_VI_2026-08-13_Tables.xlsx,Tables
UK Adults,,,,,,,gender,Male,"Table_Q4_5. The NHS:On a scale of 1 to 5 where 1 is not confident at all and 5 is very confident, how confident are you in the ability of the UK government to address the following areas?",Best party on NHS/healthcare,nhs,1 - Not confident at all,2,3,4,5 - Very confident,,,,,,21.8,21.7,26.9,19.2,8.6,,,,,,Survation_VI_2026-08-13_Tables.xlsx,Tables
UK Adults,,,,,,,age,18-24,"Table_Q4_5. The NHS:On a scale of 1 to 5 where 1 is not confident at all and 5 is very confident, how confident are you in the ability of the UK government to address the following areas?",Best party on NHS/healthcare,nhs,1 - Not confident at all,2,3,4,5 - Very confident,,,,,,10.7,22.2,33.1,14.3,14.6,,,,,,Survation_VI_2026-08-13_Tables.xlsx,Tables
UK Adults,,,,,,,age,25-34,"Table_Q4_5. The NHS:On a scale of 1 to 5 where 1 is not confident at all and 5 is very confident, how confident are you in the ability of the UK government to address the following areas?",Best party on NHS/healthcare,nhs,1 - Not confident at all,2,3,4,5 - Very confident,,,,,,16.1,17.5,28.1,18.4,16.8,,,,,,Survation_VI_2026-08-13_Tables.xlsx,Tables
UK Adults,,,,,,,age,35-44,"Table_Q4_5. The NHS:On a scale of 1 to 5 where 1 is not confident at all and 5 is very confident, how confident are you in the ability of the UK government to address the following areas?",Best party on NHS/healthcare,nhs,1 - Not confident at all,2,3,4,5 - Very confident,,,,,,24.6,21.8,24.0,17.4,8.7,,,,,,Survation_VI_2026-08-13_Tables.xlsx,Tables
UK Adults,,,,,,,age,45-54,"Table_Q4_5. The NHS:On a scale of 1 to 5 where 1 is not confident at all and 5 is very confident, how confident are you in the ability of the UK government to address the following areas?",Best party on NHS/healthcare,nhs,1 - Not confident at all,2,3,4,5 - Very confident,,,,,,29.2,19.4,27.6,17.9,4.7,,,,,,Survation_VI_2026-08-13_Tables.xlsx,Tables
UK Adults,,,,,,,age,55-64,"Table_Q4_5. The NHS:On a scale of 1 to 5 where 1 is not confident at all and 5 is very confident, how confident are you in the ability of the UK government to address the following areas?",Best party on NHS/healthcare,nhs,1 - Not confident at all,2,3,4,5 - Very confident,,,,,,28.2,22.9,28.2,13.8,4.5,,,,,,Survation_VI_2026-08-13_Tables.xlsx,Tables
UK Adults,,,,,,,age,65+,"Table_Q4_5. The NHS:On a scale of 1 to 5 where 1 is not confident at all and 5 is very confident, how confident are you in the ability of the UK government to address the following areas?",Best party on NHS/healthcare,nhs,1 - Not confident at all,2,3,4,5 - Very confident,,,,,,25.4,20.5,29.1,16.0,8.6,,,,,,Survation_VI_2026-08-13_Tables.xlsx,Tables
UK Adults,,,,,,,region,London,"Table_Q4_5. The NHS:On a scale of 1 to 5 where 1 is not confident at all and 5 is very confident, how confident are you in the ability of the UK government to address the following areas?",Best party on NHS/healthcare,nhs,1 - Not confident at all,2,3,4,5 - Very confident,,,,,,26.8,14.8,29.6,16.5,10.5,,,,,,Survation_VI_2026-08-13_Tables.xlsx,Tables
UK Adults,,,,,,,region,South,"Table_Q4_5. The NHS:On a scale of 1 to 5 where 1 is not confident at all and 5 is very confident, how confident are you in the ability of the UK government to address the following areas?",Best party on NHS/healthcare,nhs,1 - Not confident at all,2,3,4,5 - Very confident,,,,,,21.1,23.7,29.1,15.9,8.2,,,,,,Survation_VI_2026-08-13_Tables.xlsx,Tables
UK Adults,,,,,,,region,Midlands,"Table_Q4_5. The NHS:On a scale of 1 to 5 where 1 is not confident at all and 5 is very confident, how confident are you in the ability of the UK government to address the following areas?",Best party on NHS/healthcare,nhs,1 - Not confident at all,2,3,4,5 - Very confident,,,,,,23.2,17.6,27.5,18.3,11.5,,,,,,Survation_VI_2026-08-13_Tables.xlsx,Tables
UK Adults,,,,,,,region,North,"Table_Q4_5. The NHS:On a scale of 1 to 5 where 1 is not confident at all and 5 is very confident, how confident are you in the ability of the UK government to address the following areas?",Best party on NHS/healthcare,nhs,1 - Not confident at all,2,3,4,5 - Very confident,,,,,,21.4,18.2,27.3,18.6,11.0,,,,,,Survation_VI_2026-08-13_Tables.xlsx,Tables
UK Adults,,,,,,,region,England,"Table_Q4_5. The NHS:On a scale of 1 to 5 where 1 is not confident at all and 5 is very confident, how confident are you in the ability of the UK government to address the following areas?",Best party on NHS/healthcare,nhs,1 - Not confident at all,2,3,4,5 - Very confident,,,,,,22.5,19.7,28.4,17.2,10.0,,,,,,Survation_VI_2026-08-13_Tables.xlsx,Tables
UK Adults,,,,,,,region,Scotland,"Table_Q4_5. The NHS:On a scale of 1 to 5 where 1 is not confident at all and 5 is very confident, how confident are you in the ability of the UK government to address the following areas?",Best party on NHS/healthcare,nhs,1 - Not confident at all,2,3,4,5 - Very confident,,,,,,29.9,21.7,30.7,10.8,5.7,,,,,,Survation_VI_2026-08-13_Tables.xlsx,Tables
UK Adults,,,,,,,region,Wales,"Table_Q4_5. The NHS:On a scale of 1 to 5 where 1 is not confident at all and 5 is very confident, how confident are you in the ability of the UK government to address the following areas?",Best party on NHS/healthcare,nhs,1 - Not confident at all,2,3,4,5 - Very confident,,,,,,23.6,36.9,17.8,11.5,7.1,,,,,,Survation_VI_2026-08-13_Tables.xlsx,Tables
UK Adults,,,,,,,region,Northern Ireland,"Table_Q4_5. The NHS:On a scale of 1 to 5 where 1 is not confident at all and 5 is very confident, how confident are you in the ability of the UK government to address the following areas?",Best party on NHS/healthcare,nhs,1 - Not confident at all,2,3,4,5 - Very confident,,,,,,26.0,17.5,30.2,19.0,5.2,,,,,,Survation_VI_2026-08-13_Tables.xlsx,Tables
UK Adults,,,,,,,class,ABC1,"Table_Q4_5. The NHS:On a scale of 1 to 5 where 1 is not confident at all and 5 is very confident, how confident are you in the ability of the UK government to address the following areas?",Best party on NHS/healthcare,nhs,1 - Not confident at all,2,3,4,5 - Very confident,,,,,,22.4,20.6,28.0,17.9,9.8,,,,,,Survation_VI_2026-08-13_Tables.xlsx,Tables
UK Adults,,,,,,,class,C2DE,"Table_Q4_5. The NHS:On a scale of 1 to 5 where 1 is not confident at all and 5 is very confident, how confident are you in the ability of the UK government to address the following areas?",Best party on NHS/healthcare,nhs,1 - Not confident at all,2,3,4,5 - Very confident,,,,,,24.3,20.6,28.3,14.6,8.8,,,,,,Survation_VI_2026-08-13_Tables.xlsx,Tables
UK Adults,,,,,,,income,"£0 - £19,999","Table_Q4_5. The NHS:On a scale of 1 to 5 where 1 is not confident at all and 5 is very confident, how confident are you in the ability of the UK government to address the following areas?",Best party on NHS/healthcare,nhs,1 - Not confident at all,2,3,4,5 - Very confident,,,,,,21.5,19.4,28.7,15.5,9.8,,,,,,Survation_VI_2026-08-13_Tables.xlsx,Tables
UK Adults,,,,,,,income,"£20,000 - £39,999","Table_Q4_5. The NHS:On a scale of 1 to 5 where 1 is not confident at all and 5 is very confident, how confident are you in the ability of the UK government to address the following areas?",Best party on NHS/healthcare,nhs,1 - Not confident at all,2,3,4,5 - Very confident,,,,,,25.9,19.2,30.9,13.4,9.0,,,,,,Survation_VI_2026-08-13_Tables.xlsx,Tables
UK Adults,,,,,,,income,"£40,000+","Table_Q4_5. The NHS:On a scale of 1 to 5 where 1 is not confident at all and 5 is very confident, how confident are you in the ability of the UK government to address the following areas?",Best party on NHS/healthcare,nhs,1 - Not confident at all,2,3,4,5 - Very confident,,,,,,21.3,22.7,24.8,20.3,9.4,,,,,,Survation_VI_2026-08-13_Tables.xlsx,Tables
UK Adults,,,,,,,historic_vote,LAB,"Table_Q4_5. The NHS:On a scale of 1 to 5 where 1 is not confident at all and 5 is very confident, how confident are you in the ability of the UK government to address the following areas?",Best party on NHS/healthcare,nhs,1 - Not confident at all,2,3,4,5 - Very confident,,,,,,11.3,15.9,30.1,25.4,16.2,,,,,,Survation_VI_2026-08-13_Tables.xlsx,Tables
UK Adults,,,,,,,historic_vote,CON,"Table_Q4_5. The NHS:On a scale of 1 to 5 where 1 is not confident at all and 5 is very confident, how confident are you in the ability of the UK government to address the following areas?",Best party on NHS/healthcare,nhs,1 - Not confident at all,2,3,4,5 - Very confident,,,,,,30.2,23.2,26.3,13.1,7.1,,,,,,Survation_VI_2026-08-13_Tables.xlsx,Tables
UK Adults,,,,,,,historic_vote,RFM,"Table_Q4_5. The NHS:On a scale of 1 to 5 where 1 is not confident at all and 5 is very confident, how confident are you in the ability of the UK government to address the following areas?",Best party on NHS/healthcare,nhs,1 - Not confident at all,2,3,4,5 - Very confident,,,,,,38.9,20.8,26.2,8.7,3.9,,,,,,Survation_VI_2026-08-13_Tables.xlsx,Tables
UK Adults,,,,,,,historic_vote,LD,"Table_Q4_5. The NHS:On a scale of 1 to 5 where 1 is not confident at all and 5 is very confident, how confident are you in the ability of the UK government to address the following areas?",Best party on NHS/healthcare,nhs,1 - Not confident at all,2,3,4,5 - Very confident,,,,,,21.2,18.7,29.8,22.5,7.3,,,,,,Survation_VI_2026-08-13_Tables.xlsx,Tables
UK Adults,,,,,,,historic_vote,GRN,"Table_Q4_5. The NHS:On a scale of 1 to 5 where 1 is not confident at all and 5 is very confident, how confident are you in the ability of the UK government to address the following areas?",Best party on NHS/healthcare,nhs,1 - Not confident at all,2,3,4,5 - Very confident,,,,,,24.6,30.8,18.1,9.3,17.2,,,,,,Survation_VI_2026-08-13_Tables.xlsx,Tables
UK Adults,,,,,,,historic_vote,OTH,"Table_Q4_5. The NHS:On a scale of 1 to 5 where 1 is not confident at all and 5 is very confident, how confident are you in the ability of the UK government to address the following areas?",Best party on NHS/healthcare,nhs,1 - Not confident at all,2,3,4,5 - Very confident,,,,,,28.3,25.9,24.9,13.9,6.0,,,,,,Survation_VI_2026-08-13_Tables.xlsx,Tables
UK Adults,,,,,,,historic_vote,Leave,"Table_Q4_5. The NHS:On a scale of 1 to 5 where 1 is not confident at all and 5 is very confident, how confident are you in the ability of the UK government to address the following areas?",Best party on NHS/healthcare,nhs,1 - Not confident at all,2,3,4,5 - Very confident,,,,,,30.8,21.5,28.9,11.2,6.8,,,,,,Survation_VI_2026-08-13_Tables.xlsx,Tables
UK Adults,,,,,,,historic_vote,Remain,"Table_Q4_5. The NHS:On a scale of 1 to 5 where 1 is not confident at all and 5 is very confident, how confident are you in the ability of the UK government to address the following areas?",Best party on NHS/healthcare,nhs,1 - Not confident at all,2,3,4,5 - Very confident,,,,,,18.7,21.9,27.4,21.7,9.2,,,,,,Survation_VI_2026-08-13_Tables.xlsx,Tables
UK Adults,,,,,,,current_vote,LAB,"Table_Q4_5. The NHS:On a scale of 1 to 5 where 1 is not confident at all and 5 is very confident, how confident are you in the ability of the UK government to address the following areas?",Best party on NHS/healthcare,nhs,1 - Not confident at all,2,3,4,5 - Very confident,,,,,,5.9,10.6,30.6,31.1,19.7,,,,,,Survation_VI_2026-08-13_Tables.xlsx,Tables
UK Adults,,,,,,,current_vote,CON,"Table_Q4_5. The NHS:On a scale of 1 to 5 where 1 is not confident at all and 5 is very confident, how confident are you in the ability of the UK government to address the following areas?",Best party on NHS/healthcare,nhs,1 - Not confident at all,2,3,4,5 - Very confident,,,,,,25.4,21.7,30.7,13.2,9.0,,,,,,Survation_VI_2026-08-13_Tables.xlsx,Tables
UK Adults,,,,,,,current_vote,RFM,"Table_Q4_5. The NHS:On a scale of 1 to 5 where 1 is not confident at all and 5 is very confident, how confident are you in the ability of the UK government to address the following areas?",Best party on NHS/healthcare,nhs,1 - Not confident at all,2,3,4,5 - Very confident,,,,,,36.1,26.3,23.8,6.9,5.5,,,,,,Survation_VI_2026-08-13_Tables.xlsx,Tables
UK Adults,,,,,,,current_vote,LD,"Table_Q4_5. The NHS:On a scale of 1 to 5 where 1 is not confident at all and 5 is very confident, how confident are you in the ability of the UK government to address the following areas?",Best party on NHS/healthcare,nhs,1 - Not confident at all,2,3,4,5 - Very confident,,,,,,17.9,20.0,31.6,21.6,7.8,,,,,,Survation_VI_2026-08-13_Tables.xlsx,Tables
UK Adults,,,,,,,current_vote,GRN,"Table_Q4_5. The NHS:On a scale of 1 to 5 where 1 is not confident at all and 5 is very confident, how confident are you in the ability of the UK government to address the following areas?",Best party on NHS/healthcare,nhs,1 - Not confident at all,2,3,4,5 - Very confident,,,,,,19.0,28.1,23.6,14.6,14.0,,,,,,Survation_VI_2026-08-13_Tables.xlsx,Tables
UK Adults,,,,,,,current_vote,OTH,"Table_Q4_5. The NHS:On a scale of 1 to 5 where 1 is not confident at all and 5 is very confident, how confident are you in the ability of the UK government to address the following areas?",Best party on NHS/healthcare,nhs,1 - Not confident at all,2,3,4,5 - Very confident,,,,,,30.6,27.8,22.8,11.4,5.6,,,,,,Survation_VI_2026-08-13_Tables.xlsx,Tables
UK Adults,,,,,,,gender,Female,"Table_Q4_6. Refugees and asylum seekers:On a scale of 1 to 5 where 1 is not confident at all and 5 is very confident, how confident are you in the ability of the UK government to address the following areas?",Confidence by policy area,on a scale.*confident,1 - Not confident at all,2,3,4,5 - Very confident,,,,,,44.5,17.2,19.2,10.2,5.2,,,,,,Survation_VI_2026-08-13_Tables.xlsx,Tables
UK Adults,,,,,,,gender,Male,"Table_Q4_6. Refugees and asylum seekers:On a scale of 1 to 5 where 1 is not confident at all and 5 is very confident, how confident are you in the ability of the UK government to address the following areas?",Confidence by policy area,on a scale.*confident,1 - Not confident at all,2,3,4,5 - Very confident,,,,,,45.4,20.2,16.8,10.7,4.4,,,,,,Survation_VI_2026-08-13_Tables.xlsx,Tables
UK Adults,,,,,,,age,18-24,"Table_Q4_6. Refugees and asylum seekers:On a scale of 1 to 5 where 1 is not confident at all and 5 is very confident, how confident are you in the ability of the UK government to address the following areas?",Confidence by policy area,on a scale.*confident,1 - Not confident at all,2,3,4,5 - Very confident,,,,,,27.9,17.7,26.1,14.8,7.5,,,,,,Survation_VI_2026-08-13_Tables.xlsx,Tables
UK Adults,,,,,,,age,25-34,"Table_Q4_6. Refugees and asylum seekers:On a scale of 1 to 5 where 1 is not confident at all and 5 is very confident, how confident are you in the ability of the UK government to address the following areas?",Confidence by policy area,on a scale.*confident,1 - Not confident at all,2,3,4,5 - Very confident,,,,,,31.0,20.0,21.4,14.2,9.5,,,,,,Survation_VI_2026-08-13_Tables.xlsx,Tables
UK Adults,,,,,,,age,35-44,"Table_Q4_6. Refugees and asylum seekers:On a scale of 1 to 5 where 1 is not confident at all and 5 is very confident, how confident are you in the ability of the UK government to address the following areas?",Confidence by policy area,on a scale.*confident,1 - Not confident at all,2,3,4,5 - Very confident,,,,,,39.1,20.2,19.1,11.7,6.0,,,,,,Survation_VI_2026-08-13_Tables.xlsx,Tables
UK Adults,,,,,,,age,45-54,"Table_Q4_6. Refugees and asylum seekers:On a scale of 1 to 5 where 1 is not confident at all and 5 is very confident, how confident are you in the ability of the UK government to address the following areas?",Confidence by policy area,on a scale.*confident,1 - Not confident at all,2,3,4,5 - Very confident,,,,,,47.5,19.7,15.8,12.0,3.0,,,,,,Survation_VI_2026-08-13_Tables.xlsx,Tables
UK Adults,,,,,,,age,55-64,"Table_Q4_6. Refugees and asylum seekers:On a scale of 1 to 5 where 1 is not confident at all and 5 is very confident, how confident are you in the ability of the UK government to address the following areas?",Confidence by policy area,on a scale.*confident,1 - Not confident at all,2,3,4,5 - Very confident,,,,,,54.1,18.9,15.3,6.5,2.1,,,,,,Survation_VI_2026-08-13_Tables.xlsx,Tables
UK Adults,,,,,,,age,65+,"Table_Q4_6. Refugees and asylum seekers:On a scale of 1 to 5 where 1 is not confident at all and 5 is very confident, how confident are you in the ability of the UK government to address the following areas?",Confidence by policy area,on a scale.*confident,1 - Not confident at all,2,3,4,5 - Very confident,,,,,,58.5,16.4,14.7,6.6,2.6,,,,,,Survation_VI_2026-08-13_Tables.xlsx,Tables
UK Adults,,,,,,,region,London,"Table_Q4_6. Refugees and asylum seekers:On a scale of 1 to 5 where 1 is not confident at all and 5 is very confident, how confident are you in the ability of the UK government to address the following areas?",Confidence by policy area,on a scale.*confident,1 - Not confident at all,2,3,4,5 - Very confident,,,,,,36.9,22.1,20.0,9.7,8.6,,,,,,Survation_VI_2026-08-13_Tables.xlsx,Tables
UK Adults,,,,,,,region,South,"Table_Q4_6. Refugees and asylum seekers:On a scale of 1 to 5 where 1 is not confident at all and 5 is very confident, how confident are you in the ability of the UK government to address the following areas?",Confidence by policy area,on a scale.*confident,1 - Not confident at all,2,3,4,5 - Very confident,,,,,,51.7,16.7,17.0,8.3,3.4,,,,,,Survation_VI_2026-08-13_Tables.xlsx,Tables
UK Adults,,,,,,,region,Midlands,"Table_Q4_6. Refugees and asylum seekers:On a scale of 1 to 5 where 1 is not confident at all and 5 is very confident, how confident are you in the ability of the UK government to address the following areas?",Confidence by policy area,on a scale.*confident,1 - Not confident at all,2,3,4,5 - Very confident,,,,,,40.9,18.7,20.1,10.7,6.4,,,,,,Survation_VI_2026-08-13_Tables.xlsx,Tables
UK Adults,,,,,,,region,North,"Table_Q4_6. Refugees and asylum seekers:On a scale of 1 to 5 where 1 is not confident at all and 5 is very confident, how confident are you in the ability of the UK government to address the following areas?",Confidence by policy area,on a scale.*confident,1 - Not confident at all,2,3,4,5 - Very confident,,,,,,40.9,17.9,18.6,13.5,5.5,,,,,,Survation_VI_2026-08-13_Tables.xlsx,Tables
UK Adults,,,,,,,region,England,"Table_Q4_6. Refugees and asylum seekers:On a scale of 1 to 5 where 1 is not confident at all and 5 is very confident, how confident are you in the ability of the UK government to address the following areas?",Confidence by policy area,on a scale.*confident,1 - Not confident at all,2,3,4,5 - Very confident,,,,,,44.4,18.2,18.5,10.4,5.3,,,,,,Survation_VI_2026-08-13_Tables.xlsx,Tables
UK Adults,,,,,,,region,Scotland,"Table_Q4_6. Refugees and asylum seekers:On a scale of 1 to 5 where 1 is not confident at all and 5 is very confident, how confident are you in the ability of the UK government to address the following areas?",Confidence by policy area,on a scale.*confident,1 - Not confident at all,2,3,4,5 - Very confident,,,,,,55.6,18.4,10.7,11.0,2.3,,,,,,Survation_VI_2026-08-13_Tables.xlsx,Tables
UK Adults,,,,,,,region,Wales,"Table_Q4_6. Refugees and asylum seekers:On a scale of 1 to 5 where 1 is not confident at all and 5 is very confident, how confident are you in the ability of the UK government to address the following areas?",Confidence by policy area,on a scale.*confident,1 - Not confident at all,2,3,4,5 - Very confident,,,,,,43.7,26.5,13.4,10.9,2.4,,,,,,Survation_VI_2026-08-13_Tables.xlsx,Tables
UK Adults,,,,,,,region,Northern Ireland,"Table_Q4_6. Refugees and asylum seekers:On a scale of 1 to 5 where 1 is not confident at all and 5 is very confident, how confident are you in the ability of the UK government to address the following areas?",Confidence by policy area,on a scale.*confident,1 - Not confident at all,2,3,4,5 - Very confident,,,,,,31.4,20.4,34.2,9.8,2.0,,,,,,Survation_VI_2026-08-13_Tables.xlsx,Tables
UK Adults,,,,,,,class,ABC1,"Table_Q4_6. Refugees and asylum seekers:On a scale of 1 to 5 where 1 is not confident at all and 5 is very confident, how confident are you in the ability of the UK government to address the following areas?",Confidence by policy area,on a scale.*confident,1 - Not confident at all,2,3,4,5 - Very confident,,,,,,37.0,21.1,20.0,13.9,5.5,,,,,,Survation_VI_2026-08-13_Tables.xlsx,Tables
UK Adults,,,,,,,class,C2DE,"Table_Q4_6. Refugees and asylum seekers:On a scale of 1 to 5 where 1 is not confident at all and 5 is very confident, how confident are you in the ability of the UK government to address the following areas?",Confidence by policy area,on a scale.*confident,1 - Not confident at all,2,3,4,5 - Very confident,,,,,,54.5,15.8,15.7,6.4,4.1,,,,,,Survation_VI_2026-08-13_Tables.xlsx,Tables
UK Adults,,,,,,,income,"£0 - £19,999","Table_Q4_6. Refugees and asylum seekers:On a scale of 1 to 5 where 1 is not confident at all and 5 is very confident, how confident are you in the ability of the UK government to address the following areas?",Confidence by policy area,on a scale.*confident,1 - Not confident at all,2,3,4,5 - Very confident,,,,,,48.6,13.2,17.8,11.0,3.8,,,,,,Survation_VI_2026-08-13_Tables.xlsx,Tables
UK Adults,,,,,,,income,"£20,000 - £39,999","Table_Q4_6. Refugees and asylum seekers:On a scale of 1 to 5 where 1 is not confident at all and 5 is very confident, how confident are you in the ability of the UK government to address the following areas?",Confidence by policy area,on a scale.*confident,1 - Not confident at all,2,3,4,5 - Very confident,,,,,,48.7,19.2,17.5,8.4,4.3,,,,,,Survation_VI_2026-08-13_Tables.xlsx,Tables
UK Adults,,,,,,,income,"£40,000+","Table_Q4_6. Refugees and asylum seekers:On a scale of 1 to 5 where 1 is not confident at all and 5 is very confident, how confident are you in the ability of the UK government to address the following areas?",Confidence by policy area,on a scale.*confident,1 - Not confident at all,2,3,4,5 - Very confident,,,,,,38.9,21.2,18.7,12.4,5.9,,,,,,Survation_VI_2026-08-13_Tables.xlsx,Tables
UK Adults,,,,,,,historic_vote,LAB,"Table_Q4_6. Refugees and asylum seekers:On a scale of 1 to 5 where 1 is not confident at all and 5 is very confident, how confident are you in the ability of the UK government to address the following areas?",Confidence by policy area,on a scale.*confident,1 - Not confident at all,2,3,4,5 - Very confident,,,,,,26.5,18.7,23.9,22.1,7.0,,,,,,Survation_VI_2026-08-13_Tables.xlsx,Tables
UK Adults,,,,,,,historic_vote,CON,"Table_Q4_6. Refugees and asylum seekers:On a scale of 1 to 5 where 1 is not confident at all and 5 is very confident, how confident are you in the ability of the UK government to address the following areas?",Confidence by policy area,on a scale.*confident,1 - Not confident at all,2,3,4,5 - Very confident,,,,,,58.9,18.8,10.0,5.3,6.0,,,,,,Survation_VI_2026-08-13_Tables.xlsx,Tables
UK Adults,,,,,,,historic_vote,RFM,"Table_Q4_6. Refugees and asylum seekers:On a scale of 1 to 5 where 1 is not confident at all and 5 is very confident, how confident are you in the ability of the UK government to address the following areas?",Confidence by policy area,on a scale.*confident,1 - Not confident at all,2,3,4,5 - Very confident,,,,,,75.6,8.0,7.0,4.2,3.7,,,,,,Survation_VI_2026-08-13_Tables.xlsx,Tables
UK Adults,,,,,,,historic_vote,LD,"Table_Q4_6. Refugees and asylum seekers:On a scale of 1 to 5 where 1 is not confident at all and 5 is very confident, how confident are you in the ability of the UK government to address the following areas?",Confidence by policy area,on a scale.*confident,1 - Not confident at all,2,3,4,5 - Very confident,,,,,,37.3,27.5,23.1,6.5,3.9,,,,,,Survation_VI_2026-08-13_Tables.xlsx,Tables
UK Adults,,,,,,,historic_vote,GRN,"Table_Q4_6. Refugees and asylum seekers:On a scale of 1 to 5 where 1 is not confident at all and 5 is very confident, how confident are you in the ability of the UK government to address the following areas?",Confidence by policy area,on a scale.*confident,1 - Not confident at all,2,3,4,5 - Very confident,,,,,,29.2,30.9,16.8,15.6,7.6,,,,,,Survation_VI_2026-08-13_Tables.xlsx,Tables
UK Adults,,,,,,,historic_vote,OTH,"Table_Q4_6. Refugees and asylum seekers:On a scale of 1 to 5 where 1 is not confident at all and 5 is very confident, how confident are you in the ability of the UK government to address the following areas?",Confidence by policy area,on a scale.*confident,1 - Not confident at all,2,3,4,5 - Very confident,,,,,,43.9,20.3,21.7,8.5,4.3,,,,,,Survation_VI_2026-08-13_Tables.xlsx,Tables
UK Adults,,,,,,,historic_vote,Leave,"Table_Q4_6. Refugees and asylum seekers:On a scale of 1 to 5 where 1 is not confident at all and 5 is very confident, how confident are you in the ability of the UK government to address the following areas?",Confidence by policy area,on a scale.*confident,1 - Not confident at all,2,3,4,5 - Very confident,,,,,,64.1,14.0,10.0,6.1,4.2,,,,,,Survation_VI_2026-08-13_Tables.xlsx,Tables
UK Adults,,,,,,,historic_vote,Remain,"Table_Q4_6. Refugees and asylum seekers:On a scale of 1 to 5 where 1 is not confident at all and 5 is very confident, how confident are you in the ability of the UK government to address the following areas?",Confidence by policy area,on a scale.*confident,1 - Not confident at all,2,3,4,5 - Very confident,,,,,,32.2,25.0,22.7,15.0,3.5,,,,,,Survation_VI_2026-08-13_Tables.xlsx,Tables
UK Adults,,,,,,,current_vote,LAB,"Table_Q4_6. Refugees and asylum seekers:On a scale of 1 to 5 where 1 is not confident at all and 5 is very confident, how confident are you in the ability of the UK government to address the following areas?",Confidence by policy area,on a scale.*confident,1 - Not confident at all,2,3,4,5 - Very confident,,,,,,18.6,17.5,26.9,24.6,9.3,,,,,,Survation_VI_2026-08-13_Tables.xlsx,Tables
UK Adults,,,,,,,current_vote,CON,"Table_Q4_6. Refugees and asylum seekers:On a scale of 1 to 5 where 1 is not confident at all and 5 is very confident, how confident are you in the ability of the UK government to address the following areas?",Confidence by policy area,on a scale.*confident,1 - Not confident at all,2,3,4,5 - Very confident,,,,,,48.9,20.3,15.9,6.3,7.0,,,,,,Survation_VI_2026-08-13_Tables.xlsx,Tables
UK Adults,,,,,,,current_vote,RFM,"Table_Q4_6. Refugees and asylum seekers:On a scale of 1 to 5 where 1 is not confident at all and 5 is very confident, how confident are you in the ability of the UK government to address the following areas?",Confidence by policy area,on a scale.*confident,1 - Not confident at all,2,3,4,5 - Very confident,,,,,,75.2,10.4,7.2,4.1,2.3,,,,,,Survation_VI_2026-08-13_Tables.xlsx,Tables
UK Adults,,,,,,,current_vote,LD,"Table_Q4_6. Refugees and asylum seekers:On a scale of 1 to 5 where 1 is not confident at all and 5 is very confident, how confident are you in the ability of the UK government to address the following areas?",Confidence by policy area,on a scale.*confident,1 - Not confident at all,2,3,4,5 - Very confident,,,,,,26.5,29.8,26.6,9.8,4.6,,,,,,Survation_VI_2026-08-13_Tables.xlsx,Tables
UK Adults,,,,,,,current_vote,GRN,"Table_Q4_6. Refugees and asylum seekers:On a scale of 1 to 5 where 1 is not confident at all and 5 is very confident, how confident are you in the ability of the UK government to address the following areas?",Confidence by policy area,on a scale.*confident,1 - Not confident at all,2,3,4,5 - Very confident,,,,,,24.4,28.0,24.6,16.4,5.1,,,,,,Survation_VI_2026-08-13_Tables.xlsx,Tables
UK Adults,,,,,,,current_vote,OTH,"Table_Q4_6. Refugees and asylum seekers:On a scale of 1 to 5 where 1 is not confident at all and 5 is very confident, how confident are you in the ability of the UK government to address the following areas?",Confidence by policy area,on a scale.*confident,1 - Not confident at all,2,3,4,5 - Very confident,,,,,,46.5,22.3,16.7,8.9,3.9,,,,,,Survation_VI_2026-08-13_Tables.xlsx,Tables
UK Adults,,,,,,,gender,Female,"Table_Q4_7. Climate change:On a scale of 1 to 5 where 1 is not confident at all and 5 is very confident, how confident are you in the ability of the UK government to address the following areas?",Confidence by policy area,on a scale.*confident,1 - Not confident at all,2,3,4,5 - Very confident,,,,,,23.1,24.2,27.6,13.4,6.2,,,,,,Survation_VI_2026-08-13_Tables.xlsx,Tables
UK Adults,,,,,,,gender,Male,"Table_Q4_7. Climate change:On a scale of 1 to 5 where 1 is not confident at all and 5 is very confident, how confident are you in the ability of the UK government to address the following areas?",Confidence by policy area,on a scale.*confident,1 - Not confident at all,2,3,4,5 - Very confident,,,,,,26.8,20.6,29.7,11.7,6.7,,,,,,Survation_VI_2026-08-13_Tables.xlsx,Tables
UK Adults,,,,,,,age,18-24,"Table_Q4_7. Climate change:On a scale of 1 to 5 where 1 is not confident at all and 5 is very confident, how confident are you in the ability of the UK government to address the following areas?",Confidence by policy area,on a scale.*confident,1 - Not confident at all,2,3,4,5 - Very confident,,,,,,20.5,23.3,26.5,16.5,6.4,,,,,,Survation_VI_2026-08-13_Tables.xlsx,Tables
UK Adults,,,,,,,age,25-34,"Table_Q4_7. Climate change:On a scale of 1 to 5 where 1 is not confident at all and 5 is very confident, how confident are you in the ability of the UK government to address the following areas?",Confidence by policy area,on a scale.*confident,1 - Not confident at all,2,3,4,5 - Very confident,,,,,,21.2,17.9,26.8,18.0,12.5,,,,,,Survation_VI_2026-08-13_Tables.xlsx,Tables
UK Adults,,,,,,,age,35-44,"Table_Q4_7. Climate change:On a scale of 1 to 5 where 1 is not confident at all and 5 is very confident, how confident are you in the ability of the UK government to address the following areas?",Confidence by policy area,on a scale.*confident,1 - Not confident at all,2,3,4,5 - Very confident,,,,,,21.4,20.6,36.7,9.4,7.4,,,,,,Survation_VI_2026-08-13_Tables.xlsx,Tables
UK Adults,,,,,,,age,45-54,"Table_Q4_7. Climate change:On a scale of 1 to 5 where 1 is not confident at all and 5 is very confident, how confident are you in the ability of the UK government to address the following areas?",Confidence by policy area,on a scale.*confident,1 - Not confident at all,2,3,4,5 - Very confident,,,,,,26.5,22.3,30.7,10.9,5.6,,,,,,Survation_VI_2026-08-13_Tables.xlsx,Tables
UK Adults,,,,,,,age,55-64,"Table_Q4_7. Climate change:On a scale of 1 to 5 where 1 is not confident at all and 5 is very confident, how confident are you in the ability of the UK government to address the following areas?",Confidence by policy area,on a scale.*confident,1 - Not confident at all,2,3,4,5 - Very confident,,,,,,29.2,25.2,27.7,10.1,3.2,,,,,,Survation_VI_2026-08-13_Tables.xlsx,Tables
UK Adults,,,,,,,age,65+,"Table_Q4_7. Climate change:On a scale of 1 to 5 where 1 is not confident at all and 5 is very confident, how confident are you in the ability of the UK government to address the following areas?",Confidence by policy area,on a scale.*confident,1 - Not confident at all,2,3,4,5 - Very confident,,,,,,27.9,25.0,24.4,12.0,4.3,,,,,,Survation_VI_2026-08-13_Tables.xlsx,Tables
UK Adults,,,,,,,region,London,"Table_Q4_7. Climate change:On a scale of 1 to 5 where 1 is not confident at all and 5 is very confident, how confident are you in the ability of the UK government to address the following areas?",Confidence by policy area,on a scale.*confident,1 - Not confident at all,2,3,4,5 - Very confident,,,,,,24.9,16.1,30.0,15.8,9.4,,,,,,Survation_VI_2026-08-13_Tables.xlsx,Tables
UK Adults,,,,,,,region,South,"Table_Q4_7. Climate change:On a scale of 1 to 5 where 1 is not confident at all and 5 is very confident, how confident are you in the ability of the UK government to address the following areas?",Confidence by policy area,on a scale.*confident,1 - Not confident at all,2,3,4,5 - Very confident,,,,,,26.9,22.8,29.9,9.4,4.8,,,,,,Survation_VI_2026-08-13_Tables.xlsx,Tables
UK Adults,,,,,,,region,Midlands,"Table_Q4_7. Climate change:On a scale of 1 to 5 where 1 is not confident at all and 5 is very confident, how confident are you in the ability of the UK government to address the following areas?",Confidence by policy area,on a scale.*confident,1 - Not confident at all,2,3,4,5 - Very confident,,,,,,24.6,23.2,26.1,14.6,6.1,,,,,,Survation_VI_2026-08-13_Tables.xlsx,Tables
UK Adults,,,,,,,region,North,"Table_Q4_7. Climate change:On a scale of 1 to 5 where 1 is not confident at all and 5 is very confident, how confident are you in the ability of the UK government to address the following areas?",Confidence by policy area,on a scale.*confident,1 - Not confident at all,2,3,4,5 - Very confident,,,,,,20.5,23.5,30.9,12.4,8.4,,,,,,Survation_VI_2026-08-13_Tables.xlsx,Tables
UK Adults,,,,,,,region,England,"Table_Q4_7. Climate change:On a scale of 1 to 5 where 1 is not confident at all and 5 is very confident, how confident are you in the ability of the UK government to address the following areas?",Confidence by policy area,on a scale.*confident,1 - Not confident at all,2,3,4,5 - Very confident,,,,,,24.4,22.0,29.4,12.2,6.8,,,,,,Survation_VI_2026-08-13_Tables.xlsx,Tables
UK Adults,,,,,,,region,Scotland,"Table_Q4_7. Climate change:On a scale of 1 to 5 where 1 is not confident at all and 5 is very confident, how confident are you in the ability of the UK government to address the following areas?",Confidence by policy area,on a scale.*confident,1 - Not confident at all,2,3,4,5 - Very confident,,,,,,27.8,26.0,26.9,12.8,5.2,,,,,,Survation_VI_2026-08-13_Tables.xlsx,Tables
UK Adults,,,,,,,region,Wales,"Table_Q4_7. Climate change:On a scale of 1 to 5 where 1 is not confident at all and 5 is very confident, how confident are you in the ability of the UK government to address the following areas?",Confidence by policy area,on a scale.*confident,1 - Not confident at all,2,3,4,5 - Very confident,,,,,,24.9,28.7,16.1,16.4,4.9,,,,,,Survation_VI_2026-08-13_Tables.xlsx,Tables
UK Adults,,,,,,,region,Northern Ireland,"Table_Q4_7. Climate change:On a scale of 1 to 5 where 1 is not confident at all and 5 is very confident, how confident are you in the ability of the UK government to address the following areas?",Confidence by policy area,on a scale.*confident,1 - Not confident at all,2,3,4,5 - Very confident,,,,,,32.2,15.7,29.0,16.5,4.5,,,,,,Survation_VI_2026-08-13_Tables.xlsx,Tables
UK Adults,,,,,,,class,ABC1,"Table_Q4_7. Climate change:On a scale of 1 to 5 where 1 is not confident at all and 5 is very confident, how confident are you in the ability of the UK government to address the following areas?",Confidence by policy area,on a scale.*confident,1 - Not confident at all,2,3,4,5 - Very confident,,,,,,23.6,21.1,30.6,13.7,7.4,,,,,,Survation_VI_2026-08-13_Tables.xlsx,Tables
UK Adults,,,,,,,class,C2DE,"Table_Q4_7. Climate change:On a scale of 1 to 5 where 1 is not confident at all and 5 is very confident, how confident are you in the ability of the UK government to address the following areas?",Confidence by policy area,on a scale.*confident,1 - Not confident at all,2,3,4,5 - Very confident,,,,,,26.4,24.2,26.2,11.2,5.3,,,,,,Survation_VI_2026-08-13_Tables.xlsx,Tables
UK Adults,,,,,,,income,"£0 - £19,999","Table_Q4_7. Climate change:On a scale of 1 to 5 where 1 is not confident at all and 5 is very confident, how confident are you in the ability of the UK government to address the following areas?",Confidence by policy area,on a scale.*confident,1 - Not confident at all,2,3,4,5 - Very confident,,,,,,22.2,23.5,24.9,15.2,6.2,,,,,,Survation_VI_2026-08-13_Tables.xlsx,Tables
UK Adults,,,,,,,income,"£20,000 - £39,999","Table_Q4_7. Climate change:On a scale of 1 to 5 where 1 is not confident at all and 5 is very confident, how confident are you in the ability of the UK government to address the following areas?",Confidence by policy area,on a scale.*confident,1 - Not confident at all,2,3,4,5 - Very confident,,,,,,27.8,21.7,29.1,11.1,5.8,,,,,,Survation_VI_2026-08-13_Tables.xlsx,Tables
UK Adults,,,,,,,income,"£40,000+","Table_Q4_7. Climate change:On a scale of 1 to 5 where 1 is not confident at all and 5 is very confident, how confident are you in the ability of the UK government to address the following areas?",Confidence by policy area,on a scale.*confident,1 - Not confident at all,2,3,4,5 - Very confident,,,,,,23.3,22.8,30.1,12.8,7.3,,,,,,Survation_VI_2026-08-13_Tables.xlsx,Tables
UK Adults,,,,,,,historic_vote,LAB,"Table_Q4_7. Climate change:On a scale of 1 to 5 where 1 is not confident at all and 5 is very confident, how confident are you in the ability of the UK government to address the following areas?",Confidence by policy area,on a scale.*confident,1 - Not confident at all,2,3,4,5 - Very confident,,,,,,15.2,18.1,31.1,20.5,11.6,,,,,,Survation_VI_2026-08-13_Tables.xlsx,Tables
UK Adults,,,,,,,historic_vote,CON,"Table_Q4_7. Climate change:On a scale of 1 to 5 where 1 is not confident at all and 5 is very confident, how confident are you in the ability of the UK government to address the following areas?",Confidence by policy area,on a scale.*confident,1 - Not confident at all,2,3,4,5 - Very confident,,,,,,26.9,25.1,26.7,8.8,7.1,,,,,,Survation_VI_2026-08-13_Tables.xlsx,Tables
UK Adults,,,,,,,historic_vote,RFM,"Table_Q4_7. Climate change:On a scale of 1 to 5 where 1 is not confident at all and 5 is very confident, how confident are you in the ability of the UK government to address the following areas?",Confidence by policy area,on a scale.*confident,1 - Not confident at all,2,3,4,5 - Very confident,,,,,,32.9,22.7,25.5,9.0,4.4,,,,,,Survation_VI_2026-08-13_Tables.xlsx,Tables
UK Adults,,,,,,,historic_vote,LD,"Table_Q4_7. Climate change:On a scale of 1 to 5 where 1 is not confident at all and 5 is very confident, how confident are you in the ability of the UK government to address the following areas?",Confidence by policy area,on a scale.*confident,1 - Not confident at all,2,3,4,5 - Very confident,,,,,,23.3,27.0,33.2,8.8,7.0,,,,,,Survation_VI_2026-08-13_Tables.xlsx,Tables
UK Adults,,,,,,,historic_vote,GRN,"Table_Q4_7. Climate change:On a scale of 1 to 5 where 1 is not confident at all and 5 is very confident, how confident are you in the ability of the UK government to address the following areas?",Confidence by policy area,on a scale.*confident,1 - Not confident at all,2,3,4,5 - Very confident,,,,,,21.4,32.4,28.7,10.0,7.5,,,,,,Survation_VI_2026-08-13_Tables.xlsx,Tables
UK Adults,,,,,,,historic_vote,OTH,"Table_Q4_7. Climate change:On a scale of 1 to 5 where 1 is not confident at all and 5 is very confident, how confident are you in the ability of the UK government to address the following areas?",Confidence by policy area,on a scale.*confident,1 - Not confident at all,2,3,4,5 - Very confident,,,,,,35.8,22.7,20.6,13.6,4.3,,,,,,Survation_VI_2026-08-13_Tables.xlsx,Tables
UK Adults,,,,,,,historic_vote,Leave,"Table_Q4_7. Climate change:On a scale of 1 to 5 where 1 is not confident at all and 5 is very confident, how confident are you in the ability of the UK government to address the following areas?",Confidence by policy area,on a scale.*confident,1 - Not confident at all,2,3,4,5 - Very confident,,,,,,30.9,21.9,24.8,9.6,7.2,,,,,,Survation_VI_2026-08-13_Tables.xlsx,Tables
UK Adults,,,,,,,historic_vote,Remain,"Table_Q4_7. Climate change:On a scale of 1 to 5 where 1 is not confident at all and 5 is very confident, how confident are you in the ability of the UK government to address the following areas?",Confidence by policy area,on a scale.*confident,1 - Not confident at all,2,3,4,5 - Very confident,,,,,,20.2,24.1,33.7,14.5,5.1,,,,,,Survation_VI_2026-08-13_Tables.xlsx,Tables
UK Adults,,,,,,,current_vote,LAB,"Table_Q4_7. Climate change:On a scale of 1 to 5 where 1 is not confident at all and 5 is very confident, how confident are you in the ability of the UK government to address the following areas?",Confidence by policy area,on a scale.*confident,1 - Not confident at all,2,3,4,5 - Very confident,,,,,,10.0,14.3,32.7,26.6,13.4,,,,,,Survation_VI_2026-08-13_Tables.xlsx,Tables
UK Adults,,,,,,,current_vote,CON,"Table_Q4_7. Climate change:On a scale of 1 to 5 where 1 is not confident at all and 5 is very confident, how confident are you in the ability of the UK government to address the following areas?",Confidence by policy area,on a scale.*confident,1 - Not confident at all,2,3,4,5 - Very confident,,,,,,22.2,26.2,30.9,5.8,9.3,,,,,,Survation_VI_2026-08-13_Tables.xlsx,Tables
UK Adults,,,,,,,current_vote,RFM,"Table_Q4_7. Climate change:On a scale of 1 to 5 where 1 is not confident at all and 5 is very confident, how confident are you in the ability of the UK government to address the following areas?",Confidence by policy area,on a scale.*confident,1 - Not confident at all,2,3,4,5 - Very confident,,,,,,35.2,24.5,23.8,7.4,4.3,,,,,,Survation_VI_2026-08-13_Tables.xlsx,Tables
UK Adults,,,,,,,current_vote,LD,"Table_Q4_7. Climate change:On a scale of 1 to 5 where 1 is not confident at all and 5 is very confident, how confident are you in the ability of the UK government to address the following areas?",Confidence by policy area,on a scale.*confident,1 - Not confident at all,2,3,4,5 - Very confident,,,,,,18.5,27.2,35.8,11.5,5.8,,,,,,Survation_VI_2026-08-13_Tables.xlsx,Tables
UK Adults,,,,,,,current_vote,GRN,"Table_Q4_7. Climate change:On a scale of 1 to 5 where 1 is not confident at all and 5 is very confident, how confident are you in the ability of the UK government to address the following areas?",Confidence by policy area,on a scale.*confident,1 - Not confident at all,2,3,4,5 - Very confident,,,,,,30.0,25.4,24.8,13.5,3.8,,,,,,Survation_VI_2026-08-13_Tables.xlsx,Tables
UK Adults,,,,,,,current_vote,OTH,"Table_Q4_7. Climate change:On a scale of 1 to 5 where 1 is not confident at all and 5 is very confident, how confident are you in the ability of the UK government to address the following areas?",Confidence by policy area,on a scale.*confident,1 - Not confident at all,2,3,4,5 - Very confident,,,,,,31.6,25.7,23.0,12.4,3.8,,,,,,Survation_VI_2026-08-13_Tables.xlsx,Tables
UK Adults,,,,,,,gender,Female,"Table_Q4_8. The economy:On a scale of 1 to 5 where 1 is not confident at all and 5 is very confident, how confident are you in the ability of the UK government to address the following areas?",Confidence by policy area,on a scale.*confident,1 - Not confident at all,2,3,4,5 - Very confident,,,,,,28.4,23.9,25.4,13.0,6.4,,,,,,Survation_VI_2026-08-13_Tables.xlsx,Tables
UK Adults,,,,,,,gender,Male,"Table_Q4_8. The economy:On a scale of 1 to 5 where 1 is not confident at all and 5 is very confident, how confident are you in the ability of the UK government to address the following areas?",Confidence by policy area,on a scale.*confident,1 - Not confident at all,2,3,4,5 - Very confident,,,,,,27.7,22.2,24.9,16.4,6.9,,,,,,Survation_VI_2026-08-13_Tables.xlsx,Tables
UK Adults,,,,,,,age,18-24,"Table_Q4_8. The economy:On a scale of 1 to 5 where 1 is not confident at all and 5 is very confident, how confident are you in the ability of the UK government to address the following areas?",Confidence by policy area,on a scale.*confident,1 - Not confident at all,2,3,4,5 - Very confident,,,,,,20.2,20.8,25.3,17.6,10.3,,,,,,Survation_VI_2026-08-13_Tables.xlsx,Tables
UK Adults,,,,,,,age,25-34,"Table_Q4_8. The economy:On a scale of 1 to 5 where 1 is not confident at all and 5 is very confident, how confident are you in the ability of the UK government to address the following areas?",Confidence by policy area,on a scale.*confident,1 - Not confident at all,2,3,4,5 - Very confident,,,,,,22.6,17.8,27.6,16.4,12.5,,,,,,Survation_VI_2026-08-13_Tables.xlsx,Tables
UK Adults,,,,,,,age,35-44,"Table_Q4_8. The economy:On a scale of 1 to 5 where 1 is not confident at all and 5 is very confident, how confident are you in the ability of the UK government to address the following areas?",Confidence by policy area,on a scale.*confident,1 - Not confident at all,2,3,4,5 - Very confident,,,,,,26.8,22.9,25.4,15.2,5.8,,,,,,Survation_VI_2026-08-13_Tables.xlsx,Tables
UK Adults,,,,,,,age,45-54,"Table_Q4_8. The economy:On a scale of 1 to 5 where 1 is not confident at all and 5 is very confident, how confident are you in the ability of the UK government to address the following areas?",Confidence by policy area,on a scale.*confident,1 - Not confident at all,2,3,4,5 - Very confident,,,,,,31.6,22.4,22.7,17.1,5.5,,,,,,Survation_VI_2026-08-13_Tables.xlsx,Tables
UK Adults,,,,,,,age,55-64,"Table_Q4_8. The economy:On a scale of 1 to 5 where 1 is not confident at all and 5 is very confident, how confident are you in the ability of the UK government to address the following areas?",Confidence by policy area,on a scale.*confident,1 - Not confident at all,2,3,4,5 - Very confident,,,,,,34.1,25.7,20.7,15.1,2.1,,,,,,Survation_VI_2026-08-13_Tables.xlsx,Tables
UK Adults,,,,,,,age,65+,"Table_Q4_8. The economy:On a scale of 1 to 5 where 1 is not confident at all and 5 is very confident, how confident are you in the ability of the UK government to address the following areas?",Confidence by policy area,on a scale.*confident,1 - Not confident at all,2,3,4,5 - Very confident,,,,,,29.7,26.9,28.0,9.4,5.3,,,,,,Survation_VI_2026-08-13_Tables.xlsx,Tables
UK Adults,,,,,,,region,London,"Table_Q4_8. The economy:On a scale of 1 to 5 where 1 is not confident at all and 5 is very confident, how confident are you in the ability of the UK government to address the following areas?",Confidence by policy area,on a scale.*confident,1 - Not confident at all,2,3,4,5 - Very confident,,,,,,31.3,19.9,24.0,14.4,8.5,,,,,,Survation_VI_2026-08-13_Tables.xlsx,Tables
UK Adults,,,,,,,region,South,"Table_Q4_8. The economy:On a scale of 1 to 5 where 1 is not confident at all and 5 is very confident, how confident are you in the ability of the UK government to address the following areas?",Confidence by policy area,on a scale.*confident,1 - Not confident at all,2,3,4,5 - Very confident,,,,,,29.3,24.2,25.5,13.4,5.0,,,,,,Survation_VI_2026-08-13_Tables.xlsx,Tables
UK Adults,,,,,,,region,Midlands,"Table_Q4_8. The economy:On a scale of 1 to 5 where 1 is not confident at all and 5 is very confident, how confident are you in the ability of the UK government to address the following areas?",Confidence by policy area,on a scale.*confident,1 - Not confident at all,2,3,4,5 - Very confident,,,,,,25.1,25.9,25.2,17.0,4.8,,,,,,Survation_VI_2026-08-13_Tables.xlsx,Tables
UK Adults,,,,,,,region,North,"Table_Q4_8. The economy:On a scale of 1 to 5 where 1 is not confident at all and 5 is very confident, how confident are you in the ability of the UK government to address the following areas?",Confidence by policy area,on a scale.*confident,1 - Not confident at all,2,3,4,5 - Very confident,,,,,,27.2,18.3,25.9,15.3,9.9,,,,,,Survation_VI_2026-08-13_Tables.xlsx,Tables
UK Adults,,,,,,,region,England,"Table_Q4_8. The economy:On a scale of 1 to 5 where 1 is not confident at all and 5 is very confident, how confident are you in the ability of the UK government to address the following areas?",Confidence by policy area,on a scale.*confident,1 - Not confident at all,2,3,4,5 - Very confident,,,,,,28.2,22.2,25.3,14.8,6.8,,,,,,Survation_VI_2026-08-13_Tables.xlsx,Tables
UK Adults,,,,,,,region,Scotland,"Table_Q4_8. The economy:On a scale of 1 to 5 where 1 is not confident at all and 5 is very confident, how confident are you in the ability of the UK government to address the following areas?",Confidence by policy area,on a scale.*confident,1 - Not confident at all,2,3,4,5 - Very confident,,,,,,30.0,30.2,24.3,9.1,5.5,,,,,,Survation_VI_2026-08-13_Tables.xlsx,Tables
UK Adults,,,,,,,region,Wales,"Table_Q4_8. The economy:On a scale of 1 to 5 where 1 is not confident at all and 5 is very confident, how confident are you in the ability of the UK government to address the following areas?",Confidence by policy area,on a scale.*confident,1 - Not confident at all,2,3,4,5 - Very confident,,,,,,28.0,27.5,20.6,16.2,4.9,,,,,,Survation_VI_2026-08-13_Tables.xlsx,Tables
UK Adults,,,,,,,region,Northern Ireland,"Table_Q4_8. The economy:On a scale of 1 to 5 where 1 is not confident at all and 5 is very confident, how confident are you in the ability of the UK government to address the following areas?",Confidence by policy area,on a scale.*confident,1 - Not confident at all,2,3,4,5 - Very confident,,,,,,17.1,19.5,30.2,23.8,6.8,,,,,,Survation_VI_2026-08-13_Tables.xlsx,Tables
UK Adults,,,,,,,class,ABC1,"Table_Q4_8. The economy:On a scale of 1 to 5 where 1 is not confident at all and 5 is very confident, how confident are you in the ability of the UK government to address the following areas?",Confidence by policy area,on a scale.*confident,1 - Not confident at all,2,3,4,5 - Very confident,,,,,,25.9,23.8,24.2,17.3,7.1,,,,,,Survation_VI_2026-08-13_Tables.xlsx,Tables
UK Adults,,,,,,,class,C2DE,"Table_Q4_8. The economy:On a scale of 1 to 5 where 1 is not confident at all and 5 is very confident, how confident are you in the ability of the UK government to address the following areas?",Confidence by policy area,on a scale.*confident,1 - Not confident at all,2,3,4,5 - Very confident,,,,,,30.7,22.2,26.3,11.3,6.1,,,,,,Survation_VI_2026-08-13_Tables.xlsx,Tables
UK Adults,,,,,,,income,"£0 - £19,999","Table_Q4_8. The economy:On a scale of 1 to 5 where 1 is not confident at all and 5 is very confident, how confident are you in the ability of the UK government to address the following areas?",Confidence by policy area,on a scale.*confident,1 - Not confident at all,2,3,4,5 - Very confident,,,,,,27.9,19.2,26.4,14.9,6.3,,,,,,Survation_VI_2026-08-13_Tables.xlsx,Tables
UK Adults,,,,,,,income,"£20,000 - £39,999","Table_Q4_8. The economy:On a scale of 1 to 5 where 1 is not confident at all and 5 is very confident, how confident are you in the ability of the UK government to address the following areas?",Confidence by policy area,on a scale.*confident,1 - Not confident at all,2,3,4,5 - Very confident,,,,,,29.8,24.8,24.5,12.9,6.4,,,,,,Survation_VI_2026-08-13_Tables.xlsx,Tables
UK Adults,,,,,,,income,"£40,000+","Table_Q4_8. The economy:On a scale of 1 to 5 where 1 is not confident at all and 5 is very confident, how confident are you in the ability of the UK government to address the following areas?",Confidence by policy area,on a scale.*confident,1 - Not confident at all,2,3,4,5 - Very confident,,,,,,26.2,23.4,25.2,16.3,7.1,,,,,,Survation_VI_2026-08-13_Tables.xlsx,Tables
UK Adults,,,,,,,historic_vote,LAB,"Table_Q4_8. The economy:On a scale of 1 to 5 where 1 is not confident at all and 5 is very confident, how confident are you in the ability of the UK government to address the following areas?",Confidence by policy area,on a scale.*confident,1 - Not confident at all,2,3,4,5 - Very confident,,,,,,13.6,17.0,30.9,24.9,12.8,,,,,,Survation_VI_2026-08-13_Tables.xlsx,Tables
UK Adults,,,,,,,historic_vote,CON,"Table_Q4_8. The economy:On a scale of 1 to 5 where 1 is not confident at all and 5 is very confident, how confident are you in the ability of the UK government to address the following areas?",Confidence by policy area,on a scale.*confident,1 - Not confident at all,2,3,4,5 - Very confident,,,,,,36.9,27.5,20.9,8.6,6.0,,,,,,Survation_VI_2026-08-13_Tables.xlsx,Tables
UK Adults,,,,,,,historic_vote,RFM,"Table_Q4_8. The economy:On a scale of 1 to 5 where 1 is not confident at all and 5 is very confident, how confident are you in the ability of the UK government to address the following areas?",Confidence by policy area,on a scale.*confident,1 - Not confident at all,2,3,4,5 - Very confident,,,,,,48.6,25.4,13.1,9.4,2.1,,,,,,Survation_VI_2026-08-13_Tables.xlsx,Tables
UK Adults,,,,,,,historic_vote,LD,"Table_Q4_8. The economy:On a scale of 1 to 5 where 1 is not confident at all and 5 is very confident, how confident are you in the ability of the UK government to address the following areas?",Confidence by policy area,on a scale.*confident,1 - Not confident at all,2,3,4,5 - Very confident,,,,,,13.5,30.3,35.1,13.9,6.6,,,,,,Survation_VI_2026-08-13_Tables.xlsx,Tables
UK Adults,,,,,,,historic_vote,GRN,"Table_Q4_8. The economy:On a scale of 1 to 5 where 1 is not confident at all and 5 is very confident, how confident are you in the ability of the UK government to address the following areas?",Confidence by policy area,on a scale.*confident,1 - Not confident at all,2,3,4,5 - Very confident,,,,,,25.4,33.7,24.1,8.4,6.9,,,,,,Survation_VI_2026-08-13_Tables.xlsx,Tables
UK Adults,,,,,,,historic_vote,OTH,"Table_Q4_8. The economy:On a scale of 1 to 5 where 1 is not confident at all and 5 is very confident, how confident are you in the ability of the UK government to address the following areas?",Confidence by policy area,on a scale.*confident,1 - Not confident at all,2,3,4,5 - Very confident,,,,,,36.0,18.3,22.2,18.4,4.2,,,,,,Survation_VI_2026-08-13_Tables.xlsx,Tables
UK Adults,,,,,,,historic_vote,Leave,"Table_Q4_8. The economy:On a scale of 1 to 5 where 1 is not confident at all and 5 is very confident, how confident are you in the ability of the UK government to address the following areas?",Confidence by policy area,on a scale.*confident,1 - Not confident at all,2,3,4,5 - Very confident,,,,,,35.8,26.0,20.4,11.5,5.6,,,,,,Survation_VI_2026-08-13_Tables.xlsx,Tables
UK Adults,,,,,,,historic_vote,Remain,"Table_Q4_8. The economy:On a scale of 1 to 5 where 1 is not confident at all and 5 is very confident, how confident are you in the ability of the UK government to address the following areas?",Confidence by policy area,on a scale.*confident,1 - Not confident at all,2,3,4,5 - Very confident,,,,,,20.4,23.4,31.4,17.5,6.3,,,,,,Survation_VI_2026-08-13_Tables.xlsx,Tables
UK Adults,,,,,,,current_vote,LAB,"Table_Q4_8. The economy:On a scale of 1 to 5 where 1 is not confident at all and 5 is very confident, how confident are you in the ability of the UK government to address the following areas?",Confidence by policy area,on a scale.*confident,1 - Not confident at all,2,3,4,5 - Very confident,,,,,,7.1,13.7,31.0,30.5,15.8,,,,,,Survation_VI_2026-08-13_Tables.xlsx,Tables
UK Adults,,,,,,,current_vote,CON,"Table_Q4_8. The economy:On a scale of 1 to 5 where 1 is not confident at all and 5 is very confident, how confident are you in the ability of the UK government to address the following areas?",Confidence by policy area,on a scale.*confident,1 - Not confident at all,2,3,4,5 - Very confident,,,,,,31.5,27.6,23.4,9.5,7.7,,,,,,Survation_VI_2026-08-13_Tables.xlsx,Tables
UK Adults,,,,,,,current_vote,RFM,"Table_Q4_8. The economy:On a scale of 1 to 5 where 1 is not confident at all and 5 is very confident, how confident are you in the ability of the UK government to address the following areas?",Confidence by policy area,on a scale.*confident,1 - Not confident at all,2,3,4,5 - Very confident,,,,,,46.7,26.0,15.3,8.3,2.9,,,,,,Survation_VI_2026-08-13_Tables.xlsx,Tables
UK Adults,,,,,,,current_vote,LD,"Table_Q4_8. The economy:On a scale of 1 to 5 where 1 is not confident at all and 5 is very confident, how confident are you in the ability of the UK government to address the following areas?",Confidence by policy area,on a scale.*confident,1 - Not confident at all,2,3,4,5 - Very confident,,,,,,10.8,34.5,31.9,15.8,5.9,,,,,,Survation_VI_2026-08-13_Tables.xlsx,Tables
UK Adults,,,,,,,current_vote,GRN,"Table_Q4_8. The economy:On a scale of 1 to 5 where 1 is not confident at all and 5 is very confident, how confident are you in the ability of the UK government to address the following areas?",Confidence by policy area,on a scale.*confident,1 - Not confident at all,2,3,4,5 - Very confident,,,,,,28.8,23.0,26.9,14.0,5.3,,,,,,Survation_VI_2026-08-13_Tables.xlsx,Tables
UK Adults,,,,,,,current_vote,OTH,"Table_Q4_8. The economy:On a scale of 1 to 5 where 1 is not confident at all and 5 is very confident, how confident are you in the ability of the UK government to address the following areas?",Confidence by policy area,on a scale.*confident,1 - Not confident at all,2,3,4,5 - Very confident,,,,,,37.5,25.4,22.2,10.2,3.7,,,,,,Survation_VI_2026-08-13_Tables.xlsx,Tables
UK Adults,,,,,,,gender,Female,"Table_Q4_9. National security:On a scale of 1 to 5 where 1 is not confident at all and 5 is very confident, how confident are you in the ability of the UK government to address the following areas?",Confidence by policy area,on a scale.*confident,1 - Not confident at all,2,3,4,5 - Very confident,,,,,,21.5,17.0,27.9,20.2,8.3,,,,,,Survation_VI_2026-08-13_Tables.xlsx,Tables
UK Adults,,,,,,,gender,Male,"Table_Q4_9. National security:On a scale of 1 to 5 where 1 is not confident at all and 5 is very confident, how confident are you in the ability of the UK government to address the following areas?",Confidence by policy area,on a scale.*confident,1 - Not confident at all,2,3,4,5 - Very confident,,,,,,22.4,17.9,24.2,22.8,10.0,,,,,,Survation_VI_2026-08-13_Tables.xlsx,Tables
UK Adults,,,,,,,age,18-24,"Table_Q4_9. National security:On a scale of 1 to 5 where 1 is not confident at all and 5 is very confident, how confident are you in the ability of the UK government to address the following areas?",Confidence by policy area,on a scale.*confident,1 - Not confident at all,2,3,4,5 - Very confident,,,,,,11.1,14.5,31.8,27.3,9.0,,,,,,Survation_VI_2026-08-13_Tables.xlsx,Tables
UK Adults,,,,,,,age,25-34,"Table_Q4_9. National security:On a scale of 1 to 5 where 1 is not confident at all and 5 is very confident, how confident are you in the ability of the UK government to address the following areas?",Confidence by policy area,on a scale.*confident,1 - Not confident at all,2,3,4,5 - Very confident,,,,,,15.6,17.0,24.1,21.6,18.1,,,,,,Survation_VI_2026-08-13_Tables.xlsx,Tables
UK Adults,,,,,,,age,35-44,"Table_Q4_9. National security:On a scale of 1 to 5 where 1 is not confident at all and 5 is very confident, how confident are you in the ability of the UK government to address the following areas?",Confidence by policy area,on a scale.*confident,1 - Not confident at all,2,3,4,5 - Very confident,,,,,,20.3,17.6,27.4,22.7,7.6,,,,,,Survation_VI_2026-08-13_Tables.xlsx,Tables
UK Adults,,,,,,,age,45-54,"Table_Q4_9. National security:On a scale of 1 to 5 where 1 is not confident at all and 5 is very confident, how confident are you in the ability of the UK government to address the following areas?",Confidence by policy area,on a scale.*confident,1 - Not confident at all,2,3,4,5 - Very confident,,,,,,27.3,17.8,23.9,19.9,7.7,,,,,,Survation_VI_2026-08-13_Tables.xlsx,Tables
UK Adults,,,,,,,age,55-64,"Table_Q4_9. National security:On a scale of 1 to 5 where 1 is not confident at all and 5 is very confident, how confident are you in the ability of the UK government to address the following areas?",Confidence by policy area,on a scale.*confident,1 - Not confident at all,2,3,4,5 - Very confident,,,,,,30.1,19.2,24.5,17.0,5.9,,,,,,Survation_VI_2026-08-13_Tables.xlsx,Tables
UK Adults,,,,,,,age,65+,"Table_Q4_9. National security:On a scale of 1 to 5 where 1 is not confident at all and 5 is very confident, how confident are you in the ability of the UK government to address the following areas?",Confidence by policy area,on a scale.*confident,1 - Not confident at all,2,3,4,5 - Very confident,,,,,,23.3,17.3,26.7,22.1,7.0,,,,,,Survation_VI_2026-08-13_Tables.xlsx,Tables
UK Adults,,,,,,,region,London,"Table_Q4_9. National security:On a scale of 1 to 5 where 1 is not confident at all and 5 is very confident, how confident are you in the ability of the UK government to address the following areas?",Confidence by policy area,on a scale.*confident,1 - Not confident at all,2,3,4,5 - Very confident,,,,,,21.6,19.3,21.0,24.1,11.5,,,,,,Survation_VI_2026-08-13_Tables.xlsx,Tables
UK Adults,,,,,,,region,South,"Table_Q4_9. National security:On a scale of 1 to 5 where 1 is not confident at all and 5 is very confident, how confident are you in the ability of the UK government to address the following areas?",Confidence by policy area,on a scale.*confident,1 - Not confident at all,2,3,4,5 - Very confident,,,,,,22.9,16.8,29.2,19.2,7.9,,,,,,Survation_VI_2026-08-13_Tables.xlsx,Tables
UK Adults,,,,,,,region,Midlands,"Table_Q4_9. National security:On a scale of 1 to 5 where 1 is not confident at all and 5 is very confident, how confident are you in the ability of the UK government to address the following areas?",Confidence by policy area,on a scale.*confident,1 - Not confident at all,2,3,4,5 - Very confident,,,,,,22.7,16.0,26.1,21.3,9.6,,,,,,Survation_VI_2026-08-13_Tables.xlsx,Tables
UK Adults,,,,,,,region,North,"Table_Q4_9. National security:On a scale of 1 to 5 where 1 is not confident at all and 5 is very confident, how confident are you in the ability of the UK government to address the following areas?",Confidence by policy area,on a scale.*confident,1 - Not confident at all,2,3,4,5 - Very confident,,,,,,21.6,15.1,23.5,22.9,11.3,,,,,,Survation_VI_2026-08-13_Tables.xlsx,Tables
UK Adults,,,,,,,region,England,"Table_Q4_9. National security:On a scale of 1 to 5 where 1 is not confident at all and 5 is very confident, how confident are you in the ability of the UK government to address the following areas?",Confidence by policy area,on a scale.*confident,1 - Not confident at all,2,3,4,5 - Very confident,,,,,,22.3,16.5,25.8,21.4,9.7,,,,,,Survation_VI_2026-08-13_Tables.xlsx,Tables
UK Adults,,,,,,,region,Scotland,"Table_Q4_9. National security:On a scale of 1 to 5 where 1 is not confident at all and 5 is very confident, how confident are you in the ability of the UK government to address the following areas?",Confidence by policy area,on a scale.*confident,1 - Not confident at all,2,3,4,5 - Very confident,,,,,,22.1,26.3,28.9,15.6,5.7,,,,,,Survation_VI_2026-08-13_Tables.xlsx,Tables
UK Adults,,,,,,,region,Wales,"Table_Q4_9. National security:On a scale of 1 to 5 where 1 is not confident at all and 5 is very confident, how confident are you in the ability of the UK government to address the following areas?",Confidence by policy area,on a scale.*confident,1 - Not confident at all,2,3,4,5 - Very confident,,,,,,18.2,16.8,32.5,24.1,5.7,,,,,,Survation_VI_2026-08-13_Tables.xlsx,Tables
UK Adults,,,,,,,region,Northern Ireland,"Table_Q4_9. National security:On a scale of 1 to 5 where 1 is not confident at all and 5 is very confident, how confident are you in the ability of the UK government to address the following areas?",Confidence by policy area,on a scale.*confident,1 - Not confident at all,2,3,4,5 - Very confident,,,,,,18.9,18.4,16.6,37.7,8.4,,,,,,Survation_VI_2026-08-13_Tables.xlsx,Tables
UK Adults,,,,,,,class,ABC1,"Table_Q4_9. National security:On a scale of 1 to 5 where 1 is not confident at all and 5 is very confident, how confident are you in the ability of the UK government to address the following areas?",Confidence by policy area,on a scale.*confident,1 - Not confident at all,2,3,4,5 - Very confident,,,,,,19.6,17.8,26.4,23.8,9.5,,,,,,Survation_VI_2026-08-13_Tables.xlsx,Tables
UK Adults,,,,,,,class,C2DE,"Table_Q4_9. National security:On a scale of 1 to 5 where 1 is not confident at all and 5 is very confident, how confident are you in the ability of the UK government to address the following areas?",Confidence by policy area,on a scale.*confident,1 - Not confident at all,2,3,4,5 - Very confident,,,,,,24.8,16.9,25.7,18.7,8.7,,,,,,Survation_VI_2026-08-13_Tables.xlsx,Tables
UK Adults,,,,,,,income,"£0 - £19,999","Table_Q4_9. National security:On a scale of 1 to 5 where 1 is not confident at all and 5 is very confident, how confident are you in the ability of the UK government to address the following areas?",Confidence by policy area,on a scale.*confident,1 - Not confident at all,2,3,4,5 - Very confident,,,,,,21.4,15.5,29.0,18.8,6.7,,,,,,Survation_VI_2026-08-13_Tables.xlsx,Tables
UK Adults,,,,,,,income,"£20,000 - £39,999","Table_Q4_9. National security:On a scale of 1 to 5 where 1 is not confident at all and 5 is very confident, how confident are you in the ability of the UK government to address the following areas?",Confidence by policy area,on a scale.*confident,1 - Not confident at all,2,3,4,5 - Very confident,,,,,,24.8,17.9,24.7,19.5,10.6,,,,,,Survation_VI_2026-08-13_Tables.xlsx,Tables
UK Adults,,,,,,,income,"£40,000+","Table_Q4_9. National security:On a scale of 1 to 5 where 1 is not confident at all and 5 is very confident, how confident are you in the ability of the UK government to address the following areas?",Confidence by policy area,on a scale.*confident,1 - Not confident at all,2,3,4,5 - Very confident,,,,,,19.2,18.0,25.9,25.1,8.9,,,,,,Survation_VI_2026-08-13_Tables.xlsx,Tables
UK Adults,,,,,,,historic_vote,LAB,"Table_Q4_9. National security:On a scale of 1 to 5 where 1 is not confident at all and 5 is very confident, how confident are you in the ability of the UK government to address the following areas?",Confidence by policy area,on a scale.*confident,1 - Not confident at all,2,3,4,5 - Very confident,,,,,,9.5,10.8,31.7,30.2,16.2,,,,,,Survation_VI_2026-08-13_Tables.xlsx,Tables
UK Adults,,,,,,,historic_vote,CON,"Table_Q4_9. National security:On a scale of 1 to 5 where 1 is not confident at all and 5 is very confident, how confident are you in the ability of the UK government to address the following areas?",Confidence by policy area,on a scale.*confident,1 - Not confident at all,2,3,4,5 - Very confident,,,,,,30.0,23.7,19.4,15.7,8.6,,,,,,Survation_VI_2026-08-13_Tables.xlsx,Tables
UK Adults,,,,,,,historic_vote,RFM,"Table_Q4_9. National security:On a scale of 1 to 5 where 1 is not confident at all and 5 is very confident, how confident are you in the ability of the UK government to address the following areas?",Confidence by policy area,on a scale.*confident,1 - Not confident at all,2,3,4,5 - Very confident,,,,,,43.4,19.4,16.8,13.9,4.3,,,,,,Survation_VI_2026-08-13_Tables.xlsx,Tables
UK Adults,,,,,,,historic_vote,LD,"Table_Q4_9. National security:On a scale of 1 to 5 where 1 is not confident at all and 5 is very confident, how confident are you in the ability of the UK government to address the following areas?",Confidence by policy area,on a scale.*confident,1 - Not confident at all,2,3,4,5 - Very confident,,,,,,9.2,18.8,30.5,28.5,11.1,,,,,,Survation_VI_2026-08-13_Tables.xlsx,Tables
UK Adults,,,,,,,historic_vote,GRN,"Table_Q4_9. National security:On a scale of 1 to 5 where 1 is not confident at all and 5 is very confident, how confident are you in the ability of the UK government to address the following areas?",Confidence by policy area,on a scale.*confident,1 - Not confident at all,2,3,4,5 - Very confident,,,,,,14.2,26.6,32.3,18.8,6.7,,,,,,Survation_VI_2026-08-13_Tables.xlsx,Tables
UK Adults,,,,,,,historic_vote,OTH,"Table_Q4_9. National security:On a scale of 1 to 5 where 1 is not confident at all and 5 is very confident, how confident are you in the ability of the UK government to address the following areas?",Confidence by policy area,on a scale.*confident,1 - Not confident at all,2,3,4,5 - Very confident,,,,,,21.3,21.6,21.4,28.7,6.3,,,,,,Survation_VI_2026-08-13_Tables.xlsx,Tables
UK Adults,,,,,,,historic_vote,Leave,"Table_Q4_9. National security:On a scale of 1 to 5 where 1 is not confident at all and 5 is very confident, how confident are you in the ability of the UK government to address the following areas?",Confidence by policy area,on a scale.*confident,1 - Not confident at all,2,3,4,5 - Very confident,,,,,,33.6,18.8,20.5,17.3,8.3,,,,,,Survation_VI_2026-08-13_Tables.xlsx,Tables
UK Adults,,,,,,,historic_vote,Remain,"Table_Q4_9. National security:On a scale of 1 to 5 where 1 is not confident at all and 5 is very confident, how confident are you in the ability of the UK government to address the following areas?",Confidence by policy area,on a scale.*confident,1 - Not confident at all,2,3,4,5 - Very confident,,,,,,11.4,19.1,31.1,26.6,8.8,,,,,,Survation_VI_2026-08-13_Tables.xlsx,Tables
UK Adults,,,,,,,current_vote,LAB,"Table_Q4_9. National security:On a scale of 1 to 5 where 1 is not confident at all and 5 is very confident, how confident are you in the ability of the UK government to address the following areas?",Confidence by policy area,on a scale.*confident,1 - Not confident at all,2,3,4,5 - Very confident,,,,,,3.4,9.0,28.2,36.3,20.4,,,,,,Survation_VI_2026-08-13_Tables.xlsx,Tables
UK Adults,,,,,,,current_vote,CON,"Table_Q4_9. National security:On a scale of 1 to 5 where 1 is not confident at all and 5 is very confident, how confident are you in the ability of the UK government to address the following areas?",Confidence by policy area,on a scale.*confident,1 - Not confident at all,2,3,4,5 - Very confident,,,,,,24.5,22.7,23.6,18.4,8.7,,,,,,Survation_VI_2026-08-13_Tables.xlsx,Tables
UK Adults,,,,,,,current_vote,RFM,"Table_Q4_9. National security:On a scale of 1 to 5 where 1 is not confident at all and 5 is very confident, how confident are you in the ability of the UK government to address the following areas?",Confidence by policy area,on a scale.*confident,1 - Not confident at all,2,3,4,5 - Very confident,,,,,,41.6,20.2,19.4,11.5,5.1,,,,,,Survation_VI_2026-08-13_Tables.xlsx,Tables
UK Adults,,,,,,,current_vote,LD,"Table_Q4_9. National security:On a scale of 1 to 5 where 1 is not confident at all and 5 is very confident, how confident are you in the ability of the UK government to address the following areas?",Confidence by policy area,on a scale.*confident,1 - Not confident at all,2,3,4,5 - Very confident,,,,,,6.7,18.9,37.8,26.6,7.7,,,,,,Survation_VI_2026-08-13_Tables.xlsx,Tables
UK Adults,,,,,,,current_vote,GRN,"Table_Q4_9. National security:On a scale of 1 to 5 where 1 is not confident at all and 5 is very confident, how confident are you in the ability of the UK government to address the following areas?",Confidence by policy area,on a scale.*confident,1 - Not confident at all,2,3,4,5 - Very confident,,,,,,13.0,19.7,28.1,26.4,9.8,,,,,,Survation_VI_2026-08-13_Tables.xlsx,Tables
UK Adults,,,,,,,current_vote,OTH,"Table_Q4_9. National security:On a scale of 1 to 5 where 1 is not confident at all and 5 is very confident, how confident are you in the ability of the UK government to address the following areas?",Confidence by policy area,on a scale.*confident,1 - Not confident at all,2,3,4,5 - Very confident,,,,,,23.1,24.0,20.9,24.6,5.9,,,,,,Survation_VI_2026-08-13_Tables.xlsx,Tables
UK Adults,,,,,,,gender,Female,"Table_Q4_10. Housing:On a scale of 1 to 5 where 1 is not confident at all and 5 is very confident, how confident are you in the ability of the UK government to address the following areas?",Best party on housing,hous,1 - Not confident at all,2,3,4,5 - Very confident,,,,,,22.2,23.3,29.0,15.2,6.9,,,,,,Survation_VI_2026-08-13_Tables.xlsx,Tables
UK Adults,,,,,,,gender,Male,"Table_Q4_10. Housing:On a scale of 1 to 5 where 1 is not confident at all and 5 is very confident, how confident are you in the ability of the UK government to address the following areas?",Best party on housing,hous,1 - Not confident at all,2,3,4,5 - Very confident,,,,,,25.0,26.2,26.3,14.8,5.5,,,,,,Survation_VI_2026-08-13_Tables.xlsx,Tables
UK Adults,,,,,,,age,18-24,"Table_Q4_10. Housing:On a scale of 1 to 5 where 1 is not confident at all and 5 is very confident, how confident are you in the ability of the UK government to address the following areas?",Best party on housing,hous,1 - Not confident at all,2,3,4,5 - Very confident,,,,,,16.3,21.6,30.5,17.7,7.6,,,,,,Survation_VI_2026-08-13_Tables.xlsx,Tables
UK Adults,,,,,,,age,25-34,"Table_Q4_10. Housing:On a scale of 1 to 5 where 1 is not confident at all and 5 is very confident, how confident are you in the ability of the UK government to address the following areas?",Best party on housing,hous,1 - Not confident at all,2,3,4,5 - Very confident,,,,,,21.1,22.6,24.4,20.3,9.2,,,,,,Survation_VI_2026-08-13_Tables.xlsx,Tables
UK Adults,,,,,,,age,35-44,"Table_Q4_10. Housing:On a scale of 1 to 5 where 1 is not confident at all and 5 is very confident, how confident are you in the ability of the UK government to address the following areas?",Best party on housing,hous,1 - Not confident at all,2,3,4,5 - Very confident,,,,,,21.8,26.4,26.4,15.9,6.1,,,,,,Survation_VI_2026-08-13_Tables.xlsx,Tables
UK Adults,,,,,,,age,45-54,"Table_Q4_10. Housing:On a scale of 1 to 5 where 1 is not confident at all and 5 is very confident, how confident are you in the ability of the UK government to address the following areas?",Best party on housing,hous,1 - Not confident at all,2,3,4,5 - Very confident,,,,,,33.0,19.3,26.9,14.6,5.1,,,,,,Survation_VI_2026-08-13_Tables.xlsx,Tables
UK Adults,,,,,,,age,55-64,"Table_Q4_10. Housing:On a scale of 1 to 5 where 1 is not confident at all and 5 is very confident, how confident are you in the ability of the UK government to address the following areas?",Best party on housing,hous,1 - Not confident at all,2,3,4,5 - Very confident,,,,,,26.0,28.8,27.3,8.9,6.0,,,,,,Survation_VI_2026-08-13_Tables.xlsx,Tables
UK Adults,,,,,,,age,65+,"Table_Q4_10. Housing:On a scale of 1 to 5 where 1 is not confident at all and 5 is very confident, how confident are you in the ability of the UK government to address the following areas?",Best party on housing,hous,1 - Not confident at all,2,3,4,5 - Very confident,,,,,,21.5,27.4,30.6,13.8,4.6,,,,,,Survation_VI_2026-08-13_Tables.xlsx,Tables
UK Adults,,,,,,,region,London,"Table_Q4_10. Housing:On a scale of 1 to 5 where 1 is not confident at all and 5 is very confident, how confident are you in the ability of the UK government to address the following areas?",Best party on housing,hous,1 - Not confident at all,2,3,4,5 - Very confident,,,,,,27.0,22.4,28.1,15.2,6.4,,,,,,Survation_VI_2026-08-13_Tables.xlsx,Tables
UK Adults,,,,,,,region,South,"Table_Q4_10. Housing:On a scale of 1 to 5 where 1 is not confident at all and 5 is very confident, how confident are you in the ability of the UK government to address the following areas?",Best party on housing,hous,1 - Not confident at all,2,3,4,5 - Very confident,,,,,,24.4,26.1,28.1,12.7,5.5,,,,,,Survation_VI_2026-08-13_Tables.xlsx,Tables
UK Adults,,,,,,,region,Midlands,"Table_Q4_10. Housing:On a scale of 1 to 5 where 1 is not confident at all and 5 is very confident, how confident are you in the ability of the UK government to address the following areas?",Best party on housing,hous,1 - Not confident at all,2,3,4,5 - Very confident,,,,,,24.8,22.8,28.5,16.3,4.4,,,,,,Survation_VI_2026-08-13_Tables.xlsx,Tables
UK Adults,,,,,,,region,North,"Table_Q4_10. Housing:On a scale of 1 to 5 where 1 is not confident at all and 5 is very confident, how confident are you in the ability of the UK government to address the following areas?",Best party on housing,hous,1 - Not confident at all,2,3,4,5 - Very confident,,,,,,21.1,22.4,25.2,18.1,9.7,,,,,,Survation_VI_2026-08-13_Tables.xlsx,Tables
UK Adults,,,,,,,region,England,"Table_Q4_10. Housing:On a scale of 1 to 5 where 1 is not confident at all and 5 is very confident, how confident are you in the ability of the UK government to address the following areas?",Best party on housing,hous,1 - Not confident at all,2,3,4,5 - Very confident,,,,,,24.0,23.8,27.4,15.2,6.6,,,,,,Survation_VI_2026-08-13_Tables.xlsx,Tables
UK Adults,,,,,,,region,Scotland,"Table_Q4_10. Housing:On a scale of 1 to 5 where 1 is not confident at all and 5 is very confident, how confident are you in the ability of the UK government to address the following areas?",Best party on housing,hous,1 - Not confident at all,2,3,4,5 - Very confident,,,,,,25.9,28.7,32.6,8.1,3.7,,,,,,Survation_VI_2026-08-13_Tables.xlsx,Tables
UK Adults,,,,,,,region,Wales,"Table_Q4_10. Housing:On a scale of 1 to 5 where 1 is not confident at all and 5 is very confident, how confident are you in the ability of the UK government to address the following areas?",Best party on housing,hous,1 - Not confident at all,2,3,4,5 - Very confident,,,,,,14.3,33.3,28.2,16.2,4.8,,,,,,Survation_VI_2026-08-13_Tables.xlsx,Tables
UK Adults,,,,,,,region,Northern Ireland,"Table_Q4_10. Housing:On a scale of 1 to 5 where 1 is not confident at all and 5 is very confident, how confident are you in the ability of the UK government to address the following areas?",Best party on housing,hous,1 - Not confident at all,2,3,4,5 - Very confident,,,,,,19.7,23.4,22.1,26.4,5.2,,,,,,Survation_VI_2026-08-13_Tables.xlsx,Tables
UK Adults,,,,,,,class,ABC1,"Table_Q4_10. Housing:On a scale of 1 to 5 where 1 is not confident at all and 5 is very confident, how confident are you in the ability of the UK government to address the following areas?",Best party on housing,hous,1 - Not confident at all,2,3,4,5 - Very confident,,,,,,22.2,24.4,27.1,17.9,6.4,,,,,,Survation_VI_2026-08-13_Tables.xlsx,Tables
UK Adults,,,,,,,class,C2DE,"Table_Q4_10. Housing:On a scale of 1 to 5 where 1 is not confident at all and 5 is very confident, how confident are you in the ability of the UK government to address the following areas?",Best party on housing,hous,1 - Not confident at all,2,3,4,5 - Very confident,,,,,,25.2,25.1,28.4,11.5,6.0,,,,,,Survation_VI_2026-08-13_Tables.xlsx,Tables
UK Adults,,,,,,,income,"£0 - £19,999","Table_Q4_10. Housing:On a scale of 1 to 5 where 1 is not confident at all and 5 is very confident, how confident are you in the ability of the UK government to address the following areas?",Best party on housing,hous,1 - Not confident at all,2,3,4,5 - Very confident,,,,,,22.1,20.5,30.1,13.9,6.8,,,,,,Survation_VI_2026-08-13_Tables.xlsx,Tables
UK Adults,,,,,,,income,"£20,000 - £39,999","Table_Q4_10. Housing:On a scale of 1 to 5 where 1 is not confident at all and 5 is very confident, how confident are you in the ability of the UK government to address the following areas?",Best party on housing,hous,1 - Not confident at all,2,3,4,5 - Very confident,,,,,,25.6,26.4,28.1,12.6,5.8,,,,,,Survation_VI_2026-08-13_Tables.xlsx,Tables
UK Adults,,,,,,,income,"£40,000+","Table_Q4_10. Housing:On a scale of 1 to 5 where 1 is not confident at all and 5 is very confident, how confident are you in the ability of the UK government to address the following areas?",Best party on housing,hous,1 - Not confident at all,2,3,4,5 - Very confident,,,,,,22.2,25.1,25.9,18.2,6.4,,,,,,Survation_VI_2026-08-13_Tables.xlsx,Tables
UK Adults,,,,,,,historic_vote,LAB,"Table_Q4_10. Housing:On a scale of 1 to 5 where 1 is not confident at all and 5 is very confident, how confident are you in the ability of the UK government to address the following areas?",Best party on housing,hous,1 - Not confident at all,2,3,4,5 - Very confident,,,,,,14.0,18.9,30.4,24.5,11.0,,,,,,Survation_VI_2026-08-13_Tables.xlsx,Tables
UK Adults,,,,,,,historic_vote,CON,"Table_Q4_10. Housing:On a scale of 1 to 5 where 1 is not confident at all and 5 is very confident, how confident are you in the ability of the UK government to address the following areas?",Best party on housing,hous,1 - Not confident at all,2,3,4,5 - Very confident,,,,,,27.7,27.3,29.4,8.2,6.0,,,,,,Survation_VI_2026-08-13_Tables.xlsx,Tables
UK Adults,,,,,,,historic_vote,RFM,"Table_Q4_10. Housing:On a scale of 1 to 5 where 1 is not confident at all and 5 is very confident, how confident are you in the ability of the UK government to address the following areas?",Best party on housing,hous,1 - Not confident at all,2,3,4,5 - Very confident,,,,,,43.3,20.5,22.3,7.7,4.9,,,,,,Survation_VI_2026-08-13_Tables.xlsx,Tables
UK Adults,,,,,,,historic_vote,LD,"Table_Q4_10. Housing:On a scale of 1 to 5 where 1 is not confident at all and 5 is very confident, how confident are you in the ability of the UK government to address the following areas?",Best party on housing,hous,1 - Not confident at all,2,3,4,5 - Very confident,,,,,,11.3,28.5,33.1,20.7,5.8,,,,,,Survation_VI_2026-08-13_Tables.xlsx,Tables
UK Adults,,,,,,,historic_vote,GRN,"Table_Q4_10. Housing:On a scale of 1 to 5 where 1 is not confident at all and 5 is very confident, how confident are you in the ability of the UK government to address the following areas?",Best party on housing,hous,1 - Not confident at all,2,3,4,5 - Very confident,,,,,,18.0,33.1,32.7,13.7,2.4,,,,,,Survation_VI_2026-08-13_Tables.xlsx,Tables
UK Adults,,,,,,,historic_vote,OTH,"Table_Q4_10. Housing:On a scale of 1 to 5 where 1 is not confident at all and 5 is very confident, how confident are you in the ability of the UK government to address the following areas?",Best party on housing,hous,1 - Not confident at all,2,3,4,5 - Very confident,,,,,,23.4,29.7,26.4,13.9,5.7,,,,,,Survation_VI_2026-08-13_Tables.xlsx,Tables
UK Adults,,,,,,,historic_vote,Leave,"Table_Q4_10. Housing:On a scale of 1 to 5 where 1 is not confident at all and 5 is very confident, how confident are you in the ability of the UK government to address the following areas?",Best party on housing,hous,1 - Not confident at all,2,3,4,5 - Very confident,,,,,,29.7,26.0,23.6,13.1,6.3,,,,,,Survation_VI_2026-08-13_Tables.xlsx,Tables
UK Adults,,,,,,,historic_vote,Remain,"Table_Q4_10. Housing:On a scale of 1 to 5 where 1 is not confident at all and 5 is very confident, how confident are you in the ability of the UK government to address the following areas?",Best party on housing,hous,1 - Not confident at all,2,3,4,5 - Very confident,,,,,,16.4,23.9,36.4,16.3,5.6,,,,,,Survation_VI_2026-08-13_Tables.xlsx,Tables
UK Adults,,,,,,,current_vote,LAB,"Table_Q4_10. Housing:On a scale of 1 to 5 where 1 is not confident at all and 5 is very confident, how confident are you in the ability of the UK government to address the following areas?",Best party on housing,hous,1 - Not confident at all,2,3,4,5 - Very confident,,,,,,5.5,15.7,31.9,30.4,14.0,,,,,,Survation_VI_2026-08-13_Tables.xlsx,Tables
UK Adults,,,,,,,current_vote,CON,"Table_Q4_10. Housing:On a scale of 1 to 5 where 1 is not confident at all and 5 is very confident, how confident are you in the ability of the UK government to address the following areas?",Best party on housing,hous,1 - Not confident at all,2,3,4,5 - Very confident,,,,,,21.4,26.7,33.4,10.0,6.8,,,,,,Survation_VI_2026-08-13_Tables.xlsx,Tables
UK Adults,,,,,,,current_vote,RFM,"Table_Q4_10. Housing:On a scale of 1 to 5 where 1 is not confident at all and 5 is very confident, how confident are you in the ability of the UK government to address the following areas?",Best party on housing,hous,1 - Not confident at all,2,3,4,5 - Very confident,,,,,,40.9,27.5,19.8,8.1,3.3,,,,,,Survation_VI_2026-08-13_Tables.xlsx,Tables
UK Adults,,,,,,,current_vote,LD,"Table_Q4_10. Housing:On a scale of 1 to 5 where 1 is not confident at all and 5 is very confident, how confident are you in the ability of the UK government to address the following areas?",Best party on housing,hous,1 - Not confident at all,2,3,4,5 - Very confident,,,,,,11.2,28.5,38.5,15.6,5.5,,,,,,Survation_VI_2026-08-13_Tables.xlsx,Tables
UK Adults,,,,,,,current_vote,GRN,"Table_Q4_10. Housing:On a scale of 1 to 5 where 1 is not confident at all and 5 is very confident, how confident are you in the ability of the UK government to address the following areas?",Best party on housing,hous,1 - Not confident at all,2,3,4,5 - Very confident,,,,,,23.7,21.3,31.3,18.6,2.9,,,,,,Survation_VI_2026-08-13_Tables.xlsx,Tables
UK Adults,,,,,,,current_vote,OTH,"Table_Q4_10. Housing:On a scale of 1 to 5 where 1 is not confident at all and 5 is very confident, how confident are you in the ability of the UK government to address the following areas?",Best party on housing,hous,1 - Not confident at all,2,3,4,5 - Very confident,,,,,,28.5,29.6,25.0,12.2,3.2,,,,,,Survation_VI_2026-08-13_Tables.xlsx,Tables
UK Adults,,,,,,,region,National security,"Table_Q4.Summary. On a scale of 1 to 5 where 1 is not confident at all and 5 is very confident, how confident are you in the ability of the UK government to address the following areas?",Confidence by policy area,on a scale.*confident,1 - Not confident at all,2,3,4,5 - Very confident,,,,,,22.0,17.4,26.1,21.5,9.1,,,,,,Survation_VI_2026-08-13_Tables.xlsx,Tables
