Headline sample,Fieldwork dates,Fieldwork end date,Full fieldwork dates,Parliament,Sample size,Pollster,Subsample dimension,Subsample,Question detail,canonical_question,match_pattern,#1,#2,#3,#4,#5,#6,#7,#8,#9,#10,#1,#2,#3,#4,#5,#6,#7,#8,#9,#10,source_file,sheet
"2,050 UK adults",7th - 10th July 2026,,,,1820,,total,Total,"Q:V003. If there were a general election tomorrow, for which party would you vote?",Voting intention (Westminster),general election tomorrow,Conservative,Labour,Liberal Democrat,Green,Reform UK,Some other party / an independent candidate,,,,,15.3,16.3,10.4,13.4,20.6,5.6,,,,,VI-2026-07-07-Opinium-Observer.xlsx,V003
"2,050 UK adults",7th - 10th July 2026,,,,1820,,current_vote,Con,"Q:V003. If there were a general election tomorrow, for which party would you vote?",Voting intention (Westminster),general election tomorrow,Conservative,Labour,Liberal Democrat,Green,Reform UK,Some other party / an independent candidate,,,,,,,,,,,,,,,VI-2026-07-07-Opinium-Observer.xlsx,V003
"2,050 UK adults",7th - 10th July 2026,,,,1820,,current_vote,Lab,"Q:V003. If there were a general election tomorrow, for which party would you vote?",Voting intention (Westminster),general election tomorrow,Conservative,Labour,Liberal Democrat,Green,Reform UK,Some other party / an independent candidate,,,,,,,,,,,,,,,VI-2026-07-07-Opinium-Observer.xlsx,V003
"2,050 UK adults",7th - 10th July 2026,,,,1820,,current_vote,Lib Dem,"Q:V003. If there were a general election tomorrow, for which party would you vote?",Voting intention (Westminster),general election tomorrow,Conservative,Labour,Liberal Democrat,Green,Reform UK,Some other party / an independent candidate,,,,,,,,,,,,,,,VI-2026-07-07-Opinium-Observer.xlsx,V003
"2,050 UK adults",7th - 10th July 2026,,,,1820,,current_vote,Reform,"Q:V003. If there were a general election tomorrow, for which party would you vote?",Voting intention (Westminster),general election tomorrow,Conservative,Labour,Liberal Democrat,Green,Reform UK,Some other party / an independent candidate,,,,,,,,,,,,,,,VI-2026-07-07-Opinium-Observer.xlsx,V003
"2,050 UK adults",7th - 10th July 2026,,,,1820,,current_vote,Green,"Q:V003. If there were a general election tomorrow, for which party would you vote?",Voting intention (Westminster),general election tomorrow,Conservative,Labour,Liberal Democrat,Green,Reform UK,Some other party / an independent candidate,,,,,,,,,,,,,,,VI-2026-07-07-Opinium-Observer.xlsx,V003
"2,050 UK adults",7th - 10th July 2026,,,,1820,,historic_vote,Conservative,"Q:V003. If there were a general election tomorrow, for which party would you vote?",Voting intention (Westminster),general election tomorrow,Conservative,Labour,Liberal Democrat,Green,Reform UK,Some other party / an independent candidate,,,,,60.3,2.5,1.1,0.9,20.5,5.9,,,,,VI-2026-07-07-Opinium-Observer.xlsx,V003
"2,050 UK adults",7th - 10th July 2026,,,,1820,,historic_vote,Labour,"Q:V003. If there were a general election tomorrow, for which party would you vote?",Voting intention (Westminster),general election tomorrow,Conservative,Labour,Liberal Democrat,Green,Reform UK,Some other party / an independent candidate,,,,,3.9,44.9,9.9,15.1,9.7,2.3,,,,,VI-2026-07-07-Opinium-Observer.xlsx,V003
"2,050 UK adults",7th - 10th July 2026,,,,1820,,historic_vote,Lib Dems,"Q:V003. If there were a general election tomorrow, for which party would you vote?",Voting intention (Westminster),general election tomorrow,Conservative,Labour,Liberal Democrat,Green,Reform UK,Some other party / an independent candidate,,,,,4.4,3.5,67.2,4.5,4.6,1.0,,,,,VI-2026-07-07-Opinium-Observer.xlsx,V003
"2,050 UK adults",7th - 10th July 2026,,,,1820,,historic_vote,Green,"Q:V003. If there were a general election tomorrow, for which party would you vote?",Voting intention (Westminster),general election tomorrow,Conservative,Labour,Liberal Democrat,Green,Reform UK,Some other party / an independent candidate,,,,,,3.3,3.4,77.2,8.5,0.8,,,,,VI-2026-07-07-Opinium-Observer.xlsx,V003
"2,050 UK adults",7th - 10th July 2026,,,,1820,,historic_vote,Reform UK,"Q:V003. If there were a general election tomorrow, for which party would you vote?",Voting intention (Westminster),general election tomorrow,Conservative,Labour,Liberal Democrat,Green,Reform UK,Some other party / an independent candidate,,,,,3.7,1.5,0.3,1.1,76.5,9.1,,,,,VI-2026-07-07-Opinium-Observer.xlsx,V003
"2,050 UK adults",7th - 10th July 2026,,,,1820,,historic_vote,Con,"Q:V003. If there were a general election tomorrow, for which party would you vote?",Voting intention (Westminster),general election tomorrow,Conservative,Labour,Liberal Democrat,Green,Reform UK,Some other party / an independent candidate,,,,,38.3,2.5,3.4,2.3,34.4,6.8,,,,,VI-2026-07-07-Opinium-Observer.xlsx,V003
"2,050 UK adults",7th - 10th July 2026,,,,1820,,historic_vote,Lab,"Q:V003. If there were a general election tomorrow, for which party would you vote?",Voting intention (Westminster),general election tomorrow,Conservative,Labour,Liberal Democrat,Green,Reform UK,Some other party / an independent candidate,,,,,3.4,43.7,8.3,17.5,10.2,3.6,,,,,VI-2026-07-07-Opinium-Observer.xlsx,V003
"2,050 UK adults",7th - 10th July 2026,,,,1820,,historic_vote,Lib Dem,"Q:V003. If there were a general election tomorrow, for which party would you vote?",Voting intention (Westminster),general election tomorrow,Conservative,Labour,Liberal Democrat,Green,Reform UK,Some other party / an independent candidate,,,,,2.9,6.7,62.6,7.4,1.3,1.3,,,,,VI-2026-07-07-Opinium-Observer.xlsx,V003
"2,050 UK adults",7th - 10th July 2026,,,,1820,,historic_vote,Remain,"Q:V003. If there were a general election tomorrow, for which party would you vote?",Voting intention (Westminster),general election tomorrow,Conservative,Labour,Liberal Democrat,Green,Reform UK,Some other party / an independent candidate,,,,,14.9,20.9,17.8,15.9,5.9,4.5,,,,,VI-2026-07-07-Opinium-Observer.xlsx,V003
"2,050 UK adults",7th - 10th July 2026,,,,1820,,historic_vote,Leave,"Q:V003. If there were a general election tomorrow, for which party would you vote?",Voting intention (Westminster),general election tomorrow,Conservative,Labour,Liberal Democrat,Green,Reform UK,Some other party / an independent candidate,,,,,19.8,8.3,6.1,5.1,38.5,6.8,,,,,VI-2026-07-07-Opinium-Observer.xlsx,V003
"2,050 UK adults",7th - 10th July 2026,,,,1820,,gender,Male,"Q:V003. If there were a general election tomorrow, for which party would you vote?",Voting intention (Westminster),general election tomorrow,Conservative,Labour,Liberal Democrat,Green,Reform UK,Some other party / an independent candidate,,,,,16.0,16.6,9.7,11.1,26.2,5.5,,,,,VI-2026-07-07-Opinium-Observer.xlsx,V003
"2,050 UK adults",7th - 10th July 2026,,,,1820,,gender,Female,"Q:V003. If there were a general election tomorrow, for which party would you vote?",Voting intention (Westminster),general election tomorrow,Conservative,Labour,Liberal Democrat,Green,Reform UK,Some other party / an independent candidate,,,,,14.8,15.9,11.2,15.3,15.2,5.7,,,,,VI-2026-07-07-Opinium-Observer.xlsx,V003
"2,050 UK adults",7th - 10th July 2026,,,,1820,,age,18-34,"Q:V003. If there were a general election tomorrow, for which party would you vote?",Voting intention (Westminster),general election tomorrow,Conservative,Labour,Liberal Democrat,Green,Reform UK,Some other party / an independent candidate,,,,,9.4,29.0,6.2,23.7,14.6,4.1,,,,,VI-2026-07-07-Opinium-Observer.xlsx,V003
"2,050 UK adults",7th - 10th July 2026,,,,1820,,age,35-49,"Q:V003. If there were a general election tomorrow, for which party would you vote?",Voting intention (Westminster),general election tomorrow,Conservative,Labour,Liberal Democrat,Green,Reform UK,Some other party / an independent candidate,,,,,10.0,16.4,11.3,14.1,21.8,6.0,,,,,VI-2026-07-07-Opinium-Observer.xlsx,V003
"2,050 UK adults",7th - 10th July 2026,,,,1820,,age,50-64,"Q:V003. If there were a general election tomorrow, for which party would you vote?",Voting intention (Westminster),general election tomorrow,Conservative,Labour,Liberal Democrat,Green,Reform UK,Some other party / an independent candidate,,,,,15.8,11.1,11.6,9.3,21.6,7.8,,,,,VI-2026-07-07-Opinium-Observer.xlsx,V003
"2,050 UK adults",7th - 10th July 2026,,,,1820,,age,65+,"Q:V003. If there were a general election tomorrow, for which party would you vote?",Voting intention (Westminster),general election tomorrow,Conservative,Labour,Liberal Democrat,Green,Reform UK,Some other party / an independent candidate,,,,,26.9,7.2,12.9,5.4,25.2,4.6,,,,,VI-2026-07-07-Opinium-Observer.xlsx,V003
"2,050 UK adults",7th - 10th July 2026,,,,1820,,region,North,"Q:V003. If there were a general election tomorrow, for which party would you vote?",Voting intention (Westminster),general election tomorrow,Conservative,Labour,Liberal Democrat,Green,Reform UK,Some other party / an independent candidate,,,,,11.6,19.8,9.3,15.8,23.1,5.5,,,,,VI-2026-07-07-Opinium-Observer.xlsx,V003
"2,050 UK adults",7th - 10th July 2026,,,,1820,,region,Mids,"Q:V003. If there were a general election tomorrow, for which party would you vote?",Voting intention (Westminster),general election tomorrow,Conservative,Labour,Liberal Democrat,Green,Reform UK,Some other party / an independent candidate,,,,,14.4,17.7,5.9,16.1,23.3,6.7,,,,,VI-2026-07-07-Opinium-Observer.xlsx,V003
"2,050 UK adults",7th - 10th July 2026,,,,1820,,region,London,"Q:V003. If there were a general election tomorrow, for which party would you vote?",Voting intention (Westminster),general election tomorrow,Conservative,Labour,Liberal Democrat,Green,Reform UK,Some other party / an independent candidate,,,,,15.4,26.2,10.4,16.4,11.2,3.6,,,,,VI-2026-07-07-Opinium-Observer.xlsx,V003
"2,050 UK adults",7th - 10th July 2026,,,,1820,,region,South,"Q:V003. If there were a general election tomorrow, for which party would you vote?",Voting intention (Westminster),general election tomorrow,Conservative,Labour,Liberal Democrat,Green,Reform UK,Some other party / an independent candidate,,,,,19.4,9.7,16.3,11.2,22.7,5.7,,,,,VI-2026-07-07-Opinium-Observer.xlsx,V003
"2,050 UK adults",7th - 10th July 2026,,,,1820,,region,Wales,"Q:V003. If there were a general election tomorrow, for which party would you vote?",Voting intention (Westminster),general election tomorrow,Conservative,Labour,Liberal Democrat,Green,Reform UK,Some other party / an independent candidate,,,,,16.1,13.2,1.6,8.0,20.9,3.7,,,,,VI-2026-07-07-Opinium-Observer.xlsx,V003
"2,050 UK adults",7th - 10th July 2026,,,,1820,,region,Scotland,"Q:V003. If there were a general election tomorrow, for which party would you vote?",Voting intention (Westminster),general election tomorrow,Conservative,Labour,Liberal Democrat,Green,Reform UK,Some other party / an independent candidate,,,,,10.8,15.9,4.3,8.4,14.4,7.8,,,,,VI-2026-07-07-Opinium-Observer.xlsx,V003
"2,050 UK adults",7th - 10th July 2026,,,,1820,,region,Northern Ireland,"Q:V003. If there were a general election tomorrow, for which party would you vote?",Voting intention (Westminster),general election tomorrow,Conservative,Labour,Liberal Democrat,Green,Reform UK,Some other party / an independent candidate,,,,,,,,,,,,,,,VI-2026-07-07-Opinium-Observer.xlsx,V003
"2,050 UK adults",7th - 10th July 2026,,,,1552,,total,Total,Q:HeadlineVI. Headline VI,Voting intention (Westminster),headline vi,Con,Lab,Lib Dem,Green,Reform,Other,,,,,18.0,19.1,12.2,15.7,24.1,6.6,,,,,VI-2026-07-07-Opinium-Observer.xlsx,HeadlineVI
"2,050 UK adults",7th - 10th July 2026,,,,1552,,current_vote,Con,Q:HeadlineVI. Headline VI,Voting intention (Westminster),headline vi,Con,Lab,Lib Dem,Green,Reform,Other,,,,,,,,,,,,,,,VI-2026-07-07-Opinium-Observer.xlsx,HeadlineVI
"2,050 UK adults",7th - 10th July 2026,,,,1552,,current_vote,Lab,Q:HeadlineVI. Headline VI,Voting intention (Westminster),headline vi,Con,Lab,Lib Dem,Green,Reform,Other,,,,,,,,,,,,,,,VI-2026-07-07-Opinium-Observer.xlsx,HeadlineVI
"2,050 UK adults",7th - 10th July 2026,,,,1552,,current_vote,Lib Dem,Q:HeadlineVI. Headline VI,Voting intention (Westminster),headline vi,Con,Lab,Lib Dem,Green,Reform,Other,,,,,,,,,,,,,,,VI-2026-07-07-Opinium-Observer.xlsx,HeadlineVI
"2,050 UK adults",7th - 10th July 2026,,,,1552,,current_vote,Reform,Q:HeadlineVI. Headline VI,Voting intention (Westminster),headline vi,Con,Lab,Lib Dem,Green,Reform,Other,,,,,,,,,,,,,,,VI-2026-07-07-Opinium-Observer.xlsx,HeadlineVI
"2,050 UK adults",7th - 10th July 2026,,,,1552,,current_vote,Green,Q:HeadlineVI. Headline VI,Voting intention (Westminster),headline vi,Con,Lab,Lib Dem,Green,Reform,Other,,,,,,,,,,,,,,,VI-2026-07-07-Opinium-Observer.xlsx,HeadlineVI
"2,050 UK adults",7th - 10th July 2026,,,,1552,,historic_vote,Conservative,Q:HeadlineVI. Headline VI,Voting intention (Westminster),headline vi,Con,Lab,Lib Dem,Green,Reform,Other,,,,,66.1,2.7,1.3,0.9,22.5,6.5,,,,,VI-2026-07-07-Opinium-Observer.xlsx,HeadlineVI
"2,050 UK adults",7th - 10th July 2026,,,,1552,,historic_vote,Labour,Q:HeadlineVI. Headline VI,Voting intention (Westminster),headline vi,Con,Lab,Lib Dem,Green,Reform,Other,,,,,4.4,50.7,11.2,17.0,11.0,2.6,,,,,VI-2026-07-07-Opinium-Observer.xlsx,HeadlineVI
"2,050 UK adults",7th - 10th July 2026,,,,1552,,historic_vote,Lib Dems,Q:HeadlineVI. Headline VI,Voting intention (Westminster),headline vi,Con,Lab,Lib Dem,Green,Reform,Other,,,,,5.2,4.1,78.9,5.2,5.4,1.2,,,,,VI-2026-07-07-Opinium-Observer.xlsx,HeadlineVI
"2,050 UK adults",7th - 10th July 2026,,,,1552,,historic_vote,Green,Q:HeadlineVI. Headline VI,Voting intention (Westminster),headline vi,Con,Lab,Lib Dem,Green,Reform,Other,,,,,,3.5,3.7,82.8,9.1,0.9,,,,,VI-2026-07-07-Opinium-Observer.xlsx,HeadlineVI
"2,050 UK adults",7th - 10th July 2026,,,,1552,,historic_vote,Reform UK,Q:HeadlineVI. Headline VI,Voting intention (Westminster),headline vi,Con,Lab,Lib Dem,Green,Reform,Other,,,,,4.0,1.7,0.3,1.2,83.0,9.8,,,,,VI-2026-07-07-Opinium-Observer.xlsx,HeadlineVI
"2,050 UK adults",7th - 10th July 2026,,,,1552,,historic_vote,Con,Q:HeadlineVI. Headline VI,Voting intention (Westminster),headline vi,Con,Lab,Lib Dem,Green,Reform,Other,,,,,43.5,2.8,3.8,2.6,39.1,7.7,,,,,VI-2026-07-07-Opinium-Observer.xlsx,HeadlineVI
"2,050 UK adults",7th - 10th July 2026,,,,1552,,historic_vote,Lab,Q:HeadlineVI. Headline VI,Voting intention (Westminster),headline vi,Con,Lab,Lib Dem,Green,Reform,Other,,,,,3.8,48.8,9.3,19.5,11.4,4.0,,,,,VI-2026-07-07-Opinium-Observer.xlsx,HeadlineVI
"2,050 UK adults",7th - 10th July 2026,,,,1552,,historic_vote,Lib Dem,Q:HeadlineVI. Headline VI,Voting intention (Westminster),headline vi,Con,Lab,Lib Dem,Green,Reform,Other,,,,,3.5,8.2,76.1,8.9,1.5,1.6,,,,,VI-2026-07-07-Opinium-Observer.xlsx,HeadlineVI
"2,050 UK adults",7th - 10th July 2026,,,,1552,,historic_vote,Remain,Q:HeadlineVI. Headline VI,Voting intention (Westminster),headline vi,Con,Lab,Lib Dem,Green,Reform,Other,,,,,17.4,24.4,20.8,18.5,6.9,5.2,,,,,VI-2026-07-07-Opinium-Observer.xlsx,HeadlineVI
"2,050 UK adults",7th - 10th July 2026,,,,1552,,historic_vote,Leave,Q:HeadlineVI. Headline VI,Voting intention (Westminster),headline vi,Con,Lab,Lib Dem,Green,Reform,Other,,,,,22.9,9.6,7.1,5.9,44.5,7.9,,,,,VI-2026-07-07-Opinium-Observer.xlsx,HeadlineVI
"2,050 UK adults",7th - 10th July 2026,,,,1552,,gender,Male,Q:HeadlineVI. Headline VI,Voting intention (Westminster),headline vi,Con,Lab,Lib Dem,Green,Reform,Other,,,,,17.9,18.6,10.8,12.4,29.3,6.2,,,,,VI-2026-07-07-Opinium-Observer.xlsx,HeadlineVI
"2,050 UK adults",7th - 10th July 2026,,,,1552,,gender,Female,Q:HeadlineVI. Headline VI,Voting intention (Westminster),headline vi,Con,Lab,Lib Dem,Green,Reform,Other,,,,,18.2,19.6,13.8,18.8,18.7,7.0,,,,,VI-2026-07-07-Opinium-Observer.xlsx,HeadlineVI
"2,050 UK adults",7th - 10th July 2026,,,,1552,,age,18-34,Q:HeadlineVI. Headline VI,Voting intention (Westminster),headline vi,Con,Lab,Lib Dem,Green,Reform,Other,,,,,10.3,32.0,6.9,26.2,16.1,4.5,,,,,VI-2026-07-07-Opinium-Observer.xlsx,HeadlineVI
"2,050 UK adults",7th - 10th July 2026,,,,1552,,age,35-49,Q:HeadlineVI. Headline VI,Voting intention (Westminster),headline vi,Con,Lab,Lib Dem,Green,Reform,Other,,,,,12.2,20.1,13.8,17.2,26.6,7.3,,,,,VI-2026-07-07-Opinium-Observer.xlsx,HeadlineVI
"2,050 UK adults",7th - 10th July 2026,,,,1552,,age,50-64,Q:HeadlineVI. Headline VI,Voting intention (Westminster),headline vi,Con,Lab,Lib Dem,Green,Reform,Other,,,,,19.3,13.6,14.2,11.3,26.4,9.5,,,,,VI-2026-07-07-Opinium-Observer.xlsx,HeadlineVI
"2,050 UK adults",7th - 10th July 2026,,,,1552,,age,65+,Q:HeadlineVI. Headline VI,Voting intention (Westminster),headline vi,Con,Lab,Lib Dem,Green,Reform,Other,,,,,31.2,8.4,15.0,6.2,29.2,5.4,,,,,VI-2026-07-07-Opinium-Observer.xlsx,HeadlineVI
"2,050 UK adults",7th - 10th July 2026,,,,1552,,region,North,Q:HeadlineVI. Headline VI,Voting intention (Westminster),headline vi,Con,Lab,Lib Dem,Green,Reform,Other,,,,,13.7,23.3,10.9,18.6,27.1,6.5,,,,,VI-2026-07-07-Opinium-Observer.xlsx,HeadlineVI
"2,050 UK adults",7th - 10th July 2026,,,,1552,,region,Mids,Q:HeadlineVI. Headline VI,Voting intention (Westminster),headline vi,Con,Lab,Lib Dem,Green,Reform,Other,,,,,17.1,21.0,7.1,19.1,27.7,8.0,,,,,VI-2026-07-07-Opinium-Observer.xlsx,HeadlineVI
"2,050 UK adults",7th - 10th July 2026,,,,1552,,region,London,Q:HeadlineVI. Headline VI,Voting intention (Westminster),headline vi,Con,Lab,Lib Dem,Green,Reform,Other,,,,,18.5,31.5,12.5,19.7,13.5,4.3,,,,,VI-2026-07-07-Opinium-Observer.xlsx,HeadlineVI
"2,050 UK adults",7th - 10th July 2026,,,,1552,,region,South,Q:HeadlineVI. Headline VI,Voting intention (Westminster),headline vi,Con,Lab,Lib Dem,Green,Reform,Other,,,,,22.9,11.4,19.1,13.2,26.7,6.7,,,,,VI-2026-07-07-Opinium-Observer.xlsx,HeadlineVI
"2,050 UK adults",7th - 10th July 2026,,,,1552,,region,Wales,Q:HeadlineVI. Headline VI,Voting intention (Westminster),headline vi,Con,Lab,Lib Dem,Green,Reform,Other,,,,,18.5,15.1,1.9,9.2,24.0,4.3,,,,,VI-2026-07-07-Opinium-Observer.xlsx,HeadlineVI
"2,050 UK adults",7th - 10th July 2026,,,,1552,,region,Scotland,Q:HeadlineVI. Headline VI,Voting intention (Westminster),headline vi,Con,Lab,Lib Dem,Green,Reform,Other,,,,,11.9,17.5,4.8,9.2,15.9,8.6,,,,,VI-2026-07-07-Opinium-Observer.xlsx,HeadlineVI
"2,050 UK adults",7th - 10th July 2026,,,,1552,,region,Northern Ireland,Q:HeadlineVI. Headline VI,Voting intention (Westminster),headline vi,Con,Lab,Lib Dem,Green,Reform,Other,,,,,,,,,,,,,,,VI-2026-07-07-Opinium-Observer.xlsx,HeadlineVI
"2,050 UK adults",7th - 10th July 2026,,,,,,age,The way Nigel Farage is handling his job as leader of Reform UK,Q:V006. To what extent do you approve or disapprove of…,UNMATCHED,,Approve,Neither approve nor disapprove,Disapprove,,,,,,,,25.5,16.4,52.5,,,,,,,,VI-2026-07-07-Opinium-Observer.xlsx,Summary V006
"2,050 UK adults",7th - 10th July 2026,,,,2002,,total,Total,"Q:V006. To what extent do you approve or disapprove of…
 The way Keir Starmer is handling his job as Prime Minister",Leader favourability (Starmer),starmer,Approve,Neither approve nor disapprove,Disapprove,,,,,,,,17.0,16.5,62.1,,,,,,,,VI-2026-07-07-Opinium-Observer.xlsx,V006
"2,050 UK adults",7th - 10th July 2026,,,,2002,,current_vote,Con,"Q:V006. To what extent do you approve or disapprove of…
 The way Keir Starmer is handling his job as Prime Minister",Leader favourability (Starmer),starmer,Approve,Neither approve nor disapprove,Disapprove,,,,,,,,9.7,8.5,81.0,,,,,,,,VI-2026-07-07-Opinium-Observer.xlsx,V006
"2,050 UK adults",7th - 10th July 2026,,,,2002,,current_vote,Lab,"Q:V006. To what extent do you approve or disapprove of…
 The way Keir Starmer is handling his job as Prime Minister",Leader favourability (Starmer),starmer,Approve,Neither approve nor disapprove,Disapprove,,,,,,,,51.5,20.0,27.3,,,,,,,,VI-2026-07-07-Opinium-Observer.xlsx,V006
"2,050 UK adults",7th - 10th July 2026,,,,2002,,current_vote,Lib Dem,"Q:V006. To what extent do you approve or disapprove of…
 The way Keir Starmer is handling his job as Prime Minister",Leader favourability (Starmer),starmer,Approve,Neither approve nor disapprove,Disapprove,,,,,,,,25.9,17.6,54.5,,,,,,,,VI-2026-07-07-Opinium-Observer.xlsx,V006
"2,050 UK adults",7th - 10th July 2026,,,,2002,,current_vote,Reform,"Q:V006. To what extent do you approve or disapprove of…
 The way Keir Starmer is handling his job as Prime Minister",Leader favourability (Starmer),starmer,Approve,Neither approve nor disapprove,Disapprove,,,,,,,,6.9,6.5,85.3,,,,,,,,VI-2026-07-07-Opinium-Observer.xlsx,V006
"2,050 UK adults",7th - 10th July 2026,,,,2002,,current_vote,Green,"Q:V006. To what extent do you approve or disapprove of…
 The way Keir Starmer is handling his job as Prime Minister",Leader favourability (Starmer),starmer,Approve,Neither approve nor disapprove,Disapprove,,,,,,,,16.4,24.3,56.6,,,,,,,,VI-2026-07-07-Opinium-Observer.xlsx,V006
"2,050 UK adults",7th - 10th July 2026,,,,2002,,historic_vote,Conservative,"Q:V006. To what extent do you approve or disapprove of…
 The way Keir Starmer is handling his job as Prime Minister",Leader favourability (Starmer),starmer,Approve,Neither approve nor disapprove,Disapprove,,,,,,,,9.2,7.4,82.8,,,,,,,,VI-2026-07-07-Opinium-Observer.xlsx,V006
"2,050 UK adults",7th - 10th July 2026,,,,2002,,historic_vote,Labour,"Q:V006. To what extent do you approve or disapprove of…
 The way Keir Starmer is handling his job as Prime Minister",Leader favourability (Starmer),starmer,Approve,Neither approve nor disapprove,Disapprove,,,,,,,,29.7,21.0,48.4,,,,,,,,VI-2026-07-07-Opinium-Observer.xlsx,V006
"2,050 UK adults",7th - 10th July 2026,,,,2002,,historic_vote,Lib Dems,"Q:V006. To what extent do you approve or disapprove of…
 The way Keir Starmer is handling his job as Prime Minister",Leader favourability (Starmer),starmer,Approve,Neither approve nor disapprove,Disapprove,,,,,,,,26.4,21.1,48.3,,,,,,,,VI-2026-07-07-Opinium-Observer.xlsx,V006
"2,050 UK adults",7th - 10th July 2026,,,,2002,,historic_vote,Green,"Q:V006. To what extent do you approve or disapprove of…
 The way Keir Starmer is handling his job as Prime Minister",Leader favourability (Starmer),starmer,Approve,Neither approve nor disapprove,Disapprove,,,,,,,,16.7,21.8,58.3,,,,,,,,VI-2026-07-07-Opinium-Observer.xlsx,V006
"2,050 UK adults",7th - 10th July 2026,,,,2002,,historic_vote,Reform UK,"Q:V006. To what extent do you approve or disapprove of…
 The way Keir Starmer is handling his job as Prime Minister",Leader favourability (Starmer),starmer,Approve,Neither approve nor disapprove,Disapprove,,,,,,,,6.4,5.7,86.8,,,,,,,,VI-2026-07-07-Opinium-Observer.xlsx,V006
"2,050 UK adults",7th - 10th July 2026,,,,2002,,historic_vote,Con,"Q:V006. To what extent do you approve or disapprove of…
 The way Keir Starmer is handling his job as Prime Minister",Leader favourability (Starmer),starmer,Approve,Neither approve nor disapprove,Disapprove,,,,,,,,8.5,7.5,82.6,,,,,,,,VI-2026-07-07-Opinium-Observer.xlsx,V006
"2,050 UK adults",7th - 10th July 2026,,,,2002,,historic_vote,Lab,"Q:V006. To what extent do you approve or disapprove of…
 The way Keir Starmer is handling his job as Prime Minister",Leader favourability (Starmer),starmer,Approve,Neither approve nor disapprove,Disapprove,,,,,,,,30.7,18.2,49.9,,,,,,,,VI-2026-07-07-Opinium-Observer.xlsx,V006
"2,050 UK adults",7th - 10th July 2026,,,,2002,,historic_vote,Lib Dem,"Q:V006. To what extent do you approve or disapprove of…
 The way Keir Starmer is handling his job as Prime Minister",Leader favourability (Starmer),starmer,Approve,Neither approve nor disapprove,Disapprove,,,,,,,,28.6,22.2,45.7,,,,,,,,VI-2026-07-07-Opinium-Observer.xlsx,V006
"2,050 UK adults",7th - 10th July 2026,,,,2002,,historic_vote,Remain,"Q:V006. To what extent do you approve or disapprove of…
 The way Keir Starmer is handling his job as Prime Minister",Leader favourability (Starmer),starmer,Approve,Neither approve nor disapprove,Disapprove,,,,,,,,25.2,18.5,54.0,,,,,,,,VI-2026-07-07-Opinium-Observer.xlsx,V006
"2,050 UK adults",7th - 10th July 2026,,,,2002,,historic_vote,Leave,"Q:V006. To what extent do you approve or disapprove of…
 The way Keir Starmer is handling his job as Prime Minister",Leader favourability (Starmer),starmer,Approve,Neither approve nor disapprove,Disapprove,,,,,,,,9.3,10.5,78.3,,,,,,,,VI-2026-07-07-Opinium-Observer.xlsx,V006
"2,050 UK adults",7th - 10th July 2026,,,,2002,,gender,Male,"Q:V006. To what extent do you approve or disapprove of…
 The way Keir Starmer is handling his job as Prime Minister",Leader favourability (Starmer),starmer,Approve,Neither approve nor disapprove,Disapprove,,,,,,,,18.8,14.9,63.0,,,,,,,,VI-2026-07-07-Opinium-Observer.xlsx,V006
"2,050 UK adults",7th - 10th July 2026,,,,2002,,gender,Female,"Q:V006. To what extent do you approve or disapprove of…
 The way Keir Starmer is handling his job as Prime Minister",Leader favourability (Starmer),starmer,Approve,Neither approve nor disapprove,Disapprove,,,,,,,,15.3,18.0,61.2,,,,,,,,VI-2026-07-07-Opinium-Observer.xlsx,V006
"2,050 UK adults",7th - 10th July 2026,,,,2002,,age,18-34,"Q:V006. To what extent do you approve or disapprove of…
 The way Keir Starmer is handling his job as Prime Minister",Leader favourability (Starmer),starmer,Approve,Neither approve nor disapprove,Disapprove,,,,,,,,26.5,19.7,49.5,,,,,,,,VI-2026-07-07-Opinium-Observer.xlsx,V006
"2,050 UK adults",7th - 10th July 2026,,,,2002,,age,35-49,"Q:V006. To what extent do you approve or disapprove of…
 The way Keir Starmer is handling his job as Prime Minister",Leader favourability (Starmer),starmer,Approve,Neither approve nor disapprove,Disapprove,,,,,,,,15.9,20.8,57.4,,,,,,,,VI-2026-07-07-Opinium-Observer.xlsx,V006
"2,050 UK adults",7th - 10th July 2026,,,,2002,,age,50-64,"Q:V006. To what extent do you approve or disapprove of…
 The way Keir Starmer is handling his job as Prime Minister",Leader favourability (Starmer),starmer,Approve,Neither approve nor disapprove,Disapprove,,,,,,,,13.9,13.1,69.2,,,,,,,,VI-2026-07-07-Opinium-Observer.xlsx,V006
"2,050 UK adults",7th - 10th July 2026,,,,2002,,age,65+,"Q:V006. To what extent do you approve or disapprove of…
 The way Keir Starmer is handling his job as Prime Minister",Leader favourability (Starmer),starmer,Approve,Neither approve nor disapprove,Disapprove,,,,,,,,10.3,11.9,74.5,,,,,,,,VI-2026-07-07-Opinium-Observer.xlsx,V006
"2,050 UK adults",7th - 10th July 2026,,,,2002,,region,North,"Q:V006. To what extent do you approve or disapprove of…
 The way Keir Starmer is handling his job as Prime Minister",Leader favourability (Starmer),starmer,Approve,Neither approve nor disapprove,Disapprove,,,,,,,,15.7,14.1,65.8,,,,,,,,VI-2026-07-07-Opinium-Observer.xlsx,V006
"2,050 UK adults",7th - 10th July 2026,,,,2002,,region,Mids,"Q:V006. To what extent do you approve or disapprove of…
 The way Keir Starmer is handling his job as Prime Minister",Leader favourability (Starmer),starmer,Approve,Neither approve nor disapprove,Disapprove,,,,,,,,17.5,16.2,61.0,,,,,,,,VI-2026-07-07-Opinium-Observer.xlsx,V006
"2,050 UK adults",7th - 10th July 2026,,,,2002,,region,London,"Q:V006. To what extent do you approve or disapprove of…
 The way Keir Starmer is handling his job as Prime Minister",Leader favourability (Starmer),starmer,Approve,Neither approve nor disapprove,Disapprove,,,,,,,,24.0,23.0,48.7,,,,,,,,VI-2026-07-07-Opinium-Observer.xlsx,V006
"2,050 UK adults",7th - 10th July 2026,,,,2002,,region,South,"Q:V006. To what extent do you approve or disapprove of…
 The way Keir Starmer is handling his job as Prime Minister",Leader favourability (Starmer),starmer,Approve,Neither approve nor disapprove,Disapprove,,,,,,,,15.6,15.8,65.1,,,,,,,,VI-2026-07-07-Opinium-Observer.xlsx,V006
"2,050 UK adults",7th - 10th July 2026,,,,2002,,region,Wales,"Q:V006. To what extent do you approve or disapprove of…
 The way Keir Starmer is handling his job as Prime Minister",Leader favourability (Starmer),starmer,Approve,Neither approve nor disapprove,Disapprove,,,,,,,,14.4,16.5,65.0,,,,,,,,VI-2026-07-07-Opinium-Observer.xlsx,V006
"2,050 UK adults",7th - 10th July 2026,,,,2002,,region,Scotland,"Q:V006. To what extent do you approve or disapprove of…
 The way Keir Starmer is handling his job as Prime Minister",Leader favourability (Starmer),starmer,Approve,Neither approve nor disapprove,Disapprove,,,,,,,,15.2,16.1,62.6,,,,,,,,VI-2026-07-07-Opinium-Observer.xlsx,V006
"2,050 UK adults",7th - 10th July 2026,,,,2002,,region,Northern Ireland,"Q:V006. To what extent do you approve or disapprove of…
 The way Keir Starmer is handling his job as Prime Minister",Leader favourability (Starmer),starmer,Neither approve nor disapprove,,,,,,,,,,,,,,,,,,,,VI-2026-07-07-Opinium-Observer.xlsx,V006
"2,050 UK adults",7th - 10th July 2026,,,,2002,,total,Total,"Q:V006. To what extent do you approve or disapprove of…
 The way Kemi Badenoch is handling her job as leader of the Conservative Party",Leader favourability (Badenoch),badenoch,Approve,Neither approve nor disapprove,Disapprove,,,,,,,,29.3,28.6,32.2,,,,,,,,VI-2026-07-07-Opinium-Observer.xlsx,V006 (2)
"2,050 UK adults",7th - 10th July 2026,,,,2002,,current_vote,Con,"Q:V006. To what extent do you approve or disapprove of…
 The way Kemi Badenoch is handling her job as leader of the Conservative Party",Leader favourability (Badenoch),badenoch,Approve,Neither approve nor disapprove,Disapprove,,,,,,,,76.3,15.3,5.0,,,,,,,,VI-2026-07-07-Opinium-Observer.xlsx,V006 (2)
"2,050 UK adults",7th - 10th July 2026,,,,2002,,current_vote,Lab,"Q:V006. To what extent do you approve or disapprove of…
 The way Kemi Badenoch is handling her job as leader of the Conservative Party",Leader favourability (Badenoch),badenoch,Approve,Neither approve nor disapprove,Disapprove,,,,,,,,28.6,25.6,42.4,,,,,,,,VI-2026-07-07-Opinium-Observer.xlsx,V006 (2)
"2,050 UK adults",7th - 10th July 2026,,,,2002,,current_vote,Lib Dem,"Q:V006. To what extent do you approve or disapprove of…
 The way Kemi Badenoch is handling her job as leader of the Conservative Party",Leader favourability (Badenoch),badenoch,Approve,Neither approve nor disapprove,Disapprove,,,,,,,,21.2,34.9,39.7,,,,,,,,VI-2026-07-07-Opinium-Observer.xlsx,V006 (2)
"2,050 UK adults",7th - 10th July 2026,,,,2002,,current_vote,Reform,"Q:V006. To what extent do you approve or disapprove of…
 The way Kemi Badenoch is handling her job as leader of the Conservative Party",Leader favourability (Badenoch),badenoch,Approve,Neither approve nor disapprove,Disapprove,,,,,,,,38.7,30.0,23.7,,,,,,,,VI-2026-07-07-Opinium-Observer.xlsx,V006 (2)
"2,050 UK adults",7th - 10th July 2026,,,,2002,,current_vote,Green,"Q:V006. To what extent do you approve or disapprove of…
 The way Kemi Badenoch is handling her job as leader of the Conservative Party",Leader favourability (Badenoch),badenoch,Approve,Neither approve nor disapprove,Disapprove,,,,,,,,8.6,27.1,53.7,,,,,,,,VI-2026-07-07-Opinium-Observer.xlsx,V006 (2)
"2,050 UK adults",7th - 10th July 2026,,,,2002,,historic_vote,Conservative,"Q:V006. To what extent do you approve or disapprove of…
 The way Kemi Badenoch is handling her job as leader of the Conservative Party",Leader favourability (Badenoch),badenoch,Approve,Neither approve nor disapprove,Disapprove,,,,,,,,65.4,19.9,12.1,,,,,,,,VI-2026-07-07-Opinium-Observer.xlsx,V006 (2)
"2,050 UK adults",7th - 10th July 2026,,,,2002,,historic_vote,Labour,"Q:V006. To what extent do you approve or disapprove of…
 The way Kemi Badenoch is handling her job as leader of the Conservative Party",Leader favourability (Badenoch),badenoch,Approve,Neither approve nor disapprove,Disapprove,,,,,,,,22.7,25.1,47.0,,,,,,,,VI-2026-07-07-Opinium-Observer.xlsx,V006 (2)
"2,050 UK adults",7th - 10th July 2026,,,,2002,,historic_vote,Lib Dems,"Q:V006. To what extent do you approve or disapprove of…
 The way Kemi Badenoch is handling her job as leader of the Conservative Party",Leader favourability (Badenoch),badenoch,Approve,Neither approve nor disapprove,Disapprove,,,,,,,,23.6,31.6,37.9,,,,,,,,VI-2026-07-07-Opinium-Observer.xlsx,V006 (2)
"2,050 UK adults",7th - 10th July 2026,,,,2002,,historic_vote,Green,"Q:V006. To what extent do you approve or disapprove of…
 The way Kemi Badenoch is handling her job as leader of the Conservative Party",Leader favourability (Badenoch),badenoch,Approve,Neither approve nor disapprove,Disapprove,,,,,,,,14.6,28.1,50.0,,,,,,,,VI-2026-07-07-Opinium-Observer.xlsx,V006 (2)
"2,050 UK adults",7th - 10th July 2026,,,,2002,,historic_vote,Reform UK,"Q:V006. To what extent do you approve or disapprove of…
 The way Kemi Badenoch is handling her job as leader of the Conservative Party",Leader favourability (Badenoch),badenoch,Approve,Neither approve nor disapprove,Disapprove,,,,,,,,35.8,32.5,26.0,,,,,,,,VI-2026-07-07-Opinium-Observer.xlsx,V006 (2)
"2,050 UK adults",7th - 10th July 2026,,,,2002,,historic_vote,Con,"Q:V006. To what extent do you approve or disapprove of…
 The way Kemi Badenoch is handling her job as leader of the Conservative Party",Leader favourability (Badenoch),badenoch,Approve,Neither approve nor disapprove,Disapprove,,,,,,,,54.8,24.6,16.1,,,,,,,,VI-2026-07-07-Opinium-Observer.xlsx,V006 (2)
"2,050 UK adults",7th - 10th July 2026,,,,2002,,historic_vote,Lab,"Q:V006. To what extent do you approve or disapprove of…
 The way Kemi Badenoch is handling her job as leader of the Conservative Party",Leader favourability (Badenoch),badenoch,Approve,Neither approve nor disapprove,Disapprove,,,,,,,,20.1,23.8,52.8,,,,,,,,VI-2026-07-07-Opinium-Observer.xlsx,V006 (2)
"2,050 UK adults",7th - 10th July 2026,,,,2002,,historic_vote,Lib Dem,"Q:V006. To what extent do you approve or disapprove of…
 The way Kemi Badenoch is handling her job as leader of the Conservative Party",Leader favourability (Badenoch),badenoch,Approve,Neither approve nor disapprove,Disapprove,,,,,,,,22.1,26.8,43.6,,,,,,,,VI-2026-07-07-Opinium-Observer.xlsx,V006 (2)
"2,050 UK adults",7th - 10th July 2026,,,,2002,,historic_vote,Remain,"Q:V006. To what extent do you approve or disapprove of…
 The way Kemi Badenoch is handling her job as leader of the Conservative Party",Leader favourability (Badenoch),badenoch,Approve,Neither approve nor disapprove,Disapprove,,,,,,,,26.4,25.3,42.4,,,,,,,,VI-2026-07-07-Opinium-Observer.xlsx,V006 (2)
"2,050 UK adults",7th - 10th July 2026,,,,2002,,historic_vote,Leave,"Q:V006. To what extent do you approve or disapprove of…
 The way Kemi Badenoch is handling her job as leader of the Conservative Party",Leader favourability (Badenoch),badenoch,Approve,Neither approve nor disapprove,Disapprove,,,,,,,,38.8,28.3,26.5,,,,,,,,VI-2026-07-07-Opinium-Observer.xlsx,V006 (2)
"2,050 UK adults",7th - 10th July 2026,,,,2002,,gender,Male,"Q:V006. To what extent do you approve or disapprove of…
 The way Kemi Badenoch is handling her job as leader of the Conservative Party",Leader favourability (Badenoch),badenoch,Approve,Neither approve nor disapprove,Disapprove,,,,,,,,30.0,29.5,32.9,,,,,,,,VI-2026-07-07-Opinium-Observer.xlsx,V006 (2)
"2,050 UK adults",7th - 10th July 2026,,,,2002,,gender,Female,"Q:V006. To what extent do you approve or disapprove of…
 The way Kemi Badenoch is handling her job as leader of the Conservative Party",Leader favourability (Badenoch),badenoch,Approve,Neither approve nor disapprove,Disapprove,,,,,,,,28.6,28.1,31.0,,,,,,,,VI-2026-07-07-Opinium-Observer.xlsx,V006 (2)
"2,050 UK adults",7th - 10th July 2026,,,,2002,,age,18-34,"Q:V006. To what extent do you approve or disapprove of…
 The way Kemi Badenoch is handling her job as leader of the Conservative Party",Leader favourability (Badenoch),badenoch,Approve,Neither approve nor disapprove,Disapprove,,,,,,,,27.0,30.3,28.6,,,,,,,,VI-2026-07-07-Opinium-Observer.xlsx,V006 (2)
"2,050 UK adults",7th - 10th July 2026,,,,2002,,age,35-49,"Q:V006. To what extent do you approve or disapprove of…
 The way Kemi Badenoch is handling her job as leader of the Conservative Party",Leader favourability (Badenoch),badenoch,Approve,Neither approve nor disapprove,Disapprove,,,,,,,,24.2,27.8,37.8,,,,,,,,VI-2026-07-07-Opinium-Observer.xlsx,V006 (2)
"2,050 UK adults",7th - 10th July 2026,,,,2002,,age,50-64,"Q:V006. To what extent do you approve or disapprove of…
 The way Kemi Badenoch is handling her job as leader of the Conservative Party",Leader favourability (Badenoch),badenoch,Approve,Neither approve nor disapprove,Disapprove,,,,,,,,25.6,28.0,37.9,,,,,,,,VI-2026-07-07-Opinium-Observer.xlsx,V006 (2)
"2,050 UK adults",7th - 10th July 2026,,,,2002,,age,65+,"Q:V006. To what extent do you approve or disapprove of…
 The way Kemi Badenoch is handling her job as leader of the Conservative Party",Leader favourability (Badenoch),badenoch,Approve,Neither approve nor disapprove,Disapprove,,,,,,,,40.5,28.3,24.9,,,,,,,,VI-2026-07-07-Opinium-Observer.xlsx,V006 (2)
"2,050 UK adults",7th - 10th July 2026,,,,2002,,region,North,"Q:V006. To what extent do you approve or disapprove of…
 The way Kemi Badenoch is handling her job as leader of the Conservative Party",Leader favourability (Badenoch),badenoch,Approve,Neither approve nor disapprove,Disapprove,,,,,,,,24.8,30.5,32.6,,,,,,,,VI-2026-07-07-Opinium-Observer.xlsx,V006 (2)
"2,050 UK adults",7th - 10th July 2026,,,,2002,,region,Mids,"Q:V006. To what extent do you approve or disapprove of…
 The way Kemi Badenoch is handling her job as leader of the Conservative Party",Leader favourability (Badenoch),badenoch,Approve,Neither approve nor disapprove,Disapprove,,,,,,,,32.0,27.2,29.6,,,,,,,,VI-2026-07-07-Opinium-Observer.xlsx,V006 (2)
"2,050 UK adults",7th - 10th July 2026,,,,2002,,region,London,"Q:V006. To what extent do you approve or disapprove of…
 The way Kemi Badenoch is handling her job as leader of the Conservative Party",Leader favourability (Badenoch),badenoch,Approve,Neither approve nor disapprove,Disapprove,,,,,,,,30.7,26.9,29.2,,,,,,,,VI-2026-07-07-Opinium-Observer.xlsx,V006 (2)
"2,050 UK adults",7th - 10th July 2026,,,,2002,,region,South,"Q:V006. To what extent do you approve or disapprove of…
 The way Kemi Badenoch is handling her job as leader of the Conservative Party",Leader favourability (Badenoch),badenoch,Approve,Neither approve nor disapprove,Disapprove,,,,,,,,32.2,29.0,31.4,,,,,,,,VI-2026-07-07-Opinium-Observer.xlsx,V006 (2)
"2,050 UK adults",7th - 10th July 2026,,,,2002,,region,Wales,"Q:V006. To what extent do you approve or disapprove of…
 The way Kemi Badenoch is handling her job as leader of the Conservative Party",Leader favourability (Badenoch),badenoch,Approve,Neither approve nor disapprove,Disapprove,,,,,,,,26.8,27.6,38.1,,,,,,,,VI-2026-07-07-Opinium-Observer.xlsx,V006 (2)
"2,050 UK adults",7th - 10th July 2026,,,,2002,,region,Scotland,"Q:V006. To what extent do you approve or disapprove of…
 The way Kemi Badenoch is handling her job as leader of the Conservative Party",Leader favourability (Badenoch),badenoch,Approve,Neither approve nor disapprove,Disapprove,,,,,,,,22.8,28.0,40.4,,,,,,,,VI-2026-07-07-Opinium-Observer.xlsx,V006 (2)
"2,050 UK adults",7th - 10th July 2026,,,,2002,,region,Northern Ireland,"Q:V006. To what extent do you approve or disapprove of…
 The way Kemi Badenoch is handling her job as leader of the Conservative Party",Leader favourability (Badenoch),badenoch,Neither approve nor disapprove,,,,,,,,,,,,,,,,,,,,VI-2026-07-07-Opinium-Observer.xlsx,V006 (2)
"2,050 UK adults",7th - 10th July 2026,,,,2002,,total,Total,"Q:V006. To what extent do you approve or disapprove of…
 The way Ed Davey is handling his job as leader of the Liberal Democrats",Leader favourability (Davey),davey,Approve,Neither approve nor disapprove,Disapprove,,,,,,,,21.0,36.1,26.0,,,,,,,,VI-2026-07-07-Opinium-Observer.xlsx,V006 (3)
"2,050 UK adults",7th - 10th July 2026,,,,2002,,current_vote,Con,"Q:V006. To what extent do you approve or disapprove of…
 The way Ed Davey is handling his job as leader of the Liberal Democrats",Leader favourability (Davey),davey,Approve,Neither approve nor disapprove,Disapprove,,,,,,,,16.9,40.1,33.3,,,,,,,,VI-2026-07-07-Opinium-Observer.xlsx,V006 (3)
"2,050 UK adults",7th - 10th July 2026,,,,2002,,current_vote,Lab,"Q:V006. To what extent do you approve or disapprove of…
 The way Ed Davey is handling his job as leader of the Liberal Democrats",Leader favourability (Davey),davey,Approve,Neither approve nor disapprove,Disapprove,,,,,,,,32.7,42.0,16.5,,,,,,,,VI-2026-07-07-Opinium-Observer.xlsx,V006 (3)
"2,050 UK adults",7th - 10th July 2026,,,,2002,,current_vote,Lib Dem,"Q:V006. To what extent do you approve or disapprove of…
 The way Ed Davey is handling his job as leader of the Liberal Democrats",Leader favourability (Davey),davey,Approve,Neither approve nor disapprove,Disapprove,,,,,,,,73.5,19.0,3.7,,,,,,,,VI-2026-07-07-Opinium-Observer.xlsx,V006 (3)
"2,050 UK adults",7th - 10th July 2026,,,,2002,,current_vote,Reform,"Q:V006. To what extent do you approve or disapprove of…
 The way Ed Davey is handling his job as leader of the Liberal Democrats",Leader favourability (Davey),davey,Approve,Neither approve nor disapprove,Disapprove,,,,,,,,9.3,30.2,44.5,,,,,,,,VI-2026-07-07-Opinium-Observer.xlsx,V006 (3)
"2,050 UK adults",7th - 10th July 2026,,,,2002,,current_vote,Green,"Q:V006. To what extent do you approve or disapprove of…
 The way Ed Davey is handling his job as leader of the Liberal Democrats",Leader favourability (Davey),davey,Approve,Neither approve nor disapprove,Disapprove,,,,,,,,18.9,47.9,16.4,,,,,,,,VI-2026-07-07-Opinium-Observer.xlsx,V006 (3)
"2,050 UK adults",7th - 10th July 2026,,,,2002,,historic_vote,Conservative,"Q:V006. To what extent do you approve or disapprove of…
 The way Ed Davey is handling his job as leader of the Liberal Democrats",Leader favourability (Davey),davey,Approve,Neither approve nor disapprove,Disapprove,,,,,,,,15.4,34.9,38.5,,,,,,,,VI-2026-07-07-Opinium-Observer.xlsx,V006 (3)
"2,050 UK adults",7th - 10th July 2026,,,,2002,,historic_vote,Labour,"Q:V006. To what extent do you approve or disapprove of…
 The way Ed Davey is handling his job as leader of the Liberal Democrats",Leader favourability (Davey),davey,Approve,Neither approve nor disapprove,Disapprove,,,,,,,,26.6,42.9,17.5,,,,,,,,VI-2026-07-07-Opinium-Observer.xlsx,V006 (3)
"2,050 UK adults",7th - 10th July 2026,,,,2002,,historic_vote,Lib Dems,"Q:V006. To what extent do you approve or disapprove of…
 The way Ed Davey is handling his job as leader of the Liberal Democrats",Leader favourability (Davey),davey,Approve,Neither approve nor disapprove,Disapprove,,,,,,,,62.1,23.2,5.8,,,,,,,,VI-2026-07-07-Opinium-Observer.xlsx,V006 (3)
"2,050 UK adults",7th - 10th July 2026,,,,2002,,historic_vote,Green,"Q:V006. To what extent do you approve or disapprove of…
 The way Ed Davey is handling his job as leader of the Liberal Democrats",Leader favourability (Davey),davey,Approve,Neither approve nor disapprove,Disapprove,,,,,,,,21.9,43.9,16.7,,,,,,,,VI-2026-07-07-Opinium-Observer.xlsx,V006 (3)
"2,050 UK adults",7th - 10th July 2026,,,,2002,,historic_vote,Reform UK,"Q:V006. To what extent do you approve or disapprove of…
 The way Ed Davey is handling his job as leader of the Liberal Democrats",Leader favourability (Davey),davey,Approve,Neither approve nor disapprove,Disapprove,,,,,,,,9.3,30.2,47.5,,,,,,,,VI-2026-07-07-Opinium-Observer.xlsx,V006 (3)
"2,050 UK adults",7th - 10th July 2026,,,,2002,,historic_vote,Con,"Q:V006. To what extent do you approve or disapprove of…
 The way Ed Davey is handling his job as leader of the Liberal Democrats",Leader favourability (Davey),davey,Approve,Neither approve nor disapprove,Disapprove,,,,,,,,14.1,35.0,38.3,,,,,,,,VI-2026-07-07-Opinium-Observer.xlsx,V006 (3)
"2,050 UK adults",7th - 10th July 2026,,,,2002,,historic_vote,Lab,"Q:V006. To what extent do you approve or disapprove of…
 The way Ed Davey is handling his job as leader of the Liberal Democrats",Leader favourability (Davey),davey,Approve,Neither approve nor disapprove,Disapprove,,,,,,,,29.5,40.1,18.0,,,,,,,,VI-2026-07-07-Opinium-Observer.xlsx,V006 (3)
"2,050 UK adults",7th - 10th July 2026,,,,2002,,historic_vote,Lib Dem,"Q:V006. To what extent do you approve or disapprove of…
 The way Ed Davey is handling his job as leader of the Liberal Democrats",Leader favourability (Davey),davey,Approve,Neither approve nor disapprove,Disapprove,,,,,,,,57.9,27.1,5.7,,,,,,,,VI-2026-07-07-Opinium-Observer.xlsx,V006 (3)
"2,050 UK adults",7th - 10th July 2026,,,,2002,,historic_vote,Remain,"Q:V006. To what extent do you approve or disapprove of…
 The way Ed Davey is handling his job as leader of the Liberal Democrats",Leader favourability (Davey),davey,Approve,Neither approve nor disapprove,Disapprove,,,,,,,,32.2,38.3,16.6,,,,,,,,VI-2026-07-07-Opinium-Observer.xlsx,V006 (3)
"2,050 UK adults",7th - 10th July 2026,,,,2002,,historic_vote,Leave,"Q:V006. To what extent do you approve or disapprove of…
 The way Ed Davey is handling his job as leader of the Liberal Democrats",Leader favourability (Davey),davey,Approve,Neither approve nor disapprove,Disapprove,,,,,,,,13.0,33.4,38.5,,,,,,,,VI-2026-07-07-Opinium-Observer.xlsx,V006 (3)
"2,050 UK adults",7th - 10th July 2026,,,,2002,,gender,Male,"Q:V006. To what extent do you approve or disapprove of…
 The way Ed Davey is handling his job as leader of the Liberal Democrats",Leader favourability (Davey),davey,Approve,Neither approve nor disapprove,Disapprove,,,,,,,,22.4,33.2,31.3,,,,,,,,VI-2026-07-07-Opinium-Observer.xlsx,V006 (3)
"2,050 UK adults",7th - 10th July 2026,,,,2002,,gender,Female,"Q:V006. To what extent do you approve or disapprove of…
 The way Ed Davey is handling his job as leader of the Liberal Democrats",Leader favourability (Davey),davey,Approve,Neither approve nor disapprove,Disapprove,,,,,,,,19.7,38.8,21.1,,,,,,,,VI-2026-07-07-Opinium-Observer.xlsx,V006 (3)
"2,050 UK adults",7th - 10th July 2026,,,,2002,,age,18-34,"Q:V006. To what extent do you approve or disapprove of…
 The way Ed Davey is handling his job as leader of the Liberal Democrats",Leader favourability (Davey),davey,Approve,Neither approve nor disapprove,Disapprove,,,,,,,,25.7,37.2,20.6,,,,,,,,VI-2026-07-07-Opinium-Observer.xlsx,V006 (3)
"2,050 UK adults",7th - 10th July 2026,,,,2002,,age,35-49,"Q:V006. To what extent do you approve or disapprove of…
 The way Ed Davey is handling his job as leader of the Liberal Democrats",Leader favourability (Davey),davey,Approve,Neither approve nor disapprove,Disapprove,,,,,,,,19.0,35.6,23.1,,,,,,,,VI-2026-07-07-Opinium-Observer.xlsx,V006 (3)
"2,050 UK adults",7th - 10th July 2026,,,,2002,,age,50-64,"Q:V006. To what extent do you approve or disapprove of…
 The way Ed Davey is handling his job as leader of the Liberal Democrats",Leader favourability (Davey),davey,Approve,Neither approve nor disapprove,Disapprove,,,,,,,,19.8,36.3,28.8,,,,,,,,VI-2026-07-07-Opinium-Observer.xlsx,V006 (3)
"2,050 UK adults",7th - 10th July 2026,,,,2002,,age,65+,"Q:V006. To what extent do you approve or disapprove of…
 The way Ed Davey is handling his job as leader of the Liberal Democrats",Leader favourability (Davey),davey,Approve,Neither approve nor disapprove,Disapprove,,,,,,,,19.2,35.0,32.5,,,,,,,,VI-2026-07-07-Opinium-Observer.xlsx,V006 (3)
"2,050 UK adults",7th - 10th July 2026,,,,2002,,region,North,"Q:V006. To what extent do you approve or disapprove of…
 The way Ed Davey is handling his job as leader of the Liberal Democrats",Leader favourability (Davey),davey,Approve,Neither approve nor disapprove,Disapprove,,,,,,,,15.7,35.5,29.4,,,,,,,,VI-2026-07-07-Opinium-Observer.xlsx,V006 (3)
"2,050 UK adults",7th - 10th July 2026,,,,2002,,region,Mids,"Q:V006. To what extent do you approve or disapprove of…
 The way Ed Davey is handling his job as leader of the Liberal Democrats",Leader favourability (Davey),davey,Approve,Neither approve nor disapprove,Disapprove,,,,,,,,23.6,37.4,22.1,,,,,,,,VI-2026-07-07-Opinium-Observer.xlsx,V006 (3)
"2,050 UK adults",7th - 10th July 2026,,,,2002,,region,London,"Q:V006. To what extent do you approve or disapprove of…
 The way Ed Davey is handling his job as leader of the Liberal Democrats",Leader favourability (Davey),davey,Approve,Neither approve nor disapprove,Disapprove,,,,,,,,26.6,31.2,27.7,,,,,,,,VI-2026-07-07-Opinium-Observer.xlsx,V006 (3)
"2,050 UK adults",7th - 10th July 2026,,,,2002,,region,South,"Q:V006. To what extent do you approve or disapprove of…
 The way Ed Davey is handling his job as leader of the Liberal Democrats",Leader favourability (Davey),davey,Approve,Neither approve nor disapprove,Disapprove,,,,,,,,22.3,39.0,23.2,,,,,,,,VI-2026-07-07-Opinium-Observer.xlsx,V006 (3)
"2,050 UK adults",7th - 10th July 2026,,,,2002,,region,Wales,"Q:V006. To what extent do you approve or disapprove of…
 The way Ed Davey is handling his job as leader of the Liberal Democrats",Leader favourability (Davey),davey,Approve,Neither approve nor disapprove,Disapprove,,,,,,,,13.4,36.4,27.8,,,,,,,,VI-2026-07-07-Opinium-Observer.xlsx,V006 (3)
"2,050 UK adults",7th - 10th July 2026,,,,2002,,region,Scotland,"Q:V006. To what extent do you approve or disapprove of…
 The way Ed Davey is handling his job as leader of the Liberal Democrats",Leader favourability (Davey),davey,Approve,Neither approve nor disapprove,Disapprove,,,,,,,,21.6,31.4,31.0,,,,,,,,VI-2026-07-07-Opinium-Observer.xlsx,V006 (3)
"2,050 UK adults",7th - 10th July 2026,,,,2002,,region,Northern Ireland,"Q:V006. To what extent do you approve or disapprove of…
 The way Ed Davey is handling his job as leader of the Liberal Democrats",Leader favourability (Davey),davey,Neither approve nor disapprove,,,,,,,,,,,,,,,,,,,,VI-2026-07-07-Opinium-Observer.xlsx,V006 (3)
"2,050 UK adults",7th - 10th July 2026,,,,2002,,total,Total,"Q:V006. To what extent do you approve or disapprove of…
 The way Nigel Farage is handling his job as leader of Reform UK",Leader favourability (Farage),farage,Approve,Neither approve nor disapprove,Disapprove,,,,,,,,25.5,16.4,52.5,,,,,,,,VI-2026-07-07-Opinium-Observer.xlsx,V006 (4)
"2,050 UK adults",7th - 10th July 2026,,,,2002,,current_vote,Con,"Q:V006. To what extent do you approve or disapprove of…
 The way Nigel Farage is handling his job as leader of Reform UK",Leader favourability (Farage),farage,Approve,Neither approve nor disapprove,Disapprove,,,,,,,,21.1,21.5,54.5,,,,,,,,VI-2026-07-07-Opinium-Observer.xlsx,V006 (4)
"2,050 UK adults",7th - 10th July 2026,,,,2002,,current_vote,Lab,"Q:V006. To what extent do you approve or disapprove of…
 The way Nigel Farage is handling his job as leader of Reform UK",Leader favourability (Farage),farage,Approve,Neither approve nor disapprove,Disapprove,,,,,,,,18.9,14.8,65.7,,,,,,,,VI-2026-07-07-Opinium-Observer.xlsx,V006 (4)
"2,050 UK adults",7th - 10th July 2026,,,,2002,,current_vote,Lib Dem,"Q:V006. To what extent do you approve or disapprove of…
 The way Nigel Farage is handling his job as leader of Reform UK",Leader favourability (Farage),farage,Approve,Neither approve nor disapprove,Disapprove,,,,,,,,6.9,11.0,79.9,,,,,,,,VI-2026-07-07-Opinium-Observer.xlsx,V006 (4)
"2,050 UK adults",7th - 10th July 2026,,,,2002,,current_vote,Reform,"Q:V006. To what extent do you approve or disapprove of…
 The way Nigel Farage is handling his job as leader of Reform UK",Leader favourability (Farage),farage,Approve,Neither approve nor disapprove,Disapprove,,,,,,,,79.2,14.9,4.8,,,,,,,,VI-2026-07-07-Opinium-Observer.xlsx,V006 (4)
"2,050 UK adults",7th - 10th July 2026,,,,2002,,current_vote,Green,"Q:V006. To what extent do you approve or disapprove of…
 The way Nigel Farage is handling his job as leader of Reform UK",Leader favourability (Farage),farage,Approve,Neither approve nor disapprove,Disapprove,,,,,,,,4.5,10.2,84.4,,,,,,,,VI-2026-07-07-Opinium-Observer.xlsx,V006 (4)
"2,050 UK adults",7th - 10th July 2026,,,,2002,,historic_vote,Conservative,"Q:V006. To what extent do you approve or disapprove of…
 The way Nigel Farage is handling his job as leader of Reform UK",Leader favourability (Farage),farage,Approve,Neither approve nor disapprove,Disapprove,,,,,,,,37.0,18.8,42.0,,,,,,,,VI-2026-07-07-Opinium-Observer.xlsx,V006 (4)
"2,050 UK adults",7th - 10th July 2026,,,,2002,,historic_vote,Labour,"Q:V006. To what extent do you approve or disapprove of…
 The way Nigel Farage is handling his job as leader of Reform UK",Leader favourability (Farage),farage,Approve,Neither approve nor disapprove,Disapprove,,,,,,,,15.4,12.8,70.7,,,,,,,,VI-2026-07-07-Opinium-Observer.xlsx,V006 (4)
"2,050 UK adults",7th - 10th July 2026,,,,2002,,historic_vote,Lib Dems,"Q:V006. To what extent do you approve or disapprove of…
 The way Nigel Farage is handling his job as leader of Reform UK",Leader favourability (Farage),farage,Approve,Neither approve nor disapprove,Disapprove,,,,,,,,7.5,11.0,76.4,,,,,,,,VI-2026-07-07-Opinium-Observer.xlsx,V006 (4)
"2,050 UK adults",7th - 10th July 2026,,,,2002,,historic_vote,Green,"Q:V006. To what extent do you approve or disapprove of…
 The way Nigel Farage is handling his job as leader of Reform UK",Leader favourability (Farage),farage,Approve,Neither approve nor disapprove,Disapprove,,,,,,,,12.5,13.3,71.9,,,,,,,,VI-2026-07-07-Opinium-Observer.xlsx,V006 (4)
"2,050 UK adults",7th - 10th July 2026,,,,2002,,historic_vote,Reform UK,"Q:V006. To what extent do you approve or disapprove of…
 The way Nigel Farage is handling his job as leader of Reform UK",Leader favourability (Farage),farage,Approve,Neither approve nor disapprove,Disapprove,,,,,,,,70.1,13.9,14.7,,,,,,,,VI-2026-07-07-Opinium-Observer.xlsx,V006 (4)
"2,050 UK adults",7th - 10th July 2026,,,,2002,,historic_vote,Con,"Q:V006. To what extent do you approve or disapprove of…
 The way Nigel Farage is handling his job as leader of Reform UK",Leader favourability (Farage),farage,Approve,Neither approve nor disapprove,Disapprove,,,,,,,,43.2,15.9,38.9,,,,,,,,VI-2026-07-07-Opinium-Observer.xlsx,V006 (4)
"2,050 UK adults",7th - 10th July 2026,,,,2002,,historic_vote,Lab,"Q:V006. To what extent do you approve or disapprove of…
 The way Nigel Farage is handling his job as leader of Reform UK",Leader favourability (Farage),farage,Approve,Neither approve nor disapprove,Disapprove,,,,,,,,15.6,12.1,72.2,,,,,,,,VI-2026-07-07-Opinium-Observer.xlsx,V006 (4)
"2,050 UK adults",7th - 10th July 2026,,,,2002,,historic_vote,Lib Dem,"Q:V006. To what extent do you approve or disapprove of…
 The way Nigel Farage is handling his job as leader of Reform UK",Leader favourability (Farage),farage,Approve,Neither approve nor disapprove,Disapprove,,,,,,,,10.0,9.3,77.1,,,,,,,,VI-2026-07-07-Opinium-Observer.xlsx,V006 (4)
"2,050 UK adults",7th - 10th July 2026,,,,2002,,historic_vote,Remain,"Q:V006. To what extent do you approve or disapprove of…
 The way Nigel Farage is handling his job as leader of Reform UK",Leader favourability (Farage),farage,Approve,Neither approve nor disapprove,Disapprove,,,,,,,,12.1,11.0,74.2,,,,,,,,VI-2026-07-07-Opinium-Observer.xlsx,V006 (4)
"2,050 UK adults",7th - 10th July 2026,,,,2002,,historic_vote,Leave,"Q:V006. To what extent do you approve or disapprove of…
 The way Nigel Farage is handling his job as leader of Reform UK",Leader favourability (Farage),farage,Approve,Neither approve nor disapprove,Disapprove,,,,,,,,42.2,18.5,36.4,,,,,,,,VI-2026-07-07-Opinium-Observer.xlsx,V006 (4)
"2,050 UK adults",7th - 10th July 2026,,,,2002,,gender,Male,"Q:V006. To what extent do you approve or disapprove of…
 The way Nigel Farage is handling his job as leader of Reform UK",Leader favourability (Farage),farage,Approve,Neither approve nor disapprove,Disapprove,,,,,,,,31.6,16.2,47.7,,,,,,,,VI-2026-07-07-Opinium-Observer.xlsx,V006 (4)
"2,050 UK adults",7th - 10th July 2026,,,,2002,,gender,Female,"Q:V006. To what extent do you approve or disapprove of…
 The way Nigel Farage is handling his job as leader of Reform UK",Leader favourability (Farage),farage,Approve,Neither approve nor disapprove,Disapprove,,,,,,,,20.0,16.6,56.9,,,,,,,,VI-2026-07-07-Opinium-Observer.xlsx,V006 (4)
"2,050 UK adults",7th - 10th July 2026,,,,2002,,age,18-34,"Q:V006. To what extent do you approve or disapprove of…
 The way Nigel Farage is handling his job as leader of Reform UK",Leader favourability (Farage),farage,Approve,Neither approve nor disapprove,Disapprove,,,,,,,,26.5,20.8,47.3,,,,,,,,VI-2026-07-07-Opinium-Observer.xlsx,V006 (4)
"2,050 UK adults",7th - 10th July 2026,,,,2002,,age,35-49,"Q:V006. To what extent do you approve or disapprove of…
 The way Nigel Farage is handling his job as leader of Reform UK",Leader favourability (Farage),farage,Approve,Neither approve nor disapprove,Disapprove,,,,,,,,24.0,16.7,51.9,,,,,,,,VI-2026-07-07-Opinium-Observer.xlsx,V006 (4)
"2,050 UK adults",7th - 10th July 2026,,,,2002,,age,50-64,"Q:V006. To what extent do you approve or disapprove of…
 The way Nigel Farage is handling his job as leader of Reform UK",Leader favourability (Farage),farage,Approve,Neither approve nor disapprove,Disapprove,,,,,,,,24.0,13.6,57.7,,,,,,,,VI-2026-07-07-Opinium-Observer.xlsx,V006 (4)
"2,050 UK adults",7th - 10th July 2026,,,,2002,,age,65+,"Q:V006. To what extent do you approve or disapprove of…
 The way Nigel Farage is handling his job as leader of Reform UK",Leader favourability (Farage),farage,Approve,Neither approve nor disapprove,Disapprove,,,,,,,,27.9,14.1,53.4,,,,,,,,VI-2026-07-07-Opinium-Observer.xlsx,V006 (4)
"2,050 UK adults",7th - 10th July 2026,,,,2002,,region,North,"Q:V006. To what extent do you approve or disapprove of…
 The way Nigel Farage is handling his job as leader of Reform UK",Leader favourability (Farage),farage,Approve,Neither approve nor disapprove,Disapprove,,,,,,,,22.8,16.7,53.0,,,,,,,,VI-2026-07-07-Opinium-Observer.xlsx,V006 (4)
"2,050 UK adults",7th - 10th July 2026,,,,2002,,region,Mids,"Q:V006. To what extent do you approve or disapprove of…
 The way Nigel Farage is handling his job as leader of Reform UK",Leader favourability (Farage),farage,Approve,Neither approve nor disapprove,Disapprove,,,,,,,,28.7,18.2,48.3,,,,,,,,VI-2026-07-07-Opinium-Observer.xlsx,V006 (4)
"2,050 UK adults",7th - 10th July 2026,,,,2002,,region,London,"Q:V006. To what extent do you approve or disapprove of…
 The way Nigel Farage is handling his job as leader of Reform UK",Leader favourability (Farage),farage,Approve,Neither approve nor disapprove,Disapprove,,,,,,,,26.6,17.5,50.2,,,,,,,,VI-2026-07-07-Opinium-Observer.xlsx,V006 (4)
"2,050 UK adults",7th - 10th July 2026,,,,2002,,region,South,"Q:V006. To what extent do you approve or disapprove of…
 The way Nigel Farage is handling his job as leader of Reform UK",Leader favourability (Farage),farage,Approve,Neither approve nor disapprove,Disapprove,,,,,,,,27.9,16.8,51.5,,,,,,,,VI-2026-07-07-Opinium-Observer.xlsx,V006 (4)
"2,050 UK adults",7th - 10th July 2026,,,,2002,,region,Wales,"Q:V006. To what extent do you approve or disapprove of…
 The way Nigel Farage is handling his job as leader of Reform UK",Leader favourability (Farage),farage,Approve,Neither approve nor disapprove,Disapprove,,,,,,,,25.8,12.3,57.7,,,,,,,,VI-2026-07-07-Opinium-Observer.xlsx,V006 (4)
"2,050 UK adults",7th - 10th July 2026,,,,2002,,region,Scotland,"Q:V006. To what extent do you approve or disapprove of…
 The way Nigel Farage is handling his job as leader of Reform UK",Leader favourability (Farage),farage,Approve,Neither approve nor disapprove,Disapprove,,,,,,,,17.0,12.0,63.7,,,,,,,,VI-2026-07-07-Opinium-Observer.xlsx,V006 (4)
"2,050 UK adults",7th - 10th July 2026,,,,2002,,region,Northern Ireland,"Q:V006. To what extent do you approve or disapprove of…
 The way Nigel Farage is handling his job as leader of Reform UK",Leader favourability (Farage),farage,Neither approve nor disapprove,,,,,,,,,,,,,,,,,,,,VI-2026-07-07-Opinium-Observer.xlsx,V006 (4)
"2,050 UK adults",7th - 10th July 2026,,,,2002,,total,Total,"Q:V006. To what extent do you approve or disapprove of…
 The way Rachel Reeves is handling her job as Chancellor of the Exchequer",UNMATCHED,,Approve,Neither approve nor disapprove,Disapprove,,,,,,,,14.1,21.3,54.6,,,,,,,,VI-2026-07-07-Opinium-Observer.xlsx,V006 (5)
"2,050 UK adults",7th - 10th July 2026,,,,2002,,current_vote,Con,"Q:V006. To what extent do you approve or disapprove of…
 The way Rachel Reeves is handling her job as Chancellor of the Exchequer",UNMATCHED,,Approve,Neither approve nor disapprove,Disapprove,,,,,,,,9.7,14.1,75.3,,,,,,,,VI-2026-07-07-Opinium-Observer.xlsx,V006 (5)
"2,050 UK adults",7th - 10th July 2026,,,,2002,,current_vote,Lab,"Q:V006. To what extent do you approve or disapprove of…
 The way Rachel Reeves is handling her job as Chancellor of the Exchequer",UNMATCHED,,Approve,Neither approve nor disapprove,Disapprove,,,,,,,,39.7,28.3,27.3,,,,,,,,VI-2026-07-07-Opinium-Observer.xlsx,V006 (5)
"2,050 UK adults",7th - 10th July 2026,,,,2002,,current_vote,Lib Dem,"Q:V006. To what extent do you approve or disapprove of…
 The way Rachel Reeves is handling her job as Chancellor of the Exchequer",UNMATCHED,,Approve,Neither approve nor disapprove,Disapprove,,,,,,,,20.1,26.4,48.7,,,,,,,,VI-2026-07-07-Opinium-Observer.xlsx,V006 (5)
"2,050 UK adults",7th - 10th July 2026,,,,2002,,current_vote,Reform,"Q:V006. To what extent do you approve or disapprove of…
 The way Rachel Reeves is handling her job as Chancellor of the Exchequer",UNMATCHED,,Approve,Neither approve nor disapprove,Disapprove,,,,,,,,9.3,10.2,76.5,,,,,,,,VI-2026-07-07-Opinium-Observer.xlsx,V006 (5)
"2,050 UK adults",7th - 10th July 2026,,,,2002,,current_vote,Green,"Q:V006. To what extent do you approve or disapprove of…
 The way Rachel Reeves is handling her job as Chancellor of the Exchequer",UNMATCHED,,Approve,Neither approve nor disapprove,Disapprove,,,,,,,,12.7,29.0,43.4,,,,,,,,VI-2026-07-07-Opinium-Observer.xlsx,V006 (5)
"2,050 UK adults",7th - 10th July 2026,,,,2002,,historic_vote,Conservative,"Q:V006. To what extent do you approve or disapprove of…
 The way Rachel Reeves is handling her job as Chancellor of the Exchequer",UNMATCHED,,Approve,Neither approve nor disapprove,Disapprove,,,,,,,,7.7,7.4,83.4,,,,,,,,VI-2026-07-07-Opinium-Observer.xlsx,V006 (5)
"2,050 UK adults",7th - 10th July 2026,,,,2002,,historic_vote,Labour,"Q:V006. To what extent do you approve or disapprove of…
 The way Rachel Reeves is handling her job as Chancellor of the Exchequer",UNMATCHED,,Approve,Neither approve nor disapprove,Disapprove,,,,,,,,24.3,25.9,43.5,,,,,,,,VI-2026-07-07-Opinium-Observer.xlsx,V006 (5)
"2,050 UK adults",7th - 10th July 2026,,,,2002,,historic_vote,Lib Dems,"Q:V006. To what extent do you approve or disapprove of…
 The way Rachel Reeves is handling her job as Chancellor of the Exchequer",UNMATCHED,,Approve,Neither approve nor disapprove,Disapprove,,,,,,,,17.8,23.1,51.1,,,,,,,,VI-2026-07-07-Opinium-Observer.xlsx,V006 (5)
"2,050 UK adults",7th - 10th July 2026,,,,2002,,historic_vote,Green,"Q:V006. To what extent do you approve or disapprove of…
 The way Rachel Reeves is handling her job as Chancellor of the Exchequer",UNMATCHED,,Approve,Neither approve nor disapprove,Disapprove,,,,,,,,15.6,27.1,43.8,,,,,,,,VI-2026-07-07-Opinium-Observer.xlsx,V006 (5)
"2,050 UK adults",7th - 10th July 2026,,,,2002,,historic_vote,Reform UK,"Q:V006. To what extent do you approve or disapprove of…
 The way Rachel Reeves is handling her job as Chancellor of the Exchequer",UNMATCHED,,Approve,Neither approve nor disapprove,Disapprove,,,,,,,,8.8,8.6,79.9,,,,,,,,VI-2026-07-07-Opinium-Observer.xlsx,V006 (5)
"2,050 UK adults",7th - 10th July 2026,,,,2002,,historic_vote,Con,"Q:V006. To what extent do you approve or disapprove of…
 The way Rachel Reeves is handling her job as Chancellor of the Exchequer",UNMATCHED,,Approve,Neither approve nor disapprove,Disapprove,,,,,,,,5.8,8.8,82.8,,,,,,,,VI-2026-07-07-Opinium-Observer.xlsx,V006 (5)
"2,050 UK adults",7th - 10th July 2026,,,,2002,,historic_vote,Lab,"Q:V006. To what extent do you approve or disapprove of…
 The way Rachel Reeves is handling her job as Chancellor of the Exchequer",UNMATCHED,,Approve,Neither approve nor disapprove,Disapprove,,,,,,,,27.6,22.9,43.4,,,,,,,,VI-2026-07-07-Opinium-Observer.xlsx,V006 (5)
"2,050 UK adults",7th - 10th July 2026,,,,2002,,historic_vote,Lib Dem,"Q:V006. To what extent do you approve or disapprove of…
 The way Rachel Reeves is handling her job as Chancellor of the Exchequer",UNMATCHED,,Approve,Neither approve nor disapprove,Disapprove,,,,,,,,19.3,29.1,43.6,,,,,,,,VI-2026-07-07-Opinium-Observer.xlsx,V006 (5)
"2,050 UK adults",7th - 10th July 2026,,,,2002,,historic_vote,Remain,"Q:V006. To what extent do you approve or disapprove of…
 The way Rachel Reeves is handling her job as Chancellor of the Exchequer",UNMATCHED,,Approve,Neither approve nor disapprove,Disapprove,,,,,,,,20.1,24.0,49.0,,,,,,,,VI-2026-07-07-Opinium-Observer.xlsx,V006 (5)
"2,050 UK adults",7th - 10th July 2026,,,,2002,,historic_vote,Leave,"Q:V006. To what extent do you approve or disapprove of…
 The way Rachel Reeves is handling her job as Chancellor of the Exchequer",UNMATCHED,,Approve,Neither approve nor disapprove,Disapprove,,,,,,,,7.3,12.0,75.5,,,,,,,,VI-2026-07-07-Opinium-Observer.xlsx,V006 (5)
"2,050 UK adults",7th - 10th July 2026,,,,2002,,gender,Male,"Q:V006. To what extent do you approve or disapprove of…
 The way Rachel Reeves is handling her job as Chancellor of the Exchequer",UNMATCHED,,Approve,Neither approve nor disapprove,Disapprove,,,,,,,,16.6,19.9,56.4,,,,,,,,VI-2026-07-07-Opinium-Observer.xlsx,V006 (5)
"2,050 UK adults",7th - 10th July 2026,,,,2002,,gender,Female,"Q:V006. To what extent do you approve or disapprove of…
 The way Rachel Reeves is handling her job as Chancellor of the Exchequer",UNMATCHED,,Approve,Neither approve nor disapprove,Disapprove,,,,,,,,11.7,22.7,53.2,,,,,,,,VI-2026-07-07-Opinium-Observer.xlsx,V006 (5)
"2,050 UK adults",7th - 10th July 2026,,,,2002,,age,18-34,"Q:V006. To what extent do you approve or disapprove of…
 The way Rachel Reeves is handling her job as Chancellor of the Exchequer",UNMATCHED,,Approve,Neither approve nor disapprove,Disapprove,,,,,,,,25.4,32.2,28.6,,,,,,,,VI-2026-07-07-Opinium-Observer.xlsx,V006 (5)
"2,050 UK adults",7th - 10th July 2026,,,,2002,,age,35-49,"Q:V006. To what extent do you approve or disapprove of…
 The way Rachel Reeves is handling her job as Chancellor of the Exchequer",UNMATCHED,,Approve,Neither approve nor disapprove,Disapprove,,,,,,,,14.5,22.0,50.4,,,,,,,,VI-2026-07-07-Opinium-Observer.xlsx,V006 (5)
"2,050 UK adults",7th - 10th July 2026,,,,2002,,age,50-64,"Q:V006. To what extent do you approve or disapprove of…
 The way Rachel Reeves is handling her job as Chancellor of the Exchequer",UNMATCHED,,Approve,Neither approve nor disapprove,Disapprove,,,,,,,,8.7,17.3,67.1,,,,,,,,VI-2026-07-07-Opinium-Observer.xlsx,V006 (5)
"2,050 UK adults",7th - 10th July 2026,,,,2002,,age,65+,"Q:V006. To what extent do you approve or disapprove of…
 The way Rachel Reeves is handling her job as Chancellor of the Exchequer",UNMATCHED,,Approve,Neither approve nor disapprove,Disapprove,,,,,,,,6.3,12.3,76.2,,,,,,,,VI-2026-07-07-Opinium-Observer.xlsx,V006 (5)
"2,050 UK adults",7th - 10th July 2026,,,,2002,,region,North,"Q:V006. To what extent do you approve or disapprove of…
 The way Rachel Reeves is handling her job as Chancellor of the Exchequer",UNMATCHED,,Approve,Neither approve nor disapprove,Disapprove,,,,,,,,11.1,20.0,58.0,,,,,,,,VI-2026-07-07-Opinium-Observer.xlsx,V006 (5)
"2,050 UK adults",7th - 10th July 2026,,,,2002,,region,Mids,"Q:V006. To what extent do you approve or disapprove of…
 The way Rachel Reeves is handling her job as Chancellor of the Exchequer",UNMATCHED,,Approve,Neither approve nor disapprove,Disapprove,,,,,,,,14.5,20.3,54.1,,,,,,,,VI-2026-07-07-Opinium-Observer.xlsx,V006 (5)
"2,050 UK adults",7th - 10th July 2026,,,,2002,,region,London,"Q:V006. To what extent do you approve or disapprove of…
 The way Rachel Reeves is handling her job as Chancellor of the Exchequer",UNMATCHED,,Approve,Neither approve nor disapprove,Disapprove,,,,,,,,21.3,28.7,37.1,,,,,,,,VI-2026-07-07-Opinium-Observer.xlsx,V006 (5)
"2,050 UK adults",7th - 10th July 2026,,,,2002,,region,South,"Q:V006. To what extent do you approve or disapprove of…
 The way Rachel Reeves is handling her job as Chancellor of the Exchequer",UNMATCHED,,Approve,Neither approve nor disapprove,Disapprove,,,,,,,,12.8,20.2,60.1,,,,,,,,VI-2026-07-07-Opinium-Observer.xlsx,V006 (5)
"2,050 UK adults",7th - 10th July 2026,,,,2002,,region,Wales,"Q:V006. To what extent do you approve or disapprove of…
 The way Rachel Reeves is handling her job as Chancellor of the Exchequer",UNMATCHED,,Approve,Neither approve nor disapprove,Disapprove,,,,,,,,9.3,25.8,54.6,,,,,,,,VI-2026-07-07-Opinium-Observer.xlsx,V006 (5)
"2,050 UK adults",7th - 10th July 2026,,,,2002,,region,Scotland,"Q:V006. To what extent do you approve or disapprove of…
 The way Rachel Reeves is handling her job as Chancellor of the Exchequer",UNMATCHED,,Approve,Neither approve nor disapprove,Disapprove,,,,,,,,17.5,17.0,53.8,,,,,,,,VI-2026-07-07-Opinium-Observer.xlsx,V006 (5)
"2,050 UK adults",7th - 10th July 2026,,,,2002,,region,Northern Ireland,"Q:V006. To what extent do you approve or disapprove of…
 The way Rachel Reeves is handling her job as Chancellor of the Exchequer",UNMATCHED,,Neither approve nor disapprove,,,,,,,,,,,,,,,,,,,,VI-2026-07-07-Opinium-Observer.xlsx,V006 (5)
"2,050 UK adults",7th - 10th July 2026,,,,2002,,total,Total,"Q:V006. To what extent do you approve or disapprove of…
 The way Zack Polanski is handling his job as leader of the Green Party of England and Wales",Leader favourability (Polanski),polanski,Approve,Neither approve nor disapprove,Disapprove,,,,,,,,21.2,25.7,37.7,,,,,,,,VI-2026-07-07-Opinium-Observer.xlsx,V006 (6)
"2,050 UK adults",7th - 10th July 2026,,,,2002,,current_vote,Con,"Q:V006. To what extent do you approve or disapprove of…
 The way Zack Polanski is handling his job as leader of the Green Party of England and Wales",Leader favourability (Polanski),polanski,Approve,Neither approve nor disapprove,Disapprove,,,,,,,,10.4,23.0,56.6,,,,,,,,VI-2026-07-07-Opinium-Observer.xlsx,V006 (6)
"2,050 UK adults",7th - 10th July 2026,,,,2002,,current_vote,Lab,"Q:V006. To what extent do you approve or disapprove of…
 The way Zack Polanski is handling his job as leader of the Green Party of England and Wales",Leader favourability (Polanski),polanski,Approve,Neither approve nor disapprove,Disapprove,,,,,,,,35.0,34.0,25.2,,,,,,,,VI-2026-07-07-Opinium-Observer.xlsx,V006 (6)
"2,050 UK adults",7th - 10th July 2026,,,,2002,,current_vote,Lib Dem,"Q:V006. To what extent do you approve or disapprove of…
 The way Zack Polanski is handling his job as leader of the Green Party of England and Wales",Leader favourability (Polanski),polanski,Approve,Neither approve nor disapprove,Disapprove,,,,,,,,24.9,31.6,31.8,,,,,,,,VI-2026-07-07-Opinium-Observer.xlsx,V006 (6)
"2,050 UK adults",7th - 10th July 2026,,,,2002,,current_vote,Reform,"Q:V006. To what extent do you approve or disapprove of…
 The way Zack Polanski is handling his job as leader of the Green Party of England and Wales",Leader favourability (Polanski),polanski,Approve,Neither approve nor disapprove,Disapprove,,,,,,,,6.7,17.7,61.6,,,,,,,,VI-2026-07-07-Opinium-Observer.xlsx,V006 (6)
"2,050 UK adults",7th - 10th July 2026,,,,2002,,current_vote,Green,"Q:V006. To what extent do you approve or disapprove of…
 The way Zack Polanski is handling his job as leader of the Green Party of England and Wales",Leader favourability (Polanski),polanski,Approve,Neither approve nor disapprove,Disapprove,,,,,,,,70.1,18.5,5.7,,,,,,,,VI-2026-07-07-Opinium-Observer.xlsx,V006 (6)
"2,050 UK adults",7th - 10th July 2026,,,,2002,,historic_vote,Conservative,"Q:V006. To what extent do you approve or disapprove of…
 The way Zack Polanski is handling his job as leader of the Green Party of England and Wales",Leader favourability (Polanski),polanski,Approve,Neither approve nor disapprove,Disapprove,,,,,,,,7.1,18.7,64.2,,,,,,,,VI-2026-07-07-Opinium-Observer.xlsx,V006 (6)
"2,050 UK adults",7th - 10th July 2026,,,,2002,,historic_vote,Labour,"Q:V006. To what extent do you approve or disapprove of…
 The way Zack Polanski is handling his job as leader of the Green Party of England and Wales",Leader favourability (Polanski),polanski,Approve,Neither approve nor disapprove,Disapprove,,,,,,,,30.1,30.6,29.7,,,,,,,,VI-2026-07-07-Opinium-Observer.xlsx,V006 (6)
"2,050 UK adults",7th - 10th July 2026,,,,2002,,historic_vote,Lib Dems,"Q:V006. To what extent do you approve or disapprove of…
 The way Zack Polanski is handling his job as leader of the Green Party of England and Wales",Leader favourability (Polanski),polanski,Approve,Neither approve nor disapprove,Disapprove,,,,,,,,24.1,29.5,31.0,,,,,,,,VI-2026-07-07-Opinium-Observer.xlsx,V006 (6)
"2,050 UK adults",7th - 10th July 2026,,,,2002,,historic_vote,Green,"Q:V006. To what extent do you approve or disapprove of…
 The way Zack Polanski is handling his job as leader of the Green Party of England and Wales",Leader favourability (Polanski),polanski,Approve,Neither approve nor disapprove,Disapprove,,,,,,,,54.2,22.1,13.5,,,,,,,,VI-2026-07-07-Opinium-Observer.xlsx,V006 (6)
"2,050 UK adults",7th - 10th July 2026,,,,2002,,historic_vote,Reform UK,"Q:V006. To what extent do you approve or disapprove of…
 The way Zack Polanski is handling his job as leader of the Green Party of England and Wales",Leader favourability (Polanski),polanski,Approve,Neither approve nor disapprove,Disapprove,,,,,,,,8.3,16.3,63.2,,,,,,,,VI-2026-07-07-Opinium-Observer.xlsx,V006 (6)
"2,050 UK adults",7th - 10th July 2026,,,,2002,,historic_vote,Con,"Q:V006. To what extent do you approve or disapprove of…
 The way Zack Polanski is handling his job as leader of the Green Party of England and Wales",Leader favourability (Polanski),polanski,Approve,Neither approve nor disapprove,Disapprove,,,,,,,,6.3,17.5,63.1,,,,,,,,VI-2026-07-07-Opinium-Observer.xlsx,V006 (6)
"2,050 UK adults",7th - 10th July 2026,,,,2002,,historic_vote,Lab,"Q:V006. To what extent do you approve or disapprove of…
 The way Zack Polanski is handling his job as leader of the Green Party of England and Wales",Leader favourability (Polanski),polanski,Approve,Neither approve nor disapprove,Disapprove,,,,,,,,37.2,30.6,24.5,,,,,,,,VI-2026-07-07-Opinium-Observer.xlsx,V006 (6)
"2,050 UK adults",7th - 10th July 2026,,,,2002,,historic_vote,Lib Dem,"Q:V006. To what extent do you approve or disapprove of…
 The way Zack Polanski is handling his job as leader of the Green Party of England and Wales",Leader favourability (Polanski),polanski,Approve,Neither approve nor disapprove,Disapprove,,,,,,,,25.7,30.8,31.4,,,,,,,,VI-2026-07-07-Opinium-Observer.xlsx,V006 (6)
"2,050 UK adults",7th - 10th July 2026,,,,2002,,historic_vote,Remain,"Q:V006. To what extent do you approve or disapprove of…
 The way Zack Polanski is handling his job as leader of the Green Party of England and Wales",Leader favourability (Polanski),polanski,Approve,Neither approve nor disapprove,Disapprove,,,,,,,,29.1,30.8,29.3,,,,,,,,VI-2026-07-07-Opinium-Observer.xlsx,V006 (6)
"2,050 UK adults",7th - 10th July 2026,,,,2002,,historic_vote,Leave,"Q:V006. To what extent do you approve or disapprove of…
 The way Zack Polanski is handling his job as leader of the Green Party of England and Wales",Leader favourability (Polanski),polanski,Approve,Neither approve nor disapprove,Disapprove,,,,,,,,8.4,19.4,56.5,,,,,,,,VI-2026-07-07-Opinium-Observer.xlsx,V006 (6)
"2,050 UK adults",7th - 10th July 2026,,,,2002,,gender,Male,"Q:V006. To what extent do you approve or disapprove of…
 The way Zack Polanski is handling his job as leader of the Green Party of England and Wales",Leader favourability (Polanski),polanski,Approve,Neither approve nor disapprove,Disapprove,,,,,,,,20.6,23.5,44.3,,,,,,,,VI-2026-07-07-Opinium-Observer.xlsx,V006 (6)
"2,050 UK adults",7th - 10th July 2026,,,,2002,,gender,Female,"Q:V006. To what extent do you approve or disapprove of…
 The way Zack Polanski is handling his job as leader of the Green Party of England and Wales",Leader favourability (Polanski),polanski,Approve,Neither approve nor disapprove,Disapprove,,,,,,,,21.6,27.7,31.5,,,,,,,,VI-2026-07-07-Opinium-Observer.xlsx,V006 (6)
"2,050 UK adults",7th - 10th July 2026,,,,2002,,age,18-34,"Q:V006. To what extent do you approve or disapprove of…
 The way Zack Polanski is handling his job as leader of the Green Party of England and Wales",Leader favourability (Polanski),polanski,Approve,Neither approve nor disapprove,Disapprove,,,,,,,,38.3,28.6,20.4,,,,,,,,VI-2026-07-07-Opinium-Observer.xlsx,V006 (6)
"2,050 UK adults",7th - 10th July 2026,,,,2002,,age,35-49,"Q:V006. To what extent do you approve or disapprove of…
 The way Zack Polanski is handling his job as leader of the Green Party of England and Wales",Leader favourability (Polanski),polanski,Approve,Neither approve nor disapprove,Disapprove,,,,,,,,25.8,24.9,32.2,,,,,,,,VI-2026-07-07-Opinium-Observer.xlsx,V006 (6)
"2,050 UK adults",7th - 10th July 2026,,,,2002,,age,50-64,"Q:V006. To what extent do you approve or disapprove of…
 The way Zack Polanski is handling his job as leader of the Green Party of England and Wales",Leader favourability (Polanski),polanski,Approve,Neither approve nor disapprove,Disapprove,,,,,,,,12.9,27.1,44.8,,,,,,,,VI-2026-07-07-Opinium-Observer.xlsx,V006 (6)
"2,050 UK adults",7th - 10th July 2026,,,,2002,,age,65+,"Q:V006. To what extent do you approve or disapprove of…
 The way Zack Polanski is handling his job as leader of the Green Party of England and Wales",Leader favourability (Polanski),polanski,Approve,Neither approve nor disapprove,Disapprove,,,,,,,,5.5,21.5,55.5,,,,,,,,VI-2026-07-07-Opinium-Observer.xlsx,V006 (6)
"2,050 UK adults",7th - 10th July 2026,,,,2002,,region,North,"Q:V006. To what extent do you approve or disapprove of…
 The way Zack Polanski is handling his job as leader of the Green Party of England and Wales",Leader favourability (Polanski),polanski,Approve,Neither approve nor disapprove,Disapprove,,,,,,,,20.0,24.2,36.5,,,,,,,,VI-2026-07-07-Opinium-Observer.xlsx,V006 (6)
"2,050 UK adults",7th - 10th July 2026,,,,2002,,region,Mids,"Q:V006. To what extent do you approve or disapprove of…
 The way Zack Polanski is handling his job as leader of the Green Party of England and Wales",Leader favourability (Polanski),polanski,Approve,Neither approve nor disapprove,Disapprove,,,,,,,,25.4,22.3,36.9,,,,,,,,VI-2026-07-07-Opinium-Observer.xlsx,V006 (6)
"2,050 UK adults",7th - 10th July 2026,,,,2002,,region,London,"Q:V006. To what extent do you approve or disapprove of…
 The way Zack Polanski is handling his job as leader of the Green Party of England and Wales",Leader favourability (Polanski),polanski,Approve,Neither approve nor disapprove,Disapprove,,,,,,,,28.5,27.6,29.6,,,,,,,,VI-2026-07-07-Opinium-Observer.xlsx,V006 (6)
"2,050 UK adults",7th - 10th July 2026,,,,2002,,region,South,"Q:V006. To what extent do you approve or disapprove of…
 The way Zack Polanski is handling his job as leader of the Green Party of England and Wales",Leader favourability (Polanski),polanski,Approve,Neither approve nor disapprove,Disapprove,,,,,,,,18.4,27.2,41.0,,,,,,,,VI-2026-07-07-Opinium-Observer.xlsx,V006 (6)
"2,050 UK adults",7th - 10th July 2026,,,,2002,,region,Wales,"Q:V006. To what extent do you approve or disapprove of…
 The way Zack Polanski is handling his job as leader of the Green Party of England and Wales",Leader favourability (Polanski),polanski,Approve,Neither approve nor disapprove,Disapprove,,,,,,,,25.8,31.3,34.0,,,,,,,,VI-2026-07-07-Opinium-Observer.xlsx,V006 (6)
"2,050 UK adults",7th - 10th July 2026,,,,2002,,region,Scotland,"Q:V006. To what extent do you approve or disapprove of…
 The way Zack Polanski is handling his job as leader of the Green Party of England and Wales",Leader favourability (Polanski),polanski,Approve,Neither approve nor disapprove,Disapprove,,,,,,,,12.9,24.0,45.0,,,,,,,,VI-2026-07-07-Opinium-Observer.xlsx,V006 (6)
"2,050 UK adults",7th - 10th July 2026,,,,2002,,region,Northern Ireland,"Q:V006. To what extent do you approve or disapprove of…
 The way Zack Polanski is handling his job as leader of the Green Party of England and Wales",Leader favourability (Polanski),polanski,Neither approve nor disapprove,,,,,,,,,,,,,,,,,,,,VI-2026-07-07-Opinium-Observer.xlsx,V006 (6)
"2,050 UK adults",7th - 10th July 2026,,,,2002,,total,Total,"Q:V006. To what extent do you approve or disapprove of…
 Andy Burnham",Leader favourability (Burnham),burnham,Approve,Neither approve nor disapprove,Disapprove,,,,,,,,23.6,29.5,31.8,,,,,,,,VI-2026-07-07-Opinium-Observer.xlsx,V006 (7)
"2,050 UK adults",7th - 10th July 2026,,,,2002,,current_vote,Con,"Q:V006. To what extent do you approve or disapprove of…
 Andy Burnham",Leader favourability (Burnham),burnham,Approve,Neither approve nor disapprove,Disapprove,,,,,,,,14.3,32.3,43.4,,,,,,,,VI-2026-07-07-Opinium-Observer.xlsx,V006 (7)
"2,050 UK adults",7th - 10th July 2026,,,,2002,,current_vote,Lab,"Q:V006. To what extent do you approve or disapprove of…
 Andy Burnham",Leader favourability (Burnham),burnham,Approve,Neither approve nor disapprove,Disapprove,,,,,,,,58.2,21.9,14.5,,,,,,,,VI-2026-07-07-Opinium-Observer.xlsx,V006 (7)
"2,050 UK adults",7th - 10th July 2026,,,,2002,,current_vote,Lib Dem,"Q:V006. To what extent do you approve or disapprove of…
 Andy Burnham",Leader favourability (Burnham),burnham,Approve,Neither approve nor disapprove,Disapprove,,,,,,,,37.0,33.0,22.2,,,,,,,,VI-2026-07-07-Opinium-Observer.xlsx,V006 (7)
"2,050 UK adults",7th - 10th July 2026,,,,2002,,current_vote,Reform,"Q:V006. To what extent do you approve or disapprove of…
 Andy Burnham",Leader favourability (Burnham),burnham,Approve,Neither approve nor disapprove,Disapprove,,,,,,,,11.2,25.2,52.0,,,,,,,,VI-2026-07-07-Opinium-Observer.xlsx,V006 (7)
"2,050 UK adults",7th - 10th July 2026,,,,2002,,current_vote,Green,"Q:V006. To what extent do you approve or disapprove of…
 Andy Burnham",Leader favourability (Burnham),burnham,Approve,Neither approve nor disapprove,Disapprove,,,,,,,,31.1,36.3,20.9,,,,,,,,VI-2026-07-07-Opinium-Observer.xlsx,V006 (7)
"2,050 UK adults",7th - 10th July 2026,,,,2002,,historic_vote,Conservative,"Q:V006. To what extent do you approve or disapprove of…
 Andy Burnham",Leader favourability (Burnham),burnham,Approve,Neither approve nor disapprove,Disapprove,,,,,,,,13.0,25.9,51.5,,,,,,,,VI-2026-07-07-Opinium-Observer.xlsx,V006 (7)
"2,050 UK adults",7th - 10th July 2026,,,,2002,,historic_vote,Labour,"Q:V006. To what extent do you approve or disapprove of…
 Andy Burnham",Leader favourability (Burnham),burnham,Approve,Neither approve nor disapprove,Disapprove,,,,,,,,44.7,26.2,18.5,,,,,,,,VI-2026-07-07-Opinium-Observer.xlsx,V006 (7)
"2,050 UK adults",7th - 10th July 2026,,,,2002,,historic_vote,Lib Dems,"Q:V006. To what extent do you approve or disapprove of…
 Andy Burnham",Leader favourability (Burnham),burnham,Approve,Neither approve nor disapprove,Disapprove,,,,,,,,36.2,29.2,20.1,,,,,,,,VI-2026-07-07-Opinium-Observer.xlsx,V006 (7)
"2,050 UK adults",7th - 10th July 2026,,,,2002,,historic_vote,Green,"Q:V006. To what extent do you approve or disapprove of…
 Andy Burnham",Leader favourability (Burnham),burnham,Approve,Neither approve nor disapprove,Disapprove,,,,,,,,31.2,36.8,21.9,,,,,,,,VI-2026-07-07-Opinium-Observer.xlsx,V006 (7)
"2,050 UK adults",7th - 10th July 2026,,,,2002,,historic_vote,Reform UK,"Q:V006. To what extent do you approve or disapprove of…
 Andy Burnham",Leader favourability (Burnham),burnham,Approve,Neither approve nor disapprove,Disapprove,,,,,,,,10.3,20.7,57.4,,,,,,,,VI-2026-07-07-Opinium-Observer.xlsx,V006 (7)
"2,050 UK adults",7th - 10th July 2026,,,,2002,,historic_vote,Con,"Q:V006. To what extent do you approve or disapprove of…
 Andy Burnham",Leader favourability (Burnham),burnham,Approve,Neither approve nor disapprove,Disapprove,,,,,,,,12.5,25.1,50.3,,,,,,,,VI-2026-07-07-Opinium-Observer.xlsx,V006 (7)
"2,050 UK adults",7th - 10th July 2026,,,,2002,,historic_vote,Lab,"Q:V006. To what extent do you approve or disapprove of…
 Andy Burnham",Leader favourability (Burnham),burnham,Approve,Neither approve nor disapprove,Disapprove,,,,,,,,48.7,24.2,17.3,,,,,,,,VI-2026-07-07-Opinium-Observer.xlsx,V006 (7)
"2,050 UK adults",7th - 10th July 2026,,,,2002,,historic_vote,Lib Dem,"Q:V006. To what extent do you approve or disapprove of…
 Andy Burnham",Leader favourability (Burnham),burnham,Approve,Neither approve nor disapprove,Disapprove,,,,,,,,35.0,34.5,20.0,,,,,,,,VI-2026-07-07-Opinium-Observer.xlsx,V006 (7)
"2,050 UK adults",7th - 10th July 2026,,,,2002,,historic_vote,Remain,"Q:V006. To what extent do you approve or disapprove of…
 Andy Burnham",Leader favourability (Burnham),burnham,Approve,Neither approve nor disapprove,Disapprove,,,,,,,,36.4,28.3,22.4,,,,,,,,VI-2026-07-07-Opinium-Observer.xlsx,V006 (7)
"2,050 UK adults",7th - 10th July 2026,,,,2002,,historic_vote,Leave,"Q:V006. To what extent do you approve or disapprove of…
 Andy Burnham",Leader favourability (Burnham),burnham,Approve,Neither approve nor disapprove,Disapprove,,,,,,,,14.3,26.2,47.6,,,,,,,,VI-2026-07-07-Opinium-Observer.xlsx,V006 (7)
"2,050 UK adults",7th - 10th July 2026,,,,2002,,gender,Male,"Q:V006. To what extent do you approve or disapprove of…
 Andy Burnham",Leader favourability (Burnham),burnham,Approve,Neither approve nor disapprove,Disapprove,,,,,,,,23.7,29.2,34.9,,,,,,,,VI-2026-07-07-Opinium-Observer.xlsx,V006 (7)
"2,050 UK adults",7th - 10th July 2026,,,,2002,,gender,Female,"Q:V006. To what extent do you approve or disapprove of…
 Andy Burnham",Leader favourability (Burnham),burnham,Approve,Neither approve nor disapprove,Disapprove,,,,,,,,23.6,30.0,28.7,,,,,,,,VI-2026-07-07-Opinium-Observer.xlsx,V006 (7)
"2,050 UK adults",7th - 10th July 2026,,,,2002,,age,18-34,"Q:V006. To what extent do you approve or disapprove of…
 Andy Burnham",Leader favourability (Burnham),burnham,Approve,Neither approve nor disapprove,Disapprove,,,,,,,,31.2,31.4,21.7,,,,,,,,VI-2026-07-07-Opinium-Observer.xlsx,V006 (7)
"2,050 UK adults",7th - 10th July 2026,,,,2002,,age,35-49,"Q:V006. To what extent do you approve or disapprove of…
 Andy Burnham",Leader favourability (Burnham),burnham,Approve,Neither approve nor disapprove,Disapprove,,,,,,,,26.9,28.7,26.7,,,,,,,,VI-2026-07-07-Opinium-Observer.xlsx,V006 (7)
"2,050 UK adults",7th - 10th July 2026,,,,2002,,age,50-64,"Q:V006. To what extent do you approve or disapprove of…
 Andy Burnham",Leader favourability (Burnham),burnham,Approve,Neither approve nor disapprove,Disapprove,,,,,,,,20.8,28.6,37.3,,,,,,,,VI-2026-07-07-Opinium-Observer.xlsx,V006 (7)
"2,050 UK adults",7th - 10th July 2026,,,,2002,,age,65+,"Q:V006. To what extent do you approve or disapprove of…
 Andy Burnham",Leader favourability (Burnham),burnham,Approve,Neither approve nor disapprove,Disapprove,,,,,,,,14.6,29.0,42.6,,,,,,,,VI-2026-07-07-Opinium-Observer.xlsx,V006 (7)
"2,050 UK adults",7th - 10th July 2026,,,,2002,,region,North,"Q:V006. To what extent do you approve or disapprove of…
 Andy Burnham",Leader favourability (Burnham),burnham,Approve,Neither approve nor disapprove,Disapprove,,,,,,,,32.4,25.8,29.4,,,,,,,,VI-2026-07-07-Opinium-Observer.xlsx,V006 (7)
"2,050 UK adults",7th - 10th July 2026,,,,2002,,region,Mids,"Q:V006. To what extent do you approve or disapprove of…
 Andy Burnham",Leader favourability (Burnham),burnham,Approve,Neither approve nor disapprove,Disapprove,,,,,,,,20.2,29.3,31.7,,,,,,,,VI-2026-07-07-Opinium-Observer.xlsx,V006 (7)
"2,050 UK adults",7th - 10th July 2026,,,,2002,,region,London,"Q:V006. To what extent do you approve or disapprove of…
 Andy Burnham",Leader favourability (Burnham),burnham,Approve,Neither approve nor disapprove,Disapprove,,,,,,,,27.3,31.3,24.7,,,,,,,,VI-2026-07-07-Opinium-Observer.xlsx,V006 (7)
"2,050 UK adults",7th - 10th July 2026,,,,2002,,region,South,"Q:V006. To what extent do you approve or disapprove of…
 Andy Burnham",Leader favourability (Burnham),burnham,Approve,Neither approve nor disapprove,Disapprove,,,,,,,,18.3,32.3,35.5,,,,,,,,VI-2026-07-07-Opinium-Observer.xlsx,V006 (7)
"2,050 UK adults",7th - 10th July 2026,,,,2002,,region,Wales,"Q:V006. To what extent do you approve or disapprove of…
 Andy Burnham",Leader favourability (Burnham),burnham,Approve,Neither approve nor disapprove,Disapprove,,,,,,,,22.7,30.4,29.9,,,,,,,,VI-2026-07-07-Opinium-Observer.xlsx,V006 (7)
"2,050 UK adults",7th - 10th July 2026,,,,2002,,region,Scotland,"Q:V006. To what extent do you approve or disapprove of…
 Andy Burnham",Leader favourability (Burnham),burnham,Approve,Neither approve nor disapprove,Disapprove,,,,,,,,21.6,26.4,35.7,,,,,,,,VI-2026-07-07-Opinium-Observer.xlsx,V006 (7)
"2,050 UK adults",7th - 10th July 2026,,,,2002,,region,Northern Ireland,"Q:V006. To what extent do you approve or disapprove of…
 Andy Burnham",Leader favourability (Burnham),burnham,Neither approve nor disapprove,,,,,,,,,,,,,,,,,,,,VI-2026-07-07-Opinium-Observer.xlsx,V006 (7)
"2,050 UK adults",7th - 10th July 2026,,,,2002,,total,Total,"Q:V007. Which, if any, of the following people do you think would be the best prime minister?",Preferred Prime Minister,best prime minister,Andy Burnham,Kemi Badenoch,,,,,,,,,28.5,23.7,,,,,,,,,VI-2026-07-07-Opinium-Observer.xlsx,V007
"2,050 UK adults",7th - 10th July 2026,,,,2002,,current_vote,Con,"Q:V007. Which, if any, of the following people do you think would be the best prime minister?",Preferred Prime Minister,best prime minister,Andy Burnham,Kemi Badenoch,,,,,,,,,8.7,70.0,,,,,,,,,VI-2026-07-07-Opinium-Observer.xlsx,V007
"2,050 UK adults",7th - 10th July 2026,,,,2002,,current_vote,Lab,"Q:V007. Which, if any, of the following people do you think would be the best prime minister?",Preferred Prime Minister,best prime minister,Andy Burnham,Kemi Badenoch,,,,,,,,,63.5,13.0,,,,,,,,,VI-2026-07-07-Opinium-Observer.xlsx,V007
"2,050 UK adults",7th - 10th July 2026,,,,2002,,current_vote,Lib Dem,"Q:V007. Which, if any, of the following people do you think would be the best prime minister?",Preferred Prime Minister,best prime minister,Andy Burnham,Kemi Badenoch,,,,,,,,,46.1,15.3,,,,,,,,,VI-2026-07-07-Opinium-Observer.xlsx,V007
"2,050 UK adults",7th - 10th July 2026,,,,2002,,current_vote,Reform,"Q:V007. Which, if any, of the following people do you think would be the best prime minister?",Preferred Prime Minister,best prime minister,Andy Burnham,Kemi Badenoch,,,,,,,,,11.2,33.9,,,,,,,,,VI-2026-07-07-Opinium-Observer.xlsx,V007
"2,050 UK adults",7th - 10th July 2026,,,,2002,,current_vote,Green,"Q:V007. Which, if any, of the following people do you think would be the best prime minister?",Preferred Prime Minister,best prime minister,Andy Burnham,Kemi Badenoch,,,,,,,,,45.5,9.1,,,,,,,,,VI-2026-07-07-Opinium-Observer.xlsx,V007
"2,050 UK adults",7th - 10th July 2026,,,,2002,,historic_vote,Conservative,"Q:V007. Which, if any, of the following people do you think would be the best prime minister?",Preferred Prime Minister,best prime minister,Andy Burnham,Kemi Badenoch,,,,,,,,,9.6,60.0,,,,,,,,,VI-2026-07-07-Opinium-Observer.xlsx,V007
"2,050 UK adults",7th - 10th July 2026,,,,2002,,historic_vote,Labour,"Q:V007. Which, if any, of the following people do you think would be the best prime minister?",Preferred Prime Minister,best prime minister,Andy Burnham,Kemi Badenoch,,,,,,,,,53.3,13.0,,,,,,,,,VI-2026-07-07-Opinium-Observer.xlsx,V007
"2,050 UK adults",7th - 10th July 2026,,,,2002,,historic_vote,Lib Dems,"Q:V007. Which, if any, of the following people do you think would be the best prime minister?",Preferred Prime Minister,best prime minister,Andy Burnham,Kemi Badenoch,,,,,,,,,43.9,19.3,,,,,,,,,VI-2026-07-07-Opinium-Observer.xlsx,V007
"2,050 UK adults",7th - 10th July 2026,,,,2002,,historic_vote,Green,"Q:V007. Which, if any, of the following people do you think would be the best prime minister?",Preferred Prime Minister,best prime minister,Andy Burnham,Kemi Badenoch,,,,,,,,,46.7,11.3,,,,,,,,,VI-2026-07-07-Opinium-Observer.xlsx,V007
"2,050 UK adults",7th - 10th July 2026,,,,2002,,historic_vote,Reform UK,"Q:V007. Which, if any, of the following people do you think would be the best prime minister?",Preferred Prime Minister,best prime minister,Andy Burnham,Kemi Badenoch,,,,,,,,,7.5,35.0,,,,,,,,,VI-2026-07-07-Opinium-Observer.xlsx,V007
"2,050 UK adults",7th - 10th July 2026,,,,2002,,historic_vote,Con,"Q:V007. Which, if any, of the following people do you think would be the best prime minister?",Preferred Prime Minister,best prime minister,Andy Burnham,Kemi Badenoch,,,,,,,,,11.6,49.2,,,,,,,,,VI-2026-07-07-Opinium-Observer.xlsx,V007
"2,050 UK adults",7th - 10th July 2026,,,,2002,,historic_vote,Lab,"Q:V007. Which, if any, of the following people do you think would be the best prime minister?",Preferred Prime Minister,best prime minister,Andy Burnham,Kemi Badenoch,,,,,,,,,55.7,14.3,,,,,,,,,VI-2026-07-07-Opinium-Observer.xlsx,V007
"2,050 UK adults",7th - 10th July 2026,,,,2002,,historic_vote,Lib Dem,"Q:V007. Which, if any, of the following people do you think would be the best prime minister?",Preferred Prime Minister,best prime minister,Andy Burnham,Kemi Badenoch,,,,,,,,,44.4,15.6,,,,,,,,,VI-2026-07-07-Opinium-Observer.xlsx,V007
"2,050 UK adults",7th - 10th July 2026,,,,2002,,historic_vote,Remain,"Q:V007. Which, if any, of the following people do you think would be the best prime minister?",Preferred Prime Minister,best prime minister,Andy Burnham,Kemi Badenoch,,,,,,,,,43.5,18.9,,,,,,,,,VI-2026-07-07-Opinium-Observer.xlsx,V007
"2,050 UK adults",7th - 10th July 2026,,,,2002,,historic_vote,Leave,"Q:V007. Which, if any, of the following people do you think would be the best prime minister?",Preferred Prime Minister,best prime minister,Andy Burnham,Kemi Badenoch,,,,,,,,,16.9,36.2,,,,,,,,,VI-2026-07-07-Opinium-Observer.xlsx,V007
"2,050 UK adults",7th - 10th July 2026,,,,2002,,gender,Male,"Q:V007. Which, if any, of the following people do you think would be the best prime minister?",Preferred Prime Minister,best prime minister,Andy Burnham,Kemi Badenoch,,,,,,,,,29.3,24.8,,,,,,,,,VI-2026-07-07-Opinium-Observer.xlsx,V007
"2,050 UK adults",7th - 10th July 2026,,,,2002,,gender,Female,"Q:V007. Which, if any, of the following people do you think would be the best prime minister?",Preferred Prime Minister,best prime minister,Andy Burnham,Kemi Badenoch,,,,,,,,,27.8,22.9,,,,,,,,,VI-2026-07-07-Opinium-Observer.xlsx,V007
"2,050 UK adults",7th - 10th July 2026,,,,2002,,age,18-34,"Q:V007. Which, if any, of the following people do you think would be the best prime minister?",Preferred Prime Minister,best prime minister,Andy Burnham,Kemi Badenoch,,,,,,,,,34.3,17.6,,,,,,,,,VI-2026-07-07-Opinium-Observer.xlsx,V007
"2,050 UK adults",7th - 10th July 2026,,,,2002,,age,35-49,"Q:V007. Which, if any, of the following people do you think would be the best prime minister?",Preferred Prime Minister,best prime minister,Andy Burnham,Kemi Badenoch,,,,,,,,,33.1,20.5,,,,,,,,,VI-2026-07-07-Opinium-Observer.xlsx,V007
"2,050 UK adults",7th - 10th July 2026,,,,2002,,age,50-64,"Q:V007. Which, if any, of the following people do you think would be the best prime minister?",Preferred Prime Minister,best prime minister,Andy Burnham,Kemi Badenoch,,,,,,,,,25.4,23.4,,,,,,,,,VI-2026-07-07-Opinium-Observer.xlsx,V007
"2,050 UK adults",7th - 10th July 2026,,,,2002,,age,65+,"Q:V007. Which, if any, of the following people do you think would be the best prime minister?",Preferred Prime Minister,best prime minister,Andy Burnham,Kemi Badenoch,,,,,,,,,20.2,34.4,,,,,,,,,VI-2026-07-07-Opinium-Observer.xlsx,V007
"2,050 UK adults",7th - 10th July 2026,,,,2002,,region,North,"Q:V007. Which, if any, of the following people do you think would be the best prime minister?",Preferred Prime Minister,best prime minister,Andy Burnham,Kemi Badenoch,,,,,,,,,36.7,19.3,,,,,,,,,VI-2026-07-07-Opinium-Observer.xlsx,V007
"2,050 UK adults",7th - 10th July 2026,,,,2002,,region,Mids,"Q:V007. Which, if any, of the following people do you think would be the best prime minister?",Preferred Prime Minister,best prime minister,Andy Burnham,Kemi Badenoch,,,,,,,,,24.3,24.8,,,,,,,,,VI-2026-07-07-Opinium-Observer.xlsx,V007
"2,050 UK adults",7th - 10th July 2026,,,,2002,,region,London,"Q:V007. Which, if any, of the following people do you think would be the best prime minister?",Preferred Prime Minister,best prime minister,Andy Burnham,Kemi Badenoch,,,,,,,,,31.3,21.8,,,,,,,,,VI-2026-07-07-Opinium-Observer.xlsx,V007
"2,050 UK adults",7th - 10th July 2026,,,,2002,,region,South,"Q:V007. Which, if any, of the following people do you think would be the best prime minister?",Preferred Prime Minister,best prime minister,Andy Burnham,Kemi Badenoch,,,,,,,,,23.9,27.9,,,,,,,,,VI-2026-07-07-Opinium-Observer.xlsx,V007
"2,050 UK adults",7th - 10th July 2026,,,,2002,,region,Wales,"Q:V007. Which, if any, of the following people do you think would be the best prime minister?",Preferred Prime Minister,best prime minister,Andy Burnham,Kemi Badenoch,,,,,,,,,27.9,24.6,,,,,,,,,VI-2026-07-07-Opinium-Observer.xlsx,V007
"2,050 UK adults",7th - 10th July 2026,,,,2002,,region,Scotland,"Q:V007. Which, if any, of the following people do you think would be the best prime minister?",Preferred Prime Minister,best prime minister,Andy Burnham,Kemi Badenoch,,,,,,,,,26.9,20.5,,,,,,,,,VI-2026-07-07-Opinium-Observer.xlsx,V007
"2,050 UK adults",7th - 10th July 2026,,,,2002,,region,Northern Ireland,"Q:V007. Which, if any, of the following people do you think would be the best prime minister?",Preferred Prime Minister,best prime minister,Andy Burnham,Kemi Badenoch,,,,,,,,,,,,,,,,,,,VI-2026-07-07-Opinium-Observer.xlsx,V007
"2,050 UK adults",7th - 10th July 2026,,,,2002,,total,Total,"Q:V007_KF. Which, if any, of the following people do you think would be the best prime minister?",Preferred Prime Minister,best prime minister,Andy Burnham,Nigel Farage,,,,,,,,,35.2,24.6,,,,,,,,,VI-2026-07-07-Opinium-Observer.xlsx,V007_KF
"2,050 UK adults",7th - 10th July 2026,,,,2002,,current_vote,Con,"Q:V007_KF. Which, if any, of the following people do you think would be the best prime minister?",Preferred Prime Minister,best prime minister,Andy Burnham,Nigel Farage,,,,,,,,,24.0,22.6,,,,,,,,,VI-2026-07-07-Opinium-Observer.xlsx,V007_KF
"2,050 UK adults",7th - 10th July 2026,,,,2002,,current_vote,Lab,"Q:V007_KF. Which, if any, of the following people do you think would be the best prime minister?",Preferred Prime Minister,best prime minister,Andy Burnham,Nigel Farage,,,,,,,,,68.0,10.6,,,,,,,,,VI-2026-07-07-Opinium-Observer.xlsx,V007_KF
"2,050 UK adults",7th - 10th July 2026,,,,2002,,current_vote,Lib Dem,"Q:V007_KF. Which, if any, of the following people do you think would be the best prime minister?",Preferred Prime Minister,best prime minister,Andy Burnham,Nigel Farage,,,,,,,,,57.0,6.1,,,,,,,,,VI-2026-07-07-Opinium-Observer.xlsx,V007_KF
"2,050 UK adults",7th - 10th July 2026,,,,2002,,current_vote,Reform,"Q:V007_KF. Which, if any, of the following people do you think would be the best prime minister?",Preferred Prime Minister,best prime minister,Andy Burnham,Nigel Farage,,,,,,,,,5.8,81.5,,,,,,,,,VI-2026-07-07-Opinium-Observer.xlsx,V007_KF
"2,050 UK adults",7th - 10th July 2026,,,,2002,,current_vote,Green,"Q:V007_KF. Which, if any, of the following people do you think would be the best prime minister?",Preferred Prime Minister,best prime minister,Andy Burnham,Nigel Farage,,,,,,,,,53.8,2.8,,,,,,,,,VI-2026-07-07-Opinium-Observer.xlsx,V007_KF
"2,050 UK adults",7th - 10th July 2026,,,,2002,,historic_vote,Conservative,"Q:V007_KF. Which, if any, of the following people do you think would be the best prime minister?",Preferred Prime Minister,best prime minister,Andy Burnham,Nigel Farage,,,,,,,,,16.6,36.3,,,,,,,,,VI-2026-07-07-Opinium-Observer.xlsx,V007_KF
"2,050 UK adults",7th - 10th July 2026,,,,2002,,historic_vote,Labour,"Q:V007_KF. Which, if any, of the following people do you think would be the best prime minister?",Preferred Prime Minister,best prime minister,Andy Burnham,Nigel Farage,,,,,,,,,60.6,11.8,,,,,,,,,VI-2026-07-07-Opinium-Observer.xlsx,V007_KF
"2,050 UK adults",7th - 10th July 2026,,,,2002,,historic_vote,Lib Dems,"Q:V007_KF. Which, if any, of the following people do you think would be the best prime minister?",Preferred Prime Minister,best prime minister,Andy Burnham,Nigel Farage,,,,,,,,,55.4,6.5,,,,,,,,,VI-2026-07-07-Opinium-Observer.xlsx,V007_KF
"2,050 UK adults",7th - 10th July 2026,,,,2002,,historic_vote,Green,"Q:V007_KF. Which, if any, of the following people do you think would be the best prime minister?",Preferred Prime Minister,best prime minister,Andy Burnham,Nigel Farage,,,,,,,,,54.4,10.0,,,,,,,,,VI-2026-07-07-Opinium-Observer.xlsx,V007_KF
"2,050 UK adults",7th - 10th July 2026,,,,2002,,historic_vote,Reform UK,"Q:V007_KF. Which, if any, of the following people do you think would be the best prime minister?",Preferred Prime Minister,best prime minister,Andy Burnham,Nigel Farage,,,,,,,,,6.0,72.9,,,,,,,,,VI-2026-07-07-Opinium-Observer.xlsx,V007_KF
"2,050 UK adults",7th - 10th July 2026,,,,2002,,historic_vote,Con,"Q:V007_KF. Which, if any, of the following people do you think would be the best prime minister?",Preferred Prime Minister,best prime minister,Andy Burnham,Nigel Farage,,,,,,,,,16.1,43.8,,,,,,,,,VI-2026-07-07-Opinium-Observer.xlsx,V007_KF
"2,050 UK adults",7th - 10th July 2026,,,,2002,,historic_vote,Lab,"Q:V007_KF. Which, if any, of the following people do you think would be the best prime minister?",Preferred Prime Minister,best prime minister,Andy Burnham,Nigel Farage,,,,,,,,,62.4,12.7,,,,,,,,,VI-2026-07-07-Opinium-Observer.xlsx,V007_KF
"2,050 UK adults",7th - 10th July 2026,,,,2002,,historic_vote,Lib Dem,"Q:V007_KF. Which, if any, of the following people do you think would be the best prime minister?",Preferred Prime Minister,best prime minister,Andy Burnham,Nigel Farage,,,,,,,,,57.8,7.6,,,,,,,,,VI-2026-07-07-Opinium-Observer.xlsx,V007_KF
"2,050 UK adults",7th - 10th July 2026,,,,2002,,historic_vote,Remain,"Q:V007_KF. Which, if any, of the following people do you think would be the best prime minister?",Preferred Prime Minister,best prime minister,Andy Burnham,Nigel Farage,,,,,,,,,53.5,10.5,,,,,,,,,VI-2026-07-07-Opinium-Observer.xlsx,V007_KF
"2,050 UK adults",7th - 10th July 2026,,,,2002,,historic_vote,Leave,"Q:V007_KF. Which, if any, of the following people do you think would be the best prime minister?",Preferred Prime Minister,best prime minister,Andy Burnham,Nigel Farage,,,,,,,,,21.1,45.1,,,,,,,,,VI-2026-07-07-Opinium-Observer.xlsx,V007_KF
"2,050 UK adults",7th - 10th July 2026,,,,2002,,gender,Male,"Q:V007_KF. Which, if any, of the following people do you think would be the best prime minister?",Preferred Prime Minister,best prime minister,Andy Burnham,Nigel Farage,,,,,,,,,33.6,31.7,,,,,,,,,VI-2026-07-07-Opinium-Observer.xlsx,V007_KF
"2,050 UK adults",7th - 10th July 2026,,,,2002,,gender,Female,"Q:V007_KF. Which, if any, of the following people do you think would be the best prime minister?",Preferred Prime Minister,best prime minister,Andy Burnham,Nigel Farage,,,,,,,,,36.8,18.2,,,,,,,,,VI-2026-07-07-Opinium-Observer.xlsx,V007_KF
"2,050 UK adults",7th - 10th July 2026,,,,2002,,age,18-34,"Q:V007_KF. Which, if any, of the following people do you think would be the best prime minister?",Preferred Prime Minister,best prime minister,Andy Burnham,Nigel Farage,,,,,,,,,38.2,22.3,,,,,,,,,VI-2026-07-07-Opinium-Observer.xlsx,V007_KF
"2,050 UK adults",7th - 10th July 2026,,,,2002,,age,35-49,"Q:V007_KF. Which, if any, of the following people do you think would be the best prime minister?",Preferred Prime Minister,best prime minister,Andy Burnham,Nigel Farage,,,,,,,,,39.5,23.8,,,,,,,,,VI-2026-07-07-Opinium-Observer.xlsx,V007_KF
"2,050 UK adults",7th - 10th July 2026,,,,2002,,age,50-64,"Q:V007_KF. Which, if any, of the following people do you think would be the best prime minister?",Preferred Prime Minister,best prime minister,Andy Burnham,Nigel Farage,,,,,,,,,34.3,25.6,,,,,,,,,VI-2026-07-07-Opinium-Observer.xlsx,V007_KF
"2,050 UK adults",7th - 10th July 2026,,,,2002,,age,65+,"Q:V007_KF. Which, if any, of the following people do you think would be the best prime minister?",Preferred Prime Minister,best prime minister,Andy Burnham,Nigel Farage,,,,,,,,,28.2,27.1,,,,,,,,,VI-2026-07-07-Opinium-Observer.xlsx,V007_KF
"2,050 UK adults",7th - 10th July 2026,,,,2002,,region,North,"Q:V007_KF. Which, if any, of the following people do you think would be the best prime minister?",Preferred Prime Minister,best prime minister,Andy Burnham,Nigel Farage,,,,,,,,,38.8,22.1,,,,,,,,,VI-2026-07-07-Opinium-Observer.xlsx,V007_KF
"2,050 UK adults",7th - 10th July 2026,,,,2002,,region,Mids,"Q:V007_KF. Which, if any, of the following people do you think would be the best prime minister?",Preferred Prime Minister,best prime minister,Andy Burnham,Nigel Farage,,,,,,,,,32.3,27.6,,,,,,,,,VI-2026-07-07-Opinium-Observer.xlsx,V007_KF
"2,050 UK adults",7th - 10th July 2026,,,,2002,,region,London,"Q:V007_KF. Which, if any, of the following people do you think would be the best prime minister?",Preferred Prime Minister,best prime minister,Andy Burnham,Nigel Farage,,,,,,,,,38.8,21.2,,,,,,,,,VI-2026-07-07-Opinium-Observer.xlsx,V007_KF
"2,050 UK adults",7th - 10th July 2026,,,,2002,,region,South,"Q:V007_KF. Which, if any, of the following people do you think would be the best prime minister?",Preferred Prime Minister,best prime minister,Andy Burnham,Nigel Farage,,,,,,,,,32.5,28.2,,,,,,,,,VI-2026-07-07-Opinium-Observer.xlsx,V007_KF
"2,050 UK adults",7th - 10th July 2026,,,,2002,,region,Wales,"Q:V007_KF. Which, if any, of the following people do you think would be the best prime minister?",Preferred Prime Minister,best prime minister,Andy Burnham,Nigel Farage,,,,,,,,,40.1,21.9,,,,,,,,,VI-2026-07-07-Opinium-Observer.xlsx,V007_KF
"2,050 UK adults",7th - 10th July 2026,,,,2002,,region,Scotland,"Q:V007_KF. Which, if any, of the following people do you think would be the best prime minister?",Preferred Prime Minister,best prime minister,Andy Burnham,Nigel Farage,,,,,,,,,32.7,19.2,,,,,,,,,VI-2026-07-07-Opinium-Observer.xlsx,V007_KF
"2,050 UK adults",7th - 10th July 2026,,,,2002,,region,Northern Ireland,"Q:V007_KF. Which, if any, of the following people do you think would be the best prime minister?",Preferred Prime Minister,best prime minister,Andy Burnham,Nigel Farage,,,,,,,,,,,,,,,,,,,VI-2026-07-07-Opinium-Observer.xlsx,V007_KF
"2,050 UK adults",7th - 10th July 2026,,,,,,region,…has the nation’s best interests at heart,Q:V109. To what extent do you agree or disagree that Nigel Farage...,Leader favourability (Farage),farage,Agree,Neither agree nor disagree,Disagree,,,,,,,,31.5,16.2,46.5,,,,,,,,VI-2026-07-07-Opinium-Observer.xlsx,Summary V109
"2,050 UK adults",7th - 10th July 2026,,,,2002,,total,Total,"Q:V109. To what extent do you agree or disagree that Nigel Farage...
 …is decisive",Leader favourability (Farage),farage,Agree,Neither agree nor disagree,Disagree,,,,,,,,37.1,21.1,33.0,,,,,,,,VI-2026-07-07-Opinium-Observer.xlsx,V109
"2,050 UK adults",7th - 10th July 2026,,,,2002,,current_vote,Con,"Q:V109. To what extent do you agree or disagree that Nigel Farage...
 …is decisive",Leader favourability (Farage),farage,Agree,Neither agree nor disagree,Disagree,,,,,,,,40.9,24.0,28.0,,,,,,,,VI-2026-07-07-Opinium-Observer.xlsx,V109
"2,050 UK adults",7th - 10th July 2026,,,,2002,,current_vote,Lab,"Q:V109. To what extent do you agree or disagree that Nigel Farage...
 …is decisive",Leader favourability (Farage),farage,Agree,Neither agree nor disagree,Disagree,,,,,,,,33.3,21.1,42.1,,,,,,,,VI-2026-07-07-Opinium-Observer.xlsx,V109
"2,050 UK adults",7th - 10th July 2026,,,,2002,,current_vote,Lib Dem,"Q:V109. To what extent do you agree or disagree that Nigel Farage...
 …is decisive",Leader favourability (Farage),farage,Agree,Neither agree nor disagree,Disagree,,,,,,,,20.6,22.7,47.1,,,,,,,,VI-2026-07-07-Opinium-Observer.xlsx,V109
"2,050 UK adults",7th - 10th July 2026,,,,2002,,current_vote,Reform,"Q:V109. To what extent do you agree or disagree that Nigel Farage...
 …is decisive",Leader favourability (Farage),farage,Agree,Neither agree nor disagree,Disagree,,,,,,,,80.5,13.6,2.7,,,,,,,,VI-2026-07-07-Opinium-Observer.xlsx,V109
"2,050 UK adults",7th - 10th July 2026,,,,2002,,current_vote,Green,"Q:V109. To what extent do you agree or disagree that Nigel Farage...
 …is decisive",Leader favourability (Farage),farage,Agree,Neither agree nor disagree,Disagree,,,,,,,,20.1,14.1,59.0,,,,,,,,VI-2026-07-07-Opinium-Observer.xlsx,V109
"2,050 UK adults",7th - 10th July 2026,,,,2002,,historic_vote,Conservative,"Q:V109. To what extent do you agree or disagree that Nigel Farage...
 …is decisive",Leader favourability (Farage),farage,Agree,Neither agree nor disagree,Disagree,,,,,,,,53.5,19.4,21.3,,,,,,,,VI-2026-07-07-Opinium-Observer.xlsx,V109
"2,050 UK adults",7th - 10th July 2026,,,,2002,,historic_vote,Labour,"Q:V109. To what extent do you agree or disagree that Nigel Farage...
 …is decisive",Leader favourability (Farage),farage,Agree,Neither agree nor disagree,Disagree,,,,,,,,30.1,20.2,43.5,,,,,,,,VI-2026-07-07-Opinium-Observer.xlsx,V109
"2,050 UK adults",7th - 10th July 2026,,,,2002,,historic_vote,Lib Dems,"Q:V109. To what extent do you agree or disagree that Nigel Farage...
 …is decisive",Leader favourability (Farage),farage,Agree,Neither agree nor disagree,Disagree,,,,,,,,22.4,20.2,44.2,,,,,,,,VI-2026-07-07-Opinium-Observer.xlsx,V109
"2,050 UK adults",7th - 10th July 2026,,,,2002,,historic_vote,Green,"Q:V109. To what extent do you agree or disagree that Nigel Farage...
 …is decisive",Leader favourability (Farage),farage,Agree,Neither agree nor disagree,Disagree,,,,,,,,22.9,15.7,56.2,,,,,,,,VI-2026-07-07-Opinium-Observer.xlsx,V109
"2,050 UK adults",7th - 10th July 2026,,,,2002,,historic_vote,Reform UK,"Q:V109. To what extent do you agree or disagree that Nigel Farage...
 …is decisive",Leader favourability (Farage),farage,Agree,Neither agree nor disagree,Disagree,,,,,,,,76.0,15.0,5.4,,,,,,,,VI-2026-07-07-Opinium-Observer.xlsx,V109
"2,050 UK adults",7th - 10th July 2026,,,,2002,,historic_vote,Con,"Q:V109. To what extent do you agree or disagree that Nigel Farage...
 …is decisive",Leader favourability (Farage),farage,Agree,Neither agree nor disagree,Disagree,,,,,,,,55.7,19.1,19.2,,,,,,,,VI-2026-07-07-Opinium-Observer.xlsx,V109
"2,050 UK adults",7th - 10th July 2026,,,,2002,,historic_vote,Lab,"Q:V109. To what extent do you agree or disagree that Nigel Farage...
 …is decisive",Leader favourability (Farage),farage,Agree,Neither agree nor disagree,Disagree,,,,,,,,30.0,19.4,45.6,,,,,,,,VI-2026-07-07-Opinium-Observer.xlsx,V109
"2,050 UK adults",7th - 10th July 2026,,,,2002,,historic_vote,Lib Dem,"Q:V109. To what extent do you agree or disagree that Nigel Farage...
 …is decisive",Leader favourability (Farage),farage,Agree,Neither agree nor disagree,Disagree,,,,,,,,22.1,21.3,43.6,,,,,,,,VI-2026-07-07-Opinium-Observer.xlsx,V109
"2,050 UK adults",7th - 10th July 2026,,,,2002,,historic_vote,Remain,"Q:V109. To what extent do you agree or disagree that Nigel Farage...
 …is decisive",Leader favourability (Farage),farage,Agree,Neither agree nor disagree,Disagree,,,,,,,,25.6,20.3,45.0,,,,,,,,VI-2026-07-07-Opinium-Observer.xlsx,V109
"2,050 UK adults",7th - 10th July 2026,,,,2002,,historic_vote,Leave,"Q:V109. To what extent do you agree or disagree that Nigel Farage...
 …is decisive",Leader favourability (Farage),farage,Agree,Neither agree nor disagree,Disagree,,,,,,,,53.2,19.8,20.5,,,,,,,,VI-2026-07-07-Opinium-Observer.xlsx,V109
"2,050 UK adults",7th - 10th July 2026,,,,2002,,gender,Male,"Q:V109. To what extent do you agree or disagree that Nigel Farage...
 …is decisive",Leader favourability (Farage),farage,Agree,Neither agree nor disagree,Disagree,,,,,,,,44.3,20.0,28.4,,,,,,,,VI-2026-07-07-Opinium-Observer.xlsx,V109
"2,050 UK adults",7th - 10th July 2026,,,,2002,,gender,Female,"Q:V109. To what extent do you agree or disagree that Nigel Farage...
 …is decisive",Leader favourability (Farage),farage,Agree,Neither agree nor disagree,Disagree,,,,,,,,30.4,21.9,37.2,,,,,,,,VI-2026-07-07-Opinium-Observer.xlsx,V109
"2,050 UK adults",7th - 10th July 2026,,,,2002,,age,18-34,"Q:V109. To what extent do you agree or disagree that Nigel Farage...
 …is decisive",Leader favourability (Farage),farage,Agree,Neither agree nor disagree,Disagree,,,,,,,,38.3,23.4,33.6,,,,,,,,VI-2026-07-07-Opinium-Observer.xlsx,V109
"2,050 UK adults",7th - 10th July 2026,,,,2002,,age,35-49,"Q:V109. To what extent do you agree or disagree that Nigel Farage...
 …is decisive",Leader favourability (Farage),farage,Agree,Neither agree nor disagree,Disagree,,,,,,,,37.4,17.9,32.4,,,,,,,,VI-2026-07-07-Opinium-Observer.xlsx,V109
"2,050 UK adults",7th - 10th July 2026,,,,2002,,age,50-64,"Q:V109. To what extent do you agree or disagree that Nigel Farage...
 …is decisive",Leader favourability (Farage),farage,Agree,Neither agree nor disagree,Disagree,,,,,,,,37.1,20.0,35.3,,,,,,,,VI-2026-07-07-Opinium-Observer.xlsx,V109
"2,050 UK adults",7th - 10th July 2026,,,,2002,,age,65+,"Q:V109. To what extent do you agree or disagree that Nigel Farage...
 …is decisive",Leader favourability (Farage),farage,Agree,Neither agree nor disagree,Disagree,,,,,,,,35.2,22.8,30.8,,,,,,,,VI-2026-07-07-Opinium-Observer.xlsx,V109
"2,050 UK adults",7th - 10th July 2026,,,,2002,,region,North,"Q:V109. To what extent do you agree or disagree that Nigel Farage...
 …is decisive",Leader favourability (Farage),farage,Agree,Neither agree nor disagree,Disagree,,,,,,,,35.9,19.3,35.1,,,,,,,,VI-2026-07-07-Opinium-Observer.xlsx,V109
"2,050 UK adults",7th - 10th July 2026,,,,2002,,region,Mids,"Q:V109. To what extent do you agree or disagree that Nigel Farage...
 …is decisive",Leader favourability (Farage),farage,Agree,Neither agree nor disagree,Disagree,,,,,,,,40.8,19.9,30.2,,,,,,,,VI-2026-07-07-Opinium-Observer.xlsx,V109
"2,050 UK adults",7th - 10th July 2026,,,,2002,,region,London,"Q:V109. To what extent do you agree or disagree that Nigel Farage...
 …is decisive",Leader favourability (Farage),farage,Agree,Neither agree nor disagree,Disagree,,,,,,,,35.6,22.3,33.3,,,,,,,,VI-2026-07-07-Opinium-Observer.xlsx,V109
"2,050 UK adults",7th - 10th July 2026,,,,2002,,region,South,"Q:V109. To what extent do you agree or disagree that Nigel Farage...
 …is decisive",Leader favourability (Farage),farage,Agree,Neither agree nor disagree,Disagree,,,,,,,,38.4,20.7,31.4,,,,,,,,VI-2026-07-07-Opinium-Observer.xlsx,V109
"2,050 UK adults",7th - 10th July 2026,,,,2002,,region,Wales,"Q:V109. To what extent do you agree or disagree that Nigel Farage...
 …is decisive",Leader favourability (Farage),farage,Agree,Neither agree nor disagree,Disagree,,,,,,,,37.1,30.4,27.8,,,,,,,,VI-2026-07-07-Opinium-Observer.xlsx,V109
"2,050 UK adults",7th - 10th July 2026,,,,2002,,region,Scotland,"Q:V109. To what extent do you agree or disagree that Nigel Farage...
 …is decisive",Leader favourability (Farage),farage,Agree,Neither agree nor disagree,Disagree,,,,,,,,28.6,22.7,40.9,,,,,,,,VI-2026-07-07-Opinium-Observer.xlsx,V109
"2,050 UK adults",7th - 10th July 2026,,,,2002,,region,Northern Ireland,"Q:V109. To what extent do you agree or disagree that Nigel Farage...
 …is decisive",Leader favourability (Farage),farage,Neither agree nor disagree,,,,,,,,,,,,,,,,,,,,VI-2026-07-07-Opinium-Observer.xlsx,V109
"2,050 UK adults",7th - 10th July 2026,,,,2002,,total,Total,"Q:V109. To what extent do you agree or disagree that Nigel Farage...
 …is in touch with ordinary people",Leader favourability (Farage),farage,Agree,Neither agree nor disagree,Disagree,,,,,,,,32.3,15.8,46.4,,,,,,,,VI-2026-07-07-Opinium-Observer.xlsx,V109 (2)
"2,050 UK adults",7th - 10th July 2026,,,,2002,,current_vote,Con,"Q:V109. To what extent do you agree or disagree that Nigel Farage...
 …is in touch with ordinary people",Leader favourability (Farage),farage,Agree,Neither agree nor disagree,Disagree,,,,,,,,38.0,15.7,42.3,,,,,,,,VI-2026-07-07-Opinium-Observer.xlsx,V109 (2)
"2,050 UK adults",7th - 10th July 2026,,,,2002,,current_vote,Lab,"Q:V109. To what extent do you agree or disagree that Nigel Farage...
 …is in touch with ordinary people",Leader favourability (Farage),farage,Agree,Neither agree nor disagree,Disagree,,,,,,,,23.6,19.7,55.2,,,,,,,,VI-2026-07-07-Opinium-Observer.xlsx,V109 (2)
"2,050 UK adults",7th - 10th July 2026,,,,2002,,current_vote,Lib Dem,"Q:V109. To what extent do you agree or disagree that Nigel Farage...
 …is in touch with ordinary people",Leader favourability (Farage),farage,Agree,Neither agree nor disagree,Disagree,,,,,,,,13.2,8.1,74.6,,,,,,,,VI-2026-07-07-Opinium-Observer.xlsx,V109 (2)
"2,050 UK adults",7th - 10th July 2026,,,,2002,,current_vote,Reform,"Q:V109. To what extent do you agree or disagree that Nigel Farage...
 …is in touch with ordinary people",Leader favourability (Farage),farage,Agree,Neither agree nor disagree,Disagree,,,,,,,,81.6,11.8,4.0,,,,,,,,VI-2026-07-07-Opinium-Observer.xlsx,V109 (2)
"2,050 UK adults",7th - 10th July 2026,,,,2002,,current_vote,Green,"Q:V109. To what extent do you agree or disagree that Nigel Farage...
 …is in touch with ordinary people",Leader favourability (Farage),farage,Agree,Neither agree nor disagree,Disagree,,,,,,,,10.2,8.7,77.5,,,,,,,,VI-2026-07-07-Opinium-Observer.xlsx,V109 (2)
"2,050 UK adults",7th - 10th July 2026,,,,2002,,historic_vote,Conservative,"Q:V109. To what extent do you agree or disagree that Nigel Farage...
 …is in touch with ordinary people",Leader favourability (Farage),farage,Agree,Neither agree nor disagree,Disagree,,,,,,,,50.9,13.5,32.5,,,,,,,,VI-2026-07-07-Opinium-Observer.xlsx,V109 (2)
"2,050 UK adults",7th - 10th July 2026,,,,2002,,historic_vote,Labour,"Q:V109. To what extent do you agree or disagree that Nigel Farage...
 …is in touch with ordinary people",Leader favourability (Farage),farage,Agree,Neither agree nor disagree,Disagree,,,,,,,,23.1,13.8,60.9,,,,,,,,VI-2026-07-07-Opinium-Observer.xlsx,V109 (2)
"2,050 UK adults",7th - 10th July 2026,,,,2002,,historic_vote,Lib Dems,"Q:V109. To what extent do you agree or disagree that Nigel Farage...
 …is in touch with ordinary people",Leader favourability (Farage),farage,Agree,Neither agree nor disagree,Disagree,,,,,,,,16.7,10.3,68.4,,,,,,,,VI-2026-07-07-Opinium-Observer.xlsx,V109 (2)
"2,050 UK adults",7th - 10th July 2026,,,,2002,,historic_vote,Green,"Q:V109. To what extent do you agree or disagree that Nigel Farage...
 …is in touch with ordinary people",Leader favourability (Farage),farage,Agree,Neither agree nor disagree,Disagree,,,,,,,,18.8,8.2,69.8,,,,,,,,VI-2026-07-07-Opinium-Observer.xlsx,V109 (2)
"2,050 UK adults",7th - 10th July 2026,,,,2002,,historic_vote,Reform UK,"Q:V109. To what extent do you agree or disagree that Nigel Farage...
 …is in touch with ordinary people",Leader favourability (Farage),farage,Agree,Neither agree nor disagree,Disagree,,,,,,,,77.0,11.4,8.8,,,,,,,,VI-2026-07-07-Opinium-Observer.xlsx,V109 (2)
"2,050 UK adults",7th - 10th July 2026,,,,2002,,historic_vote,Con,"Q:V109. To what extent do you agree or disagree that Nigel Farage...
 …is in touch with ordinary people",Leader favourability (Farage),farage,Agree,Neither agree nor disagree,Disagree,,,,,,,,54.8,13.3,28.4,,,,,,,,VI-2026-07-07-Opinium-Observer.xlsx,V109 (2)
"2,050 UK adults",7th - 10th July 2026,,,,2002,,historic_vote,Lab,"Q:V109. To what extent do you agree or disagree that Nigel Farage...
 …is in touch with ordinary people",Leader favourability (Farage),farage,Agree,Neither agree nor disagree,Disagree,,,,,,,,22.3,13.7,61.9,,,,,,,,VI-2026-07-07-Opinium-Observer.xlsx,V109 (2)
"2,050 UK adults",7th - 10th July 2026,,,,2002,,historic_vote,Lib Dem,"Q:V109. To what extent do you agree or disagree that Nigel Farage...
 …is in touch with ordinary people",Leader favourability (Farage),farage,Agree,Neither agree nor disagree,Disagree,,,,,,,,16.4,7.7,70.0,,,,,,,,VI-2026-07-07-Opinium-Observer.xlsx,V109 (2)
"2,050 UK adults",7th - 10th July 2026,,,,2002,,historic_vote,Remain,"Q:V109. To what extent do you agree or disagree that Nigel Farage...
 …is in touch with ordinary people",Leader favourability (Farage),farage,Agree,Neither agree nor disagree,Disagree,,,,,,,,18.5,10.8,66.2,,,,,,,,VI-2026-07-07-Opinium-Observer.xlsx,V109 (2)
"2,050 UK adults",7th - 10th July 2026,,,,2002,,historic_vote,Leave,"Q:V109. To what extent do you agree or disagree that Nigel Farage...
 …is in touch with ordinary people",Leader favourability (Farage),farage,Agree,Neither agree nor disagree,Disagree,,,,,,,,54.2,15.8,26.4,,,,,,,,VI-2026-07-07-Opinium-Observer.xlsx,V109 (2)
"2,050 UK adults",7th - 10th July 2026,,,,2002,,gender,Male,"Q:V109. To what extent do you agree or disagree that Nigel Farage...
 …is in touch with ordinary people",Leader favourability (Farage),farage,Agree,Neither agree nor disagree,Disagree,,,,,,,,39.5,15.8,39.5,,,,,,,,VI-2026-07-07-Opinium-Observer.xlsx,V109 (2)
"2,050 UK adults",7th - 10th July 2026,,,,2002,,gender,Female,"Q:V109. To what extent do you agree or disagree that Nigel Farage...
 …is in touch with ordinary people",Leader favourability (Farage),farage,Agree,Neither agree nor disagree,Disagree,,,,,,,,25.6,15.6,52.7,,,,,,,,VI-2026-07-07-Opinium-Observer.xlsx,V109 (2)
"2,050 UK adults",7th - 10th July 2026,,,,2002,,age,18-34,"Q:V109. To what extent do you agree or disagree that Nigel Farage...
 …is in touch with ordinary people",Leader favourability (Farage),farage,Agree,Neither agree nor disagree,Disagree,,,,,,,,27.2,20.6,48.0,,,,,,,,VI-2026-07-07-Opinium-Observer.xlsx,V109 (2)
"2,050 UK adults",7th - 10th July 2026,,,,2002,,age,35-49,"Q:V109. To what extent do you agree or disagree that Nigel Farage...
 …is in touch with ordinary people",Leader favourability (Farage),farage,Agree,Neither agree nor disagree,Disagree,,,,,,,,34.3,12.7,46.7,,,,,,,,VI-2026-07-07-Opinium-Observer.xlsx,V109 (2)
"2,050 UK adults",7th - 10th July 2026,,,,2002,,age,50-64,"Q:V109. To what extent do you agree or disagree that Nigel Farage...
 …is in touch with ordinary people",Leader favourability (Farage),farage,Agree,Neither agree nor disagree,Disagree,,,,,,,,32.5,15.5,46.8,,,,,,,,VI-2026-07-07-Opinium-Observer.xlsx,V109 (2)
"2,050 UK adults",7th - 10th July 2026,,,,2002,,age,65+,"Q:V109. To what extent do you agree or disagree that Nigel Farage...
 …is in touch with ordinary people",Leader favourability (Farage),farage,Agree,Neither agree nor disagree,Disagree,,,,,,,,36.1,13.6,43.9,,,,,,,,VI-2026-07-07-Opinium-Observer.xlsx,V109 (2)
"2,050 UK adults",7th - 10th July 2026,,,,2002,,region,North,"Q:V109. To what extent do you agree or disagree that Nigel Farage...
 …is in touch with ordinary people",Leader favourability (Farage),farage,Agree,Neither agree nor disagree,Disagree,,,,,,,,32.1,15.1,46.8,,,,,,,,VI-2026-07-07-Opinium-Observer.xlsx,V109 (2)
"2,050 UK adults",7th - 10th July 2026,,,,2002,,region,Mids,"Q:V109. To what extent do you agree or disagree that Nigel Farage...
 …is in touch with ordinary people",Leader favourability (Farage),farage,Agree,Neither agree nor disagree,Disagree,,,,,,,,36.2,15.2,42.3,,,,,,,,VI-2026-07-07-Opinium-Observer.xlsx,V109 (2)
"2,050 UK adults",7th - 10th July 2026,,,,2002,,region,London,"Q:V109. To what extent do you agree or disagree that Nigel Farage...
 …is in touch with ordinary people",Leader favourability (Farage),farage,Agree,Neither agree nor disagree,Disagree,,,,,,,,26.6,20.4,45.3,,,,,,,,VI-2026-07-07-Opinium-Observer.xlsx,V109 (2)
"2,050 UK adults",7th - 10th July 2026,,,,2002,,region,South,"Q:V109. To what extent do you agree or disagree that Nigel Farage...
 …is in touch with ordinary people",Leader favourability (Farage),farage,Agree,Neither agree nor disagree,Disagree,,,,,,,,35.1,14.7,45.6,,,,,,,,VI-2026-07-07-Opinium-Observer.xlsx,V109 (2)
"2,050 UK adults",7th - 10th July 2026,,,,2002,,region,Wales,"Q:V109. To what extent do you agree or disagree that Nigel Farage...
 …is in touch with ordinary people",Leader favourability (Farage),farage,Agree,Neither agree nor disagree,Disagree,,,,,,,,24.7,13.4,57.7,,,,,,,,VI-2026-07-07-Opinium-Observer.xlsx,V109 (2)
"2,050 UK adults",7th - 10th July 2026,,,,2002,,region,Scotland,"Q:V109. To what extent do you agree or disagree that Nigel Farage...
 …is in touch with ordinary people",Leader favourability (Farage),farage,Agree,Neither agree nor disagree,Disagree,,,,,,,,26.9,17.1,51.5,,,,,,,,VI-2026-07-07-Opinium-Observer.xlsx,V109 (2)
"2,050 UK adults",7th - 10th July 2026,,,,2002,,region,Northern Ireland,"Q:V109. To what extent do you agree or disagree that Nigel Farage...
 …is in touch with ordinary people",Leader favourability (Farage),farage,Neither agree nor disagree,,,,,,,,,,,,,,,,,,,,VI-2026-07-07-Opinium-Observer.xlsx,V109 (2)
"2,050 UK adults",7th - 10th July 2026,,,,2002,,total,Total,"Q:V109. To what extent do you agree or disagree that Nigel Farage...
 …represents what most people think",Leader favourability (Farage),farage,Agree,Neither agree nor disagree,Disagree,,,,,,,,32.5,17.0,44.9,,,,,,,,VI-2026-07-07-Opinium-Observer.xlsx,V109 (3)
"2,050 UK adults",7th - 10th July 2026,,,,2002,,current_vote,Con,"Q:V109. To what extent do you agree or disagree that Nigel Farage...
 …represents what most people think",Leader favourability (Farage),farage,Agree,Neither agree nor disagree,Disagree,,,,,,,,35.1,18.8,42.3,,,,,,,,VI-2026-07-07-Opinium-Observer.xlsx,V109 (3)
"2,050 UK adults",7th - 10th July 2026,,,,2002,,current_vote,Lab,"Q:V109. To what extent do you agree or disagree that Nigel Farage...
 …represents what most people think",Leader favourability (Farage),farage,Agree,Neither agree nor disagree,Disagree,,,,,,,,25.2,14.3,58.2,,,,,,,,VI-2026-07-07-Opinium-Observer.xlsx,V109 (3)
"2,050 UK adults",7th - 10th July 2026,,,,2002,,current_vote,Lib Dem,"Q:V109. To what extent do you agree or disagree that Nigel Farage...
 …represents what most people think",Leader favourability (Farage),farage,Agree,Neither agree nor disagree,Disagree,,,,,,,,10.1,13.6,74.6,,,,,,,,VI-2026-07-07-Opinium-Observer.xlsx,V109 (3)
"2,050 UK adults",7th - 10th July 2026,,,,2002,,current_vote,Reform,"Q:V109. To what extent do you agree or disagree that Nigel Farage...
 …represents what most people think",Leader favourability (Farage),farage,Agree,Neither agree nor disagree,Disagree,,,,,,,,82.4,10.9,3.5,,,,,,,,VI-2026-07-07-Opinium-Observer.xlsx,V109 (3)
"2,050 UK adults",7th - 10th July 2026,,,,2002,,current_vote,Green,"Q:V109. To what extent do you agree or disagree that Nigel Farage...
 …represents what most people think",Leader favourability (Farage),farage,Agree,Neither agree nor disagree,Disagree,,,,,,,,12.3,12.1,72.1,,,,,,,,VI-2026-07-07-Opinium-Observer.xlsx,V109 (3)
"2,050 UK adults",7th - 10th July 2026,,,,2002,,historic_vote,Conservative,"Q:V109. To what extent do you agree or disagree that Nigel Farage...
 …represents what most people think",Leader favourability (Farage),farage,Agree,Neither agree nor disagree,Disagree,,,,,,,,48.2,17.7,30.8,,,,,,,,VI-2026-07-07-Opinium-Observer.xlsx,V109 (3)
"2,050 UK adults",7th - 10th July 2026,,,,2002,,historic_vote,Labour,"Q:V109. To what extent do you agree or disagree that Nigel Farage...
 …represents what most people think",Leader favourability (Farage),farage,Agree,Neither agree nor disagree,Disagree,,,,,,,,23.5,12.9,61.3,,,,,,,,VI-2026-07-07-Opinium-Observer.xlsx,V109 (3)
"2,050 UK adults",7th - 10th July 2026,,,,2002,,historic_vote,Lib Dems,"Q:V109. To what extent do you agree or disagree that Nigel Farage...
 …represents what most people think",Leader favourability (Farage),farage,Agree,Neither agree nor disagree,Disagree,,,,,,,,9.8,16.9,68.4,,,,,,,,VI-2026-07-07-Opinium-Observer.xlsx,V109 (3)
"2,050 UK adults",7th - 10th July 2026,,,,2002,,historic_vote,Green,"Q:V109. To what extent do you agree or disagree that Nigel Farage...
 …represents what most people think",Leader favourability (Farage),farage,Agree,Neither agree nor disagree,Disagree,,,,,,,,18.8,13.3,64.6,,,,,,,,VI-2026-07-07-Opinium-Observer.xlsx,V109 (3)
"2,050 UK adults",7th - 10th July 2026,,,,2002,,historic_vote,Reform UK,"Q:V109. To what extent do you agree or disagree that Nigel Farage...
 …represents what most people think",Leader favourability (Farage),farage,Agree,Neither agree nor disagree,Disagree,,,,,,,,78.9,11.8,5.9,,,,,,,,VI-2026-07-07-Opinium-Observer.xlsx,V109 (3)
"2,050 UK adults",7th - 10th July 2026,,,,2002,,historic_vote,Con,"Q:V109. To what extent do you agree or disagree that Nigel Farage...
 …represents what most people think",Leader favourability (Farage),farage,Agree,Neither agree nor disagree,Disagree,,,,,,,,52.4,16.7,26.9,,,,,,,,VI-2026-07-07-Opinium-Observer.xlsx,V109 (3)
"2,050 UK adults",7th - 10th July 2026,,,,2002,,historic_vote,Lab,"Q:V109. To what extent do you agree or disagree that Nigel Farage...
 …represents what most people think",Leader favourability (Farage),farage,Agree,Neither agree nor disagree,Disagree,,,,,,,,24.2,14.2,60.0,,,,,,,,VI-2026-07-07-Opinium-Observer.xlsx,V109 (3)
"2,050 UK adults",7th - 10th July 2026,,,,2002,,historic_vote,Lib Dem,"Q:V109. To what extent do you agree or disagree that Nigel Farage...
 …represents what most people think",Leader favourability (Farage),farage,Agree,Neither agree nor disagree,Disagree,,,,,,,,14.3,9.9,70.7,,,,,,,,VI-2026-07-07-Opinium-Observer.xlsx,V109 (3)
"2,050 UK adults",7th - 10th July 2026,,,,2002,,historic_vote,Remain,"Q:V109. To what extent do you agree or disagree that Nigel Farage...
 …represents what most people think",Leader favourability (Farage),farage,Agree,Neither agree nor disagree,Disagree,,,,,,,,18.5,12.9,65.1,,,,,,,,VI-2026-07-07-Opinium-Observer.xlsx,V109 (3)
"2,050 UK adults",7th - 10th July 2026,,,,2002,,historic_vote,Leave,"Q:V109. To what extent do you agree or disagree that Nigel Farage...
 …represents what most people think",Leader favourability (Farage),farage,Agree,Neither agree nor disagree,Disagree,,,,,,,,52.8,16.5,26.2,,,,,,,,VI-2026-07-07-Opinium-Observer.xlsx,V109 (3)
"2,050 UK adults",7th - 10th July 2026,,,,2002,,gender,Male,"Q:V109. To what extent do you agree or disagree that Nigel Farage...
 …represents what most people think",Leader favourability (Farage),farage,Agree,Neither agree nor disagree,Disagree,,,,,,,,40.0,16.5,39.5,,,,,,,,VI-2026-07-07-Opinium-Observer.xlsx,V109 (3)
"2,050 UK adults",7th - 10th July 2026,,,,2002,,gender,Female,"Q:V109. To what extent do you agree or disagree that Nigel Farage...
 …represents what most people think",Leader favourability (Farage),farage,Agree,Neither agree nor disagree,Disagree,,,,,,,,25.6,17.2,50.0,,,,,,,,VI-2026-07-07-Opinium-Observer.xlsx,V109 (3)
"2,050 UK adults",7th - 10th July 2026,,,,2002,,age,18-34,"Q:V109. To what extent do you agree or disagree that Nigel Farage...
 …represents what most people think",Leader favourability (Farage),farage,Agree,Neither agree nor disagree,Disagree,,,,,,,,31.9,21.5,43.6,,,,,,,,VI-2026-07-07-Opinium-Observer.xlsx,V109 (3)
"2,050 UK adults",7th - 10th July 2026,,,,2002,,age,35-49,"Q:V109. To what extent do you agree or disagree that Nigel Farage...
 …represents what most people think",Leader favourability (Farage),farage,Agree,Neither agree nor disagree,Disagree,,,,,,,,31.8,14.8,46.3,,,,,,,,VI-2026-07-07-Opinium-Observer.xlsx,V109 (3)
"2,050 UK adults",7th - 10th July 2026,,,,2002,,age,50-64,"Q:V109. To what extent do you agree or disagree that Nigel Farage...
 …represents what most people think",Leader favourability (Farage),farage,Agree,Neither agree nor disagree,Disagree,,,,,,,,31.6,15.2,47.6,,,,,,,,VI-2026-07-07-Opinium-Observer.xlsx,V109 (3)
"2,050 UK adults",7th - 10th July 2026,,,,2002,,age,65+,"Q:V109. To what extent do you agree or disagree that Nigel Farage...
 …represents what most people think",Leader favourability (Farage),farage,Agree,Neither agree nor disagree,Disagree,,,,,,,,34.8,15.9,42.2,,,,,,,,VI-2026-07-07-Opinium-Observer.xlsx,V109 (3)
"2,050 UK adults",7th - 10th July 2026,,,,2002,,region,North,"Q:V109. To what extent do you agree or disagree that Nigel Farage...
 …represents what most people think",Leader favourability (Farage),farage,Agree,Neither agree nor disagree,Disagree,,,,,,,,30.9,18.6,44.3,,,,,,,,VI-2026-07-07-Opinium-Observer.xlsx,V109 (3)
"2,050 UK adults",7th - 10th July 2026,,,,2002,,region,Mids,"Q:V109. To what extent do you agree or disagree that Nigel Farage...
 …represents what most people think",Leader favourability (Farage),farage,Agree,Neither agree nor disagree,Disagree,,,,,,,,39.6,14.3,40.2,,,,,,,,VI-2026-07-07-Opinium-Observer.xlsx,V109 (3)
"2,050 UK adults",7th - 10th July 2026,,,,2002,,region,London,"Q:V109. To what extent do you agree or disagree that Nigel Farage...
 …represents what most people think",Leader favourability (Farage),farage,Agree,Neither agree nor disagree,Disagree,,,,,,,,29.2,16.3,48.7,,,,,,,,VI-2026-07-07-Opinium-Observer.xlsx,V109 (3)
"2,050 UK adults",7th - 10th July 2026,,,,2002,,region,South,"Q:V109. To what extent do you agree or disagree that Nigel Farage...
 …represents what most people think",Leader favourability (Farage),farage,Agree,Neither agree nor disagree,Disagree,,,,,,,,32.9,18.6,43.0,,,,,,,,VI-2026-07-07-Opinium-Observer.xlsx,V109 (3)
"2,050 UK adults",7th - 10th July 2026,,,,2002,,region,Wales,"Q:V109. To what extent do you agree or disagree that Nigel Farage...
 …represents what most people think",Leader favourability (Farage),farage,Agree,Neither agree nor disagree,Disagree,,,,,,,,29.9,11.9,55.7,,,,,,,,VI-2026-07-07-Opinium-Observer.xlsx,V109 (3)
"2,050 UK adults",7th - 10th July 2026,,,,2002,,region,Scotland,"Q:V109. To what extent do you agree or disagree that Nigel Farage...
 …represents what most people think",Leader favourability (Farage),farage,Agree,Neither agree nor disagree,Disagree,,,,,,,,28.6,15.2,51.5,,,,,,,,VI-2026-07-07-Opinium-Observer.xlsx,V109 (3)
"2,050 UK adults",7th - 10th July 2026,,,,2002,,region,Northern Ireland,"Q:V109. To what extent do you agree or disagree that Nigel Farage...
 …represents what most people think",Leader favourability (Farage),farage,Neither agree nor disagree,,,,,,,,,,,,,,,,,,,,VI-2026-07-07-Opinium-Observer.xlsx,V109 (3)
"2,050 UK adults",7th - 10th July 2026,,,,2002,,total,Total,"Q:V109. To what extent do you agree or disagree that Nigel Farage...
 …has similar views to my own",Leader favourability (Farage),farage,Agree,Neither agree nor disagree,Disagree,,,,,,,,27.5,16.9,50.0,,,,,,,,VI-2026-07-07-Opinium-Observer.xlsx,V109 (4)
"2,050 UK adults",7th - 10th July 2026,,,,2002,,current_vote,Con,"Q:V109. To what extent do you agree or disagree that Nigel Farage...
 …has similar views to my own",Leader favourability (Farage),farage,Agree,Neither agree nor disagree,Disagree,,,,,,,,26.5,22.5,46.6,,,,,,,,VI-2026-07-07-Opinium-Observer.xlsx,V109 (4)
"2,050 UK adults",7th - 10th July 2026,,,,2002,,current_vote,Lab,"Q:V109. To what extent do you agree or disagree that Nigel Farage...
 …has similar views to my own",Leader favourability (Farage),farage,Agree,Neither agree nor disagree,Disagree,,,,,,,,19.5,15.4,63.0,,,,,,,,VI-2026-07-07-Opinium-Observer.xlsx,V109 (4)
"2,050 UK adults",7th - 10th July 2026,,,,2002,,current_vote,Lib Dem,"Q:V109. To what extent do you agree or disagree that Nigel Farage...
 …has similar views to my own",Leader favourability (Farage),farage,Agree,Neither agree nor disagree,Disagree,,,,,,,,6.9,7.4,80.4,,,,,,,,VI-2026-07-07-Opinium-Observer.xlsx,V109 (4)
"2,050 UK adults",7th - 10th July 2026,,,,2002,,current_vote,Reform,"Q:V109. To what extent do you agree or disagree that Nigel Farage...
 …has similar views to my own",Leader favourability (Farage),farage,Agree,Neither agree nor disagree,Disagree,,,,,,,,80.5,14.7,2.4,,,,,,,,VI-2026-07-07-Opinium-Observer.xlsx,V109 (4)
"2,050 UK adults",7th - 10th July 2026,,,,2002,,current_vote,Green,"Q:V109. To what extent do you agree or disagree that Nigel Farage...
 …has similar views to my own",Leader favourability (Farage),farage,Agree,Neither agree nor disagree,Disagree,,,,,,,,6.6,10.5,81.2,,,,,,,,VI-2026-07-07-Opinium-Observer.xlsx,V109 (4)
"2,050 UK adults",7th - 10th July 2026,,,,2002,,historic_vote,Conservative,"Q:V109. To what extent do you agree or disagree that Nigel Farage...
 …has similar views to my own",Leader favourability (Farage),farage,Agree,Neither agree nor disagree,Disagree,,,,,,,,42.0,20.6,34.3,,,,,,,,VI-2026-07-07-Opinium-Observer.xlsx,V109 (4)
"2,050 UK adults",7th - 10th July 2026,,,,2002,,historic_vote,Labour,"Q:V109. To what extent do you agree or disagree that Nigel Farage...
 …has similar views to my own",Leader favourability (Farage),farage,Agree,Neither agree nor disagree,Disagree,,,,,,,,18.9,11.7,66.5,,,,,,,,VI-2026-07-07-Opinium-Observer.xlsx,V109 (4)
"2,050 UK adults",7th - 10th July 2026,,,,2002,,historic_vote,Lib Dems,"Q:V109. To what extent do you agree or disagree that Nigel Farage...
 …has similar views to my own",Leader favourability (Farage),farage,Agree,Neither agree nor disagree,Disagree,,,,,,,,8.6,8.7,77.6,,,,,,,,VI-2026-07-07-Opinium-Observer.xlsx,V109 (4)
"2,050 UK adults",7th - 10th July 2026,,,,2002,,historic_vote,Green,"Q:V109. To what extent do you agree or disagree that Nigel Farage...
 …has similar views to my own",Leader favourability (Farage),farage,Agree,Neither agree nor disagree,Disagree,,,,,,,,13.5,9.6,75.0,,,,,,,,VI-2026-07-07-Opinium-Observer.xlsx,V109 (4)
"2,050 UK adults",7th - 10th July 2026,,,,2002,,historic_vote,Reform UK,"Q:V109. To what extent do you agree or disagree that Nigel Farage...
 …has similar views to my own",Leader favourability (Farage),farage,Agree,Neither agree nor disagree,Disagree,,,,,,,,75.0,15.6,5.9,,,,,,,,VI-2026-07-07-Opinium-Observer.xlsx,V109 (4)
"2,050 UK adults",7th - 10th July 2026,,,,2002,,historic_vote,Con,"Q:V109. To what extent do you agree or disagree that Nigel Farage...
 …has similar views to my own",Leader favourability (Farage),farage,Agree,Neither agree nor disagree,Disagree,,,,,,,,48.3,17.3,30.7,,,,,,,,VI-2026-07-07-Opinium-Observer.xlsx,V109 (4)
"2,050 UK adults",7th - 10th July 2026,,,,2002,,historic_vote,Lab,"Q:V109. To what extent do you agree or disagree that Nigel Farage...
 …has similar views to my own",Leader favourability (Farage),farage,Agree,Neither agree nor disagree,Disagree,,,,,,,,18.7,11.6,67.4,,,,,,,,VI-2026-07-07-Opinium-Observer.xlsx,V109 (4)
"2,050 UK adults",7th - 10th July 2026,,,,2002,,historic_vote,Lib Dem,"Q:V109. To what extent do you agree or disagree that Nigel Farage...
 …has similar views to my own",Leader favourability (Farage),farage,Agree,Neither agree nor disagree,Disagree,,,,,,,,6.4,10.7,77.1,,,,,,,,VI-2026-07-07-Opinium-Observer.xlsx,V109 (4)
"2,050 UK adults",7th - 10th July 2026,,,,2002,,historic_vote,Remain,"Q:V109. To what extent do you agree or disagree that Nigel Farage...
 …has similar views to my own",Leader favourability (Farage),farage,Agree,Neither agree nor disagree,Disagree,,,,,,,,14.0,9.5,72.9,,,,,,,,VI-2026-07-07-Opinium-Observer.xlsx,V109 (4)
"2,050 UK adults",7th - 10th July 2026,,,,2002,,historic_vote,Leave,"Q:V109. To what extent do you agree or disagree that Nigel Farage...
 …has similar views to my own",Leader favourability (Farage),farage,Agree,Neither agree nor disagree,Disagree,,,,,,,,47.6,20.0,27.7,,,,,,,,VI-2026-07-07-Opinium-Observer.xlsx,V109 (4)
"2,050 UK adults",7th - 10th July 2026,,,,2002,,gender,Male,"Q:V109. To what extent do you agree or disagree that Nigel Farage...
 …has similar views to my own",Leader favourability (Farage),farage,Agree,Neither agree nor disagree,Disagree,,,,,,,,35.6,17.7,42.1,,,,,,,,VI-2026-07-07-Opinium-Observer.xlsx,V109 (4)
"2,050 UK adults",7th - 10th July 2026,,,,2002,,gender,Female,"Q:V109. To what extent do you agree or disagree that Nigel Farage...
 …has similar views to my own",Leader favourability (Farage),farage,Agree,Neither agree nor disagree,Disagree,,,,,,,,19.9,16.1,57.4,,,,,,,,VI-2026-07-07-Opinium-Observer.xlsx,V109 (4)
"2,050 UK adults",7th - 10th July 2026,,,,2002,,age,18-34,"Q:V109. To what extent do you agree or disagree that Nigel Farage...
 …has similar views to my own",Leader favourability (Farage),farage,Agree,Neither agree nor disagree,Disagree,,,,,,,,25.2,21.9,48.9,,,,,,,,VI-2026-07-07-Opinium-Observer.xlsx,V109 (4)
"2,050 UK adults",7th - 10th July 2026,,,,2002,,age,35-49,"Q:V109. To what extent do you agree or disagree that Nigel Farage...
 …has similar views to my own",Leader favourability (Farage),farage,Agree,Neither agree nor disagree,Disagree,,,,,,,,27.1,14.9,50.8,,,,,,,,VI-2026-07-07-Opinium-Observer.xlsx,V109 (4)
"2,050 UK adults",7th - 10th July 2026,,,,2002,,age,50-64,"Q:V109. To what extent do you agree or disagree that Nigel Farage...
 …has similar views to my own",Leader favourability (Farage),farage,Agree,Neither agree nor disagree,Disagree,,,,,,,,27.8,15.3,51.4,,,,,,,,VI-2026-07-07-Opinium-Observer.xlsx,V109 (4)
"2,050 UK adults",7th - 10th July 2026,,,,2002,,age,65+,"Q:V109. To what extent do you agree or disagree that Nigel Farage...
 …has similar views to my own",Leader favourability (Farage),farage,Agree,Neither agree nor disagree,Disagree,,,,,,,,30.0,15.0,49.2,,,,,,,,VI-2026-07-07-Opinium-Observer.xlsx,V109 (4)
"2,050 UK adults",7th - 10th July 2026,,,,2002,,region,North,"Q:V109. To what extent do you agree or disagree that Nigel Farage...
 …has similar views to my own",Leader favourability (Farage),farage,Agree,Neither agree nor disagree,Disagree,,,,,,,,25.9,18.8,49.1,,,,,,,,VI-2026-07-07-Opinium-Observer.xlsx,V109 (4)
"2,050 UK adults",7th - 10th July 2026,,,,2002,,region,Mids,"Q:V109. To what extent do you agree or disagree that Nigel Farage...
 …has similar views to my own",Leader favourability (Farage),farage,Agree,Neither agree nor disagree,Disagree,,,,,,,,32.6,17.8,44.4,,,,,,,,VI-2026-07-07-Opinium-Observer.xlsx,V109 (4)
"2,050 UK adults",7th - 10th July 2026,,,,2002,,region,London,"Q:V109. To what extent do you agree or disagree that Nigel Farage...
 …has similar views to my own",Leader favourability (Farage),farage,Agree,Neither agree nor disagree,Disagree,,,,,,,,24.3,16.4,52.4,,,,,,,,VI-2026-07-07-Opinium-Observer.xlsx,V109 (4)
"2,050 UK adults",7th - 10th July 2026,,,,2002,,region,South,"Q:V109. To what extent do you agree or disagree that Nigel Farage...
 …has similar views to my own",Leader favourability (Farage),farage,Agree,Neither agree nor disagree,Disagree,,,,,,,,29.0,16.1,49.7,,,,,,,,VI-2026-07-07-Opinium-Observer.xlsx,V109 (4)
"2,050 UK adults",7th - 10th July 2026,,,,2002,,region,Wales,"Q:V109. To what extent do you agree or disagree that Nigel Farage...
 …has similar views to my own",Leader favourability (Farage),farage,Agree,Neither agree nor disagree,Disagree,,,,,,,,20.6,17.4,60.8,,,,,,,,VI-2026-07-07-Opinium-Observer.xlsx,V109 (4)
"2,050 UK adults",7th - 10th July 2026,,,,2002,,region,Scotland,"Q:V109. To what extent do you agree or disagree that Nigel Farage...
 …has similar views to my own",Leader favourability (Farage),farage,Agree,Neither agree nor disagree,Disagree,,,,,,,,25.1,14.0,55.0,,,,,,,,VI-2026-07-07-Opinium-Observer.xlsx,V109 (4)
"2,050 UK adults",7th - 10th July 2026,,,,2002,,region,Northern Ireland,"Q:V109. To what extent do you agree or disagree that Nigel Farage...
 …has similar views to my own",Leader favourability (Farage),farage,Neither agree nor disagree,,,,,,,,,,,,,,,,,,,,VI-2026-07-07-Opinium-Observer.xlsx,V109 (4)
"2,050 UK adults",7th - 10th July 2026,,,,2002,,total,Total,"Q:V109. To what extent do you agree or disagree that Nigel Farage...
 …has the nation’s best interests at heart",Leader favourability (Farage),farage,Agree,Neither agree nor disagree,Disagree,,,,,,,,31.5,16.2,46.5,,,,,,,,VI-2026-07-07-Opinium-Observer.xlsx,V109 (5)
"2,050 UK adults",7th - 10th July 2026,,,,2002,,current_vote,Con,"Q:V109. To what extent do you agree or disagree that Nigel Farage...
 …has the nation’s best interests at heart",Leader favourability (Farage),farage,Agree,Neither agree nor disagree,Disagree,,,,,,,,37.6,20.3,37.3,,,,,,,,VI-2026-07-07-Opinium-Observer.xlsx,V109 (5)
"2,050 UK adults",7th - 10th July 2026,,,,2002,,current_vote,Lab,"Q:V109. To what extent do you agree or disagree that Nigel Farage...
 …has the nation’s best interests at heart",Leader favourability (Farage),farage,Agree,Neither agree nor disagree,Disagree,,,,,,,,26.3,13.8,58.9,,,,,,,,VI-2026-07-07-Opinium-Observer.xlsx,V109 (5)
"2,050 UK adults",7th - 10th July 2026,,,,2002,,current_vote,Lib Dem,"Q:V109. To what extent do you agree or disagree that Nigel Farage...
 …has the nation’s best interests at heart",Leader favourability (Farage),farage,Agree,Neither agree nor disagree,Disagree,,,,,,,,12.2,10.6,74.1,,,,,,,,VI-2026-07-07-Opinium-Observer.xlsx,V109 (5)
"2,050 UK adults",7th - 10th July 2026,,,,2002,,current_vote,Reform,"Q:V109. To what extent do you agree or disagree that Nigel Farage...
 …has the nation’s best interests at heart",Leader favourability (Farage),farage,Agree,Neither agree nor disagree,Disagree,,,,,,,,82.1,12.5,3.2,,,,,,,,VI-2026-07-07-Opinium-Observer.xlsx,V109 (5)
"2,050 UK adults",7th - 10th July 2026,,,,2002,,current_vote,Green,"Q:V109. To what extent do you agree or disagree that Nigel Farage...
 …has the nation’s best interests at heart",Leader favourability (Farage),farage,Agree,Neither agree nor disagree,Disagree,,,,,,,,9.8,8.5,77.5,,,,,,,,VI-2026-07-07-Opinium-Observer.xlsx,V109 (5)
"2,050 UK adults",7th - 10th July 2026,,,,2002,,historic_vote,Conservative,"Q:V109. To what extent do you agree or disagree that Nigel Farage...
 …has the nation’s best interests at heart",Leader favourability (Farage),farage,Agree,Neither agree nor disagree,Disagree,,,,,,,,51.2,15.6,29.0,,,,,,,,VI-2026-07-07-Opinium-Observer.xlsx,V109 (5)
"2,050 UK adults",7th - 10th July 2026,,,,2002,,historic_vote,Labour,"Q:V109. To what extent do you agree or disagree that Nigel Farage...
 …has the nation’s best interests at heart",Leader favourability (Farage),farage,Agree,Neither agree nor disagree,Disagree,,,,,,,,21.8,11.8,64.7,,,,,,,,VI-2026-07-07-Opinium-Observer.xlsx,V109 (5)
"2,050 UK adults",7th - 10th July 2026,,,,2002,,historic_vote,Lib Dems,"Q:V109. To what extent do you agree or disagree that Nigel Farage...
 …has the nation’s best interests at heart",Leader favourability (Farage),farage,Agree,Neither agree nor disagree,Disagree,,,,,,,,11.5,13.1,68.4,,,,,,,,VI-2026-07-07-Opinium-Observer.xlsx,V109 (5)
"2,050 UK adults",7th - 10th July 2026,,,,2002,,historic_vote,Green,"Q:V109. To what extent do you agree or disagree that Nigel Farage...
 …has the nation’s best interests at heart",Leader favourability (Farage),farage,Agree,Neither agree nor disagree,Disagree,,,,,,,,17.7,11.6,66.7,,,,,,,,VI-2026-07-07-Opinium-Observer.xlsx,V109 (5)
"2,050 UK adults",7th - 10th July 2026,,,,2002,,historic_vote,Reform UK,"Q:V109. To what extent do you agree or disagree that Nigel Farage...
 …has the nation’s best interests at heart",Leader favourability (Farage),farage,Agree,Neither agree nor disagree,Disagree,,,,,,,,77.9,12.6,6.9,,,,,,,,VI-2026-07-07-Opinium-Observer.xlsx,V109 (5)
"2,050 UK adults",7th - 10th July 2026,,,,2002,,historic_vote,Con,"Q:V109. To what extent do you agree or disagree that Nigel Farage...
 …has the nation’s best interests at heart",Leader favourability (Farage),farage,Agree,Neither agree nor disagree,Disagree,,,,,,,,54.6,15.6,25.9,,,,,,,,VI-2026-07-07-Opinium-Observer.xlsx,V109 (5)
"2,050 UK adults",7th - 10th July 2026,,,,2002,,historic_vote,Lab,"Q:V109. To what extent do you agree or disagree that Nigel Farage...
 …has the nation’s best interests at heart",Leader favourability (Farage),farage,Agree,Neither agree nor disagree,Disagree,,,,,,,,22.1,12.3,64.3,,,,,,,,VI-2026-07-07-Opinium-Observer.xlsx,V109 (5)
"2,050 UK adults",7th - 10th July 2026,,,,2002,,historic_vote,Lib Dem,"Q:V109. To what extent do you agree or disagree that Nigel Farage...
 …has the nation’s best interests at heart",Leader favourability (Farage),farage,Agree,Neither agree nor disagree,Disagree,,,,,,,,13.6,8.9,72.1,,,,,,,,VI-2026-07-07-Opinium-Observer.xlsx,V109 (5)
"2,050 UK adults",7th - 10th July 2026,,,,2002,,historic_vote,Remain,"Q:V109. To what extent do you agree or disagree that Nigel Farage...
 …has the nation’s best interests at heart",Leader favourability (Farage),farage,Agree,Neither agree nor disagree,Disagree,,,,,,,,17.8,11.3,66.4,,,,,,,,VI-2026-07-07-Opinium-Observer.xlsx,V109 (5)
"2,050 UK adults",7th - 10th July 2026,,,,2002,,historic_vote,Leave,"Q:V109. To what extent do you agree or disagree that Nigel Farage...
 …has the nation’s best interests at heart",Leader favourability (Farage),farage,Agree,Neither agree nor disagree,Disagree,,,,,,,,53.3,15.8,27.1,,,,,,,,VI-2026-07-07-Opinium-Observer.xlsx,V109 (5)
"2,050 UK adults",7th - 10th July 2026,,,,2002,,gender,Male,"Q:V109. To what extent do you agree or disagree that Nigel Farage...
 …has the nation’s best interests at heart",Leader favourability (Farage),farage,Agree,Neither agree nor disagree,Disagree,,,,,,,,38.5,16.4,40.5,,,,,,,,VI-2026-07-07-Opinium-Observer.xlsx,V109 (5)
"2,050 UK adults",7th - 10th July 2026,,,,2002,,gender,Female,"Q:V109. To what extent do you agree or disagree that Nigel Farage...
 …has the nation’s best interests at heart",Leader favourability (Farage),farage,Agree,Neither agree nor disagree,Disagree,,,,,,,,25.2,15.8,52.0,,,,,,,,VI-2026-07-07-Opinium-Observer.xlsx,V109 (5)
"2,050 UK adults",7th - 10th July 2026,,,,2002,,age,18-34,"Q:V109. To what extent do you agree or disagree that Nigel Farage...
 …has the nation’s best interests at heart",Leader favourability (Farage),farage,Agree,Neither agree nor disagree,Disagree,,,,,,,,28.5,21.2,46.5,,,,,,,,VI-2026-07-07-Opinium-Observer.xlsx,V109 (5)
"2,050 UK adults",7th - 10th July 2026,,,,2002,,age,35-49,"Q:V109. To what extent do you agree or disagree that Nigel Farage...
 …has the nation’s best interests at heart",Leader favourability (Farage),farage,Agree,Neither agree nor disagree,Disagree,,,,,,,,31.2,12.7,49.4,,,,,,,,VI-2026-07-07-Opinium-Observer.xlsx,V109 (5)
"2,050 UK adults",7th - 10th July 2026,,,,2002,,age,50-64,"Q:V109. To what extent do you agree or disagree that Nigel Farage...
 …has the nation’s best interests at heart",Leader favourability (Farage),farage,Agree,Neither agree nor disagree,Disagree,,,,,,,,31.2,14.6,48.6,,,,,,,,VI-2026-07-07-Opinium-Observer.xlsx,V109 (5)
"2,050 UK adults",7th - 10th July 2026,,,,2002,,age,65+,"Q:V109. To what extent do you agree or disagree that Nigel Farage...
 …has the nation’s best interests at heart",Leader favourability (Farage),farage,Agree,Neither agree nor disagree,Disagree,,,,,,,,35.6,15.8,41.3,,,,,,,,VI-2026-07-07-Opinium-Observer.xlsx,V109 (5)
"2,050 UK adults",7th - 10th July 2026,,,,2002,,region,North,"Q:V109. To what extent do you agree or disagree that Nigel Farage...
 …has the nation’s best interests at heart",Leader favourability (Farage),farage,Agree,Neither agree nor disagree,Disagree,,,,,,,,31.1,16.0,47.2,,,,,,,,VI-2026-07-07-Opinium-Observer.xlsx,V109 (5)
"2,050 UK adults",7th - 10th July 2026,,,,2002,,region,Mids,"Q:V109. To what extent do you agree or disagree that Nigel Farage...
 …has the nation’s best interests at heart",Leader favourability (Farage),farage,Agree,Neither agree nor disagree,Disagree,,,,,,,,35.9,16.4,41.7,,,,,,,,VI-2026-07-07-Opinium-Observer.xlsx,V109 (5)
"2,050 UK adults",7th - 10th July 2026,,,,2002,,region,London,"Q:V109. To what extent do you agree or disagree that Nigel Farage...
 …has the nation’s best interests at heart",Leader favourability (Farage),farage,Agree,Neither agree nor disagree,Disagree,,,,,,,,28.5,17.4,47.9,,,,,,,,VI-2026-07-07-Opinium-Observer.xlsx,V109 (5)
"2,050 UK adults",7th - 10th July 2026,,,,2002,,region,South,"Q:V109. To what extent do you agree or disagree that Nigel Farage...
 …has the nation’s best interests at heart",Leader favourability (Farage),farage,Agree,Neither agree nor disagree,Disagree,,,,,,,,33.5,16.0,45.0,,,,,,,,VI-2026-07-07-Opinium-Observer.xlsx,V109 (5)
"2,050 UK adults",7th - 10th July 2026,,,,2002,,region,Wales,"Q:V109. To what extent do you agree or disagree that Nigel Farage...
 …has the nation’s best interests at heart",Leader favourability (Farage),farage,Agree,Neither agree nor disagree,Disagree,,,,,,,,27.8,19.2,50.5,,,,,,,,VI-2026-07-07-Opinium-Observer.xlsx,V109 (5)
"2,050 UK adults",7th - 10th July 2026,,,,2002,,region,Scotland,"Q:V109. To what extent do you agree or disagree that Nigel Farage...
 …has the nation’s best interests at heart",Leader favourability (Farage),farage,Agree,Neither agree nor disagree,Disagree,,,,,,,,23.4,14.3,56.1,,,,,,,,VI-2026-07-07-Opinium-Observer.xlsx,V109 (5)
"2,050 UK adults",7th - 10th July 2026,,,,2002,,region,Northern Ireland,"Q:V109. To what extent do you agree or disagree that Nigel Farage...
 …has the nation’s best interests at heart",Leader favourability (Farage),farage,Neither agree nor disagree,,,,,,,,,,,,,,,,,,,,VI-2026-07-07-Opinium-Observer.xlsx,V109 (5)
"2,050 UK adults",7th - 10th July 2026,,,,2002,,total,Total,"Q:V109. To what extent do you agree or disagree that Nigel Farage...
 …is a strong leader",Leader favourability (Farage),farage,Agree,Neither agree nor disagree,Disagree,,,,,,,,35.6,16.5,41.7,,,,,,,,VI-2026-07-07-Opinium-Observer.xlsx,V109 (6)
"2,050 UK adults",7th - 10th July 2026,,,,2002,,current_vote,Con,"Q:V109. To what extent do you agree or disagree that Nigel Farage...
 …is a strong leader",Leader favourability (Farage),farage,Agree,Neither agree nor disagree,Disagree,,,,,,,,38.0,20.6,38.4,,,,,,,,VI-2026-07-07-Opinium-Observer.xlsx,V109 (6)
"2,050 UK adults",7th - 10th July 2026,,,,2002,,current_vote,Lab,"Q:V109. To what extent do you agree or disagree that Nigel Farage...
 …is a strong leader",Leader favourability (Farage),farage,Agree,Neither agree nor disagree,Disagree,,,,,,,,32.7,14.9,50.5,,,,,,,,VI-2026-07-07-Opinium-Observer.xlsx,V109 (6)
"2,050 UK adults",7th - 10th July 2026,,,,2002,,current_vote,Lib Dem,"Q:V109. To what extent do you agree or disagree that Nigel Farage...
 …is a strong leader",Leader favourability (Farage),farage,Agree,Neither agree nor disagree,Disagree,,,,,,,,19.1,14.2,63.0,,,,,,,,VI-2026-07-07-Opinium-Observer.xlsx,V109 (6)
"2,050 UK adults",7th - 10th July 2026,,,,2002,,current_vote,Reform,"Q:V109. To what extent do you agree or disagree that Nigel Farage...
 …is a strong leader",Leader favourability (Farage),farage,Agree,Neither agree nor disagree,Disagree,,,,,,,,83.7,9.9,3.5,,,,,,,,VI-2026-07-07-Opinium-Observer.xlsx,V109 (6)
"2,050 UK adults",7th - 10th July 2026,,,,2002,,current_vote,Green,"Q:V109. To what extent do you agree or disagree that Nigel Farage...
 …is a strong leader",Leader favourability (Farage),farage,Agree,Neither agree nor disagree,Disagree,,,,,,,,15.6,12.3,69.3,,,,,,,,VI-2026-07-07-Opinium-Observer.xlsx,V109 (6)
"2,050 UK adults",7th - 10th July 2026,,,,2002,,historic_vote,Conservative,"Q:V109. To what extent do you agree or disagree that Nigel Farage...
 …is a strong leader",Leader favourability (Farage),farage,Agree,Neither agree nor disagree,Disagree,,,,,,,,48.5,18.1,29.6,,,,,,,,VI-2026-07-07-Opinium-Observer.xlsx,V109 (6)
"2,050 UK adults",7th - 10th July 2026,,,,2002,,historic_vote,Labour,"Q:V109. To what extent do you agree or disagree that Nigel Farage...
 …is a strong leader",Leader favourability (Farage),farage,Agree,Neither agree nor disagree,Disagree,,,,,,,,28.9,13.8,54.9,,,,,,,,VI-2026-07-07-Opinium-Observer.xlsx,V109 (6)
"2,050 UK adults",7th - 10th July 2026,,,,2002,,historic_vote,Lib Dems,"Q:V109. To what extent do you agree or disagree that Nigel Farage...
 …is a strong leader",Leader favourability (Farage),farage,Agree,Neither agree nor disagree,Disagree,,,,,,,,20.1,11.2,60.9,,,,,,,,VI-2026-07-07-Opinium-Observer.xlsx,V109 (6)
"2,050 UK adults",7th - 10th July 2026,,,,2002,,historic_vote,Green,"Q:V109. To what extent do you agree or disagree that Nigel Farage...
 …is a strong leader",Leader favourability (Farage),farage,Agree,Neither agree nor disagree,Disagree,,,,,,,,21.9,13.2,62.5,,,,,,,,VI-2026-07-07-Opinium-Observer.xlsx,V109 (6)
"2,050 UK adults",7th - 10th July 2026,,,,2002,,historic_vote,Reform UK,"Q:V109. To what extent do you agree or disagree that Nigel Farage...
 …is a strong leader",Leader favourability (Farage),farage,Agree,Neither agree nor disagree,Disagree,,,,,,,,78.4,10.0,9.3,,,,,,,,VI-2026-07-07-Opinium-Observer.xlsx,V109 (6)
"2,050 UK adults",7th - 10th July 2026,,,,2002,,historic_vote,Con,"Q:V109. To what extent do you agree or disagree that Nigel Farage...
 …is a strong leader",Leader favourability (Farage),farage,Agree,Neither agree nor disagree,Disagree,,,,,,,,54.8,15.5,25.5,,,,,,,,VI-2026-07-07-Opinium-Observer.xlsx,V109 (6)
"2,050 UK adults",7th - 10th July 2026,,,,2002,,historic_vote,Lab,"Q:V109. To what extent do you agree or disagree that Nigel Farage...
 …is a strong leader",Leader favourability (Farage),farage,Agree,Neither agree nor disagree,Disagree,,,,,,,,29.3,14.3,55.4,,,,,,,,VI-2026-07-07-Opinium-Observer.xlsx,V109 (6)
"2,050 UK adults",7th - 10th July 2026,,,,2002,,historic_vote,Lib Dem,"Q:V109. To what extent do you agree or disagree that Nigel Farage...
 …is a strong leader",Leader favourability (Farage),farage,Agree,Neither agree nor disagree,Disagree,,,,,,,,19.3,11.0,62.9,,,,,,,,VI-2026-07-07-Opinium-Observer.xlsx,V109 (6)
"2,050 UK adults",7th - 10th July 2026,,,,2002,,historic_vote,Remain,"Q:V109. To what extent do you agree or disagree that Nigel Farage...
 …is a strong leader",Leader favourability (Farage),farage,Agree,Neither agree nor disagree,Disagree,,,,,,,,24.0,13.4,58.2,,,,,,,,VI-2026-07-07-Opinium-Observer.xlsx,V109 (6)
"2,050 UK adults",7th - 10th July 2026,,,,2002,,historic_vote,Leave,"Q:V109. To what extent do you agree or disagree that Nigel Farage...
 …is a strong leader",Leader favourability (Farage),farage,Agree,Neither agree nor disagree,Disagree,,,,,,,,53.8,15.7,25.8,,,,,,,,VI-2026-07-07-Opinium-Observer.xlsx,V109 (6)
"2,050 UK adults",7th - 10th July 2026,,,,2002,,gender,Male,"Q:V109. To what extent do you agree or disagree that Nigel Farage...
 …is a strong leader",Leader favourability (Farage),farage,Agree,Neither agree nor disagree,Disagree,,,,,,,,44.0,14.3,36.4,,,,,,,,VI-2026-07-07-Opinium-Observer.xlsx,V109 (6)
"2,050 UK adults",7th - 10th July 2026,,,,2002,,gender,Female,"Q:V109. To what extent do you agree or disagree that Nigel Farage...
 …is a strong leader",Leader favourability (Farage),farage,Agree,Neither agree nor disagree,Disagree,,,,,,,,27.8,18.3,46.5,,,,,,,,VI-2026-07-07-Opinium-Observer.xlsx,V109 (6)
"2,050 UK adults",7th - 10th July 2026,,,,2002,,age,18-34,"Q:V109. To what extent do you agree or disagree that Nigel Farage...
 …is a strong leader",Leader favourability (Farage),farage,Agree,Neither agree nor disagree,Disagree,,,,,,,,35.6,19.9,41.4,,,,,,,,VI-2026-07-07-Opinium-Observer.xlsx,V109 (6)
"2,050 UK adults",7th - 10th July 2026,,,,2002,,age,35-49,"Q:V109. To what extent do you agree or disagree that Nigel Farage...
 …is a strong leader",Leader favourability (Farage),farage,Agree,Neither agree nor disagree,Disagree,,,,,,,,35.5,14.0,42.4,,,,,,,,VI-2026-07-07-Opinium-Observer.xlsx,V109 (6)
"2,050 UK adults",7th - 10th July 2026,,,,2002,,age,50-64,"Q:V109. To what extent do you agree or disagree that Nigel Farage...
 …is a strong leader",Leader favourability (Farage),farage,Agree,Neither agree nor disagree,Disagree,,,,,,,,35.3,14.6,43.8,,,,,,,,VI-2026-07-07-Opinium-Observer.xlsx,V109 (6)
"2,050 UK adults",7th - 10th July 2026,,,,2002,,age,65+,"Q:V109. To what extent do you agree or disagree that Nigel Farage...
 …is a strong leader",Leader favourability (Farage),farage,Agree,Neither agree nor disagree,Disagree,,,,,,,,36.1,17.3,39.0,,,,,,,,VI-2026-07-07-Opinium-Observer.xlsx,V109 (6)
"2,050 UK adults",7th - 10th July 2026,,,,2002,,region,North,"Q:V109. To what extent do you agree or disagree that Nigel Farage...
 …is a strong leader",Leader favourability (Farage),farage,Agree,Neither agree nor disagree,Disagree,,,,,,,,34.9,18.4,40.3,,,,,,,,VI-2026-07-07-Opinium-Observer.xlsx,V109 (6)
"2,050 UK adults",7th - 10th July 2026,,,,2002,,region,Mids,"Q:V109. To what extent do you agree or disagree that Nigel Farage...
 …is a strong leader",Leader favourability (Farage),farage,Agree,Neither agree nor disagree,Disagree,,,,,,,,38.1,16.9,38.4,,,,,,,,VI-2026-07-07-Opinium-Observer.xlsx,V109 (6)
"2,050 UK adults",7th - 10th July 2026,,,,2002,,region,London,"Q:V109. To what extent do you agree or disagree that Nigel Farage...
 …is a strong leader",Leader favourability (Farage),farage,Agree,Neither agree nor disagree,Disagree,,,,,,,,33.7,15.3,43.1,,,,,,,,VI-2026-07-07-Opinium-Observer.xlsx,V109 (6)
"2,050 UK adults",7th - 10th July 2026,,,,2002,,region,South,"Q:V109. To what extent do you agree or disagree that Nigel Farage...
 …is a strong leader",Leader favourability (Farage),farage,Agree,Neither agree nor disagree,Disagree,,,,,,,,38.0,15.1,41.2,,,,,,,,VI-2026-07-07-Opinium-Observer.xlsx,V109 (6)
"2,050 UK adults",7th - 10th July 2026,,,,2002,,region,Wales,"Q:V109. To what extent do you agree or disagree that Nigel Farage...
 …is a strong leader",Leader favourability (Farage),farage,Agree,Neither agree nor disagree,Disagree,,,,,,,,35.0,17.9,46.4,,,,,,,,VI-2026-07-07-Opinium-Observer.xlsx,V109 (6)
"2,050 UK adults",7th - 10th July 2026,,,,2002,,region,Scotland,"Q:V109. To what extent do you agree or disagree that Nigel Farage...
 …is a strong leader",Leader favourability (Farage),farage,Agree,Neither agree nor disagree,Disagree,,,,,,,,27.5,16.7,49.1,,,,,,,,VI-2026-07-07-Opinium-Observer.xlsx,V109 (6)
"2,050 UK adults",7th - 10th July 2026,,,,2002,,region,Northern Ireland,"Q:V109. To what extent do you agree or disagree that Nigel Farage...
 …is a strong leader",Leader favourability (Farage),farage,Neither agree nor disagree,,,,,,,,,,,,,,,,,,,,VI-2026-07-07-Opinium-Observer.xlsx,V109 (6)
"2,050 UK adults",7th - 10th July 2026,,,,2002,,total,Total,"Q:V109. To what extent do you agree or disagree that Nigel Farage...
 …is able to get things done",Leader favourability (Farage),farage,Agree,Neither agree nor disagree,Disagree,,,,,,,,30.9,19.9,40.0,,,,,,,,VI-2026-07-07-Opinium-Observer.xlsx,V109 (7)
"2,050 UK adults",7th - 10th July 2026,,,,2002,,current_vote,Con,"Q:V109. To what extent do you agree or disagree that Nigel Farage...
 …is able to get things done",Leader favourability (Farage),farage,Agree,Neither agree nor disagree,Disagree,,,,,,,,31.2,24.7,35.1,,,,,,,,VI-2026-07-07-Opinium-Observer.xlsx,V109 (7)
"2,050 UK adults",7th - 10th July 2026,,,,2002,,current_vote,Lab,"Q:V109. To what extent do you agree or disagree that Nigel Farage...
 …is able to get things done",Leader favourability (Farage),farage,Agree,Neither agree nor disagree,Disagree,,,,,,,,27.3,17.8,51.8,,,,,,,,VI-2026-07-07-Opinium-Observer.xlsx,V109 (7)
"2,050 UK adults",7th - 10th July 2026,,,,2002,,current_vote,Lib Dem,"Q:V109. To what extent do you agree or disagree that Nigel Farage...
 …is able to get things done",Leader favourability (Farage),farage,Agree,Neither agree nor disagree,Disagree,,,,,,,,12.2,15.3,64.5,,,,,,,,VI-2026-07-07-Opinium-Observer.xlsx,V109 (7)
"2,050 UK adults",7th - 10th July 2026,,,,2002,,current_vote,Reform,"Q:V109. To what extent do you agree or disagree that Nigel Farage...
 …is able to get things done",Leader favourability (Farage),farage,Agree,Neither agree nor disagree,Disagree,,,,,,,,78.9,13.6,2.7,,,,,,,,VI-2026-07-07-Opinium-Observer.xlsx,V109 (7)
"2,050 UK adults",7th - 10th July 2026,,,,2002,,current_vote,Green,"Q:V109. To what extent do you agree or disagree that Nigel Farage...
 …is able to get things done",Leader favourability (Farage),farage,Agree,Neither agree nor disagree,Disagree,,,,,,,,15.2,10.5,68.4,,,,,,,,VI-2026-07-07-Opinium-Observer.xlsx,V109 (7)
"2,050 UK adults",7th - 10th July 2026,,,,2002,,historic_vote,Conservative,"Q:V109. To what extent do you agree or disagree that Nigel Farage...
 …is able to get things done",Leader favourability (Farage),farage,Agree,Neither agree nor disagree,Disagree,,,,,,,,42.0,21.0,26.6,,,,,,,,VI-2026-07-07-Opinium-Observer.xlsx,V109 (7)
"2,050 UK adults",7th - 10th July 2026,,,,2002,,historic_vote,Labour,"Q:V109. To what extent do you agree or disagree that Nigel Farage...
 …is able to get things done",Leader favourability (Farage),farage,Agree,Neither agree nor disagree,Disagree,,,,,,,,23.9,15.5,56.5,,,,,,,,VI-2026-07-07-Opinium-Observer.xlsx,V109 (7)
"2,050 UK adults",7th - 10th July 2026,,,,2002,,historic_vote,Lib Dems,"Q:V109. To what extent do you agree or disagree that Nigel Farage...
 …is able to get things done",Leader favourability (Farage),farage,Agree,Neither agree nor disagree,Disagree,,,,,,,,12.1,16.3,58.6,,,,,,,,VI-2026-07-07-Opinium-Observer.xlsx,V109 (7)
"2,050 UK adults",7th - 10th July 2026,,,,2002,,historic_vote,Green,"Q:V109. To what extent do you agree or disagree that Nigel Farage...
 …is able to get things done",Leader favourability (Farage),farage,Agree,Neither agree nor disagree,Disagree,,,,,,,,17.7,14.7,61.5,,,,,,,,VI-2026-07-07-Opinium-Observer.xlsx,V109 (7)
"2,050 UK adults",7th - 10th July 2026,,,,2002,,historic_vote,Reform UK,"Q:V109. To what extent do you agree or disagree that Nigel Farage...
 …is able to get things done",Leader favourability (Farage),farage,Agree,Neither agree nor disagree,Disagree,,,,,,,,73.0,16.2,4.9,,,,,,,,VI-2026-07-07-Opinium-Observer.xlsx,V109 (7)
"2,050 UK adults",7th - 10th July 2026,,,,2002,,historic_vote,Con,"Q:V109. To what extent do you agree or disagree that Nigel Farage...
 …is able to get things done",Leader favourability (Farage),farage,Agree,Neither agree nor disagree,Disagree,,,,,,,,47.0,21.1,23.3,,,,,,,,VI-2026-07-07-Opinium-Observer.xlsx,V109 (7)
"2,050 UK adults",7th - 10th July 2026,,,,2002,,historic_vote,Lab,"Q:V109. To what extent do you agree or disagree that Nigel Farage...
 …is able to get things done",Leader favourability (Farage),farage,Agree,Neither agree nor disagree,Disagree,,,,,,,,22.3,15.1,59.0,,,,,,,,VI-2026-07-07-Opinium-Observer.xlsx,V109 (7)
"2,050 UK adults",7th - 10th July 2026,,,,2002,,historic_vote,Lib Dem,"Q:V109. To what extent do you agree or disagree that Nigel Farage...
 …is able to get things done",Leader favourability (Farage),farage,Agree,Neither agree nor disagree,Disagree,,,,,,,,11.4,15.6,60.7,,,,,,,,VI-2026-07-07-Opinium-Observer.xlsx,V109 (7)
"2,050 UK adults",7th - 10th July 2026,,,,2002,,historic_vote,Remain,"Q:V109. To what extent do you agree or disagree that Nigel Farage...
 …is able to get things done",Leader favourability (Farage),farage,Agree,Neither agree nor disagree,Disagree,,,,,,,,17.5,16.0,58.2,,,,,,,,VI-2026-07-07-Opinium-Observer.xlsx,V109 (7)
"2,050 UK adults",7th - 10th July 2026,,,,2002,,historic_vote,Leave,"Q:V109. To what extent do you agree or disagree that Nigel Farage...
 …is able to get things done",Leader favourability (Farage),farage,Agree,Neither agree nor disagree,Disagree,,,,,,,,46.7,20.7,24.4,,,,,,,,VI-2026-07-07-Opinium-Observer.xlsx,V109 (7)
"2,050 UK adults",7th - 10th July 2026,,,,2002,,gender,Male,"Q:V109. To what extent do you agree or disagree that Nigel Farage...
 …is able to get things done",Leader favourability (Farage),farage,Agree,Neither agree nor disagree,Disagree,,,,,,,,38.0,19.2,34.7,,,,,,,,VI-2026-07-07-Opinium-Observer.xlsx,V109 (7)
"2,050 UK adults",7th - 10th July 2026,,,,2002,,gender,Female,"Q:V109. To what extent do you agree or disagree that Nigel Farage...
 …is able to get things done",Leader favourability (Farage),farage,Agree,Neither agree nor disagree,Disagree,,,,,,,,24.4,20.4,44.8,,,,,,,,VI-2026-07-07-Opinium-Observer.xlsx,V109 (7)
"2,050 UK adults",7th - 10th July 2026,,,,2002,,age,18-34,"Q:V109. To what extent do you agree or disagree that Nigel Farage...
 …is able to get things done",Leader favourability (Farage),farage,Agree,Neither agree nor disagree,Disagree,,,,,,,,35.4,23.2,37.8,,,,,,,,VI-2026-07-07-Opinium-Observer.xlsx,V109 (7)
"2,050 UK adults",7th - 10th July 2026,,,,2002,,age,35-49,"Q:V109. To what extent do you agree or disagree that Nigel Farage...
 …is able to get things done",Leader favourability (Farage),farage,Agree,Neither agree nor disagree,Disagree,,,,,,,,32.4,16.7,40.5,,,,,,,,VI-2026-07-07-Opinium-Observer.xlsx,V109 (7)
"2,050 UK adults",7th - 10th July 2026,,,,2002,,age,50-64,"Q:V109. To what extent do you agree or disagree that Nigel Farage...
 …is able to get things done",Leader favourability (Farage),farage,Agree,Neither agree nor disagree,Disagree,,,,,,,,27.2,17.0,45.8,,,,,,,,VI-2026-07-07-Opinium-Observer.xlsx,V109 (7)
"2,050 UK adults",7th - 10th July 2026,,,,2002,,age,65+,"Q:V109. To what extent do you agree or disagree that Nigel Farage...
 …is able to get things done",Leader favourability (Farage),farage,Agree,Neither agree nor disagree,Disagree,,,,,,,,28.1,22.3,35.9,,,,,,,,VI-2026-07-07-Opinium-Observer.xlsx,V109 (7)
"2,050 UK adults",7th - 10th July 2026,,,,2002,,region,North,"Q:V109. To what extent do you agree or disagree that Nigel Farage...
 …is able to get things done",Leader favourability (Farage),farage,Agree,Neither agree nor disagree,Disagree,,,,,,,,29.6,19.9,41.8,,,,,,,,VI-2026-07-07-Opinium-Observer.xlsx,V109 (7)
"2,050 UK adults",7th - 10th July 2026,,,,2002,,region,Mids,"Q:V109. To what extent do you agree or disagree that Nigel Farage...
 …is able to get things done",Leader favourability (Farage),farage,Agree,Neither agree nor disagree,Disagree,,,,,,,,34.4,17.6,39.0,,,,,,,,VI-2026-07-07-Opinium-Observer.xlsx,V109 (7)
"2,050 UK adults",7th - 10th July 2026,,,,2002,,region,London,"Q:V109. To what extent do you agree or disagree that Nigel Farage...
 …is able to get things done",Leader favourability (Farage),farage,Agree,Neither agree nor disagree,Disagree,,,,,,,,26.6,21.2,43.1,,,,,,,,VI-2026-07-07-Opinium-Observer.xlsx,V109 (7)
"2,050 UK adults",7th - 10th July 2026,,,,2002,,region,South,"Q:V109. To what extent do you agree or disagree that Nigel Farage...
 …is able to get things done",Leader favourability (Farage),farage,Agree,Neither agree nor disagree,Disagree,,,,,,,,32.5,20.5,36.6,,,,,,,,VI-2026-07-07-Opinium-Observer.xlsx,V109 (7)
"2,050 UK adults",7th - 10th July 2026,,,,2002,,region,Wales,"Q:V109. To what extent do you agree or disagree that Nigel Farage...
 …is able to get things done",Leader favourability (Farage),farage,Agree,Neither agree nor disagree,Disagree,,,,,,,,32.0,20.0,42.3,,,,,,,,VI-2026-07-07-Opinium-Observer.xlsx,V109 (7)
"2,050 UK adults",7th - 10th July 2026,,,,2002,,region,Scotland,"Q:V109. To what extent do you agree or disagree that Nigel Farage...
 …is able to get things done",Leader favourability (Farage),farage,Agree,Neither agree nor disagree,Disagree,,,,,,,,27.5,19.9,45.0,,,,,,,,VI-2026-07-07-Opinium-Observer.xlsx,V109 (7)
"2,050 UK adults",7th - 10th July 2026,,,,2002,,region,Northern Ireland,"Q:V109. To what extent do you agree or disagree that Nigel Farage...
 …is able to get things done",Leader favourability (Farage),farage,Neither agree nor disagree,,,,,,,,,,,,,,,,,,,,VI-2026-07-07-Opinium-Observer.xlsx,V109 (7)
"2,050 UK adults",7th - 10th July 2026,,,,2002,,total,Total,"Q:V109. To what extent do you agree or disagree that Nigel Farage...
 …is able to stand up for Britain’s interests abroad",Leader favourability (Farage),farage,Agree,Neither agree nor disagree,Disagree,,,,,,,,33.4,16.4,41.9,,,,,,,,VI-2026-07-07-Opinium-Observer.xlsx,V109 (8)
"2,050 UK adults",7th - 10th July 2026,,,,2002,,current_vote,Con,"Q:V109. To what extent do you agree or disagree that Nigel Farage...
 …is able to stand up for Britain’s interests abroad",Leader favourability (Farage),farage,Agree,Neither agree nor disagree,Disagree,,,,,,,,33.0,23.4,35.8,,,,,,,,VI-2026-07-07-Opinium-Observer.xlsx,V109 (8)
"2,050 UK adults",7th - 10th July 2026,,,,2002,,current_vote,Lab,"Q:V109. To what extent do you agree or disagree that Nigel Farage...
 …is able to stand up for Britain’s interests abroad",Leader favourability (Farage),farage,Agree,Neither agree nor disagree,Disagree,,,,,,,,25.2,17.2,52.5,,,,,,,,VI-2026-07-07-Opinium-Observer.xlsx,V109 (8)
"2,050 UK adults",7th - 10th July 2026,,,,2002,,current_vote,Lib Dem,"Q:V109. To what extent do you agree or disagree that Nigel Farage...
 …is able to stand up for Britain’s interests abroad",Leader favourability (Farage),farage,Agree,Neither agree nor disagree,Disagree,,,,,,,,15.9,11.0,66.7,,,,,,,,VI-2026-07-07-Opinium-Observer.xlsx,V109 (8)
"2,050 UK adults",7th - 10th July 2026,,,,2002,,current_vote,Reform,"Q:V109. To what extent do you agree or disagree that Nigel Farage...
 …is able to stand up for Britain’s interests abroad",Leader favourability (Farage),farage,Agree,Neither agree nor disagree,Disagree,,,,,,,,83.7,10.5,2.7,,,,,,,,VI-2026-07-07-Opinium-Observer.xlsx,V109 (8)
"2,050 UK adults",7th - 10th July 2026,,,,2002,,current_vote,Green,"Q:V109. To what extent do you agree or disagree that Nigel Farage...
 …is able to stand up for Britain’s interests abroad",Leader favourability (Farage),farage,Agree,Neither agree nor disagree,Disagree,,,,,,,,13.9,7.7,72.5,,,,,,,,VI-2026-07-07-Opinium-Observer.xlsx,V109 (8)
"2,050 UK adults",7th - 10th July 2026,,,,2002,,historic_vote,Conservative,"Q:V109. To what extent do you agree or disagree that Nigel Farage...
 …is able to stand up for Britain’s interests abroad",Leader favourability (Farage),farage,Agree,Neither agree nor disagree,Disagree,,,,,,,,46.8,18.2,27.5,,,,,,,,VI-2026-07-07-Opinium-Observer.xlsx,V109 (8)
"2,050 UK adults",7th - 10th July 2026,,,,2002,,historic_vote,Labour,"Q:V109. To what extent do you agree or disagree that Nigel Farage...
 …is able to stand up for Britain’s interests abroad",Leader favourability (Farage),farage,Agree,Neither agree nor disagree,Disagree,,,,,,,,24.9,13.2,56.8,,,,,,,,VI-2026-07-07-Opinium-Observer.xlsx,V109 (8)
"2,050 UK adults",7th - 10th July 2026,,,,2002,,historic_vote,Lib Dems,"Q:V109. To what extent do you agree or disagree that Nigel Farage...
 …is able to stand up for Britain’s interests abroad",Leader favourability (Farage),farage,Agree,Neither agree nor disagree,Disagree,,,,,,,,16.7,10.4,63.2,,,,,,,,VI-2026-07-07-Opinium-Observer.xlsx,V109 (8)
"2,050 UK adults",7th - 10th July 2026,,,,2002,,historic_vote,Green,"Q:V109. To what extent do you agree or disagree that Nigel Farage...
 …is able to stand up for Britain’s interests abroad",Leader favourability (Farage),farage,Agree,Neither agree nor disagree,Disagree,,,,,,,,18.8,14.8,59.4,,,,,,,,VI-2026-07-07-Opinium-Observer.xlsx,V109 (8)
"2,050 UK adults",7th - 10th July 2026,,,,2002,,historic_vote,Reform UK,"Q:V109. To what extent do you agree or disagree that Nigel Farage...
 …is able to stand up for Britain’s interests abroad",Leader favourability (Farage),farage,Agree,Neither agree nor disagree,Disagree,,,,,,,,78.4,12.8,4.9,,,,,,,,VI-2026-07-07-Opinium-Observer.xlsx,V109 (8)
"2,050 UK adults",7th - 10th July 2026,,,,2002,,historic_vote,Con,"Q:V109. To what extent do you agree or disagree that Nigel Farage...
 …is able to stand up for Britain’s interests abroad",Leader favourability (Farage),farage,Agree,Neither agree nor disagree,Disagree,,,,,,,,54.2,15.1,23.7,,,,,,,,VI-2026-07-07-Opinium-Observer.xlsx,V109 (8)
"2,050 UK adults",7th - 10th July 2026,,,,2002,,historic_vote,Lab,"Q:V109. To what extent do you agree or disagree that Nigel Farage...
 …is able to stand up for Britain’s interests abroad",Leader favourability (Farage),farage,Agree,Neither agree nor disagree,Disagree,,,,,,,,23.3,14.2,57.1,,,,,,,,VI-2026-07-07-Opinium-Observer.xlsx,V109 (8)
"2,050 UK adults",7th - 10th July 2026,,,,2002,,historic_vote,Lib Dem,"Q:V109. To what extent do you agree or disagree that Nigel Farage...
 …is able to stand up for Britain’s interests abroad",Leader favourability (Farage),farage,Agree,Neither agree nor disagree,Disagree,,,,,,,,21.4,6.4,63.6,,,,,,,,VI-2026-07-07-Opinium-Observer.xlsx,V109 (8)
"2,050 UK adults",7th - 10th July 2026,,,,2002,,historic_vote,Remain,"Q:V109. To what extent do you agree or disagree that Nigel Farage...
 …is able to stand up for Britain’s interests abroad",Leader favourability (Farage),farage,Agree,Neither agree nor disagree,Disagree,,,,,,,,19.9,11.5,61.1,,,,,,,,VI-2026-07-07-Opinium-Observer.xlsx,V109 (8)
"2,050 UK adults",7th - 10th July 2026,,,,2002,,historic_vote,Leave,"Q:V109. To what extent do you agree or disagree that Nigel Farage...
 …is able to stand up for Britain’s interests abroad",Leader favourability (Farage),farage,Agree,Neither agree nor disagree,Disagree,,,,,,,,53.1,16.9,22.8,,,,,,,,VI-2026-07-07-Opinium-Observer.xlsx,V109 (8)
"2,050 UK adults",7th - 10th July 2026,,,,2002,,gender,Male,"Q:V109. To what extent do you agree or disagree that Nigel Farage...
 …is able to stand up for Britain’s interests abroad",Leader favourability (Farage),farage,Agree,Neither agree nor disagree,Disagree,,,,,,,,41.9,15.1,36.3,,,,,,,,VI-2026-07-07-Opinium-Observer.xlsx,V109 (8)
"2,050 UK adults",7th - 10th July 2026,,,,2002,,gender,Female,"Q:V109. To what extent do you agree or disagree that Nigel Farage...
 …is able to stand up for Britain’s interests abroad",Leader favourability (Farage),farage,Agree,Neither agree nor disagree,Disagree,,,,,,,,25.6,17.3,47.0,,,,,,,,VI-2026-07-07-Opinium-Observer.xlsx,V109 (8)
"2,050 UK adults",7th - 10th July 2026,,,,2002,,age,18-34,"Q:V109. To what extent do you agree or disagree that Nigel Farage...
 …is able to stand up for Britain’s interests abroad",Leader favourability (Farage),farage,Agree,Neither agree nor disagree,Disagree,,,,,,,,35.2,17.9,42.1,,,,,,,,VI-2026-07-07-Opinium-Observer.xlsx,V109 (8)
"2,050 UK adults",7th - 10th July 2026,,,,2002,,age,35-49,"Q:V109. To what extent do you agree or disagree that Nigel Farage...
 …is able to stand up for Britain’s interests abroad",Leader favourability (Farage),farage,Agree,Neither agree nor disagree,Disagree,,,,,,,,32.0,15.6,41.9,,,,,,,,VI-2026-07-07-Opinium-Observer.xlsx,V109 (8)
"2,050 UK adults",7th - 10th July 2026,,,,2002,,age,50-64,"Q:V109. To what extent do you agree or disagree that Nigel Farage...
 …is able to stand up for Britain’s interests abroad",Leader favourability (Farage),farage,Agree,Neither agree nor disagree,Disagree,,,,,,,,31.1,17.0,44.8,,,,,,,,VI-2026-07-07-Opinium-Observer.xlsx,V109 (8)
"2,050 UK adults",7th - 10th July 2026,,,,2002,,age,65+,"Q:V109. To what extent do you agree or disagree that Nigel Farage...
 …is able to stand up for Britain’s interests abroad",Leader favourability (Farage),farage,Agree,Neither agree nor disagree,Disagree,,,,,,,,35.4,14.8,38.6,,,,,,,,VI-2026-07-07-Opinium-Observer.xlsx,V109 (8)
"2,050 UK adults",7th - 10th July 2026,,,,2002,,region,North,"Q:V109. To what extent do you agree or disagree that Nigel Farage...
 …is able to stand up for Britain’s interests abroad",Leader favourability (Farage),farage,Agree,Neither agree nor disagree,Disagree,,,,,,,,32.4,17.3,40.7,,,,,,,,VI-2026-07-07-Opinium-Observer.xlsx,V109 (8)
"2,050 UK adults",7th - 10th July 2026,,,,2002,,region,Mids,"Q:V109. To what extent do you agree or disagree that Nigel Farage...
 …is able to stand up for Britain’s interests abroad",Leader favourability (Farage),farage,Agree,Neither agree nor disagree,Disagree,,,,,,,,36.9,16.0,38.1,,,,,,,,VI-2026-07-07-Opinium-Observer.xlsx,V109 (8)
"2,050 UK adults",7th - 10th July 2026,,,,2002,,region,London,"Q:V109. To what extent do you agree or disagree that Nigel Farage...
 …is able to stand up for Britain’s interests abroad",Leader favourability (Farage),farage,Agree,Neither agree nor disagree,Disagree,,,,,,,,30.3,15.4,46.1,,,,,,,,VI-2026-07-07-Opinium-Observer.xlsx,V109 (8)
"2,050 UK adults",7th - 10th July 2026,,,,2002,,region,South,"Q:V109. To what extent do you agree or disagree that Nigel Farage...
 …is able to stand up for Britain’s interests abroad",Leader favourability (Farage),farage,Agree,Neither agree nor disagree,Disagree,,,,,,,,35.5,16.0,40.4,,,,,,,,VI-2026-07-07-Opinium-Observer.xlsx,V109 (8)
"2,050 UK adults",7th - 10th July 2026,,,,2002,,region,Wales,"Q:V109. To what extent do you agree or disagree that Nigel Farage...
 …is able to stand up for Britain’s interests abroad",Leader favourability (Farage),farage,Agree,Neither agree nor disagree,Disagree,,,,,,,,32.0,17.6,47.4,,,,,,,,VI-2026-07-07-Opinium-Observer.xlsx,V109 (8)
"2,050 UK adults",7th - 10th July 2026,,,,2002,,region,Scotland,"Q:V109. To what extent do you agree or disagree that Nigel Farage...
 …is able to stand up for Britain’s interests abroad",Leader favourability (Farage),farage,Agree,Neither agree nor disagree,Disagree,,,,,,,,27.5,16.9,49.1,,,,,,,,VI-2026-07-07-Opinium-Observer.xlsx,V109 (8)
"2,050 UK adults",7th - 10th July 2026,,,,2002,,region,Northern Ireland,"Q:V109. To what extent do you agree or disagree that Nigel Farage...
 …is able to stand up for Britain’s interests abroad",Leader favourability (Farage),farage,Neither agree nor disagree,,,,,,,,,,,,,,,,,,,,VI-2026-07-07-Opinium-Observer.xlsx,V109 (8)
"2,050 UK adults",7th - 10th July 2026,,,,2002,,total,Total,"Q:V109. To what extent do you agree or disagree that Nigel Farage...
 …sticks to his principles rather than just saying what people want to hear",Leader favourability (Farage),farage,Agree,Neither agree nor disagree,Disagree,,,,,,,,36.8,18.0,38.6,,,,,,,,VI-2026-07-07-Opinium-Observer.xlsx,V109 (9)
"2,050 UK adults",7th - 10th July 2026,,,,2002,,current_vote,Con,"Q:V109. To what extent do you agree or disagree that Nigel Farage...
 …sticks to his principles rather than just saying what people want to hear",Leader favourability (Farage),farage,Agree,Neither agree nor disagree,Disagree,,,,,,,,41.9,18.9,33.0,,,,,,,,VI-2026-07-07-Opinium-Observer.xlsx,V109 (9)
"2,050 UK adults",7th - 10th July 2026,,,,2002,,current_vote,Lab,"Q:V109. To what extent do you agree or disagree that Nigel Farage...
 …sticks to his principles rather than just saying what people want to hear",Leader favourability (Farage),farage,Agree,Neither agree nor disagree,Disagree,,,,,,,,31.3,20.4,47.1,,,,,,,,VI-2026-07-07-Opinium-Observer.xlsx,V109 (9)
"2,050 UK adults",7th - 10th July 2026,,,,2002,,current_vote,Lib Dem,"Q:V109. To what extent do you agree or disagree that Nigel Farage...
 …sticks to his principles rather than just saying what people want to hear",Leader favourability (Farage),farage,Agree,Neither agree nor disagree,Disagree,,,,,,,,24.3,10.8,57.1,,,,,,,,VI-2026-07-07-Opinium-Observer.xlsx,V109 (9)
"2,050 UK adults",7th - 10th July 2026,,,,2002,,current_vote,Reform,"Q:V109. To what extent do you agree or disagree that Nigel Farage...
 …sticks to his principles rather than just saying what people want to hear",Leader favourability (Farage),farage,Agree,Neither agree nor disagree,Disagree,,,,,,,,78.9,12.2,6.1,,,,,,,,VI-2026-07-07-Opinium-Observer.xlsx,V109 (9)
"2,050 UK adults",7th - 10th July 2026,,,,2002,,current_vote,Green,"Q:V109. To what extent do you agree or disagree that Nigel Farage...
 …sticks to his principles rather than just saying what people want to hear",Leader favourability (Farage),farage,Agree,Neither agree nor disagree,Disagree,,,,,,,,20.9,12.8,63.9,,,,,,,,VI-2026-07-07-Opinium-Observer.xlsx,V109 (9)
"2,050 UK adults",7th - 10th July 2026,,,,2002,,historic_vote,Conservative,"Q:V109. To what extent do you agree or disagree that Nigel Farage...
 …sticks to his principles rather than just saying what people want to hear",Leader favourability (Farage),farage,Agree,Neither agree nor disagree,Disagree,,,,,,,,53.0,16.2,24.9,,,,,,,,VI-2026-07-07-Opinium-Observer.xlsx,V109 (9)
"2,050 UK adults",7th - 10th July 2026,,,,2002,,historic_vote,Labour,"Q:V109. To what extent do you agree or disagree that Nigel Farage...
 …sticks to his principles rather than just saying what people want to hear",Leader favourability (Farage),farage,Agree,Neither agree nor disagree,Disagree,,,,,,,,32.0,14.4,50.1,,,,,,,,VI-2026-07-07-Opinium-Observer.xlsx,V109 (9)
"2,050 UK adults",7th - 10th July 2026,,,,2002,,historic_vote,Lib Dems,"Q:V109. To what extent do you agree or disagree that Nigel Farage...
 …sticks to his principles rather than just saying what people want to hear",Leader favourability (Farage),farage,Agree,Neither agree nor disagree,Disagree,,,,,,,,23.6,13.2,56.3,,,,,,,,VI-2026-07-07-Opinium-Observer.xlsx,V109 (9)
"2,050 UK adults",7th - 10th July 2026,,,,2002,,historic_vote,Green,"Q:V109. To what extent do you agree or disagree that Nigel Farage...
 …sticks to his principles rather than just saying what people want to hear",Leader favourability (Farage),farage,Agree,Neither agree nor disagree,Disagree,,,,,,,,24.0,17.2,55.2,,,,,,,,VI-2026-07-07-Opinium-Observer.xlsx,V109 (9)
"2,050 UK adults",7th - 10th July 2026,,,,2002,,historic_vote,Reform UK,"Q:V109. To what extent do you agree or disagree that Nigel Farage...
 …sticks to his principles rather than just saying what people want to hear",Leader favourability (Farage),farage,Agree,Neither agree nor disagree,Disagree,,,,,,,,73.0,13.5,10.3,,,,,,,,VI-2026-07-07-Opinium-Observer.xlsx,V109 (9)
"2,050 UK adults",7th - 10th July 2026,,,,2002,,historic_vote,Con,"Q:V109. To what extent do you agree or disagree that Nigel Farage...
 …sticks to his principles rather than just saying what people want to hear",Leader favourability (Farage),farage,Agree,Neither agree nor disagree,Disagree,,,,,,,,56.4,14.8,23.9,,,,,,,,VI-2026-07-07-Opinium-Observer.xlsx,V109 (9)
"2,050 UK adults",7th - 10th July 2026,,,,2002,,historic_vote,Lab,"Q:V109. To what extent do you agree or disagree that Nigel Farage...
 …sticks to his principles rather than just saying what people want to hear",Leader favourability (Farage),farage,Agree,Neither agree nor disagree,Disagree,,,,,,,,29.3,15.3,52.8,,,,,,,,VI-2026-07-07-Opinium-Observer.xlsx,V109 (9)
"2,050 UK adults",7th - 10th July 2026,,,,2002,,historic_vote,Lib Dem,"Q:V109. To what extent do you agree or disagree that Nigel Farage...
 …sticks to his principles rather than just saying what people want to hear",Leader favourability (Farage),farage,Agree,Neither agree nor disagree,Disagree,,,,,,,,24.3,11.9,57.1,,,,,,,,VI-2026-07-07-Opinium-Observer.xlsx,V109 (9)
"2,050 UK adults",7th - 10th July 2026,,,,2002,,historic_vote,Remain,"Q:V109. To what extent do you agree or disagree that Nigel Farage...
 …sticks to his principles rather than just saying what people want to hear",Leader favourability (Farage),farage,Agree,Neither agree nor disagree,Disagree,,,,,,,,26.6,12.6,55.3,,,,,,,,VI-2026-07-07-Opinium-Observer.xlsx,V109 (9)
"2,050 UK adults",7th - 10th July 2026,,,,2002,,historic_vote,Leave,"Q:V109. To what extent do you agree or disagree that Nigel Farage...
 …sticks to his principles rather than just saying what people want to hear",Leader favourability (Farage),farage,Agree,Neither agree nor disagree,Disagree,,,,,,,,52.6,18.7,23.7,,,,,,,,VI-2026-07-07-Opinium-Observer.xlsx,V109 (9)
"2,050 UK adults",7th - 10th July 2026,,,,2002,,gender,Male,"Q:V109. To what extent do you agree or disagree that Nigel Farage...
 …sticks to his principles rather than just saying what people want to hear",Leader favourability (Farage),farage,Agree,Neither agree nor disagree,Disagree,,,,,,,,43.1,16.5,34.7,,,,,,,,VI-2026-07-07-Opinium-Observer.xlsx,V109 (9)
"2,050 UK adults",7th - 10th July 2026,,,,2002,,gender,Female,"Q:V109. To what extent do you agree or disagree that Nigel Farage...
 …sticks to his principles rather than just saying what people want to hear",Leader favourability (Farage),farage,Agree,Neither agree nor disagree,Disagree,,,,,,,,31.0,19.1,42.1,,,,,,,,VI-2026-07-07-Opinium-Observer.xlsx,V109 (9)
"2,050 UK adults",7th - 10th July 2026,,,,2002,,age,18-34,"Q:V109. To what extent do you agree or disagree that Nigel Farage...
 …sticks to his principles rather than just saying what people want to hear",Leader favourability (Farage),farage,Agree,Neither agree nor disagree,Disagree,,,,,,,,36.1,24.2,35.8,,,,,,,,VI-2026-07-07-Opinium-Observer.xlsx,V109 (9)
"2,050 UK adults",7th - 10th July 2026,,,,2002,,age,35-49,"Q:V109. To what extent do you agree or disagree that Nigel Farage...
 …sticks to his principles rather than just saying what people want to hear",Leader favourability (Farage),farage,Agree,Neither agree nor disagree,Disagree,,,,,,,,37.4,16.5,38.8,,,,,,,,VI-2026-07-07-Opinium-Observer.xlsx,V109 (9)
"2,050 UK adults",7th - 10th July 2026,,,,2002,,age,50-64,"Q:V109. To what extent do you agree or disagree that Nigel Farage...
 …sticks to his principles rather than just saying what people want to hear",Leader favourability (Farage),farage,Agree,Neither agree nor disagree,Disagree,,,,,,,,35.5,16.3,41.3,,,,,,,,VI-2026-07-07-Opinium-Observer.xlsx,V109 (9)
"2,050 UK adults",7th - 10th July 2026,,,,2002,,age,65+,"Q:V109. To what extent do you agree or disagree that Nigel Farage...
 …sticks to his principles rather than just saying what people want to hear",Leader favourability (Farage),farage,Agree,Neither agree nor disagree,Disagree,,,,,,,,38.4,13.9,38.6,,,,,,,,VI-2026-07-07-Opinium-Observer.xlsx,V109 (9)
"2,050 UK adults",7th - 10th July 2026,,,,2002,,region,North,"Q:V109. To what extent do you agree or disagree that Nigel Farage...
 …sticks to his principles rather than just saying what people want to hear",Leader favourability (Farage),farage,Agree,Neither agree nor disagree,Disagree,,,,,,,,38.0,16.5,39.0,,,,,,,,VI-2026-07-07-Opinium-Observer.xlsx,V109 (9)
"2,050 UK adults",7th - 10th July 2026,,,,2002,,region,Mids,"Q:V109. To what extent do you agree or disagree that Nigel Farage...
 …sticks to his principles rather than just saying what people want to hear",Leader favourability (Farage),farage,Agree,Neither agree nor disagree,Disagree,,,,,,,,39.6,18.9,34.7,,,,,,,,VI-2026-07-07-Opinium-Observer.xlsx,V109 (9)
"2,050 UK adults",7th - 10th July 2026,,,,2002,,region,London,"Q:V109. To what extent do you agree or disagree that Nigel Farage...
 …sticks to his principles rather than just saying what people want to hear",Leader favourability (Farage),farage,Agree,Neither agree nor disagree,Disagree,,,,,,,,37.1,18.6,38.6,,,,,,,,VI-2026-07-07-Opinium-Observer.xlsx,V109 (9)
"2,050 UK adults",7th - 10th July 2026,,,,2002,,region,South,"Q:V109. To what extent do you agree or disagree that Nigel Farage...
 …sticks to his principles rather than just saying what people want to hear",Leader favourability (Farage),farage,Agree,Neither agree nor disagree,Disagree,,,,,,,,37.6,17.4,37.0,,,,,,,,VI-2026-07-07-Opinium-Observer.xlsx,V109 (9)
"2,050 UK adults",7th - 10th July 2026,,,,2002,,region,Wales,"Q:V109. To what extent do you agree or disagree that Nigel Farage...
 …sticks to his principles rather than just saying what people want to hear",Leader favourability (Farage),farage,Agree,Neither agree nor disagree,Disagree,,,,,,,,33.0,25.3,41.2,,,,,,,,VI-2026-07-07-Opinium-Observer.xlsx,V109 (9)
"2,050 UK adults",7th - 10th July 2026,,,,2002,,region,Scotland,"Q:V109. To what extent do you agree or disagree that Nigel Farage...
 …sticks to his principles rather than just saying what people want to hear",Leader favourability (Farage),farage,Agree,Neither agree nor disagree,Disagree,,,,,,,,26.9,17.2,49.7,,,,,,,,VI-2026-07-07-Opinium-Observer.xlsx,V109 (9)
"2,050 UK adults",7th - 10th July 2026,,,,2002,,region,Northern Ireland,"Q:V109. To what extent do you agree or disagree that Nigel Farage...
 …sticks to his principles rather than just saying what people want to hear",Leader favourability (Farage),farage,Neither agree nor disagree,,,,,,,,,,,,,,,,,,,,VI-2026-07-07-Opinium-Observer.xlsx,V109 (9)
"2,050 UK adults",7th - 10th July 2026,,,,2002,,total,Total,"Q:V109. To what extent do you agree or disagree that Nigel Farage...
 …is trustworthy",Leader favourability (Farage),farage,Agree,Neither agree nor disagree,Disagree,,,,,,,,22.1,18.4,53.6,,,,,,,,VI-2026-07-07-Opinium-Observer.xlsx,V109 (10)
"2,050 UK adults",7th - 10th July 2026,,,,2002,,current_vote,Con,"Q:V109. To what extent do you agree or disagree that Nigel Farage...
 …is trustworthy",Leader favourability (Farage),farage,Agree,Neither agree nor disagree,Disagree,,,,,,,,18.3,22.1,54.1,,,,,,,,VI-2026-07-07-Opinium-Observer.xlsx,V109 (10)
"2,050 UK adults",7th - 10th July 2026,,,,2002,,current_vote,Lab,"Q:V109. To what extent do you agree or disagree that Nigel Farage...
 …is trustworthy",Leader favourability (Farage),farage,Agree,Neither agree nor disagree,Disagree,,,,,,,,22.2,14.9,61.3,,,,,,,,VI-2026-07-07-Opinium-Observer.xlsx,V109 (10)
"2,050 UK adults",7th - 10th July 2026,,,,2002,,current_vote,Lib Dem,"Q:V109. To what extent do you agree or disagree that Nigel Farage...
 …is trustworthy",Leader favourability (Farage),farage,Agree,Neither agree nor disagree,Disagree,,,,,,,,7.4,6.6,82.5,,,,,,,,VI-2026-07-07-Opinium-Observer.xlsx,V109 (10)
"2,050 UK adults",7th - 10th July 2026,,,,2002,,current_vote,Reform,"Q:V109. To what extent do you agree or disagree that Nigel Farage...
 …is trustworthy",Leader favourability (Farage),farage,Agree,Neither agree nor disagree,Disagree,,,,,,,,64.0,24.9,6.4,,,,,,,,VI-2026-07-07-Opinium-Observer.xlsx,V109 (10)
"2,050 UK adults",7th - 10th July 2026,,,,2002,,current_vote,Green,"Q:V109. To what extent do you agree or disagree that Nigel Farage...
 …is trustworthy",Leader favourability (Farage),farage,Agree,Neither agree nor disagree,Disagree,,,,,,,,7.4,8.4,82.4,,,,,,,,VI-2026-07-07-Opinium-Observer.xlsx,V109 (10)
"2,050 UK adults",7th - 10th July 2026,,,,2002,,historic_vote,Conservative,"Q:V109. To what extent do you agree or disagree that Nigel Farage...
 …is trustworthy",Leader favourability (Farage),farage,Agree,Neither agree nor disagree,Disagree,,,,,,,,31.9,22.8,40.2,,,,,,,,VI-2026-07-07-Opinium-Observer.xlsx,V109 (10)
"2,050 UK adults",7th - 10th July 2026,,,,2002,,historic_vote,Labour,"Q:V109. To what extent do you agree or disagree that Nigel Farage...
 …is trustworthy",Leader favourability (Farage),farage,Agree,Neither agree nor disagree,Disagree,,,,,,,,15.6,12.2,70.1,,,,,,,,VI-2026-07-07-Opinium-Observer.xlsx,V109 (10)
"2,050 UK adults",7th - 10th July 2026,,,,2002,,historic_vote,Lib Dems,"Q:V109. To what extent do you agree or disagree that Nigel Farage...
 …is trustworthy",Leader favourability (Farage),farage,Agree,Neither agree nor disagree,Disagree,,,,,,,,7.5,9.3,77.6,,,,,,,,VI-2026-07-07-Opinium-Observer.xlsx,V109 (10)
"2,050 UK adults",7th - 10th July 2026,,,,2002,,historic_vote,Green,"Q:V109. To what extent do you agree or disagree that Nigel Farage...
 …is trustworthy",Leader favourability (Farage),farage,Agree,Neither agree nor disagree,Disagree,,,,,,,,10.4,7.9,79.2,,,,,,,,VI-2026-07-07-Opinium-Observer.xlsx,V109 (10)
"2,050 UK adults",7th - 10th July 2026,,,,2002,,historic_vote,Reform UK,"Q:V109. To what extent do you agree or disagree that Nigel Farage...
 …is trustworthy",Leader favourability (Farage),farage,Agree,Neither agree nor disagree,Disagree,,,,,,,,60.3,21.4,14.2,,,,,,,,VI-2026-07-07-Opinium-Observer.xlsx,V109 (10)
"2,050 UK adults",7th - 10th July 2026,,,,2002,,historic_vote,Con,"Q:V109. To what extent do you agree or disagree that Nigel Farage...
 …is trustworthy",Leader favourability (Farage),farage,Agree,Neither agree nor disagree,Disagree,,,,,,,,35.8,20.8,37.8,,,,,,,,VI-2026-07-07-Opinium-Observer.xlsx,V109 (10)
"2,050 UK adults",7th - 10th July 2026,,,,2002,,historic_vote,Lab,"Q:V109. To what extent do you agree or disagree that Nigel Farage...
 …is trustworthy",Leader favourability (Farage),farage,Agree,Neither agree nor disagree,Disagree,,,,,,,,16.1,11.8,70.7,,,,,,,,VI-2026-07-07-Opinium-Observer.xlsx,V109 (10)
"2,050 UK adults",7th - 10th July 2026,,,,2002,,historic_vote,Lib Dem,"Q:V109. To what extent do you agree or disagree that Nigel Farage...
 …is trustworthy",Leader favourability (Farage),farage,Agree,Neither agree nor disagree,Disagree,,,,,,,,10.7,7.7,77.9,,,,,,,,VI-2026-07-07-Opinium-Observer.xlsx,V109 (10)
"2,050 UK adults",7th - 10th July 2026,,,,2002,,historic_vote,Remain,"Q:V109. To what extent do you agree or disagree that Nigel Farage...
 …is trustworthy",Leader favourability (Farage),farage,Agree,Neither agree nor disagree,Disagree,,,,,,,,13.5,9.5,73.8,,,,,,,,VI-2026-07-07-Opinium-Observer.xlsx,V109 (10)
"2,050 UK adults",7th - 10th July 2026,,,,2002,,historic_vote,Leave,"Q:V109. To what extent do you agree or disagree that Nigel Farage...
 …is trustworthy",Leader favourability (Farage),farage,Agree,Neither agree nor disagree,Disagree,,,,,,,,34.1,24.2,35.8,,,,,,,,VI-2026-07-07-Opinium-Observer.xlsx,V109 (10)
"2,050 UK adults",7th - 10th July 2026,,,,2002,,gender,Male,"Q:V109. To what extent do you agree or disagree that Nigel Farage...
 …is trustworthy",Leader favourability (Farage),farage,Agree,Neither agree nor disagree,Disagree,,,,,,,,27.7,18.3,49.0,,,,,,,,VI-2026-07-07-Opinium-Observer.xlsx,V109 (10)
"2,050 UK adults",7th - 10th July 2026,,,,2002,,gender,Female,"Q:V109. To what extent do you agree or disagree that Nigel Farage...
 …is trustworthy",Leader favourability (Farage),farage,Agree,Neither agree nor disagree,Disagree,,,,,,,,16.9,18.4,57.9,,,,,,,,VI-2026-07-07-Opinium-Observer.xlsx,V109 (10)
"2,050 UK adults",7th - 10th July 2026,,,,2002,,age,18-34,"Q:V109. To what extent do you agree or disagree that Nigel Farage...
 …is trustworthy",Leader favourability (Farage),farage,Agree,Neither agree nor disagree,Disagree,,,,,,,,24.6,22.9,50.0,,,,,,,,VI-2026-07-07-Opinium-Observer.xlsx,V109 (10)
"2,050 UK adults",7th - 10th July 2026,,,,2002,,age,35-49,"Q:V109. To what extent do you agree or disagree that Nigel Farage...
 …is trustworthy",Leader favourability (Farage),farage,Agree,Neither agree nor disagree,Disagree,,,,,,,,21.7,15.8,54.1,,,,,,,,VI-2026-07-07-Opinium-Observer.xlsx,V109 (10)
"2,050 UK adults",7th - 10th July 2026,,,,2002,,age,50-64,"Q:V109. To what extent do you agree or disagree that Nigel Farage...
 …is trustworthy",Leader favourability (Farage),farage,Agree,Neither agree nor disagree,Disagree,,,,,,,,19.1,17.9,56.6,,,,,,,,VI-2026-07-07-Opinium-Observer.xlsx,V109 (10)
"2,050 UK adults",7th - 10th July 2026,,,,2002,,age,65+,"Q:V109. To what extent do you agree or disagree that Nigel Farage...
 …is trustworthy",Leader favourability (Farage),farage,Agree,Neither agree nor disagree,Disagree,,,,,,,,22.6,16.4,54.2,,,,,,,,VI-2026-07-07-Opinium-Observer.xlsx,V109 (10)
"2,050 UK adults",7th - 10th July 2026,,,,2002,,region,North,"Q:V109. To what extent do you agree or disagree that Nigel Farage...
 …is trustworthy",Leader favourability (Farage),farage,Agree,Neither agree nor disagree,Disagree,,,,,,,,20.9,18.2,55.3,,,,,,,,VI-2026-07-07-Opinium-Observer.xlsx,V109 (10)
"2,050 UK adults",7th - 10th July 2026,,,,2002,,region,Mids,"Q:V109. To what extent do you agree or disagree that Nigel Farage...
 …is trustworthy",Leader favourability (Farage),farage,Agree,Neither agree nor disagree,Disagree,,,,,,,,24.5,21.4,46.8,,,,,,,,VI-2026-07-07-Opinium-Observer.xlsx,V109 (10)
"2,050 UK adults",7th - 10th July 2026,,,,2002,,region,London,"Q:V109. To what extent do you agree or disagree that Nigel Farage...
 …is trustworthy",Leader favourability (Farage),farage,Agree,Neither agree nor disagree,Disagree,,,,,,,,21.7,21.0,50.2,,,,,,,,VI-2026-07-07-Opinium-Observer.xlsx,V109 (10)
"2,050 UK adults",7th - 10th July 2026,,,,2002,,region,South,"Q:V109. To what extent do you agree or disagree that Nigel Farage...
 …is trustworthy",Leader favourability (Farage),farage,Agree,Neither agree nor disagree,Disagree,,,,,,,,23.3,17.0,54.3,,,,,,,,VI-2026-07-07-Opinium-Observer.xlsx,V109 (10)
"2,050 UK adults",7th - 10th July 2026,,,,2002,,region,Wales,"Q:V109. To what extent do you agree or disagree that Nigel Farage...
 …is trustworthy",Leader favourability (Farage),farage,Agree,Neither agree nor disagree,Disagree,,,,,,,,22.7,13.9,62.9,,,,,,,,VI-2026-07-07-Opinium-Observer.xlsx,V109 (10)
"2,050 UK adults",7th - 10th July 2026,,,,2002,,region,Scotland,"Q:V109. To what extent do you agree or disagree that Nigel Farage...
 …is trustworthy",Leader favourability (Farage),farage,Agree,Neither agree nor disagree,Disagree,,,,,,,,17.0,16.9,59.7,,,,,,,,VI-2026-07-07-Opinium-Observer.xlsx,V109 (10)
"2,050 UK adults",7th - 10th July 2026,,,,2002,,region,Northern Ireland,"Q:V109. To what extent do you agree or disagree that Nigel Farage...
 …is trustworthy",Leader favourability (Farage),farage,Neither agree nor disagree,,,,,,,,,,,,,,,,,,,,VI-2026-07-07-Opinium-Observer.xlsx,V109 (10)
"2,050 UK adults",7th - 10th July 2026,,,,2002,,total,Total,"Q:V109. To what extent do you agree or disagree that Nigel Farage...
 …is brave",Leader favourability (Farage),farage,Agree,Neither agree nor disagree,Disagree,,,,,,,,34.3,18.3,40.8,,,,,,,,VI-2026-07-07-Opinium-Observer.xlsx,V109 (11)
"2,050 UK adults",7th - 10th July 2026,,,,2002,,current_vote,Con,"Q:V109. To what extent do you agree or disagree that Nigel Farage...
 …is brave",Leader favourability (Farage),farage,Agree,Neither agree nor disagree,Disagree,,,,,,,,35.5,22.4,36.9,,,,,,,,VI-2026-07-07-Opinium-Observer.xlsx,V109 (11)
"2,050 UK adults",7th - 10th July 2026,,,,2002,,current_vote,Lab,"Q:V109. To what extent do you agree or disagree that Nigel Farage...
 …is brave",Leader favourability (Farage),farage,Agree,Neither agree nor disagree,Disagree,,,,,,,,28.6,14.4,53.5,,,,,,,,VI-2026-07-07-Opinium-Observer.xlsx,V109 (11)
"2,050 UK adults",7th - 10th July 2026,,,,2002,,current_vote,Lib Dem,"Q:V109. To what extent do you agree or disagree that Nigel Farage...
 …is brave",Leader favourability (Farage),farage,Agree,Neither agree nor disagree,Disagree,,,,,,,,17.5,17.8,59.3,,,,,,,,VI-2026-07-07-Opinium-Observer.xlsx,V109 (11)
"2,050 UK adults",7th - 10th July 2026,,,,2002,,current_vote,Reform,"Q:V109. To what extent do you agree or disagree that Nigel Farage...
 …is brave",Leader favourability (Farage),farage,Agree,Neither agree nor disagree,Disagree,,,,,,,,77.1,17.1,2.4,,,,,,,,VI-2026-07-07-Opinium-Observer.xlsx,V109 (11)
"2,050 UK adults",7th - 10th July 2026,,,,2002,,current_vote,Green,"Q:V109. To what extent do you agree or disagree that Nigel Farage...
 …is brave",Leader favourability (Farage),farage,Agree,Neither agree nor disagree,Disagree,,,,,,,,20.9,8.7,68.0,,,,,,,,VI-2026-07-07-Opinium-Observer.xlsx,V109 (11)
"2,050 UK adults",7th - 10th July 2026,,,,2002,,historic_vote,Conservative,"Q:V109. To what extent do you agree or disagree that Nigel Farage...
 …is brave",Leader favourability (Farage),farage,Agree,Neither agree nor disagree,Disagree,,,,,,,,46.5,19.7,28.7,,,,,,,,VI-2026-07-07-Opinium-Observer.xlsx,V109 (11)
"2,050 UK adults",7th - 10th July 2026,,,,2002,,historic_vote,Labour,"Q:V109. To what extent do you agree or disagree that Nigel Farage...
 …is brave",Leader favourability (Farage),farage,Agree,Neither agree nor disagree,Disagree,,,,,,,,26.0,14.8,57.0,,,,,,,,VI-2026-07-07-Opinium-Observer.xlsx,V109 (11)
"2,050 UK adults",7th - 10th July 2026,,,,2002,,historic_vote,Lib Dems,"Q:V109. To what extent do you agree or disagree that Nigel Farage...
 …is brave",Leader favourability (Farage),farage,Agree,Neither agree nor disagree,Disagree,,,,,,,,14.4,12.4,65.5,,,,,,,,VI-2026-07-07-Opinium-Observer.xlsx,V109 (11)
"2,050 UK adults",7th - 10th July 2026,,,,2002,,historic_vote,Green,"Q:V109. To what extent do you agree or disagree that Nigel Farage...
 …is brave",Leader favourability (Farage),farage,Agree,Neither agree nor disagree,Disagree,,,,,,,,25.0,9.9,62.5,,,,,,,,VI-2026-07-07-Opinium-Observer.xlsx,V109 (11)
"2,050 UK adults",7th - 10th July 2026,,,,2002,,historic_vote,Reform UK,"Q:V109. To what extent do you agree or disagree that Nigel Farage...
 …is brave",Leader favourability (Farage),farage,Agree,Neither agree nor disagree,Disagree,,,,,,,,70.6,19.4,4.9,,,,,,,,VI-2026-07-07-Opinium-Observer.xlsx,V109 (11)
"2,050 UK adults",7th - 10th July 2026,,,,2002,,historic_vote,Con,"Q:V109. To what extent do you agree or disagree that Nigel Farage...
 …is brave",Leader favourability (Farage),farage,Agree,Neither agree nor disagree,Disagree,,,,,,,,50.4,18.9,25.3,,,,,,,,VI-2026-07-07-Opinium-Observer.xlsx,V109 (11)
"2,050 UK adults",7th - 10th July 2026,,,,2002,,historic_vote,Lab,"Q:V109. To what extent do you agree or disagree that Nigel Farage...
 …is brave",Leader favourability (Farage),farage,Agree,Neither agree nor disagree,Disagree,,,,,,,,26.1,13.3,58.3,,,,,,,,VI-2026-07-07-Opinium-Observer.xlsx,V109 (11)
"2,050 UK adults",7th - 10th July 2026,,,,2002,,historic_vote,Lib Dem,"Q:V109. To what extent do you agree or disagree that Nigel Farage...
 …is brave",Leader favourability (Farage),farage,Agree,Neither agree nor disagree,Disagree,,,,,,,,15.7,14.3,63.6,,,,,,,,VI-2026-07-07-Opinium-Observer.xlsx,V109 (11)
"2,050 UK adults",7th - 10th July 2026,,,,2002,,historic_vote,Remain,"Q:V109. To what extent do you agree or disagree that Nigel Farage...
 …is brave",Leader favourability (Farage),farage,Agree,Neither agree nor disagree,Disagree,,,,,,,,21.8,12.1,60.0,,,,,,,,VI-2026-07-07-Opinium-Observer.xlsx,V109 (11)
"2,050 UK adults",7th - 10th July 2026,,,,2002,,historic_vote,Leave,"Q:V109. To what extent do you agree or disagree that Nigel Farage...
 …is brave",Leader favourability (Farage),farage,Agree,Neither agree nor disagree,Disagree,,,,,,,,48.9,21.9,24.4,,,,,,,,VI-2026-07-07-Opinium-Observer.xlsx,V109 (11)
"2,050 UK adults",7th - 10th July 2026,,,,2002,,gender,Male,"Q:V109. To what extent do you agree or disagree that Nigel Farage...
 …is brave",Leader favourability (Farage),farage,Agree,Neither agree nor disagree,Disagree,,,,,,,,41.7,16.6,36.2,,,,,,,,VI-2026-07-07-Opinium-Observer.xlsx,V109 (11)
"2,050 UK adults",7th - 10th July 2026,,,,2002,,gender,Female,"Q:V109. To what extent do you agree or disagree that Nigel Farage...
 …is brave",Leader favourability (Farage),farage,Agree,Neither agree nor disagree,Disagree,,,,,,,,27.2,19.8,45.0,,,,,,,,VI-2026-07-07-Opinium-Observer.xlsx,V109 (11)
"2,050 UK adults",7th - 10th July 2026,,,,2002,,age,18-34,"Q:V109. To what extent do you agree or disagree that Nigel Farage...
 …is brave",Leader favourability (Farage),farage,Agree,Neither agree nor disagree,Disagree,,,,,,,,39.2,20.4,37.0,,,,,,,,VI-2026-07-07-Opinium-Observer.xlsx,V109 (11)
"2,050 UK adults",7th - 10th July 2026,,,,2002,,age,35-49,"Q:V109. To what extent do you agree or disagree that Nigel Farage...
 …is brave",Leader favourability (Farage),farage,Agree,Neither agree nor disagree,Disagree,,,,,,,,34.1,16.0,42.6,,,,,,,,VI-2026-07-07-Opinium-Observer.xlsx,V109 (11)
"2,050 UK adults",7th - 10th July 2026,,,,2002,,age,50-64,"Q:V109. To what extent do you agree or disagree that Nigel Farage...
 …is brave",Leader favourability (Farage),farage,Agree,Neither agree nor disagree,Disagree,,,,,,,,30.6,16.2,45.8,,,,,,,,VI-2026-07-07-Opinium-Observer.xlsx,V109 (11)
"2,050 UK adults",7th - 10th July 2026,,,,2002,,age,65+,"Q:V109. To what extent do you agree or disagree that Nigel Farage...
 …is brave",Leader favourability (Farage),farage,Agree,Neither agree nor disagree,Disagree,,,,,,,,32.3,20.3,38.4,,,,,,,,VI-2026-07-07-Opinium-Observer.xlsx,V109 (11)
"2,050 UK adults",7th - 10th July 2026,,,,2002,,region,North,"Q:V109. To what extent do you agree or disagree that Nigel Farage...
 …is brave",Leader favourability (Farage),farage,Agree,Neither agree nor disagree,Disagree,,,,,,,,32.8,21.1,39.7,,,,,,,,VI-2026-07-07-Opinium-Observer.xlsx,V109 (11)
"2,050 UK adults",7th - 10th July 2026,,,,2002,,region,Mids,"Q:V109. To what extent do you agree or disagree that Nigel Farage...
 …is brave",Leader favourability (Farage),farage,Agree,Neither agree nor disagree,Disagree,,,,,,,,36.2,18.5,38.1,,,,,,,,VI-2026-07-07-Opinium-Observer.xlsx,V109 (11)
"2,050 UK adults",7th - 10th July 2026,,,,2002,,region,London,"Q:V109. To what extent do you agree or disagree that Nigel Farage...
 …is brave",Leader favourability (Farage),farage,Agree,Neither agree nor disagree,Disagree,,,,,,,,35.6,16.2,39.3,,,,,,,,VI-2026-07-07-Opinium-Observer.xlsx,V109 (11)
"2,050 UK adults",7th - 10th July 2026,,,,2002,,region,South,"Q:V109. To what extent do you agree or disagree that Nigel Farage...
 …is brave",Leader favourability (Farage),farage,Agree,Neither agree nor disagree,Disagree,,,,,,,,35.8,17.0,40.6,,,,,,,,VI-2026-07-07-Opinium-Observer.xlsx,V109 (11)
"2,050 UK adults",7th - 10th July 2026,,,,2002,,region,Wales,"Q:V109. To what extent do you agree or disagree that Nigel Farage...
 …is brave",Leader favourability (Farage),farage,Agree,Neither agree nor disagree,Disagree,,,,,,,,34.0,19.1,44.3,,,,,,,,VI-2026-07-07-Opinium-Observer.xlsx,V109 (11)
"2,050 UK adults",7th - 10th July 2026,,,,2002,,region,Scotland,"Q:V109. To what extent do you agree or disagree that Nigel Farage...
 …is brave",Leader favourability (Farage),farage,Agree,Neither agree nor disagree,Disagree,,,,,,,,26.9,17.9,50.3,,,,,,,,VI-2026-07-07-Opinium-Observer.xlsx,V109 (11)
"2,050 UK adults",7th - 10th July 2026,,,,2002,,region,Northern Ireland,"Q:V109. To what extent do you agree or disagree that Nigel Farage...
 …is brave",Leader favourability (Farage),farage,Neither agree nor disagree,,,,,,,,,,,,,,,,,,,,VI-2026-07-07-Opinium-Observer.xlsx,V109 (11)
"2,050 UK adults",7th - 10th July 2026,,,,2002,,total,Total,"Q:V109. To what extent do you agree or disagree that Nigel Farage...
 …can be trusted to take big decisions",Leader favourability (Farage),farage,Agree,Neither agree nor disagree,Disagree,,,,,,,,26.9,16.1,50.4,,,,,,,,VI-2026-07-07-Opinium-Observer.xlsx,V109 (12)
"2,050 UK adults",7th - 10th July 2026,,,,2002,,current_vote,Con,"Q:V109. To what extent do you agree or disagree that Nigel Farage...
 …can be trusted to take big decisions",Leader favourability (Farage),farage,Agree,Neither agree nor disagree,Disagree,,,,,,,,25.1,17.8,50.9,,,,,,,,VI-2026-07-07-Opinium-Observer.xlsx,V109 (12)
"2,050 UK adults",7th - 10th July 2026,,,,2002,,current_vote,Lab,"Q:V109. To what extent do you agree or disagree that Nigel Farage...
 …can be trusted to take big decisions",Leader favourability (Farage),farage,Agree,Neither agree nor disagree,Disagree,,,,,,,,20.5,14.8,63.0,,,,,,,,VI-2026-07-07-Opinium-Observer.xlsx,V109 (12)
"2,050 UK adults",7th - 10th July 2026,,,,2002,,current_vote,Lib Dem,"Q:V109. To what extent do you agree or disagree that Nigel Farage...
 …can be trusted to take big decisions",Leader favourability (Farage),farage,Agree,Neither agree nor disagree,Disagree,,,,,,,,7.9,11.0,76.7,,,,,,,,VI-2026-07-07-Opinium-Observer.xlsx,V109 (12)
"2,050 UK adults",7th - 10th July 2026,,,,2002,,current_vote,Reform,"Q:V109. To what extent do you agree or disagree that Nigel Farage...
 …can be trusted to take big decisions",Leader favourability (Farage),farage,Agree,Neither agree nor disagree,Disagree,,,,,,,,76.3,14.7,4.3,,,,,,,,VI-2026-07-07-Opinium-Observer.xlsx,V109 (12)
"2,050 UK adults",7th - 10th July 2026,,,,2002,,current_vote,Green,"Q:V109. To what extent do you agree or disagree that Nigel Farage...
 …can be trusted to take big decisions",Leader favourability (Farage),farage,Agree,Neither agree nor disagree,Disagree,,,,,,,,10.2,7.2,79.1,,,,,,,,VI-2026-07-07-Opinium-Observer.xlsx,V109 (12)
"2,050 UK adults",7th - 10th July 2026,,,,2002,,historic_vote,Conservative,"Q:V109. To what extent do you agree or disagree that Nigel Farage...
 …can be trusted to take big decisions",Leader favourability (Farage),farage,Agree,Neither agree nor disagree,Disagree,,,,,,,,37.6,17.1,38.5,,,,,,,,VI-2026-07-07-Opinium-Observer.xlsx,V109 (12)
"2,050 UK adults",7th - 10th July 2026,,,,2002,,historic_vote,Labour,"Q:V109. To what extent do you agree or disagree that Nigel Farage...
 …can be trusted to take big decisions",Leader favourability (Farage),farage,Agree,Neither agree nor disagree,Disagree,,,,,,,,19.1,12.3,65.7,,,,,,,,VI-2026-07-07-Opinium-Observer.xlsx,V109 (12)
"2,050 UK adults",7th - 10th July 2026,,,,2002,,historic_vote,Lib Dems,"Q:V109. To what extent do you agree or disagree that Nigel Farage...
 …can be trusted to take big decisions",Leader favourability (Farage),farage,Agree,Neither agree nor disagree,Disagree,,,,,,,,9.2,9.2,76.4,,,,,,,,VI-2026-07-07-Opinium-Observer.xlsx,V109 (12)
"2,050 UK adults",7th - 10th July 2026,,,,2002,,historic_vote,Green,"Q:V109. To what extent do you agree or disagree that Nigel Farage...
 …can be trusted to take big decisions",Leader favourability (Farage),farage,Agree,Neither agree nor disagree,Disagree,,,,,,,,16.7,10.3,68.8,,,,,,,,VI-2026-07-07-Opinium-Observer.xlsx,V109 (12)
"2,050 UK adults",7th - 10th July 2026,,,,2002,,historic_vote,Reform UK,"Q:V109. To what extent do you agree or disagree that Nigel Farage...
 …can be trusted to take big decisions",Leader favourability (Farage),farage,Agree,Neither agree nor disagree,Disagree,,,,,,,,67.2,16.2,11.8,,,,,,,,VI-2026-07-07-Opinium-Observer.xlsx,V109 (12)
"2,050 UK adults",7th - 10th July 2026,,,,2002,,historic_vote,Con,"Q:V109. To what extent do you agree or disagree that Nigel Farage...
 …can be trusted to take big decisions",Leader favourability (Farage),farage,Agree,Neither agree nor disagree,Disagree,,,,,,,,43.8,15.8,34.0,,,,,,,,VI-2026-07-07-Opinium-Observer.xlsx,V109 (12)
"2,050 UK adults",7th - 10th July 2026,,,,2002,,historic_vote,Lab,"Q:V109. To what extent do you agree or disagree that Nigel Farage...
 …can be trusted to take big decisions",Leader favourability (Farage),farage,Agree,Neither agree nor disagree,Disagree,,,,,,,,18.2,14.3,65.7,,,,,,,,VI-2026-07-07-Opinium-Observer.xlsx,V109 (12)
"2,050 UK adults",7th - 10th July 2026,,,,2002,,historic_vote,Lib Dem,"Q:V109. To what extent do you agree or disagree that Nigel Farage...
 …can be trusted to take big decisions",Leader favourability (Farage),farage,Agree,Neither agree nor disagree,Disagree,,,,,,,,10.0,9.0,77.1,,,,,,,,VI-2026-07-07-Opinium-Observer.xlsx,V109 (12)
"2,050 UK adults",7th - 10th July 2026,,,,2002,,historic_vote,Remain,"Q:V109. To what extent do you agree or disagree that Nigel Farage...
 …can be trusted to take big decisions",Leader favourability (Farage),farage,Agree,Neither agree nor disagree,Disagree,,,,,,,,15.1,9.4,70.7,,,,,,,,VI-2026-07-07-Opinium-Observer.xlsx,V109 (12)
"2,050 UK adults",7th - 10th July 2026,,,,2002,,historic_vote,Leave,"Q:V109. To what extent do you agree or disagree that Nigel Farage...
 …can be trusted to take big decisions",Leader favourability (Farage),farage,Agree,Neither agree nor disagree,Disagree,,,,,,,,42.1,20.1,31.9,,,,,,,,VI-2026-07-07-Opinium-Observer.xlsx,V109 (12)
"2,050 UK adults",7th - 10th July 2026,,,,2002,,gender,Male,"Q:V109. To what extent do you agree or disagree that Nigel Farage...
 …can be trusted to take big decisions",Leader favourability (Farage),farage,Agree,Neither agree nor disagree,Disagree,,,,,,,,34.5,16.2,43.9,,,,,,,,VI-2026-07-07-Opinium-Observer.xlsx,V109 (12)
"2,050 UK adults",7th - 10th July 2026,,,,2002,,gender,Female,"Q:V109. To what extent do you agree or disagree that Nigel Farage...
 …can be trusted to take big decisions",Leader favourability (Farage),farage,Agree,Neither agree nor disagree,Disagree,,,,,,,,19.8,16.0,56.4,,,,,,,,VI-2026-07-07-Opinium-Observer.xlsx,V109 (12)
"2,050 UK adults",7th - 10th July 2026,,,,2002,,age,18-34,"Q:V109. To what extent do you agree or disagree that Nigel Farage...
 …can be trusted to take big decisions",Leader favourability (Farage),farage,Agree,Neither agree nor disagree,Disagree,,,,,,,,29.0,18.1,49.5,,,,,,,,VI-2026-07-07-Opinium-Observer.xlsx,V109 (12)
"2,050 UK adults",7th - 10th July 2026,,,,2002,,age,35-49,"Q:V109. To what extent do you agree or disagree that Nigel Farage...
 …can be trusted to take big decisions",Leader favourability (Farage),farage,Agree,Neither agree nor disagree,Disagree,,,,,,,,27.5,13.8,51.4,,,,,,,,VI-2026-07-07-Opinium-Observer.xlsx,V109 (12)
"2,050 UK adults",7th - 10th July 2026,,,,2002,,age,50-64,"Q:V109. To what extent do you agree or disagree that Nigel Farage...
 …can be trusted to take big decisions",Leader favourability (Farage),farage,Agree,Neither agree nor disagree,Disagree,,,,,,,,24.6,16.0,52.8,,,,,,,,VI-2026-07-07-Opinium-Observer.xlsx,V109 (12)
"2,050 UK adults",7th - 10th July 2026,,,,2002,,age,65+,"Q:V109. To what extent do you agree or disagree that Nigel Farage...
 …can be trusted to take big decisions",Leader favourability (Farage),farage,Agree,Neither agree nor disagree,Disagree,,,,,,,,26.4,16.4,48.1,,,,,,,,VI-2026-07-07-Opinium-Observer.xlsx,V109 (12)
"2,050 UK adults",7th - 10th July 2026,,,,2002,,region,North,"Q:V109. To what extent do you agree or disagree that Nigel Farage...
 …can be trusted to take big decisions",Leader favourability (Farage),farage,Agree,Neither agree nor disagree,Disagree,,,,,,,,25.1,16.0,51.8,,,,,,,,VI-2026-07-07-Opinium-Observer.xlsx,V109 (12)
"2,050 UK adults",7th - 10th July 2026,,,,2002,,region,Mids,"Q:V109. To what extent do you agree or disagree that Nigel Farage...
 …can be trusted to take big decisions",Leader favourability (Farage),farage,Agree,Neither agree nor disagree,Disagree,,,,,,,,30.5,15.9,45.3,,,,,,,,VI-2026-07-07-Opinium-Observer.xlsx,V109 (12)
"2,050 UK adults",7th - 10th July 2026,,,,2002,,region,London,"Q:V109. To what extent do you agree or disagree that Nigel Farage...
 …can be trusted to take big decisions",Leader favourability (Farage),farage,Agree,Neither agree nor disagree,Disagree,,,,,,,,27.0,15.5,50.9,,,,,,,,VI-2026-07-07-Opinium-Observer.xlsx,V109 (12)
"2,050 UK adults",7th - 10th July 2026,,,,2002,,region,South,"Q:V109. To what extent do you agree or disagree that Nigel Farage...
 …can be trusted to take big decisions",Leader favourability (Farage),farage,Agree,Neither agree nor disagree,Disagree,,,,,,,,27.3,16.2,51.1,,,,,,,,VI-2026-07-07-Opinium-Observer.xlsx,V109 (12)
"2,050 UK adults",7th - 10th July 2026,,,,2002,,region,Wales,"Q:V109. To what extent do you agree or disagree that Nigel Farage...
 …can be trusted to take big decisions",Leader favourability (Farage),farage,Agree,Neither agree nor disagree,Disagree,,,,,,,,30.9,17.6,50.5,,,,,,,,VI-2026-07-07-Opinium-Observer.xlsx,V109 (12)
"2,050 UK adults",7th - 10th July 2026,,,,2002,,region,Scotland,"Q:V109. To what extent do you agree or disagree that Nigel Farage...
 …can be trusted to take big decisions",Leader favourability (Farage),farage,Agree,Neither agree nor disagree,Disagree,,,,,,,,21.1,17.0,55.0,,,,,,,,VI-2026-07-07-Opinium-Observer.xlsx,V109 (12)
"2,050 UK adults",7th - 10th July 2026,,,,2002,,region,Northern Ireland,"Q:V109. To what extent do you agree or disagree that Nigel Farage...
 …can be trusted to take big decisions",Leader favourability (Farage),farage,Neither agree nor disagree,,,,,,,,,,,,,,,,,,,,VI-2026-07-07-Opinium-Observer.xlsx,V109 (12)
"2,050 UK adults",7th - 10th July 2026,,,,2002,,total,Total,"Q:V109. To what extent do you agree or disagree that Nigel Farage...
 …is competent",Leader favourability (Farage),farage,Agree,Neither agree nor disagree,Disagree,,,,,,,,28.9,19.9,44.9,,,,,,,,VI-2026-07-07-Opinium-Observer.xlsx,V109 (13)
"2,050 UK adults",7th - 10th July 2026,,,,2002,,current_vote,Con,"Q:V109. To what extent do you agree or disagree that Nigel Farage...
 …is competent",Leader favourability (Farage),farage,Agree,Neither agree nor disagree,Disagree,,,,,,,,29.4,27.4,37.3,,,,,,,,VI-2026-07-07-Opinium-Observer.xlsx,V109 (13)
"2,050 UK adults",7th - 10th July 2026,,,,2002,,current_vote,Lab,"Q:V109. To what extent do you agree or disagree that Nigel Farage...
 …is competent",Leader favourability (Farage),farage,Agree,Neither agree nor disagree,Disagree,,,,,,,,26.9,16.3,54.9,,,,,,,,VI-2026-07-07-Opinium-Observer.xlsx,V109 (13)
"2,050 UK adults",7th - 10th July 2026,,,,2002,,current_vote,Lib Dem,"Q:V109. To what extent do you agree or disagree that Nigel Farage...
 …is competent",Leader favourability (Farage),farage,Agree,Neither agree nor disagree,Disagree,,,,,,,,11.1,14.3,71.4,,,,,,,,VI-2026-07-07-Opinium-Observer.xlsx,V109 (13)
"2,050 UK adults",7th - 10th July 2026,,,,2002,,current_vote,Reform,"Q:V109. To what extent do you agree or disagree that Nigel Farage...
 …is competent",Leader favourability (Farage),farage,Agree,Neither agree nor disagree,Disagree,,,,,,,,76.8,15.0,4.5,,,,,,,,VI-2026-07-07-Opinium-Observer.xlsx,V109 (13)
"2,050 UK adults",7th - 10th July 2026,,,,2002,,current_vote,Green,"Q:V109. To what extent do you agree or disagree that Nigel Farage...
 …is competent",Leader favourability (Farage),farage,Agree,Neither agree nor disagree,Disagree,,,,,,,,9.4,14.6,73.0,,,,,,,,VI-2026-07-07-Opinium-Observer.xlsx,V109 (13)
"2,050 UK adults",7th - 10th July 2026,,,,2002,,historic_vote,Conservative,"Q:V109. To what extent do you agree or disagree that Nigel Farage...
 …is competent",Leader favourability (Farage),farage,Agree,Neither agree nor disagree,Disagree,,,,,,,,43.2,20.1,31.9,,,,,,,,VI-2026-07-07-Opinium-Observer.xlsx,V109 (13)
"2,050 UK adults",7th - 10th July 2026,,,,2002,,historic_vote,Labour,"Q:V109. To what extent do you agree or disagree that Nigel Farage...
 …is competent",Leader favourability (Farage),farage,Agree,Neither agree nor disagree,Disagree,,,,,,,,20.0,16.8,60.3,,,,,,,,VI-2026-07-07-Opinium-Observer.xlsx,V109 (13)
"2,050 UK adults",7th - 10th July 2026,,,,2002,,historic_vote,Lib Dems,"Q:V109. To what extent do you agree or disagree that Nigel Farage...
 …is competent",Leader favourability (Farage),farage,Agree,Neither agree nor disagree,Disagree,,,,,,,,12.1,13.0,69.0,,,,,,,,VI-2026-07-07-Opinium-Observer.xlsx,V109 (13)
"2,050 UK adults",7th - 10th July 2026,,,,2002,,historic_vote,Green,"Q:V109. To what extent do you agree or disagree that Nigel Farage...
 …is competent",Leader favourability (Farage),farage,Agree,Neither agree nor disagree,Disagree,,,,,,,,19.8,14.1,62.5,,,,,,,,VI-2026-07-07-Opinium-Observer.xlsx,V109 (13)
"2,050 UK adults",7th - 10th July 2026,,,,2002,,historic_vote,Reform UK,"Q:V109. To what extent do you agree or disagree that Nigel Farage...
 …is competent",Leader favourability (Farage),farage,Agree,Neither agree nor disagree,Disagree,,,,,,,,77.0,11.7,7.3,,,,,,,,VI-2026-07-07-Opinium-Observer.xlsx,V109 (13)
"2,050 UK adults",7th - 10th July 2026,,,,2002,,historic_vote,Con,"Q:V109. To what extent do you agree or disagree that Nigel Farage...
 …is competent",Leader favourability (Farage),farage,Agree,Neither agree nor disagree,Disagree,,,,,,,,46.8,21.0,26.6,,,,,,,,VI-2026-07-07-Opinium-Observer.xlsx,V109 (13)
"2,050 UK adults",7th - 10th July 2026,,,,2002,,historic_vote,Lab,"Q:V109. To what extent do you agree or disagree that Nigel Farage...
 …is competent",Leader favourability (Farage),farage,Agree,Neither agree nor disagree,Disagree,,,,,,,,19.9,17.2,60.4,,,,,,,,VI-2026-07-07-Opinium-Observer.xlsx,V109 (13)
"2,050 UK adults",7th - 10th July 2026,,,,2002,,historic_vote,Lib Dem,"Q:V109. To what extent do you agree or disagree that Nigel Farage...
 …is competent",Leader favourability (Farage),farage,Agree,Neither agree nor disagree,Disagree,,,,,,,,11.4,10.6,71.4,,,,,,,,VI-2026-07-07-Opinium-Observer.xlsx,V109 (13)
"2,050 UK adults",7th - 10th July 2026,,,,2002,,historic_vote,Remain,"Q:V109. To what extent do you agree or disagree that Nigel Farage...
 …is competent",Leader favourability (Farage),farage,Agree,Neither agree nor disagree,Disagree,,,,,,,,16.3,13.9,65.4,,,,,,,,VI-2026-07-07-Opinium-Observer.xlsx,V109 (13)
"2,050 UK adults",7th - 10th July 2026,,,,2002,,historic_vote,Leave,"Q:V109. To what extent do you agree or disagree that Nigel Farage...
 …is competent",Leader favourability (Farage),farage,Agree,Neither agree nor disagree,Disagree,,,,,,,,46.1,23.3,25.0,,,,,,,,VI-2026-07-07-Opinium-Observer.xlsx,V109 (13)
"2,050 UK adults",7th - 10th July 2026,,,,2002,,gender,Male,"Q:V109. To what extent do you agree or disagree that Nigel Farage...
 …is competent",Leader favourability (Farage),farage,Agree,Neither agree nor disagree,Disagree,,,,,,,,35.2,20.8,38.8,,,,,,,,VI-2026-07-07-Opinium-Observer.xlsx,V109 (13)
"2,050 UK adults",7th - 10th July 2026,,,,2002,,gender,Female,"Q:V109. To what extent do you agree or disagree that Nigel Farage...
 …is competent",Leader favourability (Farage),farage,Agree,Neither agree nor disagree,Disagree,,,,,,,,23.1,18.8,50.5,,,,,,,,VI-2026-07-07-Opinium-Observer.xlsx,V109 (13)
"2,050 UK adults",7th - 10th July 2026,,,,2002,,age,18-34,"Q:V109. To what extent do you agree or disagree that Nigel Farage...
 …is competent",Leader favourability (Farage),farage,Agree,Neither agree nor disagree,Disagree,,,,,,,,29.6,23.8,44.5,,,,,,,,VI-2026-07-07-Opinium-Observer.xlsx,V109 (13)
"2,050 UK adults",7th - 10th July 2026,,,,2002,,age,35-49,"Q:V109. To what extent do you agree or disagree that Nigel Farage...
 …is competent",Leader favourability (Farage),farage,Agree,Neither agree nor disagree,Disagree,,,,,,,,27.9,15.6,47.5,,,,,,,,VI-2026-07-07-Opinium-Observer.xlsx,V109 (13)
"2,050 UK adults",7th - 10th July 2026,,,,2002,,age,50-64,"Q:V109. To what extent do you agree or disagree that Nigel Farage...
 …is competent",Leader favourability (Farage),farage,Agree,Neither agree nor disagree,Disagree,,,,,,,,26.0,19.6,47.6,,,,,,,,VI-2026-07-07-Opinium-Observer.xlsx,V109 (13)
"2,050 UK adults",7th - 10th July 2026,,,,2002,,age,65+,"Q:V109. To what extent do you agree or disagree that Nigel Farage...
 …is competent",Leader favourability (Farage),farage,Agree,Neither agree nor disagree,Disagree,,,,,,,,32.3,19.9,39.7,,,,,,,,VI-2026-07-07-Opinium-Observer.xlsx,V109 (13)
"2,050 UK adults",7th - 10th July 2026,,,,2002,,region,North,"Q:V109. To what extent do you agree or disagree that Nigel Farage...
 …is competent",Leader favourability (Farage),farage,Agree,Neither agree nor disagree,Disagree,,,,,,,,26.9,21.9,44.7,,,,,,,,VI-2026-07-07-Opinium-Observer.xlsx,V109 (13)
"2,050 UK adults",7th - 10th July 2026,,,,2002,,region,Mids,"Q:V109. To what extent do you agree or disagree that Nigel Farage...
 …is competent",Leader favourability (Farage),farage,Agree,Neither agree nor disagree,Disagree,,,,,,,,35.0,16.3,41.7,,,,,,,,VI-2026-07-07-Opinium-Observer.xlsx,V109 (13)
"2,050 UK adults",7th - 10th July 2026,,,,2002,,region,London,"Q:V109. To what extent do you agree or disagree that Nigel Farage...
 …is competent",Leader favourability (Farage),farage,Agree,Neither agree nor disagree,Disagree,,,,,,,,30.3,18.6,43.1,,,,,,,,VI-2026-07-07-Opinium-Observer.xlsx,V109 (13)
"2,050 UK adults",7th - 10th July 2026,,,,2002,,region,South,"Q:V109. To what extent do you agree or disagree that Nigel Farage...
 …is competent",Leader favourability (Farage),farage,Agree,Neither agree nor disagree,Disagree,,,,,,,,29.0,20.0,45.3,,,,,,,,VI-2026-07-07-Opinium-Observer.xlsx,V109 (13)
"2,050 UK adults",7th - 10th July 2026,,,,2002,,region,Wales,"Q:V109. To what extent do you agree or disagree that Nigel Farage...
 …is competent",Leader favourability (Farage),farage,Agree,Neither agree nor disagree,Disagree,,,,,,,,26.8,22.1,48.4,,,,,,,,VI-2026-07-07-Opinium-Observer.xlsx,V109 (13)
"2,050 UK adults",7th - 10th July 2026,,,,2002,,region,Scotland,"Q:V109. To what extent do you agree or disagree that Nigel Farage...
 …is competent",Leader favourability (Farage),farage,Agree,Neither agree nor disagree,Disagree,,,,,,,,20.5,21.3,50.9,,,,,,,,VI-2026-07-07-Opinium-Observer.xlsx,V109 (13)
"2,050 UK adults",7th - 10th July 2026,,,,2002,,region,Northern Ireland,"Q:V109. To what extent do you agree or disagree that Nigel Farage...
 …is competent",Leader favourability (Farage),farage,Neither agree nor disagree,,,,,,,,,,,,,,,,,,,,VI-2026-07-07-Opinium-Observer.xlsx,V109 (13)
"2,050 UK adults",7th - 10th July 2026,,,,2002,,total,Total,"Q:V109. To what extent do you agree or disagree that Nigel Farage...
 …is likeable",Leader favourability (Farage),farage,Agree,Neither agree nor disagree,Disagree,,,,,,,,28.2,17.8,49.0,,,,,,,,VI-2026-07-07-Opinium-Observer.xlsx,V109 (14)
"2,050 UK adults",7th - 10th July 2026,,,,2002,,current_vote,Con,"Q:V109. To what extent do you agree or disagree that Nigel Farage...
 …is likeable",Leader favourability (Farage),farage,Agree,Neither agree nor disagree,Disagree,,,,,,,,28.3,23.8,44.4,,,,,,,,VI-2026-07-07-Opinium-Observer.xlsx,V109 (14)
"2,050 UK adults",7th - 10th July 2026,,,,2002,,current_vote,Lab,"Q:V109. To what extent do you agree or disagree that Nigel Farage...
 …is likeable",Leader favourability (Farage),farage,Agree,Neither agree nor disagree,Disagree,,,,,,,,23.2,15.4,59.9,,,,,,,,VI-2026-07-07-Opinium-Observer.xlsx,V109 (14)
"2,050 UK adults",7th - 10th July 2026,,,,2002,,current_vote,Lib Dem,"Q:V109. To what extent do you agree or disagree that Nigel Farage...
 …is likeable",Leader favourability (Farage),farage,Agree,Neither agree nor disagree,Disagree,,,,,,,,12.7,10.1,73.0,,,,,,,,VI-2026-07-07-Opinium-Observer.xlsx,V109 (14)
"2,050 UK adults",7th - 10th July 2026,,,,2002,,current_vote,Reform,"Q:V109. To what extent do you agree or disagree that Nigel Farage...
 …is likeable",Leader favourability (Farage),farage,Agree,Neither agree nor disagree,Disagree,,,,,,,,72.8,17.5,6.9,,,,,,,,VI-2026-07-07-Opinium-Observer.xlsx,V109 (14)
"2,050 UK adults",7th - 10th July 2026,,,,2002,,current_vote,Green,"Q:V109. To what extent do you agree or disagree that Nigel Farage...
 …is likeable",Leader favourability (Farage),farage,Agree,Neither agree nor disagree,Disagree,,,,,,,,12.3,9.3,76.2,,,,,,,,VI-2026-07-07-Opinium-Observer.xlsx,V109 (14)
"2,050 UK adults",7th - 10th July 2026,,,,2002,,historic_vote,Conservative,"Q:V109. To what extent do you agree or disagree that Nigel Farage...
 …is likeable",Leader favourability (Farage),farage,Agree,Neither agree nor disagree,Disagree,,,,,,,,40.2,21.9,34.9,,,,,,,,VI-2026-07-07-Opinium-Observer.xlsx,V109 (14)
"2,050 UK adults",7th - 10th July 2026,,,,2002,,historic_vote,Labour,"Q:V109. To what extent do you agree or disagree that Nigel Farage...
 …is likeable",Leader favourability (Farage),farage,Agree,Neither agree nor disagree,Disagree,,,,,,,,22.2,12.3,63.6,,,,,,,,VI-2026-07-07-Opinium-Observer.xlsx,V109 (14)
"2,050 UK adults",7th - 10th July 2026,,,,2002,,historic_vote,Lib Dems,"Q:V109. To what extent do you agree or disagree that Nigel Farage...
 …is likeable",Leader favourability (Farage),farage,Agree,Neither agree nor disagree,Disagree,,,,,,,,13.8,9.1,71.8,,,,,,,,VI-2026-07-07-Opinium-Observer.xlsx,V109 (14)
"2,050 UK adults",7th - 10th July 2026,,,,2002,,historic_vote,Green,"Q:V109. To what extent do you agree or disagree that Nigel Farage...
 …is likeable",Leader favourability (Farage),farage,Agree,Neither agree nor disagree,Disagree,,,,,,,,17.7,10.5,69.8,,,,,,,,VI-2026-07-07-Opinium-Observer.xlsx,V109 (14)
"2,050 UK adults",7th - 10th July 2026,,,,2002,,historic_vote,Reform UK,"Q:V109. To what extent do you agree or disagree that Nigel Farage...
 …is likeable",Leader favourability (Farage),farage,Agree,Neither agree nor disagree,Disagree,,,,,,,,67.7,21.3,8.8,,,,,,,,VI-2026-07-07-Opinium-Observer.xlsx,V109 (14)
"2,050 UK adults",7th - 10th July 2026,,,,2002,,historic_vote,Con,"Q:V109. To what extent do you agree or disagree that Nigel Farage...
 …is likeable",Leader favourability (Farage),farage,Agree,Neither agree nor disagree,Disagree,,,,,,,,44.7,20.9,31.5,,,,,,,,VI-2026-07-07-Opinium-Observer.xlsx,V109 (14)
"2,050 UK adults",7th - 10th July 2026,,,,2002,,historic_vote,Lab,"Q:V109. To what extent do you agree or disagree that Nigel Farage...
 …is likeable",Leader favourability (Farage),farage,Agree,Neither agree nor disagree,Disagree,,,,,,,,22.5,12.2,64.0,,,,,,,,VI-2026-07-07-Opinium-Observer.xlsx,V109 (14)
"2,050 UK adults",7th - 10th July 2026,,,,2002,,historic_vote,Lib Dem,"Q:V109. To what extent do you agree or disagree that Nigel Farage...
 …is likeable",Leader favourability (Farage),farage,Agree,Neither agree nor disagree,Disagree,,,,,,,,15.0,12.2,70.7,,,,,,,,VI-2026-07-07-Opinium-Observer.xlsx,V109 (14)
"2,050 UK adults",7th - 10th July 2026,,,,2002,,historic_vote,Remain,"Q:V109. To what extent do you agree or disagree that Nigel Farage...
 …is likeable",Leader favourability (Farage),farage,Agree,Neither agree nor disagree,Disagree,,,,,,,,17.6,10.4,69.6,,,,,,,,VI-2026-07-07-Opinium-Observer.xlsx,V109 (14)
"2,050 UK adults",7th - 10th July 2026,,,,2002,,historic_vote,Leave,"Q:V109. To what extent do you agree or disagree that Nigel Farage...
 …is likeable",Leader favourability (Farage),farage,Agree,Neither agree nor disagree,Disagree,,,,,,,,45.2,22.6,28.7,,,,,,,,VI-2026-07-07-Opinium-Observer.xlsx,V109 (14)
"2,050 UK adults",7th - 10th July 2026,,,,2002,,gender,Male,"Q:V109. To what extent do you agree or disagree that Nigel Farage...
 …is likeable",Leader favourability (Farage),farage,Agree,Neither agree nor disagree,Disagree,,,,,,,,35.7,16.7,43.5,,,,,,,,VI-2026-07-07-Opinium-Observer.xlsx,V109 (14)
"2,050 UK adults",7th - 10th July 2026,,,,2002,,gender,Female,"Q:V109. To what extent do you agree or disagree that Nigel Farage...
 …is likeable",Leader favourability (Farage),farage,Agree,Neither agree nor disagree,Disagree,,,,,,,,21.4,18.7,54.1,,,,,,,,VI-2026-07-07-Opinium-Observer.xlsx,V109 (14)
"2,050 UK adults",7th - 10th July 2026,,,,2002,,age,18-34,"Q:V109. To what extent do you agree or disagree that Nigel Farage...
 …is likeable",Leader favourability (Farage),farage,Agree,Neither agree nor disagree,Disagree,,,,,,,,30.7,18.0,48.5,,,,,,,,VI-2026-07-07-Opinium-Observer.xlsx,V109 (14)
"2,050 UK adults",7th - 10th July 2026,,,,2002,,age,35-49,"Q:V109. To what extent do you agree or disagree that Nigel Farage...
 …is likeable",Leader favourability (Farage),farage,Agree,Neither agree nor disagree,Disagree,,,,,,,,26.5,16.7,49.8,,,,,,,,VI-2026-07-07-Opinium-Observer.xlsx,V109 (14)
"2,050 UK adults",7th - 10th July 2026,,,,2002,,age,50-64,"Q:V109. To what extent do you agree or disagree that Nigel Farage...
 …is likeable",Leader favourability (Farage),farage,Agree,Neither agree nor disagree,Disagree,,,,,,,,27.2,17.8,50.4,,,,,,,,VI-2026-07-07-Opinium-Observer.xlsx,V109 (14)
"2,050 UK adults",7th - 10th July 2026,,,,2002,,age,65+,"Q:V109. To what extent do you agree or disagree that Nigel Farage...
 …is likeable",Leader favourability (Farage),farage,Agree,Neither agree nor disagree,Disagree,,,,,,,,28.5,18.7,47.5,,,,,,,,VI-2026-07-07-Opinium-Observer.xlsx,V109 (14)
"2,050 UK adults",7th - 10th July 2026,,,,2002,,region,North,"Q:V109. To what extent do you agree or disagree that Nigel Farage...
 …is likeable",Leader favourability (Farage),farage,Agree,Neither agree nor disagree,Disagree,,,,,,,,25.5,18.3,50.1,,,,,,,,VI-2026-07-07-Opinium-Observer.xlsx,V109 (14)
"2,050 UK adults",7th - 10th July 2026,,,,2002,,region,Mids,"Q:V109. To what extent do you agree or disagree that Nigel Farage...
 …is likeable",Leader favourability (Farage),farage,Agree,Neither agree nor disagree,Disagree,,,,,,,,33.2,15.2,45.9,,,,,,,,VI-2026-07-07-Opinium-Observer.xlsx,V109 (14)
"2,050 UK adults",7th - 10th July 2026,,,,2002,,region,London,"Q:V109. To what extent do you agree or disagree that Nigel Farage...
 …is likeable",Leader favourability (Farage),farage,Agree,Neither agree nor disagree,Disagree,,,,,,,,26.6,16.1,52.1,,,,,,,,VI-2026-07-07-Opinium-Observer.xlsx,V109 (14)
"2,050 UK adults",7th - 10th July 2026,,,,2002,,region,South,"Q:V109. To what extent do you agree or disagree that Nigel Farage...
 …is likeable",Leader favourability (Farage),farage,Agree,Neither agree nor disagree,Disagree,,,,,,,,29.0,19.2,47.4,,,,,,,,VI-2026-07-07-Opinium-Observer.xlsx,V109 (14)
"2,050 UK adults",7th - 10th July 2026,,,,2002,,region,Wales,"Q:V109. To what extent do you agree or disagree that Nigel Farage...
 …is likeable",Leader favourability (Farage),farage,Agree,Neither agree nor disagree,Disagree,,,,,,,,30.9,19.2,48.4,,,,,,,,VI-2026-07-07-Opinium-Observer.xlsx,V109 (14)
"2,050 UK adults",7th - 10th July 2026,,,,2002,,region,Scotland,"Q:V109. To what extent do you agree or disagree that Nigel Farage...
 …is likeable",Leader favourability (Farage),farage,Agree,Neither agree nor disagree,Disagree,,,,,,,,24.0,18.0,54.4,,,,,,,,VI-2026-07-07-Opinium-Observer.xlsx,V109 (14)
"2,050 UK adults",7th - 10th July 2026,,,,2002,,region,Northern Ireland,"Q:V109. To what extent do you agree or disagree that Nigel Farage...
 …is likeable",Leader favourability (Farage),farage,Neither agree nor disagree,,,,,,,,,,,,,,,,,,,,VI-2026-07-07-Opinium-Observer.xlsx,V109 (14)
"2,050 UK adults",7th - 10th July 2026,,,,2002,,total,Total,"Q:V109. To what extent do you agree or disagree that Nigel Farage...
 ...looks like a Prime Minister in waiting",Leader favourability (Farage),farage,Agree,Neither agree nor disagree,Disagree,,,,,,,,25.8,17.2,51.7,,,,,,,,VI-2026-07-07-Opinium-Observer.xlsx,V109 (15)
"2,050 UK adults",7th - 10th July 2026,,,,2002,,current_vote,Con,"Q:V109. To what extent do you agree or disagree that Nigel Farage...
 ...looks like a Prime Minister in waiting",Leader favourability (Farage),farage,Agree,Neither agree nor disagree,Disagree,,,,,,,,21.1,22.4,53.8,,,,,,,,VI-2026-07-07-Opinium-Observer.xlsx,V109 (15)
"2,050 UK adults",7th - 10th July 2026,,,,2002,,current_vote,Lab,"Q:V109. To what extent do you agree or disagree that Nigel Farage...
 ...looks like a Prime Minister in waiting",Leader favourability (Farage),farage,Agree,Neither agree nor disagree,Disagree,,,,,,,,22.2,13.2,63.0,,,,,,,,VI-2026-07-07-Opinium-Observer.xlsx,V109 (15)
"2,050 UK adults",7th - 10th July 2026,,,,2002,,current_vote,Lib Dem,"Q:V109. To what extent do you agree or disagree that Nigel Farage...
 ...looks like a Prime Minister in waiting",Leader favourability (Farage),farage,Agree,Neither agree nor disagree,Disagree,,,,,,,,7.4,9.5,79.4,,,,,,,,VI-2026-07-07-Opinium-Observer.xlsx,V109 (15)
"2,050 UK adults",7th - 10th July 2026,,,,2002,,current_vote,Reform,"Q:V109. To what extent do you agree or disagree that Nigel Farage...
 ...looks like a Prime Minister in waiting",Leader favourability (Farage),farage,Agree,Neither agree nor disagree,Disagree,,,,,,,,74.7,17.4,5.3,,,,,,,,VI-2026-07-07-Opinium-Observer.xlsx,V109 (15)
"2,050 UK adults",7th - 10th July 2026,,,,2002,,current_vote,Green,"Q:V109. To what extent do you agree or disagree that Nigel Farage...
 ...looks like a Prime Minister in waiting",Leader favourability (Farage),farage,Agree,Neither agree nor disagree,Disagree,,,,,,,,11.5,5.9,80.7,,,,,,,,VI-2026-07-07-Opinium-Observer.xlsx,V109 (15)
"2,050 UK adults",7th - 10th July 2026,,,,2002,,historic_vote,Conservative,"Q:V109. To what extent do you agree or disagree that Nigel Farage...
 ...looks like a Prime Minister in waiting",Leader favourability (Farage),farage,Agree,Neither agree nor disagree,Disagree,,,,,,,,34.3,20.4,42.9,,,,,,,,VI-2026-07-07-Opinium-Observer.xlsx,V109 (15)
"2,050 UK adults",7th - 10th July 2026,,,,2002,,historic_vote,Labour,"Q:V109. To what extent do you agree or disagree that Nigel Farage...
 ...looks like a Prime Minister in waiting",Leader favourability (Farage),farage,Agree,Neither agree nor disagree,Disagree,,,,,,,,19.8,12.2,65.9,,,,,,,,VI-2026-07-07-Opinium-Observer.xlsx,V109 (15)
"2,050 UK adults",7th - 10th July 2026,,,,2002,,historic_vote,Lib Dems,"Q:V109. To what extent do you agree or disagree that Nigel Farage...
 ...looks like a Prime Minister in waiting",Leader favourability (Farage),farage,Agree,Neither agree nor disagree,Disagree,,,,,,,,10.9,8.6,75.9,,,,,,,,VI-2026-07-07-Opinium-Observer.xlsx,V109 (15)
"2,050 UK adults",7th - 10th July 2026,,,,2002,,historic_vote,Green,"Q:V109. To what extent do you agree or disagree that Nigel Farage...
 ...looks like a Prime Minister in waiting",Leader favourability (Farage),farage,Agree,Neither agree nor disagree,Disagree,,,,,,,,15.6,9.9,71.9,,,,,,,,VI-2026-07-07-Opinium-Observer.xlsx,V109 (15)
"2,050 UK adults",7th - 10th July 2026,,,,2002,,historic_vote,Reform UK,"Q:V109. To what extent do you agree or disagree that Nigel Farage...
 ...looks like a Prime Minister in waiting",Leader favourability (Farage),farage,Agree,Neither agree nor disagree,Disagree,,,,,,,,67.7,14.9,14.7,,,,,,,,VI-2026-07-07-Opinium-Observer.xlsx,V109 (15)
"2,050 UK adults",7th - 10th July 2026,,,,2002,,historic_vote,Con,"Q:V109. To what extent do you agree or disagree that Nigel Farage...
 ...looks like a Prime Minister in waiting",Leader favourability (Farage),farage,Agree,Neither agree nor disagree,Disagree,,,,,,,,40.7,17.8,38.0,,,,,,,,VI-2026-07-07-Opinium-Observer.xlsx,V109 (15)
"2,050 UK adults",7th - 10th July 2026,,,,2002,,historic_vote,Lab,"Q:V109. To what extent do you agree or disagree that Nigel Farage...
 ...looks like a Prime Minister in waiting",Leader favourability (Farage),farage,Agree,Neither agree nor disagree,Disagree,,,,,,,,19.4,12.4,66.7,,,,,,,,VI-2026-07-07-Opinium-Observer.xlsx,V109 (15)
"2,050 UK adults",7th - 10th July 2026,,,,2002,,historic_vote,Lib Dem,"Q:V109. To what extent do you agree or disagree that Nigel Farage...
 ...looks like a Prime Minister in waiting",Leader favourability (Farage),farage,Agree,Neither agree nor disagree,Disagree,,,,,,,,8.6,14.1,72.9,,,,,,,,VI-2026-07-07-Opinium-Observer.xlsx,V109 (15)
"2,050 UK adults",7th - 10th July 2026,,,,2002,,historic_vote,Remain,"Q:V109. To what extent do you agree or disagree that Nigel Farage...
 ...looks like a Prime Minister in waiting",Leader favourability (Farage),farage,Agree,Neither agree nor disagree,Disagree,,,,,,,,13.5,11.7,71.2,,,,,,,,VI-2026-07-07-Opinium-Observer.xlsx,V109 (15)
"2,050 UK adults",7th - 10th July 2026,,,,2002,,historic_vote,Leave,"Q:V109. To what extent do you agree or disagree that Nigel Farage...
 ...looks like a Prime Minister in waiting",Leader favourability (Farage),farage,Agree,Neither agree nor disagree,Disagree,,,,,,,,41.6,20.1,34.8,,,,,,,,VI-2026-07-07-Opinium-Observer.xlsx,V109 (15)
"2,050 UK adults",7th - 10th July 2026,,,,2002,,gender,Male,"Q:V109. To what extent do you agree or disagree that Nigel Farage...
 ...looks like a Prime Minister in waiting",Leader favourability (Farage),farage,Agree,Neither agree nor disagree,Disagree,,,,,,,,33.8,16.4,45.5,,,,,,,,VI-2026-07-07-Opinium-Observer.xlsx,V109 (15)
"2,050 UK adults",7th - 10th July 2026,,,,2002,,gender,Female,"Q:V109. To what extent do you agree or disagree that Nigel Farage...
 ...looks like a Prime Minister in waiting",Leader favourability (Farage),farage,Agree,Neither agree nor disagree,Disagree,,,,,,,,18.6,17.8,57.4,,,,,,,,VI-2026-07-07-Opinium-Observer.xlsx,V109 (15)
"2,050 UK adults",7th - 10th July 2026,,,,2002,,age,18-34,"Q:V109. To what extent do you agree or disagree that Nigel Farage...
 ...looks like a Prime Minister in waiting",Leader favourability (Farage),farage,Agree,Neither agree nor disagree,Disagree,,,,,,,,29.4,19.4,47.8,,,,,,,,VI-2026-07-07-Opinium-Observer.xlsx,V109 (15)
"2,050 UK adults",7th - 10th July 2026,,,,2002,,age,35-49,"Q:V109. To what extent do you agree or disagree that Nigel Farage...
 ...looks like a Prime Minister in waiting",Leader favourability (Farage),farage,Agree,Neither agree nor disagree,Disagree,,,,,,,,24.6,17.1,50.8,,,,,,,,VI-2026-07-07-Opinium-Observer.xlsx,V109 (15)
"2,050 UK adults",7th - 10th July 2026,,,,2002,,age,50-64,"Q:V109. To what extent do you agree or disagree that Nigel Farage...
 ...looks like a Prime Minister in waiting",Leader favourability (Farage),farage,Agree,Neither agree nor disagree,Disagree,,,,,,,,22.8,16.3,56.2,,,,,,,,VI-2026-07-07-Opinium-Observer.xlsx,V109 (15)
"2,050 UK adults",7th - 10th July 2026,,,,2002,,age,65+,"Q:V109. To what extent do you agree or disagree that Nigel Farage...
 ...looks like a Prime Minister in waiting",Leader favourability (Farage),farage,Agree,Neither agree nor disagree,Disagree,,,,,,,,25.9,15.7,52.3,,,,,,,,VI-2026-07-07-Opinium-Observer.xlsx,V109 (15)
"2,050 UK adults",7th - 10th July 2026,,,,2002,,region,North,"Q:V109. To what extent do you agree or disagree that Nigel Farage...
 ...looks like a Prime Minister in waiting",Leader favourability (Farage),farage,Agree,Neither agree nor disagree,Disagree,,,,,,,,25.1,16.4,52.8,,,,,,,,VI-2026-07-07-Opinium-Observer.xlsx,V109 (15)
"2,050 UK adults",7th - 10th July 2026,,,,2002,,region,Mids,"Q:V109. To what extent do you agree or disagree that Nigel Farage...
 ...looks like a Prime Minister in waiting",Leader favourability (Farage),farage,Agree,Neither agree nor disagree,Disagree,,,,,,,,32.0,19.5,42.9,,,,,,,,VI-2026-07-07-Opinium-Observer.xlsx,V109 (15)
"2,050 UK adults",7th - 10th July 2026,,,,2002,,region,London,"Q:V109. To what extent do you agree or disagree that Nigel Farage...
 ...looks like a Prime Minister in waiting",Leader favourability (Farage),farage,Agree,Neither agree nor disagree,Disagree,,,,,,,,23.6,14.5,57.3,,,,,,,,VI-2026-07-07-Opinium-Observer.xlsx,V109 (15)
"2,050 UK adults",7th - 10th July 2026,,,,2002,,region,South,"Q:V109. To what extent do you agree or disagree that Nigel Farage...
 ...looks like a Prime Minister in waiting",Leader favourability (Farage),farage,Agree,Neither agree nor disagree,Disagree,,,,,,,,26.1,16.8,51.5,,,,,,,,VI-2026-07-07-Opinium-Observer.xlsx,V109 (15)
"2,050 UK adults",7th - 10th July 2026,,,,2002,,region,Wales,"Q:V109. To what extent do you agree or disagree that Nigel Farage...
 ...looks like a Prime Minister in waiting",Leader favourability (Farage),farage,Agree,Neither agree nor disagree,Disagree,,,,,,,,23.7,21.4,53.6,,,,,,,,VI-2026-07-07-Opinium-Observer.xlsx,V109 (15)
"2,050 UK adults",7th - 10th July 2026,,,,2002,,region,Scotland,"Q:V109. To what extent do you agree or disagree that Nigel Farage...
 ...looks like a Prime Minister in waiting",Leader favourability (Farage),farage,Agree,Neither agree nor disagree,Disagree,,,,,,,,19.9,18.5,57.3,,,,,,,,VI-2026-07-07-Opinium-Observer.xlsx,V109 (15)
"2,050 UK adults",7th - 10th July 2026,,,,2002,,region,Northern Ireland,"Q:V109. To what extent do you agree or disagree that Nigel Farage...
 ...looks like a Prime Minister in waiting",Leader favourability (Farage),farage,Neither agree nor disagree,,,,,,,,,,,,,,,,,,,,VI-2026-07-07-Opinium-Observer.xlsx,V109 (15)
"2,050 UK adults",7th - 10th July 2026,,,,2050,,total,Total,"Q:DON1. Political parties in the UK receive large donations from wealthy individuals, businesses and trade unions. Some people say these donations are a normal and necessary part of democratic politics. Others say they can give powerful groups too much influence over political parties and government decisions. Which of the following comes closest to your view?",UNMATCHED,,"Large political donations are an acceptable part of democracy, provided they are transparent and follow the rules",Large political donations give wealthy individuals and organisations too much influence over politics,Neither of these,,,,,,,,23.0,56.0,8.1,,,,,,,,VI-2026-07-07-Opinium-Observer.xlsx,DON1
"2,050 UK adults",7th - 10th July 2026,,,,2050,,current_vote,Con,"Q:DON1. Political parties in the UK receive large donations from wealthy individuals, businesses and trade unions. Some people say these donations are a normal and necessary part of democratic politics. Others say they can give powerful groups too much influence over political parties and government decisions. Which of the following comes closest to your view?",UNMATCHED,,"Large political donations are an acceptable part of democracy, provided they are transparent and follow the rules",Large political donations give wealthy individuals and organisations too much influence over politics,Neither of these,,,,,,,,26.6,55.2,7.6,,,,,,,,VI-2026-07-07-Opinium-Observer.xlsx,DON1
"2,050 UK adults",7th - 10th July 2026,,,,2050,,current_vote,Lab,"Q:DON1. Political parties in the UK receive large donations from wealthy individuals, businesses and trade unions. Some people say these donations are a normal and necessary part of democratic politics. Others say they can give powerful groups too much influence over political parties and government decisions. Which of the following comes closest to your view?",UNMATCHED,,"Large political donations are an acceptable part of democracy, provided they are transparent and follow the rules",Large political donations give wealthy individuals and organisations too much influence over politics,Neither of these,,,,,,,,25.0,67.1,5.3,,,,,,,,VI-2026-07-07-Opinium-Observer.xlsx,DON1
"2,050 UK adults",7th - 10th July 2026,,,,2050,,current_vote,Lib Dem,"Q:DON1. Political parties in the UK receive large donations from wealthy individuals, businesses and trade unions. Some people say these donations are a normal and necessary part of democratic politics. Others say they can give powerful groups too much influence over political parties and government decisions. Which of the following comes closest to your view?",UNMATCHED,,"Large political donations are an acceptable part of democracy, provided they are transparent and follow the rules",Large political donations give wealthy individuals and organisations too much influence over politics,Neither of these,,,,,,,,17.8,71.5,4.2,,,,,,,,VI-2026-07-07-Opinium-Observer.xlsx,DON1
"2,050 UK adults",7th - 10th July 2026,,,,2050,,current_vote,Reform,"Q:DON1. Political parties in the UK receive large donations from wealthy individuals, businesses and trade unions. Some people say these donations are a normal and necessary part of democratic politics. Others say they can give powerful groups too much influence over political parties and government decisions. Which of the following comes closest to your view?",UNMATCHED,,"Large political donations are an acceptable part of democracy, provided they are transparent and follow the rules",Large political donations give wealthy individuals and organisations too much influence over politics,Neither of these,,,,,,,,42.3,34.7,10.5,,,,,,,,VI-2026-07-07-Opinium-Observer.xlsx,DON1
"2,050 UK adults",7th - 10th July 2026,,,,2050,,current_vote,Green,"Q:DON1. Political parties in the UK receive large donations from wealthy individuals, businesses and trade unions. Some people say these donations are a normal and necessary part of democratic politics. Others say they can give powerful groups too much influence over political parties and government decisions. Which of the following comes closest to your view?",UNMATCHED,,"Large political donations are an acceptable part of democracy, provided they are transparent and follow the rules",Large political donations give wealthy individuals and organisations too much influence over politics,Neither of these,,,,,,,,12.7,73.2,5.3,,,,,,,,VI-2026-07-07-Opinium-Observer.xlsx,DON1
"2,050 UK adults",7th - 10th July 2026,,,,2050,,historic_vote,Conservative,"Q:DON1. Political parties in the UK receive large donations from wealthy individuals, businesses and trade unions. Some people say these donations are a normal and necessary part of democratic politics. Others say they can give powerful groups too much influence over political parties and government decisions. Which of the following comes closest to your view?",UNMATCHED,,"Large political donations are an acceptable part of democracy, provided they are transparent and follow the rules",Large political donations give wealthy individuals and organisations too much influence over politics,Neither of these,,,,,,,,33.1,49.0,6.2,,,,,,,,VI-2026-07-07-Opinium-Observer.xlsx,DON1
"2,050 UK adults",7th - 10th July 2026,,,,2050,,historic_vote,Labour,"Q:DON1. Political parties in the UK receive large donations from wealthy individuals, businesses and trade unions. Some people say these donations are a normal and necessary part of democratic politics. Others say they can give powerful groups too much influence over political parties and government decisions. Which of the following comes closest to your view?",UNMATCHED,,"Large political donations are an acceptable part of democracy, provided they are transparent and follow the rules",Large political donations give wealthy individuals and organisations too much influence over politics,Neither of these,,,,,,,,19.9,69.9,5.8,,,,,,,,VI-2026-07-07-Opinium-Observer.xlsx,DON1
"2,050 UK adults",7th - 10th July 2026,,,,2050,,historic_vote,Lib Dems,"Q:DON1. Political parties in the UK receive large donations from wealthy individuals, businesses and trade unions. Some people say these donations are a normal and necessary part of democratic politics. Others say they can give powerful groups too much influence over political parties and government decisions. Which of the following comes closest to your view?",UNMATCHED,,"Large political donations are an acceptable part of democracy, provided they are transparent and follow the rules",Large political donations give wealthy individuals and organisations too much influence over politics,Neither of these,,,,,,,,17.3,70.3,3.4,,,,,,,,VI-2026-07-07-Opinium-Observer.xlsx,DON1
"2,050 UK adults",7th - 10th July 2026,,,,2050,,historic_vote,Green,"Q:DON1. Political parties in the UK receive large donations from wealthy individuals, businesses and trade unions. Some people say these donations are a normal and necessary part of democratic politics. Others say they can give powerful groups too much influence over political parties and government decisions. Which of the following comes closest to your view?",UNMATCHED,,"Large political donations are an acceptable part of democracy, provided they are transparent and follow the rules",Large political donations give wealthy individuals and organisations too much influence over politics,Neither of these,,,,,,,,16.9,70.2,2.5,,,,,,,,VI-2026-07-07-Opinium-Observer.xlsx,DON1
"2,050 UK adults",7th - 10th July 2026,,,,2050,,historic_vote,Reform UK,"Q:DON1. Political parties in the UK receive large donations from wealthy individuals, businesses and trade unions. Some people say these donations are a normal and necessary part of democratic politics. Others say they can give powerful groups too much influence over political parties and government decisions. Which of the following comes closest to your view?",UNMATCHED,,"Large political donations are an acceptable part of democracy, provided they are transparent and follow the rules",Large political donations give wealthy individuals and organisations too much influence over politics,Neither of these,,,,,,,,37.8,41.8,9.9,,,,,,,,VI-2026-07-07-Opinium-Observer.xlsx,DON1
"2,050 UK adults",7th - 10th July 2026,,,,2050,,historic_vote,Con,"Q:DON1. Political parties in the UK receive large donations from wealthy individuals, businesses and trade unions. Some people say these donations are a normal and necessary part of democratic politics. Others say they can give powerful groups too much influence over political parties and government decisions. Which of the following comes closest to your view?",UNMATCHED,,"Large political donations are an acceptable part of democracy, provided they are transparent and follow the rules",Large political donations give wealthy individuals and organisations too much influence over politics,Neither of these,,,,,,,,35.0,47.4,6.7,,,,,,,,VI-2026-07-07-Opinium-Observer.xlsx,DON1
"2,050 UK adults",7th - 10th July 2026,,,,2050,,historic_vote,Lab,"Q:DON1. Political parties in the UK receive large donations from wealthy individuals, businesses and trade unions. Some people say these donations are a normal and necessary part of democratic politics. Others say they can give powerful groups too much influence over political parties and government decisions. Which of the following comes closest to your view?",UNMATCHED,,"Large political donations are an acceptable part of democracy, provided they are transparent and follow the rules",Large political donations give wealthy individuals and organisations too much influence over politics,Neither of these,,,,,,,,17.6,72.8,5.9,,,,,,,,VI-2026-07-07-Opinium-Observer.xlsx,DON1
"2,050 UK adults",7th - 10th July 2026,,,,2050,,historic_vote,Lib Dem,"Q:DON1. Political parties in the UK receive large donations from wealthy individuals, businesses and trade unions. Some people say these donations are a normal and necessary part of democratic politics. Others say they can give powerful groups too much influence over political parties and government decisions. Which of the following comes closest to your view?",UNMATCHED,,"Large political donations are an acceptable part of democracy, provided they are transparent and follow the rules",Large political donations give wealthy individuals and organisations too much influence over politics,Neither of these,,,,,,,,13.8,74.3,3.2,,,,,,,,VI-2026-07-07-Opinium-Observer.xlsx,DON1
"2,050 UK adults",7th - 10th July 2026,,,,2050,,historic_vote,Remain,"Q:DON1. Political parties in the UK receive large donations from wealthy individuals, businesses and trade unions. Some people say these donations are a normal and necessary part of democratic politics. Others say they can give powerful groups too much influence over political parties and government decisions. Which of the following comes closest to your view?",UNMATCHED,,"Large political donations are an acceptable part of democracy, provided they are transparent and follow the rules",Large political donations give wealthy individuals and organisations too much influence over politics,Neither of these,,,,,,,,14.8,71.1,5.0,,,,,,,,VI-2026-07-07-Opinium-Observer.xlsx,DON1
"2,050 UK adults",7th - 10th July 2026,,,,2050,,historic_vote,Leave,"Q:DON1. Political parties in the UK receive large donations from wealthy individuals, businesses and trade unions. Some people say these donations are a normal and necessary part of democratic politics. Others say they can give powerful groups too much influence over political parties and government decisions. Which of the following comes closest to your view?",UNMATCHED,,"Large political donations are an acceptable part of democracy, provided they are transparent and follow the rules",Large political donations give wealthy individuals and organisations too much influence over politics,Neither of these,,,,,,,,31.8,49.1,7.8,,,,,,,,VI-2026-07-07-Opinium-Observer.xlsx,DON1
"2,050 UK adults",7th - 10th July 2026,,,,2050,,gender,Male,"Q:DON1. Political parties in the UK receive large donations from wealthy individuals, businesses and trade unions. Some people say these donations are a normal and necessary part of democratic politics. Others say they can give powerful groups too much influence over political parties and government decisions. Which of the following comes closest to your view?",UNMATCHED,,"Large political donations are an acceptable part of democracy, provided they are transparent and follow the rules",Large political donations give wealthy individuals and organisations too much influence over politics,Neither of these,,,,,,,,27.0,54.5,7.9,,,,,,,,VI-2026-07-07-Opinium-Observer.xlsx,DON1
"2,050 UK adults",7th - 10th July 2026,,,,2050,,gender,Female,"Q:DON1. Political parties in the UK receive large donations from wealthy individuals, businesses and trade unions. Some people say these donations are a normal and necessary part of democratic politics. Others say they can give powerful groups too much influence over political parties and government decisions. Which of the following comes closest to your view?",UNMATCHED,,"Large political donations are an acceptable part of democracy, provided they are transparent and follow the rules",Large political donations give wealthy individuals and organisations too much influence over politics,Neither of these,,,,,,,,19.2,57.5,8.1,,,,,,,,VI-2026-07-07-Opinium-Observer.xlsx,DON1
"2,050 UK adults",7th - 10th July 2026,,,,2050,,age,18-34,"Q:DON1. Political parties in the UK receive large donations from wealthy individuals, businesses and trade unions. Some people say these donations are a normal and necessary part of democratic politics. Others say they can give powerful groups too much influence over political parties and government decisions. Which of the following comes closest to your view?",UNMATCHED,,"Large political donations are an acceptable part of democracy, provided they are transparent and follow the rules",Large political donations give wealthy individuals and organisations too much influence over politics,Neither of these,,,,,,,,27.1,50.7,9.8,,,,,,,,VI-2026-07-07-Opinium-Observer.xlsx,DON1
"2,050 UK adults",7th - 10th July 2026,,,,2050,,age,35-49,"Q:DON1. Political parties in the UK receive large donations from wealthy individuals, businesses and trade unions. Some people say these donations are a normal and necessary part of democratic politics. Others say they can give powerful groups too much influence over political parties and government decisions. Which of the following comes closest to your view?",UNMATCHED,,"Large political donations are an acceptable part of democracy, provided they are transparent and follow the rules",Large political donations give wealthy individuals and organisations too much influence over politics,Neither of these,,,,,,,,16.9,59.5,8.9,,,,,,,,VI-2026-07-07-Opinium-Observer.xlsx,DON1
"2,050 UK adults",7th - 10th July 2026,,,,2050,,age,50-64,"Q:DON1. Political parties in the UK receive large donations from wealthy individuals, businesses and trade unions. Some people say these donations are a normal and necessary part of democratic politics. Others say they can give powerful groups too much influence over political parties and government decisions. Which of the following comes closest to your view?",UNMATCHED,,"Large political donations are an acceptable part of democracy, provided they are transparent and follow the rules",Large political donations give wealthy individuals and organisations too much influence over politics,Neither of these,,,,,,,,21.1,57.9,9.2,,,,,,,,VI-2026-07-07-Opinium-Observer.xlsx,DON1
"2,050 UK adults",7th - 10th July 2026,,,,2050,,age,65+,"Q:DON1. Political parties in the UK receive large donations from wealthy individuals, businesses and trade unions. Some people say these donations are a normal and necessary part of democratic politics. Others say they can give powerful groups too much influence over political parties and government decisions. Which of the following comes closest to your view?",UNMATCHED,,"Large political donations are an acceptable part of democracy, provided they are transparent and follow the rules",Large political donations give wealthy individuals and organisations too much influence over politics,Neither of these,,,,,,,,26.3,56.5,4.0,,,,,,,,VI-2026-07-07-Opinium-Observer.xlsx,DON1
"2,050 UK adults",7th - 10th July 2026,,,,2050,,region,North,"Q:DON1. Political parties in the UK receive large donations from wealthy individuals, businesses and trade unions. Some people say these donations are a normal and necessary part of democratic politics. Others say they can give powerful groups too much influence over political parties and government decisions. Which of the following comes closest to your view?",UNMATCHED,,"Large political donations are an acceptable part of democracy, provided they are transparent and follow the rules",Large political donations give wealthy individuals and organisations too much influence over politics,Neither of these,,,,,,,,24.2,52.8,10.1,,,,,,,,VI-2026-07-07-Opinium-Observer.xlsx,DON1
"2,050 UK adults",7th - 10th July 2026,,,,2050,,region,Mids,"Q:DON1. Political parties in the UK receive large donations from wealthy individuals, businesses and trade unions. Some people say these donations are a normal and necessary part of democratic politics. Others say they can give powerful groups too much influence over political parties and government decisions. Which of the following comes closest to your view?",UNMATCHED,,"Large political donations are an acceptable part of democracy, provided they are transparent and follow the rules",Large political donations give wealthy individuals and organisations too much influence over politics,Neither of these,,,,,,,,18.7,55.6,9.7,,,,,,,,VI-2026-07-07-Opinium-Observer.xlsx,DON1
"2,050 UK adults",7th - 10th July 2026,,,,2050,,region,London,"Q:DON1. Political parties in the UK receive large donations from wealthy individuals, businesses and trade unions. Some people say these donations are a normal and necessary part of democratic politics. Others say they can give powerful groups too much influence over political parties and government decisions. Which of the following comes closest to your view?",UNMATCHED,,"Large political donations are an acceptable part of democracy, provided they are transparent and follow the rules",Large political donations give wealthy individuals and organisations too much influence over politics,Neither of these,,,,,,,,32.5,50.8,5.3,,,,,,,,VI-2026-07-07-Opinium-Observer.xlsx,DON1
"2,050 UK adults",7th - 10th July 2026,,,,2050,,region,South,"Q:DON1. Political parties in the UK receive large donations from wealthy individuals, businesses and trade unions. Some people say these donations are a normal and necessary part of democratic politics. Others say they can give powerful groups too much influence over political parties and government decisions. Which of the following comes closest to your view?",UNMATCHED,,"Large political donations are an acceptable part of democracy, provided they are transparent and follow the rules",Large political donations give wealthy individuals and organisations too much influence over politics,Neither of these,,,,,,,,21.6,57.7,8.0,,,,,,,,VI-2026-07-07-Opinium-Observer.xlsx,DON1
"2,050 UK adults",7th - 10th July 2026,,,,2050,,region,Wales,"Q:DON1. Political parties in the UK receive large donations from wealthy individuals, businesses and trade unions. Some people say these donations are a normal and necessary part of democratic politics. Others say they can give powerful groups too much influence over political parties and government decisions. Which of the following comes closest to your view?",UNMATCHED,,"Large political donations are an acceptable part of democracy, provided they are transparent and follow the rules",Large political donations give wealthy individuals and organisations too much influence over politics,Neither of these,,,,,,,,16.8,67.6,5.9,,,,,,,,VI-2026-07-07-Opinium-Observer.xlsx,DON1
"2,050 UK adults",7th - 10th July 2026,,,,2050,,region,Scotland,"Q:DON1. Political parties in the UK receive large donations from wealthy individuals, businesses and trade unions. Some people say these donations are a normal and necessary part of democratic politics. Others say they can give powerful groups too much influence over political parties and government decisions. Which of the following comes closest to your view?",UNMATCHED,,"Large political donations are an acceptable part of democracy, provided they are transparent and follow the rules",Large political donations give wealthy individuals and organisations too much influence over politics,Neither of these,,,,,,,,20.1,61.0,6.2,,,,,,,,VI-2026-07-07-Opinium-Observer.xlsx,DON1
"2,050 UK adults",7th - 10th July 2026,,,,2050,,region,Northern Ireland,"Q:DON1. Political parties in the UK receive large donations from wealthy individuals, businesses and trade unions. Some people say these donations are a normal and necessary part of democratic politics. Others say they can give powerful groups too much influence over political parties and government decisions. Which of the following comes closest to your view?",UNMATCHED,,"Large political donations are an acceptable part of democracy, provided they are transparent and follow the rules",Large political donations give wealthy individuals and organisations too much influence over politics,Neither of these,,,,,,,,28.0,55.0,4.2,,,,,,,,VI-2026-07-07-Opinium-Observer.xlsx,DON1
"2,050 UK adults",7th - 10th July 2026,,,,2050,,total,Total,"Q:DON2. Based on what you know, to what extent, if at all, do you think each of the following political parties is influenced by wealthy donors or powerful organisations?
 Conservative Party",UNMATCHED,,Much too influenced,Somewhat too influenced,About the right level of influence,Not especially influenced,Not influenced at all,,,,,,25.8,24.4,17.6,5.3,2.7,,,,,,VI-2026-07-07-Opinium-Observer.xlsx,DON2
"2,050 UK adults",7th - 10th July 2026,,,,2050,,current_vote,Con,"Q:DON2. Based on what you know, to what extent, if at all, do you think each of the following political parties is influenced by wealthy donors or powerful organisations?
 Conservative Party",UNMATCHED,,Much too influenced,Somewhat too influenced,About the right level of influence,Not especially influenced,Not influenced at all,,,,,,10.8,20.3,33.5,6.9,2.3,,,,,,VI-2026-07-07-Opinium-Observer.xlsx,DON2
"2,050 UK adults",7th - 10th July 2026,,,,2050,,current_vote,Lab,"Q:DON2. Based on what you know, to what extent, if at all, do you think each of the following political parties is influenced by wealthy donors or powerful organisations?
 Conservative Party",UNMATCHED,,Much too influenced,Somewhat too influenced,About the right level of influence,Not especially influenced,Not influenced at all,,,,,,29.1,28.1,19.1,6.9,4.0,,,,,,VI-2026-07-07-Opinium-Observer.xlsx,DON2
"2,050 UK adults",7th - 10th July 2026,,,,2050,,current_vote,Lib Dem,"Q:DON2. Based on what you know, to what extent, if at all, do you think each of the following political parties is influenced by wealthy donors or powerful organisations?
 Conservative Party",UNMATCHED,,Much too influenced,Somewhat too influenced,About the right level of influence,Not especially influenced,Not influenced at all,,,,,,27.2,41.4,11.7,6.3,1.3,,,,,,VI-2026-07-07-Opinium-Observer.xlsx,DON2
"2,050 UK adults",7th - 10th July 2026,,,,2050,,current_vote,Reform,"Q:DON2. Based on what you know, to what extent, if at all, do you think each of the following political parties is influenced by wealthy donors or powerful organisations?
 Conservative Party",UNMATCHED,,Much too influenced,Somewhat too influenced,About the right level of influence,Not especially influenced,Not influenced at all,,,,,,18.4,23.0,24.5,7.5,2.4,,,,,,VI-2026-07-07-Opinium-Observer.xlsx,DON2
"2,050 UK adults",7th - 10th July 2026,,,,2050,,current_vote,Green,"Q:DON2. Based on what you know, to what extent, if at all, do you think each of the following political parties is influenced by wealthy donors or powerful organisations?
 Conservative Party",UNMATCHED,,Much too influenced,Somewhat too influenced,About the right level of influence,Not especially influenced,Not influenced at all,,,,,,43.3,27.0,12.0,2.1,3.4,,,,,,VI-2026-07-07-Opinium-Observer.xlsx,DON2
"2,050 UK adults",7th - 10th July 2026,,,,2050,,historic_vote,Conservative,"Q:DON2. Based on what you know, to what extent, if at all, do you think each of the following political parties is influenced by wealthy donors or powerful organisations?
 Conservative Party",UNMATCHED,,Much too influenced,Somewhat too influenced,About the right level of influence,Not especially influenced,Not influenced at all,,,,,,10.3,23.0,30.9,6.5,2.0,,,,,,VI-2026-07-07-Opinium-Observer.xlsx,DON2
"2,050 UK adults",7th - 10th July 2026,,,,2050,,historic_vote,Labour,"Q:DON2. Based on what you know, to what extent, if at all, do you think each of the following political parties is influenced by wealthy donors or powerful organisations?
 Conservative Party",UNMATCHED,,Much too influenced,Somewhat too influenced,About the right level of influence,Not especially influenced,Not influenced at all,,,,,,37.7,28.2,13.9,5.2,1.6,,,,,,VI-2026-07-07-Opinium-Observer.xlsx,DON2
"2,050 UK adults",7th - 10th July 2026,,,,2050,,historic_vote,Lib Dems,"Q:DON2. Based on what you know, to what extent, if at all, do you think each of the following political parties is influenced by wealthy donors or powerful organisations?
 Conservative Party",UNMATCHED,,Much too influenced,Somewhat too influenced,About the right level of influence,Not especially influenced,Not influenced at all,,,,,,27.4,33.6,14.0,5.6,2.2,,,,,,VI-2026-07-07-Opinium-Observer.xlsx,DON2
"2,050 UK adults",7th - 10th July 2026,,,,2050,,historic_vote,Green,"Q:DON2. Based on what you know, to what extent, if at all, do you think each of the following political parties is influenced by wealthy donors or powerful organisations?
 Conservative Party",UNMATCHED,,Much too influenced,Somewhat too influenced,About the right level of influence,Not especially influenced,Not influenced at all,,,,,,40.0,27.0,14.7,1.1,1.8,,,,,,VI-2026-07-07-Opinium-Observer.xlsx,DON2
"2,050 UK adults",7th - 10th July 2026,,,,2050,,historic_vote,Reform UK,"Q:DON2. Based on what you know, to what extent, if at all, do you think each of the following political parties is influenced by wealthy donors or powerful organisations?
 Conservative Party",UNMATCHED,,Much too influenced,Somewhat too influenced,About the right level of influence,Not especially influenced,Not influenced at all,,,,,,23.9,23.1,17.6,5.3,4.1,,,,,,VI-2026-07-07-Opinium-Observer.xlsx,DON2
"2,050 UK adults",7th - 10th July 2026,,,,2050,,historic_vote,Con,"Q:DON2. Based on what you know, to what extent, if at all, do you think each of the following political parties is influenced by wealthy donors or powerful organisations?
 Conservative Party",UNMATCHED,,Much too influenced,Somewhat too influenced,About the right level of influence,Not especially influenced,Not influenced at all,,,,,,16.8,22.4,26.1,5.9,1.7,,,,,,VI-2026-07-07-Opinium-Observer.xlsx,DON2
"2,050 UK adults",7th - 10th July 2026,,,,2050,,historic_vote,Lab,"Q:DON2. Based on what you know, to what extent, if at all, do you think each of the following political parties is influenced by wealthy donors or powerful organisations?
 Conservative Party",UNMATCHED,,Much too influenced,Somewhat too influenced,About the right level of influence,Not especially influenced,Not influenced at all,,,,,,43.4,26.1,12.9,3.2,2.5,,,,,,VI-2026-07-07-Opinium-Observer.xlsx,DON2
"2,050 UK adults",7th - 10th July 2026,,,,2050,,historic_vote,Lib Dem,"Q:DON2. Based on what you know, to what extent, if at all, do you think each of the following political parties is influenced by wealthy donors or powerful organisations?
 Conservative Party",UNMATCHED,,Much too influenced,Somewhat too influenced,About the right level of influence,Not especially influenced,Not influenced at all,,,,,,29.6,32.7,11.8,6.5,2.4,,,,,,VI-2026-07-07-Opinium-Observer.xlsx,DON2
"2,050 UK adults",7th - 10th July 2026,,,,2050,,historic_vote,Remain,"Q:DON2. Based on what you know, to what extent, if at all, do you think each of the following political parties is influenced by wealthy donors or powerful organisations?
 Conservative Party",UNMATCHED,,Much too influenced,Somewhat too influenced,About the right level of influence,Not especially influenced,Not influenced at all,,,,,,33.0,29.1,15.1,2.7,1.3,,,,,,VI-2026-07-07-Opinium-Observer.xlsx,DON2
"2,050 UK adults",7th - 10th July 2026,,,,2050,,historic_vote,Leave,"Q:DON2. Based on what you know, to what extent, if at all, do you think each of the following political parties is influenced by wealthy donors or powerful organisations?
 Conservative Party",UNMATCHED,,Much too influenced,Somewhat too influenced,About the right level of influence,Not especially influenced,Not influenced at all,,,,,,24.6,21.7,18.9,6.4,1.8,,,,,,VI-2026-07-07-Opinium-Observer.xlsx,DON2
"2,050 UK adults",7th - 10th July 2026,,,,2050,,gender,Male,"Q:DON2. Based on what you know, to what extent, if at all, do you think each of the following political parties is influenced by wealthy donors or powerful organisations?
 Conservative Party",UNMATCHED,,Much too influenced,Somewhat too influenced,About the right level of influence,Not especially influenced,Not influenced at all,,,,,,24.4,26.9,20.4,6.4,3.4,,,,,,VI-2026-07-07-Opinium-Observer.xlsx,DON2
"2,050 UK adults",7th - 10th July 2026,,,,2050,,gender,Female,"Q:DON2. Based on what you know, to what extent, if at all, do you think each of the following political parties is influenced by wealthy donors or powerful organisations?
 Conservative Party",UNMATCHED,,Much too influenced,Somewhat too influenced,About the right level of influence,Not especially influenced,Not influenced at all,,,,,,26.9,22.3,14.9,4.4,2.0,,,,,,VI-2026-07-07-Opinium-Observer.xlsx,DON2
"2,050 UK adults",7th - 10th July 2026,,,,2050,,age,18-34,"Q:DON2. Based on what you know, to what extent, if at all, do you think each of the following political parties is influenced by wealthy donors or powerful organisations?
 Conservative Party",UNMATCHED,,Much too influenced,Somewhat too influenced,About the right level of influence,Not especially influenced,Not influenced at all,,,,,,20.0,25.9,23.6,7.7,5.5,,,,,,VI-2026-07-07-Opinium-Observer.xlsx,DON2
"2,050 UK adults",7th - 10th July 2026,,,,2050,,age,35-49,"Q:DON2. Based on what you know, to what extent, if at all, do you think each of the following political parties is influenced by wealthy donors or powerful organisations?
 Conservative Party",UNMATCHED,,Much too influenced,Somewhat too influenced,About the right level of influence,Not especially influenced,Not influenced at all,,,,,,30.3,23.2,16.5,4.1,1.9,,,,,,VI-2026-07-07-Opinium-Observer.xlsx,DON2
"2,050 UK adults",7th - 10th July 2026,,,,2050,,age,50-64,"Q:DON2. Based on what you know, to what extent, if at all, do you think each of the following political parties is influenced by wealthy donors or powerful organisations?
 Conservative Party",UNMATCHED,,Much too influenced,Somewhat too influenced,About the right level of influence,Not especially influenced,Not influenced at all,,,,,,32.3,24.5,12.9,2.7,1.8,,,,,,VI-2026-07-07-Opinium-Observer.xlsx,DON2
"2,050 UK adults",7th - 10th July 2026,,,,2050,,age,65+,"Q:DON2. Based on what you know, to what extent, if at all, do you think each of the following political parties is influenced by wealthy donors or powerful organisations?
 Conservative Party",UNMATCHED,,Much too influenced,Somewhat too influenced,About the right level of influence,Not especially influenced,Not influenced at all,,,,,,20.9,24.0,16.6,6.6,1.1,,,,,,VI-2026-07-07-Opinium-Observer.xlsx,DON2
"2,050 UK adults",7th - 10th July 2026,,,,2050,,region,North,"Q:DON2. Based on what you know, to what extent, if at all, do you think each of the following political parties is influenced by wealthy donors or powerful organisations?
 Conservative Party",UNMATCHED,,Much too influenced,Somewhat too influenced,About the right level of influence,Not especially influenced,Not influenced at all,,,,,,25.0,26.4,16.8,4.2,2.6,,,,,,VI-2026-07-07-Opinium-Observer.xlsx,DON2
"2,050 UK adults",7th - 10th July 2026,,,,2050,,region,Mids,"Q:DON2. Based on what you know, to what extent, if at all, do you think each of the following political parties is influenced by wealthy donors or powerful organisations?
 Conservative Party",UNMATCHED,,Much too influenced,Somewhat too influenced,About the right level of influence,Not especially influenced,Not influenced at all,,,,,,25.0,24.8,18.6,5.3,4.1,,,,,,VI-2026-07-07-Opinium-Observer.xlsx,DON2
"2,050 UK adults",7th - 10th July 2026,,,,2050,,region,London,"Q:DON2. Based on what you know, to what extent, if at all, do you think each of the following political parties is influenced by wealthy donors or powerful organisations?
 Conservative Party",UNMATCHED,,Much too influenced,Somewhat too influenced,About the right level of influence,Not especially influenced,Not influenced at all,,,,,,25.7,20.6,20.1,7.1,2.3,,,,,,VI-2026-07-07-Opinium-Observer.xlsx,DON2
"2,050 UK adults",7th - 10th July 2026,,,,2050,,region,South,"Q:DON2. Based on what you know, to what extent, if at all, do you think each of the following political parties is influenced by wealthy donors or powerful organisations?
 Conservative Party",UNMATCHED,,Much too influenced,Somewhat too influenced,About the right level of influence,Not especially influenced,Not influenced at all,,,,,,24.8,25.6,17.3,5.4,2.4,,,,,,VI-2026-07-07-Opinium-Observer.xlsx,DON2
"2,050 UK adults",7th - 10th July 2026,,,,2050,,region,Wales,"Q:DON2. Based on what you know, to what extent, if at all, do you think each of the following political parties is influenced by wealthy donors or powerful organisations?
 Conservative Party",UNMATCHED,,Much too influenced,Somewhat too influenced,About the right level of influence,Not especially influenced,Not influenced at all,,,,,,29.0,25.2,16.6,7.8,0.8,,,,,,VI-2026-07-07-Opinium-Observer.xlsx,DON2
"2,050 UK adults",7th - 10th July 2026,,,,2050,,region,Scotland,"Q:DON2. Based on what you know, to what extent, if at all, do you think each of the following political parties is influenced by wealthy donors or powerful organisations?
 Conservative Party",UNMATCHED,,Much too influenced,Somewhat too influenced,About the right level of influence,Not especially influenced,Not influenced at all,,,,,,30.0,19.7,17.0,4.3,3.9,,,,,,VI-2026-07-07-Opinium-Observer.xlsx,DON2
"2,050 UK adults",7th - 10th July 2026,,,,2050,,region,Northern Ireland,"Q:DON2. Based on what you know, to what extent, if at all, do you think each of the following political parties is influenced by wealthy donors or powerful organisations?
 Conservative Party",UNMATCHED,,Much too influenced,Somewhat too influenced,About the right level of influence,Not especially influenced,Not influenced at all,,,,,,29.4,22.9,12.6,4.1,,,,,,,VI-2026-07-07-Opinium-Observer.xlsx,DON2
"2,050 UK adults",7th - 10th July 2026,,,,2050,,total,Total,"Q:DON2. Based on what you know, to what extent, if at all, do you think each of the following political parties is influenced by wealthy donors or powerful organisations?
 Labour Party",UNMATCHED,,Much too influenced,Somewhat too influenced,About the right level of influence,Not especially influenced,Not influenced at all,,,,,,25.5,24.0,16.2,6.3,3.2,,,,,,VI-2026-07-07-Opinium-Observer.xlsx,DON2 (2)
"2,050 UK adults",7th - 10th July 2026,,,,2050,,current_vote,Con,"Q:DON2. Based on what you know, to what extent, if at all, do you think each of the following political parties is influenced by wealthy donors or powerful organisations?
 Labour Party",UNMATCHED,,Much too influenced,Somewhat too influenced,About the right level of influence,Not especially influenced,Not influenced at all,,,,,,30.8,26.5,12.4,3.5,3.7,,,,,,VI-2026-07-07-Opinium-Observer.xlsx,DON2 (2)
"2,050 UK adults",7th - 10th July 2026,,,,2050,,current_vote,Lab,"Q:DON2. Based on what you know, to what extent, if at all, do you think each of the following political parties is influenced by wealthy donors or powerful organisations?
 Labour Party",UNMATCHED,,Much too influenced,Somewhat too influenced,About the right level of influence,Not especially influenced,Not influenced at all,,,,,,13.6,23.6,32.4,12.0,4.1,,,,,,VI-2026-07-07-Opinium-Observer.xlsx,DON2 (2)
"2,050 UK adults",7th - 10th July 2026,,,,2050,,current_vote,Lib Dem,"Q:DON2. Based on what you know, to what extent, if at all, do you think each of the following political parties is influenced by wealthy donors or powerful organisations?
 Labour Party",UNMATCHED,,Much too influenced,Somewhat too influenced,About the right level of influence,Not especially influenced,Not influenced at all,,,,,,12.4,39.0,22.9,6.2,1.5,,,,,,VI-2026-07-07-Opinium-Observer.xlsx,DON2 (2)
"2,050 UK adults",7th - 10th July 2026,,,,2050,,current_vote,Reform,"Q:DON2. Based on what you know, to what extent, if at all, do you think each of the following political parties is influenced by wealthy donors or powerful organisations?
 Labour Party",UNMATCHED,,Much too influenced,Somewhat too influenced,About the right level of influence,Not especially influenced,Not influenced at all,,,,,,40.6,20.5,12.5,3.3,2.7,,,,,,VI-2026-07-07-Opinium-Observer.xlsx,DON2 (2)
"2,050 UK adults",7th - 10th July 2026,,,,2050,,current_vote,Green,"Q:DON2. Based on what you know, to what extent, if at all, do you think each of the following political parties is influenced by wealthy donors or powerful organisations?
 Labour Party",UNMATCHED,,Much too influenced,Somewhat too influenced,About the right level of influence,Not especially influenced,Not influenced at all,,,,,,21.4,33.4,16.5,8.7,2.9,,,,,,VI-2026-07-07-Opinium-Observer.xlsx,DON2 (2)
"2,050 UK adults",7th - 10th July 2026,,,,2050,,historic_vote,Conservative,"Q:DON2. Based on what you know, to what extent, if at all, do you think each of the following political parties is influenced by wealthy donors or powerful organisations?
 Labour Party",UNMATCHED,,Much too influenced,Somewhat too influenced,About the right level of influence,Not especially influenced,Not influenced at all,,,,,,35.1,26.6,9.2,3.0,3.1,,,,,,VI-2026-07-07-Opinium-Observer.xlsx,DON2 (2)
"2,050 UK adults",7th - 10th July 2026,,,,2050,,historic_vote,Labour,"Q:DON2. Based on what you know, to what extent, if at all, do you think each of the following political parties is influenced by wealthy donors or powerful organisations?
 Labour Party",UNMATCHED,,Much too influenced,Somewhat too influenced,About the right level of influence,Not especially influenced,Not influenced at all,,,,,,17.8,28.0,23.5,9.1,2.3,,,,,,VI-2026-07-07-Opinium-Observer.xlsx,DON2 (2)
"2,050 UK adults",7th - 10th July 2026,,,,2050,,historic_vote,Lib Dems,"Q:DON2. Based on what you know, to what extent, if at all, do you think each of the following political parties is influenced by wealthy donors or powerful organisations?
 Labour Party",UNMATCHED,,Much too influenced,Somewhat too influenced,About the right level of influence,Not especially influenced,Not influenced at all,,,,,,16.5,32.6,21.8,6.4,1.3,,,,,,VI-2026-07-07-Opinium-Observer.xlsx,DON2 (2)
"2,050 UK adults",7th - 10th July 2026,,,,2050,,historic_vote,Green,"Q:DON2. Based on what you know, to what extent, if at all, do you think each of the following political parties is influenced by wealthy donors or powerful organisations?
 Labour Party",UNMATCHED,,Much too influenced,Somewhat too influenced,About the right level of influence,Not especially influenced,Not influenced at all,,,,,,20.4,34.4,16.5,7.2,3.3,,,,,,VI-2026-07-07-Opinium-Observer.xlsx,DON2 (2)
"2,050 UK adults",7th - 10th July 2026,,,,2050,,historic_vote,Reform UK,"Q:DON2. Based on what you know, to what extent, if at all, do you think each of the following political parties is influenced by wealthy donors or powerful organisations?
 Labour Party",UNMATCHED,,Much too influenced,Somewhat too influenced,About the right level of influence,Not especially influenced,Not influenced at all,,,,,,45.8,19.8,9.2,2.5,2.5,,,,,,VI-2026-07-07-Opinium-Observer.xlsx,DON2 (2)
"2,050 UK adults",7th - 10th July 2026,,,,2050,,historic_vote,Con,"Q:DON2. Based on what you know, to what extent, if at all, do you think each of the following political parties is influenced by wealthy donors or powerful organisations?
 Labour Party",UNMATCHED,,Much too influenced,Somewhat too influenced,About the right level of influence,Not especially influenced,Not influenced at all,,,,,,37.5,24.3,9.4,2.6,2.9,,,,,,VI-2026-07-07-Opinium-Observer.xlsx,DON2 (2)
"2,050 UK adults",7th - 10th July 2026,,,,2050,,historic_vote,Lab,"Q:DON2. Based on what you know, to what extent, if at all, do you think each of the following political parties is influenced by wealthy donors or powerful organisations?
 Labour Party",UNMATCHED,,Much too influenced,Somewhat too influenced,About the right level of influence,Not especially influenced,Not influenced at all,,,,,,22.0,25.9,23.0,10.0,2.4,,,,,,VI-2026-07-07-Opinium-Observer.xlsx,DON2 (2)
"2,050 UK adults",7th - 10th July 2026,,,,2050,,historic_vote,Lib Dem,"Q:DON2. Based on what you know, to what extent, if at all, do you think each of the following political parties is influenced by wealthy donors or powerful organisations?
 Labour Party",UNMATCHED,,Much too influenced,Somewhat too influenced,About the right level of influence,Not especially influenced,Not influenced at all,,,,,,12.5,26.1,25.2,7.8,2.0,,,,,,VI-2026-07-07-Opinium-Observer.xlsx,DON2 (2)
"2,050 UK adults",7th - 10th July 2026,,,,2050,,historic_vote,Remain,"Q:DON2. Based on what you know, to what extent, if at all, do you think each of the following political parties is influenced by wealthy donors or powerful organisations?
 Labour Party",UNMATCHED,,Much too influenced,Somewhat too influenced,About the right level of influence,Not especially influenced,Not influenced at all,,,,,,19.5,28.2,19.5,7.7,2.6,,,,,,VI-2026-07-07-Opinium-Observer.xlsx,DON2 (2)
"2,050 UK adults",7th - 10th July 2026,,,,2050,,historic_vote,Leave,"Q:DON2. Based on what you know, to what extent, if at all, do you think each of the following political parties is influenced by wealthy donors or powerful organisations?
 Labour Party",UNMATCHED,,Much too influenced,Somewhat too influenced,About the right level of influence,Not especially influenced,Not influenced at all,,,,,,37.7,22.8,10.9,3.9,2.1,,,,,,VI-2026-07-07-Opinium-Observer.xlsx,DON2 (2)
"2,050 UK adults",7th - 10th July 2026,,,,2050,,gender,Male,"Q:DON2. Based on what you know, to what extent, if at all, do you think each of the following political parties is influenced by wealthy donors or powerful organisations?
 Labour Party",UNMATCHED,,Much too influenced,Somewhat too influenced,About the right level of influence,Not especially influenced,Not influenced at all,,,,,,27.9,23.7,19.3,7.2,4.2,,,,,,VI-2026-07-07-Opinium-Observer.xlsx,DON2 (2)
"2,050 UK adults",7th - 10th July 2026,,,,2050,,gender,Female,"Q:DON2. Based on what you know, to what extent, if at all, do you think each of the following political parties is influenced by wealthy donors or powerful organisations?
 Labour Party",UNMATCHED,,Much too influenced,Somewhat too influenced,About the right level of influence,Not especially influenced,Not influenced at all,,,,,,23.2,24.0,13.3,5.6,2.4,,,,,,VI-2026-07-07-Opinium-Observer.xlsx,DON2 (2)
"2,050 UK adults",7th - 10th July 2026,,,,2050,,age,18-34,"Q:DON2. Based on what you know, to what extent, if at all, do you think each of the following political parties is influenced by wealthy donors or powerful organisations?
 Labour Party",UNMATCHED,,Much too influenced,Somewhat too influenced,About the right level of influence,Not especially influenced,Not influenced at all,,,,,,17.9,24.3,22.7,11.3,5.6,,,,,,VI-2026-07-07-Opinium-Observer.xlsx,DON2 (2)
"2,050 UK adults",7th - 10th July 2026,,,,2050,,age,35-49,"Q:DON2. Based on what you know, to what extent, if at all, do you think each of the following political parties is influenced by wealthy donors or powerful organisations?
 Labour Party",UNMATCHED,,Much too influenced,Somewhat too influenced,About the right level of influence,Not especially influenced,Not influenced at all,,,,,,24.5,23.6,17.9,5.6,2.6,,,,,,VI-2026-07-07-Opinium-Observer.xlsx,DON2 (2)
"2,050 UK adults",7th - 10th July 2026,,,,2050,,age,50-64,"Q:DON2. Based on what you know, to what extent, if at all, do you think each of the following political parties is influenced by wealthy donors or powerful organisations?
 Labour Party",UNMATCHED,,Much too influenced,Somewhat too influenced,About the right level of influence,Not especially influenced,Not influenced at all,,,,,,28.5,21.7,14.6,4.1,2.2,,,,,,VI-2026-07-07-Opinium-Observer.xlsx,DON2 (2)
"2,050 UK adults",7th - 10th July 2026,,,,2050,,age,65+,"Q:DON2. Based on what you know, to what extent, if at all, do you think each of the following political parties is influenced by wealthy donors or powerful organisations?
 Labour Party",UNMATCHED,,Much too influenced,Somewhat too influenced,About the right level of influence,Not especially influenced,Not influenced at all,,,,,,32.0,26.5,8.8,3.7,2.2,,,,,,VI-2026-07-07-Opinium-Observer.xlsx,DON2 (2)
"2,050 UK adults",7th - 10th July 2026,,,,2050,,region,North,"Q:DON2. Based on what you know, to what extent, if at all, do you think each of the following political parties is influenced by wealthy donors or powerful organisations?
 Labour Party",UNMATCHED,,Much too influenced,Somewhat too influenced,About the right level of influence,Not especially influenced,Not influenced at all,,,,,,23.0,23.6,17.8,7.6,2.5,,,,,,VI-2026-07-07-Opinium-Observer.xlsx,DON2 (2)
"2,050 UK adults",7th - 10th July 2026,,,,2050,,region,Mids,"Q:DON2. Based on what you know, to what extent, if at all, do you think each of the following political parties is influenced by wealthy donors or powerful organisations?
 Labour Party",UNMATCHED,,Much too influenced,Somewhat too influenced,About the right level of influence,Not especially influenced,Not influenced at all,,,,,,25.8,25.9,15.7,7.2,4.8,,,,,,VI-2026-07-07-Opinium-Observer.xlsx,DON2 (2)
"2,050 UK adults",7th - 10th July 2026,,,,2050,,region,London,"Q:DON2. Based on what you know, to what extent, if at all, do you think each of the following political parties is influenced by wealthy donors or powerful organisations?
 Labour Party",UNMATCHED,,Much too influenced,Somewhat too influenced,About the right level of influence,Not especially influenced,Not influenced at all,,,,,,22.5,22.6,20.8,7.6,2.0,,,,,,VI-2026-07-07-Opinium-Observer.xlsx,DON2 (2)
"2,050 UK adults",7th - 10th July 2026,,,,2050,,region,South,"Q:DON2. Based on what you know, to what extent, if at all, do you think each of the following political parties is influenced by wealthy donors or powerful organisations?
 Labour Party",UNMATCHED,,Much too influenced,Somewhat too influenced,About the right level of influence,Not especially influenced,Not influenced at all,,,,,,27.6,25.4,15.0,4.1,3.0,,,,,,VI-2026-07-07-Opinium-Observer.xlsx,DON2 (2)
"2,050 UK adults",7th - 10th July 2026,,,,2050,,region,Wales,"Q:DON2. Based on what you know, to what extent, if at all, do you think each of the following political parties is influenced by wealthy donors or powerful organisations?
 Labour Party",UNMATCHED,,Much too influenced,Somewhat too influenced,About the right level of influence,Not especially influenced,Not influenced at all,,,,,,23.7,22.7,13.8,6.2,6.3,,,,,,VI-2026-07-07-Opinium-Observer.xlsx,DON2 (2)
"2,050 UK adults",7th - 10th July 2026,,,,2050,,region,Scotland,"Q:DON2. Based on what you know, to what extent, if at all, do you think each of the following political parties is influenced by wealthy donors or powerful organisations?
 Labour Party",UNMATCHED,,Much too influenced,Somewhat too influenced,About the right level of influence,Not especially influenced,Not influenced at all,,,,,,28.5,19.3,13.4,8.2,2.5,,,,,,VI-2026-07-07-Opinium-Observer.xlsx,DON2 (2)
"2,050 UK adults",7th - 10th July 2026,,,,2050,,region,Northern Ireland,"Q:DON2. Based on what you know, to what extent, if at all, do you think each of the following political parties is influenced by wealthy donors or powerful organisations?
 Labour Party",UNMATCHED,,Much too influenced,Somewhat too influenced,About the right level of influence,Not especially influenced,Not influenced at all,,,,,,28.4,22.8,10.5,5.0,5.2,,,,,,VI-2026-07-07-Opinium-Observer.xlsx,DON2 (2)
"2,050 UK adults",7th - 10th July 2026,,,,2050,,total,Total,"Q:DON2. Based on what you know, to what extent, if at all, do you think each of the following political parties is influenced by wealthy donors or powerful organisations?
 Liberal Democrats",UNMATCHED,,Much too influenced,Somewhat too influenced,About the right level of influence,Not especially influenced,Not influenced at all,,,,,,11.0,13.7,21.5,12.8,4.1,,,,,,VI-2026-07-07-Opinium-Observer.xlsx,DON2 (3)
"2,050 UK adults",7th - 10th July 2026,,,,2050,,current_vote,Con,"Q:DON2. Based on what you know, to what extent, if at all, do you think each of the following political parties is influenced by wealthy donors or powerful organisations?
 Liberal Democrats",UNMATCHED,,Much too influenced,Somewhat too influenced,About the right level of influence,Not especially influenced,Not influenced at all,,,,,,8.9,15.0,17.0,12.7,3.3,,,,,,VI-2026-07-07-Opinium-Observer.xlsx,DON2 (3)
"2,050 UK adults",7th - 10th July 2026,,,,2050,,current_vote,Lab,"Q:DON2. Based on what you know, to what extent, if at all, do you think each of the following political parties is influenced by wealthy donors or powerful organisations?
 Liberal Democrats",UNMATCHED,,Much too influenced,Somewhat too influenced,About the right level of influence,Not especially influenced,Not influenced at all,,,,,,8.4,14.5,33.2,18.5,5.1,,,,,,VI-2026-07-07-Opinium-Observer.xlsx,DON2 (3)
"2,050 UK adults",7th - 10th July 2026,,,,2050,,current_vote,Lib Dem,"Q:DON2. Based on what you know, to what extent, if at all, do you think each of the following political parties is influenced by wealthy donors or powerful organisations?
 Liberal Democrats",UNMATCHED,,Much too influenced,Somewhat too influenced,About the right level of influence,Not especially influenced,Not influenced at all,,,,,,3.9,11.0,32.4,26.7,4.4,,,,,,VI-2026-07-07-Opinium-Observer.xlsx,DON2 (3)
"2,050 UK adults",7th - 10th July 2026,,,,2050,,current_vote,Reform,"Q:DON2. Based on what you know, to what extent, if at all, do you think each of the following political parties is influenced by wealthy donors or powerful organisations?
 Liberal Democrats",UNMATCHED,,Much too influenced,Somewhat too influenced,About the right level of influence,Not especially influenced,Not influenced at all,,,,,,13.2,20.3,21.9,6.8,3.6,,,,,,VI-2026-07-07-Opinium-Observer.xlsx,DON2 (3)
"2,050 UK adults",7th - 10th July 2026,,,,2050,,current_vote,Green,"Q:DON2. Based on what you know, to what extent, if at all, do you think each of the following political parties is influenced by wealthy donors or powerful organisations?
 Liberal Democrats",UNMATCHED,,Much too influenced,Somewhat too influenced,About the right level of influence,Not especially influenced,Not influenced at all,,,,,,9.4,16.9,24.9,16.3,3.9,,,,,,VI-2026-07-07-Opinium-Observer.xlsx,DON2 (3)
"2,050 UK adults",7th - 10th July 2026,,,,2050,,historic_vote,Conservative,"Q:DON2. Based on what you know, to what extent, if at all, do you think each of the following political parties is influenced by wealthy donors or powerful organisations?
 Liberal Democrats",UNMATCHED,,Much too influenced,Somewhat too influenced,About the right level of influence,Not especially influenced,Not influenced at all,,,,,,10.0,15.6,17.7,10.2,3.0,,,,,,VI-2026-07-07-Opinium-Observer.xlsx,DON2 (3)
"2,050 UK adults",7th - 10th July 2026,,,,2050,,historic_vote,Labour,"Q:DON2. Based on what you know, to what extent, if at all, do you think each of the following political parties is influenced by wealthy donors or powerful organisations?
 Liberal Democrats",UNMATCHED,,Much too influenced,Somewhat too influenced,About the right level of influence,Not especially influenced,Not influenced at all,,,,,,9.9,13.5,30.1,14.2,3.6,,,,,,VI-2026-07-07-Opinium-Observer.xlsx,DON2 (3)
"2,050 UK adults",7th - 10th July 2026,,,,2050,,historic_vote,Lib Dems,"Q:DON2. Based on what you know, to what extent, if at all, do you think each of the following political parties is influenced by wealthy donors or powerful organisations?
 Liberal Democrats",UNMATCHED,,Much too influenced,Somewhat too influenced,About the right level of influence,Not especially influenced,Not influenced at all,,,,,,5.0,9.7,25.0,24.6,4.0,,,,,,VI-2026-07-07-Opinium-Observer.xlsx,DON2 (3)
"2,050 UK adults",7th - 10th July 2026,,,,2050,,historic_vote,Green,"Q:DON2. Based on what you know, to what extent, if at all, do you think each of the following political parties is influenced by wealthy donors or powerful organisations?
 Liberal Democrats",UNMATCHED,,Much too influenced,Somewhat too influenced,About the right level of influence,Not especially influenced,Not influenced at all,,,,,,8.0,18.0,28.8,13.7,1.9,,,,,,VI-2026-07-07-Opinium-Observer.xlsx,DON2 (3)
"2,050 UK adults",7th - 10th July 2026,,,,2050,,historic_vote,Reform UK,"Q:DON2. Based on what you know, to what extent, if at all, do you think each of the following political parties is influenced by wealthy donors or powerful organisations?
 Liberal Democrats",UNMATCHED,,Much too influenced,Somewhat too influenced,About the right level of influence,Not especially influenced,Not influenced at all,,,,,,20.1,21.2,13.3,5.5,3.5,,,,,,VI-2026-07-07-Opinium-Observer.xlsx,DON2 (3)
"2,050 UK adults",7th - 10th July 2026,,,,2050,,historic_vote,Con,"Q:DON2. Based on what you know, to what extent, if at all, do you think each of the following political parties is influenced by wealthy donors or powerful organisations?
 Liberal Democrats",UNMATCHED,,Much too influenced,Somewhat too influenced,About the right level of influence,Not especially influenced,Not influenced at all,,,,,,11.4,15.2,16.9,10.6,2.9,,,,,,VI-2026-07-07-Opinium-Observer.xlsx,DON2 (3)
"2,050 UK adults",7th - 10th July 2026,,,,2050,,historic_vote,Lab,"Q:DON2. Based on what you know, to what extent, if at all, do you think each of the following political parties is influenced by wealthy donors or powerful organisations?
 Liberal Democrats",UNMATCHED,,Much too influenced,Somewhat too influenced,About the right level of influence,Not especially influenced,Not influenced at all,,,,,,12.1,14.2,24.5,15.7,4.3,,,,,,VI-2026-07-07-Opinium-Observer.xlsx,DON2 (3)
"2,050 UK adults",7th - 10th July 2026,,,,2050,,historic_vote,Lib Dem,"Q:DON2. Based on what you know, to what extent, if at all, do you think each of the following political parties is influenced by wealthy donors or powerful organisations?
 Liberal Democrats",UNMATCHED,,Much too influenced,Somewhat too influenced,About the right level of influence,Not especially influenced,Not influenced at all,,,,,,6.4,8.4,32.5,21.1,2.4,,,,,,VI-2026-07-07-Opinium-Observer.xlsx,DON2 (3)
"2,050 UK adults",7th - 10th July 2026,,,,2050,,historic_vote,Remain,"Q:DON2. Based on what you know, to what extent, if at all, do you think each of the following political parties is influenced by wealthy donors or powerful organisations?
 Liberal Democrats",UNMATCHED,,Much too influenced,Somewhat too influenced,About the right level of influence,Not especially influenced,Not influenced at all,,,,,,7.9,13.5,24.5,16.4,2.9,,,,,,VI-2026-07-07-Opinium-Observer.xlsx,DON2 (3)
"2,050 UK adults",7th - 10th July 2026,,,,2050,,historic_vote,Leave,"Q:DON2. Based on what you know, to what extent, if at all, do you think each of the following political parties is influenced by wealthy donors or powerful organisations?
 Liberal Democrats",UNMATCHED,,Much too influenced,Somewhat too influenced,About the right level of influence,Not especially influenced,Not influenced at all,,,,,,14.1,14.7,17.8,8.5,3.6,,,,,,VI-2026-07-07-Opinium-Observer.xlsx,DON2 (3)
"2,050 UK adults",7th - 10th July 2026,,,,2050,,gender,Male,"Q:DON2. Based on what you know, to what extent, if at all, do you think each of the following political parties is influenced by wealthy donors or powerful organisations?
 Liberal Democrats",UNMATCHED,,Much too influenced,Somewhat too influenced,About the right level of influence,Not especially influenced,Not influenced at all,,,,,,11.9,14.7,23.8,14.6,4.7,,,,,,VI-2026-07-07-Opinium-Observer.xlsx,DON2 (3)
"2,050 UK adults",7th - 10th July 2026,,,,2050,,gender,Female,"Q:DON2. Based on what you know, to what extent, if at all, do you think each of the following political parties is influenced by wealthy donors or powerful organisations?
 Liberal Democrats",UNMATCHED,,Much too influenced,Somewhat too influenced,About the right level of influence,Not especially influenced,Not influenced at all,,,,,,10.0,12.4,19.5,11.2,3.5,,,,,,VI-2026-07-07-Opinium-Observer.xlsx,DON2 (3)
"2,050 UK adults",7th - 10th July 2026,,,,2050,,age,18-34,"Q:DON2. Based on what you know, to what extent, if at all, do you think each of the following political parties is influenced by wealthy donors or powerful organisations?
 Liberal Democrats",UNMATCHED,,Much too influenced,Somewhat too influenced,About the right level of influence,Not especially influenced,Not influenced at all,,,,,,12.4,16.3,27.5,17.2,5.4,,,,,,VI-2026-07-07-Opinium-Observer.xlsx,DON2 (3)
"2,050 UK adults",7th - 10th July 2026,,,,2050,,age,35-49,"Q:DON2. Based on what you know, to what extent, if at all, do you think each of the following political parties is influenced by wealthy donors or powerful organisations?
 Liberal Democrats",UNMATCHED,,Much too influenced,Somewhat too influenced,About the right level of influence,Not especially influenced,Not influenced at all,,,,,,11.1,11.6,21.7,12.6,3.7,,,,,,VI-2026-07-07-Opinium-Observer.xlsx,DON2 (3)
"2,050 UK adults",7th - 10th July 2026,,,,2050,,age,50-64,"Q:DON2. Based on what you know, to what extent, if at all, do you think each of the following political parties is influenced by wealthy donors or powerful organisations?
 Liberal Democrats",UNMATCHED,,Much too influenced,Somewhat too influenced,About the right level of influence,Not especially influenced,Not influenced at all,,,,,,11.6,13.1,20.5,9.5,3.3,,,,,,VI-2026-07-07-Opinium-Observer.xlsx,DON2 (3)
"2,050 UK adults",7th - 10th July 2026,,,,2050,,age,65+,"Q:DON2. Based on what you know, to what extent, if at all, do you think each of the following political parties is influenced by wealthy donors or powerful organisations?
 Liberal Democrats",UNMATCHED,,Much too influenced,Somewhat too influenced,About the right level of influence,Not especially influenced,Not influenced at all,,,,,,8.4,13.4,15.3,11.3,3.9,,,,,,VI-2026-07-07-Opinium-Observer.xlsx,DON2 (3)
"2,050 UK adults",7th - 10th July 2026,,,,2050,,region,North,"Q:DON2. Based on what you know, to what extent, if at all, do you think each of the following political parties is influenced by wealthy donors or powerful organisations?
 Liberal Democrats",UNMATCHED,,Much too influenced,Somewhat too influenced,About the right level of influence,Not especially influenced,Not influenced at all,,,,,,10.4,12.5,25.5,9.6,5.5,,,,,,VI-2026-07-07-Opinium-Observer.xlsx,DON2 (3)
"2,050 UK adults",7th - 10th July 2026,,,,2050,,region,Mids,"Q:DON2. Based on what you know, to what extent, if at all, do you think each of the following political parties is influenced by wealthy donors or powerful organisations?
 Liberal Democrats",UNMATCHED,,Much too influenced,Somewhat too influenced,About the right level of influence,Not especially influenced,Not influenced at all,,,,,,10.1,13.0,24.1,11.2,5.3,,,,,,VI-2026-07-07-Opinium-Observer.xlsx,DON2 (3)
"2,050 UK adults",7th - 10th July 2026,,,,2050,,region,London,"Q:DON2. Based on what you know, to what extent, if at all, do you think each of the following political parties is influenced by wealthy donors or powerful organisations?
 Liberal Democrats",UNMATCHED,,Much too influenced,Somewhat too influenced,About the right level of influence,Not especially influenced,Not influenced at all,,,,,,12.9,14.9,22.1,16.6,2.8,,,,,,VI-2026-07-07-Opinium-Observer.xlsx,DON2 (3)
"2,050 UK adults",7th - 10th July 2026,,,,2050,,region,South,"Q:DON2. Based on what you know, to what extent, if at all, do you think each of the following political parties is influenced by wealthy donors or powerful organisations?
 Liberal Democrats",UNMATCHED,,Much too influenced,Somewhat too influenced,About the right level of influence,Not especially influenced,Not influenced at all,,,,,,10.1,16.1,18.2,14.2,3.9,,,,,,VI-2026-07-07-Opinium-Observer.xlsx,DON2 (3)
"2,050 UK adults",7th - 10th July 2026,,,,2050,,region,Wales,"Q:DON2. Based on what you know, to what extent, if at all, do you think each of the following political parties is influenced by wealthy donors or powerful organisations?
 Liberal Democrats",UNMATCHED,,Much too influenced,Somewhat too influenced,About the right level of influence,Not especially influenced,Not influenced at all,,,,,,16.8,7.8,18.9,10.7,3.1,,,,,,VI-2026-07-07-Opinium-Observer.xlsx,DON2 (3)
"2,050 UK adults",7th - 10th July 2026,,,,2050,,region,Scotland,"Q:DON2. Based on what you know, to what extent, if at all, do you think each of the following political parties is influenced by wealthy donors or powerful organisations?
 Liberal Democrats",UNMATCHED,,Much too influenced,Somewhat too influenced,About the right level of influence,Not especially influenced,Not influenced at all,,,,,,12.7,9.5,21.2,15.4,1.8,,,,,,VI-2026-07-07-Opinium-Observer.xlsx,DON2 (3)
"2,050 UK adults",7th - 10th July 2026,,,,2050,,region,Northern Ireland,"Q:DON2. Based on what you know, to what extent, if at all, do you think each of the following political parties is influenced by wealthy donors or powerful organisations?
 Liberal Democrats",UNMATCHED,,Much too influenced,Somewhat too influenced,About the right level of influence,Not especially influenced,Not influenced at all,,,,,,6.4,16.5,13.0,9.6,2.1,,,,,,VI-2026-07-07-Opinium-Observer.xlsx,DON2 (3)
"2,050 UK adults",7th - 10th July 2026,,,,2050,,total,Total,"Q:DON2. Based on what you know, to what extent, if at all, do you think each of the following political parties is influenced by wealthy donors or powerful organisations?
 Reform UK",UNMATCHED,,Much too influenced,Somewhat too influenced,About the right level of influence,Not especially influenced,Not influenced at all,,,,,,36.7,16.5,14.8,5.8,4.1,,,,,,VI-2026-07-07-Opinium-Observer.xlsx,DON2 (4)
"2,050 UK adults",7th - 10th July 2026,,,,2050,,current_vote,Con,"Q:DON2. Based on what you know, to what extent, if at all, do you think each of the following political parties is influenced by wealthy donors or powerful organisations?
 Reform UK",UNMATCHED,,Much too influenced,Somewhat too influenced,About the right level of influence,Not especially influenced,Not influenced at all,,,,,,33.4,20.4,11.0,5.9,4.3,,,,,,VI-2026-07-07-Opinium-Observer.xlsx,DON2 (4)
"2,050 UK adults",7th - 10th July 2026,,,,2050,,current_vote,Lab,"Q:DON2. Based on what you know, to what extent, if at all, do you think each of the following political parties is influenced by wealthy donors or powerful organisations?
 Reform UK",UNMATCHED,,Much too influenced,Somewhat too influenced,About the right level of influence,Not especially influenced,Not influenced at all,,,,,,46.3,21.2,14.3,8.2,3.6,,,,,,VI-2026-07-07-Opinium-Observer.xlsx,DON2 (4)
"2,050 UK adults",7th - 10th July 2026,,,,2050,,current_vote,Lib Dem,"Q:DON2. Based on what you know, to what extent, if at all, do you think each of the following political parties is influenced by wealthy donors or powerful organisations?
 Reform UK",UNMATCHED,,Much too influenced,Somewhat too influenced,About the right level of influence,Not especially influenced,Not influenced at all,,,,,,56.5,22.7,5.4,3.1,0.6,,,,,,VI-2026-07-07-Opinium-Observer.xlsx,DON2 (4)
"2,050 UK adults",7th - 10th July 2026,,,,2050,,current_vote,Reform,"Q:DON2. Based on what you know, to what extent, if at all, do you think each of the following political parties is influenced by wealthy donors or powerful organisations?
 Reform UK",UNMATCHED,,Much too influenced,Somewhat too influenced,About the right level of influence,Not especially influenced,Not influenced at all,,,,,,6.7,14.2,37.9,11.3,6.8,,,,,,VI-2026-07-07-Opinium-Observer.xlsx,DON2 (4)
"2,050 UK adults",7th - 10th July 2026,,,,2050,,current_vote,Green,"Q:DON2. Based on what you know, to what extent, if at all, do you think each of the following political parties is influenced by wealthy donors or powerful organisations?
 Reform UK",UNMATCHED,,Much too influenced,Somewhat too influenced,About the right level of influence,Not especially influenced,Not influenced at all,,,,,,62.0,12.5,6.0,4.7,4.5,,,,,,VI-2026-07-07-Opinium-Observer.xlsx,DON2 (4)
"2,050 UK adults",7th - 10th July 2026,,,,2050,,historic_vote,Conservative,"Q:DON2. Based on what you know, to what extent, if at all, do you think each of the following political parties is influenced by wealthy donors or powerful organisations?
 Reform UK",UNMATCHED,,Much too influenced,Somewhat too influenced,About the right level of influence,Not especially influenced,Not influenced at all,,,,,,26.1,21.3,13.9,8.3,4.0,,,,,,VI-2026-07-07-Opinium-Observer.xlsx,DON2 (4)
"2,050 UK adults",7th - 10th July 2026,,,,2050,,historic_vote,Labour,"Q:DON2. Based on what you know, to what extent, if at all, do you think each of the following political parties is influenced by wealthy donors or powerful organisations?
 Reform UK",UNMATCHED,,Much too influenced,Somewhat too influenced,About the right level of influence,Not especially influenced,Not influenced at all,,,,,,51.2,17.5,13.4,4.5,2.8,,,,,,VI-2026-07-07-Opinium-Observer.xlsx,DON2 (4)
"2,050 UK adults",7th - 10th July 2026,,,,2050,,historic_vote,Lib Dems,"Q:DON2. Based on what you know, to what extent, if at all, do you think each of the following political parties is influenced by wealthy donors or powerful organisations?
 Reform UK",UNMATCHED,,Much too influenced,Somewhat too influenced,About the right level of influence,Not especially influenced,Not influenced at all,,,,,,57.1,16.7,5.6,4.5,1.0,,,,,,VI-2026-07-07-Opinium-Observer.xlsx,DON2 (4)
"2,050 UK adults",7th - 10th July 2026,,,,2050,,historic_vote,Green,"Q:DON2. Based on what you know, to what extent, if at all, do you think each of the following political parties is influenced by wealthy donors or powerful organisations?
 Reform UK",UNMATCHED,,Much too influenced,Somewhat too influenced,About the right level of influence,Not especially influenced,Not influenced at all,,,,,,56.0,14.3,12.8,3.8,2.4,,,,,,VI-2026-07-07-Opinium-Observer.xlsx,DON2 (4)
"2,050 UK adults",7th - 10th July 2026,,,,2050,,historic_vote,Reform UK,"Q:DON2. Based on what you know, to what extent, if at all, do you think each of the following political parties is influenced by wealthy donors or powerful organisations?
 Reform UK",UNMATCHED,,Much too influenced,Somewhat too influenced,About the right level of influence,Not especially influenced,Not influenced at all,,,,,,11.7,14.9,31.5,9.1,7.3,,,,,,VI-2026-07-07-Opinium-Observer.xlsx,DON2 (4)
"2,050 UK adults",7th - 10th July 2026,,,,2050,,historic_vote,Con,"Q:DON2. Based on what you know, to what extent, if at all, do you think each of the following political parties is influenced by wealthy donors or powerful organisations?
 Reform UK",UNMATCHED,,Much too influenced,Somewhat too influenced,About the right level of influence,Not especially influenced,Not influenced at all,,,,,,25.0,17.9,18.4,8.1,4.7,,,,,,VI-2026-07-07-Opinium-Observer.xlsx,DON2 (4)
"2,050 UK adults",7th - 10th July 2026,,,,2050,,historic_vote,Lab,"Q:DON2. Based on what you know, to what extent, if at all, do you think each of the following political parties is influenced by wealthy donors or powerful organisations?
 Reform UK",UNMATCHED,,Much too influenced,Somewhat too influenced,About the right level of influence,Not especially influenced,Not influenced at all,,,,,,55.9,17.2,12.1,4.4,1.5,,,,,,VI-2026-07-07-Opinium-Observer.xlsx,DON2 (4)
"2,050 UK adults",7th - 10th July 2026,,,,2050,,historic_vote,Lib Dem,"Q:DON2. Based on what you know, to what extent, if at all, do you think each of the following political parties is influenced by wealthy donors or powerful organisations?
 Reform UK",UNMATCHED,,Much too influenced,Somewhat too influenced,About the right level of influence,Not especially influenced,Not influenced at all,,,,,,53.2,21.6,4.5,3.8,1.3,,,,,,VI-2026-07-07-Opinium-Observer.xlsx,DON2 (4)
"2,050 UK adults",7th - 10th July 2026,,,,2050,,historic_vote,Remain,"Q:DON2. Based on what you know, to what extent, if at all, do you think each of the following political parties is influenced by wealthy donors or powerful organisations?
 Reform UK",UNMATCHED,,Much too influenced,Somewhat too influenced,About the right level of influence,Not especially influenced,Not influenced at all,,,,,,53.6,16.4,9.2,4.0,1.4,,,,,,VI-2026-07-07-Opinium-Observer.xlsx,DON2 (4)
"2,050 UK adults",7th - 10th July 2026,,,,2050,,historic_vote,Leave,"Q:DON2. Based on what you know, to what extent, if at all, do you think each of the following political parties is influenced by wealthy donors or powerful organisations?
 Reform UK",UNMATCHED,,Much too influenced,Somewhat too influenced,About the right level of influence,Not especially influenced,Not influenced at all,,,,,,26.0,16.7,20.0,6.5,4.4,,,,,,VI-2026-07-07-Opinium-Observer.xlsx,DON2 (4)
"2,050 UK adults",7th - 10th July 2026,,,,2050,,gender,Male,"Q:DON2. Based on what you know, to what extent, if at all, do you think each of the following political parties is influenced by wealthy donors or powerful organisations?
 Reform UK",UNMATCHED,,Much too influenced,Somewhat too influenced,About the right level of influence,Not especially influenced,Not influenced at all,,,,,,33.8,17.8,18.8,6.3,5.1,,,,,,VI-2026-07-07-Opinium-Observer.xlsx,DON2 (4)
"2,050 UK adults",7th - 10th July 2026,,,,2050,,gender,Female,"Q:DON2. Based on what you know, to what extent, if at all, do you think each of the following political parties is influenced by wealthy donors or powerful organisations?
 Reform UK",UNMATCHED,,Much too influenced,Somewhat too influenced,About the right level of influence,Not especially influenced,Not influenced at all,,,,,,39.3,15.5,11.1,5.3,3.2,,,,,,VI-2026-07-07-Opinium-Observer.xlsx,DON2 (4)
"2,050 UK adults",7th - 10th July 2026,,,,2050,,age,18-34,"Q:DON2. Based on what you know, to what extent, if at all, do you think each of the following political parties is influenced by wealthy donors or powerful organisations?
 Reform UK",UNMATCHED,,Much too influenced,Somewhat too influenced,About the right level of influence,Not especially influenced,Not influenced at all,,,,,,32.6,19.7,18.3,8.8,6.1,,,,,,VI-2026-07-07-Opinium-Observer.xlsx,DON2 (4)
"2,050 UK adults",7th - 10th July 2026,,,,2050,,age,35-49,"Q:DON2. Based on what you know, to what extent, if at all, do you think each of the following political parties is influenced by wealthy donors or powerful organisations?
 Reform UK",UNMATCHED,,Much too influenced,Somewhat too influenced,About the right level of influence,Not especially influenced,Not influenced at all,,,,,,36.8,16.5,18.1,4.8,3.2,,,,,,VI-2026-07-07-Opinium-Observer.xlsx,DON2 (4)
"2,050 UK adults",7th - 10th July 2026,,,,2050,,age,50-64,"Q:DON2. Based on what you know, to what extent, if at all, do you think each of the following political parties is influenced by wealthy donors or powerful organisations?
 Reform UK",UNMATCHED,,Much too influenced,Somewhat too influenced,About the right level of influence,Not especially influenced,Not influenced at all,,,,,,42.4,12.8,10.3,4.0,4.4,,,,,,VI-2026-07-07-Opinium-Observer.xlsx,DON2 (4)
"2,050 UK adults",7th - 10th July 2026,,,,2050,,age,65+,"Q:DON2. Based on what you know, to what extent, if at all, do you think each of the following political parties is influenced by wealthy donors or powerful organisations?
 Reform UK",UNMATCHED,,Much too influenced,Somewhat too influenced,About the right level of influence,Not especially influenced,Not influenced at all,,,,,,35.5,16.7,12.2,5.1,2.5,,,,,,VI-2026-07-07-Opinium-Observer.xlsx,DON2 (4)
"2,050 UK adults",7th - 10th July 2026,,,,2050,,region,North,"Q:DON2. Based on what you know, to what extent, if at all, do you think each of the following political parties is influenced by wealthy donors or powerful organisations?
 Reform UK",UNMATCHED,,Much too influenced,Somewhat too influenced,About the right level of influence,Not especially influenced,Not influenced at all,,,,,,32.9,18.2,16.3,5.6,3.9,,,,,,VI-2026-07-07-Opinium-Observer.xlsx,DON2 (4)
"2,050 UK adults",7th - 10th July 2026,,,,2050,,region,Mids,"Q:DON2. Based on what you know, to what extent, if at all, do you think each of the following political parties is influenced by wealthy donors or powerful organisations?
 Reform UK",UNMATCHED,,Much too influenced,Somewhat too influenced,About the right level of influence,Not especially influenced,Not influenced at all,,,,,,35.2,16.0,16.4,4.8,4.0,,,,,,VI-2026-07-07-Opinium-Observer.xlsx,DON2 (4)
"2,050 UK adults",7th - 10th July 2026,,,,2050,,region,London,"Q:DON2. Based on what you know, to what extent, if at all, do you think each of the following political parties is influenced by wealthy donors or powerful organisations?
 Reform UK",UNMATCHED,,Much too influenced,Somewhat too influenced,About the right level of influence,Not especially influenced,Not influenced at all,,,,,,34.7,17.8,14.8,9.8,4.4,,,,,,VI-2026-07-07-Opinium-Observer.xlsx,DON2 (4)
"2,050 UK adults",7th - 10th July 2026,,,,2050,,region,South,"Q:DON2. Based on what you know, to what extent, if at all, do you think each of the following political parties is influenced by wealthy donors or powerful organisations?
 Reform UK",UNMATCHED,,Much too influenced,Somewhat too influenced,About the right level of influence,Not especially influenced,Not influenced at all,,,,,,38.5,15.8,14.3,5.6,4.1,,,,,,VI-2026-07-07-Opinium-Observer.xlsx,DON2 (4)
"2,050 UK adults",7th - 10th July 2026,,,,2050,,region,Wales,"Q:DON2. Based on what you know, to what extent, if at all, do you think each of the following political parties is influenced by wealthy donors or powerful organisations?
 Reform UK",UNMATCHED,,Much too influenced,Somewhat too influenced,About the right level of influence,Not especially influenced,Not influenced at all,,,,,,45.4,19.0,13.8,3.7,7.9,,,,,,VI-2026-07-07-Opinium-Observer.xlsx,DON2 (4)
"2,050 UK adults",7th - 10th July 2026,,,,2050,,region,Scotland,"Q:DON2. Based on what you know, to what extent, if at all, do you think each of the following political parties is influenced by wealthy donors or powerful organisations?
 Reform UK",UNMATCHED,,Much too influenced,Somewhat too influenced,About the right level of influence,Not especially influenced,Not influenced at all,,,,,,42.5,14.2,10.4,4.4,4.1,,,,,,VI-2026-07-07-Opinium-Observer.xlsx,DON2 (4)
"2,050 UK adults",7th - 10th July 2026,,,,2050,,region,Northern Ireland,"Q:DON2. Based on what you know, to what extent, if at all, do you think each of the following political parties is influenced by wealthy donors or powerful organisations?
 Reform UK",UNMATCHED,,Much too influenced,Somewhat too influenced,About the right level of influence,Not especially influenced,Not influenced at all,,,,,,33.8,9.2,13.5,3.8,,,,,,,VI-2026-07-07-Opinium-Observer.xlsx,DON2 (4)
"2,050 UK adults",7th - 10th July 2026,,,,2050,,total,Total,"Q:DON2. Based on what you know, to what extent, if at all, do you think each of the following political parties is influenced by wealthy donors or powerful organisations?
 Green Party",UNMATCHED,,Much too influenced,Somewhat too influenced,About the right level of influence,Not especially influenced,Not influenced at all,,,,,,12.4,11.9,16.3,14.1,6.8,,,,,,VI-2026-07-07-Opinium-Observer.xlsx,DON2 (5)
"2,050 UK adults",7th - 10th July 2026,,,,2050,,current_vote,Con,"Q:DON2. Based on what you know, to what extent, if at all, do you think each of the following political parties is influenced by wealthy donors or powerful organisations?
 Green Party",UNMATCHED,,Much too influenced,Somewhat too influenced,About the right level of influence,Not especially influenced,Not influenced at all,,,,,,11.8,12.2,12.9,11.4,5.0,,,,,,VI-2026-07-07-Opinium-Observer.xlsx,DON2 (5)
"2,050 UK adults",7th - 10th July 2026,,,,2050,,current_vote,Lab,"Q:DON2. Based on what you know, to what extent, if at all, do you think each of the following political parties is influenced by wealthy donors or powerful organisations?
 Green Party",UNMATCHED,,Much too influenced,Somewhat too influenced,About the right level of influence,Not especially influenced,Not influenced at all,,,,,,6.8,15.0,30.1,16.4,9.5,,,,,,VI-2026-07-07-Opinium-Observer.xlsx,DON2 (5)
"2,050 UK adults",7th - 10th July 2026,,,,2050,,current_vote,Lib Dem,"Q:DON2. Based on what you know, to what extent, if at all, do you think each of the following political parties is influenced by wealthy donors or powerful organisations?
 Green Party",UNMATCHED,,Much too influenced,Somewhat too influenced,About the right level of influence,Not especially influenced,Not influenced at all,,,,,,4.1,13.8,23.9,17.2,7.7,,,,,,VI-2026-07-07-Opinium-Observer.xlsx,DON2 (5)
"2,050 UK adults",7th - 10th July 2026,,,,2050,,current_vote,Reform,"Q:DON2. Based on what you know, to what extent, if at all, do you think each of the following political parties is influenced by wealthy donors or powerful organisations?
 Green Party",UNMATCHED,,Much too influenced,Somewhat too influenced,About the right level of influence,Not especially influenced,Not influenced at all,,,,,,22.2,14.7,14.4,10.0,2.9,,,,,,VI-2026-07-07-Opinium-Observer.xlsx,DON2 (5)
"2,050 UK adults",7th - 10th July 2026,,,,2050,,current_vote,Green,"Q:DON2. Based on what you know, to what extent, if at all, do you think each of the following political parties is influenced by wealthy donors or powerful organisations?
 Green Party",UNMATCHED,,Much too influenced,Somewhat too influenced,About the right level of influence,Not especially influenced,Not influenced at all,,,,,,4.8,11.5,19.1,26.5,16.4,,,,,,VI-2026-07-07-Opinium-Observer.xlsx,DON2 (5)
"2,050 UK adults",7th - 10th July 2026,,,,2050,,historic_vote,Conservative,"Q:DON2. Based on what you know, to what extent, if at all, do you think each of the following political parties is influenced by wealthy donors or powerful organisations?
 Green Party",UNMATCHED,,Much too influenced,Somewhat too influenced,About the right level of influence,Not especially influenced,Not influenced at all,,,,,,14.2,13.3,9.5,9.7,3.9,,,,,,VI-2026-07-07-Opinium-Observer.xlsx,DON2 (5)
"2,050 UK adults",7th - 10th July 2026,,,,2050,,historic_vote,Labour,"Q:DON2. Based on what you know, to what extent, if at all, do you think each of the following political parties is influenced by wealthy donors or powerful organisations?
 Green Party",UNMATCHED,,Much too influenced,Somewhat too influenced,About the right level of influence,Not especially influenced,Not influenced at all,,,,,,9.5,12.9,23.8,16.7,8.0,,,,,,VI-2026-07-07-Opinium-Observer.xlsx,DON2 (5)
"2,050 UK adults",7th - 10th July 2026,,,,2050,,historic_vote,Lib Dems,"Q:DON2. Based on what you know, to what extent, if at all, do you think each of the following political parties is influenced by wealthy donors or powerful organisations?
 Green Party",UNMATCHED,,Much too influenced,Somewhat too influenced,About the right level of influence,Not especially influenced,Not influenced at all,,,,,,6.0,10.5,18.5,16.4,6.7,,,,,,VI-2026-07-07-Opinium-Observer.xlsx,DON2 (5)
"2,050 UK adults",7th - 10th July 2026,,,,2050,,historic_vote,Green,"Q:DON2. Based on what you know, to what extent, if at all, do you think each of the following political parties is influenced by wealthy donors or powerful organisations?
 Green Party",UNMATCHED,,Much too influenced,Somewhat too influenced,About the right level of influence,Not especially influenced,Not influenced at all,,,,,,4.4,8.8,17.5,25.1,17.2,,,,,,VI-2026-07-07-Opinium-Observer.xlsx,DON2 (5)
"2,050 UK adults",7th - 10th July 2026,,,,2050,,historic_vote,Reform UK,"Q:DON2. Based on what you know, to what extent, if at all, do you think each of the following political parties is influenced by wealthy donors or powerful organisations?
 Green Party",UNMATCHED,,Much too influenced,Somewhat too influenced,About the right level of influence,Not especially influenced,Not influenced at all,,,,,,27.1,16.4,12.7,4.1,2.8,,,,,,VI-2026-07-07-Opinium-Observer.xlsx,DON2 (5)
"2,050 UK adults",7th - 10th July 2026,,,,2050,,historic_vote,Con,"Q:DON2. Based on what you know, to what extent, if at all, do you think each of the following political parties is influenced by wealthy donors or powerful organisations?
 Green Party",UNMATCHED,,Much too influenced,Somewhat too influenced,About the right level of influence,Not especially influenced,Not influenced at all,,,,,,16.9,12.7,11.1,7.6,3.6,,,,,,VI-2026-07-07-Opinium-Observer.xlsx,DON2 (5)
"2,050 UK adults",7th - 10th July 2026,,,,2050,,historic_vote,Lab,"Q:DON2. Based on what you know, to what extent, if at all, do you think each of the following political parties is influenced by wealthy donors or powerful organisations?
 Green Party",UNMATCHED,,Much too influenced,Somewhat too influenced,About the right level of influence,Not especially influenced,Not influenced at all,,,,,,8.9,12.5,19.3,20.4,10.5,,,,,,VI-2026-07-07-Opinium-Observer.xlsx,DON2 (5)
"2,050 UK adults",7th - 10th July 2026,,,,2050,,historic_vote,Lib Dem,"Q:DON2. Based on what you know, to what extent, if at all, do you think each of the following political parties is influenced by wealthy donors or powerful organisations?
 Green Party",UNMATCHED,,Much too influenced,Somewhat too influenced,About the right level of influence,Not especially influenced,Not influenced at all,,,,,,5.1,10.9,21.1,18.1,5.3,,,,,,VI-2026-07-07-Opinium-Observer.xlsx,DON2 (5)
"2,050 UK adults",7th - 10th July 2026,,,,2050,,historic_vote,Remain,"Q:DON2. Based on what you know, to what extent, if at all, do you think each of the following political parties is influenced by wealthy donors or powerful organisations?
 Green Party",UNMATCHED,,Much too influenced,Somewhat too influenced,About the right level of influence,Not especially influenced,Not influenced at all,,,,,,6.7,10.5,18.9,19.4,8.1,,,,,,VI-2026-07-07-Opinium-Observer.xlsx,DON2 (5)
"2,050 UK adults",7th - 10th July 2026,,,,2050,,historic_vote,Leave,"Q:DON2. Based on what you know, to what extent, if at all, do you think each of the following political parties is influenced by wealthy donors or powerful organisations?
 Green Party",UNMATCHED,,Much too influenced,Somewhat too influenced,About the right level of influence,Not especially influenced,Not influenced at all,,,,,,19.7,11.9,11.3,8.3,3.5,,,,,,VI-2026-07-07-Opinium-Observer.xlsx,DON2 (5)
"2,050 UK adults",7th - 10th July 2026,,,,2050,,gender,Male,"Q:DON2. Based on what you know, to what extent, if at all, do you think each of the following political parties is influenced by wealthy donors or powerful organisations?
 Green Party",UNMATCHED,,Much too influenced,Somewhat too influenced,About the right level of influence,Not especially influenced,Not influenced at all,,,,,,15.7,12.9,17.9,13.6,7.2,,,,,,VI-2026-07-07-Opinium-Observer.xlsx,DON2 (5)
"2,050 UK adults",7th - 10th July 2026,,,,2050,,gender,Female,"Q:DON2. Based on what you know, to what extent, if at all, do you think each of the following political parties is influenced by wealthy donors or powerful organisations?
 Green Party",UNMATCHED,,Much too influenced,Somewhat too influenced,About the right level of influence,Not especially influenced,Not influenced at all,,,,,,9.2,10.9,15.0,14.3,6.3,,,,,,VI-2026-07-07-Opinium-Observer.xlsx,DON2 (5)
"2,050 UK adults",7th - 10th July 2026,,,,2050,,age,18-34,"Q:DON2. Based on what you know, to what extent, if at all, do you think each of the following political parties is influenced by wealthy donors or powerful organisations?
 Green Party",UNMATCHED,,Much too influenced,Somewhat too influenced,About the right level of influence,Not especially influenced,Not influenced at all,,,,,,9.5,16.3,26.0,19.1,9.2,,,,,,VI-2026-07-07-Opinium-Observer.xlsx,DON2 (5)
"2,050 UK adults",7th - 10th July 2026,,,,2050,,age,35-49,"Q:DON2. Based on what you know, to what extent, if at all, do you think each of the following political parties is influenced by wealthy donors or powerful organisations?
 Green Party",UNMATCHED,,Much too influenced,Somewhat too influenced,About the right level of influence,Not especially influenced,Not influenced at all,,,,,,13.8,9.2,14.7,16.5,9.2,,,,,,VI-2026-07-07-Opinium-Observer.xlsx,DON2 (5)
"2,050 UK adults",7th - 10th July 2026,,,,2050,,age,50-64,"Q:DON2. Based on what you know, to what extent, if at all, do you think each of the following political parties is influenced by wealthy donors or powerful organisations?
 Green Party",UNMATCHED,,Much too influenced,Somewhat too influenced,About the right level of influence,Not especially influenced,Not influenced at all,,,,,,13.8,10.5,15.6,8.6,5.0,,,,,,VI-2026-07-07-Opinium-Observer.xlsx,DON2 (5)
"2,050 UK adults",7th - 10th July 2026,,,,2050,,age,65+,"Q:DON2. Based on what you know, to what extent, if at all, do you think each of the following political parties is influenced by wealthy donors or powerful organisations?
 Green Party",UNMATCHED,,Much too influenced,Somewhat too influenced,About the right level of influence,Not especially influenced,Not influenced at all,,,,,,12.9,10.9,7.7,11.4,3.4,,,,,,VI-2026-07-07-Opinium-Observer.xlsx,DON2 (5)
"2,050 UK adults",7th - 10th July 2026,,,,2050,,region,North,"Q:DON2. Based on what you know, to what extent, if at all, do you think each of the following political parties is influenced by wealthy donors or powerful organisations?
 Green Party",UNMATCHED,,Much too influenced,Somewhat too influenced,About the right level of influence,Not especially influenced,Not influenced at all,,,,,,12.1,11.0,19.5,12.5,7.7,,,,,,VI-2026-07-07-Opinium-Observer.xlsx,DON2 (5)
"2,050 UK adults",7th - 10th July 2026,,,,2050,,region,Mids,"Q:DON2. Based on what you know, to what extent, if at all, do you think each of the following political parties is influenced by wealthy donors or powerful organisations?
 Green Party",UNMATCHED,,Much too influenced,Somewhat too influenced,About the right level of influence,Not especially influenced,Not influenced at all,,,,,,13.9,14.2,13.5,15.5,6.1,,,,,,VI-2026-07-07-Opinium-Observer.xlsx,DON2 (5)
"2,050 UK adults",7th - 10th July 2026,,,,2050,,region,London,"Q:DON2. Based on what you know, to what extent, if at all, do you think each of the following political parties is influenced by wealthy donors or powerful organisations?
 Green Party",UNMATCHED,,Much too influenced,Somewhat too influenced,About the right level of influence,Not especially influenced,Not influenced at all,,,,,,10.6,12.6,20.9,16.3,6.6,,,,,,VI-2026-07-07-Opinium-Observer.xlsx,DON2 (5)
"2,050 UK adults",7th - 10th July 2026,,,,2050,,region,South,"Q:DON2. Based on what you know, to what extent, if at all, do you think each of the following political parties is influenced by wealthy donors or powerful organisations?
 Green Party",UNMATCHED,,Much too influenced,Somewhat too influenced,About the right level of influence,Not especially influenced,Not influenced at all,,,,,,10.6,12.9,16.3,13.4,6.7,,,,,,VI-2026-07-07-Opinium-Observer.xlsx,DON2 (5)
"2,050 UK adults",7th - 10th July 2026,,,,2050,,region,Wales,"Q:DON2. Based on what you know, to what extent, if at all, do you think each of the following political parties is influenced by wealthy donors or powerful organisations?
 Green Party",UNMATCHED,,Much too influenced,Somewhat too influenced,About the right level of influence,Not especially influenced,Not influenced at all,,,,,,14.9,6.4,14.8,13.1,6.1,,,,,,VI-2026-07-07-Opinium-Observer.xlsx,DON2 (5)
"2,050 UK adults",7th - 10th July 2026,,,,2050,,region,Scotland,"Q:DON2. Based on what you know, to what extent, if at all, do you think each of the following political parties is influenced by wealthy donors or powerful organisations?
 Green Party",UNMATCHED,,Much too influenced,Somewhat too influenced,About the right level of influence,Not especially influenced,Not influenced at all,,,,,,17.9,9.2,10.0,13.2,7.4,,,,,,VI-2026-07-07-Opinium-Observer.xlsx,DON2 (5)
"2,050 UK adults",7th - 10th July 2026,,,,2050,,region,Northern Ireland,"Q:DON2. Based on what you know, to what extent, if at all, do you think each of the following political parties is influenced by wealthy donors or powerful organisations?
 Green Party",UNMATCHED,,Much too influenced,Somewhat too influenced,About the right level of influence,Not especially influenced,Not influenced at all,,,,,,14.7,6.7,6.1,19.2,5.2,,,,,,VI-2026-07-07-Opinium-Observer.xlsx,DON2 (5)
"2,050 UK adults",7th - 10th July 2026,,,,2050,,total,Total,"Q:REF1. It has recently been reported that Nigel Farage is being investigated by Parliament's Standards Commissioner over whether he should have declared gifts and other support he received before becoming an MP, including a £5 million gift from businessman Christopher Harborne.Nigel Farage has denied wrongdoing, saying the gifts and support were unrelated to his political activity with Reform UK.How much, if anything, have you heard about this?",Leader favourability (Farage),farage,Heard a lot,Heard a little,Not heard anything about this before,,,,,,,,32.7,44.9,14.5,,,,,,,,VI-2026-07-07-Opinium-Observer.xlsx,REF1
"2,050 UK adults",7th - 10th July 2026,,,,2050,,current_vote,Con,"Q:REF1. It has recently been reported that Nigel Farage is being investigated by Parliament's Standards Commissioner over whether he should have declared gifts and other support he received before becoming an MP, including a £5 million gift from businessman Christopher Harborne.Nigel Farage has denied wrongdoing, saying the gifts and support were unrelated to his political activity with Reform UK.How much, if anything, have you heard about this?",Leader favourability (Farage),farage,Heard a lot,Heard a little,Not heard anything about this before,,,,,,,,34.2,46.2,14.0,,,,,,,,VI-2026-07-07-Opinium-Observer.xlsx,REF1
"2,050 UK adults",7th - 10th July 2026,,,,2050,,current_vote,Lab,"Q:REF1. It has recently been reported that Nigel Farage is being investigated by Parliament's Standards Commissioner over whether he should have declared gifts and other support he received before becoming an MP, including a £5 million gift from businessman Christopher Harborne.Nigel Farage has denied wrongdoing, saying the gifts and support were unrelated to his political activity with Reform UK.How much, if anything, have you heard about this?",Leader favourability (Farage),farage,Heard a lot,Heard a little,Not heard anything about this before,,,,,,,,40.5,42.2,10.1,,,,,,,,VI-2026-07-07-Opinium-Observer.xlsx,REF1
"2,050 UK adults",7th - 10th July 2026,,,,2050,,current_vote,Lib Dem,"Q:REF1. It has recently been reported that Nigel Farage is being investigated by Parliament's Standards Commissioner over whether he should have declared gifts and other support he received before becoming an MP, including a £5 million gift from businessman Christopher Harborne.Nigel Farage has denied wrongdoing, saying the gifts and support were unrelated to his political activity with Reform UK.How much, if anything, have you heard about this?",Leader favourability (Farage),farage,Heard a lot,Heard a little,Not heard anything about this before,,,,,,,,46.6,41.5,10.0,,,,,,,,VI-2026-07-07-Opinium-Observer.xlsx,REF1
"2,050 UK adults",7th - 10th July 2026,,,,2050,,current_vote,Reform,"Q:REF1. It has recently been reported that Nigel Farage is being investigated by Parliament's Standards Commissioner over whether he should have declared gifts and other support he received before becoming an MP, including a £5 million gift from businessman Christopher Harborne.Nigel Farage has denied wrongdoing, saying the gifts and support were unrelated to his political activity with Reform UK.How much, if anything, have you heard about this?",Leader favourability (Farage),farage,Heard a lot,Heard a little,Not heard anything about this before,,,,,,,,33.2,49.7,12.6,,,,,,,,VI-2026-07-07-Opinium-Observer.xlsx,REF1
"2,050 UK adults",7th - 10th July 2026,,,,2050,,current_vote,Green,"Q:REF1. It has recently been reported that Nigel Farage is being investigated by Parliament's Standards Commissioner over whether he should have declared gifts and other support he received before becoming an MP, including a £5 million gift from businessman Christopher Harborne.Nigel Farage has denied wrongdoing, saying the gifts and support were unrelated to his political activity with Reform UK.How much, if anything, have you heard about this?",Leader favourability (Farage),farage,Heard a lot,Heard a little,Not heard anything about this before,,,,,,,,33.6,46.3,15.6,,,,,,,,VI-2026-07-07-Opinium-Observer.xlsx,REF1
"2,050 UK adults",7th - 10th July 2026,,,,2050,,historic_vote,Conservative,"Q:REF1. It has recently been reported that Nigel Farage is being investigated by Parliament's Standards Commissioner over whether he should have declared gifts and other support he received before becoming an MP, including a £5 million gift from businessman Christopher Harborne.Nigel Farage has denied wrongdoing, saying the gifts and support were unrelated to his political activity with Reform UK.How much, if anything, have you heard about this?",Leader favourability (Farage),farage,Heard a lot,Heard a little,Not heard anything about this before,,,,,,,,38.5,46.7,10.7,,,,,,,,VI-2026-07-07-Opinium-Observer.xlsx,REF1
"2,050 UK adults",7th - 10th July 2026,,,,2050,,historic_vote,Labour,"Q:REF1. It has recently been reported that Nigel Farage is being investigated by Parliament's Standards Commissioner over whether he should have declared gifts and other support he received before becoming an MP, including a £5 million gift from businessman Christopher Harborne.Nigel Farage has denied wrongdoing, saying the gifts and support were unrelated to his political activity with Reform UK.How much, if anything, have you heard about this?",Leader favourability (Farage),farage,Heard a lot,Heard a little,Not heard anything about this before,,,,,,,,42.9,40.4,10.1,,,,,,,,VI-2026-07-07-Opinium-Observer.xlsx,REF1
"2,050 UK adults",7th - 10th July 2026,,,,2050,,historic_vote,Lib Dems,"Q:REF1. It has recently been reported that Nigel Farage is being investigated by Parliament's Standards Commissioner over whether he should have declared gifts and other support he received before becoming an MP, including a £5 million gift from businessman Christopher Harborne.Nigel Farage has denied wrongdoing, saying the gifts and support were unrelated to his political activity with Reform UK.How much, if anything, have you heard about this?",Leader favourability (Farage),farage,Heard a lot,Heard a little,Not heard anything about this before,,,,,,,,47.8,41.4,9.3,,,,,,,,VI-2026-07-07-Opinium-Observer.xlsx,REF1
"2,050 UK adults",7th - 10th July 2026,,,,2050,,historic_vote,Green,"Q:REF1. It has recently been reported that Nigel Farage is being investigated by Parliament's Standards Commissioner over whether he should have declared gifts and other support he received before becoming an MP, including a £5 million gift from businessman Christopher Harborne.Nigel Farage has denied wrongdoing, saying the gifts and support were unrelated to his political activity with Reform UK.How much, if anything, have you heard about this?",Leader favourability (Farage),farage,Heard a lot,Heard a little,Not heard anything about this before,,,,,,,,36.3,50.6,10.4,,,,,,,,VI-2026-07-07-Opinium-Observer.xlsx,REF1
"2,050 UK adults",7th - 10th July 2026,,,,2050,,historic_vote,Reform UK,"Q:REF1. It has recently been reported that Nigel Farage is being investigated by Parliament's Standards Commissioner over whether he should have declared gifts and other support he received before becoming an MP, including a £5 million gift from businessman Christopher Harborne.Nigel Farage has denied wrongdoing, saying the gifts and support were unrelated to his political activity with Reform UK.How much, if anything, have you heard about this?",Leader favourability (Farage),farage,Heard a lot,Heard a little,Not heard anything about this before,,,,,,,,36.9,49.0,11.3,,,,,,,,VI-2026-07-07-Opinium-Observer.xlsx,REF1
"2,050 UK adults",7th - 10th July 2026,,,,2050,,historic_vote,Con,"Q:REF1. It has recently been reported that Nigel Farage is being investigated by Parliament's Standards Commissioner over whether he should have declared gifts and other support he received before becoming an MP, including a £5 million gift from businessman Christopher Harborne.Nigel Farage has denied wrongdoing, saying the gifts and support were unrelated to his political activity with Reform UK.How much, if anything, have you heard about this?",Leader favourability (Farage),farage,Heard a lot,Heard a little,Not heard anything about this before,,,,,,,,40.3,46.9,8.0,,,,,,,,VI-2026-07-07-Opinium-Observer.xlsx,REF1
"2,050 UK adults",7th - 10th July 2026,,,,2050,,historic_vote,Lab,"Q:REF1. It has recently been reported that Nigel Farage is being investigated by Parliament's Standards Commissioner over whether he should have declared gifts and other support he received before becoming an MP, including a £5 million gift from businessman Christopher Harborne.Nigel Farage has denied wrongdoing, saying the gifts and support were unrelated to his political activity with Reform UK.How much, if anything, have you heard about this?",Leader favourability (Farage),farage,Heard a lot,Heard a little,Not heard anything about this before,,,,,,,,43.1,42.0,10.0,,,,,,,,VI-2026-07-07-Opinium-Observer.xlsx,REF1
"2,050 UK adults",7th - 10th July 2026,,,,2050,,historic_vote,Lib Dem,"Q:REF1. It has recently been reported that Nigel Farage is being investigated by Parliament's Standards Commissioner over whether he should have declared gifts and other support he received before becoming an MP, including a £5 million gift from businessman Christopher Harborne.Nigel Farage has denied wrongdoing, saying the gifts and support were unrelated to his political activity with Reform UK.How much, if anything, have you heard about this?",Leader favourability (Farage),farage,Heard a lot,Heard a little,Not heard anything about this before,,,,,,,,43.8,46.1,8.9,,,,,,,,VI-2026-07-07-Opinium-Observer.xlsx,REF1
"2,050 UK adults",7th - 10th July 2026,,,,2050,,historic_vote,Remain,"Q:REF1. It has recently been reported that Nigel Farage is being investigated by Parliament's Standards Commissioner over whether he should have declared gifts and other support he received before becoming an MP, including a £5 million gift from businessman Christopher Harborne.Nigel Farage has denied wrongdoing, saying the gifts and support were unrelated to his political activity with Reform UK.How much, if anything, have you heard about this?",Leader favourability (Farage),farage,Heard a lot,Heard a little,Not heard anything about this before,,,,,,,,42.5,42.9,9.9,,,,,,,,VI-2026-07-07-Opinium-Observer.xlsx,REF1
"2,050 UK adults",7th - 10th July 2026,,,,2050,,historic_vote,Leave,"Q:REF1. It has recently been reported that Nigel Farage is being investigated by Parliament's Standards Commissioner over whether he should have declared gifts and other support he received before becoming an MP, including a £5 million gift from businessman Christopher Harborne.Nigel Farage has denied wrongdoing, saying the gifts and support were unrelated to his political activity with Reform UK.How much, if anything, have you heard about this?",Leader favourability (Farage),farage,Heard a lot,Heard a little,Not heard anything about this before,,,,,,,,35.4,50.2,10.8,,,,,,,,VI-2026-07-07-Opinium-Observer.xlsx,REF1
"2,050 UK adults",7th - 10th July 2026,,,,2050,,gender,Male,"Q:REF1. It has recently been reported that Nigel Farage is being investigated by Parliament's Standards Commissioner over whether he should have declared gifts and other support he received before becoming an MP, including a £5 million gift from businessman Christopher Harborne.Nigel Farage has denied wrongdoing, saying the gifts and support were unrelated to his political activity with Reform UK.How much, if anything, have you heard about this?",Leader favourability (Farage),farage,Heard a lot,Heard a little,Not heard anything about this before,,,,,,,,36.7,46.0,10.7,,,,,,,,VI-2026-07-07-Opinium-Observer.xlsx,REF1
"2,050 UK adults",7th - 10th July 2026,,,,2050,,gender,Female,"Q:REF1. It has recently been reported that Nigel Farage is being investigated by Parliament's Standards Commissioner over whether he should have declared gifts and other support he received before becoming an MP, including a £5 million gift from businessman Christopher Harborne.Nigel Farage has denied wrongdoing, saying the gifts and support were unrelated to his political activity with Reform UK.How much, if anything, have you heard about this?",Leader favourability (Farage),farage,Heard a lot,Heard a little,Not heard anything about this before,,,,,,,,29.0,43.9,18.2,,,,,,,,VI-2026-07-07-Opinium-Observer.xlsx,REF1
"2,050 UK adults",7th - 10th July 2026,,,,2050,,age,18-34,"Q:REF1. It has recently been reported that Nigel Farage is being investigated by Parliament's Standards Commissioner over whether he should have declared gifts and other support he received before becoming an MP, including a £5 million gift from businessman Christopher Harborne.Nigel Farage has denied wrongdoing, saying the gifts and support were unrelated to his political activity with Reform UK.How much, if anything, have you heard about this?",Leader favourability (Farage),farage,Heard a lot,Heard a little,Not heard anything about this before,,,,,,,,19.8,43.9,25.3,,,,,,,,VI-2026-07-07-Opinium-Observer.xlsx,REF1
"2,050 UK adults",7th - 10th July 2026,,,,2050,,age,35-49,"Q:REF1. It has recently been reported that Nigel Farage is being investigated by Parliament's Standards Commissioner over whether he should have declared gifts and other support he received before becoming an MP, including a £5 million gift from businessman Christopher Harborne.Nigel Farage has denied wrongdoing, saying the gifts and support were unrelated to his political activity with Reform UK.How much, if anything, have you heard about this?",Leader favourability (Farage),farage,Heard a lot,Heard a little,Not heard anything about this before,,,,,,,,29.7,45.7,14.4,,,,,,,,VI-2026-07-07-Opinium-Observer.xlsx,REF1
"2,050 UK adults",7th - 10th July 2026,,,,2050,,age,50-64,"Q:REF1. It has recently been reported that Nigel Farage is being investigated by Parliament's Standards Commissioner over whether he should have declared gifts and other support he received before becoming an MP, including a £5 million gift from businessman Christopher Harborne.Nigel Farage has denied wrongdoing, saying the gifts and support were unrelated to his political activity with Reform UK.How much, if anything, have you heard about this?",Leader favourability (Farage),farage,Heard a lot,Heard a little,Not heard anything about this before,,,,,,,,39.2,45.8,9.4,,,,,,,,VI-2026-07-07-Opinium-Observer.xlsx,REF1
"2,050 UK adults",7th - 10th July 2026,,,,2050,,age,65+,"Q:REF1. It has recently been reported that Nigel Farage is being investigated by Parliament's Standards Commissioner over whether he should have declared gifts and other support he received before becoming an MP, including a £5 million gift from businessman Christopher Harborne.Nigel Farage has denied wrongdoing, saying the gifts and support were unrelated to his political activity with Reform UK.How much, if anything, have you heard about this?",Leader favourability (Farage),farage,Heard a lot,Heard a little,Not heard anything about this before,,,,,,,,43.9,44.4,7.6,,,,,,,,VI-2026-07-07-Opinium-Observer.xlsx,REF1
"2,050 UK adults",7th - 10th July 2026,,,,2050,,region,North,"Q:REF1. It has recently been reported that Nigel Farage is being investigated by Parliament's Standards Commissioner over whether he should have declared gifts and other support he received before becoming an MP, including a £5 million gift from businessman Christopher Harborne.Nigel Farage has denied wrongdoing, saying the gifts and support were unrelated to his political activity with Reform UK.How much, if anything, have you heard about this?",Leader favourability (Farage),farage,Heard a lot,Heard a little,Not heard anything about this before,,,,,,,,28.3,48.0,14.0,,,,,,,,VI-2026-07-07-Opinium-Observer.xlsx,REF1
"2,050 UK adults",7th - 10th July 2026,,,,2050,,region,Mids,"Q:REF1. It has recently been reported that Nigel Farage is being investigated by Parliament's Standards Commissioner over whether he should have declared gifts and other support he received before becoming an MP, including a £5 million gift from businessman Christopher Harborne.Nigel Farage has denied wrongdoing, saying the gifts and support were unrelated to his political activity with Reform UK.How much, if anything, have you heard about this?",Leader favourability (Farage),farage,Heard a lot,Heard a little,Not heard anything about this before,,,,,,,,31.3,43.8,16.5,,,,,,,,VI-2026-07-07-Opinium-Observer.xlsx,REF1
"2,050 UK adults",7th - 10th July 2026,,,,2050,,region,London,"Q:REF1. It has recently been reported that Nigel Farage is being investigated by Parliament's Standards Commissioner over whether he should have declared gifts and other support he received before becoming an MP, including a £5 million gift from businessman Christopher Harborne.Nigel Farage has denied wrongdoing, saying the gifts and support were unrelated to his political activity with Reform UK.How much, if anything, have you heard about this?",Leader favourability (Farage),farage,Heard a lot,Heard a little,Not heard anything about this before,,,,,,,,34.5,38.9,16.6,,,,,,,,VI-2026-07-07-Opinium-Observer.xlsx,REF1
"2,050 UK adults",7th - 10th July 2026,,,,2050,,region,South,"Q:REF1. It has recently been reported that Nigel Farage is being investigated by Parliament's Standards Commissioner over whether he should have declared gifts and other support he received before becoming an MP, including a £5 million gift from businessman Christopher Harborne.Nigel Farage has denied wrongdoing, saying the gifts and support were unrelated to his political activity with Reform UK.How much, if anything, have you heard about this?",Leader favourability (Farage),farage,Heard a lot,Heard a little,Not heard anything about this before,,,,,,,,35.4,45.9,12.1,,,,,,,,VI-2026-07-07-Opinium-Observer.xlsx,REF1
"2,050 UK adults",7th - 10th July 2026,,,,2050,,region,Wales,"Q:REF1. It has recently been reported that Nigel Farage is being investigated by Parliament's Standards Commissioner over whether he should have declared gifts and other support he received before becoming an MP, including a £5 million gift from businessman Christopher Harborne.Nigel Farage has denied wrongdoing, saying the gifts and support were unrelated to his political activity with Reform UK.How much, if anything, have you heard about this?",Leader favourability (Farage),farage,Heard a lot,Heard a little,Not heard anything about this before,,,,,,,,43.7,36.6,12.0,,,,,,,,VI-2026-07-07-Opinium-Observer.xlsx,REF1
"2,050 UK adults",7th - 10th July 2026,,,,2050,,region,Scotland,"Q:REF1. It has recently been reported that Nigel Farage is being investigated by Parliament's Standards Commissioner over whether he should have declared gifts and other support he received before becoming an MP, including a £5 million gift from businessman Christopher Harborne.Nigel Farage has denied wrongdoing, saying the gifts and support were unrelated to his political activity with Reform UK.How much, if anything, have you heard about this?",Leader favourability (Farage),farage,Heard a lot,Heard a little,Not heard anything about this before,,,,,,,,32.0,45.1,18.4,,,,,,,,VI-2026-07-07-Opinium-Observer.xlsx,REF1
"2,050 UK adults",7th - 10th July 2026,,,,2050,,region,Northern Ireland,"Q:REF1. It has recently been reported that Nigel Farage is being investigated by Parliament's Standards Commissioner over whether he should have declared gifts and other support he received before becoming an MP, including a £5 million gift from businessman Christopher Harborne.Nigel Farage has denied wrongdoing, saying the gifts and support were unrelated to his political activity with Reform UK.How much, if anything, have you heard about this?",Leader favourability (Farage),farage,Heard a lot,Heard a little,Not heard anything about this before,,,,,,,,21.3,56.1,18.8,,,,,,,,VI-2026-07-07-Opinium-Observer.xlsx,REF1
"2,050 UK adults",7th - 10th July 2026,,,,2050,,total,Total,"Q:REF4. Nigel Farage has resigned as MP for Clacton-on-Sea and will stand again in a by-election, saying he wants the voters of Clacton to judge his actions.Do you think this was the right thing to do?",Leader favourability (Farage),farage,Definitely the right thing,Probably the right thing,Probably the wrong thing,Definitely the wrong thing,,,,,,,16.7,26.8,13.4,17.8,,,,,,,VI-2026-07-07-Opinium-Observer.xlsx,REF4
"2,050 UK adults",7th - 10th July 2026,,,,2050,,current_vote,Con,"Q:REF4. Nigel Farage has resigned as MP for Clacton-on-Sea and will stand again in a by-election, saying he wants the voters of Clacton to judge his actions.Do you think this was the right thing to do?",Leader favourability (Farage),farage,Definitely the right thing,Probably the right thing,Probably the wrong thing,Definitely the wrong thing,,,,,,,19.1,27.4,16.1,15.8,,,,,,,VI-2026-07-07-Opinium-Observer.xlsx,REF4
"2,050 UK adults",7th - 10th July 2026,,,,2050,,current_vote,Lab,"Q:REF4. Nigel Farage has resigned as MP for Clacton-on-Sea and will stand again in a by-election, saying he wants the voters of Clacton to judge his actions.Do you think this was the right thing to do?",Leader favourability (Farage),farage,Definitely the right thing,Probably the right thing,Probably the wrong thing,Definitely the wrong thing,,,,,,,15.8,26.7,17.7,23.5,,,,,,,VI-2026-07-07-Opinium-Observer.xlsx,REF4
"2,050 UK adults",7th - 10th July 2026,,,,2050,,current_vote,Lib Dem,"Q:REF4. Nigel Farage has resigned as MP for Clacton-on-Sea and will stand again in a by-election, saying he wants the voters of Clacton to judge his actions.Do you think this was the right thing to do?",Leader favourability (Farage),farage,Definitely the right thing,Probably the right thing,Probably the wrong thing,Definitely the wrong thing,,,,,,,12.5,26.1,12.2,37.3,,,,,,,VI-2026-07-07-Opinium-Observer.xlsx,REF4
"2,050 UK adults",7th - 10th July 2026,,,,2050,,current_vote,Reform,"Q:REF4. Nigel Farage has resigned as MP for Clacton-on-Sea and will stand again in a by-election, saying he wants the voters of Clacton to judge his actions.Do you think this was the right thing to do?",Leader favourability (Farage),farage,Definitely the right thing,Probably the right thing,Probably the wrong thing,Definitely the wrong thing,,,,,,,28.4,35.5,14.5,2.8,,,,,,,VI-2026-07-07-Opinium-Observer.xlsx,REF4
"2,050 UK adults",7th - 10th July 2026,,,,2050,,current_vote,Green,"Q:REF4. Nigel Farage has resigned as MP for Clacton-on-Sea and will stand again in a by-election, saying he wants the voters of Clacton to judge his actions.Do you think this was the right thing to do?",Leader favourability (Farage),farage,Definitely the right thing,Probably the right thing,Probably the wrong thing,Definitely the wrong thing,,,,,,,12.2,26.1,12.4,27.3,,,,,,,VI-2026-07-07-Opinium-Observer.xlsx,REF4
"2,050 UK adults",7th - 10th July 2026,,,,2050,,historic_vote,Conservative,"Q:REF4. Nigel Farage has resigned as MP for Clacton-on-Sea and will stand again in a by-election, saying he wants the voters of Clacton to judge his actions.Do you think this was the right thing to do?",Leader favourability (Farage),farage,Definitely the right thing,Probably the right thing,Probably the wrong thing,Definitely the wrong thing,,,,,,,21.4,24.7,16.5,16.7,,,,,,,VI-2026-07-07-Opinium-Observer.xlsx,REF4
"2,050 UK adults",7th - 10th July 2026,,,,2050,,historic_vote,Labour,"Q:REF4. Nigel Farage has resigned as MP for Clacton-on-Sea and will stand again in a by-election, saying he wants the voters of Clacton to judge his actions.Do you think this was the right thing to do?",Leader favourability (Farage),farage,Definitely the right thing,Probably the right thing,Probably the wrong thing,Definitely the wrong thing,,,,,,,16.8,25.2,13.8,24.3,,,,,,,VI-2026-07-07-Opinium-Observer.xlsx,REF4
"2,050 UK adults",7th - 10th July 2026,,,,2050,,historic_vote,Lib Dems,"Q:REF4. Nigel Farage has resigned as MP for Clacton-on-Sea and will stand again in a by-election, saying he wants the voters of Clacton to judge his actions.Do you think this was the right thing to do?",Leader favourability (Farage),farage,Definitely the right thing,Probably the right thing,Probably the wrong thing,Definitely the wrong thing,,,,,,,14.5,26.1,8.8,34.8,,,,,,,VI-2026-07-07-Opinium-Observer.xlsx,REF4
"2,050 UK adults",7th - 10th July 2026,,,,2050,,historic_vote,Green,"Q:REF4. Nigel Farage has resigned as MP for Clacton-on-Sea and will stand again in a by-election, saying he wants the voters of Clacton to judge his actions.Do you think this was the right thing to do?",Leader favourability (Farage),farage,Definitely the right thing,Probably the right thing,Probably the wrong thing,Definitely the wrong thing,,,,,,,12.2,25.9,14.0,23.5,,,,,,,VI-2026-07-07-Opinium-Observer.xlsx,REF4
"2,050 UK adults",7th - 10th July 2026,,,,2050,,historic_vote,Reform UK,"Q:REF4. Nigel Farage has resigned as MP for Clacton-on-Sea and will stand again in a by-election, saying he wants the voters of Clacton to judge his actions.Do you think this was the right thing to do?",Leader favourability (Farage),farage,Definitely the right thing,Probably the right thing,Probably the wrong thing,Definitely the wrong thing,,,,,,,28.8,36.7,11.9,6.4,,,,,,,VI-2026-07-07-Opinium-Observer.xlsx,REF4
"2,050 UK adults",7th - 10th July 2026,,,,2050,,historic_vote,Con,"Q:REF4. Nigel Farage has resigned as MP for Clacton-on-Sea and will stand again in a by-election, saying he wants the voters of Clacton to judge his actions.Do you think this was the right thing to do?",Leader favourability (Farage),farage,Definitely the right thing,Probably the right thing,Probably the wrong thing,Definitely the wrong thing,,,,,,,23.6,26.1,15.7,14.7,,,,,,,VI-2026-07-07-Opinium-Observer.xlsx,REF4
"2,050 UK adults",7th - 10th July 2026,,,,2050,,historic_vote,Lab,"Q:REF4. Nigel Farage has resigned as MP for Clacton-on-Sea and will stand again in a by-election, saying he wants the voters of Clacton to judge his actions.Do you think this was the right thing to do?",Leader favourability (Farage),farage,Definitely the right thing,Probably the right thing,Probably the wrong thing,Definitely the wrong thing,,,,,,,15.3,28.2,11.4,26.3,,,,,,,VI-2026-07-07-Opinium-Observer.xlsx,REF4
"2,050 UK adults",7th - 10th July 2026,,,,2050,,historic_vote,Lib Dem,"Q:REF4. Nigel Farage has resigned as MP for Clacton-on-Sea and will stand again in a by-election, saying he wants the voters of Clacton to judge his actions.Do you think this was the right thing to do?",Leader favourability (Farage),farage,Definitely the right thing,Probably the right thing,Probably the wrong thing,Definitely the wrong thing,,,,,,,9.3,19.8,11.8,36.4,,,,,,,VI-2026-07-07-Opinium-Observer.xlsx,REF4
"2,050 UK adults",7th - 10th July 2026,,,,2050,,historic_vote,Remain,"Q:REF4. Nigel Farage has resigned as MP for Clacton-on-Sea and will stand again in a by-election, saying he wants the voters of Clacton to judge his actions.Do you think this was the right thing to do?",Leader favourability (Farage),farage,Definitely the right thing,Probably the right thing,Probably the wrong thing,Definitely the wrong thing,,,,,,,16.3,23.6,12.2,27.7,,,,,,,VI-2026-07-07-Opinium-Observer.xlsx,REF4
"2,050 UK adults",7th - 10th July 2026,,,,2050,,historic_vote,Leave,"Q:REF4. Nigel Farage has resigned as MP for Clacton-on-Sea and will stand again in a by-election, saying he wants the voters of Clacton to judge his actions.Do you think this was the right thing to do?",Leader favourability (Farage),farage,Definitely the right thing,Probably the right thing,Probably the wrong thing,Definitely the wrong thing,,,,,,,19.8,30.2,13.4,14.0,,,,,,,VI-2026-07-07-Opinium-Observer.xlsx,REF4
"2,050 UK adults",7th - 10th July 2026,,,,2050,,gender,Male,"Q:REF4. Nigel Farage has resigned as MP for Clacton-on-Sea and will stand again in a by-election, saying he wants the voters of Clacton to judge his actions.Do you think this was the right thing to do?",Leader favourability (Farage),farage,Definitely the right thing,Probably the right thing,Probably the wrong thing,Definitely the wrong thing,,,,,,,16.3,27.5,16.3,19.7,,,,,,,VI-2026-07-07-Opinium-Observer.xlsx,REF4
"2,050 UK adults",7th - 10th July 2026,,,,2050,,gender,Female,"Q:REF4. Nigel Farage has resigned as MP for Clacton-on-Sea and will stand again in a by-election, saying he wants the voters of Clacton to judge his actions.Do you think this was the right thing to do?",Leader favourability (Farage),farage,Definitely the right thing,Probably the right thing,Probably the wrong thing,Definitely the wrong thing,,,,,,,17.3,26.3,10.6,15.9,,,,,,,VI-2026-07-07-Opinium-Observer.xlsx,REF4
"2,050 UK adults",7th - 10th July 2026,,,,2050,,age,18-34,"Q:REF4. Nigel Farage has resigned as MP for Clacton-on-Sea and will stand again in a by-election, saying he wants the voters of Clacton to judge his actions.Do you think this was the right thing to do?",Leader favourability (Farage),farage,Definitely the right thing,Probably the right thing,Probably the wrong thing,Definitely the wrong thing,,,,,,,14.1,36.5,17.6,10.2,,,,,,,VI-2026-07-07-Opinium-Observer.xlsx,REF4
"2,050 UK adults",7th - 10th July 2026,,,,2050,,age,35-49,"Q:REF4. Nigel Farage has resigned as MP for Clacton-on-Sea and will stand again in a by-election, saying he wants the voters of Clacton to judge his actions.Do you think this was the right thing to do?",Leader favourability (Farage),farage,Definitely the right thing,Probably the right thing,Probably the wrong thing,Definitely the wrong thing,,,,,,,13.1,28.9,13.4,16.2,,,,,,,VI-2026-07-07-Opinium-Observer.xlsx,REF4
"2,050 UK adults",7th - 10th July 2026,,,,2050,,age,50-64,"Q:REF4. Nigel Farage has resigned as MP for Clacton-on-Sea and will stand again in a by-election, saying he wants the voters of Clacton to judge his actions.Do you think this was the right thing to do?",Leader favourability (Farage),farage,Definitely the right thing,Probably the right thing,Probably the wrong thing,Definitely the wrong thing,,,,,,,19.2,19.0,11.8,22.0,,,,,,,VI-2026-07-07-Opinium-Observer.xlsx,REF4
"2,050 UK adults",7th - 10th July 2026,,,,2050,,age,65+,"Q:REF4. Nigel Farage has resigned as MP for Clacton-on-Sea and will stand again in a by-election, saying he wants the voters of Clacton to judge his actions.Do you think this was the right thing to do?",Leader favourability (Farage),farage,Definitely the right thing,Probably the right thing,Probably the wrong thing,Definitely the wrong thing,,,,,,,20.8,21.5,10.1,23.7,,,,,,,VI-2026-07-07-Opinium-Observer.xlsx,REF4
"2,050 UK adults",7th - 10th July 2026,,,,2050,,region,North,"Q:REF4. Nigel Farage has resigned as MP for Clacton-on-Sea and will stand again in a by-election, saying he wants the voters of Clacton to judge his actions.Do you think this was the right thing to do?",Leader favourability (Farage),farage,Definitely the right thing,Probably the right thing,Probably the wrong thing,Definitely the wrong thing,,,,,,,15.4,25.7,13.4,19.1,,,,,,,VI-2026-07-07-Opinium-Observer.xlsx,REF4
"2,050 UK adults",7th - 10th July 2026,,,,2050,,region,Mids,"Q:REF4. Nigel Farage has resigned as MP for Clacton-on-Sea and will stand again in a by-election, saying he wants the voters of Clacton to judge his actions.Do you think this was the right thing to do?",Leader favourability (Farage),farage,Definitely the right thing,Probably the right thing,Probably the wrong thing,Definitely the wrong thing,,,,,,,15.7,27.3,14.9,14.4,,,,,,,VI-2026-07-07-Opinium-Observer.xlsx,REF4
"2,050 UK adults",7th - 10th July 2026,,,,2050,,region,London,"Q:REF4. Nigel Farage has resigned as MP for Clacton-on-Sea and will stand again in a by-election, saying he wants the voters of Clacton to judge his actions.Do you think this was the right thing to do?",Leader favourability (Farage),farage,Definitely the right thing,Probably the right thing,Probably the wrong thing,Definitely the wrong thing,,,,,,,13.0,26.4,18.3,15.4,,,,,,,VI-2026-07-07-Opinium-Observer.xlsx,REF4
"2,050 UK adults",7th - 10th July 2026,,,,2050,,region,South,"Q:REF4. Nigel Farage has resigned as MP for Clacton-on-Sea and will stand again in a by-election, saying he wants the voters of Clacton to judge his actions.Do you think this was the right thing to do?",Leader favourability (Farage),farage,Definitely the right thing,Probably the right thing,Probably the wrong thing,Definitely the wrong thing,,,,,,,19.3,26.4,12.4,19.8,,,,,,,VI-2026-07-07-Opinium-Observer.xlsx,REF4
"2,050 UK adults",7th - 10th July 2026,,,,2050,,region,Wales,"Q:REF4. Nigel Farage has resigned as MP for Clacton-on-Sea and will stand again in a by-election, saying he wants the voters of Clacton to judge his actions.Do you think this was the right thing to do?",Leader favourability (Farage),farage,Definitely the right thing,Probably the right thing,Probably the wrong thing,Definitely the wrong thing,,,,,,,17.1,23.8,11.4,23.0,,,,,,,VI-2026-07-07-Opinium-Observer.xlsx,REF4
"2,050 UK adults",7th - 10th July 2026,,,,2050,,region,Scotland,"Q:REF4. Nigel Farage has resigned as MP for Clacton-on-Sea and will stand again in a by-election, saying he wants the voters of Clacton to judge his actions.Do you think this was the right thing to do?",Leader favourability (Farage),farage,Definitely the right thing,Probably the right thing,Probably the wrong thing,Definitely the wrong thing,,,,,,,16.4,31.6,8.6,14.7,,,,,,,VI-2026-07-07-Opinium-Observer.xlsx,REF4
"2,050 UK adults",7th - 10th July 2026,,,,2050,,region,Northern Ireland,"Q:REF4. Nigel Farage has resigned as MP for Clacton-on-Sea and will stand again in a by-election, saying he wants the voters of Clacton to judge his actions.Do you think this was the right thing to do?",Leader favourability (Farage),farage,Definitely the right thing,Probably the right thing,Probably the wrong thing,Definitely the wrong thing,,,,,,,21.3,28.9,10.0,14.4,,,,,,,VI-2026-07-07-Opinium-Observer.xlsx,REF4
"2,050 UK adults",7th - 10th July 2026,,,,2050,,total,Total,"Q:REF7. Thinking about Nigel Farage resigning as MP and standing in the resulting by-election, which of the following comes closest to your view?",Leader favourability (Farage),farage,This is mainly a political strategy to strengthen his position,This is mainly about allowing voters to judge his actions directly,It is equally both of these,Neither of these,,,,,,,41.9,19.0,20.3,5.2,,,,,,,VI-2026-07-07-Opinium-Observer.xlsx,REF7
"2,050 UK adults",7th - 10th July 2026,,,,2050,,current_vote,Con,"Q:REF7. Thinking about Nigel Farage resigning as MP and standing in the resulting by-election, which of the following comes closest to your view?",Leader favourability (Farage),farage,This is mainly a political strategy to strengthen his position,This is mainly about allowing voters to judge his actions directly,It is equally both of these,Neither of these,,,,,,,38.1,20.7,22.9,3.8,,,,,,,VI-2026-07-07-Opinium-Observer.xlsx,REF7
"2,050 UK adults",7th - 10th July 2026,,,,2050,,current_vote,Lab,"Q:REF7. Thinking about Nigel Farage resigning as MP and standing in the resulting by-election, which of the following comes closest to your view?",Leader favourability (Farage),farage,This is mainly a political strategy to strengthen his position,This is mainly about allowing voters to judge his actions directly,It is equally both of these,Neither of these,,,,,,,50.5,15.7,21.6,5.9,,,,,,,VI-2026-07-07-Opinium-Observer.xlsx,REF7
"2,050 UK adults",7th - 10th July 2026,,,,2050,,current_vote,Lib Dem,"Q:REF7. Thinking about Nigel Farage resigning as MP and standing in the resulting by-election, which of the following comes closest to your view?",Leader favourability (Farage),farage,This is mainly a political strategy to strengthen his position,This is mainly about allowing voters to judge his actions directly,It is equally both of these,Neither of these,,,,,,,63.6,14.7,11.8,4.4,,,,,,,VI-2026-07-07-Opinium-Observer.xlsx,REF7
"2,050 UK adults",7th - 10th July 2026,,,,2050,,current_vote,Reform,"Q:REF7. Thinking about Nigel Farage resigning as MP and standing in the resulting by-election, which of the following comes closest to your view?",Leader favourability (Farage),farage,This is mainly a political strategy to strengthen his position,This is mainly about allowing voters to judge his actions directly,It is equally both of these,Neither of these,,,,,,,17.0,44.1,28.5,2.3,,,,,,,VI-2026-07-07-Opinium-Observer.xlsx,REF7
"2,050 UK adults",7th - 10th July 2026,,,,2050,,current_vote,Green,"Q:REF7. Thinking about Nigel Farage resigning as MP and standing in the resulting by-election, which of the following comes closest to your view?",Leader favourability (Farage),farage,This is mainly a political strategy to strengthen his position,This is mainly about allowing voters to judge his actions directly,It is equally both of these,Neither of these,,,,,,,58.8,9.8,15.4,7.6,,,,,,,VI-2026-07-07-Opinium-Observer.xlsx,REF7
"2,050 UK adults",7th - 10th July 2026,,,,2050,,historic_vote,Conservative,"Q:REF7. Thinking about Nigel Farage resigning as MP and standing in the resulting by-election, which of the following comes closest to your view?",Leader favourability (Farage),farage,This is mainly a political strategy to strengthen his position,This is mainly about allowing voters to judge his actions directly,It is equally both of these,Neither of these,,,,,,,36.8,26.7,23.1,4.1,,,,,,,VI-2026-07-07-Opinium-Observer.xlsx,REF7
"2,050 UK adults",7th - 10th July 2026,,,,2050,,historic_vote,Labour,"Q:REF7. Thinking about Nigel Farage resigning as MP and standing in the resulting by-election, which of the following comes closest to your view?",Leader favourability (Farage),farage,This is mainly a political strategy to strengthen his position,This is mainly about allowing voters to judge his actions directly,It is equally both of these,Neither of these,,,,,,,55.7,15.4,17.5,3.6,,,,,,,VI-2026-07-07-Opinium-Observer.xlsx,REF7
"2,050 UK adults",7th - 10th July 2026,,,,2050,,historic_vote,Lib Dems,"Q:REF7. Thinking about Nigel Farage resigning as MP and standing in the resulting by-election, which of the following comes closest to your view?",Leader favourability (Farage),farage,This is mainly a political strategy to strengthen his position,This is mainly about allowing voters to judge his actions directly,It is equally both of these,Neither of these,,,,,,,60.8,11.2,16.4,6.3,,,,,,,VI-2026-07-07-Opinium-Observer.xlsx,REF7
"2,050 UK adults",7th - 10th July 2026,,,,2050,,historic_vote,Green,"Q:REF7. Thinking about Nigel Farage resigning as MP and standing in the resulting by-election, which of the following comes closest to your view?",Leader favourability (Farage),farage,This is mainly a political strategy to strengthen his position,This is mainly about allowing voters to judge his actions directly,It is equally both of these,Neither of these,,,,,,,50.1,11.8,18.4,6.4,,,,,,,VI-2026-07-07-Opinium-Observer.xlsx,REF7
"2,050 UK adults",7th - 10th July 2026,,,,2050,,historic_vote,Reform UK,"Q:REF7. Thinking about Nigel Farage resigning as MP and standing in the resulting by-election, which of the following comes closest to your view?",Leader favourability (Farage),farage,This is mainly a political strategy to strengthen his position,This is mainly about allowing voters to judge his actions directly,It is equally both of these,Neither of these,,,,,,,18.9,42.3,27.9,2.2,,,,,,,VI-2026-07-07-Opinium-Observer.xlsx,REF7
"2,050 UK adults",7th - 10th July 2026,,,,2050,,historic_vote,Con,"Q:REF7. Thinking about Nigel Farage resigning as MP and standing in the resulting by-election, which of the following comes closest to your view?",Leader favourability (Farage),farage,This is mainly a political strategy to strengthen his position,This is mainly about allowing voters to judge his actions directly,It is equally both of these,Neither of these,,,,,,,34.9,29.2,24.3,3.5,,,,,,,VI-2026-07-07-Opinium-Observer.xlsx,REF7
"2,050 UK adults",7th - 10th July 2026,,,,2050,,historic_vote,Lab,"Q:REF7. Thinking about Nigel Farage resigning as MP and standing in the resulting by-election, which of the following comes closest to your view?",Leader favourability (Farage),farage,This is mainly a political strategy to strengthen his position,This is mainly about allowing voters to judge his actions directly,It is equally both of these,Neither of these,,,,,,,57.7,12.4,18.9,4.1,,,,,,,VI-2026-07-07-Opinium-Observer.xlsx,REF7
"2,050 UK adults",7th - 10th July 2026,,,,2050,,historic_vote,Lib Dem,"Q:REF7. Thinking about Nigel Farage resigning as MP and standing in the resulting by-election, which of the following comes closest to your view?",Leader favourability (Farage),farage,This is mainly a political strategy to strengthen his position,This is mainly about allowing voters to judge his actions directly,It is equally both of these,Neither of these,,,,,,,64.5,13.0,10.8,6.2,,,,,,,VI-2026-07-07-Opinium-Observer.xlsx,REF7
"2,050 UK adults",7th - 10th July 2026,,,,2050,,historic_vote,Remain,"Q:REF7. Thinking about Nigel Farage resigning as MP and standing in the resulting by-election, which of the following comes closest to your view?",Leader favourability (Farage),farage,This is mainly a political strategy to strengthen his position,This is mainly about allowing voters to judge his actions directly,It is equally both of these,Neither of these,,,,,,,60.1,9.6,16.3,5.4,,,,,,,VI-2026-07-07-Opinium-Observer.xlsx,REF7
"2,050 UK adults",7th - 10th July 2026,,,,2050,,historic_vote,Leave,"Q:REF7. Thinking about Nigel Farage resigning as MP and standing in the resulting by-election, which of the following comes closest to your view?",Leader favourability (Farage),farage,This is mainly a political strategy to strengthen his position,This is mainly about allowing voters to judge his actions directly,It is equally both of these,Neither of these,,,,,,,32.4,31.1,24.0,3.0,,,,,,,VI-2026-07-07-Opinium-Observer.xlsx,REF7
"2,050 UK adults",7th - 10th July 2026,,,,2050,,gender,Male,"Q:REF7. Thinking about Nigel Farage resigning as MP and standing in the resulting by-election, which of the following comes closest to your view?",Leader favourability (Farage),farage,This is mainly a political strategy to strengthen his position,This is mainly about allowing voters to judge his actions directly,It is equally both of these,Neither of these,,,,,,,40.6,22.6,20.8,5.4,,,,,,,VI-2026-07-07-Opinium-Observer.xlsx,REF7
"2,050 UK adults",7th - 10th July 2026,,,,2050,,gender,Female,"Q:REF7. Thinking about Nigel Farage resigning as MP and standing in the resulting by-election, which of the following comes closest to your view?",Leader favourability (Farage),farage,This is mainly a political strategy to strengthen his position,This is mainly about allowing voters to judge his actions directly,It is equally both of these,Neither of these,,,,,,,43.1,15.8,19.7,5.0,,,,,,,VI-2026-07-07-Opinium-Observer.xlsx,REF7
"2,050 UK adults",7th - 10th July 2026,,,,2050,,age,18-34,"Q:REF7. Thinking about Nigel Farage resigning as MP and standing in the resulting by-election, which of the following comes closest to your view?",Leader favourability (Farage),farage,This is mainly a political strategy to strengthen his position,This is mainly about allowing voters to judge his actions directly,It is equally both of these,Neither of these,,,,,,,37.4,20.0,24.5,5.9,,,,,,,VI-2026-07-07-Opinium-Observer.xlsx,REF7
"2,050 UK adults",7th - 10th July 2026,,,,2050,,age,35-49,"Q:REF7. Thinking about Nigel Farage resigning as MP and standing in the resulting by-election, which of the following comes closest to your view?",Leader favourability (Farage),farage,This is mainly a political strategy to strengthen his position,This is mainly about allowing voters to judge his actions directly,It is equally both of these,Neither of these,,,,,,,43.6,16.4,18.2,6.2,,,,,,,VI-2026-07-07-Opinium-Observer.xlsx,REF7
"2,050 UK adults",7th - 10th July 2026,,,,2050,,age,50-64,"Q:REF7. Thinking about Nigel Farage resigning as MP and standing in the resulting by-election, which of the following comes closest to your view?",Leader favourability (Farage),farage,This is mainly a political strategy to strengthen his position,This is mainly about allowing voters to judge his actions directly,It is equally both of these,Neither of these,,,,,,,44.5,15.5,20.8,5.5,,,,,,,VI-2026-07-07-Opinium-Observer.xlsx,REF7
"2,050 UK adults",7th - 10th July 2026,,,,2050,,age,65+,"Q:REF7. Thinking about Nigel Farage resigning as MP and standing in the resulting by-election, which of the following comes closest to your view?",Leader favourability (Farage),farage,This is mainly a political strategy to strengthen his position,This is mainly about allowing voters to judge his actions directly,It is equally both of these,Neither of these,,,,,,,42.7,24.2,16.9,2.9,,,,,,,VI-2026-07-07-Opinium-Observer.xlsx,REF7
"2,050 UK adults",7th - 10th July 2026,,,,2050,,region,North,"Q:REF7. Thinking about Nigel Farage resigning as MP and standing in the resulting by-election, which of the following comes closest to your view?",Leader favourability (Farage),farage,This is mainly a political strategy to strengthen his position,This is mainly about allowing voters to judge his actions directly,It is equally both of these,Neither of these,,,,,,,38.0,17.8,23.9,4.6,,,,,,,VI-2026-07-07-Opinium-Observer.xlsx,REF7
"2,050 UK adults",7th - 10th July 2026,,,,2050,,region,Mids,"Q:REF7. Thinking about Nigel Farage resigning as MP and standing in the resulting by-election, which of the following comes closest to your view?",Leader favourability (Farage),farage,This is mainly a political strategy to strengthen his position,This is mainly about allowing voters to judge his actions directly,It is equally both of these,Neither of these,,,,,,,39.9,19.4,18.5,6.6,,,,,,,VI-2026-07-07-Opinium-Observer.xlsx,REF7
"2,050 UK adults",7th - 10th July 2026,,,,2050,,region,London,"Q:REF7. Thinking about Nigel Farage resigning as MP and standing in the resulting by-election, which of the following comes closest to your view?",Leader favourability (Farage),farage,This is mainly a political strategy to strengthen his position,This is mainly about allowing voters to judge his actions directly,It is equally both of these,Neither of these,,,,,,,45.6,17.4,21.1,5.9,,,,,,,VI-2026-07-07-Opinium-Observer.xlsx,REF7
"2,050 UK adults",7th - 10th July 2026,,,,2050,,region,South,"Q:REF7. Thinking about Nigel Farage resigning as MP and standing in the resulting by-election, which of the following comes closest to your view?",Leader favourability (Farage),farage,This is mainly a political strategy to strengthen his position,This is mainly about allowing voters to judge his actions directly,It is equally both of these,Neither of these,,,,,,,41.5,21.3,20.2,4.8,,,,,,,VI-2026-07-07-Opinium-Observer.xlsx,REF7
"2,050 UK adults",7th - 10th July 2026,,,,2050,,region,Wales,"Q:REF7. Thinking about Nigel Farage resigning as MP and standing in the resulting by-election, which of the following comes closest to your view?",Leader favourability (Farage),farage,This is mainly a political strategy to strengthen his position,This is mainly about allowing voters to judge his actions directly,It is equally both of these,Neither of these,,,,,,,48.4,17.5,19.1,7.1,,,,,,,VI-2026-07-07-Opinium-Observer.xlsx,REF7
"2,050 UK adults",7th - 10th July 2026,,,,2050,,region,Scotland,"Q:REF7. Thinking about Nigel Farage resigning as MP and standing in the resulting by-election, which of the following comes closest to your view?",Leader favourability (Farage),farage,This is mainly a political strategy to strengthen his position,This is mainly about allowing voters to judge his actions directly,It is equally both of these,Neither of these,,,,,,,49.4,17.7,12.3,3.1,,,,,,,VI-2026-07-07-Opinium-Observer.xlsx,REF7
"2,050 UK adults",7th - 10th July 2026,,,,2050,,region,Northern Ireland,"Q:REF7. Thinking about Nigel Farage resigning as MP and standing in the resulting by-election, which of the following comes closest to your view?",Leader favourability (Farage),farage,This is mainly a political strategy to strengthen his position,This is mainly about allowing voters to judge his actions directly,It is equally both of these,Neither of these,,,,,,,39.7,14.6,23.9,6.5,,,,,,,VI-2026-07-07-Opinium-Observer.xlsx,REF7
"2,050 UK adults",7th - 10th July 2026,,,,2050,,total,Total,"Q:REF2. If it was found that Nigel Farage had accepted each of the following without declaring them under the MPs' rules, how acceptable or unacceptable would you find this?
 A £5 million personal gift from Christopher Harborne, Reform UK's largest donor.",Leader favourability (Farage),farage,Acceptable,Unacceptable,,,,,,,,,21.9,61.7,,,,,,,,,VI-2026-07-07-Opinium-Observer.xlsx,REF2
"2,050 UK adults",7th - 10th July 2026,,,,2050,,current_vote,Con,"Q:REF2. If it was found that Nigel Farage had accepted each of the following without declaring them under the MPs' rules, how acceptable or unacceptable would you find this?
 A £5 million personal gift from Christopher Harborne, Reform UK's largest donor.",Leader favourability (Farage),farage,Acceptable,Unacceptable,,,,,,,,,21.7,67.0,,,,,,,,,VI-2026-07-07-Opinium-Observer.xlsx,REF2
"2,050 UK adults",7th - 10th July 2026,,,,2050,,current_vote,Lab,"Q:REF2. If it was found that Nigel Farage had accepted each of the following without declaring them under the MPs' rules, how acceptable or unacceptable would you find this?
 A £5 million personal gift from Christopher Harborne, Reform UK's largest donor.",Leader favourability (Farage),farage,Acceptable,Unacceptable,,,,,,,,,22.6,70.3,,,,,,,,,VI-2026-07-07-Opinium-Observer.xlsx,REF2
"2,050 UK adults",7th - 10th July 2026,,,,2050,,current_vote,Lib Dem,"Q:REF2. If it was found that Nigel Farage had accepted each of the following without declaring them under the MPs' rules, how acceptable or unacceptable would you find this?
 A £5 million personal gift from Christopher Harborne, Reform UK's largest donor.",Leader favourability (Farage),farage,Acceptable,Unacceptable,,,,,,,,,8.6,86.6,,,,,,,,,VI-2026-07-07-Opinium-Observer.xlsx,REF2
"2,050 UK adults",7th - 10th July 2026,,,,2050,,current_vote,Reform,"Q:REF2. If it was found that Nigel Farage had accepted each of the following without declaring them under the MPs' rules, how acceptable or unacceptable would you find this?
 A £5 million personal gift from Christopher Harborne, Reform UK's largest donor.",Leader favourability (Farage),farage,Acceptable,Unacceptable,,,,,,,,,46.9,30.6,,,,,,,,,VI-2026-07-07-Opinium-Observer.xlsx,REF2
"2,050 UK adults",7th - 10th July 2026,,,,2050,,current_vote,Green,"Q:REF2. If it was found that Nigel Farage had accepted each of the following without declaring them under the MPs' rules, how acceptable or unacceptable would you find this?
 A £5 million personal gift from Christopher Harborne, Reform UK's largest donor.",Leader favourability (Farage),farage,Acceptable,Unacceptable,,,,,,,,,12.8,77.8,,,,,,,,,VI-2026-07-07-Opinium-Observer.xlsx,REF2
"2,050 UK adults",7th - 10th July 2026,,,,2050,,historic_vote,Conservative,"Q:REF2. If it was found that Nigel Farage had accepted each of the following without declaring them under the MPs' rules, how acceptable or unacceptable would you find this?
 A £5 million personal gift from Christopher Harborne, Reform UK's largest donor.",Leader favourability (Farage),farage,Acceptable,Unacceptable,,,,,,,,,27.3,57.4,,,,,,,,,VI-2026-07-07-Opinium-Observer.xlsx,REF2
"2,050 UK adults",7th - 10th July 2026,,,,2050,,historic_vote,Labour,"Q:REF2. If it was found that Nigel Farage had accepted each of the following without declaring them under the MPs' rules, how acceptable or unacceptable would you find this?
 A £5 million personal gift from Christopher Harborne, Reform UK's largest donor.",Leader favourability (Farage),farage,Acceptable,Unacceptable,,,,,,,,,19.2,72.4,,,,,,,,,VI-2026-07-07-Opinium-Observer.xlsx,REF2
"2,050 UK adults",7th - 10th July 2026,,,,2050,,historic_vote,Lib Dems,"Q:REF2. If it was found that Nigel Farage had accepted each of the following without declaring them under the MPs' rules, how acceptable or unacceptable would you find this?
 A £5 million personal gift from Christopher Harborne, Reform UK's largest donor.",Leader favourability (Farage),farage,Acceptable,Unacceptable,,,,,,,,,8.1,84.9,,,,,,,,,VI-2026-07-07-Opinium-Observer.xlsx,REF2
"2,050 UK adults",7th - 10th July 2026,,,,2050,,historic_vote,Green,"Q:REF2. If it was found that Nigel Farage had accepted each of the following without declaring them under the MPs' rules, how acceptable or unacceptable would you find this?
 A £5 million personal gift from Christopher Harborne, Reform UK's largest donor.",Leader favourability (Farage),farage,Acceptable,Unacceptable,,,,,,,,,9.6,75.5,,,,,,,,,VI-2026-07-07-Opinium-Observer.xlsx,REF2
"2,050 UK adults",7th - 10th July 2026,,,,2050,,historic_vote,Reform UK,"Q:REF2. If it was found that Nigel Farage had accepted each of the following without declaring them under the MPs' rules, how acceptable or unacceptable would you find this?
 A £5 million personal gift from Christopher Harborne, Reform UK's largest donor.",Leader favourability (Farage),farage,Acceptable,Unacceptable,,,,,,,,,42.8,39.8,,,,,,,,,VI-2026-07-07-Opinium-Observer.xlsx,REF2
"2,050 UK adults",7th - 10th July 2026,,,,2050,,historic_vote,Con,"Q:REF2. If it was found that Nigel Farage had accepted each of the following without declaring them under the MPs' rules, how acceptable or unacceptable would you find this?
 A £5 million personal gift from Christopher Harborne, Reform UK's largest donor.",Leader favourability (Farage),farage,Acceptable,Unacceptable,,,,,,,,,28.5,55.8,,,,,,,,,VI-2026-07-07-Opinium-Observer.xlsx,REF2
"2,050 UK adults",7th - 10th July 2026,,,,2050,,historic_vote,Lab,"Q:REF2. If it was found that Nigel Farage had accepted each of the following without declaring them under the MPs' rules, how acceptable or unacceptable would you find this?
 A £5 million personal gift from Christopher Harborne, Reform UK's largest donor.",Leader favourability (Farage),farage,Acceptable,Unacceptable,,,,,,,,,20.1,72.5,,,,,,,,,VI-2026-07-07-Opinium-Observer.xlsx,REF2
"2,050 UK adults",7th - 10th July 2026,,,,2050,,historic_vote,Lib Dem,"Q:REF2. If it was found that Nigel Farage had accepted each of the following without declaring them under the MPs' rules, how acceptable or unacceptable would you find this?
 A £5 million personal gift from Christopher Harborne, Reform UK's largest donor.",Leader favourability (Farage),farage,Acceptable,Unacceptable,,,,,,,,,12.4,81.8,,,,,,,,,VI-2026-07-07-Opinium-Observer.xlsx,REF2
"2,050 UK adults",7th - 10th July 2026,,,,2050,,historic_vote,Remain,"Q:REF2. If it was found that Nigel Farage had accepted each of the following without declaring them under the MPs' rules, how acceptable or unacceptable would you find this?
 A £5 million personal gift from Christopher Harborne, Reform UK's largest donor.",Leader favourability (Farage),farage,Acceptable,Unacceptable,,,,,,,,,14.9,78.0,,,,,,,,,VI-2026-07-07-Opinium-Observer.xlsx,REF2
"2,050 UK adults",7th - 10th July 2026,,,,2050,,historic_vote,Leave,"Q:REF2. If it was found that Nigel Farage had accepted each of the following without declaring them under the MPs' rules, how acceptable or unacceptable would you find this?
 A £5 million personal gift from Christopher Harborne, Reform UK's largest donor.",Leader favourability (Farage),farage,Acceptable,Unacceptable,,,,,,,,,28.1,53.2,,,,,,,,,VI-2026-07-07-Opinium-Observer.xlsx,REF2
"2,050 UK adults",7th - 10th July 2026,,,,2050,,gender,Male,"Q:REF2. If it was found that Nigel Farage had accepted each of the following without declaring them under the MPs' rules, how acceptable or unacceptable would you find this?
 A £5 million personal gift from Christopher Harborne, Reform UK's largest donor.",Leader favourability (Farage),farage,Acceptable,Unacceptable,,,,,,,,,29.2,57.0,,,,,,,,,VI-2026-07-07-Opinium-Observer.xlsx,REF2
"2,050 UK adults",7th - 10th July 2026,,,,2050,,gender,Female,"Q:REF2. If it was found that Nigel Farage had accepted each of the following without declaring them under the MPs' rules, how acceptable or unacceptable would you find this?
 A £5 million personal gift from Christopher Harborne, Reform UK's largest donor.",Leader favourability (Farage),farage,Acceptable,Unacceptable,,,,,,,,,15.1,66.2,,,,,,,,,VI-2026-07-07-Opinium-Observer.xlsx,REF2
"2,050 UK adults",7th - 10th July 2026,,,,2050,,age,18-34,"Q:REF2. If it was found that Nigel Farage had accepted each of the following without declaring them under the MPs' rules, how acceptable or unacceptable would you find this?
 A £5 million personal gift from Christopher Harborne, Reform UK's largest donor.",Leader favourability (Farage),farage,Acceptable,Unacceptable,,,,,,,,,31.0,55.4,,,,,,,,,VI-2026-07-07-Opinium-Observer.xlsx,REF2
"2,050 UK adults",7th - 10th July 2026,,,,2050,,age,35-49,"Q:REF2. If it was found that Nigel Farage had accepted each of the following without declaring them under the MPs' rules, how acceptable or unacceptable would you find this?
 A £5 million personal gift from Christopher Harborne, Reform UK's largest donor.",Leader favourability (Farage),farage,Acceptable,Unacceptable,,,,,,,,,18.4,60.4,,,,,,,,,VI-2026-07-07-Opinium-Observer.xlsx,REF2
"2,050 UK adults",7th - 10th July 2026,,,,2050,,age,50-64,"Q:REF2. If it was found that Nigel Farage had accepted each of the following without declaring them under the MPs' rules, how acceptable or unacceptable would you find this?
 A £5 million personal gift from Christopher Harborne, Reform UK's largest donor.",Leader favourability (Farage),farage,Acceptable,Unacceptable,,,,,,,,,18.1,67.5,,,,,,,,,VI-2026-07-07-Opinium-Observer.xlsx,REF2
"2,050 UK adults",7th - 10th July 2026,,,,2050,,age,65+,"Q:REF2. If it was found that Nigel Farage had accepted each of the following without declaring them under the MPs' rules, how acceptable or unacceptable would you find this?
 A £5 million personal gift from Christopher Harborne, Reform UK's largest donor.",Leader favourability (Farage),farage,Acceptable,Unacceptable,,,,,,,,,18.7,64.2,,,,,,,,,VI-2026-07-07-Opinium-Observer.xlsx,REF2
"2,050 UK adults",7th - 10th July 2026,,,,2050,,region,North,"Q:REF2. If it was found that Nigel Farage had accepted each of the following without declaring them under the MPs' rules, how acceptable or unacceptable would you find this?
 A £5 million personal gift from Christopher Harborne, Reform UK's largest donor.",Leader favourability (Farage),farage,Acceptable,Unacceptable,,,,,,,,,23.8,60.5,,,,,,,,,VI-2026-07-07-Opinium-Observer.xlsx,REF2
"2,050 UK adults",7th - 10th July 2026,,,,2050,,region,Mids,"Q:REF2. If it was found that Nigel Farage had accepted each of the following without declaring them under the MPs' rules, how acceptable or unacceptable would you find this?
 A £5 million personal gift from Christopher Harborne, Reform UK's largest donor.",Leader favourability (Farage),farage,Acceptable,Unacceptable,,,,,,,,,20.3,59.1,,,,,,,,,VI-2026-07-07-Opinium-Observer.xlsx,REF2
"2,050 UK adults",7th - 10th July 2026,,,,2050,,region,London,"Q:REF2. If it was found that Nigel Farage had accepted each of the following without declaring them under the MPs' rules, how acceptable or unacceptable would you find this?
 A £5 million personal gift from Christopher Harborne, Reform UK's largest donor.",Leader favourability (Farage),farage,Acceptable,Unacceptable,,,,,,,,,26.7,58.7,,,,,,,,,VI-2026-07-07-Opinium-Observer.xlsx,REF2
"2,050 UK adults",7th - 10th July 2026,,,,2050,,region,South,"Q:REF2. If it was found that Nigel Farage had accepted each of the following without declaring them under the MPs' rules, how acceptable or unacceptable would you find this?
 A £5 million personal gift from Christopher Harborne, Reform UK's largest donor.",Leader favourability (Farage),farage,Acceptable,Unacceptable,,,,,,,,,20.0,63.1,,,,,,,,,VI-2026-07-07-Opinium-Observer.xlsx,REF2
"2,050 UK adults",7th - 10th July 2026,,,,2050,,region,Wales,"Q:REF2. If it was found that Nigel Farage had accepted each of the following without declaring them under the MPs' rules, how acceptable or unacceptable would you find this?
 A £5 million personal gift from Christopher Harborne, Reform UK's largest donor.",Leader favourability (Farage),farage,Acceptable,Unacceptable,,,,,,,,,20.8,64.6,,,,,,,,,VI-2026-07-07-Opinium-Observer.xlsx,REF2
"2,050 UK adults",7th - 10th July 2026,,,,2050,,region,Scotland,"Q:REF2. If it was found that Nigel Farage had accepted each of the following without declaring them under the MPs' rules, how acceptable or unacceptable would you find this?
 A £5 million personal gift from Christopher Harborne, Reform UK's largest donor.",Leader favourability (Farage),farage,Acceptable,Unacceptable,,,,,,,,,20.0,66.5,,,,,,,,,VI-2026-07-07-Opinium-Observer.xlsx,REF2
"2,050 UK adults",7th - 10th July 2026,,,,2050,,region,Northern Ireland,"Q:REF2. If it was found that Nigel Farage had accepted each of the following without declaring them under the MPs' rules, how acceptable or unacceptable would you find this?
 A £5 million personal gift from Christopher Harborne, Reform UK's largest donor.",Leader favourability (Farage),farage,Acceptable,Unacceptable,,,,,,,,,21.8,65.5,,,,,,,,,VI-2026-07-07-Opinium-Observer.xlsx,REF2
"2,050 UK adults",7th - 10th July 2026,,,,2050,,total,Total,"Q:REF2. If it was found that Nigel Farage had accepted each of the following without declaring them under the MPs' rules, how acceptable or unacceptable would you find this?
 Security, accommodation and other support from George Cottrell, a close friend and adviser.",Leader favourability (Farage),farage,Acceptable,Unacceptable,,,,,,,,,27.2,52.0,,,,,,,,,VI-2026-07-07-Opinium-Observer.xlsx,REF2 (2)
"2,050 UK adults",7th - 10th July 2026,,,,2050,,current_vote,Con,"Q:REF2. If it was found that Nigel Farage had accepted each of the following without declaring them under the MPs' rules, how acceptable or unacceptable would you find this?
 Security, accommodation and other support from George Cottrell, a close friend and adviser.",Leader favourability (Farage),farage,Acceptable,Unacceptable,,,,,,,,,27.2,58.7,,,,,,,,,VI-2026-07-07-Opinium-Observer.xlsx,REF2 (2)
"2,050 UK adults",7th - 10th July 2026,,,,2050,,current_vote,Lab,"Q:REF2. If it was found that Nigel Farage had accepted each of the following without declaring them under the MPs' rules, how acceptable or unacceptable would you find this?
 Security, accommodation and other support from George Cottrell, a close friend and adviser.",Leader favourability (Farage),farage,Acceptable,Unacceptable,,,,,,,,,28.0,63.2,,,,,,,,,VI-2026-07-07-Opinium-Observer.xlsx,REF2 (2)
"2,050 UK adults",7th - 10th July 2026,,,,2050,,current_vote,Lib Dem,"Q:REF2. If it was found that Nigel Farage had accepted each of the following without declaring them under the MPs' rules, how acceptable or unacceptable would you find this?
 Security, accommodation and other support from George Cottrell, a close friend and adviser.",Leader favourability (Farage),farage,Acceptable,Unacceptable,,,,,,,,,14.5,77.4,,,,,,,,,VI-2026-07-07-Opinium-Observer.xlsx,REF2 (2)
"2,050 UK adults",7th - 10th July 2026,,,,2050,,current_vote,Reform,"Q:REF2. If it was found that Nigel Farage had accepted each of the following without declaring them under the MPs' rules, how acceptable or unacceptable would you find this?
 Security, accommodation and other support from George Cottrell, a close friend and adviser.",Leader favourability (Farage),farage,Acceptable,Unacceptable,,,,,,,,,53.6,20.9,,,,,,,,,VI-2026-07-07-Opinium-Observer.xlsx,REF2 (2)
"2,050 UK adults",7th - 10th July 2026,,,,2050,,current_vote,Green,"Q:REF2. If it was found that Nigel Farage had accepted each of the following without declaring them under the MPs' rules, how acceptable or unacceptable would you find this?
 Security, accommodation and other support from George Cottrell, a close friend and adviser.",Leader favourability (Farage),farage,Acceptable,Unacceptable,,,,,,,,,21.4,66.3,,,,,,,,,VI-2026-07-07-Opinium-Observer.xlsx,REF2 (2)
"2,050 UK adults",7th - 10th July 2026,,,,2050,,historic_vote,Conservative,"Q:REF2. If it was found that Nigel Farage had accepted each of the following without declaring them under the MPs' rules, how acceptable or unacceptable would you find this?
 Security, accommodation and other support from George Cottrell, a close friend and adviser.",Leader favourability (Farage),farage,Acceptable,Unacceptable,,,,,,,,,35.4,47.8,,,,,,,,,VI-2026-07-07-Opinium-Observer.xlsx,REF2 (2)
"2,050 UK adults",7th - 10th July 2026,,,,2050,,historic_vote,Labour,"Q:REF2. If it was found that Nigel Farage had accepted each of the following without declaring them under the MPs' rules, how acceptable or unacceptable would you find this?
 Security, accommodation and other support from George Cottrell, a close friend and adviser.",Leader favourability (Farage),farage,Acceptable,Unacceptable,,,,,,,,,21.5,64.3,,,,,,,,,VI-2026-07-07-Opinium-Observer.xlsx,REF2 (2)
"2,050 UK adults",7th - 10th July 2026,,,,2050,,historic_vote,Lib Dems,"Q:REF2. If it was found that Nigel Farage had accepted each of the following without declaring them under the MPs' rules, how acceptable or unacceptable would you find this?
 Security, accommodation and other support from George Cottrell, a close friend and adviser.",Leader favourability (Farage),farage,Acceptable,Unacceptable,,,,,,,,,11.6,80.2,,,,,,,,,VI-2026-07-07-Opinium-Observer.xlsx,REF2 (2)
"2,050 UK adults",7th - 10th July 2026,,,,2050,,historic_vote,Green,"Q:REF2. If it was found that Nigel Farage had accepted each of the following without declaring them under the MPs' rules, how acceptable or unacceptable would you find this?
 Security, accommodation and other support from George Cottrell, a close friend and adviser.",Leader favourability (Farage),farage,Acceptable,Unacceptable,,,,,,,,,24.5,62.8,,,,,,,,,VI-2026-07-07-Opinium-Observer.xlsx,REF2 (2)
"2,050 UK adults",7th - 10th July 2026,,,,2050,,historic_vote,Reform UK,"Q:REF2. If it was found that Nigel Farage had accepted each of the following without declaring them under the MPs' rules, how acceptable or unacceptable would you find this?
 Security, accommodation and other support from George Cottrell, a close friend and adviser.",Leader favourability (Farage),farage,Acceptable,Unacceptable,,,,,,,,,50.2,30.3,,,,,,,,,VI-2026-07-07-Opinium-Observer.xlsx,REF2 (2)
"2,050 UK adults",7th - 10th July 2026,,,,2050,,historic_vote,Con,"Q:REF2. If it was found that Nigel Farage had accepted each of the following without declaring them under the MPs' rules, how acceptable or unacceptable would you find this?
 Security, accommodation and other support from George Cottrell, a close friend and adviser.",Leader favourability (Farage),farage,Acceptable,Unacceptable,,,,,,,,,38.2,44.4,,,,,,,,,VI-2026-07-07-Opinium-Observer.xlsx,REF2 (2)
"2,050 UK adults",7th - 10th July 2026,,,,2050,,historic_vote,Lab,"Q:REF2. If it was found that Nigel Farage had accepted each of the following without declaring them under the MPs' rules, how acceptable or unacceptable would you find this?
 Security, accommodation and other support from George Cottrell, a close friend and adviser.",Leader favourability (Farage),farage,Acceptable,Unacceptable,,,,,,,,,21.0,66.4,,,,,,,,,VI-2026-07-07-Opinium-Observer.xlsx,REF2 (2)
"2,050 UK adults",7th - 10th July 2026,,,,2050,,historic_vote,Lib Dem,"Q:REF2. If it was found that Nigel Farage had accepted each of the following without declaring them under the MPs' rules, how acceptable or unacceptable would you find this?
 Security, accommodation and other support from George Cottrell, a close friend and adviser.",Leader favourability (Farage),farage,Acceptable,Unacceptable,,,,,,,,,12.4,76.6,,,,,,,,,VI-2026-07-07-Opinium-Observer.xlsx,REF2 (2)
"2,050 UK adults",7th - 10th July 2026,,,,2050,,historic_vote,Remain,"Q:REF2. If it was found that Nigel Farage had accepted each of the following without declaring them under the MPs' rules, how acceptable or unacceptable would you find this?
 Security, accommodation and other support from George Cottrell, a close friend and adviser.",Leader favourability (Farage),farage,Acceptable,Unacceptable,,,,,,,,,17.6,69.7,,,,,,,,,VI-2026-07-07-Opinium-Observer.xlsx,REF2 (2)
"2,050 UK adults",7th - 10th July 2026,,,,2050,,historic_vote,Leave,"Q:REF2. If it was found that Nigel Farage had accepted each of the following without declaring them under the MPs' rules, how acceptable or unacceptable would you find this?
 Security, accommodation and other support from George Cottrell, a close friend and adviser.",Leader favourability (Farage),farage,Acceptable,Unacceptable,,,,,,,,,35.0,44.6,,,,,,,,,VI-2026-07-07-Opinium-Observer.xlsx,REF2 (2)
"2,050 UK adults",7th - 10th July 2026,,,,2050,,gender,Male,"Q:REF2. If it was found that Nigel Farage had accepted each of the following without declaring them under the MPs' rules, how acceptable or unacceptable would you find this?
 Security, accommodation and other support from George Cottrell, a close friend and adviser.",Leader favourability (Farage),farage,Acceptable,Unacceptable,,,,,,,,,33.7,48.8,,,,,,,,,VI-2026-07-07-Opinium-Observer.xlsx,REF2 (2)
"2,050 UK adults",7th - 10th July 2026,,,,2050,,gender,Female,"Q:REF2. If it was found that Nigel Farage had accepted each of the following without declaring them under the MPs' rules, how acceptable or unacceptable would you find this?
 Security, accommodation and other support from George Cottrell, a close friend and adviser.",Leader favourability (Farage),farage,Acceptable,Unacceptable,,,,,,,,,21.2,55.1,,,,,,,,,VI-2026-07-07-Opinium-Observer.xlsx,REF2 (2)
"2,050 UK adults",7th - 10th July 2026,,,,2050,,age,18-34,"Q:REF2. If it was found that Nigel Farage had accepted each of the following without declaring them under the MPs' rules, how acceptable or unacceptable would you find this?
 Security, accommodation and other support from George Cottrell, a close friend and adviser.",Leader favourability (Farage),farage,Acceptable,Unacceptable,,,,,,,,,38.5,41.7,,,,,,,,,VI-2026-07-07-Opinium-Observer.xlsx,REF2 (2)
"2,050 UK adults",7th - 10th July 2026,,,,2050,,age,35-49,"Q:REF2. If it was found that Nigel Farage had accepted each of the following without declaring them under the MPs' rules, how acceptable or unacceptable would you find this?
 Security, accommodation and other support from George Cottrell, a close friend and adviser.",Leader favourability (Farage),farage,Acceptable,Unacceptable,,,,,,,,,24.9,51.7,,,,,,,,,VI-2026-07-07-Opinium-Observer.xlsx,REF2 (2)
"2,050 UK adults",7th - 10th July 2026,,,,2050,,age,50-64,"Q:REF2. If it was found that Nigel Farage had accepted each of the following without declaring them under the MPs' rules, how acceptable or unacceptable would you find this?
 Security, accommodation and other support from George Cottrell, a close friend and adviser.",Leader favourability (Farage),farage,Acceptable,Unacceptable,,,,,,,,,24.0,57.1,,,,,,,,,VI-2026-07-07-Opinium-Observer.xlsx,REF2 (2)
"2,050 UK adults",7th - 10th July 2026,,,,2050,,age,65+,"Q:REF2. If it was found that Nigel Farage had accepted each of the following without declaring them under the MPs' rules, how acceptable or unacceptable would you find this?
 Security, accommodation and other support from George Cottrell, a close friend and adviser.",Leader favourability (Farage),farage,Acceptable,Unacceptable,,,,,,,,,20.2,58.9,,,,,,,,,VI-2026-07-07-Opinium-Observer.xlsx,REF2 (2)
"2,050 UK adults",7th - 10th July 2026,,,,2050,,region,North,"Q:REF2. If it was found that Nigel Farage had accepted each of the following without declaring them under the MPs' rules, how acceptable or unacceptable would you find this?
 Security, accommodation and other support from George Cottrell, a close friend and adviser.",Leader favourability (Farage),farage,Acceptable,Unacceptable,,,,,,,,,27.2,51.7,,,,,,,,,VI-2026-07-07-Opinium-Observer.xlsx,REF2 (2)
"2,050 UK adults",7th - 10th July 2026,,,,2050,,region,Mids,"Q:REF2. If it was found that Nigel Farage had accepted each of the following without declaring them under the MPs' rules, how acceptable or unacceptable would you find this?
 Security, accommodation and other support from George Cottrell, a close friend and adviser.",Leader favourability (Farage),farage,Acceptable,Unacceptable,,,,,,,,,27.0,48.8,,,,,,,,,VI-2026-07-07-Opinium-Observer.xlsx,REF2 (2)
"2,050 UK adults",7th - 10th July 2026,,,,2050,,region,London,"Q:REF2. If it was found that Nigel Farage had accepted each of the following without declaring them under the MPs' rules, how acceptable or unacceptable would you find this?
 Security, accommodation and other support from George Cottrell, a close friend and adviser.",Leader favourability (Farage),farage,Acceptable,Unacceptable,,,,,,,,,33.5,48.5,,,,,,,,,VI-2026-07-07-Opinium-Observer.xlsx,REF2 (2)
"2,050 UK adults",7th - 10th July 2026,,,,2050,,region,South,"Q:REF2. If it was found that Nigel Farage had accepted each of the following without declaring them under the MPs' rules, how acceptable or unacceptable would you find this?
 Security, accommodation and other support from George Cottrell, a close friend and adviser.",Leader favourability (Farage),farage,Acceptable,Unacceptable,,,,,,,,,26.3,52.9,,,,,,,,,VI-2026-07-07-Opinium-Observer.xlsx,REF2 (2)
"2,050 UK adults",7th - 10th July 2026,,,,2050,,region,Wales,"Q:REF2. If it was found that Nigel Farage had accepted each of the following without declaring them under the MPs' rules, how acceptable or unacceptable would you find this?
 Security, accommodation and other support from George Cottrell, a close friend and adviser.",Leader favourability (Farage),farage,Acceptable,Unacceptable,,,,,,,,,29.2,51.0,,,,,,,,,VI-2026-07-07-Opinium-Observer.xlsx,REF2 (2)
"2,050 UK adults",7th - 10th July 2026,,,,2050,,region,Scotland,"Q:REF2. If it was found that Nigel Farage had accepted each of the following without declaring them under the MPs' rules, how acceptable or unacceptable would you find this?
 Security, accommodation and other support from George Cottrell, a close friend and adviser.",Leader favourability (Farage),farage,Acceptable,Unacceptable,,,,,,,,,21.8,58.2,,,,,,,,,VI-2026-07-07-Opinium-Observer.xlsx,REF2 (2)
"2,050 UK adults",7th - 10th July 2026,,,,2050,,region,Northern Ireland,"Q:REF2. If it was found that Nigel Farage had accepted each of the following without declaring them under the MPs' rules, how acceptable or unacceptable would you find this?
 Security, accommodation and other support from George Cottrell, a close friend and adviser.",Leader favourability (Farage),farage,Acceptable,Unacceptable,,,,,,,,,25.4,63.6,,,,,,,,,VI-2026-07-07-Opinium-Observer.xlsx,REF2 (2)
"2,050 UK adults",7th - 10th July 2026,,,,2050,,total,Total,"Q:REF3NEW. Nigel Farage has defended his actions, saying the gifts and support he received were unrelated to his political activity with Reform UK.From what you have seen or heard, how convincing, if at all, did you find Nigel Farage's defence?",Leader favourability (Farage),farage,Completely convincing,Fairly convincing,Not very convincing,Not at all convincing,I have not seen or heard enough to say,,,,,,7.1,14.4,15.6,36.9,14.1,,,,,,VI-2026-07-07-Opinium-Observer.xlsx,REF3NEW
"2,050 UK adults",7th - 10th July 2026,,,,2050,,current_vote,Con,"Q:REF3NEW. Nigel Farage has defended his actions, saying the gifts and support he received were unrelated to his political activity with Reform UK.From what you have seen or heard, how convincing, if at all, did you find Nigel Farage's defence?",Leader favourability (Farage),farage,Completely convincing,Fairly convincing,Not very convincing,Not at all convincing,I have not seen or heard enough to say,,,,,,4.6,16.9,23.8,32.4,14.6,,,,,,VI-2026-07-07-Opinium-Observer.xlsx,REF3NEW
"2,050 UK adults",7th - 10th July 2026,,,,2050,,current_vote,Lab,"Q:REF3NEW. Nigel Farage has defended his actions, saying the gifts and support he received were unrelated to his political activity with Reform UK.From what you have seen or heard, how convincing, if at all, did you find Nigel Farage's defence?",Leader favourability (Farage),farage,Completely convincing,Fairly convincing,Not very convincing,Not at all convincing,I have not seen or heard enough to say,,,,,,6.7,16.1,14.2,49.8,7.0,,,,,,VI-2026-07-07-Opinium-Observer.xlsx,REF3NEW
"2,050 UK adults",7th - 10th July 2026,,,,2050,,current_vote,Lib Dem,"Q:REF3NEW. Nigel Farage has defended his actions, saying the gifts and support he received were unrelated to his political activity with Reform UK.From what you have seen or heard, how convincing, if at all, did you find Nigel Farage's defence?",Leader favourability (Farage),farage,Completely convincing,Fairly convincing,Not very convincing,Not at all convincing,I have not seen or heard enough to say,,,,,,,7.4,18.5,59.7,10.2,,,,,,VI-2026-07-07-Opinium-Observer.xlsx,REF3NEW
"2,050 UK adults",7th - 10th July 2026,,,,2050,,current_vote,Reform,"Q:REF3NEW. Nigel Farage has defended his actions, saying the gifts and support he received were unrelated to his political activity with Reform UK.From what you have seen or heard, how convincing, if at all, did you find Nigel Farage's defence?",Leader favourability (Farage),farage,Completely convincing,Fairly convincing,Not very convincing,Not at all convincing,I have not seen or heard enough to say,,,,,,23.0,30.1,13.7,2.7,20.2,,,,,,VI-2026-07-07-Opinium-Observer.xlsx,REF3NEW
"2,050 UK adults",7th - 10th July 2026,,,,2050,,current_vote,Green,"Q:REF3NEW. Nigel Farage has defended his actions, saying the gifts and support he received were unrelated to his political activity with Reform UK.From what you have seen or heard, how convincing, if at all, did you find Nigel Farage's defence?",Leader favourability (Farage),farage,Completely convincing,Fairly convincing,Not very convincing,Not at all convincing,I have not seen or heard enough to say,,,,,,2.8,7.1,12.5,62.8,7.1,,,,,,VI-2026-07-07-Opinium-Observer.xlsx,REF3NEW
"2,050 UK adults",7th - 10th July 2026,,,,2050,,historic_vote,Conservative,"Q:REF3NEW. Nigel Farage has defended his actions, saying the gifts and support he received were unrelated to his political activity with Reform UK.From what you have seen or heard, how convincing, if at all, did you find Nigel Farage's defence?",Leader favourability (Farage),farage,Completely convincing,Fairly convincing,Not very convincing,Not at all convincing,I have not seen or heard enough to say,,,,,,9.3,20.9,19.6,27.2,15.2,,,,,,VI-2026-07-07-Opinium-Observer.xlsx,REF3NEW
"2,050 UK adults",7th - 10th July 2026,,,,2050,,historic_vote,Labour,"Q:REF3NEW. Nigel Farage has defended his actions, saying the gifts and support he received were unrelated to his political activity with Reform UK.From what you have seen or heard, how convincing, if at all, did you find Nigel Farage's defence?",Leader favourability (Farage),farage,Completely convincing,Fairly convincing,Not very convincing,Not at all convincing,I have not seen or heard enough to say,,,,,,4.7,11.1,15.3,52.3,8.5,,,,,,VI-2026-07-07-Opinium-Observer.xlsx,REF3NEW
"2,050 UK adults",7th - 10th July 2026,,,,2050,,historic_vote,Lib Dems,"Q:REF3NEW. Nigel Farage has defended his actions, saying the gifts and support he received were unrelated to his political activity with Reform UK.From what you have seen or heard, how convincing, if at all, did you find Nigel Farage's defence?",Leader favourability (Farage),farage,Completely convincing,Fairly convincing,Not very convincing,Not at all convincing,I have not seen or heard enough to say,,,,,,1.5,3.9,13.5,62.1,14.1,,,,,,VI-2026-07-07-Opinium-Observer.xlsx,REF3NEW
"2,050 UK adults",7th - 10th July 2026,,,,2050,,historic_vote,Green,"Q:REF3NEW. Nigel Farage has defended his actions, saying the gifts and support he received were unrelated to his political activity with Reform UK.From what you have seen or heard, how convincing, if at all, did you find Nigel Farage's defence?",Leader favourability (Farage),farage,Completely convincing,Fairly convincing,Not very convincing,Not at all convincing,I have not seen or heard enough to say,,,,,,4.3,8.4,9.8,57.2,14.3,,,,,,VI-2026-07-07-Opinium-Observer.xlsx,REF3NEW
"2,050 UK adults",7th - 10th July 2026,,,,2050,,historic_vote,Reform UK,"Q:REF3NEW. Nigel Farage has defended his actions, saying the gifts and support he received were unrelated to his political activity with Reform UK.From what you have seen or heard, how convincing, if at all, did you find Nigel Farage's defence?",Leader favourability (Farage),farage,Completely convincing,Fairly convincing,Not very convincing,Not at all convincing,I have not seen or heard enough to say,,,,,,21.3,28.4,14.4,6.1,22.6,,,,,,VI-2026-07-07-Opinium-Observer.xlsx,REF3NEW
"2,050 UK adults",7th - 10th July 2026,,,,2050,,historic_vote,Con,"Q:REF3NEW. Nigel Farage has defended his actions, saying the gifts and support he received were unrelated to his political activity with Reform UK.From what you have seen or heard, how convincing, if at all, did you find Nigel Farage's defence?",Leader favourability (Farage),farage,Completely convincing,Fairly convincing,Not very convincing,Not at all convincing,I have not seen or heard enough to say,,,,,,12.1,19.8,19.2,23.5,17.2,,,,,,VI-2026-07-07-Opinium-Observer.xlsx,REF3NEW
"2,050 UK adults",7th - 10th July 2026,,,,2050,,historic_vote,Lab,"Q:REF3NEW. Nigel Farage has defended his actions, saying the gifts and support he received were unrelated to his political activity with Reform UK.From what you have seen or heard, how convincing, if at all, did you find Nigel Farage's defence?",Leader favourability (Farage),farage,Completely convincing,Fairly convincing,Not very convincing,Not at all convincing,I have not seen or heard enough to say,,,,,,5.2,11.4,13.3,56.7,7.7,,,,,,VI-2026-07-07-Opinium-Observer.xlsx,REF3NEW
"2,050 UK adults",7th - 10th July 2026,,,,2050,,historic_vote,Lib Dem,"Q:REF3NEW. Nigel Farage has defended his actions, saying the gifts and support he received were unrelated to his political activity with Reform UK.From what you have seen or heard, how convincing, if at all, did you find Nigel Farage's defence?",Leader favourability (Farage),farage,Completely convincing,Fairly convincing,Not very convincing,Not at all convincing,I have not seen or heard enough to say,,,,,,0.4,7.1,12.1,63.0,9.0,,,,,,VI-2026-07-07-Opinium-Observer.xlsx,REF3NEW
"2,050 UK adults",7th - 10th July 2026,,,,2050,,historic_vote,Remain,"Q:REF3NEW. Nigel Farage has defended his actions, saying the gifts and support he received were unrelated to his political activity with Reform UK.From what you have seen or heard, how convincing, if at all, did you find Nigel Farage's defence?",Leader favourability (Farage),farage,Completely convincing,Fairly convincing,Not very convincing,Not at all convincing,I have not seen or heard enough to say,,,,,,4.0,9.3,13.9,58.7,7.0,,,,,,VI-2026-07-07-Opinium-Observer.xlsx,REF3NEW
"2,050 UK adults",7th - 10th July 2026,,,,2050,,historic_vote,Leave,"Q:REF3NEW. Nigel Farage has defended his actions, saying the gifts and support he received were unrelated to his political activity with Reform UK.From what you have seen or heard, how convincing, if at all, did you find Nigel Farage's defence?",Leader favourability (Farage),farage,Completely convincing,Fairly convincing,Not very convincing,Not at all convincing,I have not seen or heard enough to say,,,,,,10.7,19.8,15.8,23.6,20.8,,,,,,VI-2026-07-07-Opinium-Observer.xlsx,REF3NEW
"2,050 UK adults",7th - 10th July 2026,,,,2050,,gender,Male,"Q:REF3NEW. Nigel Farage has defended his actions, saying the gifts and support he received were unrelated to his political activity with Reform UK.From what you have seen or heard, how convincing, if at all, did you find Nigel Farage's defence?",Leader favourability (Farage),farage,Completely convincing,Fairly convincing,Not very convincing,Not at all convincing,I have not seen or heard enough to say,,,,,,9.1,19.3,15.5,33.6,12.0,,,,,,VI-2026-07-07-Opinium-Observer.xlsx,REF3NEW
"2,050 UK adults",7th - 10th July 2026,,,,2050,,gender,Female,"Q:REF3NEW. Nigel Farage has defended his actions, saying the gifts and support he received were unrelated to his political activity with Reform UK.From what you have seen or heard, how convincing, if at all, did you find Nigel Farage's defence?",Leader favourability (Farage),farage,Completely convincing,Fairly convincing,Not very convincing,Not at all convincing,I have not seen or heard enough to say,,,,,,5.3,9.9,15.8,39.7,15.9,,,,,,VI-2026-07-07-Opinium-Observer.xlsx,REF3NEW
"2,050 UK adults",7th - 10th July 2026,,,,2050,,age,18-34,"Q:REF3NEW. Nigel Farage has defended his actions, saying the gifts and support he received were unrelated to his political activity with Reform UK.From what you have seen or heard, how convincing, if at all, did you find Nigel Farage's defence?",Leader favourability (Farage),farage,Completely convincing,Fairly convincing,Not very convincing,Not at all convincing,I have not seen or heard enough to say,,,,,,10.3,19.4,18.7,27.3,11.0,,,,,,VI-2026-07-07-Opinium-Observer.xlsx,REF3NEW
"2,050 UK adults",7th - 10th July 2026,,,,2050,,age,35-49,"Q:REF3NEW. Nigel Farage has defended his actions, saying the gifts and support he received were unrelated to his political activity with Reform UK.From what you have seen or heard, how convincing, if at all, did you find Nigel Farage's defence?",Leader favourability (Farage),farage,Completely convincing,Fairly convincing,Not very convincing,Not at all convincing,I have not seen or heard enough to say,,,,,,3.7,14.6,15.1,39.0,14.2,,,,,,VI-2026-07-07-Opinium-Observer.xlsx,REF3NEW
"2,050 UK adults",7th - 10th July 2026,,,,2050,,age,50-64,"Q:REF3NEW. Nigel Farage has defended his actions, saying the gifts and support he received were unrelated to his political activity with Reform UK.From what you have seen or heard, how convincing, if at all, did you find Nigel Farage's defence?",Leader favourability (Farage),farage,Completely convincing,Fairly convincing,Not very convincing,Not at all convincing,I have not seen or heard enough to say,,,,,,5.3,11.4,13.2,42.0,17.0,,,,,,VI-2026-07-07-Opinium-Observer.xlsx,REF3NEW
"2,050 UK adults",7th - 10th July 2026,,,,2050,,age,65+,"Q:REF3NEW. Nigel Farage has defended his actions, saying the gifts and support he received were unrelated to his political activity with Reform UK.From what you have seen or heard, how convincing, if at all, did you find Nigel Farage's defence?",Leader favourability (Farage),farage,Completely convincing,Fairly convincing,Not very convincing,Not at all convincing,I have not seen or heard enough to say,,,,,,8.6,11.7,14.8,40.3,14.7,,,,,,VI-2026-07-07-Opinium-Observer.xlsx,REF3NEW
"2,050 UK adults",7th - 10th July 2026,,,,2050,,region,North,"Q:REF3NEW. Nigel Farage has defended his actions, saying the gifts and support he received were unrelated to his political activity with Reform UK.From what you have seen or heard, how convincing, if at all, did you find Nigel Farage's defence?",Leader favourability (Farage),farage,Completely convincing,Fairly convincing,Not very convincing,Not at all convincing,I have not seen or heard enough to say,,,,,,9.4,13.6,14.3,35.4,15.2,,,,,,VI-2026-07-07-Opinium-Observer.xlsx,REF3NEW
"2,050 UK adults",7th - 10th July 2026,,,,2050,,region,Mids,"Q:REF3NEW. Nigel Farage has defended his actions, saying the gifts and support he received were unrelated to his political activity with Reform UK.From what you have seen or heard, how convincing, if at all, did you find Nigel Farage's defence?",Leader favourability (Farage),farage,Completely convincing,Fairly convincing,Not very convincing,Not at all convincing,I have not seen or heard enough to say,,,,,,6.6,12.1,18.3,32.4,14.2,,,,,,VI-2026-07-07-Opinium-Observer.xlsx,REF3NEW
"2,050 UK adults",7th - 10th July 2026,,,,2050,,region,London,"Q:REF3NEW. Nigel Farage has defended his actions, saying the gifts and support he received were unrelated to his political activity with Reform UK.From what you have seen or heard, how convincing, if at all, did you find Nigel Farage's defence?",Leader favourability (Farage),farage,Completely convincing,Fairly convincing,Not very convincing,Not at all convincing,I have not seen or heard enough to say,,,,,,5.4,17.4,16.2,37.3,11.1,,,,,,VI-2026-07-07-Opinium-Observer.xlsx,REF3NEW
"2,050 UK adults",7th - 10th July 2026,,,,2050,,region,South,"Q:REF3NEW. Nigel Farage has defended his actions, saying the gifts and support he received were unrelated to his political activity with Reform UK.From what you have seen or heard, how convincing, if at all, did you find Nigel Farage's defence?",Leader favourability (Farage),farage,Completely convincing,Fairly convincing,Not very convincing,Not at all convincing,I have not seen or heard enough to say,,,,,,6.8,14.9,17.2,35.9,14.2,,,,,,VI-2026-07-07-Opinium-Observer.xlsx,REF3NEW
"2,050 UK adults",7th - 10th July 2026,,,,2050,,region,Wales,"Q:REF3NEW. Nigel Farage has defended his actions, saying the gifts and support he received were unrelated to his political activity with Reform UK.From what you have seen or heard, how convincing, if at all, did you find Nigel Farage's defence?",Leader favourability (Farage),farage,Completely convincing,Fairly convincing,Not very convincing,Not at all convincing,I have not seen or heard enough to say,,,,,,6.8,16.1,12.4,38.7,14.5,,,,,,VI-2026-07-07-Opinium-Observer.xlsx,REF3NEW
"2,050 UK adults",7th - 10th July 2026,,,,2050,,region,Scotland,"Q:REF3NEW. Nigel Farage has defended his actions, saying the gifts and support he received were unrelated to his political activity with Reform UK.From what you have seen or heard, how convincing, if at all, did you find Nigel Farage's defence?",Leader favourability (Farage),farage,Completely convincing,Fairly convincing,Not very convincing,Not at all convincing,I have not seen or heard enough to say,,,,,,6.5,10.4,9.0,49.6,15.3,,,,,,VI-2026-07-07-Opinium-Observer.xlsx,REF3NEW
"2,050 UK adults",7th - 10th July 2026,,,,2050,,region,Northern Ireland,"Q:REF3NEW. Nigel Farage has defended his actions, saying the gifts and support he received were unrelated to his political activity with Reform UK.From what you have seen or heard, how convincing, if at all, did you find Nigel Farage's defence?",Leader favourability (Farage),farage,Completely convincing,Fairly convincing,Not very convincing,Not at all convincing,I have not seen or heard enough to say,,,,,,3.2,24.1,13.3,42.1,13.2,,,,,,VI-2026-07-07-Opinium-Observer.xlsx,REF3NEW
"2,050 UK adults",7th - 10th July 2026,,,,2050,,total,Total,Q:REF5. Nigel Farage has resigned as the MP for Clacton-on-Sea and will stand in the resulting by-election.Do you think the voters of Clacton should or should not re-elect Nigel Farage as their MP?,Leader favourability (Farage),farage,Definitely should re-elect him,Probably should re-elect him,Probably should not re-elect him,Definitely should not re-elect him,,,,,,,13.8,13.4,14.7,37.5,,,,,,,VI-2026-07-07-Opinium-Observer.xlsx,REF5
"2,050 UK adults",7th - 10th July 2026,,,,2050,,current_vote,Con,Q:REF5. Nigel Farage has resigned as the MP for Clacton-on-Sea and will stand in the resulting by-election.Do you think the voters of Clacton should or should not re-elect Nigel Farage as their MP?,Leader favourability (Farage),farage,Definitely should re-elect him,Probably should re-elect him,Probably should not re-elect him,Definitely should not re-elect him,,,,,,,10.4,17.4,22.1,31.1,,,,,,,VI-2026-07-07-Opinium-Observer.xlsx,REF5
"2,050 UK adults",7th - 10th July 2026,,,,2050,,current_vote,Lab,Q:REF5. Nigel Farage has resigned as the MP for Clacton-on-Sea and will stand in the resulting by-election.Do you think the voters of Clacton should or should not re-elect Nigel Farage as their MP?,Leader favourability (Farage),farage,Definitely should re-elect him,Probably should re-elect him,Probably should not re-elect him,Definitely should not re-elect him,,,,,,,4.0,16.3,19.7,50.2,,,,,,,VI-2026-07-07-Opinium-Observer.xlsx,REF5
"2,050 UK adults",7th - 10th July 2026,,,,2050,,current_vote,Lib Dem,Q:REF5. Nigel Farage has resigned as the MP for Clacton-on-Sea and will stand in the resulting by-election.Do you think the voters of Clacton should or should not re-elect Nigel Farage as their MP?,Leader favourability (Farage),farage,Definitely should re-elect him,Probably should re-elect him,Probably should not re-elect him,Definitely should not re-elect him,,,,,,,3.0,7.5,13.9,64.4,,,,,,,VI-2026-07-07-Opinium-Observer.xlsx,REF5
"2,050 UK adults",7th - 10th July 2026,,,,2050,,current_vote,Reform,Q:REF5. Nigel Farage has resigned as the MP for Clacton-on-Sea and will stand in the resulting by-election.Do you think the voters of Clacton should or should not re-elect Nigel Farage as their MP?,Leader favourability (Farage),farage,Definitely should re-elect him,Probably should re-elect him,Probably should not re-elect him,Definitely should not re-elect him,,,,,,,49.0,25.2,8.2,3.4,,,,,,,VI-2026-07-07-Opinium-Observer.xlsx,REF5
"2,050 UK adults",7th - 10th July 2026,,,,2050,,current_vote,Green,Q:REF5. Nigel Farage has resigned as the MP for Clacton-on-Sea and will stand in the resulting by-election.Do you think the voters of Clacton should or should not re-elect Nigel Farage as their MP?,Leader favourability (Farage),farage,Definitely should re-elect him,Probably should re-elect him,Probably should not re-elect him,Definitely should not re-elect him,,,,,,,3.1,5.9,14.5,65.9,,,,,,,VI-2026-07-07-Opinium-Observer.xlsx,REF5
"2,050 UK adults",7th - 10th July 2026,,,,2050,,historic_vote,Conservative,Q:REF5. Nigel Farage has resigned as the MP for Clacton-on-Sea and will stand in the resulting by-election.Do you think the voters of Clacton should or should not re-elect Nigel Farage as their MP?,Leader favourability (Farage),farage,Definitely should re-elect him,Probably should re-elect him,Probably should not re-elect him,Definitely should not re-elect him,,,,,,,21.9,19.9,13.8,27.5,,,,,,,VI-2026-07-07-Opinium-Observer.xlsx,REF5
"2,050 UK adults",7th - 10th July 2026,,,,2050,,historic_vote,Labour,Q:REF5. Nigel Farage has resigned as the MP for Clacton-on-Sea and will stand in the resulting by-election.Do you think the voters of Clacton should or should not re-elect Nigel Farage as their MP?,Leader favourability (Farage),farage,Definitely should re-elect him,Probably should re-elect him,Probably should not re-elect him,Definitely should not re-elect him,,,,,,,6.9,11.3,16.3,52.8,,,,,,,VI-2026-07-07-Opinium-Observer.xlsx,REF5
"2,050 UK adults",7th - 10th July 2026,,,,2050,,historic_vote,Lib Dems,Q:REF5. Nigel Farage has resigned as the MP for Clacton-on-Sea and will stand in the resulting by-election.Do you think the voters of Clacton should or should not re-elect Nigel Farage as their MP?,Leader favourability (Farage),farage,Definitely should re-elect him,Probably should re-elect him,Probably should not re-elect him,Definitely should not re-elect him,,,,,,,2.5,9.0,13.0,61.8,,,,,,,VI-2026-07-07-Opinium-Observer.xlsx,REF5
"2,050 UK adults",7th - 10th July 2026,,,,2050,,historic_vote,Green,Q:REF5. Nigel Farage has resigned as the MP for Clacton-on-Sea and will stand in the resulting by-election.Do you think the voters of Clacton should or should not re-elect Nigel Farage as their MP?,Leader favourability (Farage),farage,Definitely should re-elect him,Probably should re-elect him,Probably should not re-elect him,Definitely should not re-elect him,,,,,,,7.3,7.3,14.4,56.8,,,,,,,VI-2026-07-07-Opinium-Observer.xlsx,REF5
"2,050 UK adults",7th - 10th July 2026,,,,2050,,historic_vote,Reform UK,Q:REF5. Nigel Farage has resigned as the MP for Clacton-on-Sea and will stand in the resulting by-election.Do you think the voters of Clacton should or should not re-elect Nigel Farage as their MP?,Leader favourability (Farage),farage,Definitely should re-elect him,Probably should re-elect him,Probably should not re-elect him,Definitely should not re-elect him,,,,,,,49.4,20.8,6.4,8.4,,,,,,,VI-2026-07-07-Opinium-Observer.xlsx,REF5
"2,050 UK adults",7th - 10th July 2026,,,,2050,,historic_vote,Con,Q:REF5. Nigel Farage has resigned as the MP for Clacton-on-Sea and will stand in the resulting by-election.Do you think the voters of Clacton should or should not re-elect Nigel Farage as their MP?,Leader favourability (Farage),farage,Definitely should re-elect him,Probably should re-elect him,Probably should not re-elect him,Definitely should not re-elect him,,,,,,,29.1,18.5,11.6,23.3,,,,,,,VI-2026-07-07-Opinium-Observer.xlsx,REF5
"2,050 UK adults",7th - 10th July 2026,,,,2050,,historic_vote,Lab,Q:REF5. Nigel Farage has resigned as the MP for Clacton-on-Sea and will stand in the resulting by-election.Do you think the voters of Clacton should or should not re-elect Nigel Farage as their MP?,Leader favourability (Farage),farage,Definitely should re-elect him,Probably should re-elect him,Probably should not re-elect him,Definitely should not re-elect him,,,,,,,6.3,11.6,16.1,52.5,,,,,,,VI-2026-07-07-Opinium-Observer.xlsx,REF5
"2,050 UK adults",7th - 10th July 2026,,,,2050,,historic_vote,Lib Dem,Q:REF5. Nigel Farage has resigned as the MP for Clacton-on-Sea and will stand in the resulting by-election.Do you think the voters of Clacton should or should not re-elect Nigel Farage as their MP?,Leader favourability (Farage),farage,Definitely should re-elect him,Probably should re-elect him,Probably should not re-elect him,Definitely should not re-elect him,,,,,,,1.9,6.1,14.2,63.5,,,,,,,VI-2026-07-07-Opinium-Observer.xlsx,REF5
"2,050 UK adults",7th - 10th July 2026,,,,2050,,historic_vote,Remain,Q:REF5. Nigel Farage has resigned as the MP for Clacton-on-Sea and will stand in the resulting by-election.Do you think the voters of Clacton should or should not re-elect Nigel Farage as their MP?,Leader favourability (Farage),farage,Definitely should re-elect him,Probably should re-elect him,Probably should not re-elect him,Definitely should not re-elect him,,,,,,,4.2,9.1,13.7,58.8,,,,,,,VI-2026-07-07-Opinium-Observer.xlsx,REF5
"2,050 UK adults",7th - 10th July 2026,,,,2050,,historic_vote,Leave,Q:REF5. Nigel Farage has resigned as the MP for Clacton-on-Sea and will stand in the resulting by-election.Do you think the voters of Clacton should or should not re-elect Nigel Farage as their MP?,Leader favourability (Farage),farage,Definitely should re-elect him,Probably should re-elect him,Probably should not re-elect him,Definitely should not re-elect him,,,,,,,28.6,18.7,11.3,22.5,,,,,,,VI-2026-07-07-Opinium-Observer.xlsx,REF5
"2,050 UK adults",7th - 10th July 2026,,,,2050,,gender,Male,Q:REF5. Nigel Farage has resigned as the MP for Clacton-on-Sea and will stand in the resulting by-election.Do you think the voters of Clacton should or should not re-elect Nigel Farage as their MP?,Leader favourability (Farage),farage,Definitely should re-elect him,Probably should re-elect him,Probably should not re-elect him,Definitely should not re-elect him,,,,,,,18.9,16.6,14.3,33.1,,,,,,,VI-2026-07-07-Opinium-Observer.xlsx,REF5
"2,050 UK adults",7th - 10th July 2026,,,,2050,,gender,Female,Q:REF5. Nigel Farage has resigned as the MP for Clacton-on-Sea and will stand in the resulting by-election.Do you think the voters of Clacton should or should not re-elect Nigel Farage as their MP?,Leader favourability (Farage),farage,Definitely should re-elect him,Probably should re-elect him,Probably should not re-elect him,Definitely should not re-elect him,,,,,,,9.0,10.5,15.3,41.6,,,,,,,VI-2026-07-07-Opinium-Observer.xlsx,REF5
"2,050 UK adults",7th - 10th July 2026,,,,2050,,age,18-34,Q:REF5. Nigel Farage has resigned as the MP for Clacton-on-Sea and will stand in the resulting by-election.Do you think the voters of Clacton should or should not re-elect Nigel Farage as their MP?,Leader favourability (Farage),farage,Definitely should re-elect him,Probably should re-elect him,Probably should not re-elect him,Definitely should not re-elect him,,,,,,,7.6,17.8,24.1,31.0,,,,,,,VI-2026-07-07-Opinium-Observer.xlsx,REF5
"2,050 UK adults",7th - 10th July 2026,,,,2050,,age,35-49,Q:REF5. Nigel Farage has resigned as the MP for Clacton-on-Sea and will stand in the resulting by-election.Do you think the voters of Clacton should or should not re-elect Nigel Farage as their MP?,Leader favourability (Farage),farage,Definitely should re-elect him,Probably should re-elect him,Probably should not re-elect him,Definitely should not re-elect him,,,,,,,12.4,13.8,11.7,39.1,,,,,,,VI-2026-07-07-Opinium-Observer.xlsx,REF5
"2,050 UK adults",7th - 10th July 2026,,,,2050,,age,50-64,Q:REF5. Nigel Farage has resigned as the MP for Clacton-on-Sea and will stand in the resulting by-election.Do you think the voters of Clacton should or should not re-elect Nigel Farage as their MP?,Leader favourability (Farage),farage,Definitely should re-elect him,Probably should re-elect him,Probably should not re-elect him,Definitely should not re-elect him,,,,,,,15.1,12.9,10.8,43.1,,,,,,,VI-2026-07-07-Opinium-Observer.xlsx,REF5
"2,050 UK adults",7th - 10th July 2026,,,,2050,,age,65+,Q:REF5. Nigel Farage has resigned as the MP for Clacton-on-Sea and will stand in the resulting by-election.Do you think the voters of Clacton should or should not re-elect Nigel Farage as their MP?,Leader favourability (Farage),farage,Definitely should re-elect him,Probably should re-elect him,Probably should not re-elect him,Definitely should not re-elect him,,,,,,,21.0,8.6,11.1,37.7,,,,,,,VI-2026-07-07-Opinium-Observer.xlsx,REF5
"2,050 UK adults",7th - 10th July 2026,,,,2050,,region,North,Q:REF5. Nigel Farage has resigned as the MP for Clacton-on-Sea and will stand in the resulting by-election.Do you think the voters of Clacton should or should not re-elect Nigel Farage as their MP?,Leader favourability (Farage),farage,Definitely should re-elect him,Probably should re-elect him,Probably should not re-elect him,Definitely should not re-elect him,,,,,,,14.7,12.8,13.9,36.5,,,,,,,VI-2026-07-07-Opinium-Observer.xlsx,REF5
"2,050 UK adults",7th - 10th July 2026,,,,2050,,region,Mids,Q:REF5. Nigel Farage has resigned as the MP for Clacton-on-Sea and will stand in the resulting by-election.Do you think the voters of Clacton should or should not re-elect Nigel Farage as their MP?,Leader favourability (Farage),farage,Definitely should re-elect him,Probably should re-elect him,Probably should not re-elect him,Definitely should not re-elect him,,,,,,,13.8,13.9,14.8,31.5,,,,,,,VI-2026-07-07-Opinium-Observer.xlsx,REF5
"2,050 UK adults",7th - 10th July 2026,,,,2050,,region,London,Q:REF5. Nigel Farage has resigned as the MP for Clacton-on-Sea and will stand in the resulting by-election.Do you think the voters of Clacton should or should not re-elect Nigel Farage as their MP?,Leader favourability (Farage),farage,Definitely should re-elect him,Probably should re-elect him,Probably should not re-elect him,Definitely should not re-elect him,,,,,,,9.6,16.0,20.6,34.3,,,,,,,VI-2026-07-07-Opinium-Observer.xlsx,REF5
"2,050 UK adults",7th - 10th July 2026,,,,2050,,region,South,Q:REF5. Nigel Farage has resigned as the MP for Clacton-on-Sea and will stand in the resulting by-election.Do you think the voters of Clacton should or should not re-elect Nigel Farage as their MP?,Leader favourability (Farage),farage,Definitely should re-elect him,Probably should re-elect him,Probably should not re-elect him,Definitely should not re-elect him,,,,,,,14.2,13.9,14.0,38.4,,,,,,,VI-2026-07-07-Opinium-Observer.xlsx,REF5
"2,050 UK adults",7th - 10th July 2026,,,,2050,,region,Wales,Q:REF5. Nigel Farage has resigned as the MP for Clacton-on-Sea and will stand in the resulting by-election.Do you think the voters of Clacton should or should not re-elect Nigel Farage as their MP?,Leader favourability (Farage),farage,Definitely should re-elect him,Probably should re-elect him,Probably should not re-elect him,Definitely should not re-elect him,,,,,,,15.7,8.8,14.3,48.7,,,,,,,VI-2026-07-07-Opinium-Observer.xlsx,REF5
"2,050 UK adults",7th - 10th July 2026,,,,2050,,region,Scotland,Q:REF5. Nigel Farage has resigned as the MP for Clacton-on-Sea and will stand in the resulting by-election.Do you think the voters of Clacton should or should not re-elect Nigel Farage as their MP?,Leader favourability (Farage),farage,Definitely should re-elect him,Probably should re-elect him,Probably should not re-elect him,Definitely should not re-elect him,,,,,,,14.5,10.5,14.2,45.0,,,,,,,VI-2026-07-07-Opinium-Observer.xlsx,REF5
"2,050 UK adults",7th - 10th July 2026,,,,2050,,region,Northern Ireland,Q:REF5. Nigel Farage has resigned as the MP for Clacton-on-Sea and will stand in the resulting by-election.Do you think the voters of Clacton should or should not re-elect Nigel Farage as their MP?,Leader favourability (Farage),farage,Definitely should re-elect him,Probably should re-elect him,Probably should not re-elect him,Definitely should not re-elect him,,,,,,,15.6,15.4,4.8,46.3,,,,,,,VI-2026-07-07-Opinium-Observer.xlsx,REF5
"2,050 UK adults",7th - 10th July 2026,,,,2050,,total,Total,"Q:REF6. Regardless of the outcome of the Clacton by-election, do you think Nigel Farage should remain leader of Reform UK, or should he resign as leader?",Leader favourability (Farage),farage,Should resign as leader,Should remain as leader,,,,,,,,,47.2,28.9,,,,,,,,,VI-2026-07-07-Opinium-Observer.xlsx,REF6
"2,050 UK adults",7th - 10th July 2026,,,,2050,,current_vote,Con,"Q:REF6. Regardless of the outcome of the Clacton by-election, do you think Nigel Farage should remain leader of Reform UK, or should he resign as leader?",Leader favourability (Farage),farage,Should resign as leader,Should remain as leader,,,,,,,,,52.7,29.4,,,,,,,,,VI-2026-07-07-Opinium-Observer.xlsx,REF6
"2,050 UK adults",7th - 10th July 2026,,,,2050,,current_vote,Lab,"Q:REF6. Regardless of the outcome of the Clacton by-election, do you think Nigel Farage should remain leader of Reform UK, or should he resign as leader?",Leader favourability (Farage),farage,Should resign as leader,Should remain as leader,,,,,,,,,63.9,18.9,,,,,,,,,VI-2026-07-07-Opinium-Observer.xlsx,REF6
"2,050 UK adults",7th - 10th July 2026,,,,2050,,current_vote,Lib Dem,"Q:REF6. Regardless of the outcome of the Clacton by-election, do you think Nigel Farage should remain leader of Reform UK, or should he resign as leader?",Leader favourability (Farage),farage,Should resign as leader,Should remain as leader,,,,,,,,,68.4,15.3,,,,,,,,,VI-2026-07-07-Opinium-Observer.xlsx,REF6
"2,050 UK adults",7th - 10th July 2026,,,,2050,,current_vote,Reform,"Q:REF6. Regardless of the outcome of the Clacton by-election, do you think Nigel Farage should remain leader of Reform UK, or should he resign as leader?",Leader favourability (Farage),farage,Should resign as leader,Should remain as leader,,,,,,,,,7.3,77.2,,,,,,,,,VI-2026-07-07-Opinium-Observer.xlsx,REF6
"2,050 UK adults",7th - 10th July 2026,,,,2050,,current_vote,Green,"Q:REF6. Regardless of the outcome of the Clacton by-election, do you think Nigel Farage should remain leader of Reform UK, or should he resign as leader?",Leader favourability (Farage),farage,Should resign as leader,Should remain as leader,,,,,,,,,70.8,9.7,,,,,,,,,VI-2026-07-07-Opinium-Observer.xlsx,REF6
"2,050 UK adults",7th - 10th July 2026,,,,2050,,historic_vote,Conservative,"Q:REF6. Regardless of the outcome of the Clacton by-election, do you think Nigel Farage should remain leader of Reform UK, or should he resign as leader?",Leader favourability (Farage),farage,Should resign as leader,Should remain as leader,,,,,,,,,40.2,44.0,,,,,,,,,VI-2026-07-07-Opinium-Observer.xlsx,REF6
"2,050 UK adults",7th - 10th July 2026,,,,2050,,historic_vote,Labour,"Q:REF6. Regardless of the outcome of the Clacton by-election, do you think Nigel Farage should remain leader of Reform UK, or should he resign as leader?",Leader favourability (Farage),farage,Should resign as leader,Should remain as leader,,,,,,,,,59.1,19.7,,,,,,,,,VI-2026-07-07-Opinium-Observer.xlsx,REF6
"2,050 UK adults",7th - 10th July 2026,,,,2050,,historic_vote,Lib Dems,"Q:REF6. Regardless of the outcome of the Clacton by-election, do you think Nigel Farage should remain leader of Reform UK, or should he resign as leader?",Leader favourability (Farage),farage,Should resign as leader,Should remain as leader,,,,,,,,,66.4,13.9,,,,,,,,,VI-2026-07-07-Opinium-Observer.xlsx,REF6
"2,050 UK adults",7th - 10th July 2026,,,,2050,,historic_vote,Green,"Q:REF6. Regardless of the outcome of the Clacton by-election, do you think Nigel Farage should remain leader of Reform UK, or should he resign as leader?",Leader favourability (Farage),farage,Should resign as leader,Should remain as leader,,,,,,,,,63.5,15.4,,,,,,,,,VI-2026-07-07-Opinium-Observer.xlsx,REF6
"2,050 UK adults",7th - 10th July 2026,,,,2050,,historic_vote,Reform UK,"Q:REF6. Regardless of the outcome of the Clacton by-election, do you think Nigel Farage should remain leader of Reform UK, or should he resign as leader?",Leader favourability (Farage),farage,Should resign as leader,Should remain as leader,,,,,,,,,13.3,71.3,,,,,,,,,VI-2026-07-07-Opinium-Observer.xlsx,REF6
"2,050 UK adults",7th - 10th July 2026,,,,2050,,historic_vote,Con,"Q:REF6. Regardless of the outcome of the Clacton by-election, do you think Nigel Farage should remain leader of Reform UK, or should he resign as leader?",Leader favourability (Farage),farage,Should resign as leader,Should remain as leader,,,,,,,,,34.9,47.3,,,,,,,,,VI-2026-07-07-Opinium-Observer.xlsx,REF6
"2,050 UK adults",7th - 10th July 2026,,,,2050,,historic_vote,Lab,"Q:REF6. Regardless of the outcome of the Clacton by-election, do you think Nigel Farage should remain leader of Reform UK, or should he resign as leader?",Leader favourability (Farage),farage,Should resign as leader,Should remain as leader,,,,,,,,,58.3,21.2,,,,,,,,,VI-2026-07-07-Opinium-Observer.xlsx,REF6
"2,050 UK adults",7th - 10th July 2026,,,,2050,,historic_vote,Lib Dem,"Q:REF6. Regardless of the outcome of the Clacton by-election, do you think Nigel Farage should remain leader of Reform UK, or should he resign as leader?",Leader favourability (Farage),farage,Should resign as leader,Should remain as leader,,,,,,,,,62.9,14.1,,,,,,,,,VI-2026-07-07-Opinium-Observer.xlsx,REF6
"2,050 UK adults",7th - 10th July 2026,,,,2050,,historic_vote,Remain,"Q:REF6. Regardless of the outcome of the Clacton by-election, do you think Nigel Farage should remain leader of Reform UK, or should he resign as leader?",Leader favourability (Farage),farage,Should resign as leader,Should remain as leader,,,,,,,,,64.4,16.2,,,,,,,,,VI-2026-07-07-Opinium-Observer.xlsx,REF6
"2,050 UK adults",7th - 10th July 2026,,,,2050,,historic_vote,Leave,"Q:REF6. Regardless of the outcome of the Clacton by-election, do you think Nigel Farage should remain leader of Reform UK, or should he resign as leader?",Leader favourability (Farage),farage,Should resign as leader,Should remain as leader,,,,,,,,,31.8,48.4,,,,,,,,,VI-2026-07-07-Opinium-Observer.xlsx,REF6
"2,050 UK adults",7th - 10th July 2026,,,,2050,,gender,Male,"Q:REF6. Regardless of the outcome of the Clacton by-election, do you think Nigel Farage should remain leader of Reform UK, or should he resign as leader?",Leader favourability (Farage),farage,Should resign as leader,Should remain as leader,,,,,,,,,43.1,36.2,,,,,,,,,VI-2026-07-07-Opinium-Observer.xlsx,REF6
"2,050 UK adults",7th - 10th July 2026,,,,2050,,gender,Female,"Q:REF6. Regardless of the outcome of the Clacton by-election, do you think Nigel Farage should remain leader of Reform UK, or should he resign as leader?",Leader favourability (Farage),farage,Should resign as leader,Should remain as leader,,,,,,,,,51.0,22.3,,,,,,,,,VI-2026-07-07-Opinium-Observer.xlsx,REF6
"2,050 UK adults",7th - 10th July 2026,,,,2050,,age,18-34,"Q:REF6. Regardless of the outcome of the Clacton by-election, do you think Nigel Farage should remain leader of Reform UK, or should he resign as leader?",Leader favourability (Farage),farage,Should resign as leader,Should remain as leader,,,,,,,,,51.1,26.1,,,,,,,,,VI-2026-07-07-Opinium-Observer.xlsx,REF6
"2,050 UK adults",7th - 10th July 2026,,,,2050,,age,35-49,"Q:REF6. Regardless of the outcome of the Clacton by-election, do you think Nigel Farage should remain leader of Reform UK, or should he resign as leader?",Leader favourability (Farage),farage,Should resign as leader,Should remain as leader,,,,,,,,,45.3,27.5,,,,,,,,,VI-2026-07-07-Opinium-Observer.xlsx,REF6
"2,050 UK adults",7th - 10th July 2026,,,,2050,,age,50-64,"Q:REF6. Regardless of the outcome of the Clacton by-election, do you think Nigel Farage should remain leader of Reform UK, or should he resign as leader?",Leader favourability (Farage),farage,Should resign as leader,Should remain as leader,,,,,,,,,48.1,29.6,,,,,,,,,VI-2026-07-07-Opinium-Observer.xlsx,REF6
"2,050 UK adults",7th - 10th July 2026,,,,2050,,age,65+,"Q:REF6. Regardless of the outcome of the Clacton by-election, do you think Nigel Farage should remain leader of Reform UK, or should he resign as leader?",Leader favourability (Farage),farage,Should resign as leader,Should remain as leader,,,,,,,,,43.8,32.8,,,,,,,,,VI-2026-07-07-Opinium-Observer.xlsx,REF6
"2,050 UK adults",7th - 10th July 2026,,,,2050,,region,North,"Q:REF6. Regardless of the outcome of the Clacton by-election, do you think Nigel Farage should remain leader of Reform UK, or should he resign as leader?",Leader favourability (Farage),farage,Should resign as leader,Should remain as leader,,,,,,,,,49.1,26.9,,,,,,,,,VI-2026-07-07-Opinium-Observer.xlsx,REF6
"2,050 UK adults",7th - 10th July 2026,,,,2050,,region,Mids,"Q:REF6. Regardless of the outcome of the Clacton by-election, do you think Nigel Farage should remain leader of Reform UK, or should he resign as leader?",Leader favourability (Farage),farage,Should resign as leader,Should remain as leader,,,,,,,,,42.0,32.5,,,,,,,,,VI-2026-07-07-Opinium-Observer.xlsx,REF6
"2,050 UK adults",7th - 10th July 2026,,,,2050,,region,London,"Q:REF6. Regardless of the outcome of the Clacton by-election, do you think Nigel Farage should remain leader of Reform UK, or should he resign as leader?",Leader favourability (Farage),farage,Should resign as leader,Should remain as leader,,,,,,,,,48.0,27.9,,,,,,,,,VI-2026-07-07-Opinium-Observer.xlsx,REF6
"2,050 UK adults",7th - 10th July 2026,,,,2050,,region,South,"Q:REF6. Regardless of the outcome of the Clacton by-election, do you think Nigel Farage should remain leader of Reform UK, or should he resign as leader?",Leader favourability (Farage),farage,Should resign as leader,Should remain as leader,,,,,,,,,46.8,29.0,,,,,,,,,VI-2026-07-07-Opinium-Observer.xlsx,REF6
"2,050 UK adults",7th - 10th July 2026,,,,2050,,region,Wales,"Q:REF6. Regardless of the outcome of the Clacton by-election, do you think Nigel Farage should remain leader of Reform UK, or should he resign as leader?",Leader favourability (Farage),farage,Should resign as leader,Should remain as leader,,,,,,,,,51.1,25.2,,,,,,,,,VI-2026-07-07-Opinium-Observer.xlsx,REF6
"2,050 UK adults",7th - 10th July 2026,,,,2050,,region,Scotland,"Q:REF6. Regardless of the outcome of the Clacton by-election, do you think Nigel Farage should remain leader of Reform UK, or should he resign as leader?",Leader favourability (Farage),farage,Should resign as leader,Should remain as leader,,,,,,,,,49.2,28.6,,,,,,,,,VI-2026-07-07-Opinium-Observer.xlsx,REF6
"2,050 UK adults",7th - 10th July 2026,,,,2050,,region,Northern Ireland,"Q:REF6. Regardless of the outcome of the Clacton by-election, do you think Nigel Farage should remain leader of Reform UK, or should he resign as leader?",Leader favourability (Farage),farage,Should resign as leader,Should remain as leader,,,,,,,,,50.1,35.9,,,,,,,,,VI-2026-07-07-Opinium-Observer.xlsx,REF6
"2,050 UK adults",7th - 10th July 2026,,,,2050,,total,Total,"Q:fairness. Thinking about taxes you pay and the public services you use (such as the NHS and transport) or benefits you receive, how would you describe the overall balance?",Best party on NHS/healthcare,nhs,I contribute more than I receive,I receive more than I contribute,I contribute and receive equally,Prefer not to say,,,,,,,43.1,11.6,22.2,5.0,,,,,,,VI-2026-07-07-Opinium-Observer.xlsx,fairness
"2,050 UK adults",7th - 10th July 2026,,,,2050,,current_vote,Con,"Q:fairness. Thinking about taxes you pay and the public services you use (such as the NHS and transport) or benefits you receive, how would you describe the overall balance?",Best party on NHS/healthcare,nhs,I contribute more than I receive,I receive more than I contribute,I contribute and receive equally,Prefer not to say,,,,,,,48.6,11.5,22.2,2.9,,,,,,,VI-2026-07-07-Opinium-Observer.xlsx,fairness
"2,050 UK adults",7th - 10th July 2026,,,,2050,,current_vote,Lab,"Q:fairness. Thinking about taxes you pay and the public services you use (such as the NHS and transport) or benefits you receive, how would you describe the overall balance?",Best party on NHS/healthcare,nhs,I contribute more than I receive,I receive more than I contribute,I contribute and receive equally,Prefer not to say,,,,,,,40.8,17.8,33.0,2.4,,,,,,,VI-2026-07-07-Opinium-Observer.xlsx,fairness
"2,050 UK adults",7th - 10th July 2026,,,,2050,,current_vote,Lib Dem,"Q:fairness. Thinking about taxes you pay and the public services you use (such as the NHS and transport) or benefits you receive, how would you describe the overall balance?",Best party on NHS/healthcare,nhs,I contribute more than I receive,I receive more than I contribute,I contribute and receive equally,Prefer not to say,,,,,,,41.4,16.8,20.0,3.2,,,,,,,VI-2026-07-07-Opinium-Observer.xlsx,fairness
"2,050 UK adults",7th - 10th July 2026,,,,2050,,current_vote,Reform,"Q:fairness. Thinking about taxes you pay and the public services you use (such as the NHS and transport) or benefits you receive, how would you describe the overall balance?",Best party on NHS/healthcare,nhs,I contribute more than I receive,I receive more than I contribute,I contribute and receive equally,Prefer not to say,,,,,,,49.6,8.5,21.8,2.6,,,,,,,VI-2026-07-07-Opinium-Observer.xlsx,fairness
"2,050 UK adults",7th - 10th July 2026,,,,2050,,current_vote,Green,"Q:fairness. Thinking about taxes you pay and the public services you use (such as the NHS and transport) or benefits you receive, how would you describe the overall balance?",Best party on NHS/healthcare,nhs,I contribute more than I receive,I receive more than I contribute,I contribute and receive equally,Prefer not to say,,,,,,,35.3,9.6,29.8,5.2,,,,,,,VI-2026-07-07-Opinium-Observer.xlsx,fairness
"2,050 UK adults",7th - 10th July 2026,,,,2050,,historic_vote,Conservative,"Q:fairness. Thinking about taxes you pay and the public services you use (such as the NHS and transport) or benefits you receive, how would you describe the overall balance?",Best party on NHS/healthcare,nhs,I contribute more than I receive,I receive more than I contribute,I contribute and receive equally,Prefer not to say,,,,,,,46.1,12.0,20.2,3.2,,,,,,,VI-2026-07-07-Opinium-Observer.xlsx,fairness
"2,050 UK adults",7th - 10th July 2026,,,,2050,,historic_vote,Labour,"Q:fairness. Thinking about taxes you pay and the public services you use (such as the NHS and transport) or benefits you receive, how would you describe the overall balance?",Best party on NHS/healthcare,nhs,I contribute more than I receive,I receive more than I contribute,I contribute and receive equally,Prefer not to say,,,,,,,43.7,13.3,25.5,4.3,,,,,,,VI-2026-07-07-Opinium-Observer.xlsx,fairness
"2,050 UK adults",7th - 10th July 2026,,,,2050,,historic_vote,Lib Dems,"Q:fairness. Thinking about taxes you pay and the public services you use (such as the NHS and transport) or benefits you receive, how would you describe the overall balance?",Best party on NHS/healthcare,nhs,I contribute more than I receive,I receive more than I contribute,I contribute and receive equally,Prefer not to say,,,,,,,45.4,12.4,19.4,2.6,,,,,,,VI-2026-07-07-Opinium-Observer.xlsx,fairness
"2,050 UK adults",7th - 10th July 2026,,,,2050,,historic_vote,Green,"Q:fairness. Thinking about taxes you pay and the public services you use (such as the NHS and transport) or benefits you receive, how would you describe the overall balance?",Best party on NHS/healthcare,nhs,I contribute more than I receive,I receive more than I contribute,I contribute and receive equally,Prefer not to say,,,,,,,33.9,14.5,35.5,3.7,,,,,,,VI-2026-07-07-Opinium-Observer.xlsx,fairness
"2,050 UK adults",7th - 10th July 2026,,,,2050,,historic_vote,Reform UK,"Q:fairness. Thinking about taxes you pay and the public services you use (such as the NHS and transport) or benefits you receive, how would you describe the overall balance?",Best party on NHS/healthcare,nhs,I contribute more than I receive,I receive more than I contribute,I contribute and receive equally,Prefer not to say,,,,,,,50.5,8.4,20.8,2.3,,,,,,,VI-2026-07-07-Opinium-Observer.xlsx,fairness
"2,050 UK adults",7th - 10th July 2026,,,,2050,,historic_vote,Con,"Q:fairness. Thinking about taxes you pay and the public services you use (such as the NHS and transport) or benefits you receive, how would you describe the overall balance?",Best party on NHS/healthcare,nhs,I contribute more than I receive,I receive more than I contribute,I contribute and receive equally,Prefer not to say,,,,,,,51.2,10.0,18.1,3.7,,,,,,,VI-2026-07-07-Opinium-Observer.xlsx,fairness
"2,050 UK adults",7th - 10th July 2026,,,,2050,,historic_vote,Lab,"Q:fairness. Thinking about taxes you pay and the public services you use (such as the NHS and transport) or benefits you receive, how would you describe the overall balance?",Best party on NHS/healthcare,nhs,I contribute more than I receive,I receive more than I contribute,I contribute and receive equally,Prefer not to say,,,,,,,43.3,15.3,29.1,2.2,,,,,,,VI-2026-07-07-Opinium-Observer.xlsx,fairness
"2,050 UK adults",7th - 10th July 2026,,,,2050,,historic_vote,Lib Dem,"Q:fairness. Thinking about taxes you pay and the public services you use (such as the NHS and transport) or benefits you receive, how would you describe the overall balance?",Best party on NHS/healthcare,nhs,I contribute more than I receive,I receive more than I contribute,I contribute and receive equally,Prefer not to say,,,,,,,43.5,14.5,18.4,3.1,,,,,,,VI-2026-07-07-Opinium-Observer.xlsx,fairness
"2,050 UK adults",7th - 10th July 2026,,,,2050,,historic_vote,Remain,"Q:fairness. Thinking about taxes you pay and the public services you use (such as the NHS and transport) or benefits you receive, how would you describe the overall balance?",Best party on NHS/healthcare,nhs,I contribute more than I receive,I receive more than I contribute,I contribute and receive equally,Prefer not to say,,,,,,,43.4,12.0,24.7,3.2,,,,,,,VI-2026-07-07-Opinium-Observer.xlsx,fairness
"2,050 UK adults",7th - 10th July 2026,,,,2050,,historic_vote,Leave,"Q:fairness. Thinking about taxes you pay and the public services you use (such as the NHS and transport) or benefits you receive, how would you describe the overall balance?",Best party on NHS/healthcare,nhs,I contribute more than I receive,I receive more than I contribute,I contribute and receive equally,Prefer not to say,,,,,,,47.1,12.2,18.3,3.9,,,,,,,VI-2026-07-07-Opinium-Observer.xlsx,fairness
"2,050 UK adults",7th - 10th July 2026,,,,2050,,gender,Male,"Q:fairness. Thinking about taxes you pay and the public services you use (such as the NHS and transport) or benefits you receive, how would you describe the overall balance?",Best party on NHS/healthcare,nhs,I contribute more than I receive,I receive more than I contribute,I contribute and receive equally,Prefer not to say,,,,,,,44.7,11.8,22.5,4.1,,,,,,,VI-2026-07-07-Opinium-Observer.xlsx,fairness
"2,050 UK adults",7th - 10th July 2026,,,,2050,,gender,Female,"Q:fairness. Thinking about taxes you pay and the public services you use (such as the NHS and transport) or benefits you receive, how would you describe the overall balance?",Best party on NHS/healthcare,nhs,I contribute more than I receive,I receive more than I contribute,I contribute and receive equally,Prefer not to say,,,,,,,41.7,11.3,21.8,5.8,,,,,,,VI-2026-07-07-Opinium-Observer.xlsx,fairness
"2,050 UK adults",7th - 10th July 2026,,,,2050,,age,18-34,"Q:fairness. Thinking about taxes you pay and the public services you use (such as the NHS and transport) or benefits you receive, how would you describe the overall balance?",Best party on NHS/healthcare,nhs,I contribute more than I receive,I receive more than I contribute,I contribute and receive equally,Prefer not to say,,,,,,,39.4,11.8,30.9,5.0,,,,,,,VI-2026-07-07-Opinium-Observer.xlsx,fairness
"2,050 UK adults",7th - 10th July 2026,,,,2050,,age,35-49,"Q:fairness. Thinking about taxes you pay and the public services you use (such as the NHS and transport) or benefits you receive, how would you describe the overall balance?",Best party on NHS/healthcare,nhs,I contribute more than I receive,I receive more than I contribute,I contribute and receive equally,Prefer not to say,,,,,,,49.4,10.2,17.6,5.3,,,,,,,VI-2026-07-07-Opinium-Observer.xlsx,fairness
"2,050 UK adults",7th - 10th July 2026,,,,2050,,age,50-64,"Q:fairness. Thinking about taxes you pay and the public services you use (such as the NHS and transport) or benefits you receive, how would you describe the overall balance?",Best party on NHS/healthcare,nhs,I contribute more than I receive,I receive more than I contribute,I contribute and receive equally,Prefer not to say,,,,,,,49.3,10.4,18.3,4.3,,,,,,,VI-2026-07-07-Opinium-Observer.xlsx,fairness
"2,050 UK adults",7th - 10th July 2026,,,,2050,,age,65+,"Q:fairness. Thinking about taxes you pay and the public services you use (such as the NHS and transport) or benefits you receive, how would you describe the overall balance?",Best party on NHS/healthcare,nhs,I contribute more than I receive,I receive more than I contribute,I contribute and receive equally,Prefer not to say,,,,,,,34.4,13.9,20.9,5.2,,,,,,,VI-2026-07-07-Opinium-Observer.xlsx,fairness
"2,050 UK adults",7th - 10th July 2026,,,,2050,,region,North,"Q:fairness. Thinking about taxes you pay and the public services you use (such as the NHS and transport) or benefits you receive, how would you describe the overall balance?",Best party on NHS/healthcare,nhs,I contribute more than I receive,I receive more than I contribute,I contribute and receive equally,Prefer not to say,,,,,,,39.3,13.3,23.2,5.3,,,,,,,VI-2026-07-07-Opinium-Observer.xlsx,fairness
"2,050 UK adults",7th - 10th July 2026,,,,2050,,region,Mids,"Q:fairness. Thinking about taxes you pay and the public services you use (such as the NHS and transport) or benefits you receive, how would you describe the overall balance?",Best party on NHS/healthcare,nhs,I contribute more than I receive,I receive more than I contribute,I contribute and receive equally,Prefer not to say,,,,,,,43.9,10.9,21.3,6.6,,,,,,,VI-2026-07-07-Opinium-Observer.xlsx,fairness
"2,050 UK adults",7th - 10th July 2026,,,,2050,,region,London,"Q:fairness. Thinking about taxes you pay and the public services you use (such as the NHS and transport) or benefits you receive, how would you describe the overall balance?",Best party on NHS/healthcare,nhs,I contribute more than I receive,I receive more than I contribute,I contribute and receive equally,Prefer not to say,,,,,,,44.9,12.3,23.7,6.0,,,,,,,VI-2026-07-07-Opinium-Observer.xlsx,fairness
"2,050 UK adults",7th - 10th July 2026,,,,2050,,region,South,"Q:fairness. Thinking about taxes you pay and the public services you use (such as the NHS and transport) or benefits you receive, how would you describe the overall balance?",Best party on NHS/healthcare,nhs,I contribute more than I receive,I receive more than I contribute,I contribute and receive equally,Prefer not to say,,,,,,,43.0,9.4,22.3,4.3,,,,,,,VI-2026-07-07-Opinium-Observer.xlsx,fairness
"2,050 UK adults",7th - 10th July 2026,,,,2050,,region,Wales,"Q:fairness. Thinking about taxes you pay and the public services you use (such as the NHS and transport) or benefits you receive, how would you describe the overall balance?",Best party on NHS/healthcare,nhs,I contribute more than I receive,I receive more than I contribute,I contribute and receive equally,Prefer not to say,,,,,,,45.2,13.1,26.7,3.3,,,,,,,VI-2026-07-07-Opinium-Observer.xlsx,fairness
"2,050 UK adults",7th - 10th July 2026,,,,2050,,region,Scotland,"Q:fairness. Thinking about taxes you pay and the public services you use (such as the NHS and transport) or benefits you receive, how would you describe the overall balance?",Best party on NHS/healthcare,nhs,I contribute more than I receive,I receive more than I contribute,I contribute and receive equally,Prefer not to say,,,,,,,45.9,12.1,18.5,3.6,,,,,,,VI-2026-07-07-Opinium-Observer.xlsx,fairness
"2,050 UK adults",7th - 10th July 2026,,,,2050,,region,Northern Ireland,"Q:fairness. Thinking about taxes you pay and the public services you use (such as the NHS and transport) or benefits you receive, how would you describe the overall balance?",Best party on NHS/healthcare,nhs,I contribute more than I receive,I receive more than I contribute,I contribute and receive equally,Prefer not to say,,,,,,,51.5,18.3,14.1,3.3,,,,,,,VI-2026-07-07-Opinium-Observer.xlsx,fairness
