Headline sample,Fieldwork dates,Fieldwork end date,Full fieldwork dates,Parliament,Sample size,Pollster,Subsample dimension,Subsample,Question detail,canonical_question,match_pattern,#1,#2,#3,#4,#5,#6,#7,#8,#9,#10,#1,#2,#3,#4,#5,#6,#7,#8,#9,#10,source_file,sheet
"2,050 UK adults",1st - 3rd July 2026,,,,1809,,total,Total,"Q:V003. If there were a general election tomorrow, for which party would you vote?",Voting intention (Westminster),general election tomorrow,Conservative,Labour,Liberal Democrat,Green,Scottish National Party (SNP),Plaid Cymru,Reform UK,Some other party / an independent candidate,,,16.0,16.6,9.5,11.5,2.5,0.8,21.8,4.8,,,VI-2026-07-01-Opinium-Observer-Web-Tables-1704.xlsx,V003
"2,050 UK adults",1st - 3rd July 2026,,,,1809,,current_vote,Con,"Q:V003. If there were a general election tomorrow, for which party would you vote?",Voting intention (Westminster),general election tomorrow,Conservative,Labour,Liberal Democrat,Green,Scottish National Party (SNP),Plaid Cymru,Reform UK,Some other party / an independent candidate,,,,,,,,,,,,,VI-2026-07-01-Opinium-Observer-Web-Tables-1704.xlsx,V003
"2,050 UK adults",1st - 3rd July 2026,,,,1809,,current_vote,Lab,"Q:V003. If there were a general election tomorrow, for which party would you vote?",Voting intention (Westminster),general election tomorrow,Conservative,Labour,Liberal Democrat,Green,Scottish National Party (SNP),Plaid Cymru,Reform UK,Some other party / an independent candidate,,,,,,,,,,,,,VI-2026-07-01-Opinium-Observer-Web-Tables-1704.xlsx,V003
"2,050 UK adults",1st - 3rd July 2026,,,,1809,,current_vote,Lib Dem,"Q:V003. If there were a general election tomorrow, for which party would you vote?",Voting intention (Westminster),general election tomorrow,Conservative,Labour,Liberal Democrat,Green,Scottish National Party (SNP),Plaid Cymru,Reform UK,Some other party / an independent candidate,,,,,100.0,,,,,,,,VI-2026-07-01-Opinium-Observer-Web-Tables-1704.xlsx,V003
"2,050 UK adults",1st - 3rd July 2026,,,,1809,,current_vote,Reform,"Q:V003. If there were a general election tomorrow, for which party would you vote?",Voting intention (Westminster),general election tomorrow,Conservative,Labour,Liberal Democrat,Green,Scottish National Party (SNP),Plaid Cymru,Reform UK,Some other party / an independent candidate,,,,,,,,,,,,,VI-2026-07-01-Opinium-Observer-Web-Tables-1704.xlsx,V003
"2,050 UK adults",1st - 3rd July 2026,,,,1809,,current_vote,Green,"Q:V003. If there were a general election tomorrow, for which party would you vote?",Voting intention (Westminster),general election tomorrow,Conservative,Labour,Liberal Democrat,Green,Scottish National Party (SNP),Plaid Cymru,Reform UK,Some other party / an independent candidate,,,,,,,,,,,,,VI-2026-07-01-Opinium-Observer-Web-Tables-1704.xlsx,V003
"2,050 UK adults",1st - 3rd July 2026,,,,1809,,historic_vote,Con,"Q:V003. If there were a general election tomorrow, for which party would you vote?",Voting intention (Westminster),general election tomorrow,Conservative,Labour,Liberal Democrat,Green,Scottish National Party (SNP),Plaid Cymru,Reform UK,Some other party / an independent candidate,,,61.9,1.6,1.4,1.0,,,21.9,5.1,,,VI-2026-07-01-Opinium-Observer-Web-Tables-1704.xlsx,V003
"2,050 UK adults",1st - 3rd July 2026,,,,1809,,historic_vote,Lab,"Q:V003. If there were a general election tomorrow, for which party would you vote?",Voting intention (Westminster),general election tomorrow,Conservative,Labour,Liberal Democrat,Green,Scottish National Party (SNP),Plaid Cymru,Reform UK,Some other party / an independent candidate,,,4.4,48.8,5.1,10.6,1.0,0.2,9.5,3.3,,,VI-2026-07-01-Opinium-Observer-Web-Tables-1704.xlsx,V003
"2,050 UK adults",1st - 3rd July 2026,,,,1809,,historic_vote,Lib Dems,"Q:V003. If there were a general election tomorrow, for which party would you vote?",Voting intention (Westminster),general election tomorrow,Conservative,Labour,Liberal Democrat,Green,Scottish National Party (SNP),Plaid Cymru,Reform UK,Some other party / an independent candidate,,,3.2,3.4,68.1,4.3,0.7,0.4,6.4,0.3,,,VI-2026-07-01-Opinium-Observer-Web-Tables-1704.xlsx,V003
"2,050 UK adults",1st - 3rd July 2026,,,,1809,,historic_vote,Reform,"Q:V003. If there were a general election tomorrow, for which party would you vote?",Voting intention (Westminster),general election tomorrow,Conservative,Labour,Liberal Democrat,Green,Scottish National Party (SNP),Plaid Cymru,Reform UK,Some other party / an independent candidate,,,4.2,0.6,0.3,1.3,,,81.8,5.9,,,VI-2026-07-01-Opinium-Observer-Web-Tables-1704.xlsx,V003
"2,050 UK adults",1st - 3rd July 2026,,,,1809,,historic_vote,Green,"Q:V003. If there were a general election tomorrow, for which party would you vote?",Voting intention (Westminster),general election tomorrow,Conservative,Labour,Liberal Democrat,Green,Scottish National Party (SNP),Plaid Cymru,Reform UK,Some other party / an independent candidate,,,,4.3,2.0,74.8,1.7,,4.7,2.7,,,VI-2026-07-01-Opinium-Observer-Web-Tables-1704.xlsx,V003
"2,050 UK adults",1st - 3rd July 2026,,,,1809,,historic_vote,Con,"Q:V003. If there were a general election tomorrow, for which party would you vote?",Voting intention (Westminster),general election tomorrow,Conservative,Labour,Liberal Democrat,Green,Scottish National Party (SNP),Plaid Cymru,Reform UK,Some other party / an independent candidate,,,39.0,4.0,5.4,1.1,0.1,0.4,34.1,5.4,,,VI-2026-07-01-Opinium-Observer-Web-Tables-1704.xlsx,V003
"2,050 UK adults",1st - 3rd July 2026,,,,1809,,historic_vote,Lab,"Q:V003. If there were a general election tomorrow, for which party would you vote?",Voting intention (Westminster),general election tomorrow,Conservative,Labour,Liberal Democrat,Green,Scottish National Party (SNP),Plaid Cymru,Reform UK,Some other party / an independent candidate,,,1.9,44.3,4.8,15.4,1.2,0.3,10.7,4.5,,,VI-2026-07-01-Opinium-Observer-Web-Tables-1704.xlsx,V003
"2,050 UK adults",1st - 3rd July 2026,,,,1809,,historic_vote,Lib Dem,"Q:V003. If there were a general election tomorrow, for which party would you vote?",Voting intention (Westminster),general election tomorrow,Conservative,Labour,Liberal Democrat,Green,Scottish National Party (SNP),Plaid Cymru,Reform UK,Some other party / an independent candidate,,,2.0,10.4,62.8,5.3,,0.4,3.8,2.1,,,VI-2026-07-01-Opinium-Observer-Web-Tables-1704.xlsx,V003
"2,050 UK adults",1st - 3rd July 2026,,,,1809,,historic_vote,Remain,"Q:V003. If there were a general election tomorrow, for which party would you vote?",Voting intention (Westminster),general election tomorrow,Conservative,Labour,Liberal Democrat,Green,Scottish National Party (SNP),Plaid Cymru,Reform UK,Some other party / an independent candidate,,,13.0,25.4,17.4,10.6,5.2,0.5,7.2,4.6,,,VI-2026-07-01-Opinium-Observer-Web-Tables-1704.xlsx,V003
"2,050 UK adults",1st - 3rd July 2026,,,,1809,,historic_vote,Leave,"Q:V003. If there were a general election tomorrow, for which party would you vote?",Voting intention (Westminster),general election tomorrow,Conservative,Labour,Liberal Democrat,Green,Scottish National Party (SNP),Plaid Cymru,Reform UK,Some other party / an independent candidate,,,22.1,8.1,5.3,4.1,0.8,0.6,39.1,6.4,,,VI-2026-07-01-Opinium-Observer-Web-Tables-1704.xlsx,V003
"2,050 UK adults",1st - 3rd July 2026,,,,1809,,gender,Male,"Q:V003. If there were a general election tomorrow, for which party would you vote?",Voting intention (Westminster),general election tomorrow,Conservative,Labour,Liberal Democrat,Green,Scottish National Party (SNP),Plaid Cymru,Reform UK,Some other party / an independent candidate,,,14.9,16.8,10.8,10.8,3.3,1.0,26.5,5.1,,,VI-2026-07-01-Opinium-Observer-Web-Tables-1704.xlsx,V003
"2,050 UK adults",1st - 3rd July 2026,,,,1809,,gender,Female,"Q:V003. If there were a general election tomorrow, for which party would you vote?",Voting intention (Westminster),general election tomorrow,Conservative,Labour,Liberal Democrat,Green,Scottish National Party (SNP),Plaid Cymru,Reform UK,Some other party / an independent candidate,,,17.2,16.4,8.4,12.1,1.6,0.7,17.2,4.6,,,VI-2026-07-01-Opinium-Observer-Web-Tables-1704.xlsx,V003
"2,050 UK adults",1st - 3rd July 2026,,,,1809,,age,18-34,"Q:V003. If there were a general election tomorrow, for which party would you vote?",Voting intention (Westminster),general election tomorrow,Conservative,Labour,Liberal Democrat,Green,Scottish National Party (SNP),Plaid Cymru,Reform UK,Some other party / an independent candidate,,,11.1,21.4,5.8,22.8,1.0,1.6,19.4,4.2,,,VI-2026-07-01-Opinium-Observer-Web-Tables-1704.xlsx,V003
"2,050 UK adults",1st - 3rd July 2026,,,,1809,,age,35-49,"Q:V003. If there were a general election tomorrow, for which party would you vote?",Voting intention (Westminster),general election tomorrow,Conservative,Labour,Liberal Democrat,Green,Scottish National Party (SNP),Plaid Cymru,Reform UK,Some other party / an independent candidate,,,14.2,20.9,7.7,11.5,2.2,0.5,20.4,5.1,,,VI-2026-07-01-Opinium-Observer-Web-Tables-1704.xlsx,V003
"2,050 UK adults",1st - 3rd July 2026,,,,1809,,age,50-64,"Q:V003. If there were a general election tomorrow, for which party would you vote?",Voting intention (Westminster),general election tomorrow,Conservative,Labour,Liberal Democrat,Green,Scottish National Party (SNP),Plaid Cymru,Reform UK,Some other party / an independent candidate,,,14.8,14.3,12.4,8.6,3.8,0.8,20.4,4.6,,,VI-2026-07-01-Opinium-Observer-Web-Tables-1704.xlsx,V003
"2,050 UK adults",1st - 3rd July 2026,,,,1809,,age,65+,"Q:V003. If there were a general election tomorrow, for which party would you vote?",Voting intention (Westminster),general election tomorrow,Conservative,Labour,Liberal Democrat,Green,Scottish National Party (SNP),Plaid Cymru,Reform UK,Some other party / an independent candidate,,,24.5,9.5,12.5,2.6,3.1,0.3,27.2,5.4,,,VI-2026-07-01-Opinium-Observer-Web-Tables-1704.xlsx,V003
"2,050 UK adults",1st - 3rd July 2026,,,,1809,,region,North,"Q:V003. If there were a general election tomorrow, for which party would you vote?",Voting intention (Westminster),general election tomorrow,Conservative,Labour,Liberal Democrat,Green,Scottish National Party (SNP),Plaid Cymru,Reform UK,Some other party / an independent candidate,,,15.8,19.6,6.8,13.6,,,23.0,3.9,,,VI-2026-07-01-Opinium-Observer-Web-Tables-1704.xlsx,V003
"2,050 UK adults",1st - 3rd July 2026,,,,1809,,region,Mids,"Q:V003. If there were a general election tomorrow, for which party would you vote?",Voting intention (Westminster),general election tomorrow,Conservative,Labour,Liberal Democrat,Green,Scottish National Party (SNP),Plaid Cymru,Reform UK,Some other party / an independent candidate,,,17.9,13.3,8.4,11.5,,,26.7,6.3,,,VI-2026-07-01-Opinium-Observer-Web-Tables-1704.xlsx,V003
"2,050 UK adults",1st - 3rd July 2026,,,,1809,,region,London,"Q:V003. If there were a general election tomorrow, for which party would you vote?",Voting intention (Westminster),general election tomorrow,Conservative,Labour,Liberal Democrat,Green,Scottish National Party (SNP),Plaid Cymru,Reform UK,Some other party / an independent candidate,,,14.0,23.9,8.3,15.9,,,16.3,5.4,,,VI-2026-07-01-Opinium-Observer-Web-Tables-1704.xlsx,V003
"2,050 UK adults",1st - 3rd July 2026,,,,1809,,region,South,"Q:V003. If there were a general election tomorrow, for which party would you vote?",Voting intention (Westminster),general election tomorrow,Conservative,Labour,Liberal Democrat,Green,Scottish National Party (SNP),Plaid Cymru,Reform UK,Some other party / an independent candidate,,,17.6,15.0,13.9,9.5,,,22.1,3.9,,,VI-2026-07-01-Opinium-Observer-Web-Tables-1704.xlsx,V003
"2,050 UK adults",1st - 3rd July 2026,,,,1809,,region,Wales,"Q:V003. If there were a general election tomorrow, for which party would you vote?",Voting intention (Westminster),general election tomorrow,Conservative,Labour,Liberal Democrat,Green,Scottish National Party (SNP),Plaid Cymru,Reform UK,Some other party / an independent candidate,,,20.0,11.6,6.4,7.2,,17.7,19.2,6.5,,,VI-2026-07-01-Opinium-Observer-Web-Tables-1704.xlsx,V003
"2,050 UK adults",1st - 3rd July 2026,,,,1809,,region,Scotland,"Q:V003. If there were a general election tomorrow, for which party would you vote?",Voting intention (Westminster),general election tomorrow,Conservative,Labour,Liberal Democrat,Green,Scottish National Party (SNP),Plaid Cymru,Reform UK,Some other party / an independent candidate,,,7.8,12.9,5.7,9.5,29.5,,17.1,5.9,,,VI-2026-07-01-Opinium-Observer-Web-Tables-1704.xlsx,V003
"2,050 UK adults",1st - 3rd July 2026,,,,1809,,region,Northern Ireland,"Q:V003. If there were a general election tomorrow, for which party would you vote?",Voting intention (Westminster),general election tomorrow,Conservative,Labour,Liberal Democrat,Green,Scottish National Party (SNP),Plaid Cymru,Reform UK,Some other party / an independent candidate,,,,,,,,,,,,,VI-2026-07-01-Opinium-Observer-Web-Tables-1704.xlsx,V003
"2,050 UK adults",1st - 3rd July 2026,,,,1513,,total,Total,Q:HeadlineVI. Headline VI,Voting intention (Westminster),headline vi,Con,Lab,Lib Dem,Green,SNP,Plaid Cymru,Reform,Other,,,19.2,19.9,11.4,13.8,3.0,1.0,26.0,5.8,,,VI-2026-07-01-Opinium-Observer-Web-Tables-1704.xlsx,HeadlineVI
"2,050 UK adults",1st - 3rd July 2026,,,,1513,,current_vote,Con,Q:HeadlineVI. Headline VI,Voting intention (Westminster),headline vi,Con,Lab,Lib Dem,Green,SNP,Plaid Cymru,Reform,Other,,,,,,,,,,,,,VI-2026-07-01-Opinium-Observer-Web-Tables-1704.xlsx,HeadlineVI
"2,050 UK adults",1st - 3rd July 2026,,,,1513,,current_vote,Lab,Q:HeadlineVI. Headline VI,Voting intention (Westminster),headline vi,Con,Lab,Lib Dem,Green,SNP,Plaid Cymru,Reform,Other,,,,,,,,,,,,,VI-2026-07-01-Opinium-Observer-Web-Tables-1704.xlsx,HeadlineVI
"2,050 UK adults",1st - 3rd July 2026,,,,1513,,current_vote,Lib Dem,Q:HeadlineVI. Headline VI,Voting intention (Westminster),headline vi,Con,Lab,Lib Dem,Green,SNP,Plaid Cymru,Reform,Other,,,,,100.0,,,,,,,,VI-2026-07-01-Opinium-Observer-Web-Tables-1704.xlsx,HeadlineVI
"2,050 UK adults",1st - 3rd July 2026,,,,1513,,current_vote,Reform,Q:HeadlineVI. Headline VI,Voting intention (Westminster),headline vi,Con,Lab,Lib Dem,Green,SNP,Plaid Cymru,Reform,Other,,,,,,,,,,,,,VI-2026-07-01-Opinium-Observer-Web-Tables-1704.xlsx,HeadlineVI
"2,050 UK adults",1st - 3rd July 2026,,,,1513,,current_vote,Green,Q:HeadlineVI. Headline VI,Voting intention (Westminster),headline vi,Con,Lab,Lib Dem,Green,SNP,Plaid Cymru,Reform,Other,,,,,,,,,,,,,VI-2026-07-01-Opinium-Observer-Web-Tables-1704.xlsx,HeadlineVI
"2,050 UK adults",1st - 3rd July 2026,,,,1513,,historic_vote,Con,Q:HeadlineVI. Headline VI,Voting intention (Westminster),headline vi,Con,Lab,Lib Dem,Green,SNP,Plaid Cymru,Reform,Other,,,66.6,1.7,1.5,1.1,,,23.6,5.5,,,VI-2026-07-01-Opinium-Observer-Web-Tables-1704.xlsx,HeadlineVI
"2,050 UK adults",1st - 3rd July 2026,,,,1513,,historic_vote,Lab,Q:HeadlineVI. Headline VI,Voting intention (Westminster),headline vi,Con,Lab,Lib Dem,Green,SNP,Plaid Cymru,Reform,Other,,,5.3,58.8,6.2,12.8,1.2,0.3,11.5,4.0,,,VI-2026-07-01-Opinium-Observer-Web-Tables-1704.xlsx,HeadlineVI
"2,050 UK adults",1st - 3rd July 2026,,,,1513,,historic_vote,Lib Dems,Q:HeadlineVI. Headline VI,Voting intention (Westminster),headline vi,Con,Lab,Lib Dem,Green,SNP,Plaid Cymru,Reform,Other,,,3.7,3.9,78.5,5.0,0.8,0.4,7.3,0.3,,,VI-2026-07-01-Opinium-Observer-Web-Tables-1704.xlsx,HeadlineVI
"2,050 UK adults",1st - 3rd July 2026,,,,1513,,historic_vote,Reform,Q:HeadlineVI. Headline VI,Voting intention (Westminster),headline vi,Con,Lab,Lib Dem,Green,SNP,Plaid Cymru,Reform,Other,,,4.4,0.6,0.3,1.3,,,87.0,6.3,,,VI-2026-07-01-Opinium-Observer-Web-Tables-1704.xlsx,HeadlineVI
"2,050 UK adults",1st - 3rd July 2026,,,,1513,,historic_vote,Green,Q:HeadlineVI. Headline VI,Voting intention (Westminster),headline vi,Con,Lab,Lib Dem,Green,SNP,Plaid Cymru,Reform,Other,,,,4.8,2.2,82.9,1.9,,5.2,3.0,,,VI-2026-07-01-Opinium-Observer-Web-Tables-1704.xlsx,HeadlineVI
"2,050 UK adults",1st - 3rd July 2026,,,,1513,,historic_vote,Con,Q:HeadlineVI. Headline VI,Voting intention (Westminster),headline vi,Con,Lab,Lib Dem,Green,SNP,Plaid Cymru,Reform,Other,,,43.5,4.5,6.0,1.2,0.1,0.5,38.1,6.0,,,VI-2026-07-01-Opinium-Observer-Web-Tables-1704.xlsx,HeadlineVI
"2,050 UK adults",1st - 3rd July 2026,,,,1513,,historic_vote,Lab,Q:HeadlineVI. Headline VI,Voting intention (Westminster),headline vi,Con,Lab,Lib Dem,Green,SNP,Plaid Cymru,Reform,Other,,,2.3,53.3,5.8,18.5,1.4,0.4,12.9,5.4,,,VI-2026-07-01-Opinium-Observer-Web-Tables-1704.xlsx,HeadlineVI
"2,050 UK adults",1st - 3rd July 2026,,,,1513,,historic_vote,Lib Dem,Q:HeadlineVI. Headline VI,Voting intention (Westminster),headline vi,Con,Lab,Lib Dem,Green,SNP,Plaid Cymru,Reform,Other,,,2.3,12.0,72.3,6.1,,0.5,4.3,2.4,,,VI-2026-07-01-Opinium-Observer-Web-Tables-1704.xlsx,HeadlineVI
"2,050 UK adults",1st - 3rd July 2026,,,,1513,,historic_vote,Remain,Q:HeadlineVI. Headline VI,Voting intention (Westminster),headline vi,Con,Lab,Lib Dem,Green,SNP,Plaid Cymru,Reform,Other,,,15.5,30.3,20.7,12.7,6.2,0.6,8.6,5.5,,,VI-2026-07-01-Opinium-Observer-Web-Tables-1704.xlsx,HeadlineVI
"2,050 UK adults",1st - 3rd July 2026,,,,1513,,historic_vote,Leave,Q:HeadlineVI. Headline VI,Voting intention (Westminster),headline vi,Con,Lab,Lib Dem,Green,SNP,Plaid Cymru,Reform,Other,,,25.6,9.4,6.1,4.8,0.9,0.7,45.2,7.4,,,VI-2026-07-01-Opinium-Observer-Web-Tables-1704.xlsx,HeadlineVI
"2,050 UK adults",1st - 3rd July 2026,,,,1513,,gender,Male,Q:HeadlineVI. Headline VI,Voting intention (Westminster),headline vi,Con,Lab,Lib Dem,Green,SNP,Plaid Cymru,Reform,Other,,,16.8,18.8,12.1,12.1,3.7,1.1,29.8,5.7,,,VI-2026-07-01-Opinium-Observer-Web-Tables-1704.xlsx,HeadlineVI
"2,050 UK adults",1st - 3rd July 2026,,,,1513,,gender,Female,Q:HeadlineVI. Headline VI,Voting intention (Westminster),headline vi,Con,Lab,Lib Dem,Green,SNP,Plaid Cymru,Reform,Other,,,22.0,21.0,10.7,15.4,2.1,0.9,22.0,5.9,,,VI-2026-07-01-Opinium-Observer-Web-Tables-1704.xlsx,HeadlineVI
"2,050 UK adults",1st - 3rd July 2026,,,,1513,,age,18-34,Q:HeadlineVI. Headline VI,Voting intention (Westminster),headline vi,Con,Lab,Lib Dem,Green,SNP,Plaid Cymru,Reform,Other,,,12.7,24.5,6.6,26.1,1.2,1.8,22.2,4.8,,,VI-2026-07-01-Opinium-Observer-Web-Tables-1704.xlsx,HeadlineVI
"2,050 UK adults",1st - 3rd July 2026,,,,1513,,age,35-49,Q:HeadlineVI. Headline VI,Voting intention (Westminster),headline vi,Con,Lab,Lib Dem,Green,SNP,Plaid Cymru,Reform,Other,,,17.3,25.4,9.3,13.9,2.6,0.6,24.7,6.2,,,VI-2026-07-01-Opinium-Observer-Web-Tables-1704.xlsx,HeadlineVI
"2,050 UK adults",1st - 3rd July 2026,,,,1513,,age,50-64,Q:HeadlineVI. Headline VI,Voting intention (Westminster),headline vi,Con,Lab,Lib Dem,Green,SNP,Plaid Cymru,Reform,Other,,,18.5,18.0,15.5,10.8,4.8,1.0,25.6,5.8,,,VI-2026-07-01-Opinium-Observer-Web-Tables-1704.xlsx,HeadlineVI
"2,050 UK adults",1st - 3rd July 2026,,,,1513,,age,65+,Q:HeadlineVI. Headline VI,Voting intention (Westminster),headline vi,Con,Lab,Lib Dem,Green,SNP,Plaid Cymru,Reform,Other,,,28.8,11.2,14.7,3.0,3.6,0.4,31.9,6.4,,,VI-2026-07-01-Opinium-Observer-Web-Tables-1704.xlsx,HeadlineVI
"2,050 UK adults",1st - 3rd July 2026,,,,1513,,region,North,Q:HeadlineVI. Headline VI,Voting intention (Westminster),headline vi,Con,Lab,Lib Dem,Green,SNP,Plaid Cymru,Reform,Other,,,19.1,23.7,8.3,16.4,,,27.8,4.7,,,VI-2026-07-01-Opinium-Observer-Web-Tables-1704.xlsx,HeadlineVI
"2,050 UK adults",1st - 3rd July 2026,,,,1513,,region,Mids,Q:HeadlineVI. Headline VI,Voting intention (Westminster),headline vi,Con,Lab,Lib Dem,Green,SNP,Plaid Cymru,Reform,Other,,,21.3,15.8,10.0,13.7,,,31.7,7.6,,,VI-2026-07-01-Opinium-Observer-Web-Tables-1704.xlsx,HeadlineVI
"2,050 UK adults",1st - 3rd July 2026,,,,1513,,region,London,Q:HeadlineVI. Headline VI,Voting intention (Westminster),headline vi,Con,Lab,Lib Dem,Green,SNP,Plaid Cymru,Reform,Other,,,16.7,28.5,9.9,19.0,,,19.4,6.4,,,VI-2026-07-01-Opinium-Observer-Web-Tables-1704.xlsx,HeadlineVI
"2,050 UK adults",1st - 3rd July 2026,,,,1513,,region,South,Q:HeadlineVI. Headline VI,Voting intention (Westminster),headline vi,Con,Lab,Lib Dem,Green,SNP,Plaid Cymru,Reform,Other,,,21.4,18.3,17.0,11.5,,,27.0,4.8,,,VI-2026-07-01-Opinium-Observer-Web-Tables-1704.xlsx,HeadlineVI
"2,050 UK adults",1st - 3rd July 2026,,,,1513,,region,Wales,Q:HeadlineVI. Headline VI,Voting intention (Westminster),headline vi,Con,Lab,Lib Dem,Green,SNP,Plaid Cymru,Reform,Other,,,22.5,13.1,7.2,8.1,,20.0,21.7,7.3,,,VI-2026-07-01-Opinium-Observer-Web-Tables-1704.xlsx,HeadlineVI
"2,050 UK adults",1st - 3rd July 2026,,,,1513,,region,Scotland,Q:HeadlineVI. Headline VI,Voting intention (Westminster),headline vi,Con,Lab,Lib Dem,Green,SNP,Plaid Cymru,Reform,Other,,,8.9,14.5,6.5,10.8,33.4,,19.3,6.7,,,VI-2026-07-01-Opinium-Observer-Web-Tables-1704.xlsx,HeadlineVI
"2,050 UK adults",1st - 3rd July 2026,,,,1513,,region,Northern Ireland,Q:HeadlineVI. Headline VI,Voting intention (Westminster),headline vi,Con,Lab,Lib Dem,Green,SNP,Plaid Cymru,Reform,Other,,,,,,,,,,,,,VI-2026-07-01-Opinium-Observer-Web-Tables-1704.xlsx,HeadlineVI
"2,050 UK adults",1st - 3rd July 2026,,,,,,age,The way Nigel Farage is handling his job as leader of Reform UK,Q:V006. To what extent do you approve or disapprove of…,UNMATCHED,,Approve,Neither approve nor disapprove,Disapprove,,,,,,,,27.8,18.0,46.7,,,,,,,,VI-2026-07-01-Opinium-Observer-Web-Tables-1704.xlsx,Summary V006
"2,050 UK adults",1st - 3rd July 2026,,,,2011,,total,Total,"Q:V006. To what extent do you approve or disapprove of…
 The way Keir Starmer is handling his job as Prime Minister",Leader favourability (Starmer),starmer,Approve,Neither approve nor disapprove,Disapprove,,,,,,,,17.4,16.7,60.1,,,,,,,,VI-2026-07-01-Opinium-Observer-Web-Tables-1704.xlsx,V006
"2,050 UK adults",1st - 3rd July 2026,,,,2011,,current_vote,Con,"Q:V006. To what extent do you approve or disapprove of…
 The way Keir Starmer is handling his job as Prime Minister",Leader favourability (Starmer),starmer,Approve,Neither approve nor disapprove,Disapprove,,,,,,,,12.8,14.1,71.7,,,,,,,,VI-2026-07-01-Opinium-Observer-Web-Tables-1704.xlsx,V006
"2,050 UK adults",1st - 3rd July 2026,,,,2011,,current_vote,Lab,"Q:V006. To what extent do you approve or disapprove of…
 The way Keir Starmer is handling his job as Prime Minister",Leader favourability (Starmer),starmer,Approve,Neither approve nor disapprove,Disapprove,,,,,,,,51.2,20.4,27.2,,,,,,,,VI-2026-07-01-Opinium-Observer-Web-Tables-1704.xlsx,V006
"2,050 UK adults",1st - 3rd July 2026,,,,2011,,current_vote,Lib Dem,"Q:V006. To what extent do you approve or disapprove of…
 The way Keir Starmer is handling his job as Prime Minister",Leader favourability (Starmer),starmer,Approve,Neither approve nor disapprove,Disapprove,,,,,,,,23.1,22.0,52.0,,,,,,,,VI-2026-07-01-Opinium-Observer-Web-Tables-1704.xlsx,V006
"2,050 UK adults",1st - 3rd July 2026,,,,2011,,current_vote,Reform,"Q:V006. To what extent do you approve or disapprove of…
 The way Keir Starmer is handling his job as Prime Minister",Leader favourability (Starmer),starmer,Approve,Neither approve nor disapprove,Disapprove,,,,,,,,6.9,5.0,86.6,,,,,,,,VI-2026-07-01-Opinium-Observer-Web-Tables-1704.xlsx,V006
"2,050 UK adults",1st - 3rd July 2026,,,,2011,,current_vote,Green,"Q:V006. To what extent do you approve or disapprove of…
 The way Keir Starmer is handling his job as Prime Minister",Leader favourability (Starmer),starmer,Approve,Neither approve nor disapprove,Disapprove,,,,,,,,18.2,20.8,56.9,,,,,,,,VI-2026-07-01-Opinium-Observer-Web-Tables-1704.xlsx,V006
"2,050 UK adults",1st - 3rd July 2026,,,,2011,,historic_vote,Con,"Q:V006. To what extent do you approve or disapprove of…
 The way Keir Starmer is handling his job as Prime Minister",Leader favourability (Starmer),starmer,Approve,Neither approve nor disapprove,Disapprove,,,,,,,,13.5,8.5,76.8,,,,,,,,VI-2026-07-01-Opinium-Observer-Web-Tables-1704.xlsx,V006
"2,050 UK adults",1st - 3rd July 2026,,,,2011,,historic_vote,Lab,"Q:V006. To what extent do you approve or disapprove of…
 The way Keir Starmer is handling his job as Prime Minister",Leader favourability (Starmer),starmer,Approve,Neither approve nor disapprove,Disapprove,,,,,,,,34.2,19.3,44.7,,,,,,,,VI-2026-07-01-Opinium-Observer-Web-Tables-1704.xlsx,V006
"2,050 UK adults",1st - 3rd July 2026,,,,2011,,historic_vote,Lib Dems,"Q:V006. To what extent do you approve or disapprove of…
 The way Keir Starmer is handling his job as Prime Minister",Leader favourability (Starmer),starmer,Approve,Neither approve nor disapprove,Disapprove,,,,,,,,20.0,23.5,54.9,,,,,,,,VI-2026-07-01-Opinium-Observer-Web-Tables-1704.xlsx,V006
"2,050 UK adults",1st - 3rd July 2026,,,,2011,,historic_vote,Reform,"Q:V006. To what extent do you approve or disapprove of…
 The way Keir Starmer is handling his job as Prime Minister",Leader favourability (Starmer),starmer,Approve,Neither approve nor disapprove,Disapprove,,,,,,,,6.3,7.1,84.4,,,,,,,,VI-2026-07-01-Opinium-Observer-Web-Tables-1704.xlsx,V006
"2,050 UK adults",1st - 3rd July 2026,,,,2011,,historic_vote,Green,"Q:V006. To what extent do you approve or disapprove of…
 The way Keir Starmer is handling his job as Prime Minister",Leader favourability (Starmer),starmer,Approve,Neither approve nor disapprove,Disapprove,,,,,,,,19.8,18.9,60.4,,,,,,,,VI-2026-07-01-Opinium-Observer-Web-Tables-1704.xlsx,V006
"2,050 UK adults",1st - 3rd July 2026,,,,2011,,historic_vote,Con,"Q:V006. To what extent do you approve or disapprove of…
 The way Keir Starmer is handling his job as Prime Minister",Leader favourability (Starmer),starmer,Approve,Neither approve nor disapprove,Disapprove,,,,,,,,9.1,9.9,79.3,,,,,,,,VI-2026-07-01-Opinium-Observer-Web-Tables-1704.xlsx,V006
"2,050 UK adults",1st - 3rd July 2026,,,,2011,,historic_vote,Lab,"Q:V006. To what extent do you approve or disapprove of…
 The way Keir Starmer is handling his job as Prime Minister",Leader favourability (Starmer),starmer,Approve,Neither approve nor disapprove,Disapprove,,,,,,,,34.9,18.7,45.0,,,,,,,,VI-2026-07-01-Opinium-Observer-Web-Tables-1704.xlsx,V006
"2,050 UK adults",1st - 3rd July 2026,,,,2011,,historic_vote,Lib Dem,"Q:V006. To what extent do you approve or disapprove of…
 The way Keir Starmer is handling his job as Prime Minister",Leader favourability (Starmer),starmer,Approve,Neither approve nor disapprove,Disapprove,,,,,,,,26.4,24.3,47.9,,,,,,,,VI-2026-07-01-Opinium-Observer-Web-Tables-1704.xlsx,V006
"2,050 UK adults",1st - 3rd July 2026,,,,2011,,historic_vote,Remain,"Q:V006. To what extent do you approve or disapprove of…
 The way Keir Starmer is handling his job as Prime Minister",Leader favourability (Starmer),starmer,Approve,Neither approve nor disapprove,Disapprove,,,,,,,,27.0,19.6,52.2,,,,,,,,VI-2026-07-01-Opinium-Observer-Web-Tables-1704.xlsx,V006
"2,050 UK adults",1st - 3rd July 2026,,,,2011,,historic_vote,Leave,"Q:V006. To what extent do you approve or disapprove of…
 The way Keir Starmer is handling his job as Prime Minister",Leader favourability (Starmer),starmer,Approve,Neither approve nor disapprove,Disapprove,,,,,,,,9.1,10.2,78.1,,,,,,,,VI-2026-07-01-Opinium-Observer-Web-Tables-1704.xlsx,V006
"2,050 UK adults",1st - 3rd July 2026,,,,2011,,gender,Male,"Q:V006. To what extent do you approve or disapprove of…
 The way Keir Starmer is handling his job as Prime Minister",Leader favourability (Starmer),starmer,Approve,Neither approve nor disapprove,Disapprove,,,,,,,,19.9,15.4,60.8,,,,,,,,VI-2026-07-01-Opinium-Observer-Web-Tables-1704.xlsx,V006
"2,050 UK adults",1st - 3rd July 2026,,,,2011,,gender,Female,"Q:V006. To what extent do you approve or disapprove of…
 The way Keir Starmer is handling his job as Prime Minister",Leader favourability (Starmer),starmer,Approve,Neither approve nor disapprove,Disapprove,,,,,,,,15.1,17.9,59.4,,,,,,,,VI-2026-07-01-Opinium-Observer-Web-Tables-1704.xlsx,V006
"2,050 UK adults",1st - 3rd July 2026,,,,2011,,age,18-34,"Q:V006. To what extent do you approve or disapprove of…
 The way Keir Starmer is handling his job as Prime Minister",Leader favourability (Starmer),starmer,Approve,Neither approve nor disapprove,Disapprove,,,,,,,,22.3,18.0,50.3,,,,,,,,VI-2026-07-01-Opinium-Observer-Web-Tables-1704.xlsx,V006
"2,050 UK adults",1st - 3rd July 2026,,,,2011,,age,35-49,"Q:V006. To what extent do you approve or disapprove of…
 The way Keir Starmer is handling his job as Prime Minister",Leader favourability (Starmer),starmer,Approve,Neither approve nor disapprove,Disapprove,,,,,,,,17.3,18.7,57.9,,,,,,,,VI-2026-07-01-Opinium-Observer-Web-Tables-1704.xlsx,V006
"2,050 UK adults",1st - 3rd July 2026,,,,2011,,age,50-64,"Q:V006. To what extent do you approve or disapprove of…
 The way Keir Starmer is handling his job as Prime Minister",Leader favourability (Starmer),starmer,Approve,Neither approve nor disapprove,Disapprove,,,,,,,,16.6,16.5,63.1,,,,,,,,VI-2026-07-01-Opinium-Observer-Web-Tables-1704.xlsx,V006
"2,050 UK adults",1st - 3rd July 2026,,,,2011,,age,65+,"Q:V006. To what extent do you approve or disapprove of…
 The way Keir Starmer is handling his job as Prime Minister",Leader favourability (Starmer),starmer,Approve,Neither approve nor disapprove,Disapprove,,,,,,,,12.4,13.3,70.2,,,,,,,,VI-2026-07-01-Opinium-Observer-Web-Tables-1704.xlsx,V006
"2,050 UK adults",1st - 3rd July 2026,,,,2011,,region,North,"Q:V006. To what extent do you approve or disapprove of…
 The way Keir Starmer is handling his job as Prime Minister",Leader favourability (Starmer),starmer,Approve,Neither approve nor disapprove,Disapprove,,,,,,,,16.4,17.8,58.5,,,,,,,,VI-2026-07-01-Opinium-Observer-Web-Tables-1704.xlsx,V006
"2,050 UK adults",1st - 3rd July 2026,,,,2011,,region,Mids,"Q:V006. To what extent do you approve or disapprove of…
 The way Keir Starmer is handling his job as Prime Minister",Leader favourability (Starmer),starmer,Approve,Neither approve nor disapprove,Disapprove,,,,,,,,14.7,14.7,64.3,,,,,,,,VI-2026-07-01-Opinium-Observer-Web-Tables-1704.xlsx,V006
"2,050 UK adults",1st - 3rd July 2026,,,,2011,,region,London,"Q:V006. To what extent do you approve or disapprove of…
 The way Keir Starmer is handling his job as Prime Minister",Leader favourability (Starmer),starmer,Approve,Neither approve nor disapprove,Disapprove,,,,,,,,23.4,22.5,49.1,,,,,,,,VI-2026-07-01-Opinium-Observer-Web-Tables-1704.xlsx,V006
"2,050 UK adults",1st - 3rd July 2026,,,,2011,,region,South,"Q:V006. To what extent do you approve or disapprove of…
 The way Keir Starmer is handling his job as Prime Minister",Leader favourability (Starmer),starmer,Approve,Neither approve nor disapprove,Disapprove,,,,,,,,18.5,15.5,61.9,,,,,,,,VI-2026-07-01-Opinium-Observer-Web-Tables-1704.xlsx,V006
"2,050 UK adults",1st - 3rd July 2026,,,,2011,,region,Wales,"Q:V006. To what extent do you approve or disapprove of…
 The way Keir Starmer is handling his job as Prime Minister",Leader favourability (Starmer),starmer,Approve,Neither approve nor disapprove,Disapprove,,,,,,,,11.3,10.0,67.0,,,,,,,,VI-2026-07-01-Opinium-Observer-Web-Tables-1704.xlsx,V006
"2,050 UK adults",1st - 3rd July 2026,,,,2011,,region,Scotland,"Q:V006. To what extent do you approve or disapprove of…
 The way Keir Starmer is handling his job as Prime Minister",Leader favourability (Starmer),starmer,Approve,Neither approve nor disapprove,Disapprove,,,,,,,,15.1,16.7,61.6,,,,,,,,VI-2026-07-01-Opinium-Observer-Web-Tables-1704.xlsx,V006
"2,050 UK adults",1st - 3rd July 2026,,,,2011,,region,Northern Ireland,"Q:V006. To what extent do you approve or disapprove of…
 The way Keir Starmer is handling his job as Prime Minister",Leader favourability (Starmer),starmer,Neither approve nor disapprove,,,,,,,,,,,,,,,,,,,,VI-2026-07-01-Opinium-Observer-Web-Tables-1704.xlsx,V006
"2,050 UK adults",1st - 3rd July 2026,,,,2011,,total,Total,"Q:V006. To what extent do you approve or disapprove of…
 The way Kemi Badenoch is handling her job as leader of the Conservative Party",Leader favourability (Badenoch),badenoch,Approve,Neither approve nor disapprove,Disapprove,,,,,,,,28.2,25.8,34.4,,,,,,,,VI-2026-07-01-Opinium-Observer-Web-Tables-1704.xlsx,V006 (2)
"2,050 UK adults",1st - 3rd July 2026,,,,2011,,current_vote,Con,"Q:V006. To what extent do you approve or disapprove of…
 The way Kemi Badenoch is handling her job as leader of the Conservative Party",Leader favourability (Badenoch),badenoch,Approve,Neither approve nor disapprove,Disapprove,,,,,,,,73.1,16.5,6.6,,,,,,,,VI-2026-07-01-Opinium-Observer-Web-Tables-1704.xlsx,V006 (2)
"2,050 UK adults",1st - 3rd July 2026,,,,2011,,current_vote,Lab,"Q:V006. To what extent do you approve or disapprove of…
 The way Kemi Badenoch is handling her job as leader of the Conservative Party",Leader favourability (Badenoch),badenoch,Approve,Neither approve nor disapprove,Disapprove,,,,,,,,23.3,24.3,48.5,,,,,,,,VI-2026-07-01-Opinium-Observer-Web-Tables-1704.xlsx,V006 (2)
"2,050 UK adults",1st - 3rd July 2026,,,,2011,,current_vote,Lib Dem,"Q:V006. To what extent do you approve or disapprove of…
 The way Kemi Badenoch is handling her job as leader of the Conservative Party",Leader favourability (Badenoch),badenoch,Approve,Neither approve nor disapprove,Disapprove,,,,,,,,16.2,24.3,52.6,,,,,,,,VI-2026-07-01-Opinium-Observer-Web-Tables-1704.xlsx,V006 (2)
"2,050 UK adults",1st - 3rd July 2026,,,,2011,,current_vote,Reform,"Q:V006. To what extent do you approve or disapprove of…
 The way Kemi Badenoch is handling her job as leader of the Conservative Party",Leader favourability (Badenoch),badenoch,Approve,Neither approve nor disapprove,Disapprove,,,,,,,,36.0,35.0,24.1,,,,,,,,VI-2026-07-01-Opinium-Observer-Web-Tables-1704.xlsx,V006 (2)
"2,050 UK adults",1st - 3rd July 2026,,,,2011,,current_vote,Green,"Q:V006. To what extent do you approve or disapprove of…
 The way Kemi Badenoch is handling her job as leader of the Conservative Party",Leader favourability (Badenoch),badenoch,Approve,Neither approve nor disapprove,Disapprove,,,,,,,,7.2,25.0,59.3,,,,,,,,VI-2026-07-01-Opinium-Observer-Web-Tables-1704.xlsx,V006 (2)
"2,050 UK adults",1st - 3rd July 2026,,,,2011,,historic_vote,Con,"Q:V006. To what extent do you approve or disapprove of…
 The way Kemi Badenoch is handling her job as leader of the Conservative Party",Leader favourability (Badenoch),badenoch,Approve,Neither approve nor disapprove,Disapprove,,,,,,,,66.8,19.5,10.9,,,,,,,,VI-2026-07-01-Opinium-Observer-Web-Tables-1704.xlsx,V006 (2)
"2,050 UK adults",1st - 3rd July 2026,,,,2011,,historic_vote,Lab,"Q:V006. To what extent do you approve or disapprove of…
 The way Kemi Badenoch is handling her job as leader of the Conservative Party",Leader favourability (Badenoch),badenoch,Approve,Neither approve nor disapprove,Disapprove,,,,,,,,21.5,22.7,49.9,,,,,,,,VI-2026-07-01-Opinium-Observer-Web-Tables-1704.xlsx,V006 (2)
"2,050 UK adults",1st - 3rd July 2026,,,,2011,,historic_vote,Lib Dems,"Q:V006. To what extent do you approve or disapprove of…
 The way Kemi Badenoch is handling her job as leader of the Conservative Party",Leader favourability (Badenoch),badenoch,Approve,Neither approve nor disapprove,Disapprove,,,,,,,,25.1,22.7,43.4,,,,,,,,VI-2026-07-01-Opinium-Observer-Web-Tables-1704.xlsx,V006 (2)
"2,050 UK adults",1st - 3rd July 2026,,,,2011,,historic_vote,Reform,"Q:V006. To what extent do you approve or disapprove of…
 The way Kemi Badenoch is handling her job as leader of the Conservative Party",Leader favourability (Badenoch),badenoch,Approve,Neither approve nor disapprove,Disapprove,,,,,,,,41.9,31.0,21.9,,,,,,,,VI-2026-07-01-Opinium-Observer-Web-Tables-1704.xlsx,V006 (2)
"2,050 UK adults",1st - 3rd July 2026,,,,2011,,historic_vote,Green,"Q:V006. To what extent do you approve or disapprove of…
 The way Kemi Badenoch is handling her job as leader of the Conservative Party",Leader favourability (Badenoch),badenoch,Approve,Neither approve nor disapprove,Disapprove,,,,,,,,15.6,25.6,53.1,,,,,,,,VI-2026-07-01-Opinium-Observer-Web-Tables-1704.xlsx,V006 (2)
"2,050 UK adults",1st - 3rd July 2026,,,,2011,,historic_vote,Con,"Q:V006. To what extent do you approve or disapprove of…
 The way Kemi Badenoch is handling her job as leader of the Conservative Party",Leader favourability (Badenoch),badenoch,Approve,Neither approve nor disapprove,Disapprove,,,,,,,,57.4,24.6,14.0,,,,,,,,VI-2026-07-01-Opinium-Observer-Web-Tables-1704.xlsx,V006 (2)
"2,050 UK adults",1st - 3rd July 2026,,,,2011,,historic_vote,Lab,"Q:V006. To what extent do you approve or disapprove of…
 The way Kemi Badenoch is handling her job as leader of the Conservative Party",Leader favourability (Badenoch),badenoch,Approve,Neither approve nor disapprove,Disapprove,,,,,,,,16.2,22.6,55.7,,,,,,,,VI-2026-07-01-Opinium-Observer-Web-Tables-1704.xlsx,V006 (2)
"2,050 UK adults",1st - 3rd July 2026,,,,2011,,historic_vote,Lib Dem,"Q:V006. To what extent do you approve or disapprove of…
 The way Kemi Badenoch is handling her job as leader of the Conservative Party",Leader favourability (Badenoch),badenoch,Approve,Neither approve nor disapprove,Disapprove,,,,,,,,14.6,23.7,53.5,,,,,,,,VI-2026-07-01-Opinium-Observer-Web-Tables-1704.xlsx,V006 (2)
"2,050 UK adults",1st - 3rd July 2026,,,,2011,,historic_vote,Remain,"Q:V006. To what extent do you approve or disapprove of…
 The way Kemi Badenoch is handling her job as leader of the Conservative Party",Leader favourability (Badenoch),badenoch,Approve,Neither approve nor disapprove,Disapprove,,,,,,,,23.2,23.7,47.2,,,,,,,,VI-2026-07-01-Opinium-Observer-Web-Tables-1704.xlsx,V006 (2)
"2,050 UK adults",1st - 3rd July 2026,,,,2011,,historic_vote,Leave,"Q:V006. To what extent do you approve or disapprove of…
 The way Kemi Badenoch is handling her job as leader of the Conservative Party",Leader favourability (Badenoch),badenoch,Approve,Neither approve nor disapprove,Disapprove,,,,,,,,43.3,24.5,26.4,,,,,,,,VI-2026-07-01-Opinium-Observer-Web-Tables-1704.xlsx,V006 (2)
"2,050 UK adults",1st - 3rd July 2026,,,,2011,,gender,Male,"Q:V006. To what extent do you approve or disapprove of…
 The way Kemi Badenoch is handling her job as leader of the Conservative Party",Leader favourability (Badenoch),badenoch,Approve,Neither approve nor disapprove,Disapprove,,,,,,,,27.1,28.3,37.4,,,,,,,,VI-2026-07-01-Opinium-Observer-Web-Tables-1704.xlsx,V006 (2)
"2,050 UK adults",1st - 3rd July 2026,,,,2011,,gender,Female,"Q:V006. To what extent do you approve or disapprove of…
 The way Kemi Badenoch is handling her job as leader of the Conservative Party",Leader favourability (Badenoch),badenoch,Approve,Neither approve nor disapprove,Disapprove,,,,,,,,29.5,23.6,31.5,,,,,,,,VI-2026-07-01-Opinium-Observer-Web-Tables-1704.xlsx,V006 (2)
"2,050 UK adults",1st - 3rd July 2026,,,,2011,,age,18-34,"Q:V006. To what extent do you approve or disapprove of…
 The way Kemi Badenoch is handling her job as leader of the Conservative Party",Leader favourability (Badenoch),badenoch,Approve,Neither approve nor disapprove,Disapprove,,,,,,,,23.4,26.7,31.8,,,,,,,,VI-2026-07-01-Opinium-Observer-Web-Tables-1704.xlsx,V006 (2)
"2,050 UK adults",1st - 3rd July 2026,,,,2011,,age,35-49,"Q:V006. To what extent do you approve or disapprove of…
 The way Kemi Badenoch is handling her job as leader of the Conservative Party",Leader favourability (Badenoch),badenoch,Approve,Neither approve nor disapprove,Disapprove,,,,,,,,25.8,23.5,38.6,,,,,,,,VI-2026-07-01-Opinium-Observer-Web-Tables-1704.xlsx,V006 (2)
"2,050 UK adults",1st - 3rd July 2026,,,,2011,,age,50-64,"Q:V006. To what extent do you approve or disapprove of…
 The way Kemi Badenoch is handling her job as leader of the Conservative Party",Leader favourability (Badenoch),badenoch,Approve,Neither approve nor disapprove,Disapprove,,,,,,,,26.5,24.2,41.7,,,,,,,,VI-2026-07-01-Opinium-Observer-Web-Tables-1704.xlsx,V006 (2)
"2,050 UK adults",1st - 3rd July 2026,,,,2011,,age,65+,"Q:V006. To what extent do you approve or disapprove of…
 The way Kemi Badenoch is handling her job as leader of the Conservative Party",Leader favourability (Badenoch),badenoch,Approve,Neither approve nor disapprove,Disapprove,,,,,,,,38.4,28.7,25.4,,,,,,,,VI-2026-07-01-Opinium-Observer-Web-Tables-1704.xlsx,V006 (2)
"2,050 UK adults",1st - 3rd July 2026,,,,2011,,region,North,"Q:V006. To what extent do you approve or disapprove of…
 The way Kemi Badenoch is handling her job as leader of the Conservative Party",Leader favourability (Badenoch),badenoch,Approve,Neither approve nor disapprove,Disapprove,,,,,,,,26.4,25.9,35.1,,,,,,,,VI-2026-07-01-Opinium-Observer-Web-Tables-1704.xlsx,V006 (2)
"2,050 UK adults",1st - 3rd July 2026,,,,2011,,region,Mids,"Q:V006. To what extent do you approve or disapprove of…
 The way Kemi Badenoch is handling her job as leader of the Conservative Party",Leader favourability (Badenoch),badenoch,Approve,Neither approve nor disapprove,Disapprove,,,,,,,,30.6,26.8,31.2,,,,,,,,VI-2026-07-01-Opinium-Observer-Web-Tables-1704.xlsx,V006 (2)
"2,050 UK adults",1st - 3rd July 2026,,,,2011,,region,London,"Q:V006. To what extent do you approve or disapprove of…
 The way Kemi Badenoch is handling her job as leader of the Conservative Party",Leader favourability (Badenoch),badenoch,Approve,Neither approve nor disapprove,Disapprove,,,,,,,,32.0,28.2,30.9,,,,,,,,VI-2026-07-01-Opinium-Observer-Web-Tables-1704.xlsx,V006 (2)
"2,050 UK adults",1st - 3rd July 2026,,,,2011,,region,South,"Q:V006. To what extent do you approve or disapprove of…
 The way Kemi Badenoch is handling her job as leader of the Conservative Party",Leader favourability (Badenoch),badenoch,Approve,Neither approve nor disapprove,Disapprove,,,,,,,,30.3,24.2,34.3,,,,,,,,VI-2026-07-01-Opinium-Observer-Web-Tables-1704.xlsx,V006 (2)
"2,050 UK adults",1st - 3rd July 2026,,,,2011,,region,Wales,"Q:V006. To what extent do you approve or disapprove of…
 The way Kemi Badenoch is handling her job as leader of the Conservative Party",Leader favourability (Badenoch),badenoch,Approve,Neither approve nor disapprove,Disapprove,,,,,,,,23.7,21.3,39.2,,,,,,,,VI-2026-07-01-Opinium-Observer-Web-Tables-1704.xlsx,V006 (2)
"2,050 UK adults",1st - 3rd July 2026,,,,2011,,region,Scotland,"Q:V006. To what extent do you approve or disapprove of…
 The way Kemi Badenoch is handling her job as leader of the Conservative Party",Leader favourability (Badenoch),badenoch,Approve,Neither approve nor disapprove,Disapprove,,,,,,,,17.4,28.0,41.9,,,,,,,,VI-2026-07-01-Opinium-Observer-Web-Tables-1704.xlsx,V006 (2)
"2,050 UK adults",1st - 3rd July 2026,,,,2011,,region,Northern Ireland,"Q:V006. To what extent do you approve or disapprove of…
 The way Kemi Badenoch is handling her job as leader of the Conservative Party",Leader favourability (Badenoch),badenoch,Neither approve nor disapprove,,,,,,,,,,,,,,,,,,,,VI-2026-07-01-Opinium-Observer-Web-Tables-1704.xlsx,V006 (2)
"2,050 UK adults",1st - 3rd July 2026,,,,2011,,total,Total,"Q:V006. To what extent do you approve or disapprove of…
 The way Ed Davey is handling his job as leader of the Liberal Democrats",Leader favourability (Davey),davey,Approve,Neither approve nor disapprove,Disapprove,,,,,,,,21.5,35.6,26.9,,,,,,,,VI-2026-07-01-Opinium-Observer-Web-Tables-1704.xlsx,V006 (3)
"2,050 UK adults",1st - 3rd July 2026,,,,2011,,current_vote,Con,"Q:V006. To what extent do you approve or disapprove of…
 The way Ed Davey is handling his job as leader of the Liberal Democrats",Leader favourability (Davey),davey,Approve,Neither approve nor disapprove,Disapprove,,,,,,,,15.9,40.6,33.1,,,,,,,,VI-2026-07-01-Opinium-Observer-Web-Tables-1704.xlsx,V006 (3)
"2,050 UK adults",1st - 3rd July 2026,,,,2011,,current_vote,Lab,"Q:V006. To what extent do you approve or disapprove of…
 The way Ed Davey is handling his job as leader of the Liberal Democrats",Leader favourability (Davey),davey,Approve,Neither approve nor disapprove,Disapprove,,,,,,,,33.6,40.4,16.9,,,,,,,,VI-2026-07-01-Opinium-Observer-Web-Tables-1704.xlsx,V006 (3)
"2,050 UK adults",1st - 3rd July 2026,,,,2011,,current_vote,Lib Dem,"Q:V006. To what extent do you approve or disapprove of…
 The way Ed Davey is handling his job as leader of the Liberal Democrats",Leader favourability (Davey),davey,Approve,Neither approve nor disapprove,Disapprove,,,,,,,,69.4,20.0,5.8,,,,,,,,VI-2026-07-01-Opinium-Observer-Web-Tables-1704.xlsx,V006 (3)
"2,050 UK adults",1st - 3rd July 2026,,,,2011,,current_vote,Reform,"Q:V006. To what extent do you approve or disapprove of…
 The way Ed Davey is handling his job as leader of the Liberal Democrats",Leader favourability (Davey),davey,Approve,Neither approve nor disapprove,Disapprove,,,,,,,,10.9,30.1,47.7,,,,,,,,VI-2026-07-01-Opinium-Observer-Web-Tables-1704.xlsx,V006 (3)
"2,050 UK adults",1st - 3rd July 2026,,,,2011,,current_vote,Green,"Q:V006. To what extent do you approve or disapprove of…
 The way Ed Davey is handling his job as leader of the Liberal Democrats",Leader favourability (Davey),davey,Approve,Neither approve nor disapprove,Disapprove,,,,,,,,21.1,47.0,17.7,,,,,,,,VI-2026-07-01-Opinium-Observer-Web-Tables-1704.xlsx,V006 (3)
"2,050 UK adults",1st - 3rd July 2026,,,,2011,,historic_vote,Con,"Q:V006. To what extent do you approve or disapprove of…
 The way Ed Davey is handling his job as leader of the Liberal Democrats",Leader favourability (Davey),davey,Approve,Neither approve nor disapprove,Disapprove,,,,,,,,14.4,37.9,37.9,,,,,,,,VI-2026-07-01-Opinium-Observer-Web-Tables-1704.xlsx,V006 (3)
"2,050 UK adults",1st - 3rd July 2026,,,,2011,,historic_vote,Lab,"Q:V006. To what extent do you approve or disapprove of…
 The way Ed Davey is handling his job as leader of the Liberal Democrats",Leader favourability (Davey),davey,Approve,Neither approve nor disapprove,Disapprove,,,,,,,,31.1,37.9,17.6,,,,,,,,VI-2026-07-01-Opinium-Observer-Web-Tables-1704.xlsx,V006 (3)
"2,050 UK adults",1st - 3rd July 2026,,,,2011,,historic_vote,Lib Dems,"Q:V006. To what extent do you approve or disapprove of…
 The way Ed Davey is handling his job as leader of the Liberal Democrats",Leader favourability (Davey),davey,Approve,Neither approve nor disapprove,Disapprove,,,,,,,,60.6,26.5,8.6,,,,,,,,VI-2026-07-01-Opinium-Observer-Web-Tables-1704.xlsx,V006 (3)
"2,050 UK adults",1st - 3rd July 2026,,,,2011,,historic_vote,Reform,"Q:V006. To what extent do you approve or disapprove of…
 The way Ed Davey is handling his job as leader of the Liberal Democrats",Leader favourability (Davey),davey,Approve,Neither approve nor disapprove,Disapprove,,,,,,,,9.3,30.9,48.8,,,,,,,,VI-2026-07-01-Opinium-Observer-Web-Tables-1704.xlsx,V006 (3)
"2,050 UK adults",1st - 3rd July 2026,,,,2011,,historic_vote,Green,"Q:V006. To what extent do you approve or disapprove of…
 The way Ed Davey is handling his job as leader of the Liberal Democrats",Leader favourability (Davey),davey,Approve,Neither approve nor disapprove,Disapprove,,,,,,,,21.9,50.6,20.8,,,,,,,,VI-2026-07-01-Opinium-Observer-Web-Tables-1704.xlsx,V006 (3)
"2,050 UK adults",1st - 3rd July 2026,,,,2011,,historic_vote,Con,"Q:V006. To what extent do you approve or disapprove of…
 The way Ed Davey is handling his job as leader of the Liberal Democrats",Leader favourability (Davey),davey,Approve,Neither approve nor disapprove,Disapprove,,,,,,,,15.9,36.6,36.9,,,,,,,,VI-2026-07-01-Opinium-Observer-Web-Tables-1704.xlsx,V006 (3)
"2,050 UK adults",1st - 3rd July 2026,,,,2011,,historic_vote,Lab,"Q:V006. To what extent do you approve or disapprove of…
 The way Ed Davey is handling his job as leader of the Liberal Democrats",Leader favourability (Davey),davey,Approve,Neither approve nor disapprove,Disapprove,,,,,,,,31.0,35.5,22.8,,,,,,,,VI-2026-07-01-Opinium-Observer-Web-Tables-1704.xlsx,V006 (3)
"2,050 UK adults",1st - 3rd July 2026,,,,2011,,historic_vote,Lib Dem,"Q:V006. To what extent do you approve or disapprove of…
 The way Ed Davey is handling his job as leader of the Liberal Democrats",Leader favourability (Davey),davey,Approve,Neither approve nor disapprove,Disapprove,,,,,,,,59.0,26.3,7.6,,,,,,,,VI-2026-07-01-Opinium-Observer-Web-Tables-1704.xlsx,V006 (3)
"2,050 UK adults",1st - 3rd July 2026,,,,2011,,historic_vote,Remain,"Q:V006. To what extent do you approve or disapprove of…
 The way Ed Davey is handling his job as leader of the Liberal Democrats",Leader favourability (Davey),davey,Approve,Neither approve nor disapprove,Disapprove,,,,,,,,35.1,36.5,18.8,,,,,,,,VI-2026-07-01-Opinium-Observer-Web-Tables-1704.xlsx,V006 (3)
"2,050 UK adults",1st - 3rd July 2026,,,,2011,,historic_vote,Leave,"Q:V006. To what extent do you approve or disapprove of…
 The way Ed Davey is handling his job as leader of the Liberal Democrats",Leader favourability (Davey),davey,Approve,Neither approve nor disapprove,Disapprove,,,,,,,,13.4,33.8,39.8,,,,,,,,VI-2026-07-01-Opinium-Observer-Web-Tables-1704.xlsx,V006 (3)
"2,050 UK adults",1st - 3rd July 2026,,,,2011,,gender,Male,"Q:V006. To what extent do you approve or disapprove of…
 The way Ed Davey is handling his job as leader of the Liberal Democrats",Leader favourability (Davey),davey,Approve,Neither approve nor disapprove,Disapprove,,,,,,,,22.1,35.3,31.1,,,,,,,,VI-2026-07-01-Opinium-Observer-Web-Tables-1704.xlsx,V006 (3)
"2,050 UK adults",1st - 3rd July 2026,,,,2011,,gender,Female,"Q:V006. To what extent do you approve or disapprove of…
 The way Ed Davey is handling his job as leader of the Liberal Democrats",Leader favourability (Davey),davey,Approve,Neither approve nor disapprove,Disapprove,,,,,,,,21.1,36.0,22.7,,,,,,,,VI-2026-07-01-Opinium-Observer-Web-Tables-1704.xlsx,V006 (3)
"2,050 UK adults",1st - 3rd July 2026,,,,2011,,age,18-34,"Q:V006. To what extent do you approve or disapprove of…
 The way Ed Davey is handling his job as leader of the Liberal Democrats",Leader favourability (Davey),davey,Approve,Neither approve nor disapprove,Disapprove,,,,,,,,23.4,34.2,22.7,,,,,,,,VI-2026-07-01-Opinium-Observer-Web-Tables-1704.xlsx,V006 (3)
"2,050 UK adults",1st - 3rd July 2026,,,,2011,,age,35-49,"Q:V006. To what extent do you approve or disapprove of…
 The way Ed Davey is handling his job as leader of the Liberal Democrats",Leader favourability (Davey),davey,Approve,Neither approve nor disapprove,Disapprove,,,,,,,,21.9,31.7,27.8,,,,,,,,VI-2026-07-01-Opinium-Observer-Web-Tables-1704.xlsx,V006 (3)
"2,050 UK adults",1st - 3rd July 2026,,,,2011,,age,50-64,"Q:V006. To what extent do you approve or disapprove of…
 The way Ed Davey is handling his job as leader of the Liberal Democrats",Leader favourability (Davey),davey,Approve,Neither approve nor disapprove,Disapprove,,,,,,,,23.6,35.1,29.7,,,,,,,,VI-2026-07-01-Opinium-Observer-Web-Tables-1704.xlsx,V006 (3)
"2,050 UK adults",1st - 3rd July 2026,,,,2011,,age,65+,"Q:V006. To what extent do you approve or disapprove of…
 The way Ed Davey is handling his job as leader of the Liberal Democrats",Leader favourability (Davey),davey,Approve,Neither approve nor disapprove,Disapprove,,,,,,,,16.8,41.7,27.7,,,,,,,,VI-2026-07-01-Opinium-Observer-Web-Tables-1704.xlsx,V006 (3)
"2,050 UK adults",1st - 3rd July 2026,,,,2011,,region,North,"Q:V006. To what extent do you approve or disapprove of…
 The way Ed Davey is handling his job as leader of the Liberal Democrats",Leader favourability (Davey),davey,Approve,Neither approve nor disapprove,Disapprove,,,,,,,,19.5,36.3,26.1,,,,,,,,VI-2026-07-01-Opinium-Observer-Web-Tables-1704.xlsx,V006 (3)
"2,050 UK adults",1st - 3rd July 2026,,,,2011,,region,Mids,"Q:V006. To what extent do you approve or disapprove of…
 The way Ed Davey is handling his job as leader of the Liberal Democrats",Leader favourability (Davey),davey,Approve,Neither approve nor disapprove,Disapprove,,,,,,,,18.9,34.5,28.8,,,,,,,,VI-2026-07-01-Opinium-Observer-Web-Tables-1704.xlsx,V006 (3)
"2,050 UK adults",1st - 3rd July 2026,,,,2011,,region,London,"Q:V006. To what extent do you approve or disapprove of…
 The way Ed Davey is handling his job as leader of the Liberal Democrats",Leader favourability (Davey),davey,Approve,Neither approve nor disapprove,Disapprove,,,,,,,,23.8,35.4,26.8,,,,,,,,VI-2026-07-01-Opinium-Observer-Web-Tables-1704.xlsx,V006 (3)
"2,050 UK adults",1st - 3rd July 2026,,,,2011,,region,South,"Q:V006. To what extent do you approve or disapprove of…
 The way Ed Davey is handling his job as leader of the Liberal Democrats",Leader favourability (Davey),davey,Approve,Neither approve nor disapprove,Disapprove,,,,,,,,24.4,36.7,25.5,,,,,,,,VI-2026-07-01-Opinium-Observer-Web-Tables-1704.xlsx,V006 (3)
"2,050 UK adults",1st - 3rd July 2026,,,,2011,,region,Wales,"Q:V006. To what extent do you approve or disapprove of…
 The way Ed Davey is handling his job as leader of the Liberal Democrats",Leader favourability (Davey),davey,Approve,Neither approve nor disapprove,Disapprove,,,,,,,,15.5,36.2,26.8,,,,,,,,VI-2026-07-01-Opinium-Observer-Web-Tables-1704.xlsx,V006 (3)
"2,050 UK adults",1st - 3rd July 2026,,,,2011,,region,Scotland,"Q:V006. To what extent do you approve or disapprove of…
 The way Ed Davey is handling his job as leader of the Liberal Democrats",Leader favourability (Davey),davey,Approve,Neither approve nor disapprove,Disapprove,,,,,,,,20.9,31.7,29.1,,,,,,,,VI-2026-07-01-Opinium-Observer-Web-Tables-1704.xlsx,V006 (3)
"2,050 UK adults",1st - 3rd July 2026,,,,2011,,region,Northern Ireland,"Q:V006. To what extent do you approve or disapprove of…
 The way Ed Davey is handling his job as leader of the Liberal Democrats",Leader favourability (Davey),davey,Neither approve nor disapprove,,,,,,,,,,,,,,,,,,,,VI-2026-07-01-Opinium-Observer-Web-Tables-1704.xlsx,V006 (3)
"2,050 UK adults",1st - 3rd July 2026,,,,2011,,total,Total,"Q:V006. To what extent do you approve or disapprove of…
 The way Nigel Farage is handling his job as leader of Reform UK",Leader favourability (Farage),farage,Approve,Neither approve nor disapprove,Disapprove,,,,,,,,27.8,18.0,46.7,,,,,,,,VI-2026-07-01-Opinium-Observer-Web-Tables-1704.xlsx,V006 (4)
"2,050 UK adults",1st - 3rd July 2026,,,,2011,,current_vote,Con,"Q:V006. To what extent do you approve or disapprove of…
 The way Nigel Farage is handling his job as leader of Reform UK",Leader favourability (Farage),farage,Approve,Neither approve nor disapprove,Disapprove,,,,,,,,27.2,27.0,43.1,,,,,,,,VI-2026-07-01-Opinium-Observer-Web-Tables-1704.xlsx,V006 (4)
"2,050 UK adults",1st - 3rd July 2026,,,,2011,,current_vote,Lab,"Q:V006. To what extent do you approve or disapprove of…
 The way Nigel Farage is handling his job as leader of Reform UK",Leader favourability (Farage),farage,Approve,Neither approve nor disapprove,Disapprove,,,,,,,,16.9,18.2,63.1,,,,,,,,VI-2026-07-01-Opinium-Observer-Web-Tables-1704.xlsx,V006 (4)
"2,050 UK adults",1st - 3rd July 2026,,,,2011,,current_vote,Lib Dem,"Q:V006. To what extent do you approve or disapprove of…
 The way Nigel Farage is handling his job as leader of Reform UK",Leader favourability (Farage),farage,Approve,Neither approve nor disapprove,Disapprove,,,,,,,,5.8,13.6,77.5,,,,,,,,VI-2026-07-01-Opinium-Observer-Web-Tables-1704.xlsx,V006 (4)
"2,050 UK adults",1st - 3rd July 2026,,,,2011,,current_vote,Reform,"Q:V006. To what extent do you approve or disapprove of…
 The way Nigel Farage is handling his job as leader of Reform UK",Leader favourability (Farage),farage,Approve,Neither approve nor disapprove,Disapprove,,,,,,,,82.5,10.9,5.3,,,,,,,,VI-2026-07-01-Opinium-Observer-Web-Tables-1704.xlsx,V006 (4)
"2,050 UK adults",1st - 3rd July 2026,,,,2011,,current_vote,Green,"Q:V006. To what extent do you approve or disapprove of…
 The way Nigel Farage is handling his job as leader of Reform UK",Leader favourability (Farage),farage,Approve,Neither approve nor disapprove,Disapprove,,,,,,,,5.7,13.1,76.6,,,,,,,,VI-2026-07-01-Opinium-Observer-Web-Tables-1704.xlsx,V006 (4)
"2,050 UK adults",1st - 3rd July 2026,,,,2011,,historic_vote,Con,"Q:V006. To what extent do you approve or disapprove of…
 The way Nigel Farage is handling his job as leader of Reform UK",Leader favourability (Farage),farage,Approve,Neither approve nor disapprove,Disapprove,,,,,,,,41.8,20.5,35.6,,,,,,,,VI-2026-07-01-Opinium-Observer-Web-Tables-1704.xlsx,V006 (4)
"2,050 UK adults",1st - 3rd July 2026,,,,2011,,historic_vote,Lab,"Q:V006. To what extent do you approve or disapprove of…
 The way Nigel Farage is handling his job as leader of Reform UK",Leader favourability (Farage),farage,Approve,Neither approve nor disapprove,Disapprove,,,,,,,,18.4,15.1,64.0,,,,,,,,VI-2026-07-01-Opinium-Observer-Web-Tables-1704.xlsx,V006 (4)
"2,050 UK adults",1st - 3rd July 2026,,,,2011,,historic_vote,Lib Dems,"Q:V006. To what extent do you approve or disapprove of…
 The way Nigel Farage is handling his job as leader of Reform UK",Leader favourability (Farage),farage,Approve,Neither approve nor disapprove,Disapprove,,,,,,,,8.6,17.8,70.9,,,,,,,,VI-2026-07-01-Opinium-Observer-Web-Tables-1704.xlsx,V006 (4)
"2,050 UK adults",1st - 3rd July 2026,,,,2011,,historic_vote,Reform,"Q:V006. To what extent do you approve or disapprove of…
 The way Nigel Farage is handling his job as leader of Reform UK",Leader favourability (Farage),farage,Approve,Neither approve nor disapprove,Disapprove,,,,,,,,78.5,13.3,6.3,,,,,,,,VI-2026-07-01-Opinium-Observer-Web-Tables-1704.xlsx,V006 (4)
"2,050 UK adults",1st - 3rd July 2026,,,,2011,,historic_vote,Green,"Q:V006. To what extent do you approve or disapprove of…
 The way Nigel Farage is handling his job as leader of Reform UK",Leader favourability (Farage),farage,Approve,Neither approve nor disapprove,Disapprove,,,,,,,,9.4,14.5,71.9,,,,,,,,VI-2026-07-01-Opinium-Observer-Web-Tables-1704.xlsx,V006 (4)
"2,050 UK adults",1st - 3rd July 2026,,,,2011,,historic_vote,Con,"Q:V006. To what extent do you approve or disapprove of…
 The way Nigel Farage is handling his job as leader of Reform UK",Leader favourability (Farage),farage,Approve,Neither approve nor disapprove,Disapprove,,,,,,,,45.8,18.6,33.7,,,,,,,,VI-2026-07-01-Opinium-Observer-Web-Tables-1704.xlsx,V006 (4)
"2,050 UK adults",1st - 3rd July 2026,,,,2011,,historic_vote,Lab,"Q:V006. To what extent do you approve or disapprove of…
 The way Nigel Farage is handling his job as leader of Reform UK",Leader favourability (Farage),farage,Approve,Neither approve nor disapprove,Disapprove,,,,,,,,17.9,16.0,64.2,,,,,,,,VI-2026-07-01-Opinium-Observer-Web-Tables-1704.xlsx,V006 (4)
"2,050 UK adults",1st - 3rd July 2026,,,,2011,,historic_vote,Lib Dem,"Q:V006. To what extent do you approve or disapprove of…
 The way Nigel Farage is handling his job as leader of Reform UK",Leader favourability (Farage),farage,Approve,Neither approve nor disapprove,Disapprove,,,,,,,,9.7,15.9,71.5,,,,,,,,VI-2026-07-01-Opinium-Observer-Web-Tables-1704.xlsx,V006 (4)
"2,050 UK adults",1st - 3rd July 2026,,,,2011,,historic_vote,Remain,"Q:V006. To what extent do you approve or disapprove of…
 The way Nigel Farage is handling his job as leader of Reform UK",Leader favourability (Farage),farage,Approve,Neither approve nor disapprove,Disapprove,,,,,,,,14.3,15.5,67.2,,,,,,,,VI-2026-07-01-Opinium-Observer-Web-Tables-1704.xlsx,V006 (4)
"2,050 UK adults",1st - 3rd July 2026,,,,2011,,historic_vote,Leave,"Q:V006. To what extent do you approve or disapprove of…
 The way Nigel Farage is handling his job as leader of Reform UK",Leader favourability (Farage),farage,Approve,Neither approve nor disapprove,Disapprove,,,,,,,,45.7,19.8,31.1,,,,,,,,VI-2026-07-01-Opinium-Observer-Web-Tables-1704.xlsx,V006 (4)
"2,050 UK adults",1st - 3rd July 2026,,,,2011,,gender,Male,"Q:V006. To what extent do you approve or disapprove of…
 The way Nigel Farage is handling his job as leader of Reform UK",Leader favourability (Farage),farage,Approve,Neither approve nor disapprove,Disapprove,,,,,,,,33.6,17.3,43.9,,,,,,,,VI-2026-07-01-Opinium-Observer-Web-Tables-1704.xlsx,V006 (4)
"2,050 UK adults",1st - 3rd July 2026,,,,2011,,gender,Female,"Q:V006. To what extent do you approve or disapprove of…
 The way Nigel Farage is handling his job as leader of Reform UK",Leader favourability (Farage),farage,Approve,Neither approve nor disapprove,Disapprove,,,,,,,,22.5,18.7,49.4,,,,,,,,VI-2026-07-01-Opinium-Observer-Web-Tables-1704.xlsx,V006 (4)
"2,050 UK adults",1st - 3rd July 2026,,,,2011,,age,18-34,"Q:V006. To what extent do you approve or disapprove of…
 The way Nigel Farage is handling his job as leader of Reform UK",Leader favourability (Farage),farage,Approve,Neither approve nor disapprove,Disapprove,,,,,,,,29.8,21.1,38.3,,,,,,,,VI-2026-07-01-Opinium-Observer-Web-Tables-1704.xlsx,V006 (4)
"2,050 UK adults",1st - 3rd July 2026,,,,2011,,age,35-49,"Q:V006. To what extent do you approve or disapprove of…
 The way Nigel Farage is handling his job as leader of Reform UK",Leader favourability (Farage),farage,Approve,Neither approve nor disapprove,Disapprove,,,,,,,,25.1,16.5,50.1,,,,,,,,VI-2026-07-01-Opinium-Observer-Web-Tables-1704.xlsx,V006 (4)
"2,050 UK adults",1st - 3rd July 2026,,,,2011,,age,50-64,"Q:V006. To what extent do you approve or disapprove of…
 The way Nigel Farage is handling his job as leader of Reform UK",Leader favourability (Farage),farage,Approve,Neither approve nor disapprove,Disapprove,,,,,,,,25.9,16.4,52.5,,,,,,,,VI-2026-07-01-Opinium-Observer-Web-Tables-1704.xlsx,V006 (4)
"2,050 UK adults",1st - 3rd July 2026,,,,2011,,age,65+,"Q:V006. To what extent do you approve or disapprove of…
 The way Nigel Farage is handling his job as leader of Reform UK",Leader favourability (Farage),farage,Approve,Neither approve nor disapprove,Disapprove,,,,,,,,29.8,17.7,46.8,,,,,,,,VI-2026-07-01-Opinium-Observer-Web-Tables-1704.xlsx,V006 (4)
"2,050 UK adults",1st - 3rd July 2026,,,,2011,,region,North,"Q:V006. To what extent do you approve or disapprove of…
 The way Nigel Farage is handling his job as leader of Reform UK",Leader favourability (Farage),farage,Approve,Neither approve nor disapprove,Disapprove,,,,,,,,27.2,19.4,44.0,,,,,,,,VI-2026-07-01-Opinium-Observer-Web-Tables-1704.xlsx,V006 (4)
"2,050 UK adults",1st - 3rd July 2026,,,,2011,,region,Mids,"Q:V006. To what extent do you approve or disapprove of…
 The way Nigel Farage is handling his job as leader of Reform UK",Leader favourability (Farage),farage,Approve,Neither approve nor disapprove,Disapprove,,,,,,,,28.2,19.6,42.0,,,,,,,,VI-2026-07-01-Opinium-Observer-Web-Tables-1704.xlsx,V006 (4)
"2,050 UK adults",1st - 3rd July 2026,,,,2011,,region,London,"Q:V006. To what extent do you approve or disapprove of…
 The way Nigel Farage is handling his job as leader of Reform UK",Leader favourability (Farage),farage,Approve,Neither approve nor disapprove,Disapprove,,,,,,,,30.5,17.7,45.7,,,,,,,,VI-2026-07-01-Opinium-Observer-Web-Tables-1704.xlsx,V006 (4)
"2,050 UK adults",1st - 3rd July 2026,,,,2011,,region,South,"Q:V006. To what extent do you approve or disapprove of…
 The way Nigel Farage is handling his job as leader of Reform UK",Leader favourability (Farage),farage,Approve,Neither approve nor disapprove,Disapprove,,,,,,,,29.4,18.0,47.8,,,,,,,,VI-2026-07-01-Opinium-Observer-Web-Tables-1704.xlsx,V006 (4)
"2,050 UK adults",1st - 3rd July 2026,,,,2011,,region,Wales,"Q:V006. To what extent do you approve or disapprove of…
 The way Nigel Farage is handling his job as leader of Reform UK",Leader favourability (Farage),farage,Approve,Neither approve nor disapprove,Disapprove,,,,,,,,25.8,12.9,48.4,,,,,,,,VI-2026-07-01-Opinium-Observer-Web-Tables-1704.xlsx,V006 (4)
"2,050 UK adults",1st - 3rd July 2026,,,,2011,,region,Scotland,"Q:V006. To what extent do you approve or disapprove of…
 The way Nigel Farage is handling his job as leader of Reform UK",Leader favourability (Farage),farage,Approve,Neither approve nor disapprove,Disapprove,,,,,,,,19.2,14.5,58.7,,,,,,,,VI-2026-07-01-Opinium-Observer-Web-Tables-1704.xlsx,V006 (4)
"2,050 UK adults",1st - 3rd July 2026,,,,2011,,region,Northern Ireland,"Q:V006. To what extent do you approve or disapprove of…
 The way Nigel Farage is handling his job as leader of Reform UK",Leader favourability (Farage),farage,Neither approve nor disapprove,,,,,,,,,,,,,,,,,,,,VI-2026-07-01-Opinium-Observer-Web-Tables-1704.xlsx,V006 (4)
"2,050 UK adults",1st - 3rd July 2026,,,,2011,,total,Total,"Q:V006. To what extent do you approve or disapprove of…
 The way Rachel Reeves is handling her job as Chancellor of the Exchequer",UNMATCHED,,Approve,Neither approve nor disapprove,Disapprove,,,,,,,,14.8,18.9,55.5,,,,,,,,VI-2026-07-01-Opinium-Observer-Web-Tables-1704.xlsx,V006 (5)
"2,050 UK adults",1st - 3rd July 2026,,,,2011,,current_vote,Con,"Q:V006. To what extent do you approve or disapprove of…
 The way Rachel Reeves is handling her job as Chancellor of the Exchequer",UNMATCHED,,Approve,Neither approve nor disapprove,Disapprove,,,,,,,,9.7,14.0,73.1,,,,,,,,VI-2026-07-01-Opinium-Observer-Web-Tables-1704.xlsx,V006 (5)
"2,050 UK adults",1st - 3rd July 2026,,,,2011,,current_vote,Lab,"Q:V006. To what extent do you approve or disapprove of…
 The way Rachel Reeves is handling her job as Chancellor of the Exchequer",UNMATCHED,,Approve,Neither approve nor disapprove,Disapprove,,,,,,,,44.2,25.2,23.9,,,,,,,,VI-2026-07-01-Opinium-Observer-Web-Tables-1704.xlsx,V006 (5)
"2,050 UK adults",1st - 3rd July 2026,,,,2011,,current_vote,Lib Dem,"Q:V006. To what extent do you approve or disapprove of…
 The way Rachel Reeves is handling her job as Chancellor of the Exchequer",UNMATCHED,,Approve,Neither approve nor disapprove,Disapprove,,,,,,,,19.7,23.1,52.0,,,,,,,,VI-2026-07-01-Opinium-Observer-Web-Tables-1704.xlsx,V006 (5)
"2,050 UK adults",1st - 3rd July 2026,,,,2011,,current_vote,Reform,"Q:V006. To what extent do you approve or disapprove of…
 The way Rachel Reeves is handling her job as Chancellor of the Exchequer",UNMATCHED,,Approve,Neither approve nor disapprove,Disapprove,,,,,,,,7.1,9.1,81.5,,,,,,,,VI-2026-07-01-Opinium-Observer-Web-Tables-1704.xlsx,V006 (5)
"2,050 UK adults",1st - 3rd July 2026,,,,2011,,current_vote,Green,"Q:V006. To what extent do you approve or disapprove of…
 The way Rachel Reeves is handling her job as Chancellor of the Exchequer",UNMATCHED,,Approve,Neither approve nor disapprove,Disapprove,,,,,,,,16.8,30.0,37.8,,,,,,,,VI-2026-07-01-Opinium-Observer-Web-Tables-1704.xlsx,V006 (5)
"2,050 UK adults",1st - 3rd July 2026,,,,2011,,historic_vote,Con,"Q:V006. To what extent do you approve or disapprove of…
 The way Rachel Reeves is handling her job as Chancellor of the Exchequer",UNMATCHED,,Approve,Neither approve nor disapprove,Disapprove,,,,,,,,9.1,9.6,78.8,,,,,,,,VI-2026-07-01-Opinium-Observer-Web-Tables-1704.xlsx,V006 (5)
"2,050 UK adults",1st - 3rd July 2026,,,,2011,,historic_vote,Lab,"Q:V006. To what extent do you approve or disapprove of…
 The way Rachel Reeves is handling her job as Chancellor of the Exchequer",UNMATCHED,,Approve,Neither approve nor disapprove,Disapprove,,,,,,,,29.8,21.2,41.6,,,,,,,,VI-2026-07-01-Opinium-Observer-Web-Tables-1704.xlsx,V006 (5)
"2,050 UK adults",1st - 3rd July 2026,,,,2011,,historic_vote,Lib Dems,"Q:V006. To what extent do you approve or disapprove of…
 The way Rachel Reeves is handling her job as Chancellor of the Exchequer",UNMATCHED,,Approve,Neither approve nor disapprove,Disapprove,,,,,,,,16.6,19.6,59.4,,,,,,,,VI-2026-07-01-Opinium-Observer-Web-Tables-1704.xlsx,V006 (5)
"2,050 UK adults",1st - 3rd July 2026,,,,2011,,historic_vote,Reform,"Q:V006. To what extent do you approve or disapprove of…
 The way Rachel Reeves is handling her job as Chancellor of the Exchequer",UNMATCHED,,Approve,Neither approve nor disapprove,Disapprove,,,,,,,,7.8,8.3,80.5,,,,,,,,VI-2026-07-01-Opinium-Observer-Web-Tables-1704.xlsx,V006 (5)
"2,050 UK adults",1st - 3rd July 2026,,,,2011,,historic_vote,Green,"Q:V006. To what extent do you approve or disapprove of…
 The way Rachel Reeves is handling her job as Chancellor of the Exchequer",UNMATCHED,,Approve,Neither approve nor disapprove,Disapprove,,,,,,,,16.7,30.5,47.9,,,,,,,,VI-2026-07-01-Opinium-Observer-Web-Tables-1704.xlsx,V006 (5)
"2,050 UK adults",1st - 3rd July 2026,,,,2011,,historic_vote,Con,"Q:V006. To what extent do you approve or disapprove of…
 The way Rachel Reeves is handling her job as Chancellor of the Exchequer",UNMATCHED,,Approve,Neither approve nor disapprove,Disapprove,,,,,,,,7.2,8.3,81.5,,,,,,,,VI-2026-07-01-Opinium-Observer-Web-Tables-1704.xlsx,V006 (5)
"2,050 UK adults",1st - 3rd July 2026,,,,2011,,historic_vote,Lab,"Q:V006. To what extent do you approve or disapprove of…
 The way Rachel Reeves is handling her job as Chancellor of the Exchequer",UNMATCHED,,Approve,Neither approve nor disapprove,Disapprove,,,,,,,,29.3,19.6,45.0,,,,,,,,VI-2026-07-01-Opinium-Observer-Web-Tables-1704.xlsx,V006 (5)
"2,050 UK adults",1st - 3rd July 2026,,,,2011,,historic_vote,Lib Dem,"Q:V006. To what extent do you approve or disapprove of…
 The way Rachel Reeves is handling her job as Chancellor of the Exchequer",UNMATCHED,,Approve,Neither approve nor disapprove,Disapprove,,,,,,,,22.2,20.4,52.8,,,,,,,,VI-2026-07-01-Opinium-Observer-Web-Tables-1704.xlsx,V006 (5)
"2,050 UK adults",1st - 3rd July 2026,,,,2011,,historic_vote,Remain,"Q:V006. To what extent do you approve or disapprove of…
 The way Rachel Reeves is handling her job as Chancellor of the Exchequer",UNMATCHED,,Approve,Neither approve nor disapprove,Disapprove,,,,,,,,23.6,19.4,52.0,,,,,,,,VI-2026-07-01-Opinium-Observer-Web-Tables-1704.xlsx,V006 (5)
"2,050 UK adults",1st - 3rd July 2026,,,,2011,,historic_vote,Leave,"Q:V006. To what extent do you approve or disapprove of…
 The way Rachel Reeves is handling her job as Chancellor of the Exchequer",UNMATCHED,,Approve,Neither approve nor disapprove,Disapprove,,,,,,,,7.4,9.9,78.8,,,,,,,,VI-2026-07-01-Opinium-Observer-Web-Tables-1704.xlsx,V006 (5)
"2,050 UK adults",1st - 3rd July 2026,,,,2011,,gender,Male,"Q:V006. To what extent do you approve or disapprove of…
 The way Rachel Reeves is handling her job as Chancellor of the Exchequer",UNMATCHED,,Approve,Neither approve nor disapprove,Disapprove,,,,,,,,17.6,19.2,56.4,,,,,,,,VI-2026-07-01-Opinium-Observer-Web-Tables-1704.xlsx,V006 (5)
"2,050 UK adults",1st - 3rd July 2026,,,,2011,,gender,Female,"Q:V006. To what extent do you approve or disapprove of…
 The way Rachel Reeves is handling her job as Chancellor of the Exchequer",UNMATCHED,,Approve,Neither approve nor disapprove,Disapprove,,,,,,,,12.1,18.6,54.7,,,,,,,,VI-2026-07-01-Opinium-Observer-Web-Tables-1704.xlsx,V006 (5)
"2,050 UK adults",1st - 3rd July 2026,,,,2011,,age,18-34,"Q:V006. To what extent do you approve or disapprove of…
 The way Rachel Reeves is handling her job as Chancellor of the Exchequer",UNMATCHED,,Approve,Neither approve nor disapprove,Disapprove,,,,,,,,21.4,26.3,31.8,,,,,,,,VI-2026-07-01-Opinium-Observer-Web-Tables-1704.xlsx,V006 (5)
"2,050 UK adults",1st - 3rd July 2026,,,,2011,,age,35-49,"Q:V006. To what extent do you approve or disapprove of…
 The way Rachel Reeves is handling her job as Chancellor of the Exchequer",UNMATCHED,,Approve,Neither approve nor disapprove,Disapprove,,,,,,,,13.8,21.4,53.6,,,,,,,,VI-2026-07-01-Opinium-Observer-Web-Tables-1704.xlsx,V006 (5)
"2,050 UK adults",1st - 3rd July 2026,,,,2011,,age,50-64,"Q:V006. To what extent do you approve or disapprove of…
 The way Rachel Reeves is handling her job as Chancellor of the Exchequer",UNMATCHED,,Approve,Neither approve nor disapprove,Disapprove,,,,,,,,14.6,15.2,64.3,,,,,,,,VI-2026-07-01-Opinium-Observer-Web-Tables-1704.xlsx,V006 (5)
"2,050 UK adults",1st - 3rd July 2026,,,,2011,,age,65+,"Q:V006. To what extent do you approve or disapprove of…
 The way Rachel Reeves is handling her job as Chancellor of the Exchequer",UNMATCHED,,Approve,Neither approve nor disapprove,Disapprove,,,,,,,,8.2,11.6,75.3,,,,,,,,VI-2026-07-01-Opinium-Observer-Web-Tables-1704.xlsx,V006 (5)
"2,050 UK adults",1st - 3rd July 2026,,,,2011,,region,North,"Q:V006. To what extent do you approve or disapprove of…
 The way Rachel Reeves is handling her job as Chancellor of the Exchequer",UNMATCHED,,Approve,Neither approve nor disapprove,Disapprove,,,,,,,,13.9,19.2,55.4,,,,,,,,VI-2026-07-01-Opinium-Observer-Web-Tables-1704.xlsx,V006 (5)
"2,050 UK adults",1st - 3rd July 2026,,,,2011,,region,Mids,"Q:V006. To what extent do you approve or disapprove of…
 The way Rachel Reeves is handling her job as Chancellor of the Exchequer",UNMATCHED,,Approve,Neither approve nor disapprove,Disapprove,,,,,,,,13.2,18.8,56.8,,,,,,,,VI-2026-07-01-Opinium-Observer-Web-Tables-1704.xlsx,V006 (5)
"2,050 UK adults",1st - 3rd July 2026,,,,2011,,region,London,"Q:V006. To what extent do you approve or disapprove of…
 The way Rachel Reeves is handling her job as Chancellor of the Exchequer",UNMATCHED,,Approve,Neither approve nor disapprove,Disapprove,,,,,,,,19.3,27.2,42.4,,,,,,,,VI-2026-07-01-Opinium-Observer-Web-Tables-1704.xlsx,V006 (5)
"2,050 UK adults",1st - 3rd July 2026,,,,2011,,region,South,"Q:V006. To what extent do you approve or disapprove of…
 The way Rachel Reeves is handling her job as Chancellor of the Exchequer",UNMATCHED,,Approve,Neither approve nor disapprove,Disapprove,,,,,,,,15.3,16.1,59.2,,,,,,,,VI-2026-07-01-Opinium-Observer-Web-Tables-1704.xlsx,V006 (5)
"2,050 UK adults",1st - 3rd July 2026,,,,2011,,region,Wales,"Q:V006. To what extent do you approve or disapprove of…
 The way Rachel Reeves is handling her job as Chancellor of the Exchequer",UNMATCHED,,Approve,Neither approve nor disapprove,Disapprove,,,,,,,,7.2,16.2,58.8,,,,,,,,VI-2026-07-01-Opinium-Observer-Web-Tables-1704.xlsx,V006 (5)
"2,050 UK adults",1st - 3rd July 2026,,,,2011,,region,Scotland,"Q:V006. To what extent do you approve or disapprove of…
 The way Rachel Reeves is handling her job as Chancellor of the Exchequer",UNMATCHED,,Approve,Neither approve nor disapprove,Disapprove,,,,,,,,15.1,17.5,57.6,,,,,,,,VI-2026-07-01-Opinium-Observer-Web-Tables-1704.xlsx,V006 (5)
"2,050 UK adults",1st - 3rd July 2026,,,,2011,,region,Northern Ireland,"Q:V006. To what extent do you approve or disapprove of…
 The way Rachel Reeves is handling her job as Chancellor of the Exchequer",UNMATCHED,,Neither approve nor disapprove,,,,,,,,,,,,,,,,,,,,VI-2026-07-01-Opinium-Observer-Web-Tables-1704.xlsx,V006 (5)
"2,050 UK adults",1st - 3rd July 2026,,,,2011,,total,Total,"Q:V006. To what extent do you approve or disapprove of…
 The way Zack Polanski is handling his job as leader of the Green Party of England and Wales",Leader favourability (Polanski),polanski,Approve,Neither approve nor disapprove,Disapprove,,,,,,,,21.6,23.9,38.5,,,,,,,,VI-2026-07-01-Opinium-Observer-Web-Tables-1704.xlsx,V006 (6)
"2,050 UK adults",1st - 3rd July 2026,,,,2011,,current_vote,Con,"Q:V006. To what extent do you approve or disapprove of…
 The way Zack Polanski is handling his job as leader of the Green Party of England and Wales",Leader favourability (Polanski),polanski,Approve,Neither approve nor disapprove,Disapprove,,,,,,,,12.4,17.2,57.6,,,,,,,,VI-2026-07-01-Opinium-Observer-Web-Tables-1704.xlsx,V006 (6)
"2,050 UK adults",1st - 3rd July 2026,,,,2011,,current_vote,Lab,"Q:V006. To what extent do you approve or disapprove of…
 The way Zack Polanski is handling his job as leader of the Green Party of England and Wales",Leader favourability (Polanski),polanski,Approve,Neither approve nor disapprove,Disapprove,,,,,,,,30.6,36.5,24.6,,,,,,,,VI-2026-07-01-Opinium-Observer-Web-Tables-1704.xlsx,V006 (6)
"2,050 UK adults",1st - 3rd July 2026,,,,2011,,current_vote,Lib Dem,"Q:V006. To what extent do you approve or disapprove of…
 The way Zack Polanski is handling his job as leader of the Green Party of England and Wales",Leader favourability (Polanski),polanski,Approve,Neither approve nor disapprove,Disapprove,,,,,,,,22.5,38.3,28.3,,,,,,,,VI-2026-07-01-Opinium-Observer-Web-Tables-1704.xlsx,V006 (6)
"2,050 UK adults",1st - 3rd July 2026,,,,2011,,current_vote,Reform,"Q:V006. To what extent do you approve or disapprove of…
 The way Zack Polanski is handling his job as leader of the Green Party of England and Wales",Leader favourability (Polanski),polanski,Approve,Neither approve nor disapprove,Disapprove,,,,,,,,9.4,18.4,62.9,,,,,,,,VI-2026-07-01-Opinium-Observer-Web-Tables-1704.xlsx,V006 (6)
"2,050 UK adults",1st - 3rd July 2026,,,,2011,,current_vote,Green,"Q:V006. To what extent do you approve or disapprove of…
 The way Zack Polanski is handling his job as leader of the Green Party of England and Wales",Leader favourability (Polanski),polanski,Approve,Neither approve nor disapprove,Disapprove,,,,,,,,76.1,12.1,6.2,,,,,,,,VI-2026-07-01-Opinium-Observer-Web-Tables-1704.xlsx,V006 (6)
"2,050 UK adults",1st - 3rd July 2026,,,,2011,,historic_vote,Con,"Q:V006. To what extent do you approve or disapprove of…
 The way Zack Polanski is handling his job as leader of the Green Party of England and Wales",Leader favourability (Polanski),polanski,Approve,Neither approve nor disapprove,Disapprove,,,,,,,,11.5,15.5,60.9,,,,,,,,VI-2026-07-01-Opinium-Observer-Web-Tables-1704.xlsx,V006 (6)
"2,050 UK adults",1st - 3rd July 2026,,,,2011,,historic_vote,Lab,"Q:V006. To what extent do you approve or disapprove of…
 The way Zack Polanski is handling his job as leader of the Green Party of England and Wales",Leader favourability (Polanski),polanski,Approve,Neither approve nor disapprove,Disapprove,,,,,,,,30.2,29.0,29.8,,,,,,,,VI-2026-07-01-Opinium-Observer-Web-Tables-1704.xlsx,V006 (6)
"2,050 UK adults",1st - 3rd July 2026,,,,2011,,historic_vote,Lib Dems,"Q:V006. To what extent do you approve or disapprove of…
 The way Zack Polanski is handling his job as leader of the Green Party of England and Wales",Leader favourability (Polanski),polanski,Approve,Neither approve nor disapprove,Disapprove,,,,,,,,24.6,34.4,29.7,,,,,,,,VI-2026-07-01-Opinium-Observer-Web-Tables-1704.xlsx,V006 (6)
"2,050 UK adults",1st - 3rd July 2026,,,,2011,,historic_vote,Reform,"Q:V006. To what extent do you approve or disapprove of…
 The way Zack Polanski is handling his job as leader of the Green Party of England and Wales",Leader favourability (Polanski),polanski,Approve,Neither approve nor disapprove,Disapprove,,,,,,,,8.8,12.5,71.2,,,,,,,,VI-2026-07-01-Opinium-Observer-Web-Tables-1704.xlsx,V006 (6)
"2,050 UK adults",1st - 3rd July 2026,,,,2011,,historic_vote,Green,"Q:V006. To what extent do you approve or disapprove of…
 The way Zack Polanski is handling his job as leader of the Green Party of England and Wales",Leader favourability (Polanski),polanski,Approve,Neither approve nor disapprove,Disapprove,,,,,,,,61.5,20.7,13.5,,,,,,,,VI-2026-07-01-Opinium-Observer-Web-Tables-1704.xlsx,V006 (6)
"2,050 UK adults",1st - 3rd July 2026,,,,2011,,historic_vote,Con,"Q:V006. To what extent do you approve or disapprove of…
 The way Zack Polanski is handling his job as leader of the Green Party of England and Wales",Leader favourability (Polanski),polanski,Approve,Neither approve nor disapprove,Disapprove,,,,,,,,8.6,17.9,61.4,,,,,,,,VI-2026-07-01-Opinium-Observer-Web-Tables-1704.xlsx,V006 (6)
"2,050 UK adults",1st - 3rd July 2026,,,,2011,,historic_vote,Lab,"Q:V006. To what extent do you approve or disapprove of…
 The way Zack Polanski is handling his job as leader of the Green Party of England and Wales",Leader favourability (Polanski),polanski,Approve,Neither approve nor disapprove,Disapprove,,,,,,,,33.7,28.0,29.1,,,,,,,,VI-2026-07-01-Opinium-Observer-Web-Tables-1704.xlsx,V006 (6)
"2,050 UK adults",1st - 3rd July 2026,,,,2011,,historic_vote,Lib Dem,"Q:V006. To what extent do you approve or disapprove of…
 The way Zack Polanski is handling his job as leader of the Green Party of England and Wales",Leader favourability (Polanski),polanski,Approve,Neither approve nor disapprove,Disapprove,,,,,,,,24.3,30.3,31.9,,,,,,,,VI-2026-07-01-Opinium-Observer-Web-Tables-1704.xlsx,V006 (6)
"2,050 UK adults",1st - 3rd July 2026,,,,2011,,historic_vote,Remain,"Q:V006. To what extent do you approve or disapprove of…
 The way Zack Polanski is handling his job as leader of the Green Party of England and Wales",Leader favourability (Polanski),polanski,Approve,Neither approve nor disapprove,Disapprove,,,,,,,,28.1,26.8,33.3,,,,,,,,VI-2026-07-01-Opinium-Observer-Web-Tables-1704.xlsx,V006 (6)
"2,050 UK adults",1st - 3rd July 2026,,,,2011,,historic_vote,Leave,"Q:V006. To what extent do you approve or disapprove of…
 The way Zack Polanski is handling his job as leader of the Green Party of England and Wales",Leader favourability (Polanski),polanski,Approve,Neither approve nor disapprove,Disapprove,,,,,,,,11.2,17.5,58.2,,,,,,,,VI-2026-07-01-Opinium-Observer-Web-Tables-1704.xlsx,V006 (6)
"2,050 UK adults",1st - 3rd July 2026,,,,2011,,gender,Male,"Q:V006. To what extent do you approve or disapprove of…
 The way Zack Polanski is handling his job as leader of the Green Party of England and Wales",Leader favourability (Polanski),polanski,Approve,Neither approve nor disapprove,Disapprove,,,,,,,,22.9,22.6,44.4,,,,,,,,VI-2026-07-01-Opinium-Observer-Web-Tables-1704.xlsx,V006 (6)
"2,050 UK adults",1st - 3rd July 2026,,,,2011,,gender,Female,"Q:V006. To what extent do you approve or disapprove of…
 The way Zack Polanski is handling his job as leader of the Green Party of England and Wales",Leader favourability (Polanski),polanski,Approve,Neither approve nor disapprove,Disapprove,,,,,,,,20.3,25.2,33.1,,,,,,,,VI-2026-07-01-Opinium-Observer-Web-Tables-1704.xlsx,V006 (6)
"2,050 UK adults",1st - 3rd July 2026,,,,2011,,age,18-34,"Q:V006. To what extent do you approve or disapprove of…
 The way Zack Polanski is handling his job as leader of the Green Party of England and Wales",Leader favourability (Polanski),polanski,Approve,Neither approve nor disapprove,Disapprove,,,,,,,,34.3,27.0,21.8,,,,,,,,VI-2026-07-01-Opinium-Observer-Web-Tables-1704.xlsx,V006 (6)
"2,050 UK adults",1st - 3rd July 2026,,,,2011,,age,35-49,"Q:V006. To what extent do you approve or disapprove of…
 The way Zack Polanski is handling his job as leader of the Green Party of England and Wales",Leader favourability (Polanski),polanski,Approve,Neither approve nor disapprove,Disapprove,,,,,,,,24.7,22.3,37.5,,,,,,,,VI-2026-07-01-Opinium-Observer-Web-Tables-1704.xlsx,V006 (6)
"2,050 UK adults",1st - 3rd July 2026,,,,2011,,age,50-64,"Q:V006. To what extent do you approve or disapprove of…
 The way Zack Polanski is handling his job as leader of the Green Party of England and Wales",Leader favourability (Polanski),polanski,Approve,Neither approve nor disapprove,Disapprove,,,,,,,,17.0,24.2,43.3,,,,,,,,VI-2026-07-01-Opinium-Observer-Web-Tables-1704.xlsx,V006 (6)
"2,050 UK adults",1st - 3rd July 2026,,,,2011,,age,65+,"Q:V006. To what extent do you approve or disapprove of…
 The way Zack Polanski is handling his job as leader of the Green Party of England and Wales",Leader favourability (Polanski),polanski,Approve,Neither approve nor disapprove,Disapprove,,,,,,,,8.4,21.6,53.7,,,,,,,,VI-2026-07-01-Opinium-Observer-Web-Tables-1704.xlsx,V006 (6)
"2,050 UK adults",1st - 3rd July 2026,,,,2011,,region,North,"Q:V006. To what extent do you approve or disapprove of…
 The way Zack Polanski is handling his job as leader of the Green Party of England and Wales",Leader favourability (Polanski),polanski,Approve,Neither approve nor disapprove,Disapprove,,,,,,,,21.2,22.3,37.5,,,,,,,,VI-2026-07-01-Opinium-Observer-Web-Tables-1704.xlsx,V006 (6)
"2,050 UK adults",1st - 3rd July 2026,,,,2011,,region,Mids,"Q:V006. To what extent do you approve or disapprove of…
 The way Zack Polanski is handling his job as leader of the Green Party of England and Wales",Leader favourability (Polanski),polanski,Approve,Neither approve nor disapprove,Disapprove,,,,,,,,19.2,22.8,41.7,,,,,,,,VI-2026-07-01-Opinium-Observer-Web-Tables-1704.xlsx,V006 (6)
"2,050 UK adults",1st - 3rd July 2026,,,,2011,,region,London,"Q:V006. To what extent do you approve or disapprove of…
 The way Zack Polanski is handling his job as leader of the Green Party of England and Wales",Leader favourability (Polanski),polanski,Approve,Neither approve nor disapprove,Disapprove,,,,,,,,25.7,22.0,38.3,,,,,,,,VI-2026-07-01-Opinium-Observer-Web-Tables-1704.xlsx,V006 (6)
"2,050 UK adults",1st - 3rd July 2026,,,,2011,,region,South,"Q:V006. To what extent do you approve or disapprove of…
 The way Zack Polanski is handling his job as leader of the Green Party of England and Wales",Leader favourability (Polanski),polanski,Approve,Neither approve nor disapprove,Disapprove,,,,,,,,20.6,27.2,38.4,,,,,,,,VI-2026-07-01-Opinium-Observer-Web-Tables-1704.xlsx,V006 (6)
"2,050 UK adults",1st - 3rd July 2026,,,,2011,,region,Wales,"Q:V006. To what extent do you approve or disapprove of…
 The way Zack Polanski is handling his job as leader of the Green Party of England and Wales",Leader favourability (Polanski),polanski,Approve,Neither approve nor disapprove,Disapprove,,,,,,,,23.7,21.6,37.1,,,,,,,,VI-2026-07-01-Opinium-Observer-Web-Tables-1704.xlsx,V006 (6)
"2,050 UK adults",1st - 3rd July 2026,,,,2011,,region,Scotland,"Q:V006. To what extent do you approve or disapprove of…
 The way Zack Polanski is handling his job as leader of the Green Party of England and Wales",Leader favourability (Polanski),polanski,Approve,Neither approve nor disapprove,Disapprove,,,,,,,,22.7,22.2,37.2,,,,,,,,VI-2026-07-01-Opinium-Observer-Web-Tables-1704.xlsx,V006 (6)
"2,050 UK adults",1st - 3rd July 2026,,,,2011,,region,Northern Ireland,"Q:V006. To what extent do you approve or disapprove of…
 The way Zack Polanski is handling his job as leader of the Green Party of England and Wales",Leader favourability (Polanski),polanski,Neither approve nor disapprove,,,,,,,,,,,,,,,,,,,,VI-2026-07-01-Opinium-Observer-Web-Tables-1704.xlsx,V006 (6)
"2,050 UK adults",1st - 3rd July 2026,,,,2011,,total,Total,"Q:V006. To what extent do you approve or disapprove of…
 Andy Burnham",Leader favourability (Burnham),burnham,Approve,Neither approve nor disapprove,Disapprove,,,,,,,,23.5,30.0,30.6,,,,,,,,VI-2026-07-01-Opinium-Observer-Web-Tables-1704.xlsx,V006 (7)
"2,050 UK adults",1st - 3rd July 2026,,,,2011,,current_vote,Con,"Q:V006. To what extent do you approve or disapprove of…
 Andy Burnham",Leader favourability (Burnham),burnham,Approve,Neither approve nor disapprove,Disapprove,,,,,,,,15.5,30.8,44.5,,,,,,,,VI-2026-07-01-Opinium-Observer-Web-Tables-1704.xlsx,V006 (7)
"2,050 UK adults",1st - 3rd July 2026,,,,2011,,current_vote,Lab,"Q:V006. To what extent do you approve or disapprove of…
 Andy Burnham",Leader favourability (Burnham),burnham,Approve,Neither approve nor disapprove,Disapprove,,,,,,,,53.8,30.7,7.3,,,,,,,,VI-2026-07-01-Opinium-Observer-Web-Tables-1704.xlsx,V006 (7)
"2,050 UK adults",1st - 3rd July 2026,,,,2011,,current_vote,Lib Dem,"Q:V006. To what extent do you approve or disapprove of…
 Andy Burnham",Leader favourability (Burnham),burnham,Approve,Neither approve nor disapprove,Disapprove,,,,,,,,28.9,39.2,23.1,,,,,,,,VI-2026-07-01-Opinium-Observer-Web-Tables-1704.xlsx,V006 (7)
"2,050 UK adults",1st - 3rd July 2026,,,,2011,,current_vote,Reform,"Q:V006. To what extent do you approve or disapprove of…
 Andy Burnham",Leader favourability (Burnham),burnham,Approve,Neither approve nor disapprove,Disapprove,,,,,,,,10.2,26.1,54.6,,,,,,,,VI-2026-07-01-Opinium-Observer-Web-Tables-1704.xlsx,V006 (7)
"2,050 UK adults",1st - 3rd July 2026,,,,2011,,current_vote,Green,"Q:V006. To what extent do you approve or disapprove of…
 Andy Burnham",Leader favourability (Burnham),burnham,Approve,Neither approve nor disapprove,Disapprove,,,,,,,,32.1,35.4,17.7,,,,,,,,VI-2026-07-01-Opinium-Observer-Web-Tables-1704.xlsx,V006 (7)
"2,050 UK adults",1st - 3rd July 2026,,,,2011,,historic_vote,Con,"Q:V006. To what extent do you approve or disapprove of…
 Andy Burnham",Leader favourability (Burnham),burnham,Approve,Neither approve nor disapprove,Disapprove,,,,,,,,13.5,27.2,50.3,,,,,,,,VI-2026-07-01-Opinium-Observer-Web-Tables-1704.xlsx,V006 (7)
"2,050 UK adults",1st - 3rd July 2026,,,,2011,,historic_vote,Lab,"Q:V006. To what extent do you approve or disapprove of…
 Andy Burnham",Leader favourability (Burnham),burnham,Approve,Neither approve nor disapprove,Disapprove,,,,,,,,43.5,30.3,15.3,,,,,,,,VI-2026-07-01-Opinium-Observer-Web-Tables-1704.xlsx,V006 (7)
"2,050 UK adults",1st - 3rd July 2026,,,,2011,,historic_vote,Lib Dems,"Q:V006. To what extent do you approve or disapprove of…
 Andy Burnham",Leader favourability (Burnham),burnham,Approve,Neither approve nor disapprove,Disapprove,,,,,,,,29.7,36.0,25.1,,,,,,,,VI-2026-07-01-Opinium-Observer-Web-Tables-1704.xlsx,V006 (7)
"2,050 UK adults",1st - 3rd July 2026,,,,2011,,historic_vote,Reform,"Q:V006. To what extent do you approve or disapprove of…
 Andy Burnham",Leader favourability (Burnham),burnham,Approve,Neither approve nor disapprove,Disapprove,,,,,,,,10.2,23.8,57.1,,,,,,,,VI-2026-07-01-Opinium-Observer-Web-Tables-1704.xlsx,V006 (7)
"2,050 UK adults",1st - 3rd July 2026,,,,2011,,historic_vote,Green,"Q:V006. To what extent do you approve or disapprove of…
 Andy Burnham",Leader favourability (Burnham),burnham,Approve,Neither approve nor disapprove,Disapprove,,,,,,,,22.9,42.2,18.8,,,,,,,,VI-2026-07-01-Opinium-Observer-Web-Tables-1704.xlsx,V006 (7)
"2,050 UK adults",1st - 3rd July 2026,,,,2011,,historic_vote,Con,"Q:V006. To what extent do you approve or disapprove of…
 Andy Burnham",Leader favourability (Burnham),burnham,Approve,Neither approve nor disapprove,Disapprove,,,,,,,,14.5,28.4,46.7,,,,,,,,VI-2026-07-01-Opinium-Observer-Web-Tables-1704.xlsx,V006 (7)
"2,050 UK adults",1st - 3rd July 2026,,,,2011,,historic_vote,Lab,"Q:V006. To what extent do you approve or disapprove of…
 Andy Burnham",Leader favourability (Burnham),burnham,Approve,Neither approve nor disapprove,Disapprove,,,,,,,,43.6,29.6,16.7,,,,,,,,VI-2026-07-01-Opinium-Observer-Web-Tables-1704.xlsx,V006 (7)
"2,050 UK adults",1st - 3rd July 2026,,,,2011,,historic_vote,Lib Dem,"Q:V006. To what extent do you approve or disapprove of…
 Andy Burnham",Leader favourability (Burnham),burnham,Approve,Neither approve nor disapprove,Disapprove,,,,,,,,29.9,33.1,26.4,,,,,,,,VI-2026-07-01-Opinium-Observer-Web-Tables-1704.xlsx,V006 (7)
"2,050 UK adults",1st - 3rd July 2026,,,,2011,,historic_vote,Remain,"Q:V006. To what extent do you approve or disapprove of…
 Andy Burnham",Leader favourability (Burnham),burnham,Approve,Neither approve nor disapprove,Disapprove,,,,,,,,35.1,33.2,22.0,,,,,,,,VI-2026-07-01-Opinium-Observer-Web-Tables-1704.xlsx,V006 (7)
"2,050 UK adults",1st - 3rd July 2026,,,,2011,,historic_vote,Leave,"Q:V006. To what extent do you approve or disapprove of…
 Andy Burnham",Leader favourability (Burnham),burnham,Approve,Neither approve nor disapprove,Disapprove,,,,,,,,16.1,26.2,46.2,,,,,,,,VI-2026-07-01-Opinium-Observer-Web-Tables-1704.xlsx,V006 (7)
"2,050 UK adults",1st - 3rd July 2026,,,,2011,,gender,Male,"Q:V006. To what extent do you approve or disapprove of…
 Andy Burnham",Leader favourability (Burnham),burnham,Approve,Neither approve nor disapprove,Disapprove,,,,,,,,24.0,30.6,33.3,,,,,,,,VI-2026-07-01-Opinium-Observer-Web-Tables-1704.xlsx,V006 (7)
"2,050 UK adults",1st - 3rd July 2026,,,,2011,,gender,Female,"Q:V006. To what extent do you approve or disapprove of…
 Andy Burnham",Leader favourability (Burnham),burnham,Approve,Neither approve nor disapprove,Disapprove,,,,,,,,23.1,29.4,28.2,,,,,,,,VI-2026-07-01-Opinium-Observer-Web-Tables-1704.xlsx,V006 (7)
"2,050 UK adults",1st - 3rd July 2026,,,,2011,,age,18-34,"Q:V006. To what extent do you approve or disapprove of…
 Andy Burnham",Leader favourability (Burnham),burnham,Approve,Neither approve nor disapprove,Disapprove,,,,,,,,26.5,30.5,23.1,,,,,,,,VI-2026-07-01-Opinium-Observer-Web-Tables-1704.xlsx,V006 (7)
"2,050 UK adults",1st - 3rd July 2026,,,,2011,,age,35-49,"Q:V006. To what extent do you approve or disapprove of…
 Andy Burnham",Leader favourability (Burnham),burnham,Approve,Neither approve nor disapprove,Disapprove,,,,,,,,25.1,32.3,26.8,,,,,,,,VI-2026-07-01-Opinium-Observer-Web-Tables-1704.xlsx,V006 (7)
"2,050 UK adults",1st - 3rd July 2026,,,,2011,,age,50-64,"Q:V006. To what extent do you approve or disapprove of…
 Andy Burnham",Leader favourability (Burnham),burnham,Approve,Neither approve nor disapprove,Disapprove,,,,,,,,23.1,29.4,34.1,,,,,,,,VI-2026-07-01-Opinium-Observer-Web-Tables-1704.xlsx,V006 (7)
"2,050 UK adults",1st - 3rd July 2026,,,,2011,,age,65+,"Q:V006. To what extent do you approve or disapprove of…
 Andy Burnham",Leader favourability (Burnham),burnham,Approve,Neither approve nor disapprove,Disapprove,,,,,,,,18.7,27.5,39.4,,,,,,,,VI-2026-07-01-Opinium-Observer-Web-Tables-1704.xlsx,V006 (7)
"2,050 UK adults",1st - 3rd July 2026,,,,2011,,region,North,"Q:V006. To what extent do you approve or disapprove of…
 Andy Burnham",Leader favourability (Burnham),burnham,Approve,Neither approve nor disapprove,Disapprove,,,,,,,,28.6,30.1,25.3,,,,,,,,VI-2026-07-01-Opinium-Observer-Web-Tables-1704.xlsx,V006 (7)
"2,050 UK adults",1st - 3rd July 2026,,,,2011,,region,Mids,"Q:V006. To what extent do you approve or disapprove of…
 Andy Burnham",Leader favourability (Burnham),burnham,Approve,Neither approve nor disapprove,Disapprove,,,,,,,,23.4,27.6,34.8,,,,,,,,VI-2026-07-01-Opinium-Observer-Web-Tables-1704.xlsx,V006 (7)
"2,050 UK adults",1st - 3rd July 2026,,,,2011,,region,London,"Q:V006. To what extent do you approve or disapprove of…
 Andy Burnham",Leader favourability (Burnham),burnham,Approve,Neither approve nor disapprove,Disapprove,,,,,,,,25.3,32.7,26.8,,,,,,,,VI-2026-07-01-Opinium-Observer-Web-Tables-1704.xlsx,V006 (7)
"2,050 UK adults",1st - 3rd July 2026,,,,2011,,region,South,"Q:V006. To what extent do you approve or disapprove of…
 Andy Burnham",Leader favourability (Burnham),burnham,Approve,Neither approve nor disapprove,Disapprove,,,,,,,,20.8,28.9,35.2,,,,,,,,VI-2026-07-01-Opinium-Observer-Web-Tables-1704.xlsx,V006 (7)
"2,050 UK adults",1st - 3rd July 2026,,,,2011,,region,Wales,"Q:V006. To what extent do you approve or disapprove of…
 Andy Burnham",Leader favourability (Burnham),burnham,Approve,Neither approve nor disapprove,Disapprove,,,,,,,,22.7,31.3,24.7,,,,,,,,VI-2026-07-01-Opinium-Observer-Web-Tables-1704.xlsx,V006 (7)
"2,050 UK adults",1st - 3rd July 2026,,,,2011,,region,Scotland,"Q:V006. To what extent do you approve or disapprove of…
 Andy Burnham",Leader favourability (Burnham),burnham,Approve,Neither approve nor disapprove,Disapprove,,,,,,,,17.4,33.2,29.6,,,,,,,,VI-2026-07-01-Opinium-Observer-Web-Tables-1704.xlsx,V006 (7)
"2,050 UK adults",1st - 3rd July 2026,,,,2011,,region,Northern Ireland,"Q:V006. To what extent do you approve or disapprove of…
 Andy Burnham",Leader favourability (Burnham),burnham,Neither approve nor disapprove,,,,,,,,,,,,,,,,,,,,VI-2026-07-01-Opinium-Observer-Web-Tables-1704.xlsx,V006 (7)
"2,050 UK adults",1st - 3rd July 2026,,,,2011,,total,Total,"Q:V007. Which, if any, of the following people do you think would be the best prime minister?",Preferred Prime Minister,best prime minister,Kemi Badenoch,Keir Starmer,,,,,,,,,23.7,20.1,,,,,,,,,VI-2026-07-01-Opinium-Observer-Web-Tables-1704.xlsx,V007
"2,050 UK adults",1st - 3rd July 2026,,,,2011,,current_vote,Con,"Q:V007. Which, if any, of the following people do you think would be the best prime minister?",Preferred Prime Minister,best prime minister,Kemi Badenoch,Keir Starmer,,,,,,,,,70.4,6.2,,,,,,,,,VI-2026-07-01-Opinium-Observer-Web-Tables-1704.xlsx,V007
"2,050 UK adults",1st - 3rd July 2026,,,,2011,,current_vote,Lab,"Q:V007. Which, if any, of the following people do you think would be the best prime minister?",Preferred Prime Minister,best prime minister,Kemi Badenoch,Keir Starmer,,,,,,,,,8.3,65.5,,,,,,,,,VI-2026-07-01-Opinium-Observer-Web-Tables-1704.xlsx,V007
"2,050 UK adults",1st - 3rd July 2026,,,,2011,,current_vote,Lib Dem,"Q:V007. Which, if any, of the following people do you think would be the best prime minister?",Preferred Prime Minister,best prime minister,Kemi Badenoch,Keir Starmer,,,,,,,,,11.5,28.0,,,,,,,,,VI-2026-07-01-Opinium-Observer-Web-Tables-1704.xlsx,V007
"2,050 UK adults",1st - 3rd July 2026,,,,2011,,current_vote,Reform,"Q:V007. Which, if any, of the following people do you think would be the best prime minister?",Preferred Prime Minister,best prime minister,Kemi Badenoch,Keir Starmer,,,,,,,,,34.0,5.0,,,,,,,,,VI-2026-07-01-Opinium-Observer-Web-Tables-1704.xlsx,V007
"2,050 UK adults",1st - 3rd July 2026,,,,2011,,current_vote,Green,"Q:V007. Which, if any, of the following people do you think would be the best prime minister?",Preferred Prime Minister,best prime minister,Kemi Badenoch,Keir Starmer,,,,,,,,,7.2,24.4,,,,,,,,,VI-2026-07-01-Opinium-Observer-Web-Tables-1704.xlsx,V007
"2,050 UK adults",1st - 3rd July 2026,,,,2011,,historic_vote,Con,"Q:V007. Which, if any, of the following people do you think would be the best prime minister?",Preferred Prime Minister,best prime minister,Kemi Badenoch,Keir Starmer,,,,,,,,,61.1,4.7,,,,,,,,,VI-2026-07-01-Opinium-Observer-Web-Tables-1704.xlsx,V007
"2,050 UK adults",1st - 3rd July 2026,,,,2011,,historic_vote,Lab,"Q:V007. Which, if any, of the following people do you think would be the best prime minister?",Preferred Prime Minister,best prime minister,Kemi Badenoch,Keir Starmer,,,,,,,,,12.0,45.9,,,,,,,,,VI-2026-07-01-Opinium-Observer-Web-Tables-1704.xlsx,V007
"2,050 UK adults",1st - 3rd July 2026,,,,2011,,historic_vote,Lib Dems,"Q:V007. Which, if any, of the following people do you think would be the best prime minister?",Preferred Prime Minister,best prime minister,Kemi Badenoch,Keir Starmer,,,,,,,,,16.9,27.7,,,,,,,,,VI-2026-07-01-Opinium-Observer-Web-Tables-1704.xlsx,V007
"2,050 UK adults",1st - 3rd July 2026,,,,2011,,historic_vote,Reform,"Q:V007. Which, if any, of the following people do you think would be the best prime minister?",Preferred Prime Minister,best prime minister,Kemi Badenoch,Keir Starmer,,,,,,,,,37.4,3.4,,,,,,,,,VI-2026-07-01-Opinium-Observer-Web-Tables-1704.xlsx,V007
"2,050 UK adults",1st - 3rd July 2026,,,,2011,,historic_vote,Green,"Q:V007. Which, if any, of the following people do you think would be the best prime minister?",Preferred Prime Minister,best prime minister,Kemi Badenoch,Keir Starmer,,,,,,,,,12.9,23.2,,,,,,,,,VI-2026-07-01-Opinium-Observer-Web-Tables-1704.xlsx,V007
"2,050 UK adults",1st - 3rd July 2026,,,,2011,,historic_vote,Con,"Q:V007. Which, if any, of the following people do you think would be the best prime minister?",Preferred Prime Minister,best prime minister,Kemi Badenoch,Keir Starmer,,,,,,,,,52.1,6.1,,,,,,,,,VI-2026-07-01-Opinium-Observer-Web-Tables-1704.xlsx,V007
"2,050 UK adults",1st - 3rd July 2026,,,,2011,,historic_vote,Lab,"Q:V007. Which, if any, of the following people do you think would be the best prime minister?",Preferred Prime Minister,best prime minister,Kemi Badenoch,Keir Starmer,,,,,,,,,8.5,45.5,,,,,,,,,VI-2026-07-01-Opinium-Observer-Web-Tables-1704.xlsx,V007
"2,050 UK adults",1st - 3rd July 2026,,,,2011,,historic_vote,Lib Dem,"Q:V007. Which, if any, of the following people do you think would be the best prime minister?",Preferred Prime Minister,best prime minister,Kemi Badenoch,Keir Starmer,,,,,,,,,11.6,32.7,,,,,,,,,VI-2026-07-01-Opinium-Observer-Web-Tables-1704.xlsx,V007
"2,050 UK adults",1st - 3rd July 2026,,,,2011,,historic_vote,Remain,"Q:V007. Which, if any, of the following people do you think would be the best prime minister?",Preferred Prime Minister,best prime minister,Kemi Badenoch,Keir Starmer,,,,,,,,,17.1,33.1,,,,,,,,,VI-2026-07-01-Opinium-Observer-Web-Tables-1704.xlsx,V007
"2,050 UK adults",1st - 3rd July 2026,,,,2011,,historic_vote,Leave,"Q:V007. Which, if any, of the following people do you think would be the best prime minister?",Preferred Prime Minister,best prime minister,Kemi Badenoch,Keir Starmer,,,,,,,,,38.5,9.9,,,,,,,,,VI-2026-07-01-Opinium-Observer-Web-Tables-1704.xlsx,V007
"2,050 UK adults",1st - 3rd July 2026,,,,2011,,gender,Male,"Q:V007. Which, if any, of the following people do you think would be the best prime minister?",Preferred Prime Minister,best prime minister,Kemi Badenoch,Keir Starmer,,,,,,,,,25.0,21.2,,,,,,,,,VI-2026-07-01-Opinium-Observer-Web-Tables-1704.xlsx,V007
"2,050 UK adults",1st - 3rd July 2026,,,,2011,,gender,Female,"Q:V007. Which, if any, of the following people do you think would be the best prime minister?",Preferred Prime Minister,best prime minister,Kemi Badenoch,Keir Starmer,,,,,,,,,22.7,19.2,,,,,,,,,VI-2026-07-01-Opinium-Observer-Web-Tables-1704.xlsx,V007
"2,050 UK adults",1st - 3rd July 2026,,,,2011,,age,18-34,"Q:V007. Which, if any, of the following people do you think would be the best prime minister?",Preferred Prime Minister,best prime minister,Kemi Badenoch,Keir Starmer,,,,,,,,,19.1,21.9,,,,,,,,,VI-2026-07-01-Opinium-Observer-Web-Tables-1704.xlsx,V007
"2,050 UK adults",1st - 3rd July 2026,,,,2011,,age,35-49,"Q:V007. Which, if any, of the following people do you think would be the best prime minister?",Preferred Prime Minister,best prime minister,Kemi Badenoch,Keir Starmer,,,,,,,,,20.4,23.4,,,,,,,,,VI-2026-07-01-Opinium-Observer-Web-Tables-1704.xlsx,V007
"2,050 UK adults",1st - 3rd July 2026,,,,2011,,age,50-64,"Q:V007. Which, if any, of the following people do you think would be the best prime minister?",Preferred Prime Minister,best prime minister,Kemi Badenoch,Keir Starmer,,,,,,,,,24.0,21.9,,,,,,,,,VI-2026-07-01-Opinium-Observer-Web-Tables-1704.xlsx,V007
"2,050 UK adults",1st - 3rd July 2026,,,,2011,,age,65+,"Q:V007. Which, if any, of the following people do you think would be the best prime minister?",Preferred Prime Minister,best prime minister,Kemi Badenoch,Keir Starmer,,,,,,,,,32.1,12.8,,,,,,,,,VI-2026-07-01-Opinium-Observer-Web-Tables-1704.xlsx,V007
"2,050 UK adults",1st - 3rd July 2026,,,,2011,,region,North,"Q:V007. Which, if any, of the following people do you think would be the best prime minister?",Preferred Prime Minister,best prime minister,Kemi Badenoch,Keir Starmer,,,,,,,,,22.7,18.4,,,,,,,,,VI-2026-07-01-Opinium-Observer-Web-Tables-1704.xlsx,V007
"2,050 UK adults",1st - 3rd July 2026,,,,2011,,region,Mids,"Q:V007. Which, if any, of the following people do you think would be the best prime minister?",Preferred Prime Minister,best prime minister,Kemi Badenoch,Keir Starmer,,,,,,,,,31.7,14.9,,,,,,,,,VI-2026-07-01-Opinium-Observer-Web-Tables-1704.xlsx,V007
"2,050 UK adults",1st - 3rd July 2026,,,,2011,,region,London,"Q:V007. Which, if any, of the following people do you think would be the best prime minister?",Preferred Prime Minister,best prime minister,Kemi Badenoch,Keir Starmer,,,,,,,,,20.0,25.1,,,,,,,,,VI-2026-07-01-Opinium-Observer-Web-Tables-1704.xlsx,V007
"2,050 UK adults",1st - 3rd July 2026,,,,2011,,region,South,"Q:V007. Which, if any, of the following people do you think would be the best prime minister?",Preferred Prime Minister,best prime minister,Kemi Badenoch,Keir Starmer,,,,,,,,,23.8,19.9,,,,,,,,,VI-2026-07-01-Opinium-Observer-Web-Tables-1704.xlsx,V007
"2,050 UK adults",1st - 3rd July 2026,,,,2011,,region,Wales,"Q:V007. Which, if any, of the following people do you think would be the best prime minister?",Preferred Prime Minister,best prime minister,Kemi Badenoch,Keir Starmer,,,,,,,,,25.8,22.5,,,,,,,,,VI-2026-07-01-Opinium-Observer-Web-Tables-1704.xlsx,V007
"2,050 UK adults",1st - 3rd July 2026,,,,2011,,region,Scotland,"Q:V007. Which, if any, of the following people do you think would be the best prime minister?",Preferred Prime Minister,best prime minister,Kemi Badenoch,Keir Starmer,,,,,,,,,15.2,26.9,,,,,,,,,VI-2026-07-01-Opinium-Observer-Web-Tables-1704.xlsx,V007
"2,050 UK adults",1st - 3rd July 2026,,,,2011,,region,Northern Ireland,"Q:V007. Which, if any, of the following people do you think would be the best prime minister?",Preferred Prime Minister,best prime minister,Kemi Badenoch,Keir Starmer,,,,,,,,,,,,,,,,,,,VI-2026-07-01-Opinium-Observer-Web-Tables-1704.xlsx,V007
"2,050 UK adults",1st - 3rd July 2026,,,,2011,,total,Total,"Q:V007_KF. Which, if any, of the following people do you think would be the best prime minister?",Preferred Prime Minister,best prime minister,Nigel Farage,Keir Starmer,,,,,,,,,26.7,26.6,,,,,,,,,VI-2026-07-01-Opinium-Observer-Web-Tables-1704.xlsx,V007_KF
"2,050 UK adults",1st - 3rd July 2026,,,,2011,,current_vote,Con,"Q:V007_KF. Which, if any, of the following people do you think would be the best prime minister?",Preferred Prime Minister,best prime minister,Nigel Farage,Keir Starmer,,,,,,,,,29.6,16.4,,,,,,,,,VI-2026-07-01-Opinium-Observer-Web-Tables-1704.xlsx,V007_KF
"2,050 UK adults",1st - 3rd July 2026,,,,2011,,current_vote,Lab,"Q:V007_KF. Which, if any, of the following people do you think would be the best prime minister?",Preferred Prime Minister,best prime minister,Nigel Farage,Keir Starmer,,,,,,,,,5.6,70.2,,,,,,,,,VI-2026-07-01-Opinium-Observer-Web-Tables-1704.xlsx,V007_KF
"2,050 UK adults",1st - 3rd July 2026,,,,2011,,current_vote,Lib Dem,"Q:V007_KF. Which, if any, of the following people do you think would be the best prime minister?",Preferred Prime Minister,best prime minister,Nigel Farage,Keir Starmer,,,,,,,,,4.3,41.9,,,,,,,,,VI-2026-07-01-Opinium-Observer-Web-Tables-1704.xlsx,V007_KF
"2,050 UK adults",1st - 3rd July 2026,,,,2011,,current_vote,Reform,"Q:V007_KF. Which, if any, of the following people do you think would be the best prime minister?",Preferred Prime Minister,best prime minister,Nigel Farage,Keir Starmer,,,,,,,,,84.2,3.7,,,,,,,,,VI-2026-07-01-Opinium-Observer-Web-Tables-1704.xlsx,V007_KF
"2,050 UK adults",1st - 3rd July 2026,,,,2011,,current_vote,Green,"Q:V007_KF. Which, if any, of the following people do you think would be the best prime minister?",Preferred Prime Minister,best prime minister,Nigel Farage,Keir Starmer,,,,,,,,,5.6,37.0,,,,,,,,,VI-2026-07-01-Opinium-Observer-Web-Tables-1704.xlsx,V007_KF
"2,050 UK adults",1st - 3rd July 2026,,,,2011,,historic_vote,Con,"Q:V007_KF. Which, if any, of the following people do you think would be the best prime minister?",Preferred Prime Minister,best prime minister,Nigel Farage,Keir Starmer,,,,,,,,,42.5,13.0,,,,,,,,,VI-2026-07-01-Opinium-Observer-Web-Tables-1704.xlsx,V007_KF
"2,050 UK adults",1st - 3rd July 2026,,,,2011,,historic_vote,Lab,"Q:V007_KF. Which, if any, of the following people do you think would be the best prime minister?",Preferred Prime Minister,best prime minister,Nigel Farage,Keir Starmer,,,,,,,,,13.8,54.3,,,,,,,,,VI-2026-07-01-Opinium-Observer-Web-Tables-1704.xlsx,V007_KF
"2,050 UK adults",1st - 3rd July 2026,,,,2011,,historic_vote,Lib Dems,"Q:V007_KF. Which, if any, of the following people do you think would be the best prime minister?",Preferred Prime Minister,best prime minister,Nigel Farage,Keir Starmer,,,,,,,,,9.2,39.3,,,,,,,,,VI-2026-07-01-Opinium-Observer-Web-Tables-1704.xlsx,V007_KF
"2,050 UK adults",1st - 3rd July 2026,,,,2011,,historic_vote,Reform,"Q:V007_KF. Which, if any, of the following people do you think would be the best prime minister?",Preferred Prime Minister,best prime minister,Nigel Farage,Keir Starmer,,,,,,,,,80.3,4.1,,,,,,,,,VI-2026-07-01-Opinium-Observer-Web-Tables-1704.xlsx,V007_KF
"2,050 UK adults",1st - 3rd July 2026,,,,2011,,historic_vote,Green,"Q:V007_KF. Which, if any, of the following people do you think would be the best prime minister?",Preferred Prime Minister,best prime minister,Nigel Farage,Keir Starmer,,,,,,,,,10.7,31.1,,,,,,,,,VI-2026-07-01-Opinium-Observer-Web-Tables-1704.xlsx,V007_KF
"2,050 UK adults",1st - 3rd July 2026,,,,2011,,historic_vote,Con,"Q:V007_KF. Which, if any, of the following people do you think would be the best prime minister?",Preferred Prime Minister,best prime minister,Nigel Farage,Keir Starmer,,,,,,,,,47.5,13.0,,,,,,,,,VI-2026-07-01-Opinium-Observer-Web-Tables-1704.xlsx,V007_KF
"2,050 UK adults",1st - 3rd July 2026,,,,2011,,historic_vote,Lab,"Q:V007_KF. Which, if any, of the following people do you think would be the best prime minister?",Preferred Prime Minister,best prime minister,Nigel Farage,Keir Starmer,,,,,,,,,13.6,51.9,,,,,,,,,VI-2026-07-01-Opinium-Observer-Web-Tables-1704.xlsx,V007_KF
"2,050 UK adults",1st - 3rd July 2026,,,,2011,,historic_vote,Lib Dem,"Q:V007_KF. Which, if any, of the following people do you think would be the best prime minister?",Preferred Prime Minister,best prime minister,Nigel Farage,Keir Starmer,,,,,,,,,9.4,41.5,,,,,,,,,VI-2026-07-01-Opinium-Observer-Web-Tables-1704.xlsx,V007_KF
"2,050 UK adults",1st - 3rd July 2026,,,,2011,,historic_vote,Remain,"Q:V007_KF. Which, if any, of the following people do you think would be the best prime minister?",Preferred Prime Minister,best prime minister,Nigel Farage,Keir Starmer,,,,,,,,,12.2,41.9,,,,,,,,,VI-2026-07-01-Opinium-Observer-Web-Tables-1704.xlsx,V007_KF
"2,050 UK adults",1st - 3rd July 2026,,,,2011,,historic_vote,Leave,"Q:V007_KF. Which, if any, of the following people do you think would be the best prime minister?",Preferred Prime Minister,best prime minister,Nigel Farage,Keir Starmer,,,,,,,,,49.2,13.9,,,,,,,,,VI-2026-07-01-Opinium-Observer-Web-Tables-1704.xlsx,V007_KF
"2,050 UK adults",1st - 3rd July 2026,,,,2011,,gender,Male,"Q:V007_KF. Which, if any, of the following people do you think would be the best prime minister?",Preferred Prime Minister,best prime minister,Nigel Farage,Keir Starmer,,,,,,,,,33.1,27.1,,,,,,,,,VI-2026-07-01-Opinium-Observer-Web-Tables-1704.xlsx,V007_KF
"2,050 UK adults",1st - 3rd July 2026,,,,2011,,gender,Female,"Q:V007_KF. Which, if any, of the following people do you think would be the best prime minister?",Preferred Prime Minister,best prime minister,Nigel Farage,Keir Starmer,,,,,,,,,21.0,26.3,,,,,,,,,VI-2026-07-01-Opinium-Observer-Web-Tables-1704.xlsx,V007_KF
"2,050 UK adults",1st - 3rd July 2026,,,,2011,,age,18-34,"Q:V007_KF. Which, if any, of the following people do you think would be the best prime minister?",Preferred Prime Minister,best prime minister,Nigel Farage,Keir Starmer,,,,,,,,,22.1,31.2,,,,,,,,,VI-2026-07-01-Opinium-Observer-Web-Tables-1704.xlsx,V007_KF
"2,050 UK adults",1st - 3rd July 2026,,,,2011,,age,35-49,"Q:V007_KF. Which, if any, of the following people do you think would be the best prime minister?",Preferred Prime Minister,best prime minister,Nigel Farage,Keir Starmer,,,,,,,,,26.7,29.5,,,,,,,,,VI-2026-07-01-Opinium-Observer-Web-Tables-1704.xlsx,V007_KF
"2,050 UK adults",1st - 3rd July 2026,,,,2011,,age,50-64,"Q:V007_KF. Which, if any, of the following people do you think would be the best prime minister?",Preferred Prime Minister,best prime minister,Nigel Farage,Keir Starmer,,,,,,,,,26.9,27.2,,,,,,,,,VI-2026-07-01-Opinium-Observer-Web-Tables-1704.xlsx,V007_KF
"2,050 UK adults",1st - 3rd July 2026,,,,2011,,age,65+,"Q:V007_KF. Which, if any, of the following people do you think would be the best prime minister?",Preferred Prime Minister,best prime minister,Nigel Farage,Keir Starmer,,,,,,,,,31.9,18.0,,,,,,,,,VI-2026-07-01-Opinium-Observer-Web-Tables-1704.xlsx,V007_KF
"2,050 UK adults",1st - 3rd July 2026,,,,2011,,region,North,"Q:V007_KF. Which, if any, of the following people do you think would be the best prime minister?",Preferred Prime Minister,best prime minister,Nigel Farage,Keir Starmer,,,,,,,,,27.9,22.9,,,,,,,,,VI-2026-07-01-Opinium-Observer-Web-Tables-1704.xlsx,V007_KF
"2,050 UK adults",1st - 3rd July 2026,,,,2011,,region,Mids,"Q:V007_KF. Which, if any, of the following people do you think would be the best prime minister?",Preferred Prime Minister,best prime minister,Nigel Farage,Keir Starmer,,,,,,,,,34.7,20.7,,,,,,,,,VI-2026-07-01-Opinium-Observer-Web-Tables-1704.xlsx,V007_KF
"2,050 UK adults",1st - 3rd July 2026,,,,2011,,region,London,"Q:V007_KF. Which, if any, of the following people do you think would be the best prime minister?",Preferred Prime Minister,best prime minister,Nigel Farage,Keir Starmer,,,,,,,,,22.9,32.8,,,,,,,,,VI-2026-07-01-Opinium-Observer-Web-Tables-1704.xlsx,V007_KF
"2,050 UK adults",1st - 3rd July 2026,,,,2011,,region,South,"Q:V007_KF. Which, if any, of the following people do you think would be the best prime minister?",Preferred Prime Minister,best prime minister,Nigel Farage,Keir Starmer,,,,,,,,,26.7,28.7,,,,,,,,,VI-2026-07-01-Opinium-Observer-Web-Tables-1704.xlsx,V007_KF
"2,050 UK adults",1st - 3rd July 2026,,,,2011,,region,Wales,"Q:V007_KF. Which, if any, of the following people do you think would be the best prime minister?",Preferred Prime Minister,best prime minister,Nigel Farage,Keir Starmer,,,,,,,,,21.6,28.3,,,,,,,,,VI-2026-07-01-Opinium-Observer-Web-Tables-1704.xlsx,V007_KF
"2,050 UK adults",1st - 3rd July 2026,,,,2011,,region,Scotland,"Q:V007_KF. Which, if any, of the following people do you think would be the best prime minister?",Preferred Prime Minister,best prime minister,Nigel Farage,Keir Starmer,,,,,,,,,16.9,30.4,,,,,,,,,VI-2026-07-01-Opinium-Observer-Web-Tables-1704.xlsx,V007_KF
"2,050 UK adults",1st - 3rd July 2026,,,,2011,,region,Northern Ireland,"Q:V007_KF. Which, if any, of the following people do you think would be the best prime minister?",Preferred Prime Minister,best prime minister,Nigel Farage,Keir Starmer,,,,,,,,,,,,,,,,,,,VI-2026-07-01-Opinium-Observer-Web-Tables-1704.xlsx,V007_KF
"2,050 UK adults",1st - 3rd July 2026,,,,2011,,total,Total,Q:PSF1. What is the best way to describe your current financial situation?,UNMATCHED,,Very comfortable,Comfortable,Coping,Struggling,Really struggling,,,,,,4.7,32.7,41.7,13.7,5.7,,,,,,VI-2026-07-01-Opinium-Observer-Web-Tables-1704.xlsx,PSF1
"2,050 UK adults",1st - 3rd July 2026,,,,2011,,current_vote,Con,Q:PSF1. What is the best way to describe your current financial situation?,UNMATCHED,,Very comfortable,Comfortable,Coping,Struggling,Really struggling,,,,,,7.8,40.1,39.1,8.8,4.2,,,,,,VI-2026-07-01-Opinium-Observer-Web-Tables-1704.xlsx,PSF1
"2,050 UK adults",1st - 3rd July 2026,,,,2011,,current_vote,Lab,Q:PSF1. What is the best way to describe your current financial situation?,UNMATCHED,,Very comfortable,Comfortable,Coping,Struggling,Really struggling,,,,,,6.0,39.9,38.7,10.6,3.6,,,,,,VI-2026-07-01-Opinium-Observer-Web-Tables-1704.xlsx,PSF1
"2,050 UK adults",1st - 3rd July 2026,,,,2011,,current_vote,Lib Dem,Q:PSF1. What is the best way to describe your current financial situation?,UNMATCHED,,Very comfortable,Comfortable,Coping,Struggling,Really struggling,,,,,,3.3,36.2,47.8,10.8,1.9,,,,,,VI-2026-07-01-Opinium-Observer-Web-Tables-1704.xlsx,PSF1
"2,050 UK adults",1st - 3rd July 2026,,,,2011,,current_vote,Reform,Q:PSF1. What is the best way to describe your current financial situation?,UNMATCHED,,Very comfortable,Comfortable,Coping,Struggling,Really struggling,,,,,,3.2,31.4,42.3,16.1,6.7,,,,,,VI-2026-07-01-Opinium-Observer-Web-Tables-1704.xlsx,PSF1
"2,050 UK adults",1st - 3rd July 2026,,,,2011,,current_vote,Green,Q:PSF1. What is the best way to describe your current financial situation?,UNMATCHED,,Very comfortable,Comfortable,Coping,Struggling,Really struggling,,,,,,5.6,23.1,48.2,15.3,6.9,,,,,,VI-2026-07-01-Opinium-Observer-Web-Tables-1704.xlsx,PSF1
"2,050 UK adults",1st - 3rd July 2026,,,,2011,,historic_vote,Con,Q:PSF1. What is the best way to describe your current financial situation?,UNMATCHED,,Very comfortable,Comfortable,Coping,Struggling,Really struggling,,,,,,8.0,39.6,41.5,8.5,2.2,,,,,,VI-2026-07-01-Opinium-Observer-Web-Tables-1704.xlsx,PSF1
"2,050 UK adults",1st - 3rd July 2026,,,,2011,,historic_vote,Lab,Q:PSF1. What is the best way to describe your current financial situation?,UNMATCHED,,Very comfortable,Comfortable,Coping,Struggling,Really struggling,,,,,,5.4,35.2,41.6,14.0,3.5,,,,,,VI-2026-07-01-Opinium-Observer-Web-Tables-1704.xlsx,PSF1
"2,050 UK adults",1st - 3rd July 2026,,,,2011,,historic_vote,Lib Dems,Q:PSF1. What is the best way to describe your current financial situation?,UNMATCHED,,Very comfortable,Comfortable,Coping,Struggling,Really struggling,,,,,,3.4,37.0,49.9,8.4,0.8,,,,,,VI-2026-07-01-Opinium-Observer-Web-Tables-1704.xlsx,PSF1
"2,050 UK adults",1st - 3rd July 2026,,,,2011,,historic_vote,Reform,Q:PSF1. What is the best way to describe your current financial situation?,UNMATCHED,,Very comfortable,Comfortable,Coping,Struggling,Really struggling,,,,,,2.5,36.7,38.4,17.6,4.3,,,,,,VI-2026-07-01-Opinium-Observer-Web-Tables-1704.xlsx,PSF1
"2,050 UK adults",1st - 3rd July 2026,,,,2011,,historic_vote,Green,Q:PSF1. What is the best way to describe your current financial situation?,UNMATCHED,,Very comfortable,Comfortable,Coping,Struggling,Really struggling,,,,,,5.7,23.2,47.4,13.0,9.9,,,,,,VI-2026-07-01-Opinium-Observer-Web-Tables-1704.xlsx,PSF1
"2,050 UK adults",1st - 3rd July 2026,,,,2011,,historic_vote,Con,Q:PSF1. What is the best way to describe your current financial situation?,UNMATCHED,,Very comfortable,Comfortable,Coping,Struggling,Really struggling,,,,,,6.1,39.4,41.9,9.8,2.5,,,,,,VI-2026-07-01-Opinium-Observer-Web-Tables-1704.xlsx,PSF1
"2,050 UK adults",1st - 3rd July 2026,,,,2011,,historic_vote,Lab,Q:PSF1. What is the best way to describe your current financial situation?,UNMATCHED,,Very comfortable,Comfortable,Coping,Struggling,Really struggling,,,,,,4.2,31.5,41.4,16.7,5.6,,,,,,VI-2026-07-01-Opinium-Observer-Web-Tables-1704.xlsx,PSF1
"2,050 UK adults",1st - 3rd July 2026,,,,2011,,historic_vote,Lib Dem,Q:PSF1. What is the best way to describe your current financial situation?,UNMATCHED,,Very comfortable,Comfortable,Coping,Struggling,Really struggling,,,,,,4.3,33.1,54.1,4.5,3.9,,,,,,VI-2026-07-01-Opinium-Observer-Web-Tables-1704.xlsx,PSF1
"2,050 UK adults",1st - 3rd July 2026,,,,2011,,historic_vote,Remain,Q:PSF1. What is the best way to describe your current financial situation?,UNMATCHED,,Very comfortable,Comfortable,Coping,Struggling,Really struggling,,,,,,4.5,34.2,42.0,14.2,4.7,,,,,,VI-2026-07-01-Opinium-Observer-Web-Tables-1704.xlsx,PSF1
"2,050 UK adults",1st - 3rd July 2026,,,,2011,,historic_vote,Leave,Q:PSF1. What is the best way to describe your current financial situation?,UNMATCHED,,Very comfortable,Comfortable,Coping,Struggling,Really struggling,,,,,,4.6,33.5,43.3,12.6,5.4,,,,,,VI-2026-07-01-Opinium-Observer-Web-Tables-1704.xlsx,PSF1
"2,050 UK adults",1st - 3rd July 2026,,,,2011,,gender,Male,Q:PSF1. What is the best way to describe your current financial situation?,UNMATCHED,,Very comfortable,Comfortable,Coping,Struggling,Really struggling,,,,,,5.9,36.2,39.4,11.3,5.3,,,,,,VI-2026-07-01-Opinium-Observer-Web-Tables-1704.xlsx,PSF1
"2,050 UK adults",1st - 3rd July 2026,,,,2011,,gender,Female,Q:PSF1. What is the best way to describe your current financial situation?,UNMATCHED,,Very comfortable,Comfortable,Coping,Struggling,Really struggling,,,,,,3.7,29.6,43.8,15.8,6.2,,,,,,VI-2026-07-01-Opinium-Observer-Web-Tables-1704.xlsx,PSF1
"2,050 UK adults",1st - 3rd July 2026,,,,2011,,age,18-34,Q:PSF1. What is the best way to describe your current financial situation?,UNMATCHED,,Very comfortable,Comfortable,Coping,Struggling,Really struggling,,,,,,7.2,29.9,36.6,15.1,8.1,,,,,,VI-2026-07-01-Opinium-Observer-Web-Tables-1704.xlsx,PSF1
"2,050 UK adults",1st - 3rd July 2026,,,,2011,,age,35-49,Q:PSF1. What is the best way to describe your current financial situation?,UNMATCHED,,Very comfortable,Comfortable,Coping,Struggling,Really struggling,,,,,,4.1,26.5,44.4,17.4,6.3,,,,,,VI-2026-07-01-Opinium-Observer-Web-Tables-1704.xlsx,PSF1
"2,050 UK adults",1st - 3rd July 2026,,,,2011,,age,50-64,Q:PSF1. What is the best way to describe your current financial situation?,UNMATCHED,,Very comfortable,Comfortable,Coping,Struggling,Really struggling,,,,,,3.1,31.7,44.2,14.9,5.6,,,,,,VI-2026-07-01-Opinium-Observer-Web-Tables-1704.xlsx,PSF1
"2,050 UK adults",1st - 3rd July 2026,,,,2011,,age,65+,Q:PSF1. What is the best way to describe your current financial situation?,UNMATCHED,,Very comfortable,Comfortable,Coping,Struggling,Really struggling,,,,,,4.2,43.1,42.3,7.2,2.6,,,,,,VI-2026-07-01-Opinium-Observer-Web-Tables-1704.xlsx,PSF1
"2,050 UK adults",1st - 3rd July 2026,,,,2011,,region,North,Q:PSF1. What is the best way to describe your current financial situation?,UNMATCHED,,Very comfortable,Comfortable,Coping,Struggling,Really struggling,,,,,,4.7,29.0,41.7,15.7,6.9,,,,,,VI-2026-07-01-Opinium-Observer-Web-Tables-1704.xlsx,PSF1
"2,050 UK adults",1st - 3rd July 2026,,,,2011,,region,Mids,Q:PSF1. What is the best way to describe your current financial situation?,UNMATCHED,,Very comfortable,Comfortable,Coping,Struggling,Really struggling,,,,,,4.7,27.1,48.0,12.8,6.7,,,,,,VI-2026-07-01-Opinium-Observer-Web-Tables-1704.xlsx,PSF1
"2,050 UK adults",1st - 3rd July 2026,,,,2011,,region,London,Q:PSF1. What is the best way to describe your current financial situation?,UNMATCHED,,Very comfortable,Comfortable,Coping,Struggling,Really struggling,,,,,,7.6,37.1,32.4,15.2,4.8,,,,,,VI-2026-07-01-Opinium-Observer-Web-Tables-1704.xlsx,PSF1
"2,050 UK adults",1st - 3rd July 2026,,,,2011,,region,South,Q:PSF1. What is the best way to describe your current financial situation?,UNMATCHED,,Very comfortable,Comfortable,Coping,Struggling,Really struggling,,,,,,3.9,33.5,43.3,12.3,6.0,,,,,,VI-2026-07-01-Opinium-Observer-Web-Tables-1704.xlsx,PSF1
"2,050 UK adults",1st - 3rd July 2026,,,,2011,,region,Wales,Q:PSF1. What is the best way to describe your current financial situation?,UNMATCHED,,Very comfortable,Comfortable,Coping,Struggling,Really struggling,,,,,,3.9,40.0,39.9,11.8,4.3,,,,,,VI-2026-07-01-Opinium-Observer-Web-Tables-1704.xlsx,PSF1
"2,050 UK adults",1st - 3rd July 2026,,,,2011,,region,Scotland,Q:PSF1. What is the best way to describe your current financial situation?,UNMATCHED,,Very comfortable,Comfortable,Coping,Struggling,Really struggling,,,,,,4.3,39.5,38.9,14.2,1.6,,,,,,VI-2026-07-01-Opinium-Observer-Web-Tables-1704.xlsx,PSF1
"2,050 UK adults",1st - 3rd July 2026,,,,2011,,region,Northern Ireland,Q:PSF1. What is the best way to describe your current financial situation?,UNMATCHED,,Very comfortable,Comfortable,Coping,Struggling,Really struggling,,,,,,,,,,,,,,,,VI-2026-07-01-Opinium-Observer-Web-Tables-1704.xlsx,PSF1
"2,050 UK adults",1st - 3rd July 2026,,,,2011,,total,Total,"Q:V203. Over the next 12 months, do you expect the following to get better or worse?
 State of the UK economy",Economic optimism,expect.*economy,Much better,A little better,Stay about the same,A little worse,Much worse,,,,,,2.4,10.2,25.9,28.8,24.9,,,,,,VI-2026-07-01-Opinium-Observer-Web-Tables-1704.xlsx,V203
"2,050 UK adults",1st - 3rd July 2026,,,,2011,,current_vote,Con,"Q:V203. Over the next 12 months, do you expect the following to get better or worse?
 State of the UK economy",Economic optimism,expect.*economy,Much better,A little better,Stay about the same,A little worse,Much worse,,,,,,2.8,9.6,24.3,35.2,23.6,,,,,,VI-2026-07-01-Opinium-Observer-Web-Tables-1704.xlsx,V203
"2,050 UK adults",1st - 3rd July 2026,,,,2011,,current_vote,Lab,"Q:V203. Over the next 12 months, do you expect the following to get better or worse?
 State of the UK economy",Economic optimism,expect.*economy,Much better,A little better,Stay about the same,A little worse,Much worse,,,,,,7.5,25.7,33.9,21.3,6.8,,,,,,VI-2026-07-01-Opinium-Observer-Web-Tables-1704.xlsx,V203
"2,050 UK adults",1st - 3rd July 2026,,,,2011,,current_vote,Lib Dem,"Q:V203. Over the next 12 months, do you expect the following to get better or worse?
 State of the UK economy",Economic optimism,expect.*economy,Much better,A little better,Stay about the same,A little worse,Much worse,,,,,,1.5,8.2,39.4,24.4,20.0,,,,,,VI-2026-07-01-Opinium-Observer-Web-Tables-1704.xlsx,V203
"2,050 UK adults",1st - 3rd July 2026,,,,2011,,current_vote,Reform,"Q:V203. Over the next 12 months, do you expect the following to get better or worse?
 State of the UK economy",Economic optimism,expect.*economy,Much better,A little better,Stay about the same,A little worse,Much worse,,,,,,1.4,6.2,19.8,27.0,42.9,,,,,,VI-2026-07-01-Opinium-Observer-Web-Tables-1704.xlsx,V203
"2,050 UK adults",1st - 3rd July 2026,,,,2011,,current_vote,Green,"Q:V203. Over the next 12 months, do you expect the following to get better or worse?
 State of the UK economy",Economic optimism,expect.*economy,Much better,A little better,Stay about the same,A little worse,Much worse,,,,,,1.8,12.1,28.2,27.5,22.8,,,,,,VI-2026-07-01-Opinium-Observer-Web-Tables-1704.xlsx,V203
"2,050 UK adults",1st - 3rd July 2026,,,,2011,,historic_vote,Con,"Q:V203. Over the next 12 months, do you expect the following to get better or worse?
 State of the UK economy",Economic optimism,expect.*economy,Much better,A little better,Stay about the same,A little worse,Much worse,,,,,,2.0,7.9,23.4,31.1,32.7,,,,,,VI-2026-07-01-Opinium-Observer-Web-Tables-1704.xlsx,V203
"2,050 UK adults",1st - 3rd July 2026,,,,2011,,historic_vote,Lab,"Q:V203. Over the next 12 months, do you expect the following to get better or worse?
 State of the UK economy",Economic optimism,expect.*economy,Much better,A little better,Stay about the same,A little worse,Much worse,,,,,,4.5,17.2,29.4,29.8,12.9,,,,,,VI-2026-07-01-Opinium-Observer-Web-Tables-1704.xlsx,V203
"2,050 UK adults",1st - 3rd July 2026,,,,2011,,historic_vote,Lib Dems,"Q:V203. Over the next 12 months, do you expect the following to get better or worse?
 State of the UK economy",Economic optimism,expect.*economy,Much better,A little better,Stay about the same,A little worse,Much worse,,,,,,0.7,8.8,39.1,24.8,21.4,,,,,,VI-2026-07-01-Opinium-Observer-Web-Tables-1704.xlsx,V203
"2,050 UK adults",1st - 3rd July 2026,,,,2011,,historic_vote,Reform,"Q:V203. Over the next 12 months, do you expect the following to get better or worse?
 State of the UK economy",Economic optimism,expect.*economy,Much better,A little better,Stay about the same,A little worse,Much worse,,,,,,3.0,5.3,17.8,28.8,41.2,,,,,,VI-2026-07-01-Opinium-Observer-Web-Tables-1704.xlsx,V203
"2,050 UK adults",1st - 3rd July 2026,,,,2011,,historic_vote,Green,"Q:V203. Over the next 12 months, do you expect the following to get better or worse?
 State of the UK economy",Economic optimism,expect.*economy,Much better,A little better,Stay about the same,A little worse,Much worse,,,,,,2.8,9.6,27.3,26.6,23.9,,,,,,VI-2026-07-01-Opinium-Observer-Web-Tables-1704.xlsx,V203
"2,050 UK adults",1st - 3rd July 2026,,,,2011,,historic_vote,Con,"Q:V203. Over the next 12 months, do you expect the following to get better or worse?
 State of the UK economy",Economic optimism,expect.*economy,Much better,A little better,Stay about the same,A little worse,Much worse,,,,,,2.0,5.8,23.3,32.9,31.4,,,,,,VI-2026-07-01-Opinium-Observer-Web-Tables-1704.xlsx,V203
"2,050 UK adults",1st - 3rd July 2026,,,,2011,,historic_vote,Lab,"Q:V203. Over the next 12 months, do you expect the following to get better or worse?
 State of the UK economy",Economic optimism,expect.*economy,Much better,A little better,Stay about the same,A little worse,Much worse,,,,,,4.3,16.6,28.7,25.9,18.0,,,,,,VI-2026-07-01-Opinium-Observer-Web-Tables-1704.xlsx,V203
"2,050 UK adults",1st - 3rd July 2026,,,,2011,,historic_vote,Lib Dem,"Q:V203. Over the next 12 months, do you expect the following to get better or worse?
 State of the UK economy",Economic optimism,expect.*economy,Much better,A little better,Stay about the same,A little worse,Much worse,,,,,,1.3,14.7,37.7,26.5,14.6,,,,,,VI-2026-07-01-Opinium-Observer-Web-Tables-1704.xlsx,V203
"2,050 UK adults",1st - 3rd July 2026,,,,2011,,historic_vote,Remain,"Q:V203. Over the next 12 months, do you expect the following to get better or worse?
 State of the UK economy",Economic optimism,expect.*economy,Much better,A little better,Stay about the same,A little worse,Much worse,,,,,,3.1,11.7,31.3,28.5,18.3,,,,,,VI-2026-07-01-Opinium-Observer-Web-Tables-1704.xlsx,V203
"2,050 UK adults",1st - 3rd July 2026,,,,2011,,historic_vote,Leave,"Q:V203. Over the next 12 months, do you expect the following to get better or worse?
 State of the UK economy",Economic optimism,expect.*economy,Much better,A little better,Stay about the same,A little worse,Much worse,,,,,,1.1,6.5,22.2,30.3,35.2,,,,,,VI-2026-07-01-Opinium-Observer-Web-Tables-1704.xlsx,V203
"2,050 UK adults",1st - 3rd July 2026,,,,2011,,gender,Male,"Q:V203. Over the next 12 months, do you expect the following to get better or worse?
 State of the UK economy",Economic optimism,expect.*economy,Much better,A little better,Stay about the same,A little worse,Much worse,,,,,,3.0,11.8,27.2,28.7,22.9,,,,,,VI-2026-07-01-Opinium-Observer-Web-Tables-1704.xlsx,V203
"2,050 UK adults",1st - 3rd July 2026,,,,2011,,gender,Female,"Q:V203. Over the next 12 months, do you expect the following to get better or worse?
 State of the UK economy",Economic optimism,expect.*economy,Much better,A little better,Stay about the same,A little worse,Much worse,,,,,,1.9,8.9,24.9,28.9,26.7,,,,,,VI-2026-07-01-Opinium-Observer-Web-Tables-1704.xlsx,V203
"2,050 UK adults",1st - 3rd July 2026,,,,2011,,age,18-34,"Q:V203. Over the next 12 months, do you expect the following to get better or worse?
 State of the UK economy",Economic optimism,expect.*economy,Much better,A little better,Stay about the same,A little worse,Much worse,,,,,,6.6,16.9,21.0,24.5,24.4,,,,,,VI-2026-07-01-Opinium-Observer-Web-Tables-1704.xlsx,V203
"2,050 UK adults",1st - 3rd July 2026,,,,2011,,age,35-49,"Q:V203. Over the next 12 months, do you expect the following to get better or worse?
 State of the UK economy",Economic optimism,expect.*economy,Much better,A little better,Stay about the same,A little worse,Much worse,,,,,,2.2,9.3,31.0,26.7,19.7,,,,,,VI-2026-07-01-Opinium-Observer-Web-Tables-1704.xlsx,V203
"2,050 UK adults",1st - 3rd July 2026,,,,2011,,age,50-64,"Q:V203. Over the next 12 months, do you expect the following to get better or worse?
 State of the UK economy",Economic optimism,expect.*economy,Much better,A little better,Stay about the same,A little worse,Much worse,,,,,,,8.6,25.9,34.0,24.3,,,,,,VI-2026-07-01-Opinium-Observer-Web-Tables-1704.xlsx,V203
"2,050 UK adults",1st - 3rd July 2026,,,,2011,,age,65+,"Q:V203. Over the next 12 months, do you expect the following to get better or worse?
 State of the UK economy",Economic optimism,expect.*economy,Much better,A little better,Stay about the same,A little worse,Much worse,,,,,,0.3,5.2,26.3,30.7,31.3,,,,,,VI-2026-07-01-Opinium-Observer-Web-Tables-1704.xlsx,V203
"2,050 UK adults",1st - 3rd July 2026,,,,2011,,region,North,"Q:V203. Over the next 12 months, do you expect the following to get better or worse?
 State of the UK economy",Economic optimism,expect.*economy,Much better,A little better,Stay about the same,A little worse,Much worse,,,,,,2.7,11.8,24.1,26.6,26.7,,,,,,VI-2026-07-01-Opinium-Observer-Web-Tables-1704.xlsx,V203
"2,050 UK adults",1st - 3rd July 2026,,,,2011,,region,Mids,"Q:V203. Over the next 12 months, do you expect the following to get better or worse?
 State of the UK economy",Economic optimism,expect.*economy,Much better,A little better,Stay about the same,A little worse,Much worse,,,,,,1.4,6.4,29.1,30.0,24.6,,,,,,VI-2026-07-01-Opinium-Observer-Web-Tables-1704.xlsx,V203
"2,050 UK adults",1st - 3rd July 2026,,,,2011,,region,London,"Q:V203. Over the next 12 months, do you expect the following to get better or worse?
 State of the UK economy",Economic optimism,expect.*economy,Much better,A little better,Stay about the same,A little worse,Much worse,,,,,,4.9,12.9,24.1,30.8,21.2,,,,,,VI-2026-07-01-Opinium-Observer-Web-Tables-1704.xlsx,V203
"2,050 UK adults",1st - 3rd July 2026,,,,2011,,region,South,"Q:V203. Over the next 12 months, do you expect the following to get better or worse?
 State of the UK economy",Economic optimism,expect.*economy,Much better,A little better,Stay about the same,A little worse,Much worse,,,,,,1.7,10.0,26.9,27.0,27.3,,,,,,VI-2026-07-01-Opinium-Observer-Web-Tables-1704.xlsx,V203
"2,050 UK adults",1st - 3rd July 2026,,,,2011,,region,Wales,"Q:V203. Over the next 12 months, do you expect the following to get better or worse?
 State of the UK economy",Economic optimism,expect.*economy,Much better,A little better,Stay about the same,A little worse,Much worse,,,,,,3.5,11.6,25.3,38.3,15.0,,,,,,VI-2026-07-01-Opinium-Observer-Web-Tables-1704.xlsx,V203
"2,050 UK adults",1st - 3rd July 2026,,,,2011,,region,Scotland,"Q:V203. Over the next 12 months, do you expect the following to get better or worse?
 State of the UK economy",Economic optimism,expect.*economy,Much better,A little better,Stay about the same,A little worse,Much worse,,,,,,1.6,9.1,23.8,31.8,22.5,,,,,,VI-2026-07-01-Opinium-Observer-Web-Tables-1704.xlsx,V203
"2,050 UK adults",1st - 3rd July 2026,,,,2011,,region,Northern Ireland,"Q:V203. Over the next 12 months, do you expect the following to get better or worse?
 State of the UK economy",Economic optimism,expect.*economy,Much better,A little better,Stay about the same,A little worse,Much worse,,,,,,,,,,,,,,,,VI-2026-07-01-Opinium-Observer-Web-Tables-1704.xlsx,V203
"2,050 UK adults",1st - 3rd July 2026,,,,2011,,total,Total,"Q:V203. Over the next 12 months, do you expect the following to get better or worse?
 Your personal finances",UNMATCHED,,Much better,A little better,Stay about the same,A little worse,Much worse,,,,,,4.8,14.5,43.1,21.6,11.0,,,,,,VI-2026-07-01-Opinium-Observer-Web-Tables-1704.xlsx,V203 (2)
"2,050 UK adults",1st - 3rd July 2026,,,,2011,,current_vote,Con,"Q:V203. Over the next 12 months, do you expect the following to get better or worse?
 Your personal finances",UNMATCHED,,Much better,A little better,Stay about the same,A little worse,Much worse,,,,,,6.0,14.0,48.6,22.4,8.0,,,,,,VI-2026-07-01-Opinium-Observer-Web-Tables-1704.xlsx,V203 (2)
"2,050 UK adults",1st - 3rd July 2026,,,,2011,,current_vote,Lab,"Q:V203. Over the next 12 months, do you expect the following to get better or worse?
 Your personal finances",UNMATCHED,,Much better,A little better,Stay about the same,A little worse,Much worse,,,,,,11.2,24.5,42.3,15.4,3.4,,,,,,VI-2026-07-01-Opinium-Observer-Web-Tables-1704.xlsx,V203 (2)
"2,050 UK adults",1st - 3rd July 2026,,,,2011,,current_vote,Lib Dem,"Q:V203. Over the next 12 months, do you expect the following to get better or worse?
 Your personal finances",UNMATCHED,,Much better,A little better,Stay about the same,A little worse,Much worse,,,,,,0.4,13.6,49.1,23.7,9.3,,,,,,VI-2026-07-01-Opinium-Observer-Web-Tables-1704.xlsx,V203 (2)
"2,050 UK adults",1st - 3rd July 2026,,,,2011,,current_vote,Reform,"Q:V203. Over the next 12 months, do you expect the following to get better or worse?
 Your personal finances",UNMATCHED,,Much better,A little better,Stay about the same,A little worse,Much worse,,,,,,5.0,12.1,39.6,25.3,16.9,,,,,,VI-2026-07-01-Opinium-Observer-Web-Tables-1704.xlsx,V203 (2)
"2,050 UK adults",1st - 3rd July 2026,,,,2011,,current_vote,Green,"Q:V203. Over the next 12 months, do you expect the following to get better or worse?
 Your personal finances",UNMATCHED,,Much better,A little better,Stay about the same,A little worse,Much worse,,,,,,5.2,20.2,41.3,20.4,10.7,,,,,,VI-2026-07-01-Opinium-Observer-Web-Tables-1704.xlsx,V203 (2)
"2,050 UK adults",1st - 3rd July 2026,,,,2011,,historic_vote,Con,"Q:V203. Over the next 12 months, do you expect the following to get better or worse?
 Your personal finances",UNMATCHED,,Much better,A little better,Stay about the same,A little worse,Much worse,,,,,,5.1,12.6,48.4,22.8,10.1,,,,,,VI-2026-07-01-Opinium-Observer-Web-Tables-1704.xlsx,V203 (2)
"2,050 UK adults",1st - 3rd July 2026,,,,2011,,historic_vote,Lab,"Q:V203. Over the next 12 months, do you expect the following to get better or worse?
 Your personal finances",UNMATCHED,,Much better,A little better,Stay about the same,A little worse,Much worse,,,,,,7.0,18.1,44.1,22.6,5.2,,,,,,VI-2026-07-01-Opinium-Observer-Web-Tables-1704.xlsx,V203 (2)
"2,050 UK adults",1st - 3rd July 2026,,,,2011,,historic_vote,Lib Dems,"Q:V203. Over the next 12 months, do you expect the following to get better or worse?
 Your personal finances",UNMATCHED,,Much better,A little better,Stay about the same,A little worse,Much worse,,,,,,0.8,12.2,49.5,25.8,9.4,,,,,,VI-2026-07-01-Opinium-Observer-Web-Tables-1704.xlsx,V203 (2)
"2,050 UK adults",1st - 3rd July 2026,,,,2011,,historic_vote,Reform,"Q:V203. Over the next 12 months, do you expect the following to get better or worse?
 Your personal finances",UNMATCHED,,Much better,A little better,Stay about the same,A little worse,Much worse,,,,,,5.6,11.6,41.6,23.5,15.8,,,,,,VI-2026-07-01-Opinium-Observer-Web-Tables-1704.xlsx,V203 (2)
"2,050 UK adults",1st - 3rd July 2026,,,,2011,,historic_vote,Green,"Q:V203. Over the next 12 months, do you expect the following to get better or worse?
 Your personal finances",UNMATCHED,,Much better,A little better,Stay about the same,A little worse,Much worse,,,,,,4.5,16.1,41.7,18.5,17.2,,,,,,VI-2026-07-01-Opinium-Observer-Web-Tables-1704.xlsx,V203 (2)
"2,050 UK adults",1st - 3rd July 2026,,,,2011,,historic_vote,Con,"Q:V203. Over the next 12 months, do you expect the following to get better or worse?
 Your personal finances",UNMATCHED,,Much better,A little better,Stay about the same,A little worse,Much worse,,,,,,3.7,10.8,49.2,24.1,10.8,,,,,,VI-2026-07-01-Opinium-Observer-Web-Tables-1704.xlsx,V203 (2)
"2,050 UK adults",1st - 3rd July 2026,,,,2011,,historic_vote,Lab,"Q:V203. Over the next 12 months, do you expect the following to get better or worse?
 Your personal finances",UNMATCHED,,Much better,A little better,Stay about the same,A little worse,Much worse,,,,,,6.9,17.6,40.0,22.9,8.7,,,,,,VI-2026-07-01-Opinium-Observer-Web-Tables-1704.xlsx,V203 (2)
"2,050 UK adults",1st - 3rd July 2026,,,,2011,,historic_vote,Lib Dem,"Q:V203. Over the next 12 months, do you expect the following to get better or worse?
 Your personal finances",UNMATCHED,,Much better,A little better,Stay about the same,A little worse,Much worse,,,,,,0.9,16.6,51.3,23.0,7.2,,,,,,VI-2026-07-01-Opinium-Observer-Web-Tables-1704.xlsx,V203 (2)
"2,050 UK adults",1st - 3rd July 2026,,,,2011,,historic_vote,Remain,"Q:V203. Over the next 12 months, do you expect the following to get better or worse?
 Your personal finances",UNMATCHED,,Much better,A little better,Stay about the same,A little worse,Much worse,,,,,,4.2,16.4,44.7,20.8,11.1,,,,,,VI-2026-07-01-Opinium-Observer-Web-Tables-1704.xlsx,V203 (2)
"2,050 UK adults",1st - 3rd July 2026,,,,2011,,historic_vote,Leave,"Q:V203. Over the next 12 months, do you expect the following to get better or worse?
 Your personal finances",UNMATCHED,,Much better,A little better,Stay about the same,A little worse,Much worse,,,,,,2.2,9.4,46.3,27.4,11.8,,,,,,VI-2026-07-01-Opinium-Observer-Web-Tables-1704.xlsx,V203 (2)
"2,050 UK adults",1st - 3rd July 2026,,,,2011,,gender,Male,"Q:V203. Over the next 12 months, do you expect the following to get better or worse?
 Your personal finances",UNMATCHED,,Much better,A little better,Stay about the same,A little worse,Much worse,,,,,,5.9,16.2,43.5,20.8,9.4,,,,,,VI-2026-07-01-Opinium-Observer-Web-Tables-1704.xlsx,V203 (2)
"2,050 UK adults",1st - 3rd July 2026,,,,2011,,gender,Female,"Q:V203. Over the next 12 months, do you expect the following to get better or worse?
 Your personal finances",UNMATCHED,,Much better,A little better,Stay about the same,A little worse,Much worse,,,,,,3.9,13.0,42.9,22.4,12.3,,,,,,VI-2026-07-01-Opinium-Observer-Web-Tables-1704.xlsx,V203 (2)
"2,050 UK adults",1st - 3rd July 2026,,,,2011,,age,18-34,"Q:V203. Over the next 12 months, do you expect the following to get better or worse?
 Your personal finances",UNMATCHED,,Much better,A little better,Stay about the same,A little worse,Much worse,,,,,,12.7,24.5,33.3,12.9,10.3,,,,,,VI-2026-07-01-Opinium-Observer-Web-Tables-1704.xlsx,V203 (2)
"2,050 UK adults",1st - 3rd July 2026,,,,2011,,age,35-49,"Q:V203. Over the next 12 months, do you expect the following to get better or worse?
 Your personal finances",UNMATCHED,,Much better,A little better,Stay about the same,A little worse,Much worse,,,,,,4.0,16.1,42.8,20.0,11.6,,,,,,VI-2026-07-01-Opinium-Observer-Web-Tables-1704.xlsx,V203 (2)
"2,050 UK adults",1st - 3rd July 2026,,,,2011,,age,50-64,"Q:V203. Over the next 12 months, do you expect the following to get better or worse?
 Your personal finances",UNMATCHED,,Much better,A little better,Stay about the same,A little worse,Much worse,,,,,,0.8,9.0,46.7,27.3,11.5,,,,,,VI-2026-07-01-Opinium-Observer-Web-Tables-1704.xlsx,V203 (2)
"2,050 UK adults",1st - 3rd July 2026,,,,2011,,age,65+,"Q:V203. Over the next 12 months, do you expect the following to get better or worse?
 Your personal finances",UNMATCHED,,Much better,A little better,Stay about the same,A little worse,Much worse,,,,,,0.7,7.3,50.9,27.5,10.7,,,,,,VI-2026-07-01-Opinium-Observer-Web-Tables-1704.xlsx,V203 (2)
"2,050 UK adults",1st - 3rd July 2026,,,,2011,,region,North,"Q:V203. Over the next 12 months, do you expect the following to get better or worse?
 Your personal finances",UNMATCHED,,Much better,A little better,Stay about the same,A little worse,Much worse,,,,,,5.5,13.9,39.2,24.5,11.6,,,,,,VI-2026-07-01-Opinium-Observer-Web-Tables-1704.xlsx,V203 (2)
"2,050 UK adults",1st - 3rd July 2026,,,,2011,,region,Mids,"Q:V203. Over the next 12 months, do you expect the following to get better or worse?
 Your personal finances",UNMATCHED,,Much better,A little better,Stay about the same,A little worse,Much worse,,,,,,4.2,12.9,41.3,25.6,11.8,,,,,,VI-2026-07-01-Opinium-Observer-Web-Tables-1704.xlsx,V203 (2)
"2,050 UK adults",1st - 3rd July 2026,,,,2011,,region,London,"Q:V203. Over the next 12 months, do you expect the following to get better or worse?
 Your personal finances",UNMATCHED,,Much better,A little better,Stay about the same,A little worse,Much worse,,,,,,9.8,18.5,40.6,15.2,10.3,,,,,,VI-2026-07-01-Opinium-Observer-Web-Tables-1704.xlsx,V203 (2)
"2,050 UK adults",1st - 3rd July 2026,,,,2011,,region,South,"Q:V203. Over the next 12 months, do you expect the following to get better or worse?
 Your personal finances",UNMATCHED,,Much better,A little better,Stay about the same,A little worse,Much worse,,,,,,3.1,14.0,44.8,21.8,11.9,,,,,,VI-2026-07-01-Opinium-Observer-Web-Tables-1704.xlsx,V203 (2)
"2,050 UK adults",1st - 3rd July 2026,,,,2011,,region,Wales,"Q:V203. Over the next 12 months, do you expect the following to get better or worse?
 Your personal finances",UNMATCHED,,Much better,A little better,Stay about the same,A little worse,Much worse,,,,,,4.4,15.1,56.6,16.5,6.6,,,,,,VI-2026-07-01-Opinium-Observer-Web-Tables-1704.xlsx,V203 (2)
"2,050 UK adults",1st - 3rd July 2026,,,,2011,,region,Scotland,"Q:V203. Over the next 12 months, do you expect the following to get better or worse?
 Your personal finances",UNMATCHED,,Much better,A little better,Stay about the same,A little worse,Much worse,,,,,,2.9,15.6,46.7,18.3,7.7,,,,,,VI-2026-07-01-Opinium-Observer-Web-Tables-1704.xlsx,V203 (2)
"2,050 UK adults",1st - 3rd July 2026,,,,2011,,region,Northern Ireland,"Q:V203. Over the next 12 months, do you expect the following to get better or worse?
 Your personal finances",UNMATCHED,,Much better,A little better,Stay about the same,A little worse,Much worse,,,,,,,,,,,,,,,,VI-2026-07-01-Opinium-Observer-Web-Tables-1704.xlsx,V203 (2)
"2,050 UK adults",1st - 3rd July 2026,,,,2011,,total,The overall cost of living,Q:CL. Do you think each of the following have gone up or gone down over the past 12 months?,UNMATCHED,,Gone up a lot,Gone up a little,Not noticed any difference either way,Gone down a little,Gone down a lot,,,,,,45.9,35.6,8.8,4.0,2.7,,,,,,VI-2026-07-01-Opinium-Observer-Web-Tables-1704.xlsx,Summary CL
"2,050 UK adults",1st - 3rd July 2026,,,,2011,,total,Total,"Q:CL. Do you think each of the following have gone up or gone down over the past 12 months?
 The overall cost of living",Best party on cost of living,cost of living,Gone up a lot,Gone up a little,Not noticed any difference either way,Gone down a little,Gone down a lot,,,,,,45.9,35.6,8.8,4.0,2.7,,,,,,VI-2026-07-01-Opinium-Observer-Web-Tables-1704.xlsx,CL
"2,050 UK adults",1st - 3rd July 2026,,,,2011,,current_vote,Con,"Q:CL. Do you think each of the following have gone up or gone down over the past 12 months?
 The overall cost of living",Best party on cost of living,cost of living,Gone up a lot,Gone up a little,Not noticed any difference either way,Gone down a little,Gone down a lot,,,,,,42.3,40.6,8.4,4.7,2.9,,,,,,VI-2026-07-01-Opinium-Observer-Web-Tables-1704.xlsx,CL
"2,050 UK adults",1st - 3rd July 2026,,,,2011,,current_vote,Lab,"Q:CL. Do you think each of the following have gone up or gone down over the past 12 months?
 The overall cost of living",Best party on cost of living,cost of living,Gone up a lot,Gone up a little,Not noticed any difference either way,Gone down a little,Gone down a lot,,,,,,31.1,43.7,14.1,7.4,2.9,,,,,,VI-2026-07-01-Opinium-Observer-Web-Tables-1704.xlsx,CL
"2,050 UK adults",1st - 3rd July 2026,,,,2011,,current_vote,Lib Dem,"Q:CL. Do you think each of the following have gone up or gone down over the past 12 months?
 The overall cost of living",Best party on cost of living,cost of living,Gone up a lot,Gone up a little,Not noticed any difference either way,Gone down a little,Gone down a lot,,,,,,41.7,42.7,9.5,2.1,0.8,,,,,,VI-2026-07-01-Opinium-Observer-Web-Tables-1704.xlsx,CL
"2,050 UK adults",1st - 3rd July 2026,,,,2011,,current_vote,Reform,"Q:CL. Do you think each of the following have gone up or gone down over the past 12 months?
 The overall cost of living",Best party on cost of living,cost of living,Gone up a lot,Gone up a little,Not noticed any difference either way,Gone down a little,Gone down a lot,,,,,,55.4,31.9,5.6,3.3,3.1,,,,,,VI-2026-07-01-Opinium-Observer-Web-Tables-1704.xlsx,CL
"2,050 UK adults",1st - 3rd July 2026,,,,2011,,current_vote,Green,"Q:CL. Do you think each of the following have gone up or gone down over the past 12 months?
 The overall cost of living",Best party on cost of living,cost of living,Gone up a lot,Gone up a little,Not noticed any difference either way,Gone down a little,Gone down a lot,,,,,,43.2,37.3,11.2,4.0,2.6,,,,,,VI-2026-07-01-Opinium-Observer-Web-Tables-1704.xlsx,CL
"2,050 UK adults",1st - 3rd July 2026,,,,2011,,historic_vote,Con,"Q:CL. Do you think each of the following have gone up or gone down over the past 12 months?
 The overall cost of living",Best party on cost of living,cost of living,Gone up a lot,Gone up a little,Not noticed any difference either way,Gone down a little,Gone down a lot,,,,,,49.8,36.5,7.1,4.0,1.9,,,,,,VI-2026-07-01-Opinium-Observer-Web-Tables-1704.xlsx,CL
"2,050 UK adults",1st - 3rd July 2026,,,,2011,,historic_vote,Lab,"Q:CL. Do you think each of the following have gone up or gone down over the past 12 months?
 The overall cost of living",Best party on cost of living,cost of living,Gone up a lot,Gone up a little,Not noticed any difference either way,Gone down a little,Gone down a lot,,,,,,41.6,40.1,9.3,5.1,3.1,,,,,,VI-2026-07-01-Opinium-Observer-Web-Tables-1704.xlsx,CL
"2,050 UK adults",1st - 3rd July 2026,,,,2011,,historic_vote,Lib Dems,"Q:CL. Do you think each of the following have gone up or gone down over the past 12 months?
 The overall cost of living",Best party on cost of living,cost of living,Gone up a lot,Gone up a little,Not noticed any difference either way,Gone down a little,Gone down a lot,,,,,,40.7,44.4,7.9,2.0,1.9,,,,,,VI-2026-07-01-Opinium-Observer-Web-Tables-1704.xlsx,CL
"2,050 UK adults",1st - 3rd July 2026,,,,2011,,historic_vote,Reform,"Q:CL. Do you think each of the following have gone up or gone down over the past 12 months?
 The overall cost of living",Best party on cost of living,cost of living,Gone up a lot,Gone up a little,Not noticed any difference either way,Gone down a little,Gone down a lot,,,,,,50.6,35.5,4.9,2.8,4.3,,,,,,VI-2026-07-01-Opinium-Observer-Web-Tables-1704.xlsx,CL
"2,050 UK adults",1st - 3rd July 2026,,,,2011,,historic_vote,Green,"Q:CL. Do you think each of the following have gone up or gone down over the past 12 months?
 The overall cost of living",Best party on cost of living,cost of living,Gone up a lot,Gone up a little,Not noticed any difference either way,Gone down a little,Gone down a lot,,,,,,43.2,36.8,9.7,6.4,2.9,,,,,,VI-2026-07-01-Opinium-Observer-Web-Tables-1704.xlsx,CL
"2,050 UK adults",1st - 3rd July 2026,,,,2011,,historic_vote,Con,"Q:CL. Do you think each of the following have gone up or gone down over the past 12 months?
 The overall cost of living",Best party on cost of living,cost of living,Gone up a lot,Gone up a little,Not noticed any difference either way,Gone down a little,Gone down a lot,,,,,,49.0,38.3,6.5,2.2,3.2,,,,,,VI-2026-07-01-Opinium-Observer-Web-Tables-1704.xlsx,CL
"2,050 UK adults",1st - 3rd July 2026,,,,2011,,historic_vote,Lab,"Q:CL. Do you think each of the following have gone up or gone down over the past 12 months?
 The overall cost of living",Best party on cost of living,cost of living,Gone up a lot,Gone up a little,Not noticed any difference either way,Gone down a little,Gone down a lot,,,,,,44.9,37.5,7.7,6.4,2.7,,,,,,VI-2026-07-01-Opinium-Observer-Web-Tables-1704.xlsx,CL
"2,050 UK adults",1st - 3rd July 2026,,,,2011,,historic_vote,Lib Dem,"Q:CL. Do you think each of the following have gone up or gone down over the past 12 months?
 The overall cost of living",Best party on cost of living,cost of living,Gone up a lot,Gone up a little,Not noticed any difference either way,Gone down a little,Gone down a lot,,,,,,39.4,41.7,10.7,3.0,0.6,,,,,,VI-2026-07-01-Opinium-Observer-Web-Tables-1704.xlsx,CL
"2,050 UK adults",1st - 3rd July 2026,,,,2011,,historic_vote,Remain,"Q:CL. Do you think each of the following have gone up or gone down over the past 12 months?
 The overall cost of living",Best party on cost of living,cost of living,Gone up a lot,Gone up a little,Not noticed any difference either way,Gone down a little,Gone down a lot,,,,,,43.4,42.1,7.7,4.0,1.7,,,,,,VI-2026-07-01-Opinium-Observer-Web-Tables-1704.xlsx,CL
"2,050 UK adults",1st - 3rd July 2026,,,,2011,,historic_vote,Leave,"Q:CL. Do you think each of the following have gone up or gone down over the past 12 months?
 The overall cost of living",Best party on cost of living,cost of living,Gone up a lot,Gone up a little,Not noticed any difference either way,Gone down a little,Gone down a lot,,,,,,54.1,34.4,5.1,2.6,2.9,,,,,,VI-2026-07-01-Opinium-Observer-Web-Tables-1704.xlsx,CL
"2,050 UK adults",1st - 3rd July 2026,,,,2011,,gender,Male,"Q:CL. Do you think each of the following have gone up or gone down over the past 12 months?
 The overall cost of living",Best party on cost of living,cost of living,Gone up a lot,Gone up a little,Not noticed any difference either way,Gone down a little,Gone down a lot,,,,,,39.8,38.8,11.0,5.0,2.7,,,,,,VI-2026-07-01-Opinium-Observer-Web-Tables-1704.xlsx,CL
"2,050 UK adults",1st - 3rd July 2026,,,,2011,,gender,Female,"Q:CL. Do you think each of the following have gone up or gone down over the past 12 months?
 The overall cost of living",Best party on cost of living,cost of living,Gone up a lot,Gone up a little,Not noticed any difference either way,Gone down a little,Gone down a lot,,,,,,51.6,32.8,6.8,3.1,2.8,,,,,,VI-2026-07-01-Opinium-Observer-Web-Tables-1704.xlsx,CL
"2,050 UK adults",1st - 3rd July 2026,,,,2011,,age,18-34,"Q:CL. Do you think each of the following have gone up or gone down over the past 12 months?
 The overall cost of living",Best party on cost of living,cost of living,Gone up a lot,Gone up a little,Not noticed any difference either way,Gone down a little,Gone down a lot,,,,,,40.1,30.6,13.0,6.3,4.9,,,,,,VI-2026-07-01-Opinium-Observer-Web-Tables-1704.xlsx,CL
"2,050 UK adults",1st - 3rd July 2026,,,,2011,,age,35-49,"Q:CL. Do you think each of the following have gone up or gone down over the past 12 months?
 The overall cost of living",Best party on cost of living,cost of living,Gone up a lot,Gone up a little,Not noticed any difference either way,Gone down a little,Gone down a lot,,,,,,44.7,36.6,10.6,3.5,2.5,,,,,,VI-2026-07-01-Opinium-Observer-Web-Tables-1704.xlsx,CL
"2,050 UK adults",1st - 3rd July 2026,,,,2011,,age,50-64,"Q:CL. Do you think each of the following have gone up or gone down over the past 12 months?
 The overall cost of living",Best party on cost of living,cost of living,Gone up a lot,Gone up a little,Not noticed any difference either way,Gone down a little,Gone down a lot,,,,,,50.4,34.0,7.9,2.8,1.8,,,,,,VI-2026-07-01-Opinium-Observer-Web-Tables-1704.xlsx,CL
"2,050 UK adults",1st - 3rd July 2026,,,,2011,,age,65+,"Q:CL. Do you think each of the following have gone up or gone down over the past 12 months?
 The overall cost of living",Best party on cost of living,cost of living,Gone up a lot,Gone up a little,Not noticed any difference either way,Gone down a little,Gone down a lot,,,,,,49.2,42.0,3.1,3.3,1.4,,,,,,VI-2026-07-01-Opinium-Observer-Web-Tables-1704.xlsx,CL
"2,050 UK adults",1st - 3rd July 2026,,,,2011,,region,North,"Q:CL. Do you think each of the following have gone up or gone down over the past 12 months?
 The overall cost of living",Best party on cost of living,cost of living,Gone up a lot,Gone up a little,Not noticed any difference either way,Gone down a little,Gone down a lot,,,,,,45.9,33.1,8.3,4.0,5.1,,,,,,VI-2026-07-01-Opinium-Observer-Web-Tables-1704.xlsx,CL
"2,050 UK adults",1st - 3rd July 2026,,,,2011,,region,Mids,"Q:CL. Do you think each of the following have gone up or gone down over the past 12 months?
 The overall cost of living",Best party on cost of living,cost of living,Gone up a lot,Gone up a little,Not noticed any difference either way,Gone down a little,Gone down a lot,,,,,,43.0,36.8,9.3,5.0,2.5,,,,,,VI-2026-07-01-Opinium-Observer-Web-Tables-1704.xlsx,CL
"2,050 UK adults",1st - 3rd July 2026,,,,2011,,region,London,"Q:CL. Do you think each of the following have gone up or gone down over the past 12 months?
 The overall cost of living",Best party on cost of living,cost of living,Gone up a lot,Gone up a little,Not noticed any difference either way,Gone down a little,Gone down a lot,,,,,,44.2,36.3,10.7,3.2,3.3,,,,,,VI-2026-07-01-Opinium-Observer-Web-Tables-1704.xlsx,CL
"2,050 UK adults",1st - 3rd July 2026,,,,2011,,region,South,"Q:CL. Do you think each of the following have gone up or gone down over the past 12 months?
 The overall cost of living",Best party on cost of living,cost of living,Gone up a lot,Gone up a little,Not noticed any difference either way,Gone down a little,Gone down a lot,,,,,,48.0,36.8,7.9,3.6,1.2,,,,,,VI-2026-07-01-Opinium-Observer-Web-Tables-1704.xlsx,CL
"2,050 UK adults",1st - 3rd July 2026,,,,2011,,region,Wales,"Q:CL. Do you think each of the following have gone up or gone down over the past 12 months?
 The overall cost of living",Best party on cost of living,cost of living,Gone up a lot,Gone up a little,Not noticed any difference either way,Gone down a little,Gone down a lot,,,,,,49.2,29.9,7.3,7.9,4.2,,,,,,VI-2026-07-01-Opinium-Observer-Web-Tables-1704.xlsx,CL
"2,050 UK adults",1st - 3rd July 2026,,,,2011,,region,Scotland,"Q:CL. Do you think each of the following have gone up or gone down over the past 12 months?
 The overall cost of living",Best party on cost of living,cost of living,Gone up a lot,Gone up a little,Not noticed any difference either way,Gone down a little,Gone down a lot,,,,,,44.7,37.5,10.6,3.2,0.6,,,,,,VI-2026-07-01-Opinium-Observer-Web-Tables-1704.xlsx,CL
"2,050 UK adults",1st - 3rd July 2026,,,,2011,,region,Northern Ireland,"Q:CL. Do you think each of the following have gone up or gone down over the past 12 months?
 The overall cost of living",Best party on cost of living,cost of living,Gone up a lot,Gone up a little,Not noticed any difference either way,Gone down a little,Gone down a lot,,,,,,,,,,,,,,,,VI-2026-07-01-Opinium-Observer-Web-Tables-1704.xlsx,CL
"2,050 UK adults",1st - 3rd July 2026,,,,2011,,total,Total,"Q:CL. Do you think each of the following have gone up or gone down over the past 12 months?
 The cost of your energy bills",Best party on energy,energy,Gone up a lot,Gone up a little,Not noticed any difference either way,Gone down a little,Gone down a lot,,,,,,40.5,38.5,13.2,2.7,0.8,,,,,,VI-2026-07-01-Opinium-Observer-Web-Tables-1704.xlsx,CL (2)
"2,050 UK adults",1st - 3rd July 2026,,,,2011,,current_vote,Con,"Q:CL. Do you think each of the following have gone up or gone down over the past 12 months?
 The cost of your energy bills",Best party on energy,energy,Gone up a lot,Gone up a little,Not noticed any difference either way,Gone down a little,Gone down a lot,,,,,,37.4,45.5,12.7,2.1,,,,,,,VI-2026-07-01-Opinium-Observer-Web-Tables-1704.xlsx,CL (2)
"2,050 UK adults",1st - 3rd July 2026,,,,2011,,current_vote,Lab,"Q:CL. Do you think each of the following have gone up or gone down over the past 12 months?
 The cost of your energy bills",Best party on energy,energy,Gone up a lot,Gone up a little,Not noticed any difference either way,Gone down a little,Gone down a lot,,,,,,27.9,44.6,18.8,5.2,1.7,,,,,,VI-2026-07-01-Opinium-Observer-Web-Tables-1704.xlsx,CL (2)
"2,050 UK adults",1st - 3rd July 2026,,,,2011,,current_vote,Lib Dem,"Q:CL. Do you think each of the following have gone up or gone down over the past 12 months?
 The cost of your energy bills",Best party on energy,energy,Gone up a lot,Gone up a little,Not noticed any difference either way,Gone down a little,Gone down a lot,,,,,,35.8,44.7,14.2,2.3,1.6,,,,,,VI-2026-07-01-Opinium-Observer-Web-Tables-1704.xlsx,CL (2)
"2,050 UK adults",1st - 3rd July 2026,,,,2011,,current_vote,Reform,"Q:CL. Do you think each of the following have gone up or gone down over the past 12 months?
 The cost of your energy bills",Best party on energy,energy,Gone up a lot,Gone up a little,Not noticed any difference either way,Gone down a little,Gone down a lot,,,,,,53.6,31.7,10.2,2.4,0.5,,,,,,VI-2026-07-01-Opinium-Observer-Web-Tables-1704.xlsx,CL (2)
"2,050 UK adults",1st - 3rd July 2026,,,,2011,,current_vote,Green,"Q:CL. Do you think each of the following have gone up or gone down over the past 12 months?
 The cost of your energy bills",Best party on energy,energy,Gone up a lot,Gone up a little,Not noticed any difference either way,Gone down a little,Gone down a lot,,,,,,31.5,45.2,15.6,2.7,,,,,,,VI-2026-07-01-Opinium-Observer-Web-Tables-1704.xlsx,CL (2)
"2,050 UK adults",1st - 3rd July 2026,,,,2011,,historic_vote,Con,"Q:CL. Do you think each of the following have gone up or gone down over the past 12 months?
 The cost of your energy bills",Best party on energy,energy,Gone up a lot,Gone up a little,Not noticed any difference either way,Gone down a little,Gone down a lot,,,,,,46.1,37.4,13.4,1.3,0.1,,,,,,VI-2026-07-01-Opinium-Observer-Web-Tables-1704.xlsx,CL (2)
"2,050 UK adults",1st - 3rd July 2026,,,,2011,,historic_vote,Lab,"Q:CL. Do you think each of the following have gone up or gone down over the past 12 months?
 The cost of your energy bills",Best party on energy,energy,Gone up a lot,Gone up a little,Not noticed any difference either way,Gone down a little,Gone down a lot,,,,,,37.1,42.8,13.8,3.9,0.3,,,,,,VI-2026-07-01-Opinium-Observer-Web-Tables-1704.xlsx,CL (2)
"2,050 UK adults",1st - 3rd July 2026,,,,2011,,historic_vote,Lib Dems,"Q:CL. Do you think each of the following have gone up or gone down over the past 12 months?
 The cost of your energy bills",Best party on energy,energy,Gone up a lot,Gone up a little,Not noticed any difference either way,Gone down a little,Gone down a lot,,,,,,36.6,41.9,15.8,1.8,3.2,,,,,,VI-2026-07-01-Opinium-Observer-Web-Tables-1704.xlsx,CL (2)
"2,050 UK adults",1st - 3rd July 2026,,,,2011,,historic_vote,Reform,"Q:CL. Do you think each of the following have gone up or gone down over the past 12 months?
 The cost of your energy bills",Best party on energy,energy,Gone up a lot,Gone up a little,Not noticed any difference either way,Gone down a little,Gone down a lot,,,,,,50.1,38.4,6.5,1.9,0.8,,,,,,VI-2026-07-01-Opinium-Observer-Web-Tables-1704.xlsx,CL (2)
"2,050 UK adults",1st - 3rd July 2026,,,,2011,,historic_vote,Green,"Q:CL. Do you think each of the following have gone up or gone down over the past 12 months?
 The cost of your energy bills",Best party on energy,energy,Gone up a lot,Gone up a little,Not noticed any difference either way,Gone down a little,Gone down a lot,,,,,,32.4,43.6,17.3,2.9,0.9,,,,,,VI-2026-07-01-Opinium-Observer-Web-Tables-1704.xlsx,CL (2)
"2,050 UK adults",1st - 3rd July 2026,,,,2011,,historic_vote,Con,"Q:CL. Do you think each of the following have gone up or gone down over the past 12 months?
 The cost of your energy bills",Best party on energy,energy,Gone up a lot,Gone up a little,Not noticed any difference either way,Gone down a little,Gone down a lot,,,,,,48.5,38.7,9.5,1.9,0.1,,,,,,VI-2026-07-01-Opinium-Observer-Web-Tables-1704.xlsx,CL (2)
"2,050 UK adults",1st - 3rd July 2026,,,,2011,,historic_vote,Lab,"Q:CL. Do you think each of the following have gone up or gone down over the past 12 months?
 The cost of your energy bills",Best party on energy,energy,Gone up a lot,Gone up a little,Not noticed any difference either way,Gone down a little,Gone down a lot,,,,,,42.3,37.7,12.4,3.6,1.1,,,,,,VI-2026-07-01-Opinium-Observer-Web-Tables-1704.xlsx,CL (2)
"2,050 UK adults",1st - 3rd July 2026,,,,2011,,historic_vote,Lib Dem,"Q:CL. Do you think each of the following have gone up or gone down over the past 12 months?
 The cost of your energy bills",Best party on energy,energy,Gone up a lot,Gone up a little,Not noticed any difference either way,Gone down a little,Gone down a lot,,,,,,31.6,42.7,17.9,4.7,2.0,,,,,,VI-2026-07-01-Opinium-Observer-Web-Tables-1704.xlsx,CL (2)
"2,050 UK adults",1st - 3rd July 2026,,,,2011,,historic_vote,Remain,"Q:CL. Do you think each of the following have gone up or gone down over the past 12 months?
 The cost of your energy bills",Best party on energy,energy,Gone up a lot,Gone up a little,Not noticed any difference either way,Gone down a little,Gone down a lot,,,,,,38.2,43.0,12.8,3.3,1.0,,,,,,VI-2026-07-01-Opinium-Observer-Web-Tables-1704.xlsx,CL (2)
"2,050 UK adults",1st - 3rd July 2026,,,,2011,,historic_vote,Leave,"Q:CL. Do you think each of the following have gone up or gone down over the past 12 months?
 The cost of your energy bills",Best party on energy,energy,Gone up a lot,Gone up a little,Not noticed any difference either way,Gone down a little,Gone down a lot,,,,,,50.0,37.1,9.1,2.0,0.3,,,,,,VI-2026-07-01-Opinium-Observer-Web-Tables-1704.xlsx,CL (2)
"2,050 UK adults",1st - 3rd July 2026,,,,2011,,gender,Male,"Q:CL. Do you think each of the following have gone up or gone down over the past 12 months?
 The cost of your energy bills",Best party on energy,energy,Gone up a lot,Gone up a little,Not noticed any difference either way,Gone down a little,Gone down a lot,,,,,,35.9,39.3,14.7,3.5,1.2,,,,,,VI-2026-07-01-Opinium-Observer-Web-Tables-1704.xlsx,CL (2)
"2,050 UK adults",1st - 3rd July 2026,,,,2011,,gender,Female,"Q:CL. Do you think each of the following have gone up or gone down over the past 12 months?
 The cost of your energy bills",Best party on energy,energy,Gone up a lot,Gone up a little,Not noticed any difference either way,Gone down a little,Gone down a lot,,,,,,44.9,37.8,11.7,1.9,0.5,,,,,,VI-2026-07-01-Opinium-Observer-Web-Tables-1704.xlsx,CL (2)
"2,050 UK adults",1st - 3rd July 2026,,,,2011,,age,18-34,"Q:CL. Do you think each of the following have gone up or gone down over the past 12 months?
 The cost of your energy bills",Best party on energy,energy,Gone up a lot,Gone up a little,Not noticed any difference either way,Gone down a little,Gone down a lot,,,,,,32.8,35.9,16.9,3.5,1.5,,,,,,VI-2026-07-01-Opinium-Observer-Web-Tables-1704.xlsx,CL (2)
"2,050 UK adults",1st - 3rd July 2026,,,,2011,,age,35-49,"Q:CL. Do you think each of the following have gone up or gone down over the past 12 months?
 The cost of your energy bills",Best party on energy,energy,Gone up a lot,Gone up a little,Not noticed any difference either way,Gone down a little,Gone down a lot,,,,,,39.6,38.9,14.6,3.1,0.7,,,,,,VI-2026-07-01-Opinium-Observer-Web-Tables-1704.xlsx,CL (2)
"2,050 UK adults",1st - 3rd July 2026,,,,2011,,age,50-64,"Q:CL. Do you think each of the following have gone up or gone down over the past 12 months?
 The cost of your energy bills",Best party on energy,energy,Gone up a lot,Gone up a little,Not noticed any difference either way,Gone down a little,Gone down a lot,,,,,,46.9,36.7,9.7,3.2,0.9,,,,,,VI-2026-07-01-Opinium-Observer-Web-Tables-1704.xlsx,CL (2)
"2,050 UK adults",1st - 3rd July 2026,,,,2011,,age,65+,"Q:CL. Do you think each of the following have gone up or gone down over the past 12 months?
 The cost of your energy bills",Best party on energy,energy,Gone up a lot,Gone up a little,Not noticed any difference either way,Gone down a little,Gone down a lot,,,,,,43.7,42.8,11.0,0.8,0.2,,,,,,VI-2026-07-01-Opinium-Observer-Web-Tables-1704.xlsx,CL (2)
"2,050 UK adults",1st - 3rd July 2026,,,,2011,,region,North,"Q:CL. Do you think each of the following have gone up or gone down over the past 12 months?
 The cost of your energy bills",Best party on energy,energy,Gone up a lot,Gone up a little,Not noticed any difference either way,Gone down a little,Gone down a lot,,,,,,42.8,34.5,14.7,3.2,1.1,,,,,,VI-2026-07-01-Opinium-Observer-Web-Tables-1704.xlsx,CL (2)
"2,050 UK adults",1st - 3rd July 2026,,,,2011,,region,Mids,"Q:CL. Do you think each of the following have gone up or gone down over the past 12 months?
 The cost of your energy bills",Best party on energy,energy,Gone up a lot,Gone up a little,Not noticed any difference either way,Gone down a little,Gone down a lot,,,,,,36.2,42.4,13.4,2.6,0.8,,,,,,VI-2026-07-01-Opinium-Observer-Web-Tables-1704.xlsx,CL (2)
"2,050 UK adults",1st - 3rd July 2026,,,,2011,,region,London,"Q:CL. Do you think each of the following have gone up or gone down over the past 12 months?
 The cost of your energy bills",Best party on energy,energy,Gone up a lot,Gone up a little,Not noticed any difference either way,Gone down a little,Gone down a lot,,,,,,38.4,38.6,14.0,1.1,1.9,,,,,,VI-2026-07-01-Opinium-Observer-Web-Tables-1704.xlsx,CL (2)
"2,050 UK adults",1st - 3rd July 2026,,,,2011,,region,South,"Q:CL. Do you think each of the following have gone up or gone down over the past 12 months?
 The cost of your energy bills",Best party on energy,energy,Gone up a lot,Gone up a little,Not noticed any difference either way,Gone down a little,Gone down a lot,,,,,,42.1,39.8,11.2,2.6,0.2,,,,,,VI-2026-07-01-Opinium-Observer-Web-Tables-1704.xlsx,CL (2)
"2,050 UK adults",1st - 3rd July 2026,,,,2011,,region,Wales,"Q:CL. Do you think each of the following have gone up or gone down over the past 12 months?
 The cost of your energy bills",Best party on energy,energy,Gone up a lot,Gone up a little,Not noticed any difference either way,Gone down a little,Gone down a lot,,,,,,41.0,34.2,11.8,7.0,0.9,,,,,,VI-2026-07-01-Opinium-Observer-Web-Tables-1704.xlsx,CL (2)
"2,050 UK adults",1st - 3rd July 2026,,,,2011,,region,Scotland,"Q:CL. Do you think each of the following have gone up or gone down over the past 12 months?
 The cost of your energy bills",Best party on energy,energy,Gone up a lot,Gone up a little,Not noticed any difference either way,Gone down a little,Gone down a lot,,,,,,39.5,39.3,15.2,2.0,1.2,,,,,,VI-2026-07-01-Opinium-Observer-Web-Tables-1704.xlsx,CL (2)
"2,050 UK adults",1st - 3rd July 2026,,,,2011,,region,Northern Ireland,"Q:CL. Do you think each of the following have gone up or gone down over the past 12 months?
 The cost of your energy bills",Best party on energy,energy,Gone up a lot,Gone up a little,Not noticed any difference either way,Gone down a little,Gone down a lot,,,,,,,,,,,,,,,,VI-2026-07-01-Opinium-Observer-Web-Tables-1704.xlsx,CL (2)
"2,050 UK adults",1st - 3rd July 2026,,,,2011,,total,Total,"Q:CL. Do you think each of the following have gone up or gone down over the past 12 months?
 The cost of your groceries",UNMATCHED,,Gone up a lot,Gone up a little,Not noticed any difference either way,Gone down a little,Gone down a lot,,,,,,48.0,39.5,7.9,1.4,0.9,,,,,,VI-2026-07-01-Opinium-Observer-Web-Tables-1704.xlsx,CL (3)
"2,050 UK adults",1st - 3rd July 2026,,,,2011,,current_vote,Con,"Q:CL. Do you think each of the following have gone up or gone down over the past 12 months?
 The cost of your groceries",UNMATCHED,,Gone up a lot,Gone up a little,Not noticed any difference either way,Gone down a little,Gone down a lot,,,,,,41.3,50.6,5.7,1.2,0.6,,,,,,VI-2026-07-01-Opinium-Observer-Web-Tables-1704.xlsx,CL (3)
"2,050 UK adults",1st - 3rd July 2026,,,,2011,,current_vote,Lab,"Q:CL. Do you think each of the following have gone up or gone down over the past 12 months?
 The cost of your groceries",UNMATCHED,,Gone up a lot,Gone up a little,Not noticed any difference either way,Gone down a little,Gone down a lot,,,,,,34.6,46.6,11.3,3.7,2.0,,,,,,VI-2026-07-01-Opinium-Observer-Web-Tables-1704.xlsx,CL (3)
"2,050 UK adults",1st - 3rd July 2026,,,,2011,,current_vote,Lib Dem,"Q:CL. Do you think each of the following have gone up or gone down over the past 12 months?
 The cost of your groceries",UNMATCHED,,Gone up a lot,Gone up a little,Not noticed any difference either way,Gone down a little,Gone down a lot,,,,,,47.9,43.1,8.2,0.8,,,,,,,VI-2026-07-01-Opinium-Observer-Web-Tables-1704.xlsx,CL (3)
"2,050 UK adults",1st - 3rd July 2026,,,,2011,,current_vote,Reform,"Q:CL. Do you think each of the following have gone up or gone down over the past 12 months?
 The cost of your groceries",UNMATCHED,,Gone up a lot,Gone up a little,Not noticed any difference either way,Gone down a little,Gone down a lot,,,,,,59.3,33.8,5.3,0.9,0.6,,,,,,VI-2026-07-01-Opinium-Observer-Web-Tables-1704.xlsx,CL (3)
"2,050 UK adults",1st - 3rd July 2026,,,,2011,,current_vote,Green,"Q:CL. Do you think each of the following have gone up or gone down over the past 12 months?
 The cost of your groceries",UNMATCHED,,Gone up a lot,Gone up a little,Not noticed any difference either way,Gone down a little,Gone down a lot,,,,,,45.3,42.2,10.9,1.2,,,,,,,VI-2026-07-01-Opinium-Observer-Web-Tables-1704.xlsx,CL (3)
"2,050 UK adults",1st - 3rd July 2026,,,,2011,,historic_vote,Con,"Q:CL. Do you think each of the following have gone up or gone down over the past 12 months?
 The cost of your groceries",UNMATCHED,,Gone up a lot,Gone up a little,Not noticed any difference either way,Gone down a little,Gone down a lot,,,,,,48.8,44.4,4.9,1.1,0.4,,,,,,VI-2026-07-01-Opinium-Observer-Web-Tables-1704.xlsx,CL (3)
"2,050 UK adults",1st - 3rd July 2026,,,,2011,,historic_vote,Lab,"Q:CL. Do you think each of the following have gone up or gone down over the past 12 months?
 The cost of your groceries",UNMATCHED,,Gone up a lot,Gone up a little,Not noticed any difference either way,Gone down a little,Gone down a lot,,,,,,45.5,43.8,7.4,1.0,1.3,,,,,,VI-2026-07-01-Opinium-Observer-Web-Tables-1704.xlsx,CL (3)
"2,050 UK adults",1st - 3rd July 2026,,,,2011,,historic_vote,Lib Dems,"Q:CL. Do you think each of the following have gone up or gone down over the past 12 months?
 The cost of your groceries",UNMATCHED,,Gone up a lot,Gone up a little,Not noticed any difference either way,Gone down a little,Gone down a lot,,,,,,41.3,48.7,7.6,1.3,1.1,,,,,,VI-2026-07-01-Opinium-Observer-Web-Tables-1704.xlsx,CL (3)
"2,050 UK adults",1st - 3rd July 2026,,,,2011,,historic_vote,Reform,"Q:CL. Do you think each of the following have gone up or gone down over the past 12 months?
 The cost of your groceries",UNMATCHED,,Gone up a lot,Gone up a little,Not noticed any difference either way,Gone down a little,Gone down a lot,,,,,,58.2,36.1,3.4,1.1,0.7,,,,,,VI-2026-07-01-Opinium-Observer-Web-Tables-1704.xlsx,CL (3)
"2,050 UK adults",1st - 3rd July 2026,,,,2011,,historic_vote,Green,"Q:CL. Do you think each of the following have gone up or gone down over the past 12 months?
 The cost of your groceries",UNMATCHED,,Gone up a lot,Gone up a little,Not noticed any difference either way,Gone down a little,Gone down a lot,,,,,,44.8,45.3,6.7,2.5,,,,,,,VI-2026-07-01-Opinium-Observer-Web-Tables-1704.xlsx,CL (3)
"2,050 UK adults",1st - 3rd July 2026,,,,2011,,historic_vote,Con,"Q:CL. Do you think each of the following have gone up or gone down over the past 12 months?
 The cost of your groceries",UNMATCHED,,Gone up a lot,Gone up a little,Not noticed any difference either way,Gone down a little,Gone down a lot,,,,,,50.8,43.7,3.9,1.1,0.2,,,,,,VI-2026-07-01-Opinium-Observer-Web-Tables-1704.xlsx,CL (3)
"2,050 UK adults",1st - 3rd July 2026,,,,2011,,historic_vote,Lab,"Q:CL. Do you think each of the following have gone up or gone down over the past 12 months?
 The cost of your groceries",UNMATCHED,,Gone up a lot,Gone up a little,Not noticed any difference either way,Gone down a little,Gone down a lot,,,,,,50.3,39.1,6.1,1.5,1.7,,,,,,VI-2026-07-01-Opinium-Observer-Web-Tables-1704.xlsx,CL (3)
"2,050 UK adults",1st - 3rd July 2026,,,,2011,,historic_vote,Lib Dem,"Q:CL. Do you think each of the following have gone up or gone down over the past 12 months?
 The cost of your groceries",UNMATCHED,,Gone up a lot,Gone up a little,Not noticed any difference either way,Gone down a little,Gone down a lot,,,,,,44.1,46.3,9.1,,0.5,,,,,,VI-2026-07-01-Opinium-Observer-Web-Tables-1704.xlsx,CL (3)
"2,050 UK adults",1st - 3rd July 2026,,,,2011,,historic_vote,Remain,"Q:CL. Do you think each of the following have gone up or gone down over the past 12 months?
 The cost of your groceries",UNMATCHED,,Gone up a lot,Gone up a little,Not noticed any difference either way,Gone down a little,Gone down a lot,,,,,,47.9,43.2,6.0,1.3,1.1,,,,,,VI-2026-07-01-Opinium-Observer-Web-Tables-1704.xlsx,CL (3)
"2,050 UK adults",1st - 3rd July 2026,,,,2011,,historic_vote,Leave,"Q:CL. Do you think each of the following have gone up or gone down over the past 12 months?
 The cost of your groceries",UNMATCHED,,Gone up a lot,Gone up a little,Not noticed any difference either way,Gone down a little,Gone down a lot,,,,,,57.3,37.3,4.2,0.7,0.2,,,,,,VI-2026-07-01-Opinium-Observer-Web-Tables-1704.xlsx,CL (3)
"2,050 UK adults",1st - 3rd July 2026,,,,2011,,gender,Male,"Q:CL. Do you think each of the following have gone up or gone down over the past 12 months?
 The cost of your groceries",UNMATCHED,,Gone up a lot,Gone up a little,Not noticed any difference either way,Gone down a little,Gone down a lot,,,,,,38.5,45.6,10.3,2.1,0.8,,,,,,VI-2026-07-01-Opinium-Observer-Web-Tables-1704.xlsx,CL (3)
"2,050 UK adults",1st - 3rd July 2026,,,,2011,,gender,Female,"Q:CL. Do you think each of the following have gone up or gone down over the past 12 months?
 The cost of your groceries",UNMATCHED,,Gone up a lot,Gone up a little,Not noticed any difference either way,Gone down a little,Gone down a lot,,,,,,56.7,34.0,5.8,0.7,0.9,,,,,,VI-2026-07-01-Opinium-Observer-Web-Tables-1704.xlsx,CL (3)
"2,050 UK adults",1st - 3rd July 2026,,,,2011,,age,18-34,"Q:CL. Do you think each of the following have gone up or gone down over the past 12 months?
 The cost of your groceries",UNMATCHED,,Gone up a lot,Gone up a little,Not noticed any difference either way,Gone down a little,Gone down a lot,,,,,,39.5,35.9,14.9,2.9,2.3,,,,,,VI-2026-07-01-Opinium-Observer-Web-Tables-1704.xlsx,CL (3)
"2,050 UK adults",1st - 3rd July 2026,,,,2011,,age,35-49,"Q:CL. Do you think each of the following have gone up or gone down over the past 12 months?
 The cost of your groceries",UNMATCHED,,Gone up a lot,Gone up a little,Not noticed any difference either way,Gone down a little,Gone down a lot,,,,,,48.3,39.7,8.4,1.2,0.7,,,,,,VI-2026-07-01-Opinium-Observer-Web-Tables-1704.xlsx,CL (3)
"2,050 UK adults",1st - 3rd July 2026,,,,2011,,age,50-64,"Q:CL. Do you think each of the following have gone up or gone down over the past 12 months?
 The cost of your groceries",UNMATCHED,,Gone up a lot,Gone up a little,Not noticed any difference either way,Gone down a little,Gone down a lot,,,,,,54.8,37.7,5.1,0.3,0.2,,,,,,VI-2026-07-01-Opinium-Observer-Web-Tables-1704.xlsx,CL (3)
"2,050 UK adults",1st - 3rd July 2026,,,,2011,,age,65+,"Q:CL. Do you think each of the following have gone up or gone down over the past 12 months?
 The cost of your groceries",UNMATCHED,,Gone up a lot,Gone up a little,Not noticed any difference either way,Gone down a little,Gone down a lot,,,,,,50.3,45.3,2.2,1.0,0.2,,,,,,VI-2026-07-01-Opinium-Observer-Web-Tables-1704.xlsx,CL (3)
"2,050 UK adults",1st - 3rd July 2026,,,,2011,,region,North,"Q:CL. Do you think each of the following have gone up or gone down over the past 12 months?
 The cost of your groceries",UNMATCHED,,Gone up a lot,Gone up a little,Not noticed any difference either way,Gone down a little,Gone down a lot,,,,,,48.3,37.3,8.4,1.3,1.3,,,,,,VI-2026-07-01-Opinium-Observer-Web-Tables-1704.xlsx,CL (3)
"2,050 UK adults",1st - 3rd July 2026,,,,2011,,region,Mids,"Q:CL. Do you think each of the following have gone up or gone down over the past 12 months?
 The cost of your groceries",UNMATCHED,,Gone up a lot,Gone up a little,Not noticed any difference either way,Gone down a little,Gone down a lot,,,,,,50.2,37.7,7.8,1.1,0.7,,,,,,VI-2026-07-01-Opinium-Observer-Web-Tables-1704.xlsx,CL (3)
"2,050 UK adults",1st - 3rd July 2026,,,,2011,,region,London,"Q:CL. Do you think each of the following have gone up or gone down over the past 12 months?
 The cost of your groceries",UNMATCHED,,Gone up a lot,Gone up a little,Not noticed any difference either way,Gone down a little,Gone down a lot,,,,,,43.4,42.9,9.5,0.8,1.7,,,,,,VI-2026-07-01-Opinium-Observer-Web-Tables-1704.xlsx,CL (3)
"2,050 UK adults",1st - 3rd July 2026,,,,2011,,region,South,"Q:CL. Do you think each of the following have gone up or gone down over the past 12 months?
 The cost of your groceries",UNMATCHED,,Gone up a lot,Gone up a little,Not noticed any difference either way,Gone down a little,Gone down a lot,,,,,,48.3,41.4,7.2,1.4,0.2,,,,,,VI-2026-07-01-Opinium-Observer-Web-Tables-1704.xlsx,CL (3)
"2,050 UK adults",1st - 3rd July 2026,,,,2011,,region,Wales,"Q:CL. Do you think each of the following have gone up or gone down over the past 12 months?
 The cost of your groceries",UNMATCHED,,Gone up a lot,Gone up a little,Not noticed any difference either way,Gone down a little,Gone down a lot,,,,,,52.5,30.9,7.1,5.7,2.4,,,,,,VI-2026-07-01-Opinium-Observer-Web-Tables-1704.xlsx,CL (3)
"2,050 UK adults",1st - 3rd July 2026,,,,2011,,region,Scotland,"Q:CL. Do you think each of the following have gone up or gone down over the past 12 months?
 The cost of your groceries",UNMATCHED,,Gone up a lot,Gone up a little,Not noticed any difference either way,Gone down a little,Gone down a lot,,,,,,46.1,41.2,7.4,0.5,0.7,,,,,,VI-2026-07-01-Opinium-Observer-Web-Tables-1704.xlsx,CL (3)
"2,050 UK adults",1st - 3rd July 2026,,,,2011,,region,Northern Ireland,"Q:CL. Do you think each of the following have gone up or gone down over the past 12 months?
 The cost of your groceries",UNMATCHED,,Gone up a lot,Gone up a little,Not noticed any difference either way,Gone down a little,Gone down a lot,,,,,,,,,,,,,,,,VI-2026-07-01-Opinium-Observer-Web-Tables-1704.xlsx,CL (3)
"2,050 UK adults",1st - 3rd July 2026,,,,2011,,total,Total,"Q:CL. Do you think each of the following have gone up or gone down over the past 12 months?
 Council tax",UNMATCHED,,Gone up a lot,Gone up a little,Not noticed any difference either way,Gone down a little,Gone down a lot,,,,,,35.8,43.5,12.5,1.8,0.6,,,,,,VI-2026-07-01-Opinium-Observer-Web-Tables-1704.xlsx,CL (4)
"2,050 UK adults",1st - 3rd July 2026,,,,2011,,current_vote,Con,"Q:CL. Do you think each of the following have gone up or gone down over the past 12 months?
 Council tax",UNMATCHED,,Gone up a lot,Gone up a little,Not noticed any difference either way,Gone down a little,Gone down a lot,,,,,,31.3,50.9,10.3,2.1,0.3,,,,,,VI-2026-07-01-Opinium-Observer-Web-Tables-1704.xlsx,CL (4)
"2,050 UK adults",1st - 3rd July 2026,,,,2011,,current_vote,Lab,"Q:CL. Do you think each of the following have gone up or gone down over the past 12 months?
 Council tax",UNMATCHED,,Gone up a lot,Gone up a little,Not noticed any difference either way,Gone down a little,Gone down a lot,,,,,,24.4,50.9,15.7,3.1,1.8,,,,,,VI-2026-07-01-Opinium-Observer-Web-Tables-1704.xlsx,CL (4)
"2,050 UK adults",1st - 3rd July 2026,,,,2011,,current_vote,Lib Dem,"Q:CL. Do you think each of the following have gone up or gone down over the past 12 months?
 Council tax",UNMATCHED,,Gone up a lot,Gone up a little,Not noticed any difference either way,Gone down a little,Gone down a lot,,,,,,31.6,53.0,8.1,2.0,,,,,,,VI-2026-07-01-Opinium-Observer-Web-Tables-1704.xlsx,CL (4)
"2,050 UK adults",1st - 3rd July 2026,,,,2011,,current_vote,Reform,"Q:CL. Do you think each of the following have gone up or gone down over the past 12 months?
 Council tax",UNMATCHED,,Gone up a lot,Gone up a little,Not noticed any difference either way,Gone down a little,Gone down a lot,,,,,,46.9,40.4,8.0,1.7,0.3,,,,,,VI-2026-07-01-Opinium-Observer-Web-Tables-1704.xlsx,CL (4)
"2,050 UK adults",1st - 3rd July 2026,,,,2011,,current_vote,Green,"Q:CL. Do you think each of the following have gone up or gone down over the past 12 months?
 Council tax",UNMATCHED,,Gone up a lot,Gone up a little,Not noticed any difference either way,Gone down a little,Gone down a lot,,,,,,31.7,40.0,20.6,1.7,,,,,,,VI-2026-07-01-Opinium-Observer-Web-Tables-1704.xlsx,CL (4)
"2,050 UK adults",1st - 3rd July 2026,,,,2011,,historic_vote,Con,"Q:CL. Do you think each of the following have gone up or gone down over the past 12 months?
 Council tax",UNMATCHED,,Gone up a lot,Gone up a little,Not noticed any difference either way,Gone down a little,Gone down a lot,,,,,,37.0,45.0,10.1,2.4,0.4,,,,,,VI-2026-07-01-Opinium-Observer-Web-Tables-1704.xlsx,CL (4)
"2,050 UK adults",1st - 3rd July 2026,,,,2011,,historic_vote,Lab,"Q:CL. Do you think each of the following have gone up or gone down over the past 12 months?
 Council tax",UNMATCHED,,Gone up a lot,Gone up a little,Not noticed any difference either way,Gone down a little,Gone down a lot,,,,,,33.6,49.3,10.8,1.2,0.8,,,,,,VI-2026-07-01-Opinium-Observer-Web-Tables-1704.xlsx,CL (4)
"2,050 UK adults",1st - 3rd July 2026,,,,2011,,historic_vote,Lib Dems,"Q:CL. Do you think each of the following have gone up or gone down over the past 12 months?
 Council tax",UNMATCHED,,Gone up a lot,Gone up a little,Not noticed any difference either way,Gone down a little,Gone down a lot,,,,,,32.1,54.6,7.8,1.2,1.1,,,,,,VI-2026-07-01-Opinium-Observer-Web-Tables-1704.xlsx,CL (4)
"2,050 UK adults",1st - 3rd July 2026,,,,2011,,historic_vote,Reform,"Q:CL. Do you think each of the following have gone up or gone down over the past 12 months?
 Council tax",UNMATCHED,,Gone up a lot,Gone up a little,Not noticed any difference either way,Gone down a little,Gone down a lot,,,,,,41.4,48.3,6.3,1.8,,,,,,,VI-2026-07-01-Opinium-Observer-Web-Tables-1704.xlsx,CL (4)
"2,050 UK adults",1st - 3rd July 2026,,,,2011,,historic_vote,Green,"Q:CL. Do you think each of the following have gone up or gone down over the past 12 months?
 Council tax",UNMATCHED,,Gone up a lot,Gone up a little,Not noticed any difference either way,Gone down a little,Gone down a lot,,,,,,35.6,35.5,23.9,3.4,,,,,,,VI-2026-07-01-Opinium-Observer-Web-Tables-1704.xlsx,CL (4)
"2,050 UK adults",1st - 3rd July 2026,,,,2011,,historic_vote,Con,"Q:CL. Do you think each of the following have gone up or gone down over the past 12 months?
 Council tax",UNMATCHED,,Gone up a lot,Gone up a little,Not noticed any difference either way,Gone down a little,Gone down a lot,,,,,,39.2,48.2,7.0,1.5,0.5,,,,,,VI-2026-07-01-Opinium-Observer-Web-Tables-1704.xlsx,CL (4)
"2,050 UK adults",1st - 3rd July 2026,,,,2011,,historic_vote,Lab,"Q:CL. Do you think each of the following have gone up or gone down over the past 12 months?
 Council tax",UNMATCHED,,Gone up a lot,Gone up a little,Not noticed any difference either way,Gone down a little,Gone down a lot,,,,,,36.6,47.4,10.7,1.0,0.7,,,,,,VI-2026-07-01-Opinium-Observer-Web-Tables-1704.xlsx,CL (4)
"2,050 UK adults",1st - 3rd July 2026,,,,2011,,historic_vote,Lib Dem,"Q:CL. Do you think each of the following have gone up or gone down over the past 12 months?
 Council tax",UNMATCHED,,Gone up a lot,Gone up a little,Not noticed any difference either way,Gone down a little,Gone down a lot,,,,,,32.9,49.6,10.5,2.8,,,,,,,VI-2026-07-01-Opinium-Observer-Web-Tables-1704.xlsx,CL (4)
"2,050 UK adults",1st - 3rd July 2026,,,,2011,,historic_vote,Remain,"Q:CL. Do you think each of the following have gone up or gone down over the past 12 months?
 Council tax",UNMATCHED,,Gone up a lot,Gone up a little,Not noticed any difference either way,Gone down a little,Gone down a lot,,,,,,35.5,49.8,9.1,1.5,0.7,,,,,,VI-2026-07-01-Opinium-Observer-Web-Tables-1704.xlsx,CL (4)
"2,050 UK adults",1st - 3rd July 2026,,,,2011,,historic_vote,Leave,"Q:CL. Do you think each of the following have gone up or gone down over the past 12 months?
 Council tax",UNMATCHED,,Gone up a lot,Gone up a little,Not noticed any difference either way,Gone down a little,Gone down a lot,,,,,,43.1,43.4,8.2,1.1,0.3,,,,,,VI-2026-07-01-Opinium-Observer-Web-Tables-1704.xlsx,CL (4)
"2,050 UK adults",1st - 3rd July 2026,,,,2011,,gender,Male,"Q:CL. Do you think each of the following have gone up or gone down over the past 12 months?
 Council tax",UNMATCHED,,Gone up a lot,Gone up a little,Not noticed any difference either way,Gone down a little,Gone down a lot,,,,,,34.8,44.1,12.6,2.4,0.5,,,,,,VI-2026-07-01-Opinium-Observer-Web-Tables-1704.xlsx,CL (4)
"2,050 UK adults",1st - 3rd July 2026,,,,2011,,gender,Female,"Q:CL. Do you think each of the following have gone up or gone down over the past 12 months?
 Council tax",UNMATCHED,,Gone up a lot,Gone up a little,Not noticed any difference either way,Gone down a little,Gone down a lot,,,,,,36.7,43.1,12.3,1.4,0.7,,,,,,VI-2026-07-01-Opinium-Observer-Web-Tables-1704.xlsx,CL (4)
"2,050 UK adults",1st - 3rd July 2026,,,,2011,,age,18-34,"Q:CL. Do you think each of the following have gone up or gone down over the past 12 months?
 Council tax",UNMATCHED,,Gone up a lot,Gone up a little,Not noticed any difference either way,Gone down a little,Gone down a lot,,,,,,29.8,34.0,22.0,3.4,1.3,,,,,,VI-2026-07-01-Opinium-Observer-Web-Tables-1704.xlsx,CL (4)
"2,050 UK adults",1st - 3rd July 2026,,,,2011,,age,35-49,"Q:CL. Do you think each of the following have gone up or gone down over the past 12 months?
 Council tax",UNMATCHED,,Gone up a lot,Gone up a little,Not noticed any difference either way,Gone down a little,Gone down a lot,,,,,,36.2,43.4,13.2,2.4,0.5,,,,,,VI-2026-07-01-Opinium-Observer-Web-Tables-1704.xlsx,CL (4)
"2,050 UK adults",1st - 3rd July 2026,,,,2011,,age,50-64,"Q:CL. Do you think each of the following have gone up or gone down over the past 12 months?
 Council tax",UNMATCHED,,Gone up a lot,Gone up a little,Not noticed any difference either way,Gone down a little,Gone down a lot,,,,,,40.7,46.5,7.6,0.7,0.2,,,,,,VI-2026-07-01-Opinium-Observer-Web-Tables-1704.xlsx,CL (4)
"2,050 UK adults",1st - 3rd July 2026,,,,2011,,age,65+,"Q:CL. Do you think each of the following have gone up or gone down over the past 12 months?
 Council tax",UNMATCHED,,Gone up a lot,Gone up a little,Not noticed any difference either way,Gone down a little,Gone down a lot,,,,,,36.9,51.3,5.8,0.7,0.4,,,,,,VI-2026-07-01-Opinium-Observer-Web-Tables-1704.xlsx,CL (4)
"2,050 UK adults",1st - 3rd July 2026,,,,2011,,region,North,"Q:CL. Do you think each of the following have gone up or gone down over the past 12 months?
 Council tax",UNMATCHED,,Gone up a lot,Gone up a little,Not noticed any difference either way,Gone down a little,Gone down a lot,,,,,,36.7,41.6,12.4,2.3,1.3,,,,,,VI-2026-07-01-Opinium-Observer-Web-Tables-1704.xlsx,CL (4)
"2,050 UK adults",1st - 3rd July 2026,,,,2011,,region,Mids,"Q:CL. Do you think each of the following have gone up or gone down over the past 12 months?
 Council tax",UNMATCHED,,Gone up a lot,Gone up a little,Not noticed any difference either way,Gone down a little,Gone down a lot,,,,,,34.7,41.7,15.8,2.0,0.3,,,,,,VI-2026-07-01-Opinium-Observer-Web-Tables-1704.xlsx,CL (4)
"2,050 UK adults",1st - 3rd July 2026,,,,2011,,region,London,"Q:CL. Do you think each of the following have gone up or gone down over the past 12 months?
 Council tax",UNMATCHED,,Gone up a lot,Gone up a little,Not noticed any difference either way,Gone down a little,Gone down a lot,,,,,,34.9,41.9,14.8,1.3,0.3,,,,,,VI-2026-07-01-Opinium-Observer-Web-Tables-1704.xlsx,CL (4)
"2,050 UK adults",1st - 3rd July 2026,,,,2011,,region,South,"Q:CL. Do you think each of the following have gone up or gone down over the past 12 months?
 Council tax",UNMATCHED,,Gone up a lot,Gone up a little,Not noticed any difference either way,Gone down a little,Gone down a lot,,,,,,37.2,46.6,9.0,1.4,0.5,,,,,,VI-2026-07-01-Opinium-Observer-Web-Tables-1704.xlsx,CL (4)
"2,050 UK adults",1st - 3rd July 2026,,,,2011,,region,Wales,"Q:CL. Do you think each of the following have gone up or gone down over the past 12 months?
 Council tax",UNMATCHED,,Gone up a lot,Gone up a little,Not noticed any difference either way,Gone down a little,Gone down a lot,,,,,,28.9,41.5,16.4,6.6,,,,,,,VI-2026-07-01-Opinium-Observer-Web-Tables-1704.xlsx,CL (4)
"2,050 UK adults",1st - 3rd July 2026,,,,2011,,region,Scotland,"Q:CL. Do you think each of the following have gone up or gone down over the past 12 months?
 Council tax",UNMATCHED,,Gone up a lot,Gone up a little,Not noticed any difference either way,Gone down a little,Gone down a lot,,,,,,34.8,43.9,13.6,,0.7,,,,,,VI-2026-07-01-Opinium-Observer-Web-Tables-1704.xlsx,CL (4)
"2,050 UK adults",1st - 3rd July 2026,,,,2011,,region,Northern Ireland,"Q:CL. Do you think each of the following have gone up or gone down over the past 12 months?
 Council tax",UNMATCHED,,Gone up a lot,Gone up a little,Not noticed any difference either way,Gone down a little,Gone down a lot,,,,,,,,,,,,,,,,VI-2026-07-01-Opinium-Observer-Web-Tables-1704.xlsx,CL (4)
"2,050 UK adults",1st - 3rd July 2026,,,,,,region,Bringing down the national debt and deficit,Q:ECON1. And which government do you think would be best at handling…?,UNMATCHED,,A Labour government led by Keir Starmer ,A Conservative government led by Kemi Badenoch,Neither,,,,,,,,16.5,22.8,43.0,,,,,,,,VI-2026-07-01-Opinium-Observer-Web-Tables-1704.xlsx,Summary ECON1
"2,050 UK adults",1st - 3rd July 2026,,,,2011,,total,Total,"Q:ECON1. And which government do you think would be best at handling…?
 Spending government money efficiently",UNMATCHED,,A Labour government led by Keir Starmer ,A Conservative government led by Kemi Badenoch,Neither,,,,,,,,18.4,22.8,43.2,,,,,,,,VI-2026-07-01-Opinium-Observer-Web-Tables-1704.xlsx,ECON1
"2,050 UK adults",1st - 3rd July 2026,,,,2011,,current_vote,Con,"Q:ECON1. And which government do you think would be best at handling…?
 Spending government money efficiently",UNMATCHED,,A Labour government led by Keir Starmer ,A Conservative government led by Kemi Badenoch,Neither,,,,,,,,5.9,69.4,15.0,,,,,,,,VI-2026-07-01-Opinium-Observer-Web-Tables-1704.xlsx,ECON1
"2,050 UK adults",1st - 3rd July 2026,,,,2011,,current_vote,Lab,"Q:ECON1. And which government do you think would be best at handling…?
 Spending government money efficiently",UNMATCHED,,A Labour government led by Keir Starmer ,A Conservative government led by Kemi Badenoch,Neither,,,,,,,,63.0,9.7,21.0,,,,,,,,VI-2026-07-01-Opinium-Observer-Web-Tables-1704.xlsx,ECON1
"2,050 UK adults",1st - 3rd July 2026,,,,2011,,current_vote,Lib Dem,"Q:ECON1. And which government do you think would be best at handling…?
 Spending government money efficiently",UNMATCHED,,A Labour government led by Keir Starmer ,A Conservative government led by Kemi Badenoch,Neither,,,,,,,,20.6,11.1,54.8,,,,,,,,VI-2026-07-01-Opinium-Observer-Web-Tables-1704.xlsx,ECON1
"2,050 UK adults",1st - 3rd July 2026,,,,2011,,current_vote,Reform,"Q:ECON1. And which government do you think would be best at handling…?
 Spending government money efficiently",UNMATCHED,,A Labour government led by Keir Starmer ,A Conservative government led by Kemi Badenoch,Neither,,,,,,,,4.6,32.1,55.1,,,,,,,,VI-2026-07-01-Opinium-Observer-Web-Tables-1704.xlsx,ECON1
"2,050 UK adults",1st - 3rd July 2026,,,,2011,,current_vote,Green,"Q:ECON1. And which government do you think would be best at handling…?
 Spending government money efficiently",UNMATCHED,,A Labour government led by Keir Starmer ,A Conservative government led by Kemi Badenoch,Neither,,,,,,,,26.1,3.8,59.9,,,,,,,,VI-2026-07-01-Opinium-Observer-Web-Tables-1704.xlsx,ECON1
"2,050 UK adults",1st - 3rd July 2026,,,,2011,,historic_vote,Con,"Q:ECON1. And which government do you think would be best at handling…?
 Spending government money efficiently",UNMATCHED,,A Labour government led by Keir Starmer ,A Conservative government led by Kemi Badenoch,Neither,,,,,,,,4.4,61.3,26.9,,,,,,,,VI-2026-07-01-Opinium-Observer-Web-Tables-1704.xlsx,ECON1
"2,050 UK adults",1st - 3rd July 2026,,,,2011,,historic_vote,Lab,"Q:ECON1. And which government do you think would be best at handling…?
 Spending government money efficiently",UNMATCHED,,A Labour government led by Keir Starmer ,A Conservative government led by Kemi Badenoch,Neither,,,,,,,,42.3,12.9,33.5,,,,,,,,VI-2026-07-01-Opinium-Observer-Web-Tables-1704.xlsx,ECON1
"2,050 UK adults",1st - 3rd July 2026,,,,2011,,historic_vote,Lib Dems,"Q:ECON1. And which government do you think would be best at handling…?
 Spending government money efficiently",UNMATCHED,,A Labour government led by Keir Starmer ,A Conservative government led by Kemi Badenoch,Neither,,,,,,,,17.9,13.2,54.3,,,,,,,,VI-2026-07-01-Opinium-Observer-Web-Tables-1704.xlsx,ECON1
"2,050 UK adults",1st - 3rd July 2026,,,,2011,,historic_vote,Reform,"Q:ECON1. And which government do you think would be best at handling…?
 Spending government money efficiently",UNMATCHED,,A Labour government led by Keir Starmer ,A Conservative government led by Kemi Badenoch,Neither,,,,,,,,5.1,31.0,56.6,,,,,,,,VI-2026-07-01-Opinium-Observer-Web-Tables-1704.xlsx,ECON1
"2,050 UK adults",1st - 3rd July 2026,,,,2011,,historic_vote,Green,"Q:ECON1. And which government do you think would be best at handling…?
 Spending government money efficiently",UNMATCHED,,A Labour government led by Keir Starmer ,A Conservative government led by Kemi Badenoch,Neither,,,,,,,,22.3,8.1,55.0,,,,,,,,VI-2026-07-01-Opinium-Observer-Web-Tables-1704.xlsx,ECON1
"2,050 UK adults",1st - 3rd July 2026,,,,2011,,historic_vote,Con,"Q:ECON1. And which government do you think would be best at handling…?
 Spending government money efficiently",UNMATCHED,,A Labour government led by Keir Starmer ,A Conservative government led by Kemi Badenoch,Neither,,,,,,,,4.9,49.5,35.1,,,,,,,,VI-2026-07-01-Opinium-Observer-Web-Tables-1704.xlsx,ECON1
"2,050 UK adults",1st - 3rd July 2026,,,,2011,,historic_vote,Lab,"Q:ECON1. And which government do you think would be best at handling…?
 Spending government money efficiently",UNMATCHED,,A Labour government led by Keir Starmer ,A Conservative government led by Kemi Badenoch,Neither,,,,,,,,42.3,10.0,38.9,,,,,,,,VI-2026-07-01-Opinium-Observer-Web-Tables-1704.xlsx,ECON1
"2,050 UK adults",1st - 3rd July 2026,,,,2011,,historic_vote,Lib Dem,"Q:ECON1. And which government do you think would be best at handling…?
 Spending government money efficiently",UNMATCHED,,A Labour government led by Keir Starmer ,A Conservative government led by Kemi Badenoch,Neither,,,,,,,,27.0,9.6,50.8,,,,,,,,VI-2026-07-01-Opinium-Observer-Web-Tables-1704.xlsx,ECON1
"2,050 UK adults",1st - 3rd July 2026,,,,2011,,historic_vote,Remain,"Q:ECON1. And which government do you think would be best at handling…?
 Spending government money efficiently",UNMATCHED,,A Labour government led by Keir Starmer ,A Conservative government led by Kemi Badenoch,Neither,,,,,,,,28.9,18.0,40.6,,,,,,,,VI-2026-07-01-Opinium-Observer-Web-Tables-1704.xlsx,ECON1
"2,050 UK adults",1st - 3rd July 2026,,,,2011,,historic_vote,Leave,"Q:ECON1. And which government do you think would be best at handling…?
 Spending government money efficiently",UNMATCHED,,A Labour government led by Keir Starmer ,A Conservative government led by Kemi Badenoch,Neither,,,,,,,,9.6,34.1,46.3,,,,,,,,VI-2026-07-01-Opinium-Observer-Web-Tables-1704.xlsx,ECON1
"2,050 UK adults",1st - 3rd July 2026,,,,2011,,gender,Male,"Q:ECON1. And which government do you think would be best at handling…?
 Spending government money efficiently",UNMATCHED,,A Labour government led by Keir Starmer ,A Conservative government led by Kemi Badenoch,Neither,,,,,,,,19.7,24.6,44.1,,,,,,,,VI-2026-07-01-Opinium-Observer-Web-Tables-1704.xlsx,ECON1
"2,050 UK adults",1st - 3rd July 2026,,,,2011,,gender,Female,"Q:ECON1. And which government do you think would be best at handling…?
 Spending government money efficiently",UNMATCHED,,A Labour government led by Keir Starmer ,A Conservative government led by Kemi Badenoch,Neither,,,,,,,,17.2,21.5,42.3,,,,,,,,VI-2026-07-01-Opinium-Observer-Web-Tables-1704.xlsx,ECON1
"2,050 UK adults",1st - 3rd July 2026,,,,2011,,age,18-34,"Q:ECON1. And which government do you think would be best at handling…?
 Spending government money efficiently",UNMATCHED,,A Labour government led by Keir Starmer ,A Conservative government led by Kemi Badenoch,Neither,,,,,,,,21.6,20.5,41.7,,,,,,,,VI-2026-07-01-Opinium-Observer-Web-Tables-1704.xlsx,ECON1
"2,050 UK adults",1st - 3rd July 2026,,,,2011,,age,35-49,"Q:ECON1. And which government do you think would be best at handling…?
 Spending government money efficiently",UNMATCHED,,A Labour government led by Keir Starmer ,A Conservative government led by Kemi Badenoch,Neither,,,,,,,,22.8,18.9,42.4,,,,,,,,VI-2026-07-01-Opinium-Observer-Web-Tables-1704.xlsx,ECON1
"2,050 UK adults",1st - 3rd July 2026,,,,2011,,age,50-64,"Q:ECON1. And which government do you think would be best at handling…?
 Spending government money efficiently",UNMATCHED,,A Labour government led by Keir Starmer ,A Conservative government led by Kemi Badenoch,Neither,,,,,,,,18.3,20.3,44.6,,,,,,,,VI-2026-07-01-Opinium-Observer-Web-Tables-1704.xlsx,ECON1
"2,050 UK adults",1st - 3rd July 2026,,,,2011,,age,65+,"Q:ECON1. And which government do you think would be best at handling…?
 Spending government money efficiently",UNMATCHED,,A Labour government led by Keir Starmer ,A Conservative government led by Kemi Badenoch,Neither,,,,,,,,10.2,32.2,44.4,,,,,,,,VI-2026-07-01-Opinium-Observer-Web-Tables-1704.xlsx,ECON1
"2,050 UK adults",1st - 3rd July 2026,,,,2011,,region,North,"Q:ECON1. And which government do you think would be best at handling…?
 Spending government money efficiently",UNMATCHED,,A Labour government led by Keir Starmer ,A Conservative government led by Kemi Badenoch,Neither,,,,,,,,18.7,22.6,42.0,,,,,,,,VI-2026-07-01-Opinium-Observer-Web-Tables-1704.xlsx,ECON1
"2,050 UK adults",1st - 3rd July 2026,,,,2011,,region,Mids,"Q:ECON1. And which government do you think would be best at handling…?
 Spending government money efficiently",UNMATCHED,,A Labour government led by Keir Starmer ,A Conservative government led by Kemi Badenoch,Neither,,,,,,,,12.5,23.3,46.4,,,,,,,,VI-2026-07-01-Opinium-Observer-Web-Tables-1704.xlsx,ECON1
"2,050 UK adults",1st - 3rd July 2026,,,,2011,,region,London,"Q:ECON1. And which government do you think would be best at handling…?
 Spending government money efficiently",UNMATCHED,,A Labour government led by Keir Starmer ,A Conservative government led by Kemi Badenoch,Neither,,,,,,,,22.0,21.5,38.2,,,,,,,,VI-2026-07-01-Opinium-Observer-Web-Tables-1704.xlsx,ECON1
"2,050 UK adults",1st - 3rd July 2026,,,,2011,,region,South,"Q:ECON1. And which government do you think would be best at handling…?
 Spending government money efficiently",UNMATCHED,,A Labour government led by Keir Starmer ,A Conservative government led by Kemi Badenoch,Neither,,,,,,,,18.3,24.3,44.7,,,,,,,,VI-2026-07-01-Opinium-Observer-Web-Tables-1704.xlsx,ECON1
"2,050 UK adults",1st - 3rd July 2026,,,,2011,,region,Wales,"Q:ECON1. And which government do you think would be best at handling…?
 Spending government money efficiently",UNMATCHED,,A Labour government led by Keir Starmer ,A Conservative government led by Kemi Badenoch,Neither,,,,,,,,21.5,21.4,34.4,,,,,,,,VI-2026-07-01-Opinium-Observer-Web-Tables-1704.xlsx,ECON1
"2,050 UK adults",1st - 3rd July 2026,,,,2011,,region,Scotland,"Q:ECON1. And which government do you think would be best at handling…?
 Spending government money efficiently",UNMATCHED,,A Labour government led by Keir Starmer ,A Conservative government led by Kemi Badenoch,Neither,,,,,,,,21.6,19.6,47.6,,,,,,,,VI-2026-07-01-Opinium-Observer-Web-Tables-1704.xlsx,ECON1
"2,050 UK adults",1st - 3rd July 2026,,,,2011,,region,Northern Ireland,"Q:ECON1. And which government do you think would be best at handling…?
 Spending government money efficiently",UNMATCHED,,A Labour government led by Keir Starmer ,A Conservative government led by Kemi Badenoch,Neither,,,,,,,,,,,,,,,,,,VI-2026-07-01-Opinium-Observer-Web-Tables-1704.xlsx,ECON1
"2,050 UK adults",1st - 3rd July 2026,,,,2011,,total,Total,"Q:ECON1. And which government do you think would be best at handling…?
 Running the economy",UNMATCHED,,A Labour government led by Keir Starmer ,A Conservative government led by Kemi Badenoch,Neither,,,,,,,,18.7,25.0,41.1,,,,,,,,VI-2026-07-01-Opinium-Observer-Web-Tables-1704.xlsx,ECON1 (2)
"2,050 UK adults",1st - 3rd July 2026,,,,2011,,current_vote,Con,"Q:ECON1. And which government do you think would be best at handling…?
 Running the economy",UNMATCHED,,A Labour government led by Keir Starmer ,A Conservative government led by Kemi Badenoch,Neither,,,,,,,,4.4,75.4,12.1,,,,,,,,VI-2026-07-01-Opinium-Observer-Web-Tables-1704.xlsx,ECON1 (2)
"2,050 UK adults",1st - 3rd July 2026,,,,2011,,current_vote,Lab,"Q:ECON1. And which government do you think would be best at handling…?
 Running the economy",UNMATCHED,,A Labour government led by Keir Starmer ,A Conservative government led by Kemi Badenoch,Neither,,,,,,,,64.9,8.1,20.9,,,,,,,,VI-2026-07-01-Opinium-Observer-Web-Tables-1704.xlsx,ECON1 (2)
"2,050 UK adults",1st - 3rd July 2026,,,,2011,,current_vote,Lib Dem,"Q:ECON1. And which government do you think would be best at handling…?
 Running the economy",UNMATCHED,,A Labour government led by Keir Starmer ,A Conservative government led by Kemi Badenoch,Neither,,,,,,,,23.8,13.5,50.2,,,,,,,,VI-2026-07-01-Opinium-Observer-Web-Tables-1704.xlsx,ECON1 (2)
"2,050 UK adults",1st - 3rd July 2026,,,,2011,,current_vote,Reform,"Q:ECON1. And which government do you think would be best at handling…?
 Running the economy",UNMATCHED,,A Labour government led by Keir Starmer ,A Conservative government led by Kemi Badenoch,Neither,,,,,,,,5.0,34.5,52.3,,,,,,,,VI-2026-07-01-Opinium-Observer-Web-Tables-1704.xlsx,ECON1 (2)
"2,050 UK adults",1st - 3rd July 2026,,,,2011,,current_vote,Green,"Q:ECON1. And which government do you think would be best at handling…?
 Running the economy",UNMATCHED,,A Labour government led by Keir Starmer ,A Conservative government led by Kemi Badenoch,Neither,,,,,,,,23.6,7.8,60.2,,,,,,,,VI-2026-07-01-Opinium-Observer-Web-Tables-1704.xlsx,ECON1 (2)
"2,050 UK adults",1st - 3rd July 2026,,,,2011,,historic_vote,Con,"Q:ECON1. And which government do you think would be best at handling…?
 Running the economy",UNMATCHED,,A Labour government led by Keir Starmer ,A Conservative government led by Kemi Badenoch,Neither,,,,,,,,3.5,69.5,22.6,,,,,,,,VI-2026-07-01-Opinium-Observer-Web-Tables-1704.xlsx,ECON1 (2)
"2,050 UK adults",1st - 3rd July 2026,,,,2011,,historic_vote,Lab,"Q:ECON1. And which government do you think would be best at handling…?
 Running the economy",UNMATCHED,,A Labour government led by Keir Starmer ,A Conservative government led by Kemi Badenoch,Neither,,,,,,,,43.3,13.8,32.6,,,,,,,,VI-2026-07-01-Opinium-Observer-Web-Tables-1704.xlsx,ECON1 (2)
"2,050 UK adults",1st - 3rd July 2026,,,,2011,,historic_vote,Lib Dems,"Q:ECON1. And which government do you think would be best at handling…?
 Running the economy",UNMATCHED,,A Labour government led by Keir Starmer ,A Conservative government led by Kemi Badenoch,Neither,,,,,,,,21.0,18.3,47.7,,,,,,,,VI-2026-07-01-Opinium-Observer-Web-Tables-1704.xlsx,ECON1 (2)
"2,050 UK adults",1st - 3rd July 2026,,,,2011,,historic_vote,Reform,"Q:ECON1. And which government do you think would be best at handling…?
 Running the economy",UNMATCHED,,A Labour government led by Keir Starmer ,A Conservative government led by Kemi Badenoch,Neither,,,,,,,,5.7,32.5,53.9,,,,,,,,VI-2026-07-01-Opinium-Observer-Web-Tables-1704.xlsx,ECON1 (2)
"2,050 UK adults",1st - 3rd July 2026,,,,2011,,historic_vote,Green,"Q:ECON1. And which government do you think would be best at handling…?
 Running the economy",UNMATCHED,,A Labour government led by Keir Starmer ,A Conservative government led by Kemi Badenoch,Neither,,,,,,,,22.3,11.0,54.2,,,,,,,,VI-2026-07-01-Opinium-Observer-Web-Tables-1704.xlsx,ECON1 (2)
"2,050 UK adults",1st - 3rd July 2026,,,,2011,,historic_vote,Con,"Q:ECON1. And which government do you think would be best at handling…?
 Running the economy",UNMATCHED,,A Labour government led by Keir Starmer ,A Conservative government led by Kemi Badenoch,Neither,,,,,,,,5.2,54.6,31.2,,,,,,,,VI-2026-07-01-Opinium-Observer-Web-Tables-1704.xlsx,ECON1 (2)
"2,050 UK adults",1st - 3rd July 2026,,,,2011,,historic_vote,Lab,"Q:ECON1. And which government do you think would be best at handling…?
 Running the economy",UNMATCHED,,A Labour government led by Keir Starmer ,A Conservative government led by Kemi Badenoch,Neither,,,,,,,,42.6,9.8,39.7,,,,,,,,VI-2026-07-01-Opinium-Observer-Web-Tables-1704.xlsx,ECON1 (2)
"2,050 UK adults",1st - 3rd July 2026,,,,2011,,historic_vote,Lib Dem,"Q:ECON1. And which government do you think would be best at handling…?
 Running the economy",UNMATCHED,,A Labour government led by Keir Starmer ,A Conservative government led by Kemi Badenoch,Neither,,,,,,,,28.7,13.8,48.0,,,,,,,,VI-2026-07-01-Opinium-Observer-Web-Tables-1704.xlsx,ECON1 (2)
"2,050 UK adults",1st - 3rd July 2026,,,,2011,,historic_vote,Remain,"Q:ECON1. And which government do you think would be best at handling…?
 Running the economy",UNMATCHED,,A Labour government led by Keir Starmer ,A Conservative government led by Kemi Badenoch,Neither,,,,,,,,30.7,20.1,37.5,,,,,,,,VI-2026-07-01-Opinium-Observer-Web-Tables-1704.xlsx,ECON1 (2)
"2,050 UK adults",1st - 3rd July 2026,,,,2011,,historic_vote,Leave,"Q:ECON1. And which government do you think would be best at handling…?
 Running the economy",UNMATCHED,,A Labour government led by Keir Starmer ,A Conservative government led by Kemi Badenoch,Neither,,,,,,,,8.5,37.7,44.3,,,,,,,,VI-2026-07-01-Opinium-Observer-Web-Tables-1704.xlsx,ECON1 (2)
"2,050 UK adults",1st - 3rd July 2026,,,,2011,,gender,Male,"Q:ECON1. And which government do you think would be best at handling…?
 Running the economy",UNMATCHED,,A Labour government led by Keir Starmer ,A Conservative government led by Kemi Badenoch,Neither,,,,,,,,21.5,27.0,40.5,,,,,,,,VI-2026-07-01-Opinium-Observer-Web-Tables-1704.xlsx,ECON1 (2)
"2,050 UK adults",1st - 3rd July 2026,,,,2011,,gender,Female,"Q:ECON1. And which government do you think would be best at handling…?
 Running the economy",UNMATCHED,,A Labour government led by Keir Starmer ,A Conservative government led by Kemi Badenoch,Neither,,,,,,,,16.2,23.3,41.6,,,,,,,,VI-2026-07-01-Opinium-Observer-Web-Tables-1704.xlsx,ECON1 (2)
"2,050 UK adults",1st - 3rd July 2026,,,,2011,,age,18-34,"Q:ECON1. And which government do you think would be best at handling…?
 Running the economy",UNMATCHED,,A Labour government led by Keir Starmer ,A Conservative government led by Kemi Badenoch,Neither,,,,,,,,23.3,20.2,39.6,,,,,,,,VI-2026-07-01-Opinium-Observer-Web-Tables-1704.xlsx,ECON1 (2)
"2,050 UK adults",1st - 3rd July 2026,,,,2011,,age,35-49,"Q:ECON1. And which government do you think would be best at handling…?
 Running the economy",UNMATCHED,,A Labour government led by Keir Starmer ,A Conservative government led by Kemi Badenoch,Neither,,,,,,,,21.4,20.0,42.5,,,,,,,,VI-2026-07-01-Opinium-Observer-Web-Tables-1704.xlsx,ECON1 (2)
"2,050 UK adults",1st - 3rd July 2026,,,,2011,,age,50-64,"Q:ECON1. And which government do you think would be best at handling…?
 Running the economy",UNMATCHED,,A Labour government led by Keir Starmer ,A Conservative government led by Kemi Badenoch,Neither,,,,,,,,17.9,24.6,43.0,,,,,,,,VI-2026-07-01-Opinium-Observer-Web-Tables-1704.xlsx,ECON1 (2)
"2,050 UK adults",1st - 3rd July 2026,,,,2011,,age,65+,"Q:ECON1. And which government do you think would be best at handling…?
 Running the economy",UNMATCHED,,A Labour government led by Keir Starmer ,A Conservative government led by Kemi Badenoch,Neither,,,,,,,,11.7,35.9,39.6,,,,,,,,VI-2026-07-01-Opinium-Observer-Web-Tables-1704.xlsx,ECON1 (2)
"2,050 UK adults",1st - 3rd July 2026,,,,2011,,region,North,"Q:ECON1. And which government do you think would be best at handling…?
 Running the economy",UNMATCHED,,A Labour government led by Keir Starmer ,A Conservative government led by Kemi Badenoch,Neither,,,,,,,,17.7,23.8,42.8,,,,,,,,VI-2026-07-01-Opinium-Observer-Web-Tables-1704.xlsx,ECON1 (2)
"2,050 UK adults",1st - 3rd July 2026,,,,2011,,region,Mids,"Q:ECON1. And which government do you think would be best at handling…?
 Running the economy",UNMATCHED,,A Labour government led by Keir Starmer ,A Conservative government led by Kemi Badenoch,Neither,,,,,,,,13.3,27.5,43.2,,,,,,,,VI-2026-07-01-Opinium-Observer-Web-Tables-1704.xlsx,ECON1 (2)
"2,050 UK adults",1st - 3rd July 2026,,,,2011,,region,London,"Q:ECON1. And which government do you think would be best at handling…?
 Running the economy",UNMATCHED,,A Labour government led by Keir Starmer ,A Conservative government led by Kemi Badenoch,Neither,,,,,,,,22.5,22.7,37.1,,,,,,,,VI-2026-07-01-Opinium-Observer-Web-Tables-1704.xlsx,ECON1 (2)
"2,050 UK adults",1st - 3rd July 2026,,,,2011,,region,South,"Q:ECON1. And which government do you think would be best at handling…?
 Running the economy",UNMATCHED,,A Labour government led by Keir Starmer ,A Conservative government led by Kemi Badenoch,Neither,,,,,,,,17.8,26.8,42.2,,,,,,,,VI-2026-07-01-Opinium-Observer-Web-Tables-1704.xlsx,ECON1 (2)
"2,050 UK adults",1st - 3rd July 2026,,,,2011,,region,Wales,"Q:ECON1. And which government do you think would be best at handling…?
 Running the economy",UNMATCHED,,A Labour government led by Keir Starmer ,A Conservative government led by Kemi Badenoch,Neither,,,,,,,,22.0,28.8,32.5,,,,,,,,VI-2026-07-01-Opinium-Observer-Web-Tables-1704.xlsx,ECON1 (2)
"2,050 UK adults",1st - 3rd July 2026,,,,2011,,region,Scotland,"Q:ECON1. And which government do you think would be best at handling…?
 Running the economy",UNMATCHED,,A Labour government led by Keir Starmer ,A Conservative government led by Kemi Badenoch,Neither,,,,,,,,27.9,17.6,39.4,,,,,,,,VI-2026-07-01-Opinium-Observer-Web-Tables-1704.xlsx,ECON1 (2)
"2,050 UK adults",1st - 3rd July 2026,,,,2011,,region,Northern Ireland,"Q:ECON1. And which government do you think would be best at handling…?
 Running the economy",UNMATCHED,,A Labour government led by Keir Starmer ,A Conservative government led by Kemi Badenoch,Neither,,,,,,,,,,,,,,,,,,VI-2026-07-01-Opinium-Observer-Web-Tables-1704.xlsx,ECON1 (2)
"2,050 UK adults",1st - 3rd July 2026,,,,2011,,total,Total,"Q:ECON1. And which government do you think would be best at handling…?
 Improving your financial situation",UNMATCHED,,A Labour government led by Keir Starmer ,A Conservative government led by Kemi Badenoch,Neither,,,,,,,,16.5,19.9,47.0,,,,,,,,VI-2026-07-01-Opinium-Observer-Web-Tables-1704.xlsx,ECON1 (3)
"2,050 UK adults",1st - 3rd July 2026,,,,2011,,current_vote,Con,"Q:ECON1. And which government do you think would be best at handling…?
 Improving your financial situation",UNMATCHED,,A Labour government led by Keir Starmer ,A Conservative government led by Kemi Badenoch,Neither,,,,,,,,5.3,65.5,17.7,,,,,,,,VI-2026-07-01-Opinium-Observer-Web-Tables-1704.xlsx,ECON1 (3)
"2,050 UK adults",1st - 3rd July 2026,,,,2011,,current_vote,Lab,"Q:ECON1. And which government do you think would be best at handling…?
 Improving your financial situation",UNMATCHED,,A Labour government led by Keir Starmer ,A Conservative government led by Kemi Badenoch,Neither,,,,,,,,58.2,6.4,27.5,,,,,,,,VI-2026-07-01-Opinium-Observer-Web-Tables-1704.xlsx,ECON1 (3)
"2,050 UK adults",1st - 3rd July 2026,,,,2011,,current_vote,Lib Dem,"Q:ECON1. And which government do you think would be best at handling…?
 Improving your financial situation",UNMATCHED,,A Labour government led by Keir Starmer ,A Conservative government led by Kemi Badenoch,Neither,,,,,,,,16.9,11.3,53.9,,,,,,,,VI-2026-07-01-Opinium-Observer-Web-Tables-1704.xlsx,ECON1 (3)
"2,050 UK adults",1st - 3rd July 2026,,,,2011,,current_vote,Reform,"Q:ECON1. And which government do you think would be best at handling…?
 Improving your financial situation",UNMATCHED,,A Labour government led by Keir Starmer ,A Conservative government led by Kemi Badenoch,Neither,,,,,,,,4.5,25.5,61.9,,,,,,,,VI-2026-07-01-Opinium-Observer-Web-Tables-1704.xlsx,ECON1 (3)
"2,050 UK adults",1st - 3rd July 2026,,,,2011,,current_vote,Green,"Q:ECON1. And which government do you think would be best at handling…?
 Improving your financial situation",UNMATCHED,,A Labour government led by Keir Starmer ,A Conservative government led by Kemi Badenoch,Neither,,,,,,,,21.2,6.1,61.8,,,,,,,,VI-2026-07-01-Opinium-Observer-Web-Tables-1704.xlsx,ECON1 (3)
"2,050 UK adults",1st - 3rd July 2026,,,,2011,,historic_vote,Con,"Q:ECON1. And which government do you think would be best at handling…?
 Improving your financial situation",UNMATCHED,,A Labour government led by Keir Starmer ,A Conservative government led by Kemi Badenoch,Neither,,,,,,,,3.8,56.0,30.9,,,,,,,,VI-2026-07-01-Opinium-Observer-Web-Tables-1704.xlsx,ECON1 (3)
"2,050 UK adults",1st - 3rd July 2026,,,,2011,,historic_vote,Lab,"Q:ECON1. And which government do you think would be best at handling…?
 Improving your financial situation",UNMATCHED,,A Labour government led by Keir Starmer ,A Conservative government led by Kemi Badenoch,Neither,,,,,,,,38.7,11.3,40.4,,,,,,,,VI-2026-07-01-Opinium-Observer-Web-Tables-1704.xlsx,ECON1 (3)
"2,050 UK adults",1st - 3rd July 2026,,,,2011,,historic_vote,Lib Dems,"Q:ECON1. And which government do you think would be best at handling…?
 Improving your financial situation",UNMATCHED,,A Labour government led by Keir Starmer ,A Conservative government led by Kemi Badenoch,Neither,,,,,,,,15.0,16.4,50.6,,,,,,,,VI-2026-07-01-Opinium-Observer-Web-Tables-1704.xlsx,ECON1 (3)
"2,050 UK adults",1st - 3rd July 2026,,,,2011,,historic_vote,Reform,"Q:ECON1. And which government do you think would be best at handling…?
 Improving your financial situation",UNMATCHED,,A Labour government led by Keir Starmer ,A Conservative government led by Kemi Badenoch,Neither,,,,,,,,4.0,26.1,61.2,,,,,,,,VI-2026-07-01-Opinium-Observer-Web-Tables-1704.xlsx,ECON1 (3)
"2,050 UK adults",1st - 3rd July 2026,,,,2011,,historic_vote,Green,"Q:ECON1. And which government do you think would be best at handling…?
 Improving your financial situation",UNMATCHED,,A Labour government led by Keir Starmer ,A Conservative government led by Kemi Badenoch,Neither,,,,,,,,20.9,6.6,57.5,,,,,,,,VI-2026-07-01-Opinium-Observer-Web-Tables-1704.xlsx,ECON1 (3)
"2,050 UK adults",1st - 3rd July 2026,,,,2011,,historic_vote,Con,"Q:ECON1. And which government do you think would be best at handling…?
 Improving your financial situation",UNMATCHED,,A Labour government led by Keir Starmer ,A Conservative government led by Kemi Badenoch,Neither,,,,,,,,4.3,43.1,40.4,,,,,,,,VI-2026-07-01-Opinium-Observer-Web-Tables-1704.xlsx,ECON1 (3)
"2,050 UK adults",1st - 3rd July 2026,,,,2011,,historic_vote,Lab,"Q:ECON1. And which government do you think would be best at handling…?
 Improving your financial situation",UNMATCHED,,A Labour government led by Keir Starmer ,A Conservative government led by Kemi Badenoch,Neither,,,,,,,,39.5,7.6,45.6,,,,,,,,VI-2026-07-01-Opinium-Observer-Web-Tables-1704.xlsx,ECON1 (3)
"2,050 UK adults",1st - 3rd July 2026,,,,2011,,historic_vote,Lib Dem,"Q:ECON1. And which government do you think would be best at handling…?
 Improving your financial situation",UNMATCHED,,A Labour government led by Keir Starmer ,A Conservative government led by Kemi Badenoch,Neither,,,,,,,,19.5,9.1,53.8,,,,,,,,VI-2026-07-01-Opinium-Observer-Web-Tables-1704.xlsx,ECON1 (3)
"2,050 UK adults",1st - 3rd July 2026,,,,2011,,historic_vote,Remain,"Q:ECON1. And which government do you think would be best at handling…?
 Improving your financial situation",UNMATCHED,,A Labour government led by Keir Starmer ,A Conservative government led by Kemi Badenoch,Neither,,,,,,,,25.7,17.5,43.7,,,,,,,,VI-2026-07-01-Opinium-Observer-Web-Tables-1704.xlsx,ECON1 (3)
"2,050 UK adults",1st - 3rd July 2026,,,,2011,,historic_vote,Leave,"Q:ECON1. And which government do you think would be best at handling…?
 Improving your financial situation",UNMATCHED,,A Labour government led by Keir Starmer ,A Conservative government led by Kemi Badenoch,Neither,,,,,,,,7.1,28.5,53.0,,,,,,,,VI-2026-07-01-Opinium-Observer-Web-Tables-1704.xlsx,ECON1 (3)
"2,050 UK adults",1st - 3rd July 2026,,,,2011,,gender,Male,"Q:ECON1. And which government do you think would be best at handling…?
 Improving your financial situation",UNMATCHED,,A Labour government led by Keir Starmer ,A Conservative government led by Kemi Badenoch,Neither,,,,,,,,18.6,22.1,47.3,,,,,,,,VI-2026-07-01-Opinium-Observer-Web-Tables-1704.xlsx,ECON1 (3)
"2,050 UK adults",1st - 3rd July 2026,,,,2011,,gender,Female,"Q:ECON1. And which government do you think would be best at handling…?
 Improving your financial situation",UNMATCHED,,A Labour government led by Keir Starmer ,A Conservative government led by Kemi Badenoch,Neither,,,,,,,,14.8,18.0,46.7,,,,,,,,VI-2026-07-01-Opinium-Observer-Web-Tables-1704.xlsx,ECON1 (3)
"2,050 UK adults",1st - 3rd July 2026,,,,2011,,age,18-34,"Q:ECON1. And which government do you think would be best at handling…?
 Improving your financial situation",UNMATCHED,,A Labour government led by Keir Starmer ,A Conservative government led by Kemi Badenoch,Neither,,,,,,,,23.2,18.2,41.8,,,,,,,,VI-2026-07-01-Opinium-Observer-Web-Tables-1704.xlsx,ECON1 (3)
"2,050 UK adults",1st - 3rd July 2026,,,,2011,,age,35-49,"Q:ECON1. And which government do you think would be best at handling…?
 Improving your financial situation",UNMATCHED,,A Labour government led by Keir Starmer ,A Conservative government led by Kemi Badenoch,Neither,,,,,,,,18.6,15.1,49.0,,,,,,,,VI-2026-07-01-Opinium-Observer-Web-Tables-1704.xlsx,ECON1 (3)
"2,050 UK adults",1st - 3rd July 2026,,,,2011,,age,50-64,"Q:ECON1. And which government do you think would be best at handling…?
 Improving your financial situation",UNMATCHED,,A Labour government led by Keir Starmer ,A Conservative government led by Kemi Badenoch,Neither,,,,,,,,16.4,18.5,48.0,,,,,,,,VI-2026-07-01-Opinium-Observer-Web-Tables-1704.xlsx,ECON1 (3)
"2,050 UK adults",1st - 3rd July 2026,,,,2011,,age,65+,"Q:ECON1. And which government do you think would be best at handling…?
 Improving your financial situation",UNMATCHED,,A Labour government led by Keir Starmer ,A Conservative government led by Kemi Badenoch,Neither,,,,,,,,6.7,28.1,50.2,,,,,,,,VI-2026-07-01-Opinium-Observer-Web-Tables-1704.xlsx,ECON1 (3)
"2,050 UK adults",1st - 3rd July 2026,,,,2011,,region,North,"Q:ECON1. And which government do you think would be best at handling…?
 Improving your financial situation",UNMATCHED,,A Labour government led by Keir Starmer ,A Conservative government led by Kemi Badenoch,Neither,,,,,,,,16.1,18.0,48.0,,,,,,,,VI-2026-07-01-Opinium-Observer-Web-Tables-1704.xlsx,ECON1 (3)
"2,050 UK adults",1st - 3rd July 2026,,,,2011,,region,Mids,"Q:ECON1. And which government do you think would be best at handling…?
 Improving your financial situation",UNMATCHED,,A Labour government led by Keir Starmer ,A Conservative government led by Kemi Badenoch,Neither,,,,,,,,11.0,21.9,49.6,,,,,,,,VI-2026-07-01-Opinium-Observer-Web-Tables-1704.xlsx,ECON1 (3)
"2,050 UK adults",1st - 3rd July 2026,,,,2011,,region,London,"Q:ECON1. And which government do you think would be best at handling…?
 Improving your financial situation",UNMATCHED,,A Labour government led by Keir Starmer ,A Conservative government led by Kemi Badenoch,Neither,,,,,,,,23.9,17.4,43.9,,,,,,,,VI-2026-07-01-Opinium-Observer-Web-Tables-1704.xlsx,ECON1 (3)
"2,050 UK adults",1st - 3rd July 2026,,,,2011,,region,South,"Q:ECON1. And which government do you think would be best at handling…?
 Improving your financial situation",UNMATCHED,,A Labour government led by Keir Starmer ,A Conservative government led by Kemi Badenoch,Neither,,,,,,,,16.0,22.8,46.5,,,,,,,,VI-2026-07-01-Opinium-Observer-Web-Tables-1704.xlsx,ECON1 (3)
"2,050 UK adults",1st - 3rd July 2026,,,,2011,,region,Wales,"Q:ECON1. And which government do you think would be best at handling…?
 Improving your financial situation",UNMATCHED,,A Labour government led by Keir Starmer ,A Conservative government led by Kemi Badenoch,Neither,,,,,,,,16.2,18.7,39.2,,,,,,,,VI-2026-07-01-Opinium-Observer-Web-Tables-1704.xlsx,ECON1 (3)
"2,050 UK adults",1st - 3rd July 2026,,,,2011,,region,Scotland,"Q:ECON1. And which government do you think would be best at handling…?
 Improving your financial situation",UNMATCHED,,A Labour government led by Keir Starmer ,A Conservative government led by Kemi Badenoch,Neither,,,,,,,,19.0,14.7,50.9,,,,,,,,VI-2026-07-01-Opinium-Observer-Web-Tables-1704.xlsx,ECON1 (3)
"2,050 UK adults",1st - 3rd July 2026,,,,2011,,region,Northern Ireland,"Q:ECON1. And which government do you think would be best at handling…?
 Improving your financial situation",UNMATCHED,,A Labour government led by Keir Starmer ,A Conservative government led by Kemi Badenoch,Neither,,,,,,,,,,,,,,,,,,VI-2026-07-01-Opinium-Observer-Web-Tables-1704.xlsx,ECON1 (3)
"2,050 UK adults",1st - 3rd July 2026,,,,2011,,total,Total,"Q:ECON1. And which government do you think would be best at handling…?
 Bringing down the national debt and deficit",UNMATCHED,,A Labour government led by Keir Starmer ,A Conservative government led by Kemi Badenoch,Neither,,,,,,,,16.5,22.8,43.0,,,,,,,,VI-2026-07-01-Opinium-Observer-Web-Tables-1704.xlsx,ECON1 (4)
"2,050 UK adults",1st - 3rd July 2026,,,,2011,,current_vote,Con,"Q:ECON1. And which government do you think would be best at handling…?
 Bringing down the national debt and deficit",UNMATCHED,,A Labour government led by Keir Starmer ,A Conservative government led by Kemi Badenoch,Neither,,,,,,,,6.1,67.0,13.9,,,,,,,,VI-2026-07-01-Opinium-Observer-Web-Tables-1704.xlsx,ECON1 (4)
"2,050 UK adults",1st - 3rd July 2026,,,,2011,,current_vote,Lab,"Q:ECON1. And which government do you think would be best at handling…?
 Bringing down the national debt and deficit",UNMATCHED,,A Labour government led by Keir Starmer ,A Conservative government led by Kemi Badenoch,Neither,,,,,,,,55.9,9.9,23.6,,,,,,,,VI-2026-07-01-Opinium-Observer-Web-Tables-1704.xlsx,ECON1 (4)
"2,050 UK adults",1st - 3rd July 2026,,,,2011,,current_vote,Lib Dem,"Q:ECON1. And which government do you think would be best at handling…?
 Bringing down the national debt and deficit",UNMATCHED,,A Labour government led by Keir Starmer ,A Conservative government led by Kemi Badenoch,Neither,,,,,,,,16.9,12.7,54.0,,,,,,,,VI-2026-07-01-Opinium-Observer-Web-Tables-1704.xlsx,ECON1 (4)
"2,050 UK adults",1st - 3rd July 2026,,,,2011,,current_vote,Reform,"Q:ECON1. And which government do you think would be best at handling…?
 Bringing down the national debt and deficit",UNMATCHED,,A Labour government led by Keir Starmer ,A Conservative government led by Kemi Badenoch,Neither,,,,,,,,4.9,31.6,54.2,,,,,,,,VI-2026-07-01-Opinium-Observer-Web-Tables-1704.xlsx,ECON1 (4)
"2,050 UK adults",1st - 3rd July 2026,,,,2011,,current_vote,Green,"Q:ECON1. And which government do you think would be best at handling…?
 Bringing down the national debt and deficit",UNMATCHED,,A Labour government led by Keir Starmer ,A Conservative government led by Kemi Badenoch,Neither,,,,,,,,20.6,7.1,57.8,,,,,,,,VI-2026-07-01-Opinium-Observer-Web-Tables-1704.xlsx,ECON1 (4)
"2,050 UK adults",1st - 3rd July 2026,,,,2011,,historic_vote,Con,"Q:ECON1. And which government do you think would be best at handling…?
 Bringing down the national debt and deficit",UNMATCHED,,A Labour government led by Keir Starmer ,A Conservative government led by Kemi Badenoch,Neither,,,,,,,,4.5,64.0,23.8,,,,,,,,VI-2026-07-01-Opinium-Observer-Web-Tables-1704.xlsx,ECON1 (4)
"2,050 UK adults",1st - 3rd July 2026,,,,2011,,historic_vote,Lab,"Q:ECON1. And which government do you think would be best at handling…?
 Bringing down the national debt and deficit",UNMATCHED,,A Labour government led by Keir Starmer ,A Conservative government led by Kemi Badenoch,Neither,,,,,,,,38.2,11.8,34.9,,,,,,,,VI-2026-07-01-Opinium-Observer-Web-Tables-1704.xlsx,ECON1 (4)
"2,050 UK adults",1st - 3rd July 2026,,,,2011,,historic_vote,Lib Dems,"Q:ECON1. And which government do you think would be best at handling…?
 Bringing down the national debt and deficit",UNMATCHED,,A Labour government led by Keir Starmer ,A Conservative government led by Kemi Badenoch,Neither,,,,,,,,15.6,14.0,52.6,,,,,,,,VI-2026-07-01-Opinium-Observer-Web-Tables-1704.xlsx,ECON1 (4)
"2,050 UK adults",1st - 3rd July 2026,,,,2011,,historic_vote,Reform,"Q:ECON1. And which government do you think would be best at handling…?
 Bringing down the national debt and deficit",UNMATCHED,,A Labour government led by Keir Starmer ,A Conservative government led by Kemi Badenoch,Neither,,,,,,,,4.9,29.8,55.2,,,,,,,,VI-2026-07-01-Opinium-Observer-Web-Tables-1704.xlsx,ECON1 (4)
"2,050 UK adults",1st - 3rd July 2026,,,,2011,,historic_vote,Green,"Q:ECON1. And which government do you think would be best at handling…?
 Bringing down the national debt and deficit",UNMATCHED,,A Labour government led by Keir Starmer ,A Conservative government led by Kemi Badenoch,Neither,,,,,,,,17.0,10.2,56.7,,,,,,,,VI-2026-07-01-Opinium-Observer-Web-Tables-1704.xlsx,ECON1 (4)
"2,050 UK adults",1st - 3rd July 2026,,,,2011,,historic_vote,Con,"Q:ECON1. And which government do you think would be best at handling…?
 Bringing down the national debt and deficit",UNMATCHED,,A Labour government led by Keir Starmer ,A Conservative government led by Kemi Badenoch,Neither,,,,,,,,4.5,49.7,33.6,,,,,,,,VI-2026-07-01-Opinium-Observer-Web-Tables-1704.xlsx,ECON1 (4)
"2,050 UK adults",1st - 3rd July 2026,,,,2011,,historic_vote,Lab,"Q:ECON1. And which government do you think would be best at handling…?
 Bringing down the national debt and deficit",UNMATCHED,,A Labour government led by Keir Starmer ,A Conservative government led by Kemi Badenoch,Neither,,,,,,,,39.7,8.1,41.2,,,,,,,,VI-2026-07-01-Opinium-Observer-Web-Tables-1704.xlsx,ECON1 (4)
"2,050 UK adults",1st - 3rd July 2026,,,,2011,,historic_vote,Lib Dem,"Q:ECON1. And which government do you think would be best at handling…?
 Bringing down the national debt and deficit",UNMATCHED,,A Labour government led by Keir Starmer ,A Conservative government led by Kemi Badenoch,Neither,,,,,,,,20.9,13.0,50.1,,,,,,,,VI-2026-07-01-Opinium-Observer-Web-Tables-1704.xlsx,ECON1 (4)
"2,050 UK adults",1st - 3rd July 2026,,,,2011,,historic_vote,Remain,"Q:ECON1. And which government do you think would be best at handling…?
 Bringing down the national debt and deficit",UNMATCHED,,A Labour government led by Keir Starmer ,A Conservative government led by Kemi Badenoch,Neither,,,,,,,,27.4,18.6,39.6,,,,,,,,VI-2026-07-01-Opinium-Observer-Web-Tables-1704.xlsx,ECON1 (4)
"2,050 UK adults",1st - 3rd July 2026,,,,2011,,historic_vote,Leave,"Q:ECON1. And which government do you think would be best at handling…?
 Bringing down the national debt and deficit",UNMATCHED,,A Labour government led by Keir Starmer ,A Conservative government led by Kemi Badenoch,Neither,,,,,,,,6.9,34.3,45.8,,,,,,,,VI-2026-07-01-Opinium-Observer-Web-Tables-1704.xlsx,ECON1 (4)
"2,050 UK adults",1st - 3rd July 2026,,,,2011,,gender,Male,"Q:ECON1. And which government do you think would be best at handling…?
 Bringing down the national debt and deficit",UNMATCHED,,A Labour government led by Keir Starmer ,A Conservative government led by Kemi Badenoch,Neither,,,,,,,,19.7,23.8,43.4,,,,,,,,VI-2026-07-01-Opinium-Observer-Web-Tables-1704.xlsx,ECON1 (4)
"2,050 UK adults",1st - 3rd July 2026,,,,2011,,gender,Female,"Q:ECON1. And which government do you think would be best at handling…?
 Bringing down the national debt and deficit",UNMATCHED,,A Labour government led by Keir Starmer ,A Conservative government led by Kemi Badenoch,Neither,,,,,,,,13.6,22.1,42.4,,,,,,,,VI-2026-07-01-Opinium-Observer-Web-Tables-1704.xlsx,ECON1 (4)
"2,050 UK adults",1st - 3rd July 2026,,,,2011,,age,18-34,"Q:ECON1. And which government do you think would be best at handling…?
 Bringing down the national debt and deficit",UNMATCHED,,A Labour government led by Keir Starmer ,A Conservative government led by Kemi Badenoch,Neither,,,,,,,,21.1,19.6,40.7,,,,,,,,VI-2026-07-01-Opinium-Observer-Web-Tables-1704.xlsx,ECON1 (4)
"2,050 UK adults",1st - 3rd July 2026,,,,2011,,age,35-49,"Q:ECON1. And which government do you think would be best at handling…?
 Bringing down the national debt and deficit",UNMATCHED,,A Labour government led by Keir Starmer ,A Conservative government led by Kemi Badenoch,Neither,,,,,,,,20.1,18.9,42.1,,,,,,,,VI-2026-07-01-Opinium-Observer-Web-Tables-1704.xlsx,ECON1 (4)
"2,050 UK adults",1st - 3rd July 2026,,,,2011,,age,50-64,"Q:ECON1. And which government do you think would be best at handling…?
 Bringing down the national debt and deficit",UNMATCHED,,A Labour government led by Keir Starmer ,A Conservative government led by Kemi Badenoch,Neither,,,,,,,,16.2,21.3,45.9,,,,,,,,VI-2026-07-01-Opinium-Observer-Web-Tables-1704.xlsx,ECON1 (4)
"2,050 UK adults",1st - 3rd July 2026,,,,2011,,age,65+,"Q:ECON1. And which government do you think would be best at handling…?
 Bringing down the national debt and deficit",UNMATCHED,,A Labour government led by Keir Starmer ,A Conservative government led by Kemi Badenoch,Neither,,,,,,,,7.9,31.9,43.5,,,,,,,,VI-2026-07-01-Opinium-Observer-Web-Tables-1704.xlsx,ECON1 (4)
"2,050 UK adults",1st - 3rd July 2026,,,,2011,,region,North,"Q:ECON1. And which government do you think would be best at handling…?
 Bringing down the national debt and deficit",UNMATCHED,,A Labour government led by Keir Starmer ,A Conservative government led by Kemi Badenoch,Neither,,,,,,,,15.9,21.5,45.8,,,,,,,,VI-2026-07-01-Opinium-Observer-Web-Tables-1704.xlsx,ECON1 (4)
"2,050 UK adults",1st - 3rd July 2026,,,,2011,,region,Mids,"Q:ECON1. And which government do you think would be best at handling…?
 Bringing down the national debt and deficit",UNMATCHED,,A Labour government led by Keir Starmer ,A Conservative government led by Kemi Badenoch,Neither,,,,,,,,11.6,23.9,45.8,,,,,,,,VI-2026-07-01-Opinium-Observer-Web-Tables-1704.xlsx,ECON1 (4)
"2,050 UK adults",1st - 3rd July 2026,,,,2011,,region,London,"Q:ECON1. And which government do you think would be best at handling…?
 Bringing down the national debt and deficit",UNMATCHED,,A Labour government led by Keir Starmer ,A Conservative government led by Kemi Badenoch,Neither,,,,,,,,20.7,20.6,36.8,,,,,,,,VI-2026-07-01-Opinium-Observer-Web-Tables-1704.xlsx,ECON1 (4)
"2,050 UK adults",1st - 3rd July 2026,,,,2011,,region,South,"Q:ECON1. And which government do you think would be best at handling…?
 Bringing down the national debt and deficit",UNMATCHED,,A Labour government led by Keir Starmer ,A Conservative government led by Kemi Badenoch,Neither,,,,,,,,16.1,24.5,43.5,,,,,,,,VI-2026-07-01-Opinium-Observer-Web-Tables-1704.xlsx,ECON1 (4)
"2,050 UK adults",1st - 3rd July 2026,,,,2011,,region,Wales,"Q:ECON1. And which government do you think would be best at handling…?
 Bringing down the national debt and deficit",UNMATCHED,,A Labour government led by Keir Starmer ,A Conservative government led by Kemi Badenoch,Neither,,,,,,,,17.7,26.0,32.1,,,,,,,,VI-2026-07-01-Opinium-Observer-Web-Tables-1704.xlsx,ECON1 (4)
"2,050 UK adults",1st - 3rd July 2026,,,,2011,,region,Scotland,"Q:ECON1. And which government do you think would be best at handling…?
 Bringing down the national debt and deficit",UNMATCHED,,A Labour government led by Keir Starmer ,A Conservative government led by Kemi Badenoch,Neither,,,,,,,,22.3,18.8,43.7,,,,,,,,VI-2026-07-01-Opinium-Observer-Web-Tables-1704.xlsx,ECON1 (4)
"2,050 UK adults",1st - 3rd July 2026,,,,2011,,region,Northern Ireland,"Q:ECON1. And which government do you think would be best at handling…?
 Bringing down the national debt and deficit",UNMATCHED,,A Labour government led by Keir Starmer ,A Conservative government led by Kemi Badenoch,Neither,,,,,,,,,,,,,,,,,,VI-2026-07-01-Opinium-Observer-Web-Tables-1704.xlsx,ECON1 (4)
"2,050 UK adults",1st - 3rd July 2026,,,,2011,,total,Total,"Q:ECON1. And which government do you think would be best at handling…?
 Improving public services",UNMATCHED,,A Labour government led by Keir Starmer ,A Conservative government led by Kemi Badenoch,Neither,,,,,,,,23.1,18.8,40.7,,,,,,,,VI-2026-07-01-Opinium-Observer-Web-Tables-1704.xlsx,ECON1 (5)
"2,050 UK adults",1st - 3rd July 2026,,,,2011,,current_vote,Con,"Q:ECON1. And which government do you think would be best at handling…?
 Improving public services",UNMATCHED,,A Labour government led by Keir Starmer ,A Conservative government led by Kemi Badenoch,Neither,,,,,,,,8.4,58.5,15.9,,,,,,,,VI-2026-07-01-Opinium-Observer-Web-Tables-1704.xlsx,ECON1 (5)
"2,050 UK adults",1st - 3rd July 2026,,,,2011,,current_vote,Lab,"Q:ECON1. And which government do you think would be best at handling…?
 Improving public services",UNMATCHED,,A Labour government led by Keir Starmer ,A Conservative government led by Kemi Badenoch,Neither,,,,,,,,69.1,8.1,17.8,,,,,,,,VI-2026-07-01-Opinium-Observer-Web-Tables-1704.xlsx,ECON1 (5)
"2,050 UK adults",1st - 3rd July 2026,,,,2011,,current_vote,Lib Dem,"Q:ECON1. And which government do you think would be best at handling…?
 Improving public services",UNMATCHED,,A Labour government led by Keir Starmer ,A Conservative government led by Kemi Badenoch,Neither,,,,,,,,32.5,8.8,42.9,,,,,,,,VI-2026-07-01-Opinium-Observer-Web-Tables-1704.xlsx,ECON1 (5)
"2,050 UK adults",1st - 3rd July 2026,,,,2011,,current_vote,Reform,"Q:ECON1. And which government do you think would be best at handling…?
 Improving public services",UNMATCHED,,A Labour government led by Keir Starmer ,A Conservative government led by Kemi Badenoch,Neither,,,,,,,,6.8,27.1,56.1,,,,,,,,VI-2026-07-01-Opinium-Observer-Web-Tables-1704.xlsx,ECON1 (5)
"2,050 UK adults",1st - 3rd July 2026,,,,2011,,current_vote,Green,"Q:ECON1. And which government do you think would be best at handling…?
 Improving public services",UNMATCHED,,A Labour government led by Keir Starmer ,A Conservative government led by Kemi Badenoch,Neither,,,,,,,,34.0,4.1,50.0,,,,,,,,VI-2026-07-01-Opinium-Observer-Web-Tables-1704.xlsx,ECON1 (5)
"2,050 UK adults",1st - 3rd July 2026,,,,2011,,historic_vote,Con,"Q:ECON1. And which government do you think would be best at handling…?
 Improving public services",UNMATCHED,,A Labour government led by Keir Starmer ,A Conservative government led by Kemi Badenoch,Neither,,,,,,,,6.1,51.9,29.9,,,,,,,,VI-2026-07-01-Opinium-Observer-Web-Tables-1704.xlsx,ECON1 (5)
"2,050 UK adults",1st - 3rd July 2026,,,,2011,,historic_vote,Lab,"Q:ECON1. And which government do you think would be best at handling…?
 Improving public services",UNMATCHED,,A Labour government led by Keir Starmer ,A Conservative government led by Kemi Badenoch,Neither,,,,,,,,50.0,9.8,28.7,,,,,,,,VI-2026-07-01-Opinium-Observer-Web-Tables-1704.xlsx,ECON1 (5)
"2,050 UK adults",1st - 3rd July 2026,,,,2011,,historic_vote,Lib Dems,"Q:ECON1. And which government do you think would be best at handling…?
 Improving public services",UNMATCHED,,A Labour government led by Keir Starmer ,A Conservative government led by Kemi Badenoch,Neither,,,,,,,,28.8,8.9,43.6,,,,,,,,VI-2026-07-01-Opinium-Observer-Web-Tables-1704.xlsx,ECON1 (5)
"2,050 UK adults",1st - 3rd July 2026,,,,2011,,historic_vote,Reform,"Q:ECON1. And which government do you think would be best at handling…?
 Improving public services",UNMATCHED,,A Labour government led by Keir Starmer ,A Conservative government led by Kemi Badenoch,Neither,,,,,,,,5.5,27.9,56.2,,,,,,,,VI-2026-07-01-Opinium-Observer-Web-Tables-1704.xlsx,ECON1 (5)
"2,050 UK adults",1st - 3rd July 2026,,,,2011,,historic_vote,Green,"Q:ECON1. And which government do you think would be best at handling…?
 Improving public services",UNMATCHED,,A Labour government led by Keir Starmer ,A Conservative government led by Kemi Badenoch,Neither,,,,,,,,32.6,7.9,48.8,,,,,,,,VI-2026-07-01-Opinium-Observer-Web-Tables-1704.xlsx,ECON1 (5)
"2,050 UK adults",1st - 3rd July 2026,,,,2011,,historic_vote,Con,"Q:ECON1. And which government do you think would be best at handling…?
 Improving public services",UNMATCHED,,A Labour government led by Keir Starmer ,A Conservative government led by Kemi Badenoch,Neither,,,,,,,,7.9,40.6,36.5,,,,,,,,VI-2026-07-01-Opinium-Observer-Web-Tables-1704.xlsx,ECON1 (5)
"2,050 UK adults",1st - 3rd July 2026,,,,2011,,historic_vote,Lab,"Q:ECON1. And which government do you think would be best at handling…?
 Improving public services",UNMATCHED,,A Labour government led by Keir Starmer ,A Conservative government led by Kemi Badenoch,Neither,,,,,,,,48.6,6.9,36.5,,,,,,,,VI-2026-07-01-Opinium-Observer-Web-Tables-1704.xlsx,ECON1 (5)
"2,050 UK adults",1st - 3rd July 2026,,,,2011,,historic_vote,Lib Dem,"Q:ECON1. And which government do you think would be best at handling…?
 Improving public services",UNMATCHED,,A Labour government led by Keir Starmer ,A Conservative government led by Kemi Badenoch,Neither,,,,,,,,37.6,7.0,41.6,,,,,,,,VI-2026-07-01-Opinium-Observer-Web-Tables-1704.xlsx,ECON1 (5)
"2,050 UK adults",1st - 3rd July 2026,,,,2011,,historic_vote,Remain,"Q:ECON1. And which government do you think would be best at handling…?
 Improving public services",UNMATCHED,,A Labour government led by Keir Starmer ,A Conservative government led by Kemi Badenoch,Neither,,,,,,,,36.0,14.8,35.6,,,,,,,,VI-2026-07-01-Opinium-Observer-Web-Tables-1704.xlsx,ECON1 (5)
"2,050 UK adults",1st - 3rd July 2026,,,,2011,,historic_vote,Leave,"Q:ECON1. And which government do you think would be best at handling…?
 Improving public services",UNMATCHED,,A Labour government led by Keir Starmer ,A Conservative government led by Kemi Badenoch,Neither,,,,,,,,11.2,28.1,46.8,,,,,,,,VI-2026-07-01-Opinium-Observer-Web-Tables-1704.xlsx,ECON1 (5)
"2,050 UK adults",1st - 3rd July 2026,,,,2011,,gender,Male,"Q:ECON1. And which government do you think would be best at handling…?
 Improving public services",UNMATCHED,,A Labour government led by Keir Starmer ,A Conservative government led by Kemi Badenoch,Neither,,,,,,,,25.4,19.4,41.8,,,,,,,,VI-2026-07-01-Opinium-Observer-Web-Tables-1704.xlsx,ECON1 (5)
"2,050 UK adults",1st - 3rd July 2026,,,,2011,,gender,Female,"Q:ECON1. And which government do you think would be best at handling…?
 Improving public services",UNMATCHED,,A Labour government led by Keir Starmer ,A Conservative government led by Kemi Badenoch,Neither,,,,,,,,21.0,18.4,39.6,,,,,,,,VI-2026-07-01-Opinium-Observer-Web-Tables-1704.xlsx,ECON1 (5)
"2,050 UK adults",1st - 3rd July 2026,,,,2011,,age,18-34,"Q:ECON1. And which government do you think would be best at handling…?
 Improving public services",UNMATCHED,,A Labour government led by Keir Starmer ,A Conservative government led by Kemi Badenoch,Neither,,,,,,,,26.7,19.7,34.6,,,,,,,,VI-2026-07-01-Opinium-Observer-Web-Tables-1704.xlsx,ECON1 (5)
"2,050 UK adults",1st - 3rd July 2026,,,,2011,,age,35-49,"Q:ECON1. And which government do you think would be best at handling…?
 Improving public services",UNMATCHED,,A Labour government led by Keir Starmer ,A Conservative government led by Kemi Badenoch,Neither,,,,,,,,26.5,14.9,41.6,,,,,,,,VI-2026-07-01-Opinium-Observer-Web-Tables-1704.xlsx,ECON1 (5)
"2,050 UK adults",1st - 3rd July 2026,,,,2011,,age,50-64,"Q:ECON1. And which government do you think would be best at handling…?
 Improving public services",UNMATCHED,,A Labour government led by Keir Starmer ,A Conservative government led by Kemi Badenoch,Neither,,,,,,,,24.1,16.2,42.9,,,,,,,,VI-2026-07-01-Opinium-Observer-Web-Tables-1704.xlsx,ECON1 (5)
"2,050 UK adults",1st - 3rd July 2026,,,,2011,,age,65+,"Q:ECON1. And which government do you think would be best at handling…?
 Improving public services",UNMATCHED,,A Labour government led by Keir Starmer ,A Conservative government led by Kemi Badenoch,Neither,,,,,,,,14.4,24.2,44.5,,,,,,,,VI-2026-07-01-Opinium-Observer-Web-Tables-1704.xlsx,ECON1 (5)
"2,050 UK adults",1st - 3rd July 2026,,,,2011,,region,North,"Q:ECON1. And which government do you think would be best at handling…?
 Improving public services",UNMATCHED,,A Labour government led by Keir Starmer ,A Conservative government led by Kemi Badenoch,Neither,,,,,,,,21.3,18.4,40.0,,,,,,,,VI-2026-07-01-Opinium-Observer-Web-Tables-1704.xlsx,ECON1 (5)
"2,050 UK adults",1st - 3rd July 2026,,,,2011,,region,Mids,"Q:ECON1. And which government do you think would be best at handling…?
 Improving public services",UNMATCHED,,A Labour government led by Keir Starmer ,A Conservative government led by Kemi Badenoch,Neither,,,,,,,,17.5,22.2,44.0,,,,,,,,VI-2026-07-01-Opinium-Observer-Web-Tables-1704.xlsx,ECON1 (5)
"2,050 UK adults",1st - 3rd July 2026,,,,2011,,region,London,"Q:ECON1. And which government do you think would be best at handling…?
 Improving public services",UNMATCHED,,A Labour government led by Keir Starmer ,A Conservative government led by Kemi Badenoch,Neither,,,,,,,,27.4,17.3,35.7,,,,,,,,VI-2026-07-01-Opinium-Observer-Web-Tables-1704.xlsx,ECON1 (5)
"2,050 UK adults",1st - 3rd July 2026,,,,2011,,region,South,"Q:ECON1. And which government do you think would be best at handling…?
 Improving public services",UNMATCHED,,A Labour government led by Keir Starmer ,A Conservative government led by Kemi Badenoch,Neither,,,,,,,,23.5,18.8,42.7,,,,,,,,VI-2026-07-01-Opinium-Observer-Web-Tables-1704.xlsx,ECON1 (5)
"2,050 UK adults",1st - 3rd July 2026,,,,2011,,region,Wales,"Q:ECON1. And which government do you think would be best at handling…?
 Improving public services",UNMATCHED,,A Labour government led by Keir Starmer ,A Conservative government led by Kemi Badenoch,Neither,,,,,,,,25.7,16.5,34.0,,,,,,,,VI-2026-07-01-Opinium-Observer-Web-Tables-1704.xlsx,ECON1 (5)
"2,050 UK adults",1st - 3rd July 2026,,,,2011,,region,Scotland,"Q:ECON1. And which government do you think would be best at handling…?
 Improving public services",UNMATCHED,,A Labour government led by Keir Starmer ,A Conservative government led by Kemi Badenoch,Neither,,,,,,,,29.3,16.4,40.1,,,,,,,,VI-2026-07-01-Opinium-Observer-Web-Tables-1704.xlsx,ECON1 (5)
"2,050 UK adults",1st - 3rd July 2026,,,,2011,,region,Northern Ireland,"Q:ECON1. And which government do you think would be best at handling…?
 Improving public services",UNMATCHED,,A Labour government led by Keir Starmer ,A Conservative government led by Kemi Badenoch,Neither,,,,,,,,,,,,,,,,,,VI-2026-07-01-Opinium-Observer-Web-Tables-1704.xlsx,ECON1 (5)
"2,050 UK adults",1st - 3rd July 2026,,,,2011,,total,Total,"Q:ECON1. And which government do you think would be best at handling…?
 Setting tax levels",UNMATCHED,,A Labour government led by Keir Starmer ,A Conservative government led by Kemi Badenoch,Neither,,,,,,,,17.2,23.9,40.9,,,,,,,,VI-2026-07-01-Opinium-Observer-Web-Tables-1704.xlsx,ECON1 (6)
"2,050 UK adults",1st - 3rd July 2026,,,,2011,,current_vote,Con,"Q:ECON1. And which government do you think would be best at handling…?
 Setting tax levels",UNMATCHED,,A Labour government led by Keir Starmer ,A Conservative government led by Kemi Badenoch,Neither,,,,,,,,4.2,70.2,13.6,,,,,,,,VI-2026-07-01-Opinium-Observer-Web-Tables-1704.xlsx,ECON1 (6)
"2,050 UK adults",1st - 3rd July 2026,,,,2011,,current_vote,Lab,"Q:ECON1. And which government do you think would be best at handling…?
 Setting tax levels",UNMATCHED,,A Labour government led by Keir Starmer ,A Conservative government led by Kemi Badenoch,Neither,,,,,,,,60.4,9.1,18.3,,,,,,,,VI-2026-07-01-Opinium-Observer-Web-Tables-1704.xlsx,ECON1 (6)
"2,050 UK adults",1st - 3rd July 2026,,,,2011,,current_vote,Lib Dem,"Q:ECON1. And which government do you think would be best at handling…?
 Setting tax levels",UNMATCHED,,A Labour government led by Keir Starmer ,A Conservative government led by Kemi Badenoch,Neither,,,,,,,,24.4,11.1,51.9,,,,,,,,VI-2026-07-01-Opinium-Observer-Web-Tables-1704.xlsx,ECON1 (6)
"2,050 UK adults",1st - 3rd July 2026,,,,2011,,current_vote,Reform,"Q:ECON1. And which government do you think would be best at handling…?
 Setting tax levels",UNMATCHED,,A Labour government led by Keir Starmer ,A Conservative government led by Kemi Badenoch,Neither,,,,,,,,3.8,35.4,50.3,,,,,,,,VI-2026-07-01-Opinium-Observer-Web-Tables-1704.xlsx,ECON1 (6)
"2,050 UK adults",1st - 3rd July 2026,,,,2011,,current_vote,Green,"Q:ECON1. And which government do you think would be best at handling…?
 Setting tax levels",UNMATCHED,,A Labour government led by Keir Starmer ,A Conservative government led by Kemi Badenoch,Neither,,,,,,,,18.9,6.5,60.2,,,,,,,,VI-2026-07-01-Opinium-Observer-Web-Tables-1704.xlsx,ECON1 (6)
"2,050 UK adults",1st - 3rd July 2026,,,,2011,,historic_vote,Con,"Q:ECON1. And which government do you think would be best at handling…?
 Setting tax levels",UNMATCHED,,A Labour government led by Keir Starmer ,A Conservative government led by Kemi Badenoch,Neither,,,,,,,,3.4,64.8,24.1,,,,,,,,VI-2026-07-01-Opinium-Observer-Web-Tables-1704.xlsx,ECON1 (6)
"2,050 UK adults",1st - 3rd July 2026,,,,2011,,historic_vote,Lab,"Q:ECON1. And which government do you think would be best at handling…?
 Setting tax levels",UNMATCHED,,A Labour government led by Keir Starmer ,A Conservative government led by Kemi Badenoch,Neither,,,,,,,,40.7,14.3,30.9,,,,,,,,VI-2026-07-01-Opinium-Observer-Web-Tables-1704.xlsx,ECON1 (6)
"2,050 UK adults",1st - 3rd July 2026,,,,2011,,historic_vote,Lib Dems,"Q:ECON1. And which government do you think would be best at handling…?
 Setting tax levels",UNMATCHED,,A Labour government led by Keir Starmer ,A Conservative government led by Kemi Badenoch,Neither,,,,,,,,22.0,17.0,49.7,,,,,,,,VI-2026-07-01-Opinium-Observer-Web-Tables-1704.xlsx,ECON1 (6)
"2,050 UK adults",1st - 3rd July 2026,,,,2011,,historic_vote,Reform,"Q:ECON1. And which government do you think would be best at handling…?
 Setting tax levels",UNMATCHED,,A Labour government led by Keir Starmer ,A Conservative government led by Kemi Badenoch,Neither,,,,,,,,4.8,32.3,53.6,,,,,,,,VI-2026-07-01-Opinium-Observer-Web-Tables-1704.xlsx,ECON1 (6)
"2,050 UK adults",1st - 3rd July 2026,,,,2011,,historic_vote,Green,"Q:ECON1. And which government do you think would be best at handling…?
 Setting tax levels",UNMATCHED,,A Labour government led by Keir Starmer ,A Conservative government led by Kemi Badenoch,Neither,,,,,,,,16.4,7.8,60.6,,,,,,,,VI-2026-07-01-Opinium-Observer-Web-Tables-1704.xlsx,ECON1 (6)
"2,050 UK adults",1st - 3rd July 2026,,,,2011,,historic_vote,Con,"Q:ECON1. And which government do you think would be best at handling…?
 Setting tax levels",UNMATCHED,,A Labour government led by Keir Starmer ,A Conservative government led by Kemi Badenoch,Neither,,,,,,,,3.8,52.3,32.4,,,,,,,,VI-2026-07-01-Opinium-Observer-Web-Tables-1704.xlsx,ECON1 (6)
"2,050 UK adults",1st - 3rd July 2026,,,,2011,,historic_vote,Lab,"Q:ECON1. And which government do you think would be best at handling…?
 Setting tax levels",UNMATCHED,,A Labour government led by Keir Starmer ,A Conservative government led by Kemi Badenoch,Neither,,,,,,,,41.5,9.6,37.4,,,,,,,,VI-2026-07-01-Opinium-Observer-Web-Tables-1704.xlsx,ECON1 (6)
"2,050 UK adults",1st - 3rd July 2026,,,,2011,,historic_vote,Lib Dem,"Q:ECON1. And which government do you think would be best at handling…?
 Setting tax levels",UNMATCHED,,A Labour government led by Keir Starmer ,A Conservative government led by Kemi Badenoch,Neither,,,,,,,,30.8,11.0,47.6,,,,,,,,VI-2026-07-01-Opinium-Observer-Web-Tables-1704.xlsx,ECON1 (6)
"2,050 UK adults",1st - 3rd July 2026,,,,2011,,historic_vote,Remain,"Q:ECON1. And which government do you think would be best at handling…?
 Setting tax levels",UNMATCHED,,A Labour government led by Keir Starmer ,A Conservative government led by Kemi Badenoch,Neither,,,,,,,,28.9,19.6,37.4,,,,,,,,VI-2026-07-01-Opinium-Observer-Web-Tables-1704.xlsx,ECON1 (6)
"2,050 UK adults",1st - 3rd July 2026,,,,2011,,historic_vote,Leave,"Q:ECON1. And which government do you think would be best at handling…?
 Setting tax levels",UNMATCHED,,A Labour government led by Keir Starmer ,A Conservative government led by Kemi Badenoch,Neither,,,,,,,,8.3,35.3,44.1,,,,,,,,VI-2026-07-01-Opinium-Observer-Web-Tables-1704.xlsx,ECON1 (6)
"2,050 UK adults",1st - 3rd July 2026,,,,2011,,gender,Male,"Q:ECON1. And which government do you think would be best at handling…?
 Setting tax levels",UNMATCHED,,A Labour government led by Keir Starmer ,A Conservative government led by Kemi Badenoch,Neither,,,,,,,,18.8,25.9,42.7,,,,,,,,VI-2026-07-01-Opinium-Observer-Web-Tables-1704.xlsx,ECON1 (6)
"2,050 UK adults",1st - 3rd July 2026,,,,2011,,gender,Female,"Q:ECON1. And which government do you think would be best at handling…?
 Setting tax levels",UNMATCHED,,A Labour government led by Keir Starmer ,A Conservative government led by Kemi Badenoch,Neither,,,,,,,,15.8,22.4,39.2,,,,,,,,VI-2026-07-01-Opinium-Observer-Web-Tables-1704.xlsx,ECON1 (6)
"2,050 UK adults",1st - 3rd July 2026,,,,2011,,age,18-34,"Q:ECON1. And which government do you think would be best at handling…?
 Setting tax levels",UNMATCHED,,A Labour government led by Keir Starmer ,A Conservative government led by Kemi Badenoch,Neither,,,,,,,,20.6,20.3,39.3,,,,,,,,VI-2026-07-01-Opinium-Observer-Web-Tables-1704.xlsx,ECON1 (6)
"2,050 UK adults",1st - 3rd July 2026,,,,2011,,age,35-49,"Q:ECON1. And which government do you think would be best at handling…?
 Setting tax levels",UNMATCHED,,A Labour government led by Keir Starmer ,A Conservative government led by Kemi Badenoch,Neither,,,,,,,,19.1,18.8,43.3,,,,,,,,VI-2026-07-01-Opinium-Observer-Web-Tables-1704.xlsx,ECON1 (6)
"2,050 UK adults",1st - 3rd July 2026,,,,2011,,age,50-64,"Q:ECON1. And which government do you think would be best at handling…?
 Setting tax levels",UNMATCHED,,A Labour government led by Keir Starmer ,A Conservative government led by Kemi Badenoch,Neither,,,,,,,,18.2,23.7,42.2,,,,,,,,VI-2026-07-01-Opinium-Observer-Web-Tables-1704.xlsx,ECON1 (6)
"2,050 UK adults",1st - 3rd July 2026,,,,2011,,age,65+,"Q:ECON1. And which government do you think would be best at handling…?
 Setting tax levels",UNMATCHED,,A Labour government led by Keir Starmer ,A Conservative government led by Kemi Badenoch,Neither,,,,,,,,10.1,33.5,39.1,,,,,,,,VI-2026-07-01-Opinium-Observer-Web-Tables-1704.xlsx,ECON1 (6)
"2,050 UK adults",1st - 3rd July 2026,,,,2011,,region,North,"Q:ECON1. And which government do you think would be best at handling…?
 Setting tax levels",UNMATCHED,,A Labour government led by Keir Starmer ,A Conservative government led by Kemi Badenoch,Neither,,,,,,,,16.8,23.0,40.8,,,,,,,,VI-2026-07-01-Opinium-Observer-Web-Tables-1704.xlsx,ECON1 (6)
"2,050 UK adults",1st - 3rd July 2026,,,,2011,,region,Mids,"Q:ECON1. And which government do you think would be best at handling…?
 Setting tax levels",UNMATCHED,,A Labour government led by Keir Starmer ,A Conservative government led by Kemi Badenoch,Neither,,,,,,,,10.6,24.6,46.2,,,,,,,,VI-2026-07-01-Opinium-Observer-Web-Tables-1704.xlsx,ECON1 (6)
"2,050 UK adults",1st - 3rd July 2026,,,,2011,,region,London,"Q:ECON1. And which government do you think would be best at handling…?
 Setting tax levels",UNMATCHED,,A Labour government led by Keir Starmer ,A Conservative government led by Kemi Badenoch,Neither,,,,,,,,20.9,22.1,34.2,,,,,,,,VI-2026-07-01-Opinium-Observer-Web-Tables-1704.xlsx,ECON1 (6)
"2,050 UK adults",1st - 3rd July 2026,,,,2011,,region,South,"Q:ECON1. And which government do you think would be best at handling…?
 Setting tax levels",UNMATCHED,,A Labour government led by Keir Starmer ,A Conservative government led by Kemi Badenoch,Neither,,,,,,,,16.7,26.2,42.7,,,,,,,,VI-2026-07-01-Opinium-Observer-Web-Tables-1704.xlsx,ECON1 (6)
"2,050 UK adults",1st - 3rd July 2026,,,,2011,,region,Wales,"Q:ECON1. And which government do you think would be best at handling…?
 Setting tax levels",UNMATCHED,,A Labour government led by Keir Starmer ,A Conservative government led by Kemi Badenoch,Neither,,,,,,,,20.2,26.5,32.8,,,,,,,,VI-2026-07-01-Opinium-Observer-Web-Tables-1704.xlsx,ECON1 (6)
"2,050 UK adults",1st - 3rd July 2026,,,,2011,,region,Scotland,"Q:ECON1. And which government do you think would be best at handling…?
 Setting tax levels",UNMATCHED,,A Labour government led by Keir Starmer ,A Conservative government led by Kemi Badenoch,Neither,,,,,,,,25.2,18.0,39.4,,,,,,,,VI-2026-07-01-Opinium-Observer-Web-Tables-1704.xlsx,ECON1 (6)
"2,050 UK adults",1st - 3rd July 2026,,,,2011,,region,Northern Ireland,"Q:ECON1. And which government do you think would be best at handling…?
 Setting tax levels",UNMATCHED,,A Labour government led by Keir Starmer ,A Conservative government led by Kemi Badenoch,Neither,,,,,,,,,,,,,,,,,,VI-2026-07-01-Opinium-Observer-Web-Tables-1704.xlsx,ECON1 (6)
"2,050 UK adults",1st - 3rd July 2026,,,,,,region,…has the nation’s best interests at heart,Q:LAB1. To what extent do you agree or disagree that Andy Burnham…,Leader favourability (Burnham),burnham,Agree,Neither agree nor disagree,Disagree,,,,,,,,30.6,19.6,27.0,,,,,,,,VI-2026-07-01-Opinium-Observer-Web-Tables-1704.xlsx,Summary LAB1
"2,050 UK adults",1st - 3rd July 2026,,,,2011,,total,Total,"Q:LAB1. To what extent do you agree or disagree that Andy Burnham…
 …is decisive",Leader favourability (Burnham),burnham,Agree,Neither agree nor disagree,Disagree,,,,,,,,29.4,23.5,21.4,,,,,,,,VI-2026-07-01-Opinium-Observer-Web-Tables-1704.xlsx,LAB1
"2,050 UK adults",1st - 3rd July 2026,,,,2011,,current_vote,Con,"Q:LAB1. To what extent do you agree or disagree that Andy Burnham…
 …is decisive",Leader favourability (Burnham),burnham,Agree,Neither agree nor disagree,Disagree,,,,,,,,27.6,24.7,29.0,,,,,,,,VI-2026-07-01-Opinium-Observer-Web-Tables-1704.xlsx,LAB1
"2,050 UK adults",1st - 3rd July 2026,,,,2011,,current_vote,Lab,"Q:LAB1. To what extent do you agree or disagree that Andy Burnham…
 …is decisive",Leader favourability (Burnham),burnham,Agree,Neither agree nor disagree,Disagree,,,,,,,,60.8,21.7,4.7,,,,,,,,VI-2026-07-01-Opinium-Observer-Web-Tables-1704.xlsx,LAB1
"2,050 UK adults",1st - 3rd July 2026,,,,2011,,current_vote,Lib Dem,"Q:LAB1. To what extent do you agree or disagree that Andy Burnham…
 …is decisive",Leader favourability (Burnham),burnham,Agree,Neither agree nor disagree,Disagree,,,,,,,,44.5,23.1,15.0,,,,,,,,VI-2026-07-01-Opinium-Observer-Web-Tables-1704.xlsx,LAB1
"2,050 UK adults",1st - 3rd July 2026,,,,2011,,current_vote,Reform,"Q:LAB1. To what extent do you agree or disagree that Andy Burnham…
 …is decisive",Leader favourability (Burnham),burnham,Agree,Neither agree nor disagree,Disagree,,,,,,,,19.3,21.1,40.9,,,,,,,,VI-2026-07-01-Opinium-Observer-Web-Tables-1704.xlsx,LAB1
"2,050 UK adults",1st - 3rd July 2026,,,,2011,,current_vote,Green,"Q:LAB1. To what extent do you agree or disagree that Andy Burnham…
 …is decisive",Leader favourability (Burnham),burnham,Agree,Neither agree nor disagree,Disagree,,,,,,,,32.5,29.2,12.9,,,,,,,,VI-2026-07-01-Opinium-Observer-Web-Tables-1704.xlsx,LAB1
"2,050 UK adults",1st - 3rd July 2026,,,,2011,,historic_vote,Con,"Q:LAB1. To what extent do you agree or disagree that Andy Burnham…
 …is decisive",Leader favourability (Burnham),burnham,Agree,Neither agree nor disagree,Disagree,,,,,,,,26.5,22.3,34.7,,,,,,,,VI-2026-07-01-Opinium-Observer-Web-Tables-1704.xlsx,LAB1
"2,050 UK adults",1st - 3rd July 2026,,,,2011,,historic_vote,Lab,"Q:LAB1. To what extent do you agree or disagree that Andy Burnham…
 …is decisive",Leader favourability (Burnham),burnham,Agree,Neither agree nor disagree,Disagree,,,,,,,,46.8,21.4,11.8,,,,,,,,VI-2026-07-01-Opinium-Observer-Web-Tables-1704.xlsx,LAB1
"2,050 UK adults",1st - 3rd July 2026,,,,2011,,historic_vote,Lib Dems,"Q:LAB1. To what extent do you agree or disagree that Andy Burnham…
 …is decisive",Leader favourability (Burnham),burnham,Agree,Neither agree nor disagree,Disagree,,,,,,,,36.0,25.6,17.1,,,,,,,,VI-2026-07-01-Opinium-Observer-Web-Tables-1704.xlsx,LAB1
"2,050 UK adults",1st - 3rd July 2026,,,,2011,,historic_vote,Reform,"Q:LAB1. To what extent do you agree or disagree that Andy Burnham…
 …is decisive",Leader favourability (Burnham),burnham,Agree,Neither agree nor disagree,Disagree,,,,,,,,19.5,18.9,41.9,,,,,,,,VI-2026-07-01-Opinium-Observer-Web-Tables-1704.xlsx,LAB1
"2,050 UK adults",1st - 3rd July 2026,,,,2011,,historic_vote,Green,"Q:LAB1. To what extent do you agree or disagree that Andy Burnham…
 …is decisive",Leader favourability (Burnham),burnham,Agree,Neither agree nor disagree,Disagree,,,,,,,,32.3,27.6,13.5,,,,,,,,VI-2026-07-01-Opinium-Observer-Web-Tables-1704.xlsx,LAB1
"2,050 UK adults",1st - 3rd July 2026,,,,2011,,historic_vote,Con,"Q:LAB1. To what extent do you agree or disagree that Andy Burnham…
 …is decisive",Leader favourability (Burnham),burnham,Agree,Neither agree nor disagree,Disagree,,,,,,,,27.2,20.6,31.1,,,,,,,,VI-2026-07-01-Opinium-Observer-Web-Tables-1704.xlsx,LAB1
"2,050 UK adults",1st - 3rd July 2026,,,,2011,,historic_vote,Lab,"Q:LAB1. To what extent do you agree or disagree that Andy Burnham…
 …is decisive",Leader favourability (Burnham),burnham,Agree,Neither agree nor disagree,Disagree,,,,,,,,43.8,23.4,14.0,,,,,,,,VI-2026-07-01-Opinium-Observer-Web-Tables-1704.xlsx,LAB1
"2,050 UK adults",1st - 3rd July 2026,,,,2011,,historic_vote,Lib Dem,"Q:LAB1. To what extent do you agree or disagree that Andy Burnham…
 …is decisive",Leader favourability (Burnham),burnham,Agree,Neither agree nor disagree,Disagree,,,,,,,,39.6,21.8,19.4,,,,,,,,VI-2026-07-01-Opinium-Observer-Web-Tables-1704.xlsx,LAB1
"2,050 UK adults",1st - 3rd July 2026,,,,2011,,historic_vote,Remain,"Q:LAB1. To what extent do you agree or disagree that Andy Burnham…
 …is decisive",Leader favourability (Burnham),burnham,Agree,Neither agree nor disagree,Disagree,,,,,,,,38.1,22.8,14.6,,,,,,,,VI-2026-07-01-Opinium-Observer-Web-Tables-1704.xlsx,LAB1
"2,050 UK adults",1st - 3rd July 2026,,,,2011,,historic_vote,Leave,"Q:LAB1. To what extent do you agree or disagree that Andy Burnham…
 …is decisive",Leader favourability (Burnham),burnham,Agree,Neither agree nor disagree,Disagree,,,,,,,,26.1,20.8,33.1,,,,,,,,VI-2026-07-01-Opinium-Observer-Web-Tables-1704.xlsx,LAB1
"2,050 UK adults",1st - 3rd July 2026,,,,2011,,gender,Male,"Q:LAB1. To what extent do you agree or disagree that Andy Burnham…
 …is decisive",Leader favourability (Burnham),burnham,Agree,Neither agree nor disagree,Disagree,,,,,,,,29.8,25.4,25.2,,,,,,,,VI-2026-07-01-Opinium-Observer-Web-Tables-1704.xlsx,LAB1
"2,050 UK adults",1st - 3rd July 2026,,,,2011,,gender,Female,"Q:LAB1. To what extent do you agree or disagree that Andy Burnham…
 …is decisive",Leader favourability (Burnham),burnham,Agree,Neither agree nor disagree,Disagree,,,,,,,,29.2,22.0,17.8,,,,,,,,VI-2026-07-01-Opinium-Observer-Web-Tables-1704.xlsx,LAB1
"2,050 UK adults",1st - 3rd July 2026,,,,2011,,age,18-34,"Q:LAB1. To what extent do you agree or disagree that Andy Burnham…
 …is decisive",Leader favourability (Burnham),burnham,Agree,Neither agree nor disagree,Disagree,,,,,,,,30.7,26.3,19.4,,,,,,,,VI-2026-07-01-Opinium-Observer-Web-Tables-1704.xlsx,LAB1
"2,050 UK adults",1st - 3rd July 2026,,,,2011,,age,35-49,"Q:LAB1. To what extent do you agree or disagree that Andy Burnham…
 …is decisive",Leader favourability (Burnham),burnham,Agree,Neither agree nor disagree,Disagree,,,,,,,,33.8,19.5,21.2,,,,,,,,VI-2026-07-01-Opinium-Observer-Web-Tables-1704.xlsx,LAB1
"2,050 UK adults",1st - 3rd July 2026,,,,2011,,age,50-64,"Q:LAB1. To what extent do you agree or disagree that Andy Burnham…
 …is decisive",Leader favourability (Burnham),burnham,Agree,Neither agree nor disagree,Disagree,,,,,,,,28.7,22.6,22.7,,,,,,,,VI-2026-07-01-Opinium-Observer-Web-Tables-1704.xlsx,LAB1
"2,050 UK adults",1st - 3rd July 2026,,,,2011,,age,65+,"Q:LAB1. To what extent do you agree or disagree that Andy Burnham…
 …is decisive",Leader favourability (Burnham),burnham,Agree,Neither agree nor disagree,Disagree,,,,,,,,24.1,25.4,22.6,,,,,,,,VI-2026-07-01-Opinium-Observer-Web-Tables-1704.xlsx,LAB1
"2,050 UK adults",1st - 3rd July 2026,,,,2011,,region,North,"Q:LAB1. To what extent do you agree or disagree that Andy Burnham…
 …is decisive",Leader favourability (Burnham),burnham,Agree,Neither agree nor disagree,Disagree,,,,,,,,34.2,23.4,19.3,,,,,,,,VI-2026-07-01-Opinium-Observer-Web-Tables-1704.xlsx,LAB1
"2,050 UK adults",1st - 3rd July 2026,,,,2011,,region,Mids,"Q:LAB1. To what extent do you agree or disagree that Andy Burnham…
 …is decisive",Leader favourability (Burnham),burnham,Agree,Neither agree nor disagree,Disagree,,,,,,,,30.0,19.5,23.7,,,,,,,,VI-2026-07-01-Opinium-Observer-Web-Tables-1704.xlsx,LAB1
"2,050 UK adults",1st - 3rd July 2026,,,,2011,,region,London,"Q:LAB1. To what extent do you agree or disagree that Andy Burnham…
 …is decisive",Leader favourability (Burnham),burnham,Agree,Neither agree nor disagree,Disagree,,,,,,,,33.1,25.2,17.1,,,,,,,,VI-2026-07-01-Opinium-Observer-Web-Tables-1704.xlsx,LAB1
"2,050 UK adults",1st - 3rd July 2026,,,,2011,,region,South,"Q:LAB1. To what extent do you agree or disagree that Andy Burnham…
 …is decisive",Leader favourability (Burnham),burnham,Agree,Neither agree nor disagree,Disagree,,,,,,,,27.3,24.5,23.2,,,,,,,,VI-2026-07-01-Opinium-Observer-Web-Tables-1704.xlsx,LAB1
"2,050 UK adults",1st - 3rd July 2026,,,,2011,,region,Wales,"Q:LAB1. To what extent do you agree or disagree that Andy Burnham…
 …is decisive",Leader favourability (Burnham),burnham,Agree,Neither agree nor disagree,Disagree,,,,,,,,20.6,24.8,22.7,,,,,,,,VI-2026-07-01-Opinium-Observer-Web-Tables-1704.xlsx,LAB1
"2,050 UK adults",1st - 3rd July 2026,,,,2011,,region,Scotland,"Q:LAB1. To what extent do you agree or disagree that Andy Burnham…
 …is decisive",Leader favourability (Burnham),burnham,Agree,Neither agree nor disagree,Disagree,,,,,,,,21.5,24.5,22.1,,,,,,,,VI-2026-07-01-Opinium-Observer-Web-Tables-1704.xlsx,LAB1
"2,050 UK adults",1st - 3rd July 2026,,,,2011,,region,Northern Ireland,"Q:LAB1. To what extent do you agree or disagree that Andy Burnham…
 …is decisive",Leader favourability (Burnham),burnham,Neither agree nor disagree,,,,,,,,,,,,,,,,,,,,VI-2026-07-01-Opinium-Observer-Web-Tables-1704.xlsx,LAB1
"2,050 UK adults",1st - 3rd July 2026,,,,2011,,total,Total,"Q:LAB1. To what extent do you agree or disagree that Andy Burnham…
 …is in touch with ordinary people",Leader favourability (Burnham),burnham,Agree,Neither agree nor disagree,Disagree,,,,,,,,33.1,20.5,26.4,,,,,,,,VI-2026-07-01-Opinium-Observer-Web-Tables-1704.xlsx,LAB1 (2)
"2,050 UK adults",1st - 3rd July 2026,,,,2011,,current_vote,Con,"Q:LAB1. To what extent do you agree or disagree that Andy Burnham…
 …is in touch with ordinary people",Leader favourability (Burnham),burnham,Agree,Neither agree nor disagree,Disagree,,,,,,,,28.3,22.8,37.2,,,,,,,,VI-2026-07-01-Opinium-Observer-Web-Tables-1704.xlsx,LAB1 (2)
"2,050 UK adults",1st - 3rd July 2026,,,,2011,,current_vote,Lab,"Q:LAB1. To what extent do you agree or disagree that Andy Burnham…
 …is in touch with ordinary people",Leader favourability (Burnham),burnham,Agree,Neither agree nor disagree,Disagree,,,,,,,,66.8,16.1,8.0,,,,,,,,VI-2026-07-01-Opinium-Observer-Web-Tables-1704.xlsx,LAB1 (2)
"2,050 UK adults",1st - 3rd July 2026,,,,2011,,current_vote,Lib Dem,"Q:LAB1. To what extent do you agree or disagree that Andy Burnham…
 …is in touch with ordinary people",Leader favourability (Burnham),burnham,Agree,Neither agree nor disagree,Disagree,,,,,,,,47.4,18.3,15.6,,,,,,,,VI-2026-07-01-Opinium-Observer-Web-Tables-1704.xlsx,LAB1 (2)
"2,050 UK adults",1st - 3rd July 2026,,,,2011,,current_vote,Reform,"Q:LAB1. To what extent do you agree or disagree that Andy Burnham…
 …is in touch with ordinary people",Leader favourability (Burnham),burnham,Agree,Neither agree nor disagree,Disagree,,,,,,,,20.3,17.1,49.5,,,,,,,,VI-2026-07-01-Opinium-Observer-Web-Tables-1704.xlsx,LAB1 (2)
"2,050 UK adults",1st - 3rd July 2026,,,,2011,,current_vote,Green,"Q:LAB1. To what extent do you agree or disagree that Andy Burnham…
 …is in touch with ordinary people",Leader favourability (Burnham),burnham,Agree,Neither agree nor disagree,Disagree,,,,,,,,40.2,28.3,13.9,,,,,,,,VI-2026-07-01-Opinium-Observer-Web-Tables-1704.xlsx,LAB1 (2)
"2,050 UK adults",1st - 3rd July 2026,,,,2011,,historic_vote,Con,"Q:LAB1. To what extent do you agree or disagree that Andy Burnham…
 …is in touch with ordinary people",Leader favourability (Burnham),burnham,Agree,Neither agree nor disagree,Disagree,,,,,,,,26.8,19.4,42.6,,,,,,,,VI-2026-07-01-Opinium-Observer-Web-Tables-1704.xlsx,LAB1 (2)
"2,050 UK adults",1st - 3rd July 2026,,,,2011,,historic_vote,Lab,"Q:LAB1. To what extent do you agree or disagree that Andy Burnham…
 …is in touch with ordinary people",Leader favourability (Burnham),burnham,Agree,Neither agree nor disagree,Disagree,,,,,,,,54.9,16.9,14.7,,,,,,,,VI-2026-07-01-Opinium-Observer-Web-Tables-1704.xlsx,LAB1 (2)
"2,050 UK adults",1st - 3rd July 2026,,,,2011,,historic_vote,Lib Dems,"Q:LAB1. To what extent do you agree or disagree that Andy Burnham…
 …is in touch with ordinary people",Leader favourability (Burnham),burnham,Agree,Neither agree nor disagree,Disagree,,,,,,,,43.4,16.6,15.4,,,,,,,,VI-2026-07-01-Opinium-Observer-Web-Tables-1704.xlsx,LAB1 (2)
"2,050 UK adults",1st - 3rd July 2026,,,,2011,,historic_vote,Reform,"Q:LAB1. To what extent do you agree or disagree that Andy Burnham…
 …is in touch with ordinary people",Leader favourability (Burnham),burnham,Agree,Neither agree nor disagree,Disagree,,,,,,,,17.6,20.5,49.3,,,,,,,,VI-2026-07-01-Opinium-Observer-Web-Tables-1704.xlsx,LAB1 (2)
"2,050 UK adults",1st - 3rd July 2026,,,,2011,,historic_vote,Green,"Q:LAB1. To what extent do you agree or disagree that Andy Burnham…
 …is in touch with ordinary people",Leader favourability (Burnham),burnham,Agree,Neither agree nor disagree,Disagree,,,,,,,,43.8,21.6,15.6,,,,,,,,VI-2026-07-01-Opinium-Observer-Web-Tables-1704.xlsx,LAB1 (2)
"2,050 UK adults",1st - 3rd July 2026,,,,2011,,historic_vote,Con,"Q:LAB1. To what extent do you agree or disagree that Andy Burnham…
 …is in touch with ordinary people",Leader favourability (Burnham),burnham,Agree,Neither agree nor disagree,Disagree,,,,,,,,27.5,19.5,39.1,,,,,,,,VI-2026-07-01-Opinium-Observer-Web-Tables-1704.xlsx,LAB1 (2)
"2,050 UK adults",1st - 3rd July 2026,,,,2011,,historic_vote,Lab,"Q:LAB1. To what extent do you agree or disagree that Andy Burnham…
 …is in touch with ordinary people",Leader favourability (Burnham),burnham,Agree,Neither agree nor disagree,Disagree,,,,,,,,54.7,14.6,17.9,,,,,,,,VI-2026-07-01-Opinium-Observer-Web-Tables-1704.xlsx,LAB1 (2)
"2,050 UK adults",1st - 3rd July 2026,,,,2011,,historic_vote,Lib Dem,"Q:LAB1. To what extent do you agree or disagree that Andy Burnham…
 …is in touch with ordinary people",Leader favourability (Burnham),burnham,Agree,Neither agree nor disagree,Disagree,,,,,,,,47.2,15.5,15.3,,,,,,,,VI-2026-07-01-Opinium-Observer-Web-Tables-1704.xlsx,LAB1 (2)
"2,050 UK adults",1st - 3rd July 2026,,,,2011,,historic_vote,Remain,"Q:LAB1. To what extent do you agree or disagree that Andy Burnham…
 …is in touch with ordinary people",Leader favourability (Burnham),burnham,Agree,Neither agree nor disagree,Disagree,,,,,,,,47.2,17.6,17.8,,,,,,,,VI-2026-07-01-Opinium-Observer-Web-Tables-1704.xlsx,LAB1 (2)
"2,050 UK adults",1st - 3rd July 2026,,,,2011,,historic_vote,Leave,"Q:LAB1. To what extent do you agree or disagree that Andy Burnham…
 …is in touch with ordinary people",Leader favourability (Burnham),burnham,Agree,Neither agree nor disagree,Disagree,,,,,,,,27.7,17.7,40.1,,,,,,,,VI-2026-07-01-Opinium-Observer-Web-Tables-1704.xlsx,LAB1 (2)
"2,050 UK adults",1st - 3rd July 2026,,,,2011,,gender,Male,"Q:LAB1. To what extent do you agree or disagree that Andy Burnham…
 …is in touch with ordinary people",Leader favourability (Burnham),burnham,Agree,Neither agree nor disagree,Disagree,,,,,,,,33.1,20.9,30.0,,,,,,,,VI-2026-07-01-Opinium-Observer-Web-Tables-1704.xlsx,LAB1 (2)
"2,050 UK adults",1st - 3rd July 2026,,,,2011,,gender,Female,"Q:LAB1. To what extent do you agree or disagree that Andy Burnham…
 …is in touch with ordinary people",Leader favourability (Burnham),burnham,Agree,Neither agree nor disagree,Disagree,,,,,,,,33.2,20.0,23.1,,,,,,,,VI-2026-07-01-Opinium-Observer-Web-Tables-1704.xlsx,LAB1 (2)
"2,050 UK adults",1st - 3rd July 2026,,,,2011,,age,18-34,"Q:LAB1. To what extent do you agree or disagree that Andy Burnham…
 …is in touch with ordinary people",Leader favourability (Burnham),burnham,Agree,Neither agree nor disagree,Disagree,,,,,,,,31.0,24.8,22.9,,,,,,,,VI-2026-07-01-Opinium-Observer-Web-Tables-1704.xlsx,LAB1 (2)
"2,050 UK adults",1st - 3rd July 2026,,,,2011,,age,35-49,"Q:LAB1. To what extent do you agree or disagree that Andy Burnham…
 …is in touch with ordinary people",Leader favourability (Burnham),burnham,Agree,Neither agree nor disagree,Disagree,,,,,,,,36.3,18.1,24.7,,,,,,,,VI-2026-07-01-Opinium-Observer-Web-Tables-1704.xlsx,LAB1 (2)
"2,050 UK adults",1st - 3rd July 2026,,,,2011,,age,50-64,"Q:LAB1. To what extent do you agree or disagree that Andy Burnham…
 …is in touch with ordinary people",Leader favourability (Burnham),burnham,Agree,Neither agree nor disagree,Disagree,,,,,,,,35.5,19.2,27.7,,,,,,,,VI-2026-07-01-Opinium-Observer-Web-Tables-1704.xlsx,LAB1 (2)
"2,050 UK adults",1st - 3rd July 2026,,,,2011,,age,65+,"Q:LAB1. To what extent do you agree or disagree that Andy Burnham…
 …is in touch with ordinary people",Leader favourability (Burnham),burnham,Agree,Neither agree nor disagree,Disagree,,,,,,,,29.6,19.1,30.4,,,,,,,,VI-2026-07-01-Opinium-Observer-Web-Tables-1704.xlsx,LAB1 (2)
"2,050 UK adults",1st - 3rd July 2026,,,,2011,,region,North,"Q:LAB1. To what extent do you agree or disagree that Andy Burnham…
 …is in touch with ordinary people",Leader favourability (Burnham),burnham,Agree,Neither agree nor disagree,Disagree,,,,,,,,39.0,19.6,23.4,,,,,,,,VI-2026-07-01-Opinium-Observer-Web-Tables-1704.xlsx,LAB1 (2)
"2,050 UK adults",1st - 3rd July 2026,,,,2011,,region,Mids,"Q:LAB1. To what extent do you agree or disagree that Andy Burnham…
 …is in touch with ordinary people",Leader favourability (Burnham),burnham,Agree,Neither agree nor disagree,Disagree,,,,,,,,30.6,18.0,29.4,,,,,,,,VI-2026-07-01-Opinium-Observer-Web-Tables-1704.xlsx,LAB1 (2)
"2,050 UK adults",1st - 3rd July 2026,,,,2011,,region,London,"Q:LAB1. To what extent do you agree or disagree that Andy Burnham…
 …is in touch with ordinary people",Leader favourability (Burnham),burnham,Agree,Neither agree nor disagree,Disagree,,,,,,,,33.8,24.9,22.7,,,,,,,,VI-2026-07-01-Opinium-Observer-Web-Tables-1704.xlsx,LAB1 (2)
"2,050 UK adults",1st - 3rd July 2026,,,,2011,,region,South,"Q:LAB1. To what extent do you agree or disagree that Andy Burnham…
 …is in touch with ordinary people",Leader favourability (Burnham),burnham,Agree,Neither agree nor disagree,Disagree,,,,,,,,31.0,19.2,30.2,,,,,,,,VI-2026-07-01-Opinium-Observer-Web-Tables-1704.xlsx,LAB1 (2)
"2,050 UK adults",1st - 3rd July 2026,,,,2011,,region,Wales,"Q:LAB1. To what extent do you agree or disagree that Andy Burnham…
 …is in touch with ordinary people",Leader favourability (Burnham),burnham,Agree,Neither agree nor disagree,Disagree,,,,,,,,32.0,25.5,22.7,,,,,,,,VI-2026-07-01-Opinium-Observer-Web-Tables-1704.xlsx,LAB1 (2)
"2,050 UK adults",1st - 3rd July 2026,,,,2011,,region,Scotland,"Q:LAB1. To what extent do you agree or disagree that Andy Burnham…
 …is in touch with ordinary people",Leader favourability (Burnham),burnham,Agree,Neither agree nor disagree,Disagree,,,,,,,,29.1,22.6,22.1,,,,,,,,VI-2026-07-01-Opinium-Observer-Web-Tables-1704.xlsx,LAB1 (2)
"2,050 UK adults",1st - 3rd July 2026,,,,2011,,region,Northern Ireland,"Q:LAB1. To what extent do you agree or disagree that Andy Burnham…
 …is in touch with ordinary people",Leader favourability (Burnham),burnham,Neither agree nor disagree,,,,,,,,,,,,,,,,,,,,VI-2026-07-01-Opinium-Observer-Web-Tables-1704.xlsx,LAB1 (2)
"2,050 UK adults",1st - 3rd July 2026,,,,2011,,total,Total,"Q:LAB1. To what extent do you agree or disagree that Andy Burnham…
 …represents what most people think",Leader favourability (Burnham),burnham,Agree,Neither agree nor disagree,Disagree,,,,,,,,23.1,22.4,31.8,,,,,,,,VI-2026-07-01-Opinium-Observer-Web-Tables-1704.xlsx,LAB1 (3)
"2,050 UK adults",1st - 3rd July 2026,,,,2011,,current_vote,Con,"Q:LAB1. To what extent do you agree or disagree that Andy Burnham…
 …represents what most people think",Leader favourability (Burnham),burnham,Agree,Neither agree nor disagree,Disagree,,,,,,,,19.7,21.0,44.5,,,,,,,,VI-2026-07-01-Opinium-Observer-Web-Tables-1704.xlsx,LAB1 (3)
"2,050 UK adults",1st - 3rd July 2026,,,,2011,,current_vote,Lab,"Q:LAB1. To what extent do you agree or disagree that Andy Burnham…
 …represents what most people think",Leader favourability (Burnham),burnham,Agree,Neither agree nor disagree,Disagree,,,,,,,,56.8,22.9,7.3,,,,,,,,VI-2026-07-01-Opinium-Observer-Web-Tables-1704.xlsx,LAB1 (3)
"2,050 UK adults",1st - 3rd July 2026,,,,2011,,current_vote,Lib Dem,"Q:LAB1. To what extent do you agree or disagree that Andy Burnham…
 …represents what most people think",Leader favourability (Burnham),burnham,Agree,Neither agree nor disagree,Disagree,,,,,,,,25.4,30.7,21.4,,,,,,,,VI-2026-07-01-Opinium-Observer-Web-Tables-1704.xlsx,LAB1 (3)
"2,050 UK adults",1st - 3rd July 2026,,,,2011,,current_vote,Reform,"Q:LAB1. To what extent do you agree or disagree that Andy Burnham…
 …represents what most people think",Leader favourability (Burnham),burnham,Agree,Neither agree nor disagree,Disagree,,,,,,,,11.9,16.4,59.6,,,,,,,,VI-2026-07-01-Opinium-Observer-Web-Tables-1704.xlsx,LAB1 (3)
"2,050 UK adults",1st - 3rd July 2026,,,,2011,,current_vote,Green,"Q:LAB1. To what extent do you agree or disagree that Andy Burnham…
 …represents what most people think",Leader favourability (Burnham),burnham,Agree,Neither agree nor disagree,Disagree,,,,,,,,26.8,31.3,20.6,,,,,,,,VI-2026-07-01-Opinium-Observer-Web-Tables-1704.xlsx,LAB1 (3)
"2,050 UK adults",1st - 3rd July 2026,,,,2011,,historic_vote,Con,"Q:LAB1. To what extent do you agree or disagree that Andy Burnham…
 …represents what most people think",Leader favourability (Burnham),burnham,Agree,Neither agree nor disagree,Disagree,,,,,,,,18.8,17.7,50.6,,,,,,,,VI-2026-07-01-Opinium-Observer-Web-Tables-1704.xlsx,LAB1 (3)
"2,050 UK adults",1st - 3rd July 2026,,,,2011,,historic_vote,Lab,"Q:LAB1. To what extent do you agree or disagree that Andy Burnham…
 …represents what most people think",Leader favourability (Burnham),burnham,Agree,Neither agree nor disagree,Disagree,,,,,,,,40.6,23.4,17.0,,,,,,,,VI-2026-07-01-Opinium-Observer-Web-Tables-1704.xlsx,LAB1 (3)
"2,050 UK adults",1st - 3rd July 2026,,,,2011,,historic_vote,Lib Dems,"Q:LAB1. To what extent do you agree or disagree that Andy Burnham…
 …represents what most people think",Leader favourability (Burnham),burnham,Agree,Neither agree nor disagree,Disagree,,,,,,,,21.1,29.0,25.1,,,,,,,,VI-2026-07-01-Opinium-Observer-Web-Tables-1704.xlsx,LAB1 (3)
"2,050 UK adults",1st - 3rd July 2026,,,,2011,,historic_vote,Reform,"Q:LAB1. To what extent do you agree or disagree that Andy Burnham…
 …represents what most people think",Leader favourability (Burnham),burnham,Agree,Neither agree nor disagree,Disagree,,,,,,,,11.2,14.4,60.5,,,,,,,,VI-2026-07-01-Opinium-Observer-Web-Tables-1704.xlsx,LAB1 (3)
"2,050 UK adults",1st - 3rd July 2026,,,,2011,,historic_vote,Green,"Q:LAB1. To what extent do you agree or disagree that Andy Burnham…
 …represents what most people think",Leader favourability (Burnham),burnham,Agree,Neither agree nor disagree,Disagree,,,,,,,,21.9,29.3,22.9,,,,,,,,VI-2026-07-01-Opinium-Observer-Web-Tables-1704.xlsx,LAB1 (3)
"2,050 UK adults",1st - 3rd July 2026,,,,2011,,historic_vote,Con,"Q:LAB1. To what extent do you agree or disagree that Andy Burnham…
 …represents what most people think",Leader favourability (Burnham),burnham,Agree,Neither agree nor disagree,Disagree,,,,,,,,17.3,17.4,48.7,,,,,,,,VI-2026-07-01-Opinium-Observer-Web-Tables-1704.xlsx,LAB1 (3)
"2,050 UK adults",1st - 3rd July 2026,,,,2011,,historic_vote,Lab,"Q:LAB1. To what extent do you agree or disagree that Andy Burnham…
 …represents what most people think",Leader favourability (Burnham),burnham,Agree,Neither agree nor disagree,Disagree,,,,,,,,40.2,24.5,18.4,,,,,,,,VI-2026-07-01-Opinium-Observer-Web-Tables-1704.xlsx,LAB1 (3)
"2,050 UK adults",1st - 3rd July 2026,,,,2011,,historic_vote,Lib Dem,"Q:LAB1. To what extent do you agree or disagree that Andy Burnham…
 …represents what most people think",Leader favourability (Burnham),burnham,Agree,Neither agree nor disagree,Disagree,,,,,,,,24.3,26.8,25.0,,,,,,,,VI-2026-07-01-Opinium-Observer-Web-Tables-1704.xlsx,LAB1 (3)
"2,050 UK adults",1st - 3rd July 2026,,,,2011,,historic_vote,Remain,"Q:LAB1. To what extent do you agree or disagree that Andy Burnham…
 …represents what most people think",Leader favourability (Burnham),burnham,Agree,Neither agree nor disagree,Disagree,,,,,,,,30.7,24.0,21.9,,,,,,,,VI-2026-07-01-Opinium-Observer-Web-Tables-1704.xlsx,LAB1 (3)
"2,050 UK adults",1st - 3rd July 2026,,,,2011,,historic_vote,Leave,"Q:LAB1. To what extent do you agree or disagree that Andy Burnham…
 …represents what most people think",Leader favourability (Burnham),burnham,Agree,Neither agree nor disagree,Disagree,,,,,,,,19.0,17.7,47.9,,,,,,,,VI-2026-07-01-Opinium-Observer-Web-Tables-1704.xlsx,LAB1 (3)
"2,050 UK adults",1st - 3rd July 2026,,,,2011,,gender,Male,"Q:LAB1. To what extent do you agree or disagree that Andy Burnham…
 …represents what most people think",Leader favourability (Burnham),burnham,Agree,Neither agree nor disagree,Disagree,,,,,,,,24.0,23.3,35.3,,,,,,,,VI-2026-07-01-Opinium-Observer-Web-Tables-1704.xlsx,LAB1 (3)
"2,050 UK adults",1st - 3rd July 2026,,,,2011,,gender,Female,"Q:LAB1. To what extent do you agree or disagree that Andy Burnham…
 …represents what most people think",Leader favourability (Burnham),burnham,Agree,Neither agree nor disagree,Disagree,,,,,,,,22.6,21.6,28.7,,,,,,,,VI-2026-07-01-Opinium-Observer-Web-Tables-1704.xlsx,LAB1 (3)
"2,050 UK adults",1st - 3rd July 2026,,,,2011,,age,18-34,"Q:LAB1. To what extent do you agree or disagree that Andy Burnham…
 …represents what most people think",Leader favourability (Burnham),burnham,Agree,Neither agree nor disagree,Disagree,,,,,,,,27.4,25.3,26.9,,,,,,,,VI-2026-07-01-Opinium-Observer-Web-Tables-1704.xlsx,LAB1 (3)
"2,050 UK adults",1st - 3rd July 2026,,,,2011,,age,35-49,"Q:LAB1. To what extent do you agree or disagree that Andy Burnham…
 …represents what most people think",Leader favourability (Burnham),burnham,Agree,Neither agree nor disagree,Disagree,,,,,,,,26.8,20.8,28.2,,,,,,,,VI-2026-07-01-Opinium-Observer-Web-Tables-1704.xlsx,LAB1 (3)
"2,050 UK adults",1st - 3rd July 2026,,,,2011,,age,50-64,"Q:LAB1. To what extent do you agree or disagree that Andy Burnham…
 …represents what most people think",Leader favourability (Burnham),burnham,Agree,Neither agree nor disagree,Disagree,,,,,,,,21.4,22.7,34.5,,,,,,,,VI-2026-07-01-Opinium-Observer-Web-Tables-1704.xlsx,LAB1 (3)
"2,050 UK adults",1st - 3rd July 2026,,,,2011,,age,65+,"Q:LAB1. To what extent do you agree or disagree that Andy Burnham…
 …represents what most people think",Leader favourability (Burnham),burnham,Agree,Neither agree nor disagree,Disagree,,,,,,,,16.4,20.5,38.4,,,,,,,,VI-2026-07-01-Opinium-Observer-Web-Tables-1704.xlsx,LAB1 (3)
"2,050 UK adults",1st - 3rd July 2026,,,,2011,,region,North,"Q:LAB1. To what extent do you agree or disagree that Andy Burnham…
 …represents what most people think",Leader favourability (Burnham),burnham,Agree,Neither agree nor disagree,Disagree,,,,,,,,29.5,22.3,27.4,,,,,,,,VI-2026-07-01-Opinium-Observer-Web-Tables-1704.xlsx,LAB1 (3)
"2,050 UK adults",1st - 3rd July 2026,,,,2011,,region,Mids,"Q:LAB1. To what extent do you agree or disagree that Andy Burnham…
 …represents what most people think",Leader favourability (Burnham),burnham,Agree,Neither agree nor disagree,Disagree,,,,,,,,20.4,22.0,33.3,,,,,,,,VI-2026-07-01-Opinium-Observer-Web-Tables-1704.xlsx,LAB1 (3)
"2,050 UK adults",1st - 3rd July 2026,,,,2011,,region,London,"Q:LAB1. To what extent do you agree or disagree that Andy Burnham…
 …represents what most people think",Leader favourability (Burnham),burnham,Agree,Neither agree nor disagree,Disagree,,,,,,,,25.7,22.7,30.5,,,,,,,,VI-2026-07-01-Opinium-Observer-Web-Tables-1704.xlsx,LAB1 (3)
"2,050 UK adults",1st - 3rd July 2026,,,,2011,,region,South,"Q:LAB1. To what extent do you agree or disagree that Andy Burnham…
 …represents what most people think",Leader favourability (Burnham),burnham,Agree,Neither agree nor disagree,Disagree,,,,,,,,20.2,22.7,36.0,,,,,,,,VI-2026-07-01-Opinium-Observer-Web-Tables-1704.xlsx,LAB1 (3)
"2,050 UK adults",1st - 3rd July 2026,,,,2011,,region,Wales,"Q:LAB1. To what extent do you agree or disagree that Andy Burnham…
 …represents what most people think",Leader favourability (Burnham),burnham,Agree,Neither agree nor disagree,Disagree,,,,,,,,21.6,18.4,32.0,,,,,,,,VI-2026-07-01-Opinium-Observer-Web-Tables-1704.xlsx,LAB1 (3)
"2,050 UK adults",1st - 3rd July 2026,,,,2011,,region,Scotland,"Q:LAB1. To what extent do you agree or disagree that Andy Burnham…
 …represents what most people think",Leader favourability (Burnham),burnham,Agree,Neither agree nor disagree,Disagree,,,,,,,,18.0,24.6,27.3,,,,,,,,VI-2026-07-01-Opinium-Observer-Web-Tables-1704.xlsx,LAB1 (3)
"2,050 UK adults",1st - 3rd July 2026,,,,2011,,region,Northern Ireland,"Q:LAB1. To what extent do you agree or disagree that Andy Burnham…
 …represents what most people think",Leader favourability (Burnham),burnham,Neither agree nor disagree,,,,,,,,,,,,,,,,,,,,VI-2026-07-01-Opinium-Observer-Web-Tables-1704.xlsx,LAB1 (3)
"2,050 UK adults",1st - 3rd July 2026,,,,2011,,total,Total,"Q:LAB1. To what extent do you agree or disagree that Andy Burnham…
 …has similar views to my own",Leader favourability (Burnham),burnham,Agree,Neither agree nor disagree,Disagree,,,,,,,,20.5,22.3,33.7,,,,,,,,VI-2026-07-01-Opinium-Observer-Web-Tables-1704.xlsx,LAB1 (4)
"2,050 UK adults",1st - 3rd July 2026,,,,2011,,current_vote,Con,"Q:LAB1. To what extent do you agree or disagree that Andy Burnham…
 …has similar views to my own",Leader favourability (Burnham),burnham,Agree,Neither agree nor disagree,Disagree,,,,,,,,16.9,20.2,50.7,,,,,,,,VI-2026-07-01-Opinium-Observer-Web-Tables-1704.xlsx,LAB1 (4)
"2,050 UK adults",1st - 3rd July 2026,,,,2011,,current_vote,Lab,"Q:LAB1. To what extent do you agree or disagree that Andy Burnham…
 …has similar views to my own",Leader favourability (Burnham),burnham,Agree,Neither agree nor disagree,Disagree,,,,,,,,55.8,25.3,5.3,,,,,,,,VI-2026-07-01-Opinium-Observer-Web-Tables-1704.xlsx,LAB1 (4)
"2,050 UK adults",1st - 3rd July 2026,,,,2011,,current_vote,Lib Dem,"Q:LAB1. To what extent do you agree or disagree that Andy Burnham…
 …has similar views to my own",Leader favourability (Burnham),burnham,Agree,Neither agree nor disagree,Disagree,,,,,,,,24.9,28.6,22.5,,,,,,,,VI-2026-07-01-Opinium-Observer-Web-Tables-1704.xlsx,LAB1 (4)
"2,050 UK adults",1st - 3rd July 2026,,,,2011,,current_vote,Reform,"Q:LAB1. To what extent do you agree or disagree that Andy Burnham…
 …has similar views to my own",Leader favourability (Burnham),burnham,Agree,Neither agree nor disagree,Disagree,,,,,,,,11.9,12.7,61.4,,,,,,,,VI-2026-07-01-Opinium-Observer-Web-Tables-1704.xlsx,LAB1 (4)
"2,050 UK adults",1st - 3rd July 2026,,,,2011,,current_vote,Green,"Q:LAB1. To what extent do you agree or disagree that Andy Burnham…
 …has similar views to my own",Leader favourability (Burnham),burnham,Agree,Neither agree nor disagree,Disagree,,,,,,,,20.6,31.9,22.0,,,,,,,,VI-2026-07-01-Opinium-Observer-Web-Tables-1704.xlsx,LAB1 (4)
"2,050 UK adults",1st - 3rd July 2026,,,,2011,,historic_vote,Con,"Q:LAB1. To what extent do you agree or disagree that Andy Burnham…
 …has similar views to my own",Leader favourability (Burnham),burnham,Agree,Neither agree nor disagree,Disagree,,,,,,,,15.9,15.6,58.5,,,,,,,,VI-2026-07-01-Opinium-Observer-Web-Tables-1704.xlsx,LAB1 (4)
"2,050 UK adults",1st - 3rd July 2026,,,,2011,,historic_vote,Lab,"Q:LAB1. To what extent do you agree or disagree that Andy Burnham…
 …has similar views to my own",Leader favourability (Burnham),burnham,Agree,Neither agree nor disagree,Disagree,,,,,,,,39.3,22.5,16.8,,,,,,,,VI-2026-07-01-Opinium-Observer-Web-Tables-1704.xlsx,LAB1 (4)
"2,050 UK adults",1st - 3rd July 2026,,,,2011,,historic_vote,Lib Dems,"Q:LAB1. To what extent do you agree or disagree that Andy Burnham…
 …has similar views to my own",Leader favourability (Burnham),burnham,Agree,Neither agree nor disagree,Disagree,,,,,,,,20.6,25.1,28.6,,,,,,,,VI-2026-07-01-Opinium-Observer-Web-Tables-1704.xlsx,LAB1 (4)
"2,050 UK adults",1st - 3rd July 2026,,,,2011,,historic_vote,Reform,"Q:LAB1. To what extent do you agree or disagree that Andy Burnham…
 …has similar views to my own",Leader favourability (Burnham),burnham,Agree,Neither agree nor disagree,Disagree,,,,,,,,9.8,13.3,63.4,,,,,,,,VI-2026-07-01-Opinium-Observer-Web-Tables-1704.xlsx,LAB1 (4)
"2,050 UK adults",1st - 3rd July 2026,,,,2011,,historic_vote,Green,"Q:LAB1. To what extent do you agree or disagree that Andy Burnham…
 …has similar views to my own",Leader favourability (Burnham),burnham,Agree,Neither agree nor disagree,Disagree,,,,,,,,17.7,30.4,22.9,,,,,,,,VI-2026-07-01-Opinium-Observer-Web-Tables-1704.xlsx,LAB1 (4)
"2,050 UK adults",1st - 3rd July 2026,,,,2011,,historic_vote,Con,"Q:LAB1. To what extent do you agree or disagree that Andy Burnham…
 …has similar views to my own",Leader favourability (Burnham),burnham,Agree,Neither agree nor disagree,Disagree,,,,,,,,14.0,15.1,56.6,,,,,,,,VI-2026-07-01-Opinium-Observer-Web-Tables-1704.xlsx,LAB1 (4)
"2,050 UK adults",1st - 3rd July 2026,,,,2011,,historic_vote,Lab,"Q:LAB1. To what extent do you agree or disagree that Andy Burnham…
 …has similar views to my own",Leader favourability (Burnham),burnham,Agree,Neither agree nor disagree,Disagree,,,,,,,,38.5,22.9,19.9,,,,,,,,VI-2026-07-01-Opinium-Observer-Web-Tables-1704.xlsx,LAB1 (4)
"2,050 UK adults",1st - 3rd July 2026,,,,2011,,historic_vote,Lib Dem,"Q:LAB1. To what extent do you agree or disagree that Andy Burnham…
 …has similar views to my own",Leader favourability (Burnham),burnham,Agree,Neither agree nor disagree,Disagree,,,,,,,,26.4,24.8,22.9,,,,,,,,VI-2026-07-01-Opinium-Observer-Web-Tables-1704.xlsx,LAB1 (4)
"2,050 UK adults",1st - 3rd July 2026,,,,2011,,historic_vote,Remain,"Q:LAB1. To what extent do you agree or disagree that Andy Burnham…
 …has similar views to my own",Leader favourability (Burnham),burnham,Agree,Neither agree nor disagree,Disagree,,,,,,,,29.9,21.7,24.6,,,,,,,,VI-2026-07-01-Opinium-Observer-Web-Tables-1704.xlsx,LAB1 (4)
"2,050 UK adults",1st - 3rd July 2026,,,,2011,,historic_vote,Leave,"Q:LAB1. To what extent do you agree or disagree that Andy Burnham…
 …has similar views to my own",Leader favourability (Burnham),burnham,Agree,Neither agree nor disagree,Disagree,,,,,,,,14.1,17.6,52.8,,,,,,,,VI-2026-07-01-Opinium-Observer-Web-Tables-1704.xlsx,LAB1 (4)
"2,050 UK adults",1st - 3rd July 2026,,,,2011,,gender,Male,"Q:LAB1. To what extent do you agree or disagree that Andy Burnham…
 …has similar views to my own",Leader favourability (Burnham),burnham,Agree,Neither agree nor disagree,Disagree,,,,,,,,21.3,21.3,38.3,,,,,,,,VI-2026-07-01-Opinium-Observer-Web-Tables-1704.xlsx,LAB1 (4)
"2,050 UK adults",1st - 3rd July 2026,,,,2011,,gender,Female,"Q:LAB1. To what extent do you agree or disagree that Andy Burnham…
 …has similar views to my own",Leader favourability (Burnham),burnham,Agree,Neither agree nor disagree,Disagree,,,,,,,,20.0,23.3,29.6,,,,,,,,VI-2026-07-01-Opinium-Observer-Web-Tables-1704.xlsx,LAB1 (4)
"2,050 UK adults",1st - 3rd July 2026,,,,2011,,age,18-34,"Q:LAB1. To what extent do you agree or disagree that Andy Burnham…
 …has similar views to my own",Leader favourability (Burnham),burnham,Agree,Neither agree nor disagree,Disagree,,,,,,,,26.1,26.1,24.1,,,,,,,,VI-2026-07-01-Opinium-Observer-Web-Tables-1704.xlsx,LAB1 (4)
"2,050 UK adults",1st - 3rd July 2026,,,,2011,,age,35-49,"Q:LAB1. To what extent do you agree or disagree that Andy Burnham…
 …has similar views to my own",Leader favourability (Burnham),burnham,Agree,Neither agree nor disagree,Disagree,,,,,,,,23.9,22.6,29.1,,,,,,,,VI-2026-07-01-Opinium-Observer-Web-Tables-1704.xlsx,LAB1 (4)
"2,050 UK adults",1st - 3rd July 2026,,,,2011,,age,50-64,"Q:LAB1. To what extent do you agree or disagree that Andy Burnham…
 …has similar views to my own",Leader favourability (Burnham),burnham,Agree,Neither agree nor disagree,Disagree,,,,,,,,18.0,21.3,36.9,,,,,,,,VI-2026-07-01-Opinium-Observer-Web-Tables-1704.xlsx,LAB1 (4)
"2,050 UK adults",1st - 3rd July 2026,,,,2011,,age,65+,"Q:LAB1. To what extent do you agree or disagree that Andy Burnham…
 …has similar views to my own",Leader favourability (Burnham),burnham,Agree,Neither agree nor disagree,Disagree,,,,,,,,13.0,18.7,46.1,,,,,,,,VI-2026-07-01-Opinium-Observer-Web-Tables-1704.xlsx,LAB1 (4)
"2,050 UK adults",1st - 3rd July 2026,,,,2011,,region,North,"Q:LAB1. To what extent do you agree or disagree that Andy Burnham…
 …has similar views to my own",Leader favourability (Burnham),burnham,Agree,Neither agree nor disagree,Disagree,,,,,,,,26.4,20.7,29.7,,,,,,,,VI-2026-07-01-Opinium-Observer-Web-Tables-1704.xlsx,LAB1 (4)
"2,050 UK adults",1st - 3rd July 2026,,,,2011,,region,Mids,"Q:LAB1. To what extent do you agree or disagree that Andy Burnham…
 …has similar views to my own",Leader favourability (Burnham),burnham,Agree,Neither agree nor disagree,Disagree,,,,,,,,19.2,18.4,36.0,,,,,,,,VI-2026-07-01-Opinium-Observer-Web-Tables-1704.xlsx,LAB1 (4)
"2,050 UK adults",1st - 3rd July 2026,,,,2011,,region,London,"Q:LAB1. To what extent do you agree or disagree that Andy Burnham…
 …has similar views to my own",Leader favourability (Burnham),burnham,Agree,Neither agree nor disagree,Disagree,,,,,,,,21.9,25.3,29.0,,,,,,,,VI-2026-07-01-Opinium-Observer-Web-Tables-1704.xlsx,LAB1 (4)
"2,050 UK adults",1st - 3rd July 2026,,,,2011,,region,South,"Q:LAB1. To what extent do you agree or disagree that Andy Burnham…
 …has similar views to my own",Leader favourability (Burnham),burnham,Agree,Neither agree nor disagree,Disagree,,,,,,,,18.2,23.4,38.1,,,,,,,,VI-2026-07-01-Opinium-Observer-Web-Tables-1704.xlsx,LAB1 (4)
"2,050 UK adults",1st - 3rd July 2026,,,,2011,,region,Wales,"Q:LAB1. To what extent do you agree or disagree that Andy Burnham…
 …has similar views to my own",Leader favourability (Burnham),burnham,Agree,Neither agree nor disagree,Disagree,,,,,,,,17.5,23.3,32.0,,,,,,,,VI-2026-07-01-Opinium-Observer-Web-Tables-1704.xlsx,LAB1 (4)
"2,050 UK adults",1st - 3rd July 2026,,,,2011,,region,Scotland,"Q:LAB1. To what extent do you agree or disagree that Andy Burnham…
 …has similar views to my own",Leader favourability (Burnham),burnham,Agree,Neither agree nor disagree,Disagree,,,,,,,,14.5,24.9,30.8,,,,,,,,VI-2026-07-01-Opinium-Observer-Web-Tables-1704.xlsx,LAB1 (4)
"2,050 UK adults",1st - 3rd July 2026,,,,2011,,region,Northern Ireland,"Q:LAB1. To what extent do you agree or disagree that Andy Burnham…
 …has similar views to my own",Leader favourability (Burnham),burnham,Neither agree nor disagree,,,,,,,,,,,,,,,,,,,,VI-2026-07-01-Opinium-Observer-Web-Tables-1704.xlsx,LAB1 (4)
"2,050 UK adults",1st - 3rd July 2026,,,,2011,,total,Total,"Q:LAB1. To what extent do you agree or disagree that Andy Burnham…
 …has the nation’s best interests at heart",Leader favourability (Burnham),burnham,Agree,Neither agree nor disagree,Disagree,,,,,,,,30.6,19.6,27.0,,,,,,,,VI-2026-07-01-Opinium-Observer-Web-Tables-1704.xlsx,LAB1 (5)
"2,050 UK adults",1st - 3rd July 2026,,,,2011,,current_vote,Con,"Q:LAB1. To what extent do you agree or disagree that Andy Burnham…
 …has the nation’s best interests at heart",Leader favourability (Burnham),burnham,Agree,Neither agree nor disagree,Disagree,,,,,,,,27.9,21.6,33.8,,,,,,,,VI-2026-07-01-Opinium-Observer-Web-Tables-1704.xlsx,LAB1 (5)
"2,050 UK adults",1st - 3rd July 2026,,,,2011,,current_vote,Lab,"Q:LAB1. To what extent do you agree or disagree that Andy Burnham…
 …has the nation’s best interests at heart",Leader favourability (Burnham),burnham,Agree,Neither agree nor disagree,Disagree,,,,,,,,67.8,15.8,4.7,,,,,,,,VI-2026-07-01-Opinium-Observer-Web-Tables-1704.xlsx,LAB1 (5)
"2,050 UK adults",1st - 3rd July 2026,,,,2011,,current_vote,Lib Dem,"Q:LAB1. To what extent do you agree or disagree that Andy Burnham…
 …has the nation’s best interests at heart",Leader favourability (Burnham),burnham,Agree,Neither agree nor disagree,Disagree,,,,,,,,37.0,19.9,17.3,,,,,,,,VI-2026-07-01-Opinium-Observer-Web-Tables-1704.xlsx,LAB1 (5)
"2,050 UK adults",1st - 3rd July 2026,,,,2011,,current_vote,Reform,"Q:LAB1. To what extent do you agree or disagree that Andy Burnham…
 …has the nation’s best interests at heart",Leader favourability (Burnham),burnham,Agree,Neither agree nor disagree,Disagree,,,,,,,,18.5,16.6,52.0,,,,,,,,VI-2026-07-01-Opinium-Observer-Web-Tables-1704.xlsx,LAB1 (5)
"2,050 UK adults",1st - 3rd July 2026,,,,2011,,current_vote,Green,"Q:LAB1. To what extent do you agree or disagree that Andy Burnham…
 …has the nation’s best interests at heart",Leader favourability (Burnham),burnham,Agree,Neither agree nor disagree,Disagree,,,,,,,,34.4,26.4,16.3,,,,,,,,VI-2026-07-01-Opinium-Observer-Web-Tables-1704.xlsx,LAB1 (5)
"2,050 UK adults",1st - 3rd July 2026,,,,2011,,historic_vote,Con,"Q:LAB1. To what extent do you agree or disagree that Andy Burnham…
 …has the nation’s best interests at heart",Leader favourability (Burnham),burnham,Agree,Neither agree nor disagree,Disagree,,,,,,,,25.3,20.0,41.8,,,,,,,,VI-2026-07-01-Opinium-Observer-Web-Tables-1704.xlsx,LAB1 (5)
"2,050 UK adults",1st - 3rd July 2026,,,,2011,,historic_vote,Lab,"Q:LAB1. To what extent do you agree or disagree that Andy Burnham…
 …has the nation’s best interests at heart",Leader favourability (Burnham),burnham,Agree,Neither agree nor disagree,Disagree,,,,,,,,52.4,16.8,13.9,,,,,,,,VI-2026-07-01-Opinium-Observer-Web-Tables-1704.xlsx,LAB1 (5)
"2,050 UK adults",1st - 3rd July 2026,,,,2011,,historic_vote,Lib Dems,"Q:LAB1. To what extent do you agree or disagree that Andy Burnham…
 …has the nation’s best interests at heart",Leader favourability (Burnham),burnham,Agree,Neither agree nor disagree,Disagree,,,,,,,,35.4,19.0,21.1,,,,,,,,VI-2026-07-01-Opinium-Observer-Web-Tables-1704.xlsx,LAB1 (5)
"2,050 UK adults",1st - 3rd July 2026,,,,2011,,historic_vote,Reform,"Q:LAB1. To what extent do you agree or disagree that Andy Burnham…
 …has the nation’s best interests at heart",Leader favourability (Burnham),burnham,Agree,Neither agree nor disagree,Disagree,,,,,,,,18.5,13.8,54.6,,,,,,,,VI-2026-07-01-Opinium-Observer-Web-Tables-1704.xlsx,LAB1 (5)
"2,050 UK adults",1st - 3rd July 2026,,,,2011,,historic_vote,Green,"Q:LAB1. To what extent do you agree or disagree that Andy Burnham…
 …has the nation’s best interests at heart",Leader favourability (Burnham),burnham,Agree,Neither agree nor disagree,Disagree,,,,,,,,32.3,26.8,17.7,,,,,,,,VI-2026-07-01-Opinium-Observer-Web-Tables-1704.xlsx,LAB1 (5)
"2,050 UK adults",1st - 3rd July 2026,,,,2011,,historic_vote,Con,"Q:LAB1. To what extent do you agree or disagree that Andy Burnham…
 …has the nation’s best interests at heart",Leader favourability (Burnham),burnham,Agree,Neither agree nor disagree,Disagree,,,,,,,,24.8,17.6,40.3,,,,,,,,VI-2026-07-01-Opinium-Observer-Web-Tables-1704.xlsx,LAB1 (5)
"2,050 UK adults",1st - 3rd July 2026,,,,2011,,historic_vote,Lab,"Q:LAB1. To what extent do you agree or disagree that Andy Burnham…
 …has the nation’s best interests at heart",Leader favourability (Burnham),burnham,Agree,Neither agree nor disagree,Disagree,,,,,,,,48.7,18.7,16.7,,,,,,,,VI-2026-07-01-Opinium-Observer-Web-Tables-1704.xlsx,LAB1 (5)
"2,050 UK adults",1st - 3rd July 2026,,,,2011,,historic_vote,Lib Dem,"Q:LAB1. To what extent do you agree or disagree that Andy Burnham…
 …has the nation’s best interests at heart",Leader favourability (Burnham),burnham,Agree,Neither agree nor disagree,Disagree,,,,,,,,44.4,17.0,17.4,,,,,,,,VI-2026-07-01-Opinium-Observer-Web-Tables-1704.xlsx,LAB1 (5)
"2,050 UK adults",1st - 3rd July 2026,,,,2011,,historic_vote,Remain,"Q:LAB1. To what extent do you agree or disagree that Andy Burnham…
 …has the nation’s best interests at heart",Leader favourability (Burnham),burnham,Agree,Neither agree nor disagree,Disagree,,,,,,,,42.2,17.9,18.1,,,,,,,,VI-2026-07-01-Opinium-Observer-Web-Tables-1704.xlsx,LAB1 (5)
"2,050 UK adults",1st - 3rd July 2026,,,,2011,,historic_vote,Leave,"Q:LAB1. To what extent do you agree or disagree that Andy Burnham…
 …has the nation’s best interests at heart",Leader favourability (Burnham),burnham,Agree,Neither agree nor disagree,Disagree,,,,,,,,24.4,18.3,41.5,,,,,,,,VI-2026-07-01-Opinium-Observer-Web-Tables-1704.xlsx,LAB1 (5)
"2,050 UK adults",1st - 3rd July 2026,,,,2011,,gender,Male,"Q:LAB1. To what extent do you agree or disagree that Andy Burnham…
 …has the nation’s best interests at heart",Leader favourability (Burnham),burnham,Agree,Neither agree nor disagree,Disagree,,,,,,,,32.9,18.3,30.2,,,,,,,,VI-2026-07-01-Opinium-Observer-Web-Tables-1704.xlsx,LAB1 (5)
"2,050 UK adults",1st - 3rd July 2026,,,,2011,,gender,Female,"Q:LAB1. To what extent do you agree or disagree that Andy Burnham…
 …has the nation’s best interests at heart",Leader favourability (Burnham),burnham,Agree,Neither agree nor disagree,Disagree,,,,,,,,28.7,20.7,23.9,,,,,,,,VI-2026-07-01-Opinium-Observer-Web-Tables-1704.xlsx,LAB1 (5)
"2,050 UK adults",1st - 3rd July 2026,,,,2011,,age,18-34,"Q:LAB1. To what extent do you agree or disagree that Andy Burnham…
 …has the nation’s best interests at heart",Leader favourability (Burnham),burnham,Agree,Neither agree nor disagree,Disagree,,,,,,,,31.8,21.8,23.1,,,,,,,,VI-2026-07-01-Opinium-Observer-Web-Tables-1704.xlsx,LAB1 (5)
"2,050 UK adults",1st - 3rd July 2026,,,,2011,,age,35-49,"Q:LAB1. To what extent do you agree or disagree that Andy Burnham…
 …has the nation’s best interests at heart",Leader favourability (Burnham),burnham,Agree,Neither agree nor disagree,Disagree,,,,,,,,33.2,17.2,25.8,,,,,,,,VI-2026-07-01-Opinium-Observer-Web-Tables-1704.xlsx,LAB1 (5)
"2,050 UK adults",1st - 3rd July 2026,,,,2011,,age,50-64,"Q:LAB1. To what extent do you agree or disagree that Andy Burnham…
 …has the nation’s best interests at heart",Leader favourability (Burnham),burnham,Agree,Neither agree nor disagree,Disagree,,,,,,,,30.5,19.6,29.3,,,,,,,,VI-2026-07-01-Opinium-Observer-Web-Tables-1704.xlsx,LAB1 (5)
"2,050 UK adults",1st - 3rd July 2026,,,,2011,,age,65+,"Q:LAB1. To what extent do you agree or disagree that Andy Burnham…
 …has the nation’s best interests at heart",Leader favourability (Burnham),burnham,Agree,Neither agree nor disagree,Disagree,,,,,,,,26.6,19.4,30.4,,,,,,,,VI-2026-07-01-Opinium-Observer-Web-Tables-1704.xlsx,LAB1 (5)
"2,050 UK adults",1st - 3rd July 2026,,,,2011,,region,North,"Q:LAB1. To what extent do you agree or disagree that Andy Burnham…
 …has the nation’s best interests at heart",Leader favourability (Burnham),burnham,Agree,Neither agree nor disagree,Disagree,,,,,,,,33.4,21.9,24.9,,,,,,,,VI-2026-07-01-Opinium-Observer-Web-Tables-1704.xlsx,LAB1 (5)
"2,050 UK adults",1st - 3rd July 2026,,,,2011,,region,Mids,"Q:LAB1. To what extent do you agree or disagree that Andy Burnham…
 …has the nation’s best interests at heart",Leader favourability (Burnham),burnham,Agree,Neither agree nor disagree,Disagree,,,,,,,,26.7,16.5,30.3,,,,,,,,VI-2026-07-01-Opinium-Observer-Web-Tables-1704.xlsx,LAB1 (5)
"2,050 UK adults",1st - 3rd July 2026,,,,2011,,region,London,"Q:LAB1. To what extent do you agree or disagree that Andy Burnham…
 …has the nation’s best interests at heart",Leader favourability (Burnham),burnham,Agree,Neither agree nor disagree,Disagree,,,,,,,,34.9,19.4,22.3,,,,,,,,VI-2026-07-01-Opinium-Observer-Web-Tables-1704.xlsx,LAB1 (5)
"2,050 UK adults",1st - 3rd July 2026,,,,2011,,region,South,"Q:LAB1. To what extent do you agree or disagree that Andy Burnham…
 …has the nation’s best interests at heart",Leader favourability (Burnham),burnham,Agree,Neither agree nor disagree,Disagree,,,,,,,,29.0,19.2,30.0,,,,,,,,VI-2026-07-01-Opinium-Observer-Web-Tables-1704.xlsx,LAB1 (5)
"2,050 UK adults",1st - 3rd July 2026,,,,2011,,region,Wales,"Q:LAB1. To what extent do you agree or disagree that Andy Burnham…
 …has the nation’s best interests at heart",Leader favourability (Burnham),burnham,Agree,Neither agree nor disagree,Disagree,,,,,,,,32.0,13.5,23.7,,,,,,,,VI-2026-07-01-Opinium-Observer-Web-Tables-1704.xlsx,LAB1 (5)
"2,050 UK adults",1st - 3rd July 2026,,,,2011,,region,Scotland,"Q:LAB1. To what extent do you agree or disagree that Andy Burnham…
 …has the nation’s best interests at heart",Leader favourability (Burnham),burnham,Agree,Neither agree nor disagree,Disagree,,,,,,,,29.1,24.5,22.7,,,,,,,,VI-2026-07-01-Opinium-Observer-Web-Tables-1704.xlsx,LAB1 (5)
"2,050 UK adults",1st - 3rd July 2026,,,,2011,,region,Northern Ireland,"Q:LAB1. To what extent do you agree or disagree that Andy Burnham…
 …has the nation’s best interests at heart",Leader favourability (Burnham),burnham,Neither agree nor disagree,,,,,,,,,,,,,,,,,,,,VI-2026-07-01-Opinium-Observer-Web-Tables-1704.xlsx,LAB1 (5)
"2,050 UK adults",1st - 3rd July 2026,,,,2011,,total,Total,"Q:LAB1. To what extent do you agree or disagree that Andy Burnham…
 …is a strong leader",Leader favourability (Burnham),burnham,Agree,Neither agree nor disagree,Disagree,,,,,,,,31.4,20.9,22.6,,,,,,,,VI-2026-07-01-Opinium-Observer-Web-Tables-1704.xlsx,LAB1 (6)
"2,050 UK adults",1st - 3rd July 2026,,,,2011,,current_vote,Con,"Q:LAB1. To what extent do you agree or disagree that Andy Burnham…
 …is a strong leader",Leader favourability (Burnham),burnham,Agree,Neither agree nor disagree,Disagree,,,,,,,,25.5,23.8,30.7,,,,,,,,VI-2026-07-01-Opinium-Observer-Web-Tables-1704.xlsx,LAB1 (6)
"2,050 UK adults",1st - 3rd July 2026,,,,2011,,current_vote,Lab,"Q:LAB1. To what extent do you agree or disagree that Andy Burnham…
 …is a strong leader",Leader favourability (Burnham),burnham,Agree,Neither agree nor disagree,Disagree,,,,,,,,65.8,17.8,5.0,,,,,,,,VI-2026-07-01-Opinium-Observer-Web-Tables-1704.xlsx,LAB1 (6)
"2,050 UK adults",1st - 3rd July 2026,,,,2011,,current_vote,Lib Dem,"Q:LAB1. To what extent do you agree or disagree that Andy Burnham…
 …is a strong leader",Leader favourability (Burnham),burnham,Agree,Neither agree nor disagree,Disagree,,,,,,,,40.5,19.5,14.4,,,,,,,,VI-2026-07-01-Opinium-Observer-Web-Tables-1704.xlsx,LAB1 (6)
"2,050 UK adults",1st - 3rd July 2026,,,,2011,,current_vote,Reform,"Q:LAB1. To what extent do you agree or disagree that Andy Burnham…
 …is a strong leader",Leader favourability (Burnham),burnham,Agree,Neither agree nor disagree,Disagree,,,,,,,,22.6,17.9,42.9,,,,,,,,VI-2026-07-01-Opinium-Observer-Web-Tables-1704.xlsx,LAB1 (6)
"2,050 UK adults",1st - 3rd July 2026,,,,2011,,current_vote,Green,"Q:LAB1. To what extent do you agree or disagree that Andy Burnham…
 …is a strong leader",Leader favourability (Burnham),burnham,Agree,Neither agree nor disagree,Disagree,,,,,,,,37.3,28.5,13.4,,,,,,,,VI-2026-07-01-Opinium-Observer-Web-Tables-1704.xlsx,LAB1 (6)
"2,050 UK adults",1st - 3rd July 2026,,,,2011,,historic_vote,Con,"Q:LAB1. To what extent do you agree or disagree that Andy Burnham…
 …is a strong leader",Leader favourability (Burnham),burnham,Agree,Neither agree nor disagree,Disagree,,,,,,,,24.4,22.0,36.8,,,,,,,,VI-2026-07-01-Opinium-Observer-Web-Tables-1704.xlsx,LAB1 (6)
"2,050 UK adults",1st - 3rd July 2026,,,,2011,,historic_vote,Lab,"Q:LAB1. To what extent do you agree or disagree that Andy Burnham…
 …is a strong leader",Leader favourability (Burnham),burnham,Agree,Neither agree nor disagree,Disagree,,,,,,,,51.5,17.6,12.4,,,,,,,,VI-2026-07-01-Opinium-Observer-Web-Tables-1704.xlsx,LAB1 (6)
"2,050 UK adults",1st - 3rd July 2026,,,,2011,,historic_vote,Lib Dems,"Q:LAB1. To what extent do you agree or disagree that Andy Burnham…
 …is a strong leader",Leader favourability (Burnham),burnham,Agree,Neither agree nor disagree,Disagree,,,,,,,,38.3,18.7,14.3,,,,,,,,VI-2026-07-01-Opinium-Observer-Web-Tables-1704.xlsx,LAB1 (6)
"2,050 UK adults",1st - 3rd July 2026,,,,2011,,historic_vote,Reform,"Q:LAB1. To what extent do you agree or disagree that Andy Burnham…
 …is a strong leader",Leader favourability (Burnham),burnham,Agree,Neither agree nor disagree,Disagree,,,,,,,,21.0,15.9,43.4,,,,,,,,VI-2026-07-01-Opinium-Observer-Web-Tables-1704.xlsx,LAB1 (6)
"2,050 UK adults",1st - 3rd July 2026,,,,2011,,historic_vote,Green,"Q:LAB1. To what extent do you agree or disagree that Andy Burnham…
 …is a strong leader",Leader favourability (Burnham),burnham,Agree,Neither agree nor disagree,Disagree,,,,,,,,32.3,25.2,15.6,,,,,,,,VI-2026-07-01-Opinium-Observer-Web-Tables-1704.xlsx,LAB1 (6)
"2,050 UK adults",1st - 3rd July 2026,,,,2011,,historic_vote,Con,"Q:LAB1. To what extent do you agree or disagree that Andy Burnham…
 …is a strong leader",Leader favourability (Burnham),burnham,Agree,Neither agree nor disagree,Disagree,,,,,,,,27.2,18.3,32.8,,,,,,,,VI-2026-07-01-Opinium-Observer-Web-Tables-1704.xlsx,LAB1 (6)
"2,050 UK adults",1st - 3rd July 2026,,,,2011,,historic_vote,Lab,"Q:LAB1. To what extent do you agree or disagree that Andy Burnham…
 …is a strong leader",Leader favourability (Burnham),burnham,Agree,Neither agree nor disagree,Disagree,,,,,,,,49.6,18.9,14.5,,,,,,,,VI-2026-07-01-Opinium-Observer-Web-Tables-1704.xlsx,LAB1 (6)
"2,050 UK adults",1st - 3rd July 2026,,,,2011,,historic_vote,Lib Dem,"Q:LAB1. To what extent do you agree or disagree that Andy Burnham…
 …is a strong leader",Leader favourability (Burnham),burnham,Agree,Neither agree nor disagree,Disagree,,,,,,,,41.0,16.3,16.0,,,,,,,,VI-2026-07-01-Opinium-Observer-Web-Tables-1704.xlsx,LAB1 (6)
"2,050 UK adults",1st - 3rd July 2026,,,,2011,,historic_vote,Remain,"Q:LAB1. To what extent do you agree or disagree that Andy Burnham…
 …is a strong leader",Leader favourability (Burnham),burnham,Agree,Neither agree nor disagree,Disagree,,,,,,,,40.4,18.0,15.2,,,,,,,,VI-2026-07-01-Opinium-Observer-Web-Tables-1704.xlsx,LAB1 (6)
"2,050 UK adults",1st - 3rd July 2026,,,,2011,,historic_vote,Leave,"Q:LAB1. To what extent do you agree or disagree that Andy Burnham…
 …is a strong leader",Leader favourability (Burnham),burnham,Agree,Neither agree nor disagree,Disagree,,,,,,,,26.3,19.5,35.1,,,,,,,,VI-2026-07-01-Opinium-Observer-Web-Tables-1704.xlsx,LAB1 (6)
"2,050 UK adults",1st - 3rd July 2026,,,,2011,,gender,Male,"Q:LAB1. To what extent do you agree or disagree that Andy Burnham…
 …is a strong leader",Leader favourability (Burnham),burnham,Agree,Neither agree nor disagree,Disagree,,,,,,,,33.1,20.0,24.7,,,,,,,,VI-2026-07-01-Opinium-Observer-Web-Tables-1704.xlsx,LAB1 (6)
"2,050 UK adults",1st - 3rd July 2026,,,,2011,,gender,Female,"Q:LAB1. To what extent do you agree or disagree that Andy Burnham…
 …is a strong leader",Leader favourability (Burnham),burnham,Agree,Neither agree nor disagree,Disagree,,,,,,,,30.2,21.8,20.5,,,,,,,,VI-2026-07-01-Opinium-Observer-Web-Tables-1704.xlsx,LAB1 (6)
"2,050 UK adults",1st - 3rd July 2026,,,,2011,,age,18-34,"Q:LAB1. To what extent do you agree or disagree that Andy Burnham…
 …is a strong leader",Leader favourability (Burnham),burnham,Agree,Neither agree nor disagree,Disagree,,,,,,,,35.0,23.8,19.4,,,,,,,,VI-2026-07-01-Opinium-Observer-Web-Tables-1704.xlsx,LAB1 (6)
"2,050 UK adults",1st - 3rd July 2026,,,,2011,,age,35-49,"Q:LAB1. To what extent do you agree or disagree that Andy Burnham…
 …is a strong leader",Leader favourability (Burnham),burnham,Agree,Neither agree nor disagree,Disagree,,,,,,,,35.7,18.7,20.8,,,,,,,,VI-2026-07-01-Opinium-Observer-Web-Tables-1704.xlsx,LAB1 (6)
"2,050 UK adults",1st - 3rd July 2026,,,,2011,,age,50-64,"Q:LAB1. To what extent do you agree or disagree that Andy Burnham…
 …is a strong leader",Leader favourability (Burnham),burnham,Agree,Neither agree nor disagree,Disagree,,,,,,,,30.9,20.4,24.6,,,,,,,,VI-2026-07-01-Opinium-Observer-Web-Tables-1704.xlsx,LAB1 (6)
"2,050 UK adults",1st - 3rd July 2026,,,,2011,,age,65+,"Q:LAB1. To what extent do you agree or disagree that Andy Burnham…
 …is a strong leader",Leader favourability (Burnham),burnham,Agree,Neither agree nor disagree,Disagree,,,,,,,,23.5,20.5,25.6,,,,,,,,VI-2026-07-01-Opinium-Observer-Web-Tables-1704.xlsx,LAB1 (6)
"2,050 UK adults",1st - 3rd July 2026,,,,2011,,region,North,"Q:LAB1. To what extent do you agree or disagree that Andy Burnham…
 …is a strong leader",Leader favourability (Burnham),burnham,Agree,Neither agree nor disagree,Disagree,,,,,,,,36.1,20.8,21.2,,,,,,,,VI-2026-07-01-Opinium-Observer-Web-Tables-1704.xlsx,LAB1 (6)
"2,050 UK adults",1st - 3rd July 2026,,,,2011,,region,Mids,"Q:LAB1. To what extent do you agree or disagree that Andy Burnham…
 …is a strong leader",Leader favourability (Burnham),burnham,Agree,Neither agree nor disagree,Disagree,,,,,,,,29.1,20.0,24.9,,,,,,,,VI-2026-07-01-Opinium-Observer-Web-Tables-1704.xlsx,LAB1 (6)
"2,050 UK adults",1st - 3rd July 2026,,,,2011,,region,London,"Q:LAB1. To what extent do you agree or disagree that Andy Burnham…
 …is a strong leader",Leader favourability (Burnham),burnham,Agree,Neither agree nor disagree,Disagree,,,,,,,,33.8,23.2,17.1,,,,,,,,VI-2026-07-01-Opinium-Observer-Web-Tables-1704.xlsx,LAB1 (6)
"2,050 UK adults",1st - 3rd July 2026,,,,2011,,region,South,"Q:LAB1. To what extent do you agree or disagree that Andy Burnham…
 …is a strong leader",Leader favourability (Burnham),burnham,Agree,Neither agree nor disagree,Disagree,,,,,,,,30.6,19.9,25.0,,,,,,,,VI-2026-07-01-Opinium-Observer-Web-Tables-1704.xlsx,LAB1 (6)
"2,050 UK adults",1st - 3rd July 2026,,,,2011,,region,Wales,"Q:LAB1. To what extent do you agree or disagree that Andy Burnham…
 …is a strong leader",Leader favourability (Burnham),burnham,Agree,Neither agree nor disagree,Disagree,,,,,,,,26.8,24.5,19.6,,,,,,,,VI-2026-07-01-Opinium-Observer-Web-Tables-1704.xlsx,LAB1 (6)
"2,050 UK adults",1st - 3rd July 2026,,,,2011,,region,Scotland,"Q:LAB1. To what extent do you agree or disagree that Andy Burnham…
 …is a strong leader",Leader favourability (Burnham),burnham,Agree,Neither agree nor disagree,Disagree,,,,,,,,25.6,21.8,23.3,,,,,,,,VI-2026-07-01-Opinium-Observer-Web-Tables-1704.xlsx,LAB1 (6)
"2,050 UK adults",1st - 3rd July 2026,,,,2011,,region,Northern Ireland,"Q:LAB1. To what extent do you agree or disagree that Andy Burnham…
 …is a strong leader",Leader favourability (Burnham),burnham,Neither agree nor disagree,,,,,,,,,,,,,,,,,,,,VI-2026-07-01-Opinium-Observer-Web-Tables-1704.xlsx,LAB1 (6)
"2,050 UK adults",1st - 3rd July 2026,,,,2011,,total,Total,"Q:LAB1. To what extent do you agree or disagree that Andy Burnham…
 …is able to get things done",Leader favourability (Burnham),burnham,Agree,Neither agree nor disagree,Disagree,,,,,,,,27.7,23.4,21.7,,,,,,,,VI-2026-07-01-Opinium-Observer-Web-Tables-1704.xlsx,LAB1 (7)
"2,050 UK adults",1st - 3rd July 2026,,,,2011,,current_vote,Con,"Q:LAB1. To what extent do you agree or disagree that Andy Burnham…
 …is able to get things done",Leader favourability (Burnham),burnham,Agree,Neither agree nor disagree,Disagree,,,,,,,,22.8,26.0,29.0,,,,,,,,VI-2026-07-01-Opinium-Observer-Web-Tables-1704.xlsx,LAB1 (7)
"2,050 UK adults",1st - 3rd July 2026,,,,2011,,current_vote,Lab,"Q:LAB1. To what extent do you agree or disagree that Andy Burnham…
 …is able to get things done",Leader favourability (Burnham),burnham,Agree,Neither agree nor disagree,Disagree,,,,,,,,59.5,21.4,6.0,,,,,,,,VI-2026-07-01-Opinium-Observer-Web-Tables-1704.xlsx,LAB1 (7)
"2,050 UK adults",1st - 3rd July 2026,,,,2011,,current_vote,Lib Dem,"Q:LAB1. To what extent do you agree or disagree that Andy Burnham…
 …is able to get things done",Leader favourability (Burnham),burnham,Agree,Neither agree nor disagree,Disagree,,,,,,,,37.0,24.4,11.6,,,,,,,,VI-2026-07-01-Opinium-Observer-Web-Tables-1704.xlsx,LAB1 (7)
"2,050 UK adults",1st - 3rd July 2026,,,,2011,,current_vote,Reform,"Q:LAB1. To what extent do you agree or disagree that Andy Burnham…
 …is able to get things done",Leader favourability (Burnham),burnham,Agree,Neither agree nor disagree,Disagree,,,,,,,,16.0,19.6,45.2,,,,,,,,VI-2026-07-01-Opinium-Observer-Web-Tables-1704.xlsx,LAB1 (7)
"2,050 UK adults",1st - 3rd July 2026,,,,2011,,current_vote,Green,"Q:LAB1. To what extent do you agree or disagree that Andy Burnham…
 …is able to get things done",Leader favourability (Burnham),burnham,Agree,Neither agree nor disagree,Disagree,,,,,,,,35.9,31.2,10.5,,,,,,,,VI-2026-07-01-Opinium-Observer-Web-Tables-1704.xlsx,LAB1 (7)
"2,050 UK adults",1st - 3rd July 2026,,,,2011,,historic_vote,Con,"Q:LAB1. To what extent do you agree or disagree that Andy Burnham…
 …is able to get things done",Leader favourability (Burnham),burnham,Agree,Neither agree nor disagree,Disagree,,,,,,,,22.7,21.2,35.0,,,,,,,,VI-2026-07-01-Opinium-Observer-Web-Tables-1704.xlsx,LAB1 (7)
"2,050 UK adults",1st - 3rd July 2026,,,,2011,,historic_vote,Lab,"Q:LAB1. To what extent do you agree or disagree that Andy Burnham…
 …is able to get things done",Leader favourability (Burnham),burnham,Agree,Neither agree nor disagree,Disagree,,,,,,,,47.2,19.0,13.7,,,,,,,,VI-2026-07-01-Opinium-Observer-Web-Tables-1704.xlsx,LAB1 (7)
"2,050 UK adults",1st - 3rd July 2026,,,,2011,,historic_vote,Lib Dems,"Q:LAB1. To what extent do you agree or disagree that Andy Burnham…
 …is able to get things done",Leader favourability (Burnham),burnham,Agree,Neither agree nor disagree,Disagree,,,,,,,,31.4,25.7,12.6,,,,,,,,VI-2026-07-01-Opinium-Observer-Web-Tables-1704.xlsx,LAB1 (7)
"2,050 UK adults",1st - 3rd July 2026,,,,2011,,historic_vote,Reform,"Q:LAB1. To what extent do you agree or disagree that Andy Burnham…
 …is able to get things done",Leader favourability (Burnham),burnham,Agree,Neither agree nor disagree,Disagree,,,,,,,,16.6,17.7,44.9,,,,,,,,VI-2026-07-01-Opinium-Observer-Web-Tables-1704.xlsx,LAB1 (7)
"2,050 UK adults",1st - 3rd July 2026,,,,2011,,historic_vote,Green,"Q:LAB1. To what extent do you agree or disagree that Andy Burnham…
 …is able to get things done",Leader favourability (Burnham),burnham,Agree,Neither agree nor disagree,Disagree,,,,,,,,29.2,31.3,12.5,,,,,,,,VI-2026-07-01-Opinium-Observer-Web-Tables-1704.xlsx,LAB1 (7)
"2,050 UK adults",1st - 3rd July 2026,,,,2011,,historic_vote,Con,"Q:LAB1. To what extent do you agree or disagree that Andy Burnham…
 …is able to get things done",Leader favourability (Burnham),burnham,Agree,Neither agree nor disagree,Disagree,,,,,,,,21.5,21.3,32.6,,,,,,,,VI-2026-07-01-Opinium-Observer-Web-Tables-1704.xlsx,LAB1 (7)
"2,050 UK adults",1st - 3rd July 2026,,,,2011,,historic_vote,Lab,"Q:LAB1. To what extent do you agree or disagree that Andy Burnham…
 …is able to get things done",Leader favourability (Burnham),burnham,Agree,Neither agree nor disagree,Disagree,,,,,,,,48.2,18.9,14.3,,,,,,,,VI-2026-07-01-Opinium-Observer-Web-Tables-1704.xlsx,LAB1 (7)
"2,050 UK adults",1st - 3rd July 2026,,,,2011,,historic_vote,Lib Dem,"Q:LAB1. To what extent do you agree or disagree that Andy Burnham…
 …is able to get things done",Leader favourability (Burnham),burnham,Agree,Neither agree nor disagree,Disagree,,,,,,,,38.2,25.0,13.2,,,,,,,,VI-2026-07-01-Opinium-Observer-Web-Tables-1704.xlsx,LAB1 (7)
"2,050 UK adults",1st - 3rd July 2026,,,,2011,,historic_vote,Remain,"Q:LAB1. To what extent do you agree or disagree that Andy Burnham…
 …is able to get things done",Leader favourability (Burnham),burnham,Agree,Neither agree nor disagree,Disagree,,,,,,,,37.8,20.5,14.3,,,,,,,,VI-2026-07-01-Opinium-Observer-Web-Tables-1704.xlsx,LAB1 (7)
"2,050 UK adults",1st - 3rd July 2026,,,,2011,,historic_vote,Leave,"Q:LAB1. To what extent do you agree or disagree that Andy Burnham…
 …is able to get things done",Leader favourability (Burnham),burnham,Agree,Neither agree nor disagree,Disagree,,,,,,,,22.7,21.3,34.5,,,,,,,,VI-2026-07-01-Opinium-Observer-Web-Tables-1704.xlsx,LAB1 (7)
"2,050 UK adults",1st - 3rd July 2026,,,,2011,,gender,Male,"Q:LAB1. To what extent do you agree or disagree that Andy Burnham…
 …is able to get things done",Leader favourability (Burnham),burnham,Agree,Neither agree nor disagree,Disagree,,,,,,,,30.5,22.5,24.7,,,,,,,,VI-2026-07-01-Opinium-Observer-Web-Tables-1704.xlsx,LAB1 (7)
"2,050 UK adults",1st - 3rd July 2026,,,,2011,,gender,Female,"Q:LAB1. To what extent do you agree or disagree that Andy Burnham…
 …is able to get things done",Leader favourability (Burnham),burnham,Agree,Neither agree nor disagree,Disagree,,,,,,,,25.1,24.4,18.8,,,,,,,,VI-2026-07-01-Opinium-Observer-Web-Tables-1704.xlsx,LAB1 (7)
"2,050 UK adults",1st - 3rd July 2026,,,,2011,,age,18-34,"Q:LAB1. To what extent do you agree or disagree that Andy Burnham…
 …is able to get things done",Leader favourability (Burnham),burnham,Agree,Neither agree nor disagree,Disagree,,,,,,,,32.3,26.8,17.2,,,,,,,,VI-2026-07-01-Opinium-Observer-Web-Tables-1704.xlsx,LAB1 (7)
"2,050 UK adults",1st - 3rd July 2026,,,,2011,,age,35-49,"Q:LAB1. To what extent do you agree or disagree that Andy Burnham…
 …is able to get things done",Leader favourability (Burnham),burnham,Agree,Neither agree nor disagree,Disagree,,,,,,,,30.5,21.7,21.4,,,,,,,,VI-2026-07-01-Opinium-Observer-Web-Tables-1704.xlsx,LAB1 (7)
"2,050 UK adults",1st - 3rd July 2026,,,,2011,,age,50-64,"Q:LAB1. To what extent do you agree or disagree that Andy Burnham…
 …is able to get things done",Leader favourability (Burnham),burnham,Agree,Neither agree nor disagree,Disagree,,,,,,,,28.5,20.2,22.7,,,,,,,,VI-2026-07-01-Opinium-Observer-Web-Tables-1704.xlsx,LAB1 (7)
"2,050 UK adults",1st - 3rd July 2026,,,,2011,,age,65+,"Q:LAB1. To what extent do you agree or disagree that Andy Burnham…
 …is able to get things done",Leader favourability (Burnham),burnham,Agree,Neither agree nor disagree,Disagree,,,,,,,,18.7,24.6,26.4,,,,,,,,VI-2026-07-01-Opinium-Observer-Web-Tables-1704.xlsx,LAB1 (7)
"2,050 UK adults",1st - 3rd July 2026,,,,2011,,region,North,"Q:LAB1. To what extent do you agree or disagree that Andy Burnham…
 …is able to get things done",Leader favourability (Burnham),burnham,Agree,Neither agree nor disagree,Disagree,,,,,,,,32.2,23.4,20.5,,,,,,,,VI-2026-07-01-Opinium-Observer-Web-Tables-1704.xlsx,LAB1 (7)
"2,050 UK adults",1st - 3rd July 2026,,,,2011,,region,Mids,"Q:LAB1. To what extent do you agree or disagree that Andy Burnham…
 …is able to get things done",Leader favourability (Burnham),burnham,Agree,Neither agree nor disagree,Disagree,,,,,,,,24.6,21.9,22.8,,,,,,,,VI-2026-07-01-Opinium-Observer-Web-Tables-1704.xlsx,LAB1 (7)
"2,050 UK adults",1st - 3rd July 2026,,,,2011,,region,London,"Q:LAB1. To what extent do you agree or disagree that Andy Burnham…
 …is able to get things done",Leader favourability (Burnham),burnham,Agree,Neither agree nor disagree,Disagree,,,,,,,,34.9,22.3,16.7,,,,,,,,VI-2026-07-01-Opinium-Observer-Web-Tables-1704.xlsx,LAB1 (7)
"2,050 UK adults",1st - 3rd July 2026,,,,2011,,region,South,"Q:LAB1. To what extent do you agree or disagree that Andy Burnham…
 …is able to get things done",Leader favourability (Burnham),burnham,Agree,Neither agree nor disagree,Disagree,,,,,,,,24.1,24.3,24.4,,,,,,,,VI-2026-07-01-Opinium-Observer-Web-Tables-1704.xlsx,LAB1 (7)
"2,050 UK adults",1st - 3rd July 2026,,,,2011,,region,Wales,"Q:LAB1. To what extent do you agree or disagree that Andy Burnham…
 …is able to get things done",Leader favourability (Burnham),burnham,Agree,Neither agree nor disagree,Disagree,,,,,,,,30.9,22.2,19.6,,,,,,,,VI-2026-07-01-Opinium-Observer-Web-Tables-1704.xlsx,LAB1 (7)
"2,050 UK adults",1st - 3rd July 2026,,,,2011,,region,Scotland,"Q:LAB1. To what extent do you agree or disagree that Andy Burnham…
 …is able to get things done",Leader favourability (Burnham),burnham,Agree,Neither agree nor disagree,Disagree,,,,,,,,22.1,25.6,20.9,,,,,,,,VI-2026-07-01-Opinium-Observer-Web-Tables-1704.xlsx,LAB1 (7)
"2,050 UK adults",1st - 3rd July 2026,,,,2011,,region,Northern Ireland,"Q:LAB1. To what extent do you agree or disagree that Andy Burnham…
 …is able to get things done",Leader favourability (Burnham),burnham,Neither agree nor disagree,,,,,,,,,,,,,,,,,,,,VI-2026-07-01-Opinium-Observer-Web-Tables-1704.xlsx,LAB1 (7)
"2,050 UK adults",1st - 3rd July 2026,,,,2011,,total,Total,"Q:LAB1. To what extent do you agree or disagree that Andy Burnham…
 …is able to stand up for Britain’s interests abroad",Leader favourability (Burnham),burnham,Agree,Neither agree nor disagree,Disagree,,,,,,,,24.4,20.8,25.9,,,,,,,,VI-2026-07-01-Opinium-Observer-Web-Tables-1704.xlsx,LAB1 (8)
"2,050 UK adults",1st - 3rd July 2026,,,,2011,,current_vote,Con,"Q:LAB1. To what extent do you agree or disagree that Andy Burnham…
 …is able to stand up for Britain’s interests abroad",Leader favourability (Burnham),burnham,Agree,Neither agree nor disagree,Disagree,,,,,,,,19.7,21.6,35.9,,,,,,,,VI-2026-07-01-Opinium-Observer-Web-Tables-1704.xlsx,LAB1 (8)
"2,050 UK adults",1st - 3rd July 2026,,,,2011,,current_vote,Lab,"Q:LAB1. To what extent do you agree or disagree that Andy Burnham…
 …is able to stand up for Britain’s interests abroad",Leader favourability (Burnham),burnham,Agree,Neither agree nor disagree,Disagree,,,,,,,,57.8,19.6,6.0,,,,,,,,VI-2026-07-01-Opinium-Observer-Web-Tables-1704.xlsx,LAB1 (8)
"2,050 UK adults",1st - 3rd July 2026,,,,2011,,current_vote,Lib Dem,"Q:LAB1. To what extent do you agree or disagree that Andy Burnham…
 …is able to stand up for Britain’s interests abroad",Leader favourability (Burnham),burnham,Agree,Neither agree nor disagree,Disagree,,,,,,,,30.1,23.7,17.3,,,,,,,,VI-2026-07-01-Opinium-Observer-Web-Tables-1704.xlsx,LAB1 (8)
"2,050 UK adults",1st - 3rd July 2026,,,,2011,,current_vote,Reform,"Q:LAB1. To what extent do you agree or disagree that Andy Burnham…
 …is able to stand up for Britain’s interests abroad",Leader favourability (Burnham),burnham,Agree,Neither agree nor disagree,Disagree,,,,,,,,12.9,17.1,49.0,,,,,,,,VI-2026-07-01-Opinium-Observer-Web-Tables-1704.xlsx,LAB1 (8)
"2,050 UK adults",1st - 3rd July 2026,,,,2011,,current_vote,Green,"Q:LAB1. To what extent do you agree or disagree that Andy Burnham…
 …is able to stand up for Britain’s interests abroad",Leader favourability (Burnham),burnham,Agree,Neither agree nor disagree,Disagree,,,,,,,,34.0,22.6,14.8,,,,,,,,VI-2026-07-01-Opinium-Observer-Web-Tables-1704.xlsx,LAB1 (8)
"2,050 UK adults",1st - 3rd July 2026,,,,2011,,historic_vote,Con,"Q:LAB1. To what extent do you agree or disagree that Andy Burnham…
 …is able to stand up for Britain’s interests abroad",Leader favourability (Burnham),burnham,Agree,Neither agree nor disagree,Disagree,,,,,,,,19.7,17.9,42.1,,,,,,,,VI-2026-07-01-Opinium-Observer-Web-Tables-1704.xlsx,LAB1 (8)
"2,050 UK adults",1st - 3rd July 2026,,,,2011,,historic_vote,Lab,"Q:LAB1. To what extent do you agree or disagree that Andy Burnham…
 …is able to stand up for Britain’s interests abroad",Leader favourability (Burnham),burnham,Agree,Neither agree nor disagree,Disagree,,,,,,,,43.9,19.4,13.5,,,,,,,,VI-2026-07-01-Opinium-Observer-Web-Tables-1704.xlsx,LAB1 (8)
"2,050 UK adults",1st - 3rd July 2026,,,,2011,,historic_vote,Lib Dems,"Q:LAB1. To what extent do you agree or disagree that Andy Burnham…
 …is able to stand up for Britain’s interests abroad",Leader favourability (Burnham),burnham,Agree,Neither agree nor disagree,Disagree,,,,,,,,29.7,20.0,18.3,,,,,,,,VI-2026-07-01-Opinium-Observer-Web-Tables-1704.xlsx,LAB1 (8)
"2,050 UK adults",1st - 3rd July 2026,,,,2011,,historic_vote,Reform,"Q:LAB1. To what extent do you agree or disagree that Andy Burnham…
 …is able to stand up for Britain’s interests abroad",Leader favourability (Burnham),burnham,Agree,Neither agree nor disagree,Disagree,,,,,,,,12.2,17.6,49.3,,,,,,,,VI-2026-07-01-Opinium-Observer-Web-Tables-1704.xlsx,LAB1 (8)
"2,050 UK adults",1st - 3rd July 2026,,,,2011,,historic_vote,Green,"Q:LAB1. To what extent do you agree or disagree that Andy Burnham…
 …is able to stand up for Britain’s interests abroad",Leader favourability (Burnham),burnham,Agree,Neither agree nor disagree,Disagree,,,,,,,,24.0,21.3,18.8,,,,,,,,VI-2026-07-01-Opinium-Observer-Web-Tables-1704.xlsx,LAB1 (8)
"2,050 UK adults",1st - 3rd July 2026,,,,2011,,historic_vote,Con,"Q:LAB1. To what extent do you agree or disagree that Andy Burnham…
 …is able to stand up for Britain’s interests abroad",Leader favourability (Burnham),burnham,Agree,Neither agree nor disagree,Disagree,,,,,,,,17.8,19.1,38.3,,,,,,,,VI-2026-07-01-Opinium-Observer-Web-Tables-1704.xlsx,LAB1 (8)
"2,050 UK adults",1st - 3rd July 2026,,,,2011,,historic_vote,Lab,"Q:LAB1. To what extent do you agree or disagree that Andy Burnham…
 …is able to stand up for Britain’s interests abroad",Leader favourability (Burnham),burnham,Agree,Neither agree nor disagree,Disagree,,,,,,,,42.6,21.5,14.0,,,,,,,,VI-2026-07-01-Opinium-Observer-Web-Tables-1704.xlsx,LAB1 (8)
"2,050 UK adults",1st - 3rd July 2026,,,,2011,,historic_vote,Lib Dem,"Q:LAB1. To what extent do you agree or disagree that Andy Burnham…
 …is able to stand up for Britain’s interests abroad",Leader favourability (Burnham),burnham,Agree,Neither agree nor disagree,Disagree,,,,,,,,32.6,16.9,19.4,,,,,,,,VI-2026-07-01-Opinium-Observer-Web-Tables-1704.xlsx,LAB1 (8)
"2,050 UK adults",1st - 3rd July 2026,,,,2011,,historic_vote,Remain,"Q:LAB1. To what extent do you agree or disagree that Andy Burnham…
 …is able to stand up for Britain’s interests abroad",Leader favourability (Burnham),burnham,Agree,Neither agree nor disagree,Disagree,,,,,,,,32.5,18.5,16.7,,,,,,,,VI-2026-07-01-Opinium-Observer-Web-Tables-1704.xlsx,LAB1 (8)
"2,050 UK adults",1st - 3rd July 2026,,,,2011,,historic_vote,Leave,"Q:LAB1. To what extent do you agree or disagree that Andy Burnham…
 …is able to stand up for Britain’s interests abroad",Leader favourability (Burnham),burnham,Agree,Neither agree nor disagree,Disagree,,,,,,,,18.3,19.4,40.6,,,,,,,,VI-2026-07-01-Opinium-Observer-Web-Tables-1704.xlsx,LAB1 (8)
"2,050 UK adults",1st - 3rd July 2026,,,,2011,,gender,Male,"Q:LAB1. To what extent do you agree or disagree that Andy Burnham…
 …is able to stand up for Britain’s interests abroad",Leader favourability (Burnham),burnham,Agree,Neither agree nor disagree,Disagree,,,,,,,,26.8,21.4,27.2,,,,,,,,VI-2026-07-01-Opinium-Observer-Web-Tables-1704.xlsx,LAB1 (8)
"2,050 UK adults",1st - 3rd July 2026,,,,2011,,gender,Female,"Q:LAB1. To what extent do you agree or disagree that Andy Burnham…
 …is able to stand up for Britain’s interests abroad",Leader favourability (Burnham),burnham,Agree,Neither agree nor disagree,Disagree,,,,,,,,22.3,20.3,24.6,,,,,,,,VI-2026-07-01-Opinium-Observer-Web-Tables-1704.xlsx,LAB1 (8)
"2,050 UK adults",1st - 3rd July 2026,,,,2011,,age,18-34,"Q:LAB1. To what extent do you agree or disagree that Andy Burnham…
 …is able to stand up for Britain’s interests abroad",Leader favourability (Burnham),burnham,Agree,Neither agree nor disagree,Disagree,,,,,,,,30.3,23.6,22.9,,,,,,,,VI-2026-07-01-Opinium-Observer-Web-Tables-1704.xlsx,LAB1 (8)
"2,050 UK adults",1st - 3rd July 2026,,,,2011,,age,35-49,"Q:LAB1. To what extent do you agree or disagree that Andy Burnham…
 …is able to stand up for Britain’s interests abroad",Leader favourability (Burnham),burnham,Agree,Neither agree nor disagree,Disagree,,,,,,,,27.2,19.0,23.1,,,,,,,,VI-2026-07-01-Opinium-Observer-Web-Tables-1704.xlsx,LAB1 (8)
"2,050 UK adults",1st - 3rd July 2026,,,,2011,,age,50-64,"Q:LAB1. To what extent do you agree or disagree that Andy Burnham…
 …is able to stand up for Britain’s interests abroad",Leader favourability (Burnham),burnham,Agree,Neither agree nor disagree,Disagree,,,,,,,,21.6,21.0,29.5,,,,,,,,VI-2026-07-01-Opinium-Observer-Web-Tables-1704.xlsx,LAB1 (8)
"2,050 UK adults",1st - 3rd July 2026,,,,2011,,age,65+,"Q:LAB1. To what extent do you agree or disagree that Andy Burnham…
 …is able to stand up for Britain’s interests abroad",Leader favourability (Burnham),burnham,Agree,Neither agree nor disagree,Disagree,,,,,,,,17.8,19.3,28.9,,,,,,,,VI-2026-07-01-Opinium-Observer-Web-Tables-1704.xlsx,LAB1 (8)
"2,050 UK adults",1st - 3rd July 2026,,,,2011,,region,North,"Q:LAB1. To what extent do you agree or disagree that Andy Burnham…
 …is able to stand up for Britain’s interests abroad",Leader favourability (Burnham),burnham,Agree,Neither agree nor disagree,Disagree,,,,,,,,25.9,22.5,23.0,,,,,,,,VI-2026-07-01-Opinium-Observer-Web-Tables-1704.xlsx,LAB1 (8)
"2,050 UK adults",1st - 3rd July 2026,,,,2011,,region,Mids,"Q:LAB1. To what extent do you agree or disagree that Andy Burnham…
 …is able to stand up for Britain’s interests abroad",Leader favourability (Burnham),burnham,Agree,Neither agree nor disagree,Disagree,,,,,,,,20.7,19.2,30.3,,,,,,,,VI-2026-07-01-Opinium-Observer-Web-Tables-1704.xlsx,LAB1 (8)
"2,050 UK adults",1st - 3rd July 2026,,,,2011,,region,London,"Q:LAB1. To what extent do you agree or disagree that Andy Burnham…
 …is able to stand up for Britain’s interests abroad",Leader favourability (Burnham),burnham,Agree,Neither agree nor disagree,Disagree,,,,,,,,29.4,21.9,22.7,,,,,,,,VI-2026-07-01-Opinium-Observer-Web-Tables-1704.xlsx,LAB1 (8)
"2,050 UK adults",1st - 3rd July 2026,,,,2011,,region,South,"Q:LAB1. To what extent do you agree or disagree that Andy Burnham…
 …is able to stand up for Britain’s interests abroad",Leader favourability (Burnham),burnham,Agree,Neither agree nor disagree,Disagree,,,,,,,,23.4,20.4,28.1,,,,,,,,VI-2026-07-01-Opinium-Observer-Web-Tables-1704.xlsx,LAB1 (8)
"2,050 UK adults",1st - 3rd July 2026,,,,2011,,region,Wales,"Q:LAB1. To what extent do you agree or disagree that Andy Burnham…
 …is able to stand up for Britain’s interests abroad",Leader favourability (Burnham),burnham,Agree,Neither agree nor disagree,Disagree,,,,,,,,18.6,22.7,24.7,,,,,,,,VI-2026-07-01-Opinium-Observer-Web-Tables-1704.xlsx,LAB1 (8)
"2,050 UK adults",1st - 3rd July 2026,,,,2011,,region,Scotland,"Q:LAB1. To what extent do you agree or disagree that Andy Burnham…
 …is able to stand up for Britain’s interests abroad",Leader favourability (Burnham),burnham,Agree,Neither agree nor disagree,Disagree,,,,,,,,26.2,17.9,22.7,,,,,,,,VI-2026-07-01-Opinium-Observer-Web-Tables-1704.xlsx,LAB1 (8)
"2,050 UK adults",1st - 3rd July 2026,,,,2011,,region,Northern Ireland,"Q:LAB1. To what extent do you agree or disagree that Andy Burnham…
 …is able to stand up for Britain’s interests abroad",Leader favourability (Burnham),burnham,Neither agree nor disagree,,,,,,,,,,,,,,,,,,,,VI-2026-07-01-Opinium-Observer-Web-Tables-1704.xlsx,LAB1 (8)
"2,050 UK adults",1st - 3rd July 2026,,,,2011,,total,Total,"Q:LAB1. To what extent do you agree or disagree that Andy Burnham…
 …sticks to his principles rather than just saying what people want to hear",Leader favourability (Burnham),burnham,Agree,Neither agree nor disagree,Disagree,,,,,,,,26.1,22.8,24.0,,,,,,,,VI-2026-07-01-Opinium-Observer-Web-Tables-1704.xlsx,LAB1 (9)
"2,050 UK adults",1st - 3rd July 2026,,,,2011,,current_vote,Con,"Q:LAB1. To what extent do you agree or disagree that Andy Burnham…
 …sticks to his principles rather than just saying what people want to hear",Leader favourability (Burnham),burnham,Agree,Neither agree nor disagree,Disagree,,,,,,,,25.2,22.3,33.5,,,,,,,,VI-2026-07-01-Opinium-Observer-Web-Tables-1704.xlsx,LAB1 (9)
"2,050 UK adults",1st - 3rd July 2026,,,,2011,,current_vote,Lab,"Q:LAB1. To what extent do you agree or disagree that Andy Burnham…
 …sticks to his principles rather than just saying what people want to hear",Leader favourability (Burnham),burnham,Agree,Neither agree nor disagree,Disagree,,,,,,,,59.8,21.5,4.0,,,,,,,,VI-2026-07-01-Opinium-Observer-Web-Tables-1704.xlsx,LAB1 (9)
"2,050 UK adults",1st - 3rd July 2026,,,,2011,,current_vote,Lib Dem,"Q:LAB1. To what extent do you agree or disagree that Andy Burnham…
 …sticks to his principles rather than just saying what people want to hear",Leader favourability (Burnham),burnham,Agree,Neither agree nor disagree,Disagree,,,,,,,,32.4,23.6,14.4,,,,,,,,VI-2026-07-01-Opinium-Observer-Web-Tables-1704.xlsx,LAB1 (9)
"2,050 UK adults",1st - 3rd July 2026,,,,2011,,current_vote,Reform,"Q:LAB1. To what extent do you agree or disagree that Andy Burnham…
 …sticks to his principles rather than just saying what people want to hear",Leader favourability (Burnham),burnham,Agree,Neither agree nor disagree,Disagree,,,,,,,,20.6,19.0,41.4,,,,,,,,VI-2026-07-01-Opinium-Observer-Web-Tables-1704.xlsx,LAB1 (9)
"2,050 UK adults",1st - 3rd July 2026,,,,2011,,current_vote,Green,"Q:LAB1. To what extent do you agree or disagree that Andy Burnham…
 …sticks to his principles rather than just saying what people want to hear",Leader favourability (Burnham),burnham,Agree,Neither agree nor disagree,Disagree,,,,,,,,24.9,29.3,19.6,,,,,,,,VI-2026-07-01-Opinium-Observer-Web-Tables-1704.xlsx,LAB1 (9)
"2,050 UK adults",1st - 3rd July 2026,,,,2011,,historic_vote,Con,"Q:LAB1. To what extent do you agree or disagree that Andy Burnham…
 …sticks to his principles rather than just saying what people want to hear",Leader favourability (Burnham),burnham,Agree,Neither agree nor disagree,Disagree,,,,,,,,23.5,21.4,39.7,,,,,,,,VI-2026-07-01-Opinium-Observer-Web-Tables-1704.xlsx,LAB1 (9)
"2,050 UK adults",1st - 3rd July 2026,,,,2011,,historic_vote,Lab,"Q:LAB1. To what extent do you agree or disagree that Andy Burnham…
 …sticks to his principles rather than just saying what people want to hear",Leader favourability (Burnham),burnham,Agree,Neither agree nor disagree,Disagree,,,,,,,,45.6,19.4,13.7,,,,,,,,VI-2026-07-01-Opinium-Observer-Web-Tables-1704.xlsx,LAB1 (9)
"2,050 UK adults",1st - 3rd July 2026,,,,2011,,historic_vote,Lib Dems,"Q:LAB1. To what extent do you agree or disagree that Andy Burnham…
 …sticks to his principles rather than just saying what people want to hear",Leader favourability (Burnham),burnham,Agree,Neither agree nor disagree,Disagree,,,,,,,,29.7,22.8,14.9,,,,,,,,VI-2026-07-01-Opinium-Observer-Web-Tables-1704.xlsx,LAB1 (9)
"2,050 UK adults",1st - 3rd July 2026,,,,2011,,historic_vote,Reform,"Q:LAB1. To what extent do you agree or disagree that Andy Burnham…
 …sticks to his principles rather than just saying what people want to hear",Leader favourability (Burnham),burnham,Agree,Neither agree nor disagree,Disagree,,,,,,,,17.6,17.0,43.9,,,,,,,,VI-2026-07-01-Opinium-Observer-Web-Tables-1704.xlsx,LAB1 (9)
"2,050 UK adults",1st - 3rd July 2026,,,,2011,,historic_vote,Green,"Q:LAB1. To what extent do you agree or disagree that Andy Burnham…
 …sticks to his principles rather than just saying what people want to hear",Leader favourability (Burnham),burnham,Agree,Neither agree nor disagree,Disagree,,,,,,,,20.8,31.5,16.7,,,,,,,,VI-2026-07-01-Opinium-Observer-Web-Tables-1704.xlsx,LAB1 (9)
"2,050 UK adults",1st - 3rd July 2026,,,,2011,,historic_vote,Con,"Q:LAB1. To what extent do you agree or disagree that Andy Burnham…
 …sticks to his principles rather than just saying what people want to hear",Leader favourability (Burnham),burnham,Agree,Neither agree nor disagree,Disagree,,,,,,,,23.1,20.7,35.2,,,,,,,,VI-2026-07-01-Opinium-Observer-Web-Tables-1704.xlsx,LAB1 (9)
"2,050 UK adults",1st - 3rd July 2026,,,,2011,,historic_vote,Lab,"Q:LAB1. To what extent do you agree or disagree that Andy Burnham…
 …sticks to his principles rather than just saying what people want to hear",Leader favourability (Burnham),burnham,Agree,Neither agree nor disagree,Disagree,,,,,,,,43.8,18.3,18.2,,,,,,,,VI-2026-07-01-Opinium-Observer-Web-Tables-1704.xlsx,LAB1 (9)
"2,050 UK adults",1st - 3rd July 2026,,,,2011,,historic_vote,Lib Dem,"Q:LAB1. To what extent do you agree or disagree that Andy Burnham…
 …sticks to his principles rather than just saying what people want to hear",Leader favourability (Burnham),burnham,Agree,Neither agree nor disagree,Disagree,,,,,,,,31.2,20.0,16.0,,,,,,,,VI-2026-07-01-Opinium-Observer-Web-Tables-1704.xlsx,LAB1 (9)
"2,050 UK adults",1st - 3rd July 2026,,,,2011,,historic_vote,Remain,"Q:LAB1. To what extent do you agree or disagree that Andy Burnham…
 …sticks to his principles rather than just saying what people want to hear",Leader favourability (Burnham),burnham,Agree,Neither agree nor disagree,Disagree,,,,,,,,34.9,19.4,19.0,,,,,,,,VI-2026-07-01-Opinium-Observer-Web-Tables-1704.xlsx,LAB1 (9)
"2,050 UK adults",1st - 3rd July 2026,,,,2011,,historic_vote,Leave,"Q:LAB1. To what extent do you agree or disagree that Andy Burnham…
 …sticks to his principles rather than just saying what people want to hear",Leader favourability (Burnham),burnham,Agree,Neither agree nor disagree,Disagree,,,,,,,,22.6,21.3,34.2,,,,,,,,VI-2026-07-01-Opinium-Observer-Web-Tables-1704.xlsx,LAB1 (9)
"2,050 UK adults",1st - 3rd July 2026,,,,2011,,gender,Male,"Q:LAB1. To what extent do you agree or disagree that Andy Burnham…
 …sticks to his principles rather than just saying what people want to hear",Leader favourability (Burnham),burnham,Agree,Neither agree nor disagree,Disagree,,,,,,,,27.5,23.2,27.2,,,,,,,,VI-2026-07-01-Opinium-Observer-Web-Tables-1704.xlsx,LAB1 (9)
"2,050 UK adults",1st - 3rd July 2026,,,,2011,,gender,Female,"Q:LAB1. To what extent do you agree or disagree that Andy Burnham…
 …sticks to his principles rather than just saying what people want to hear",Leader favourability (Burnham),burnham,Agree,Neither agree nor disagree,Disagree,,,,,,,,25.1,22.3,20.9,,,,,,,,VI-2026-07-01-Opinium-Observer-Web-Tables-1704.xlsx,LAB1 (9)
"2,050 UK adults",1st - 3rd July 2026,,,,2011,,age,18-34,"Q:LAB1. To what extent do you agree or disagree that Andy Burnham…
 …sticks to his principles rather than just saying what people want to hear",Leader favourability (Burnham),burnham,Agree,Neither agree nor disagree,Disagree,,,,,,,,27.8,27.3,21.2,,,,,,,,VI-2026-07-01-Opinium-Observer-Web-Tables-1704.xlsx,LAB1 (9)
"2,050 UK adults",1st - 3rd July 2026,,,,2011,,age,35-49,"Q:LAB1. To what extent do you agree or disagree that Andy Burnham…
 …sticks to his principles rather than just saying what people want to hear",Leader favourability (Burnham),burnham,Agree,Neither agree nor disagree,Disagree,,,,,,,,29.5,21.8,22.9,,,,,,,,VI-2026-07-01-Opinium-Observer-Web-Tables-1704.xlsx,LAB1 (9)
"2,050 UK adults",1st - 3rd July 2026,,,,2011,,age,50-64,"Q:LAB1. To what extent do you agree or disagree that Andy Burnham…
 …sticks to his principles rather than just saying what people want to hear",Leader favourability (Burnham),burnham,Agree,Neither agree nor disagree,Disagree,,,,,,,,26.5,20.4,24.6,,,,,,,,VI-2026-07-01-Opinium-Observer-Web-Tables-1704.xlsx,LAB1 (9)
"2,050 UK adults",1st - 3rd July 2026,,,,2011,,age,65+,"Q:LAB1. To what extent do you agree or disagree that Andy Burnham…
 …sticks to his principles rather than just saying what people want to hear",Leader favourability (Burnham),burnham,Agree,Neither agree nor disagree,Disagree,,,,,,,,20.5,21.1,27.5,,,,,,,,VI-2026-07-01-Opinium-Observer-Web-Tables-1704.xlsx,LAB1 (9)
"2,050 UK adults",1st - 3rd July 2026,,,,2011,,region,North,"Q:LAB1. To what extent do you agree or disagree that Andy Burnham…
 …sticks to his principles rather than just saying what people want to hear",Leader favourability (Burnham),burnham,Agree,Neither agree nor disagree,Disagree,,,,,,,,29.7,22.4,23.4,,,,,,,,VI-2026-07-01-Opinium-Observer-Web-Tables-1704.xlsx,LAB1 (9)
"2,050 UK adults",1st - 3rd July 2026,,,,2011,,region,Mids,"Q:LAB1. To what extent do you agree or disagree that Andy Burnham…
 …sticks to his principles rather than just saying what people want to hear",Leader favourability (Burnham),burnham,Agree,Neither agree nor disagree,Disagree,,,,,,,,24.0,23.4,24.6,,,,,,,,VI-2026-07-01-Opinium-Observer-Web-Tables-1704.xlsx,LAB1 (9)
"2,050 UK adults",1st - 3rd July 2026,,,,2011,,region,London,"Q:LAB1. To what extent do you agree or disagree that Andy Burnham…
 …sticks to his principles rather than just saying what people want to hear",Leader favourability (Burnham),burnham,Agree,Neither agree nor disagree,Disagree,,,,,,,,28.2,26.0,18.6,,,,,,,,VI-2026-07-01-Opinium-Observer-Web-Tables-1704.xlsx,LAB1 (9)
"2,050 UK adults",1st - 3rd July 2026,,,,2011,,region,South,"Q:LAB1. To what extent do you agree or disagree that Andy Burnham…
 …sticks to his principles rather than just saying what people want to hear",Leader favourability (Burnham),burnham,Agree,Neither agree nor disagree,Disagree,,,,,,,,25.0,20.3,27.0,,,,,,,,VI-2026-07-01-Opinium-Observer-Web-Tables-1704.xlsx,LAB1 (9)
"2,050 UK adults",1st - 3rd July 2026,,,,2011,,region,Wales,"Q:LAB1. To what extent do you agree or disagree that Andy Burnham…
 …sticks to his principles rather than just saying what people want to hear",Leader favourability (Burnham),burnham,Agree,Neither agree nor disagree,Disagree,,,,,,,,28.9,22.4,20.6,,,,,,,,VI-2026-07-01-Opinium-Observer-Web-Tables-1704.xlsx,LAB1 (9)
"2,050 UK adults",1st - 3rd July 2026,,,,2011,,region,Scotland,"Q:LAB1. To what extent do you agree or disagree that Andy Burnham…
 …sticks to his principles rather than just saying what people want to hear",Leader favourability (Burnham),burnham,Agree,Neither agree nor disagree,Disagree,,,,,,,,18.6,27.4,21.5,,,,,,,,VI-2026-07-01-Opinium-Observer-Web-Tables-1704.xlsx,LAB1 (9)
"2,050 UK adults",1st - 3rd July 2026,,,,2011,,region,Northern Ireland,"Q:LAB1. To what extent do you agree or disagree that Andy Burnham…
 …sticks to his principles rather than just saying what people want to hear",Leader favourability (Burnham),burnham,Neither agree nor disagree,,,,,,,,,,,,,,,,,,,,VI-2026-07-01-Opinium-Observer-Web-Tables-1704.xlsx,LAB1 (9)
"2,050 UK adults",1st - 3rd July 2026,,,,2011,,total,Total,"Q:LAB1. To what extent do you agree or disagree that Andy Burnham…
 …is trustworthy",Leader favourability (Burnham),burnham,Agree,Neither agree nor disagree,Disagree,,,,,,,,25.0,22.9,27.9,,,,,,,,VI-2026-07-01-Opinium-Observer-Web-Tables-1704.xlsx,LAB1 (10)
"2,050 UK adults",1st - 3rd July 2026,,,,2011,,current_vote,Con,"Q:LAB1. To what extent do you agree or disagree that Andy Burnham…
 …is trustworthy",Leader favourability (Burnham),burnham,Agree,Neither agree nor disagree,Disagree,,,,,,,,25.5,21.1,37.6,,,,,,,,VI-2026-07-01-Opinium-Observer-Web-Tables-1704.xlsx,LAB1 (10)
"2,050 UK adults",1st - 3rd July 2026,,,,2011,,current_vote,Lab,"Q:LAB1. To what extent do you agree or disagree that Andy Burnham…
 …is trustworthy",Leader favourability (Burnham),burnham,Agree,Neither agree nor disagree,Disagree,,,,,,,,59.8,20.3,6.3,,,,,,,,VI-2026-07-01-Opinium-Observer-Web-Tables-1704.xlsx,LAB1 (10)
"2,050 UK adults",1st - 3rd July 2026,,,,2011,,current_vote,Lib Dem,"Q:LAB1. To what extent do you agree or disagree that Andy Burnham…
 …is trustworthy",Leader favourability (Burnham),burnham,Agree,Neither agree nor disagree,Disagree,,,,,,,,31.8,23.5,19.1,,,,,,,,VI-2026-07-01-Opinium-Observer-Web-Tables-1704.xlsx,LAB1 (10)
"2,050 UK adults",1st - 3rd July 2026,,,,2011,,current_vote,Reform,"Q:LAB1. To what extent do you agree or disagree that Andy Burnham…
 …is trustworthy",Leader favourability (Burnham),burnham,Agree,Neither agree nor disagree,Disagree,,,,,,,,11.9,22.9,50.2,,,,,,,,VI-2026-07-01-Opinium-Observer-Web-Tables-1704.xlsx,LAB1 (10)
"2,050 UK adults",1st - 3rd July 2026,,,,2011,,current_vote,Green,"Q:LAB1. To what extent do you agree or disagree that Andy Burnham…
 …is trustworthy",Leader favourability (Burnham),burnham,Agree,Neither agree nor disagree,Disagree,,,,,,,,27.8,28.9,19.1,,,,,,,,VI-2026-07-01-Opinium-Observer-Web-Tables-1704.xlsx,LAB1 (10)
"2,050 UK adults",1st - 3rd July 2026,,,,2011,,historic_vote,Con,"Q:LAB1. To what extent do you agree or disagree that Andy Burnham…
 …is trustworthy",Leader favourability (Burnham),burnham,Agree,Neither agree nor disagree,Disagree,,,,,,,,21.8,19.5,44.7,,,,,,,,VI-2026-07-01-Opinium-Observer-Web-Tables-1704.xlsx,LAB1 (10)
"2,050 UK adults",1st - 3rd July 2026,,,,2011,,historic_vote,Lab,"Q:LAB1. To what extent do you agree or disagree that Andy Burnham…
 …is trustworthy",Leader favourability (Burnham),burnham,Agree,Neither agree nor disagree,Disagree,,,,,,,,43.9,22.3,15.1,,,,,,,,VI-2026-07-01-Opinium-Observer-Web-Tables-1704.xlsx,LAB1 (10)
"2,050 UK adults",1st - 3rd July 2026,,,,2011,,historic_vote,Lib Dems,"Q:LAB1. To what extent do you agree or disagree that Andy Burnham…
 …is trustworthy",Leader favourability (Burnham),burnham,Agree,Neither agree nor disagree,Disagree,,,,,,,,26.9,20.5,20.6,,,,,,,,VI-2026-07-01-Opinium-Observer-Web-Tables-1704.xlsx,LAB1 (10)
"2,050 UK adults",1st - 3rd July 2026,,,,2011,,historic_vote,Reform,"Q:LAB1. To what extent do you agree or disagree that Andy Burnham…
 …is trustworthy",Leader favourability (Burnham),burnham,Agree,Neither agree nor disagree,Disagree,,,,,,,,10.2,23.2,51.7,,,,,,,,VI-2026-07-01-Opinium-Observer-Web-Tables-1704.xlsx,LAB1 (10)
"2,050 UK adults",1st - 3rd July 2026,,,,2011,,historic_vote,Green,"Q:LAB1. To what extent do you agree or disagree that Andy Burnham…
 …is trustworthy",Leader favourability (Burnham),burnham,Agree,Neither agree nor disagree,Disagree,,,,,,,,29.2,23.7,17.7,,,,,,,,VI-2026-07-01-Opinium-Observer-Web-Tables-1704.xlsx,LAB1 (10)
"2,050 UK adults",1st - 3rd July 2026,,,,2011,,historic_vote,Con,"Q:LAB1. To what extent do you agree or disagree that Andy Burnham…
 …is trustworthy",Leader favourability (Burnham),burnham,Agree,Neither agree nor disagree,Disagree,,,,,,,,19.0,21.2,41.7,,,,,,,,VI-2026-07-01-Opinium-Observer-Web-Tables-1704.xlsx,LAB1 (10)
"2,050 UK adults",1st - 3rd July 2026,,,,2011,,historic_vote,Lab,"Q:LAB1. To what extent do you agree or disagree that Andy Burnham…
 …is trustworthy",Leader favourability (Burnham),burnham,Agree,Neither agree nor disagree,Disagree,,,,,,,,42.9,21.2,18.2,,,,,,,,VI-2026-07-01-Opinium-Observer-Web-Tables-1704.xlsx,LAB1 (10)
"2,050 UK adults",1st - 3rd July 2026,,,,2011,,historic_vote,Lib Dem,"Q:LAB1. To what extent do you agree or disagree that Andy Burnham…
 …is trustworthy",Leader favourability (Burnham),burnham,Agree,Neither agree nor disagree,Disagree,,,,,,,,31.9,20.1,21.5,,,,,,,,VI-2026-07-01-Opinium-Observer-Web-Tables-1704.xlsx,LAB1 (10)
"2,050 UK adults",1st - 3rd July 2026,,,,2011,,historic_vote,Remain,"Q:LAB1. To what extent do you agree or disagree that Andy Burnham…
 …is trustworthy",Leader favourability (Burnham),burnham,Agree,Neither agree nor disagree,Disagree,,,,,,,,34.4,20.9,20.9,,,,,,,,VI-2026-07-01-Opinium-Observer-Web-Tables-1704.xlsx,LAB1 (10)
"2,050 UK adults",1st - 3rd July 2026,,,,2011,,historic_vote,Leave,"Q:LAB1. To what extent do you agree or disagree that Andy Burnham…
 …is trustworthy",Leader favourability (Burnham),burnham,Agree,Neither agree nor disagree,Disagree,,,,,,,,19.9,21.1,41.5,,,,,,,,VI-2026-07-01-Opinium-Observer-Web-Tables-1704.xlsx,LAB1 (10)
"2,050 UK adults",1st - 3rd July 2026,,,,2011,,gender,Male,"Q:LAB1. To what extent do you agree or disagree that Andy Burnham…
 …is trustworthy",Leader favourability (Burnham),burnham,Agree,Neither agree nor disagree,Disagree,,,,,,,,27.2,22.7,30.9,,,,,,,,VI-2026-07-01-Opinium-Observer-Web-Tables-1704.xlsx,LAB1 (10)
"2,050 UK adults",1st - 3rd July 2026,,,,2011,,gender,Female,"Q:LAB1. To what extent do you agree or disagree that Andy Burnham…
 …is trustworthy",Leader favourability (Burnham),burnham,Agree,Neither agree nor disagree,Disagree,,,,,,,,23.1,23.0,24.9,,,,,,,,VI-2026-07-01-Opinium-Observer-Web-Tables-1704.xlsx,LAB1 (10)
"2,050 UK adults",1st - 3rd July 2026,,,,2011,,age,18-34,"Q:LAB1. To what extent do you agree or disagree that Andy Burnham…
 …is trustworthy",Leader favourability (Burnham),burnham,Agree,Neither agree nor disagree,Disagree,,,,,,,,28.0,27.7,22.1,,,,,,,,VI-2026-07-01-Opinium-Observer-Web-Tables-1704.xlsx,LAB1 (10)
"2,050 UK adults",1st - 3rd July 2026,,,,2011,,age,35-49,"Q:LAB1. To what extent do you agree or disagree that Andy Burnham…
 …is trustworthy",Leader favourability (Burnham),burnham,Agree,Neither agree nor disagree,Disagree,,,,,,,,30.3,17.8,27.0,,,,,,,,VI-2026-07-01-Opinium-Observer-Web-Tables-1704.xlsx,LAB1 (10)
"2,050 UK adults",1st - 3rd July 2026,,,,2011,,age,50-64,"Q:LAB1. To what extent do you agree or disagree that Andy Burnham…
 …is trustworthy",Leader favourability (Burnham),burnham,Agree,Neither agree nor disagree,Disagree,,,,,,,,22.7,22.4,30.1,,,,,,,,VI-2026-07-01-Opinium-Observer-Web-Tables-1704.xlsx,LAB1 (10)
"2,050 UK adults",1st - 3rd July 2026,,,,2011,,age,65+,"Q:LAB1. To what extent do you agree or disagree that Andy Burnham…
 …is trustworthy",Leader favourability (Burnham),burnham,Agree,Neither agree nor disagree,Disagree,,,,,,,,18.4,22.8,32.9,,,,,,,,VI-2026-07-01-Opinium-Observer-Web-Tables-1704.xlsx,LAB1 (10)
"2,050 UK adults",1st - 3rd July 2026,,,,2011,,region,North,"Q:LAB1. To what extent do you agree or disagree that Andy Burnham…
 …is trustworthy",Leader favourability (Burnham),burnham,Agree,Neither agree nor disagree,Disagree,,,,,,,,29.7,22.4,25.1,,,,,,,,VI-2026-07-01-Opinium-Observer-Web-Tables-1704.xlsx,LAB1 (10)
"2,050 UK adults",1st - 3rd July 2026,,,,2011,,region,Mids,"Q:LAB1. To what extent do you agree or disagree that Andy Burnham…
 …is trustworthy",Leader favourability (Burnham),burnham,Agree,Neither agree nor disagree,Disagree,,,,,,,,24.3,22.4,29.4,,,,,,,,VI-2026-07-01-Opinium-Observer-Web-Tables-1704.xlsx,LAB1 (10)
"2,050 UK adults",1st - 3rd July 2026,,,,2011,,region,London,"Q:LAB1. To what extent do you agree or disagree that Andy Burnham…
 …is trustworthy",Leader favourability (Burnham),burnham,Agree,Neither agree nor disagree,Disagree,,,,,,,,26.8,25.6,24.2,,,,,,,,VI-2026-07-01-Opinium-Observer-Web-Tables-1704.xlsx,LAB1 (10)
"2,050 UK adults",1st - 3rd July 2026,,,,2011,,region,South,"Q:LAB1. To what extent do you agree or disagree that Andy Burnham…
 …is trustworthy",Leader favourability (Burnham),burnham,Agree,Neither agree nor disagree,Disagree,,,,,,,,22.3,21.0,32.3,,,,,,,,VI-2026-07-01-Opinium-Observer-Web-Tables-1704.xlsx,LAB1 (10)
"2,050 UK adults",1st - 3rd July 2026,,,,2011,,region,Wales,"Q:LAB1. To what extent do you agree or disagree that Andy Burnham…
 …is trustworthy",Leader favourability (Burnham),burnham,Agree,Neither agree nor disagree,Disagree,,,,,,,,26.8,27.1,21.6,,,,,,,,VI-2026-07-01-Opinium-Observer-Web-Tables-1704.xlsx,LAB1 (10)
"2,050 UK adults",1st - 3rd July 2026,,,,2011,,region,Scotland,"Q:LAB1. To what extent do you agree or disagree that Andy Burnham…
 …is trustworthy",Leader favourability (Burnham),burnham,Agree,Neither agree nor disagree,Disagree,,,,,,,,19.8,25.9,25.0,,,,,,,,VI-2026-07-01-Opinium-Observer-Web-Tables-1704.xlsx,LAB1 (10)
"2,050 UK adults",1st - 3rd July 2026,,,,2011,,region,Northern Ireland,"Q:LAB1. To what extent do you agree or disagree that Andy Burnham…
 …is trustworthy",Leader favourability (Burnham),burnham,Neither agree nor disagree,,,,,,,,,,,,,,,,,,,,VI-2026-07-01-Opinium-Observer-Web-Tables-1704.xlsx,LAB1 (10)
"2,050 UK adults",1st - 3rd July 2026,,,,2011,,total,Total,"Q:LAB1. To what extent do you agree or disagree that Andy Burnham…
 …is brave",Leader favourability (Burnham),burnham,Agree,Neither agree nor disagree,Disagree,,,,,,,,28.6,23.3,24.0,,,,,,,,VI-2026-07-01-Opinium-Observer-Web-Tables-1704.xlsx,LAB1 (11)
"2,050 UK adults",1st - 3rd July 2026,,,,2011,,current_vote,Con,"Q:LAB1. To what extent do you agree or disagree that Andy Burnham…
 …is brave",Leader favourability (Burnham),burnham,Agree,Neither agree nor disagree,Disagree,,,,,,,,27.2,24.3,32.1,,,,,,,,VI-2026-07-01-Opinium-Observer-Web-Tables-1704.xlsx,LAB1 (11)
"2,050 UK adults",1st - 3rd July 2026,,,,2011,,current_vote,Lab,"Q:LAB1. To what extent do you agree or disagree that Andy Burnham…
 …is brave",Leader favourability (Burnham),burnham,Agree,Neither agree nor disagree,Disagree,,,,,,,,60.5,20.4,6.0,,,,,,,,VI-2026-07-01-Opinium-Observer-Web-Tables-1704.xlsx,LAB1 (11)
"2,050 UK adults",1st - 3rd July 2026,,,,2011,,current_vote,Lib Dem,"Q:LAB1. To what extent do you agree or disagree that Andy Burnham…
 …is brave",Leader favourability (Burnham),burnham,Agree,Neither agree nor disagree,Disagree,,,,,,,,35.8,27.2,15.0,,,,,,,,VI-2026-07-01-Opinium-Observer-Web-Tables-1704.xlsx,LAB1 (11)
"2,050 UK adults",1st - 3rd July 2026,,,,2011,,current_vote,Reform,"Q:LAB1. To what extent do you agree or disagree that Andy Burnham…
 …is brave",Leader favourability (Burnham),burnham,Agree,Neither agree nor disagree,Disagree,,,,,,,,18.5,22.9,42.6,,,,,,,,VI-2026-07-01-Opinium-Observer-Web-Tables-1704.xlsx,LAB1 (11)
"2,050 UK adults",1st - 3rd July 2026,,,,2011,,current_vote,Green,"Q:LAB1. To what extent do you agree or disagree that Andy Burnham…
 …is brave",Leader favourability (Burnham),burnham,Agree,Neither agree nor disagree,Disagree,,,,,,,,29.7,28.7,19.6,,,,,,,,VI-2026-07-01-Opinium-Observer-Web-Tables-1704.xlsx,LAB1 (11)
"2,050 UK adults",1st - 3rd July 2026,,,,2011,,historic_vote,Con,"Q:LAB1. To what extent do you agree or disagree that Andy Burnham…
 …is brave",Leader favourability (Burnham),burnham,Agree,Neither agree nor disagree,Disagree,,,,,,,,26.5,20.5,37.1,,,,,,,,VI-2026-07-01-Opinium-Observer-Web-Tables-1704.xlsx,LAB1 (11)
"2,050 UK adults",1st - 3rd July 2026,,,,2011,,historic_vote,Lab,"Q:LAB1. To what extent do you agree or disagree that Andy Burnham…
 …is brave",Leader favourability (Burnham),burnham,Agree,Neither agree nor disagree,Disagree,,,,,,,,45.3,22.3,13.5,,,,,,,,VI-2026-07-01-Opinium-Observer-Web-Tables-1704.xlsx,LAB1 (11)
"2,050 UK adults",1st - 3rd July 2026,,,,2011,,historic_vote,Lib Dems,"Q:LAB1. To what extent do you agree or disagree that Andy Burnham…
 …is brave",Leader favourability (Burnham),burnham,Agree,Neither agree nor disagree,Disagree,,,,,,,,30.9,26.4,18.3,,,,,,,,VI-2026-07-01-Opinium-Observer-Web-Tables-1704.xlsx,LAB1 (11)
"2,050 UK adults",1st - 3rd July 2026,,,,2011,,historic_vote,Reform,"Q:LAB1. To what extent do you agree or disagree that Andy Burnham…
 …is brave",Leader favourability (Burnham),burnham,Agree,Neither agree nor disagree,Disagree,,,,,,,,20.0,19.7,41.0,,,,,,,,VI-2026-07-01-Opinium-Observer-Web-Tables-1704.xlsx,LAB1 (11)
"2,050 UK adults",1st - 3rd July 2026,,,,2011,,historic_vote,Green,"Q:LAB1. To what extent do you agree or disagree that Andy Burnham…
 …is brave",Leader favourability (Burnham),burnham,Agree,Neither agree nor disagree,Disagree,,,,,,,,30.2,30.8,15.6,,,,,,,,VI-2026-07-01-Opinium-Observer-Web-Tables-1704.xlsx,LAB1 (11)
"2,050 UK adults",1st - 3rd July 2026,,,,2011,,historic_vote,Con,"Q:LAB1. To what extent do you agree or disagree that Andy Burnham…
 …is brave",Leader favourability (Burnham),burnham,Agree,Neither agree nor disagree,Disagree,,,,,,,,26.0,20.3,33.5,,,,,,,,VI-2026-07-01-Opinium-Observer-Web-Tables-1704.xlsx,LAB1 (11)
"2,050 UK adults",1st - 3rd July 2026,,,,2011,,historic_vote,Lab,"Q:LAB1. To what extent do you agree or disagree that Andy Burnham…
 …is brave",Leader favourability (Burnham),burnham,Agree,Neither agree nor disagree,Disagree,,,,,,,,45.8,22.7,15.2,,,,,,,,VI-2026-07-01-Opinium-Observer-Web-Tables-1704.xlsx,LAB1 (11)
"2,050 UK adults",1st - 3rd July 2026,,,,2011,,historic_vote,Lib Dem,"Q:LAB1. To what extent do you agree or disagree that Andy Burnham…
 …is brave",Leader favourability (Burnham),burnham,Agree,Neither agree nor disagree,Disagree,,,,,,,,33.3,26.7,17.4,,,,,,,,VI-2026-07-01-Opinium-Observer-Web-Tables-1704.xlsx,LAB1 (11)
"2,050 UK adults",1st - 3rd July 2026,,,,2011,,historic_vote,Remain,"Q:LAB1. To what extent do you agree or disagree that Andy Burnham…
 …is brave",Leader favourability (Burnham),burnham,Agree,Neither agree nor disagree,Disagree,,,,,,,,35.8,22.7,17.2,,,,,,,,VI-2026-07-01-Opinium-Observer-Web-Tables-1704.xlsx,LAB1 (11)
"2,050 UK adults",1st - 3rd July 2026,,,,2011,,historic_vote,Leave,"Q:LAB1. To what extent do you agree or disagree that Andy Burnham…
 …is brave",Leader favourability (Burnham),burnham,Agree,Neither agree nor disagree,Disagree,,,,,,,,26.3,20.3,35.9,,,,,,,,VI-2026-07-01-Opinium-Observer-Web-Tables-1704.xlsx,LAB1 (11)
"2,050 UK adults",1st - 3rd July 2026,,,,2011,,gender,Male,"Q:LAB1. To what extent do you agree or disagree that Andy Burnham…
 …is brave",Leader favourability (Burnham),burnham,Agree,Neither agree nor disagree,Disagree,,,,,,,,29.6,24.2,26.2,,,,,,,,VI-2026-07-01-Opinium-Observer-Web-Tables-1704.xlsx,LAB1 (11)
"2,050 UK adults",1st - 3rd July 2026,,,,2011,,gender,Female,"Q:LAB1. To what extent do you agree or disagree that Andy Burnham…
 …is brave",Leader favourability (Burnham),burnham,Agree,Neither agree nor disagree,Disagree,,,,,,,,28.0,22.4,22.0,,,,,,,,VI-2026-07-01-Opinium-Observer-Web-Tables-1704.xlsx,LAB1 (11)
"2,050 UK adults",1st - 3rd July 2026,,,,2011,,age,18-34,"Q:LAB1. To what extent do you agree or disagree that Andy Burnham…
 …is brave",Leader favourability (Burnham),burnham,Agree,Neither agree nor disagree,Disagree,,,,,,,,31.9,24.3,21.8,,,,,,,,VI-2026-07-01-Opinium-Observer-Web-Tables-1704.xlsx,LAB1 (11)
"2,050 UK adults",1st - 3rd July 2026,,,,2011,,age,35-49,"Q:LAB1. To what extent do you agree or disagree that Andy Burnham…
 …is brave",Leader favourability (Burnham),burnham,Agree,Neither agree nor disagree,Disagree,,,,,,,,32.0,20.4,22.9,,,,,,,,VI-2026-07-01-Opinium-Observer-Web-Tables-1704.xlsx,LAB1 (11)
"2,050 UK adults",1st - 3rd July 2026,,,,2011,,age,50-64,"Q:LAB1. To what extent do you agree or disagree that Andy Burnham…
 …is brave",Leader favourability (Burnham),burnham,Agree,Neither agree nor disagree,Disagree,,,,,,,,27.1,23.0,27.3,,,,,,,,VI-2026-07-01-Opinium-Observer-Web-Tables-1704.xlsx,LAB1 (11)
"2,050 UK adults",1st - 3rd July 2026,,,,2011,,age,65+,"Q:LAB1. To what extent do you agree or disagree that Andy Burnham…
 …is brave",Leader favourability (Burnham),burnham,Agree,Neither agree nor disagree,Disagree,,,,,,,,23.1,25.3,24.3,,,,,,,,VI-2026-07-01-Opinium-Observer-Web-Tables-1704.xlsx,LAB1 (11)
"2,050 UK adults",1st - 3rd July 2026,,,,2011,,region,North,"Q:LAB1. To what extent do you agree or disagree that Andy Burnham…
 …is brave",Leader favourability (Burnham),burnham,Agree,Neither agree nor disagree,Disagree,,,,,,,,32.6,24.8,21.6,,,,,,,,VI-2026-07-01-Opinium-Observer-Web-Tables-1704.xlsx,LAB1 (11)
"2,050 UK adults",1st - 3rd July 2026,,,,2011,,region,Mids,"Q:LAB1. To what extent do you agree or disagree that Andy Burnham…
 …is brave",Leader favourability (Burnham),burnham,Agree,Neither agree nor disagree,Disagree,,,,,,,,28.8,21.9,24.3,,,,,,,,VI-2026-07-01-Opinium-Observer-Web-Tables-1704.xlsx,LAB1 (11)
"2,050 UK adults",1st - 3rd July 2026,,,,2011,,region,London,"Q:LAB1. To what extent do you agree or disagree that Andy Burnham…
 …is brave",Leader favourability (Burnham),burnham,Agree,Neither agree nor disagree,Disagree,,,,,,,,30.9,23.3,21.2,,,,,,,,VI-2026-07-01-Opinium-Observer-Web-Tables-1704.xlsx,LAB1 (11)
"2,050 UK adults",1st - 3rd July 2026,,,,2011,,region,South,"Q:LAB1. To what extent do you agree or disagree that Andy Burnham…
 …is brave",Leader favourability (Burnham),burnham,Agree,Neither agree nor disagree,Disagree,,,,,,,,27.6,22.1,27.0,,,,,,,,VI-2026-07-01-Opinium-Observer-Web-Tables-1704.xlsx,LAB1 (11)
"2,050 UK adults",1st - 3rd July 2026,,,,2011,,region,Wales,"Q:LAB1. To what extent do you agree or disagree that Andy Burnham…
 …is brave",Leader favourability (Burnham),burnham,Agree,Neither agree nor disagree,Disagree,,,,,,,,25.8,24.9,20.6,,,,,,,,VI-2026-07-01-Opinium-Observer-Web-Tables-1704.xlsx,LAB1 (11)
"2,050 UK adults",1st - 3rd July 2026,,,,2011,,region,Scotland,"Q:LAB1. To what extent do you agree or disagree that Andy Burnham…
 …is brave",Leader favourability (Burnham),burnham,Agree,Neither agree nor disagree,Disagree,,,,,,,,19.8,25.1,24.4,,,,,,,,VI-2026-07-01-Opinium-Observer-Web-Tables-1704.xlsx,LAB1 (11)
"2,050 UK adults",1st - 3rd July 2026,,,,2011,,region,Northern Ireland,"Q:LAB1. To what extent do you agree or disagree that Andy Burnham…
 …is brave",Leader favourability (Burnham),burnham,Neither agree nor disagree,,,,,,,,,,,,,,,,,,,,VI-2026-07-01-Opinium-Observer-Web-Tables-1704.xlsx,LAB1 (11)
"2,050 UK adults",1st - 3rd July 2026,,,,2011,,total,Total,"Q:LAB1. To what extent do you agree or disagree that Andy Burnham…
 …can be trusted to take big decisions",Leader favourability (Burnham),burnham,Agree,Neither agree nor disagree,Disagree,,,,,,,,24.1,22.7,27.3,,,,,,,,VI-2026-07-01-Opinium-Observer-Web-Tables-1704.xlsx,LAB1 (12)
"2,050 UK adults",1st - 3rd July 2026,,,,2011,,current_vote,Con,"Q:LAB1. To what extent do you agree or disagree that Andy Burnham…
 …can be trusted to take big decisions",Leader favourability (Burnham),burnham,Agree,Neither agree nor disagree,Disagree,,,,,,,,19.3,23.3,37.2,,,,,,,,VI-2026-07-01-Opinium-Observer-Web-Tables-1704.xlsx,LAB1 (12)
"2,050 UK adults",1st - 3rd July 2026,,,,2011,,current_vote,Lab,"Q:LAB1. To what extent do you agree or disagree that Andy Burnham…
 …can be trusted to take big decisions",Leader favourability (Burnham),burnham,Agree,Neither agree nor disagree,Disagree,,,,,,,,57.5,22.1,5.7,,,,,,,,VI-2026-07-01-Opinium-Observer-Web-Tables-1704.xlsx,LAB1 (12)
"2,050 UK adults",1st - 3rd July 2026,,,,2011,,current_vote,Lib Dem,"Q:LAB1. To what extent do you agree or disagree that Andy Burnham…
 …can be trusted to take big decisions",Leader favourability (Burnham),burnham,Agree,Neither agree nor disagree,Disagree,,,,,,,,30.1,21.4,17.3,,,,,,,,VI-2026-07-01-Opinium-Observer-Web-Tables-1704.xlsx,LAB1 (12)
"2,050 UK adults",1st - 3rd July 2026,,,,2011,,current_vote,Reform,"Q:LAB1. To what extent do you agree or disagree that Andy Burnham…
 …can be trusted to take big decisions",Leader favourability (Burnham),burnham,Agree,Neither agree nor disagree,Disagree,,,,,,,,14.5,18.2,51.3,,,,,,,,VI-2026-07-01-Opinium-Observer-Web-Tables-1704.xlsx,LAB1 (12)
"2,050 UK adults",1st - 3rd July 2026,,,,2011,,current_vote,Green,"Q:LAB1. To what extent do you agree or disagree that Andy Burnham…
 …can be trusted to take big decisions",Leader favourability (Burnham),burnham,Agree,Neither agree nor disagree,Disagree,,,,,,,,27.8,31.4,14.3,,,,,,,,VI-2026-07-01-Opinium-Observer-Web-Tables-1704.xlsx,LAB1 (12)
"2,050 UK adults",1st - 3rd July 2026,,,,2011,,historic_vote,Con,"Q:LAB1. To what extent do you agree or disagree that Andy Burnham…
 …can be trusted to take big decisions",Leader favourability (Burnham),burnham,Agree,Neither agree nor disagree,Disagree,,,,,,,,17.6,19.5,44.4,,,,,,,,VI-2026-07-01-Opinium-Observer-Web-Tables-1704.xlsx,LAB1 (12)
"2,050 UK adults",1st - 3rd July 2026,,,,2011,,historic_vote,Lab,"Q:LAB1. To what extent do you agree or disagree that Andy Burnham…
 …can be trusted to take big decisions",Leader favourability (Burnham),burnham,Agree,Neither agree nor disagree,Disagree,,,,,,,,43.1,19.8,15.7,,,,,,,,VI-2026-07-01-Opinium-Observer-Web-Tables-1704.xlsx,LAB1 (12)
"2,050 UK adults",1st - 3rd July 2026,,,,2011,,historic_vote,Lib Dems,"Q:LAB1. To what extent do you agree or disagree that Andy Burnham…
 …can be trusted to take big decisions",Leader favourability (Burnham),burnham,Agree,Neither agree nor disagree,Disagree,,,,,,,,29.7,20.7,22.3,,,,,,,,VI-2026-07-01-Opinium-Observer-Web-Tables-1704.xlsx,LAB1 (12)
"2,050 UK adults",1st - 3rd July 2026,,,,2011,,historic_vote,Reform,"Q:LAB1. To what extent do you agree or disagree that Andy Burnham…
 …can be trusted to take big decisions",Leader favourability (Burnham),burnham,Agree,Neither agree nor disagree,Disagree,,,,,,,,12.7,18.1,52.2,,,,,,,,VI-2026-07-01-Opinium-Observer-Web-Tables-1704.xlsx,LAB1 (12)
"2,050 UK adults",1st - 3rd July 2026,,,,2011,,historic_vote,Green,"Q:LAB1. To what extent do you agree or disagree that Andy Burnham…
 …can be trusted to take big decisions",Leader favourability (Burnham),burnham,Agree,Neither agree nor disagree,Disagree,,,,,,,,22.9,28.1,14.6,,,,,,,,VI-2026-07-01-Opinium-Observer-Web-Tables-1704.xlsx,LAB1 (12)
"2,050 UK adults",1st - 3rd July 2026,,,,2011,,historic_vote,Con,"Q:LAB1. To what extent do you agree or disagree that Andy Burnham…
 …can be trusted to take big decisions",Leader favourability (Burnham),burnham,Agree,Neither agree nor disagree,Disagree,,,,,,,,17.1,19.6,42.4,,,,,,,,VI-2026-07-01-Opinium-Observer-Web-Tables-1704.xlsx,LAB1 (12)
"2,050 UK adults",1st - 3rd July 2026,,,,2011,,historic_vote,Lab,"Q:LAB1. To what extent do you agree or disagree that Andy Burnham…
 …can be trusted to take big decisions",Leader favourability (Burnham),burnham,Agree,Neither agree nor disagree,Disagree,,,,,,,,41.6,21.6,17.9,,,,,,,,VI-2026-07-01-Opinium-Observer-Web-Tables-1704.xlsx,LAB1 (12)
"2,050 UK adults",1st - 3rd July 2026,,,,2011,,historic_vote,Lib Dem,"Q:LAB1. To what extent do you agree or disagree that Andy Burnham…
 …can be trusted to take big decisions",Leader favourability (Burnham),burnham,Agree,Neither agree nor disagree,Disagree,,,,,,,,32.6,20.4,20.8,,,,,,,,VI-2026-07-01-Opinium-Observer-Web-Tables-1704.xlsx,LAB1 (12)
"2,050 UK adults",1st - 3rd July 2026,,,,2011,,historic_vote,Remain,"Q:LAB1. To what extent do you agree or disagree that Andy Burnham…
 …can be trusted to take big decisions",Leader favourability (Burnham),burnham,Agree,Neither agree nor disagree,Disagree,,,,,,,,32.2,20.3,19.6,,,,,,,,VI-2026-07-01-Opinium-Observer-Web-Tables-1704.xlsx,LAB1 (12)
"2,050 UK adults",1st - 3rd July 2026,,,,2011,,historic_vote,Leave,"Q:LAB1. To what extent do you agree or disagree that Andy Burnham…
 …can be trusted to take big decisions",Leader favourability (Burnham),burnham,Agree,Neither agree nor disagree,Disagree,,,,,,,,19.5,19.6,42.8,,,,,,,,VI-2026-07-01-Opinium-Observer-Web-Tables-1704.xlsx,LAB1 (12)
"2,050 UK adults",1st - 3rd July 2026,,,,2011,,gender,Male,"Q:LAB1. To what extent do you agree or disagree that Andy Burnham…
 …can be trusted to take big decisions",Leader favourability (Burnham),burnham,Agree,Neither agree nor disagree,Disagree,,,,,,,,26.2,21.7,30.7,,,,,,,,VI-2026-07-01-Opinium-Observer-Web-Tables-1704.xlsx,LAB1 (12)
"2,050 UK adults",1st - 3rd July 2026,,,,2011,,gender,Female,"Q:LAB1. To what extent do you agree or disagree that Andy Burnham…
 …can be trusted to take big decisions",Leader favourability (Burnham),burnham,Agree,Neither agree nor disagree,Disagree,,,,,,,,22.2,23.6,24.1,,,,,,,,VI-2026-07-01-Opinium-Observer-Web-Tables-1704.xlsx,LAB1 (12)
"2,050 UK adults",1st - 3rd July 2026,,,,2011,,age,18-34,"Q:LAB1. To what extent do you agree or disagree that Andy Burnham…
 …can be trusted to take big decisions",Leader favourability (Burnham),burnham,Agree,Neither agree nor disagree,Disagree,,,,,,,,31.0,24.5,21.2,,,,,,,,VI-2026-07-01-Opinium-Observer-Web-Tables-1704.xlsx,LAB1 (12)
"2,050 UK adults",1st - 3rd July 2026,,,,2011,,age,35-49,"Q:LAB1. To what extent do you agree or disagree that Andy Burnham…
 …can be trusted to take big decisions",Leader favourability (Burnham),burnham,Agree,Neither agree nor disagree,Disagree,,,,,,,,27.2,20.1,27.2,,,,,,,,VI-2026-07-01-Opinium-Observer-Web-Tables-1704.xlsx,LAB1 (12)
"2,050 UK adults",1st - 3rd July 2026,,,,2011,,age,50-64,"Q:LAB1. To what extent do you agree or disagree that Andy Burnham…
 …can be trusted to take big decisions",Leader favourability (Burnham),burnham,Agree,Neither agree nor disagree,Disagree,,,,,,,,21.2,23.4,29.7,,,,,,,,VI-2026-07-01-Opinium-Observer-Web-Tables-1704.xlsx,LAB1 (12)
"2,050 UK adults",1st - 3rd July 2026,,,,2011,,age,65+,"Q:LAB1. To what extent do you agree or disagree that Andy Burnham…
 …can be trusted to take big decisions",Leader favourability (Burnham),burnham,Agree,Neither agree nor disagree,Disagree,,,,,,,,15.7,22.4,31.9,,,,,,,,VI-2026-07-01-Opinium-Observer-Web-Tables-1704.xlsx,LAB1 (12)
"2,050 UK adults",1st - 3rd July 2026,,,,2011,,region,North,"Q:LAB1. To what extent do you agree or disagree that Andy Burnham…
 …can be trusted to take big decisions",Leader favourability (Burnham),burnham,Agree,Neither agree nor disagree,Disagree,,,,,,,,29.0,23.0,25.3,,,,,,,,VI-2026-07-01-Opinium-Observer-Web-Tables-1704.xlsx,LAB1 (12)
"2,050 UK adults",1st - 3rd July 2026,,,,2011,,region,Mids,"Q:LAB1. To what extent do you agree or disagree that Andy Burnham…
 …can be trusted to take big decisions",Leader favourability (Burnham),burnham,Agree,Neither agree nor disagree,Disagree,,,,,,,,20.7,21.4,28.8,,,,,,,,VI-2026-07-01-Opinium-Observer-Web-Tables-1704.xlsx,LAB1 (12)
"2,050 UK adults",1st - 3rd July 2026,,,,2011,,region,London,"Q:LAB1. To what extent do you agree or disagree that Andy Burnham…
 …can be trusted to take big decisions",Leader favourability (Burnham),burnham,Agree,Neither agree nor disagree,Disagree,,,,,,,,24.2,27.5,21.6,,,,,,,,VI-2026-07-01-Opinium-Observer-Web-Tables-1704.xlsx,LAB1 (12)
"2,050 UK adults",1st - 3rd July 2026,,,,2011,,region,South,"Q:LAB1. To what extent do you agree or disagree that Andy Burnham…
 …can be trusted to take big decisions",Leader favourability (Burnham),burnham,Agree,Neither agree nor disagree,Disagree,,,,,,,,23.4,20.3,32.0,,,,,,,,VI-2026-07-01-Opinium-Observer-Web-Tables-1704.xlsx,LAB1 (12)
"2,050 UK adults",1st - 3rd July 2026,,,,2011,,region,Wales,"Q:LAB1. To what extent do you agree or disagree that Andy Burnham…
 …can be trusted to take big decisions",Leader favourability (Burnham),burnham,Agree,Neither agree nor disagree,Disagree,,,,,,,,22.7,22.6,20.6,,,,,,,,VI-2026-07-01-Opinium-Observer-Web-Tables-1704.xlsx,LAB1 (12)
"2,050 UK adults",1st - 3rd July 2026,,,,2011,,region,Scotland,"Q:LAB1. To what extent do you agree or disagree that Andy Burnham…
 …can be trusted to take big decisions",Leader favourability (Burnham),burnham,Agree,Neither agree nor disagree,Disagree,,,,,,,,20.3,25.6,23.8,,,,,,,,VI-2026-07-01-Opinium-Observer-Web-Tables-1704.xlsx,LAB1 (12)
"2,050 UK adults",1st - 3rd July 2026,,,,2011,,region,Northern Ireland,"Q:LAB1. To what extent do you agree or disagree that Andy Burnham…
 …can be trusted to take big decisions",Leader favourability (Burnham),burnham,Neither agree nor disagree,,,,,,,,,,,,,,,,,,,,VI-2026-07-01-Opinium-Observer-Web-Tables-1704.xlsx,LAB1 (12)
"2,050 UK adults",1st - 3rd July 2026,,,,2011,,total,Total,"Q:LAB1. To what extent do you agree or disagree that Andy Burnham…
 …is competent",Leader favourability (Burnham),burnham,Agree,Neither agree nor disagree,Disagree,,,,,,,,33.4,19.3,23.2,,,,,,,,VI-2026-07-01-Opinium-Observer-Web-Tables-1704.xlsx,LAB1 (13)
"2,050 UK adults",1st - 3rd July 2026,,,,2011,,current_vote,Con,"Q:LAB1. To what extent do you agree or disagree that Andy Burnham…
 …is competent",Leader favourability (Burnham),burnham,Agree,Neither agree nor disagree,Disagree,,,,,,,,30.0,19.8,31.0,,,,,,,,VI-2026-07-01-Opinium-Observer-Web-Tables-1704.xlsx,LAB1 (13)
"2,050 UK adults",1st - 3rd July 2026,,,,2011,,current_vote,Lab,"Q:LAB1. To what extent do you agree or disagree that Andy Burnham…
 …is competent",Leader favourability (Burnham),burnham,Agree,Neither agree nor disagree,Disagree,,,,,,,,66.5,17.2,5.7,,,,,,,,VI-2026-07-01-Opinium-Observer-Web-Tables-1704.xlsx,LAB1 (13)
"2,050 UK adults",1st - 3rd July 2026,,,,2011,,current_vote,Lib Dem,"Q:LAB1. To what extent do you agree or disagree that Andy Burnham…
 …is competent",Leader favourability (Burnham),burnham,Agree,Neither agree nor disagree,Disagree,,,,,,,,48.5,14.2,15.0,,,,,,,,VI-2026-07-01-Opinium-Observer-Web-Tables-1704.xlsx,LAB1 (13)
"2,050 UK adults",1st - 3rd July 2026,,,,2011,,current_vote,Reform,"Q:LAB1. To what extent do you agree or disagree that Andy Burnham…
 …is competent",Leader favourability (Burnham),burnham,Agree,Neither agree nor disagree,Disagree,,,,,,,,19.8,17.9,45.7,,,,,,,,VI-2026-07-01-Opinium-Observer-Web-Tables-1704.xlsx,LAB1 (13)
"2,050 UK adults",1st - 3rd July 2026,,,,2011,,current_vote,Green,"Q:LAB1. To what extent do you agree or disagree that Andy Burnham…
 …is competent",Leader favourability (Burnham),burnham,Agree,Neither agree nor disagree,Disagree,,,,,,,,46.9,22.3,11.0,,,,,,,,VI-2026-07-01-Opinium-Observer-Web-Tables-1704.xlsx,LAB1 (13)
"2,050 UK adults",1st - 3rd July 2026,,,,2011,,historic_vote,Con,"Q:LAB1. To what extent do you agree or disagree that Andy Burnham…
 …is competent",Leader favourability (Burnham),burnham,Agree,Neither agree nor disagree,Disagree,,,,,,,,26.2,19.3,37.1,,,,,,,,VI-2026-07-01-Opinium-Observer-Web-Tables-1704.xlsx,LAB1 (13)
"2,050 UK adults",1st - 3rd July 2026,,,,2011,,historic_vote,Lab,"Q:LAB1. To what extent do you agree or disagree that Andy Burnham…
 …is competent",Leader favourability (Burnham),burnham,Agree,Neither agree nor disagree,Disagree,,,,,,,,56.3,16.6,11.0,,,,,,,,VI-2026-07-01-Opinium-Observer-Web-Tables-1704.xlsx,LAB1 (13)
"2,050 UK adults",1st - 3rd July 2026,,,,2011,,historic_vote,Lib Dems,"Q:LAB1. To what extent do you agree or disagree that Andy Burnham…
 …is competent",Leader favourability (Burnham),burnham,Agree,Neither agree nor disagree,Disagree,,,,,,,,43.4,13.4,15.4,,,,,,,,VI-2026-07-01-Opinium-Observer-Web-Tables-1704.xlsx,LAB1 (13)
"2,050 UK adults",1st - 3rd July 2026,,,,2011,,historic_vote,Reform,"Q:LAB1. To what extent do you agree or disagree that Andy Burnham…
 …is competent",Leader favourability (Burnham),burnham,Agree,Neither agree nor disagree,Disagree,,,,,,,,20.0,15.6,47.3,,,,,,,,VI-2026-07-01-Opinium-Observer-Web-Tables-1704.xlsx,LAB1 (13)
"2,050 UK adults",1st - 3rd July 2026,,,,2011,,historic_vote,Green,"Q:LAB1. To what extent do you agree or disagree that Andy Burnham…
 …is competent",Leader favourability (Burnham),burnham,Agree,Neither agree nor disagree,Disagree,,,,,,,,37.5,24.7,14.6,,,,,,,,VI-2026-07-01-Opinium-Observer-Web-Tables-1704.xlsx,LAB1 (13)
"2,050 UK adults",1st - 3rd July 2026,,,,2011,,historic_vote,Con,"Q:LAB1. To what extent do you agree or disagree that Andy Burnham…
 …is competent",Leader favourability (Burnham),burnham,Agree,Neither agree nor disagree,Disagree,,,,,,,,28.2,18.3,34.2,,,,,,,,VI-2026-07-01-Opinium-Observer-Web-Tables-1704.xlsx,LAB1 (13)
"2,050 UK adults",1st - 3rd July 2026,,,,2011,,historic_vote,Lab,"Q:LAB1. To what extent do you agree or disagree that Andy Burnham…
 …is competent",Leader favourability (Burnham),burnham,Agree,Neither agree nor disagree,Disagree,,,,,,,,52.1,18.1,13.8,,,,,,,,VI-2026-07-01-Opinium-Observer-Web-Tables-1704.xlsx,LAB1 (13)
"2,050 UK adults",1st - 3rd July 2026,,,,2011,,historic_vote,Lib Dem,"Q:LAB1. To what extent do you agree or disagree that Andy Burnham…
 …is competent",Leader favourability (Burnham),burnham,Agree,Neither agree nor disagree,Disagree,,,,,,,,44.4,12.4,18.8,,,,,,,,VI-2026-07-01-Opinium-Observer-Web-Tables-1704.xlsx,LAB1 (13)
"2,050 UK adults",1st - 3rd July 2026,,,,2011,,historic_vote,Remain,"Q:LAB1. To what extent do you agree or disagree that Andy Burnham…
 …is competent",Leader favourability (Burnham),burnham,Agree,Neither agree nor disagree,Disagree,,,,,,,,45.1,16.5,15.5,,,,,,,,VI-2026-07-01-Opinium-Observer-Web-Tables-1704.xlsx,LAB1 (13)
"2,050 UK adults",1st - 3rd July 2026,,,,2011,,historic_vote,Leave,"Q:LAB1. To what extent do you agree or disagree that Andy Burnham…
 …is competent",Leader favourability (Burnham),burnham,Agree,Neither agree nor disagree,Disagree,,,,,,,,27.3,18.3,35.8,,,,,,,,VI-2026-07-01-Opinium-Observer-Web-Tables-1704.xlsx,LAB1 (13)
"2,050 UK adults",1st - 3rd July 2026,,,,2011,,gender,Male,"Q:LAB1. To what extent do you agree or disagree that Andy Burnham…
 …is competent",Leader favourability (Burnham),burnham,Agree,Neither agree nor disagree,Disagree,,,,,,,,37.4,18.3,25.2,,,,,,,,VI-2026-07-01-Opinium-Observer-Web-Tables-1704.xlsx,LAB1 (13)
"2,050 UK adults",1st - 3rd July 2026,,,,2011,,gender,Female,"Q:LAB1. To what extent do you agree or disagree that Andy Burnham…
 …is competent",Leader favourability (Burnham),burnham,Agree,Neither agree nor disagree,Disagree,,,,,,,,29.9,20.2,21.2,,,,,,,,VI-2026-07-01-Opinium-Observer-Web-Tables-1704.xlsx,LAB1 (13)
"2,050 UK adults",1st - 3rd July 2026,,,,2011,,age,18-34,"Q:LAB1. To what extent do you agree or disagree that Andy Burnham…
 …is competent",Leader favourability (Burnham),burnham,Agree,Neither agree nor disagree,Disagree,,,,,,,,36.5,19.0,22.0,,,,,,,,VI-2026-07-01-Opinium-Observer-Web-Tables-1704.xlsx,LAB1 (13)
"2,050 UK adults",1st - 3rd July 2026,,,,2011,,age,35-49,"Q:LAB1. To what extent do you agree or disagree that Andy Burnham…
 …is competent",Leader favourability (Burnham),burnham,Agree,Neither agree nor disagree,Disagree,,,,,,,,37.3,18.7,19.4,,,,,,,,VI-2026-07-01-Opinium-Observer-Web-Tables-1704.xlsx,LAB1 (13)
"2,050 UK adults",1st - 3rd July 2026,,,,2011,,age,50-64,"Q:LAB1. To what extent do you agree or disagree that Andy Burnham…
 …is competent",Leader favourability (Burnham),burnham,Agree,Neither agree nor disagree,Disagree,,,,,,,,32.1,19.8,25.4,,,,,,,,VI-2026-07-01-Opinium-Observer-Web-Tables-1704.xlsx,LAB1 (13)
"2,050 UK adults",1st - 3rd July 2026,,,,2011,,age,65+,"Q:LAB1. To what extent do you agree or disagree that Andy Burnham…
 …is competent",Leader favourability (Burnham),burnham,Agree,Neither agree nor disagree,Disagree,,,,,,,,27.0,19.9,26.2,,,,,,,,VI-2026-07-01-Opinium-Observer-Web-Tables-1704.xlsx,LAB1 (13)
"2,050 UK adults",1st - 3rd July 2026,,,,2011,,region,North,"Q:LAB1. To what extent do you agree or disagree that Andy Burnham…
 …is competent",Leader favourability (Burnham),burnham,Agree,Neither agree nor disagree,Disagree,,,,,,,,37.3,20.0,20.5,,,,,,,,VI-2026-07-01-Opinium-Observer-Web-Tables-1704.xlsx,LAB1 (13)
"2,050 UK adults",1st - 3rd July 2026,,,,2011,,region,Mids,"Q:LAB1. To what extent do you agree or disagree that Andy Burnham…
 …is competent",Leader favourability (Burnham),burnham,Agree,Neither agree nor disagree,Disagree,,,,,,,,30.0,19.2,25.8,,,,,,,,VI-2026-07-01-Opinium-Observer-Web-Tables-1704.xlsx,LAB1 (13)
"2,050 UK adults",1st - 3rd July 2026,,,,2011,,region,London,"Q:LAB1. To what extent do you agree or disagree that Andy Burnham…
 …is competent",Leader favourability (Burnham),burnham,Agree,Neither agree nor disagree,Disagree,,,,,,,,37.2,22.0,17.8,,,,,,,,VI-2026-07-01-Opinium-Observer-Web-Tables-1704.xlsx,LAB1 (13)
"2,050 UK adults",1st - 3rd July 2026,,,,2011,,region,South,"Q:LAB1. To what extent do you agree or disagree that Andy Burnham…
 …is competent",Leader favourability (Burnham),burnham,Agree,Neither agree nor disagree,Disagree,,,,,,,,33.7,16.5,26.6,,,,,,,,VI-2026-07-01-Opinium-Observer-Web-Tables-1704.xlsx,LAB1 (13)
"2,050 UK adults",1st - 3rd July 2026,,,,2011,,region,Wales,"Q:LAB1. To what extent do you agree or disagree that Andy Burnham…
 …is competent",Leader favourability (Burnham),burnham,Agree,Neither agree nor disagree,Disagree,,,,,,,,23.7,23.1,22.7,,,,,,,,VI-2026-07-01-Opinium-Observer-Web-Tables-1704.xlsx,LAB1 (13)
"2,050 UK adults",1st - 3rd July 2026,,,,2011,,region,Scotland,"Q:LAB1. To what extent do you agree or disagree that Andy Burnham…
 …is competent",Leader favourability (Burnham),burnham,Agree,Neither agree nor disagree,Disagree,,,,,,,,26.7,21.9,20.9,,,,,,,,VI-2026-07-01-Opinium-Observer-Web-Tables-1704.xlsx,LAB1 (13)
"2,050 UK adults",1st - 3rd July 2026,,,,2011,,region,Northern Ireland,"Q:LAB1. To what extent do you agree or disagree that Andy Burnham…
 …is competent",Leader favourability (Burnham),burnham,Neither agree nor disagree,,,,,,,,,,,,,,,,,,,,VI-2026-07-01-Opinium-Observer-Web-Tables-1704.xlsx,LAB1 (13)
"2,050 UK adults",1st - 3rd July 2026,,,,2011,,total,Total,"Q:LAB1. To what extent do you agree or disagree that Andy Burnham…
 …is likeable",Leader favourability (Burnham),burnham,Agree,Neither agree nor disagree,Disagree,,,,,,,,35.6,23.1,23.7,,,,,,,,VI-2026-07-01-Opinium-Observer-Web-Tables-1704.xlsx,LAB1 (14)
"2,050 UK adults",1st - 3rd July 2026,,,,2011,,current_vote,Con,"Q:LAB1. To what extent do you agree or disagree that Andy Burnham…
 …is likeable",Leader favourability (Burnham),burnham,Agree,Neither agree nor disagree,Disagree,,,,,,,,30.3,22.8,34.8,,,,,,,,VI-2026-07-01-Opinium-Observer-Web-Tables-1704.xlsx,LAB1 (14)
"2,050 UK adults",1st - 3rd July 2026,,,,2011,,current_vote,Lab,"Q:LAB1. To what extent do you agree or disagree that Andy Burnham…
 …is likeable",Leader favourability (Burnham),burnham,Agree,Neither agree nor disagree,Disagree,,,,,,,,64.5,23.3,3.6,,,,,,,,VI-2026-07-01-Opinium-Observer-Web-Tables-1704.xlsx,LAB1 (14)
"2,050 UK adults",1st - 3rd July 2026,,,,2011,,current_vote,Lib Dem,"Q:LAB1. To what extent do you agree or disagree that Andy Burnham…
 …is likeable",Leader favourability (Burnham),burnham,Agree,Neither agree nor disagree,Disagree,,,,,,,,49.1,18.6,16.2,,,,,,,,VI-2026-07-01-Opinium-Observer-Web-Tables-1704.xlsx,LAB1 (14)
"2,050 UK adults",1st - 3rd July 2026,,,,2011,,current_vote,Reform,"Q:LAB1. To what extent do you agree or disagree that Andy Burnham…
 …is likeable",Leader favourability (Burnham),burnham,Agree,Neither agree nor disagree,Disagree,,,,,,,,25.1,21.7,42.4,,,,,,,,VI-2026-07-01-Opinium-Observer-Web-Tables-1704.xlsx,LAB1 (14)
"2,050 UK adults",1st - 3rd July 2026,,,,2011,,current_vote,Green,"Q:LAB1. To what extent do you agree or disagree that Andy Burnham…
 …is likeable",Leader favourability (Burnham),burnham,Agree,Neither agree nor disagree,Disagree,,,,,,,,43.5,27.0,13.4,,,,,,,,VI-2026-07-01-Opinium-Observer-Web-Tables-1704.xlsx,LAB1 (14)
"2,050 UK adults",1st - 3rd July 2026,,,,2011,,historic_vote,Con,"Q:LAB1. To what extent do you agree or disagree that Andy Burnham…
 …is likeable",Leader favourability (Burnham),burnham,Agree,Neither agree nor disagree,Disagree,,,,,,,,29.7,20.8,39.1,,,,,,,,VI-2026-07-01-Opinium-Observer-Web-Tables-1704.xlsx,LAB1 (14)
"2,050 UK adults",1st - 3rd July 2026,,,,2011,,historic_vote,Lab,"Q:LAB1. To what extent do you agree or disagree that Andy Burnham…
 …is likeable",Leader favourability (Burnham),burnham,Agree,Neither agree nor disagree,Disagree,,,,,,,,55.7,20.3,12.2,,,,,,,,VI-2026-07-01-Opinium-Observer-Web-Tables-1704.xlsx,LAB1 (14)
"2,050 UK adults",1st - 3rd July 2026,,,,2011,,historic_vote,Lib Dems,"Q:LAB1. To what extent do you agree or disagree that Andy Burnham…
 …is likeable",Leader favourability (Burnham),burnham,Agree,Neither agree nor disagree,Disagree,,,,,,,,46.3,18.1,17.7,,,,,,,,VI-2026-07-01-Opinium-Observer-Web-Tables-1704.xlsx,LAB1 (14)
"2,050 UK adults",1st - 3rd July 2026,,,,2011,,historic_vote,Reform,"Q:LAB1. To what extent do you agree or disagree that Andy Burnham…
 …is likeable",Leader favourability (Burnham),burnham,Agree,Neither agree nor disagree,Disagree,,,,,,,,21.0,23.1,45.4,,,,,,,,VI-2026-07-01-Opinium-Observer-Web-Tables-1704.xlsx,LAB1 (14)
"2,050 UK adults",1st - 3rd July 2026,,,,2011,,historic_vote,Green,"Q:LAB1. To what extent do you agree or disagree that Andy Burnham…
 …is likeable",Leader favourability (Burnham),burnham,Agree,Neither agree nor disagree,Disagree,,,,,,,,39.6,30.0,13.5,,,,,,,,VI-2026-07-01-Opinium-Observer-Web-Tables-1704.xlsx,LAB1 (14)
"2,050 UK adults",1st - 3rd July 2026,,,,2011,,historic_vote,Con,"Q:LAB1. To what extent do you agree or disagree that Andy Burnham…
 …is likeable",Leader favourability (Burnham),burnham,Agree,Neither agree nor disagree,Disagree,,,,,,,,31.3,21.7,36.1,,,,,,,,VI-2026-07-01-Opinium-Observer-Web-Tables-1704.xlsx,LAB1 (14)
"2,050 UK adults",1st - 3rd July 2026,,,,2011,,historic_vote,Lab,"Q:LAB1. To what extent do you agree or disagree that Andy Burnham…
 …is likeable",Leader favourability (Burnham),burnham,Agree,Neither agree nor disagree,Disagree,,,,,,,,54.7,19.0,15.7,,,,,,,,VI-2026-07-01-Opinium-Observer-Web-Tables-1704.xlsx,LAB1 (14)
"2,050 UK adults",1st - 3rd July 2026,,,,2011,,historic_vote,Lib Dem,"Q:LAB1. To what extent do you agree or disagree that Andy Burnham…
 …is likeable",Leader favourability (Burnham),burnham,Agree,Neither agree nor disagree,Disagree,,,,,,,,47.9,18.1,16.0,,,,,,,,VI-2026-07-01-Opinium-Observer-Web-Tables-1704.xlsx,LAB1 (14)
"2,050 UK adults",1st - 3rd July 2026,,,,2011,,historic_vote,Remain,"Q:LAB1. To what extent do you agree or disagree that Andy Burnham…
 …is likeable",Leader favourability (Burnham),burnham,Agree,Neither agree nor disagree,Disagree,,,,,,,,47.2,18.7,18.0,,,,,,,,VI-2026-07-01-Opinium-Observer-Web-Tables-1704.xlsx,LAB1 (14)
"2,050 UK adults",1st - 3rd July 2026,,,,2011,,historic_vote,Leave,"Q:LAB1. To what extent do you agree or disagree that Andy Burnham…
 …is likeable",Leader favourability (Burnham),burnham,Agree,Neither agree nor disagree,Disagree,,,,,,,,31.1,22.4,35.9,,,,,,,,VI-2026-07-01-Opinium-Observer-Web-Tables-1704.xlsx,LAB1 (14)
"2,050 UK adults",1st - 3rd July 2026,,,,2011,,gender,Male,"Q:LAB1. To what extent do you agree or disagree that Andy Burnham…
 …is likeable",Leader favourability (Burnham),burnham,Agree,Neither agree nor disagree,Disagree,,,,,,,,36.2,24.2,25.7,,,,,,,,VI-2026-07-01-Opinium-Observer-Web-Tables-1704.xlsx,LAB1 (14)
"2,050 UK adults",1st - 3rd July 2026,,,,2011,,gender,Female,"Q:LAB1. To what extent do you agree or disagree that Andy Burnham…
 …is likeable",Leader favourability (Burnham),burnham,Agree,Neither agree nor disagree,Disagree,,,,,,,,35.2,22.0,21.9,,,,,,,,VI-2026-07-01-Opinium-Observer-Web-Tables-1704.xlsx,LAB1 (14)
"2,050 UK adults",1st - 3rd July 2026,,,,2011,,age,18-34,"Q:LAB1. To what extent do you agree or disagree that Andy Burnham…
 …is likeable",Leader favourability (Burnham),burnham,Agree,Neither agree nor disagree,Disagree,,,,,,,,34.7,26.6,19.2,,,,,,,,VI-2026-07-01-Opinium-Observer-Web-Tables-1704.xlsx,LAB1 (14)
"2,050 UK adults",1st - 3rd July 2026,,,,2011,,age,35-49,"Q:LAB1. To what extent do you agree or disagree that Andy Burnham…
 …is likeable",Leader favourability (Burnham),burnham,Agree,Neither agree nor disagree,Disagree,,,,,,,,38.8,20.6,22.1,,,,,,,,VI-2026-07-01-Opinium-Observer-Web-Tables-1704.xlsx,LAB1 (14)
"2,050 UK adults",1st - 3rd July 2026,,,,2011,,age,50-64,"Q:LAB1. To what extent do you agree or disagree that Andy Burnham…
 …is likeable",Leader favourability (Burnham),burnham,Agree,Neither agree nor disagree,Disagree,,,,,,,,36.1,21.9,25.9,,,,,,,,VI-2026-07-01-Opinium-Observer-Web-Tables-1704.xlsx,LAB1 (14)
"2,050 UK adults",1st - 3rd July 2026,,,,2011,,age,65+,"Q:LAB1. To what extent do you agree or disagree that Andy Burnham…
 …is likeable",Leader favourability (Burnham),burnham,Agree,Neither agree nor disagree,Disagree,,,,,,,,33.1,22.7,28.3,,,,,,,,VI-2026-07-01-Opinium-Observer-Web-Tables-1704.xlsx,LAB1 (14)
"2,050 UK adults",1st - 3rd July 2026,,,,2011,,region,North,"Q:LAB1. To what extent do you agree or disagree that Andy Burnham…
 …is likeable",Leader favourability (Burnham),burnham,Agree,Neither agree nor disagree,Disagree,,,,,,,,39.4,24.1,21.2,,,,,,,,VI-2026-07-01-Opinium-Observer-Web-Tables-1704.xlsx,LAB1 (14)
"2,050 UK adults",1st - 3rd July 2026,,,,2011,,region,Mids,"Q:LAB1. To what extent do you agree or disagree that Andy Burnham…
 …is likeable",Leader favourability (Burnham),burnham,Agree,Neither agree nor disagree,Disagree,,,,,,,,33.3,20.1,25.8,,,,,,,,VI-2026-07-01-Opinium-Observer-Web-Tables-1704.xlsx,LAB1 (14)
"2,050 UK adults",1st - 3rd July 2026,,,,2011,,region,London,"Q:LAB1. To what extent do you agree or disagree that Andy Burnham…
 …is likeable",Leader favourability (Burnham),burnham,Agree,Neither agree nor disagree,Disagree,,,,,,,,36.1,28.0,18.6,,,,,,,,VI-2026-07-01-Opinium-Observer-Web-Tables-1704.xlsx,LAB1 (14)
"2,050 UK adults",1st - 3rd July 2026,,,,2011,,region,South,"Q:LAB1. To what extent do you agree or disagree that Andy Burnham…
 …is likeable",Leader favourability (Burnham),burnham,Agree,Neither agree nor disagree,Disagree,,,,,,,,33.7,21.5,27.9,,,,,,,,VI-2026-07-01-Opinium-Observer-Web-Tables-1704.xlsx,LAB1 (14)
"2,050 UK adults",1st - 3rd July 2026,,,,2011,,region,Wales,"Q:LAB1. To what extent do you agree or disagree that Andy Burnham…
 …is likeable",Leader favourability (Burnham),burnham,Agree,Neither agree nor disagree,Disagree,,,,,,,,38.1,20.6,19.6,,,,,,,,VI-2026-07-01-Opinium-Observer-Web-Tables-1704.xlsx,LAB1 (14)
"2,050 UK adults",1st - 3rd July 2026,,,,2011,,region,Scotland,"Q:LAB1. To what extent do you agree or disagree that Andy Burnham…
 …is likeable",Leader favourability (Burnham),burnham,Agree,Neither agree nor disagree,Disagree,,,,,,,,34.9,25.5,20.3,,,,,,,,VI-2026-07-01-Opinium-Observer-Web-Tables-1704.xlsx,LAB1 (14)
"2,050 UK adults",1st - 3rd July 2026,,,,2011,,region,Northern Ireland,"Q:LAB1. To what extent do you agree or disagree that Andy Burnham…
 …is likeable",Leader favourability (Burnham),burnham,Neither agree nor disagree,,,,,,,,,,,,,,,,,,,,VI-2026-07-01-Opinium-Observer-Web-Tables-1704.xlsx,LAB1 (14)
"2,050 UK adults",1st - 3rd July 2026,,,,2011,,total,Total,"Q:LAB1. To what extent do you agree or disagree that Andy Burnham…
 ...looks like a Prime Minister in waiting",Leader favourability (Burnham),burnham,Agree,Neither agree nor disagree,Disagree,,,,,,,,35.4,20.8,26.4,,,,,,,,VI-2026-07-01-Opinium-Observer-Web-Tables-1704.xlsx,LAB1 (15)
"2,050 UK adults",1st - 3rd July 2026,,,,2011,,current_vote,Con,"Q:LAB1. To what extent do you agree or disagree that Andy Burnham…
 ...looks like a Prime Minister in waiting",Leader favourability (Burnham),burnham,Agree,Neither agree nor disagree,Disagree,,,,,,,,32.8,19.6,37.6,,,,,,,,VI-2026-07-01-Opinium-Observer-Web-Tables-1704.xlsx,LAB1 (15)
"2,050 UK adults",1st - 3rd July 2026,,,,2011,,current_vote,Lab,"Q:LAB1. To what extent do you agree or disagree that Andy Burnham…
 ...looks like a Prime Minister in waiting",Leader favourability (Burnham),burnham,Agree,Neither agree nor disagree,Disagree,,,,,,,,65.5,19.2,7.0,,,,,,,,VI-2026-07-01-Opinium-Observer-Web-Tables-1704.xlsx,LAB1 (15)
"2,050 UK adults",1st - 3rd July 2026,,,,2011,,current_vote,Lib Dem,"Q:LAB1. To what extent do you agree or disagree that Andy Burnham…
 ...looks like a Prime Minister in waiting",Leader favourability (Burnham),burnham,Agree,Neither agree nor disagree,Disagree,,,,,,,,42.8,23.2,15.0,,,,,,,,VI-2026-07-01-Opinium-Observer-Web-Tables-1704.xlsx,LAB1 (15)
"2,050 UK adults",1st - 3rd July 2026,,,,2011,,current_vote,Reform,"Q:LAB1. To what extent do you agree or disagree that Andy Burnham…
 ...looks like a Prime Minister in waiting",Leader favourability (Burnham),burnham,Agree,Neither agree nor disagree,Disagree,,,,,,,,24.9,18.7,48.0,,,,,,,,VI-2026-07-01-Opinium-Observer-Web-Tables-1704.xlsx,LAB1 (15)
"2,050 UK adults",1st - 3rd July 2026,,,,2011,,current_vote,Green,"Q:LAB1. To what extent do you agree or disagree that Andy Burnham…
 ...looks like a Prime Minister in waiting",Leader favourability (Burnham),burnham,Agree,Neither agree nor disagree,Disagree,,,,,,,,45.9,23.5,14.8,,,,,,,,VI-2026-07-01-Opinium-Observer-Web-Tables-1704.xlsx,LAB1 (15)
"2,050 UK adults",1st - 3rd July 2026,,,,2011,,historic_vote,Con,"Q:LAB1. To what extent do you agree or disagree that Andy Burnham…
 ...looks like a Prime Minister in waiting",Leader favourability (Burnham),burnham,Agree,Neither agree nor disagree,Disagree,,,,,,,,32.4,18.6,41.5,,,,,,,,VI-2026-07-01-Opinium-Observer-Web-Tables-1704.xlsx,LAB1 (15)
"2,050 UK adults",1st - 3rd July 2026,,,,2011,,historic_vote,Lab,"Q:LAB1. To what extent do you agree or disagree that Andy Burnham…
 ...looks like a Prime Minister in waiting",Leader favourability (Burnham),burnham,Agree,Neither agree nor disagree,Disagree,,,,,,,,53.8,18.5,15.1,,,,,,,,VI-2026-07-01-Opinium-Observer-Web-Tables-1704.xlsx,LAB1 (15)
"2,050 UK adults",1st - 3rd July 2026,,,,2011,,historic_vote,Lib Dems,"Q:LAB1. To what extent do you agree or disagree that Andy Burnham…
 ...looks like a Prime Minister in waiting",Leader favourability (Burnham),burnham,Agree,Neither agree nor disagree,Disagree,,,,,,,,44.6,21.4,17.7,,,,,,,,VI-2026-07-01-Opinium-Observer-Web-Tables-1704.xlsx,LAB1 (15)
"2,050 UK adults",1st - 3rd July 2026,,,,2011,,historic_vote,Reform,"Q:LAB1. To what extent do you agree or disagree that Andy Burnham…
 ...looks like a Prime Minister in waiting",Leader favourability (Burnham),burnham,Agree,Neither agree nor disagree,Disagree,,,,,,,,25.4,17.3,50.2,,,,,,,,VI-2026-07-01-Opinium-Observer-Web-Tables-1704.xlsx,LAB1 (15)
"2,050 UK adults",1st - 3rd July 2026,,,,2011,,historic_vote,Green,"Q:LAB1. To what extent do you agree or disagree that Andy Burnham…
 ...looks like a Prime Minister in waiting",Leader favourability (Burnham),burnham,Agree,Neither agree nor disagree,Disagree,,,,,,,,41.7,21.7,16.7,,,,,,,,VI-2026-07-01-Opinium-Observer-Web-Tables-1704.xlsx,LAB1 (15)
"2,050 UK adults",1st - 3rd July 2026,,,,2011,,historic_vote,Con,"Q:LAB1. To what extent do you agree or disagree that Andy Burnham…
 ...looks like a Prime Minister in waiting",Leader favourability (Burnham),burnham,Agree,Neither agree nor disagree,Disagree,,,,,,,,33.2,17.8,39.8,,,,,,,,VI-2026-07-01-Opinium-Observer-Web-Tables-1704.xlsx,LAB1 (15)
"2,050 UK adults",1st - 3rd July 2026,,,,2011,,historic_vote,Lab,"Q:LAB1. To what extent do you agree or disagree that Andy Burnham…
 ...looks like a Prime Minister in waiting",Leader favourability (Burnham),burnham,Agree,Neither agree nor disagree,Disagree,,,,,,,,51.6,19.2,17.4,,,,,,,,VI-2026-07-01-Opinium-Observer-Web-Tables-1704.xlsx,LAB1 (15)
"2,050 UK adults",1st - 3rd July 2026,,,,2011,,historic_vote,Lib Dem,"Q:LAB1. To what extent do you agree or disagree that Andy Burnham…
 ...looks like a Prime Minister in waiting",Leader favourability (Burnham),burnham,Agree,Neither agree nor disagree,Disagree,,,,,,,,43.8,20.7,18.1,,,,,,,,VI-2026-07-01-Opinium-Observer-Web-Tables-1704.xlsx,LAB1 (15)
"2,050 UK adults",1st - 3rd July 2026,,,,2011,,historic_vote,Remain,"Q:LAB1. To what extent do you agree or disagree that Andy Burnham…
 ...looks like a Prime Minister in waiting",Leader favourability (Burnham),burnham,Agree,Neither agree nor disagree,Disagree,,,,,,,,46.2,20.0,17.8,,,,,,,,VI-2026-07-01-Opinium-Observer-Web-Tables-1704.xlsx,LAB1 (15)
"2,050 UK adults",1st - 3rd July 2026,,,,2011,,historic_vote,Leave,"Q:LAB1. To what extent do you agree or disagree that Andy Burnham…
 ...looks like a Prime Minister in waiting",Leader favourability (Burnham),burnham,Agree,Neither agree nor disagree,Disagree,,,,,,,,32.2,16.7,41.2,,,,,,,,VI-2026-07-01-Opinium-Observer-Web-Tables-1704.xlsx,LAB1 (15)
"2,050 UK adults",1st - 3rd July 2026,,,,2011,,gender,Male,"Q:LAB1. To what extent do you agree or disagree that Andy Burnham…
 ...looks like a Prime Minister in waiting",Leader favourability (Burnham),burnham,Agree,Neither agree nor disagree,Disagree,,,,,,,,36.8,20.3,29.8,,,,,,,,VI-2026-07-01-Opinium-Observer-Web-Tables-1704.xlsx,LAB1 (15)
"2,050 UK adults",1st - 3rd July 2026,,,,2011,,gender,Female,"Q:LAB1. To what extent do you agree or disagree that Andy Burnham…
 ...looks like a Prime Minister in waiting",Leader favourability (Burnham),burnham,Agree,Neither agree nor disagree,Disagree,,,,,,,,34.2,21.4,23.3,,,,,,,,VI-2026-07-01-Opinium-Observer-Web-Tables-1704.xlsx,LAB1 (15)
"2,050 UK adults",1st - 3rd July 2026,,,,2011,,age,18-34,"Q:LAB1. To what extent do you agree or disagree that Andy Burnham…
 ...looks like a Prime Minister in waiting",Leader favourability (Burnham),burnham,Agree,Neither agree nor disagree,Disagree,,,,,,,,35.6,21.7,22.3,,,,,,,,VI-2026-07-01-Opinium-Observer-Web-Tables-1704.xlsx,LAB1 (15)
"2,050 UK adults",1st - 3rd July 2026,,,,2011,,age,35-49,"Q:LAB1. To what extent do you agree or disagree that Andy Burnham…
 ...looks like a Prime Minister in waiting",Leader favourability (Burnham),burnham,Agree,Neither agree nor disagree,Disagree,,,,,,,,37.1,20.6,23.7,,,,,,,,VI-2026-07-01-Opinium-Observer-Web-Tables-1704.xlsx,LAB1 (15)
"2,050 UK adults",1st - 3rd July 2026,,,,2011,,age,50-64,"Q:LAB1. To what extent do you agree or disagree that Andy Burnham…
 ...looks like a Prime Minister in waiting",Leader favourability (Burnham),burnham,Agree,Neither agree nor disagree,Disagree,,,,,,,,36.9,19.5,28.7,,,,,,,,VI-2026-07-01-Opinium-Observer-Web-Tables-1704.xlsx,LAB1 (15)
"2,050 UK adults",1st - 3rd July 2026,,,,2011,,age,65+,"Q:LAB1. To what extent do you agree or disagree that Andy Burnham…
 ...looks like a Prime Minister in waiting",Leader favourability (Burnham),burnham,Agree,Neither agree nor disagree,Disagree,,,,,,,,31.9,21.5,31.7,,,,,,,,VI-2026-07-01-Opinium-Observer-Web-Tables-1704.xlsx,LAB1 (15)
"2,050 UK adults",1st - 3rd July 2026,,,,2011,,region,North,"Q:LAB1. To what extent do you agree or disagree that Andy Burnham…
 ...looks like a Prime Minister in waiting",Leader favourability (Burnham),burnham,Agree,Neither agree nor disagree,Disagree,,,,,,,,39.2,20.2,23.6,,,,,,,,VI-2026-07-01-Opinium-Observer-Web-Tables-1704.xlsx,LAB1 (15)
"2,050 UK adults",1st - 3rd July 2026,,,,2011,,region,Mids,"Q:LAB1. To what extent do you agree or disagree that Andy Burnham…
 ...looks like a Prime Minister in waiting",Leader favourability (Burnham),burnham,Agree,Neither agree nor disagree,Disagree,,,,,,,,33.9,16.4,26.7,,,,,,,,VI-2026-07-01-Opinium-Observer-Web-Tables-1704.xlsx,LAB1 (15)
"2,050 UK adults",1st - 3rd July 2026,,,,2011,,region,London,"Q:LAB1. To what extent do you agree or disagree that Andy Burnham…
 ...looks like a Prime Minister in waiting",Leader favourability (Burnham),burnham,Agree,Neither agree nor disagree,Disagree,,,,,,,,37.2,22.6,26.0,,,,,,,,VI-2026-07-01-Opinium-Observer-Web-Tables-1704.xlsx,LAB1 (15)
"2,050 UK adults",1st - 3rd July 2026,,,,2011,,region,South,"Q:LAB1. To what extent do you agree or disagree that Andy Burnham…
 ...looks like a Prime Minister in waiting",Leader favourability (Burnham),burnham,Agree,Neither agree nor disagree,Disagree,,,,,,,,34.8,20.9,29.1,,,,,,,,VI-2026-07-01-Opinium-Observer-Web-Tables-1704.xlsx,LAB1 (15)
"2,050 UK adults",1st - 3rd July 2026,,,,2011,,region,Wales,"Q:LAB1. To what extent do you agree or disagree that Andy Burnham…
 ...looks like a Prime Minister in waiting",Leader favourability (Burnham),burnham,Agree,Neither agree nor disagree,Disagree,,,,,,,,36.1,20.0,24.7,,,,,,,,VI-2026-07-01-Opinium-Observer-Web-Tables-1704.xlsx,LAB1 (15)
"2,050 UK adults",1st - 3rd July 2026,,,,2011,,region,Scotland,"Q:LAB1. To what extent do you agree or disagree that Andy Burnham…
 ...looks like a Prime Minister in waiting",Leader favourability (Burnham),burnham,Agree,Neither agree nor disagree,Disagree,,,,,,,,26.7,28.5,25.0,,,,,,,,VI-2026-07-01-Opinium-Observer-Web-Tables-1704.xlsx,LAB1 (15)
"2,050 UK adults",1st - 3rd July 2026,,,,2011,,region,Northern Ireland,"Q:LAB1. To what extent do you agree or disagree that Andy Burnham…
 ...looks like a Prime Minister in waiting",Leader favourability (Burnham),burnham,Neither agree nor disagree,,,,,,,,,,,,,,,,,,,,VI-2026-07-01-Opinium-Observer-Web-Tables-1704.xlsx,LAB1 (15)
"2,050 UK adults",1st - 3rd July 2026,,,,2050,,total,Total,"Q:LAB2. Who do you think is better placed to improve economic opportunities in your area, such as creating good jobs, attracting investment, and supporting local businesses?",UNMATCHED,,Local mayors and councils,National government,Neither,,,,,,,,31.7,19.5,25.0,,,,,,,,VI-2026-07-01-Opinium-Observer-Web-Tables-1704.xlsx,LAB2
"2,050 UK adults",1st - 3rd July 2026,,,,2050,,current_vote,Con,"Q:LAB2. Who do you think is better placed to improve economic opportunities in your area, such as creating good jobs, attracting investment, and supporting local businesses?",UNMATCHED,,Local mayors and councils,National government,Neither,,,,,,,,29.7,25.9,23.1,,,,,,,,VI-2026-07-01-Opinium-Observer-Web-Tables-1704.xlsx,LAB2
"2,050 UK adults",1st - 3rd July 2026,,,,2050,,current_vote,Lab,"Q:LAB2. Who do you think is better placed to improve economic opportunities in your area, such as creating good jobs, attracting investment, and supporting local businesses?",UNMATCHED,,Local mayors and councils,National government,Neither,,,,,,,,43.7,28.4,11.6,,,,,,,,VI-2026-07-01-Opinium-Observer-Web-Tables-1704.xlsx,LAB2
"2,050 UK adults",1st - 3rd July 2026,,,,2050,,current_vote,Lib Dem,"Q:LAB2. Who do you think is better placed to improve economic opportunities in your area, such as creating good jobs, attracting investment, and supporting local businesses?",UNMATCHED,,Local mayors and councils,National government,Neither,,,,,,,,36.2,18.6,24.5,,,,,,,,VI-2026-07-01-Opinium-Observer-Web-Tables-1704.xlsx,LAB2
"2,050 UK adults",1st - 3rd July 2026,,,,2050,,current_vote,Reform,"Q:LAB2. Who do you think is better placed to improve economic opportunities in your area, such as creating good jobs, attracting investment, and supporting local businesses?",UNMATCHED,,Local mayors and councils,National government,Neither,,,,,,,,24.7,24.3,37.0,,,,,,,,VI-2026-07-01-Opinium-Observer-Web-Tables-1704.xlsx,LAB2
"2,050 UK adults",1st - 3rd July 2026,,,,2050,,current_vote,Green,"Q:LAB2. Who do you think is better placed to improve economic opportunities in your area, such as creating good jobs, attracting investment, and supporting local businesses?",UNMATCHED,,Local mayors and councils,National government,Neither,,,,,,,,45.6,21.7,13.8,,,,,,,,VI-2026-07-01-Opinium-Observer-Web-Tables-1704.xlsx,LAB2
"2,050 UK adults",1st - 3rd July 2026,,,,2050,,historic_vote,Con,"Q:LAB2. Who do you think is better placed to improve economic opportunities in your area, such as creating good jobs, attracting investment, and supporting local businesses?",UNMATCHED,,Local mayors and councils,National government,Neither,,,,,,,,30.0,26.0,26.2,,,,,,,,VI-2026-07-01-Opinium-Observer-Web-Tables-1704.xlsx,LAB2
"2,050 UK adults",1st - 3rd July 2026,,,,2050,,historic_vote,Lab,"Q:LAB2. Who do you think is better placed to improve economic opportunities in your area, such as creating good jobs, attracting investment, and supporting local businesses?",UNMATCHED,,Local mayors and councils,National government,Neither,,,,,,,,40.8,22.2,16.9,,,,,,,,VI-2026-07-01-Opinium-Observer-Web-Tables-1704.xlsx,LAB2
"2,050 UK adults",1st - 3rd July 2026,,,,2050,,historic_vote,Lib Dems,"Q:LAB2. Who do you think is better placed to improve economic opportunities in your area, such as creating good jobs, attracting investment, and supporting local businesses?",UNMATCHED,,Local mayors and councils,National government,Neither,,,,,,,,36.8,16.9,25.1,,,,,,,,VI-2026-07-01-Opinium-Observer-Web-Tables-1704.xlsx,LAB2
"2,050 UK adults",1st - 3rd July 2026,,,,2050,,historic_vote,Reform,"Q:LAB2. Who do you think is better placed to improve economic opportunities in your area, such as creating good jobs, attracting investment, and supporting local businesses?",UNMATCHED,,Local mayors and councils,National government,Neither,,,,,,,,22.6,26.0,36.6,,,,,,,,VI-2026-07-01-Opinium-Observer-Web-Tables-1704.xlsx,LAB2
"2,050 UK adults",1st - 3rd July 2026,,,,2050,,historic_vote,Green,"Q:LAB2. Who do you think is better placed to improve economic opportunities in your area, such as creating good jobs, attracting investment, and supporting local businesses?",UNMATCHED,,Local mayors and councils,National government,Neither,,,,,,,,42.2,17.0,20.4,,,,,,,,VI-2026-07-01-Opinium-Observer-Web-Tables-1704.xlsx,LAB2
"2,050 UK adults",1st - 3rd July 2026,,,,2050,,historic_vote,Con,"Q:LAB2. Who do you think is better placed to improve economic opportunities in your area, such as creating good jobs, attracting investment, and supporting local businesses?",UNMATCHED,,Local mayors and councils,National government,Neither,,,,,,,,30.2,24.1,25.9,,,,,,,,VI-2026-07-01-Opinium-Observer-Web-Tables-1704.xlsx,LAB2
"2,050 UK adults",1st - 3rd July 2026,,,,2050,,historic_vote,Lab,"Q:LAB2. Who do you think is better placed to improve economic opportunities in your area, such as creating good jobs, attracting investment, and supporting local businesses?",UNMATCHED,,Local mayors and councils,National government,Neither,,,,,,,,39.2,22.4,20.4,,,,,,,,VI-2026-07-01-Opinium-Observer-Web-Tables-1704.xlsx,LAB2
"2,050 UK adults",1st - 3rd July 2026,,,,2050,,historic_vote,Lib Dem,"Q:LAB2. Who do you think is better placed to improve economic opportunities in your area, such as creating good jobs, attracting investment, and supporting local businesses?",UNMATCHED,,Local mayors and councils,National government,Neither,,,,,,,,40.7,17.1,20.2,,,,,,,,VI-2026-07-01-Opinium-Observer-Web-Tables-1704.xlsx,LAB2
"2,050 UK adults",1st - 3rd July 2026,,,,2050,,historic_vote,Remain,"Q:LAB2. Who do you think is better placed to improve economic opportunities in your area, such as creating good jobs, attracting investment, and supporting local businesses?",UNMATCHED,,Local mayors and councils,National government,Neither,,,,,,,,35.8,21.2,20.2,,,,,,,,VI-2026-07-01-Opinium-Observer-Web-Tables-1704.xlsx,LAB2
"2,050 UK adults",1st - 3rd July 2026,,,,2050,,historic_vote,Leave,"Q:LAB2. Who do you think is better placed to improve economic opportunities in your area, such as creating good jobs, attracting investment, and supporting local businesses?",UNMATCHED,,Local mayors and councils,National government,Neither,,,,,,,,27.6,19.9,33.3,,,,,,,,VI-2026-07-01-Opinium-Observer-Web-Tables-1704.xlsx,LAB2
"2,050 UK adults",1st - 3rd July 2026,,,,2050,,gender,Male,"Q:LAB2. Who do you think is better placed to improve economic opportunities in your area, such as creating good jobs, attracting investment, and supporting local businesses?",UNMATCHED,,Local mayors and councils,National government,Neither,,,,,,,,29.7,24.0,27.0,,,,,,,,VI-2026-07-01-Opinium-Observer-Web-Tables-1704.xlsx,LAB2
"2,050 UK adults",1st - 3rd July 2026,,,,2050,,gender,Female,"Q:LAB2. Who do you think is better placed to improve economic opportunities in your area, such as creating good jobs, attracting investment, and supporting local businesses?",UNMATCHED,,Local mayors and councils,National government,Neither,,,,,,,,33.7,15.4,23.2,,,,,,,,VI-2026-07-01-Opinium-Observer-Web-Tables-1704.xlsx,LAB2
"2,050 UK adults",1st - 3rd July 2026,,,,2050,,age,18-34,"Q:LAB2. Who do you think is better placed to improve economic opportunities in your area, such as creating good jobs, attracting investment, and supporting local businesses?",UNMATCHED,,Local mayors and councils,National government,Neither,,,,,,,,35.4,24.3,21.1,,,,,,,,VI-2026-07-01-Opinium-Observer-Web-Tables-1704.xlsx,LAB2
"2,050 UK adults",1st - 3rd July 2026,,,,2050,,age,35-49,"Q:LAB2. Who do you think is better placed to improve economic opportunities in your area, such as creating good jobs, attracting investment, and supporting local businesses?",UNMATCHED,,Local mayors and councils,National government,Neither,,,,,,,,32.2,17.2,25.1,,,,,,,,VI-2026-07-01-Opinium-Observer-Web-Tables-1704.xlsx,LAB2
"2,050 UK adults",1st - 3rd July 2026,,,,2050,,age,50-64,"Q:LAB2. Who do you think is better placed to improve economic opportunities in your area, such as creating good jobs, attracting investment, and supporting local businesses?",UNMATCHED,,Local mayors and councils,National government,Neither,,,,,,,,30.1,18.8,24.6,,,,,,,,VI-2026-07-01-Opinium-Observer-Web-Tables-1704.xlsx,LAB2
"2,050 UK adults",1st - 3rd July 2026,,,,2050,,age,65+,"Q:LAB2. Who do you think is better placed to improve economic opportunities in your area, such as creating good jobs, attracting investment, and supporting local businesses?",UNMATCHED,,Local mayors and councils,National government,Neither,,,,,,,,28.5,17.0,29.8,,,,,,,,VI-2026-07-01-Opinium-Observer-Web-Tables-1704.xlsx,LAB2
"2,050 UK adults",1st - 3rd July 2026,,,,2050,,region,North,"Q:LAB2. Who do you think is better placed to improve economic opportunities in your area, such as creating good jobs, attracting investment, and supporting local businesses?",UNMATCHED,,Local mayors and councils,National government,Neither,,,,,,,,38.6,16.3,24.2,,,,,,,,VI-2026-07-01-Opinium-Observer-Web-Tables-1704.xlsx,LAB2
"2,050 UK adults",1st - 3rd July 2026,,,,2050,,region,Mids,"Q:LAB2. Who do you think is better placed to improve economic opportunities in your area, such as creating good jobs, attracting investment, and supporting local businesses?",UNMATCHED,,Local mayors and councils,National government,Neither,,,,,,,,25.6,16.7,32.2,,,,,,,,VI-2026-07-01-Opinium-Observer-Web-Tables-1704.xlsx,LAB2
"2,050 UK adults",1st - 3rd July 2026,,,,2050,,region,London,"Q:LAB2. Who do you think is better placed to improve economic opportunities in your area, such as creating good jobs, attracting investment, and supporting local businesses?",UNMATCHED,,Local mayors and councils,National government,Neither,,,,,,,,31.0,27.2,19.0,,,,,,,,VI-2026-07-01-Opinium-Observer-Web-Tables-1704.xlsx,LAB2
"2,050 UK adults",1st - 3rd July 2026,,,,2050,,region,South,"Q:LAB2. Who do you think is better placed to improve economic opportunities in your area, such as creating good jobs, attracting investment, and supporting local businesses?",UNMATCHED,,Local mayors and councils,National government,Neither,,,,,,,,30.8,20.6,24.6,,,,,,,,VI-2026-07-01-Opinium-Observer-Web-Tables-1704.xlsx,LAB2
"2,050 UK adults",1st - 3rd July 2026,,,,2050,,region,Wales,"Q:LAB2. Who do you think is better placed to improve economic opportunities in your area, such as creating good jobs, attracting investment, and supporting local businesses?",UNMATCHED,,Local mayors and councils,National government,Neither,,,,,,,,29.0,23.1,17.0,,,,,,,,VI-2026-07-01-Opinium-Observer-Web-Tables-1704.xlsx,LAB2
"2,050 UK adults",1st - 3rd July 2026,,,,2050,,region,Scotland,"Q:LAB2. Who do you think is better placed to improve economic opportunities in your area, such as creating good jobs, attracting investment, and supporting local businesses?",UNMATCHED,,Local mayors and councils,National government,Neither,,,,,,,,28.0,18.5,22.7,,,,,,,,VI-2026-07-01-Opinium-Observer-Web-Tables-1704.xlsx,LAB2
"2,050 UK adults",1st - 3rd July 2026,,,,2050,,region,Northern Ireland,"Q:LAB2. Who do you think is better placed to improve economic opportunities in your area, such as creating good jobs, attracting investment, and supporting local businesses?",UNMATCHED,,Local mayors and councils,National government,Neither,,,,,,,,37.2,9.6,43.4,,,,,,,,VI-2026-07-01-Opinium-Observer-Web-Tables-1704.xlsx,LAB2
"2,050 UK adults",1st - 3rd July 2026,,,,2050,,total,Total,"Q:LAB3. Keir Starmer has announced he will be standing down as Labour leader. So far, Andy Burnham is the only person to put himself forward to replace him.In a speech on Monday, Andy Burnham outlined his vision for the UK if he were to become Prime Minister. From what you have heard, do you think overall the speech was a good or bad speech?",Leader favourability (Starmer),starmer,Very good speech,Quite a good speech,Quite a bad speech,Very bad speech,N/A - Not heard anything about this before today,,,,,,6.8,22.9,11.0,7.9,33.0,,,,,,VI-2026-07-01-Opinium-Observer-Web-Tables-1704.xlsx,LAB3
"2,050 UK adults",1st - 3rd July 2026,,,,2050,,current_vote,Con,"Q:LAB3. Keir Starmer has announced he will be standing down as Labour leader. So far, Andy Burnham is the only person to put himself forward to replace him.In a speech on Monday, Andy Burnham outlined his vision for the UK if he were to become Prime Minister. From what you have heard, do you think overall the speech was a good or bad speech?",Leader favourability (Starmer),starmer,Very good speech,Quite a good speech,Quite a bad speech,Very bad speech,N/A - Not heard anything about this before today,,,,,,5.6,21.0,16.4,12.5,24.8,,,,,,VI-2026-07-01-Opinium-Observer-Web-Tables-1704.xlsx,LAB3
"2,050 UK adults",1st - 3rd July 2026,,,,2050,,current_vote,Lab,"Q:LAB3. Keir Starmer has announced he will be standing down as Labour leader. So far, Andy Burnham is the only person to put himself forward to replace him.In a speech on Monday, Andy Burnham outlined his vision for the UK if he were to become Prime Minister. From what you have heard, do you think overall the speech was a good or bad speech?",Leader favourability (Starmer),starmer,Very good speech,Quite a good speech,Quite a bad speech,Very bad speech,N/A - Not heard anything about this before today,,,,,,21.6,43.3,5.6,0.6,17.8,,,,,,VI-2026-07-01-Opinium-Observer-Web-Tables-1704.xlsx,LAB3
"2,050 UK adults",1st - 3rd July 2026,,,,2050,,current_vote,Lib Dem,"Q:LAB3. Keir Starmer has announced he will be standing down as Labour leader. So far, Andy Burnham is the only person to put himself forward to replace him.In a speech on Monday, Andy Burnham outlined his vision for the UK if he were to become Prime Minister. From what you have heard, do you think overall the speech was a good or bad speech?",Leader favourability (Starmer),starmer,Very good speech,Quite a good speech,Quite a bad speech,Very bad speech,N/A - Not heard anything about this before today,,,,,,10.4,29.6,5.5,5.9,25.6,,,,,,VI-2026-07-01-Opinium-Observer-Web-Tables-1704.xlsx,LAB3
"2,050 UK adults",1st - 3rd July 2026,,,,2050,,current_vote,Reform,"Q:LAB3. Keir Starmer has announced he will be standing down as Labour leader. So far, Andy Burnham is the only person to put himself forward to replace him.In a speech on Monday, Andy Burnham outlined his vision for the UK if he were to become Prime Minister. From what you have heard, do you think overall the speech was a good or bad speech?",Leader favourability (Starmer),starmer,Very good speech,Quite a good speech,Quite a bad speech,Very bad speech,N/A - Not heard anything about this before today,,,,,,3.8,16.1,19.1,15.8,31.8,,,,,,VI-2026-07-01-Opinium-Observer-Web-Tables-1704.xlsx,LAB3
"2,050 UK adults",1st - 3rd July 2026,,,,2050,,current_vote,Green,"Q:LAB3. Keir Starmer has announced he will be standing down as Labour leader. So far, Andy Burnham is the only person to put himself forward to replace him.In a speech on Monday, Andy Burnham outlined his vision for the UK if he were to become Prime Minister. From what you have heard, do you think overall the speech was a good or bad speech?",Leader favourability (Starmer),starmer,Very good speech,Quite a good speech,Quite a bad speech,Very bad speech,N/A - Not heard anything about this before today,,,,,,3.8,29.3,12.3,3.4,30.1,,,,,,VI-2026-07-01-Opinium-Observer-Web-Tables-1704.xlsx,LAB3
"2,050 UK adults",1st - 3rd July 2026,,,,2050,,historic_vote,Con,"Q:LAB3. Keir Starmer has announced he will be standing down as Labour leader. So far, Andy Burnham is the only person to put himself forward to replace him.In a speech on Monday, Andy Burnham outlined his vision for the UK if he were to become Prime Minister. From what you have heard, do you think overall the speech was a good or bad speech?",Leader favourability (Starmer),starmer,Very good speech,Quite a good speech,Quite a bad speech,Very bad speech,N/A - Not heard anything about this before today,,,,,,3.7,21.6,15.4,15.9,26.3,,,,,,VI-2026-07-01-Opinium-Observer-Web-Tables-1704.xlsx,LAB3
"2,050 UK adults",1st - 3rd July 2026,,,,2050,,historic_vote,Lab,"Q:LAB3. Keir Starmer has announced he will be standing down as Labour leader. So far, Andy Burnham is the only person to put himself forward to replace him.In a speech on Monday, Andy Burnham outlined his vision for the UK if he were to become Prime Minister. From what you have heard, do you think overall the speech was a good or bad speech?",Leader favourability (Starmer),starmer,Very good speech,Quite a good speech,Quite a bad speech,Very bad speech,N/A - Not heard anything about this before today,,,,,,14.4,34.9,9.7,2.7,25.2,,,,,,VI-2026-07-01-Opinium-Observer-Web-Tables-1704.xlsx,LAB3
"2,050 UK adults",1st - 3rd July 2026,,,,2050,,historic_vote,Lib Dems,"Q:LAB3. Keir Starmer has announced he will be standing down as Labour leader. So far, Andy Burnham is the only person to put himself forward to replace him.In a speech on Monday, Andy Burnham outlined his vision for the UK if he were to become Prime Minister. From what you have heard, do you think overall the speech was a good or bad speech?",Leader favourability (Starmer),starmer,Very good speech,Quite a good speech,Quite a bad speech,Very bad speech,N/A - Not heard anything about this before today,,,,,,10.6,23.9,9.0,4.6,30.9,,,,,,VI-2026-07-01-Opinium-Observer-Web-Tables-1704.xlsx,LAB3
"2,050 UK adults",1st - 3rd July 2026,,,,2050,,historic_vote,Reform,"Q:LAB3. Keir Starmer has announced he will be standing down as Labour leader. So far, Andy Burnham is the only person to put himself forward to replace him.In a speech on Monday, Andy Burnham outlined his vision for the UK if he were to become Prime Minister. From what you have heard, do you think overall the speech was a good or bad speech?",Leader favourability (Starmer),starmer,Very good speech,Quite a good speech,Quite a bad speech,Very bad speech,N/A - Not heard anything about this before today,,,,,,4.0,12.6,19.7,16.6,33.9,,,,,,VI-2026-07-01-Opinium-Observer-Web-Tables-1704.xlsx,LAB3
"2,050 UK adults",1st - 3rd July 2026,,,,2050,,historic_vote,Green,"Q:LAB3. Keir Starmer has announced he will be standing down as Labour leader. So far, Andy Burnham is the only person to put himself forward to replace him.In a speech on Monday, Andy Burnham outlined his vision for the UK if he were to become Prime Minister. From what you have heard, do you think overall the speech was a good or bad speech?",Leader favourability (Starmer),starmer,Very good speech,Quite a good speech,Quite a bad speech,Very bad speech,N/A - Not heard anything about this before today,,,,,,4.2,27.9,10.5,5.3,33.6,,,,,,VI-2026-07-01-Opinium-Observer-Web-Tables-1704.xlsx,LAB3
"2,050 UK adults",1st - 3rd July 2026,,,,2050,,historic_vote,Con,"Q:LAB3. Keir Starmer has announced he will be standing down as Labour leader. So far, Andy Burnham is the only person to put himself forward to replace him.In a speech on Monday, Andy Burnham outlined his vision for the UK if he were to become Prime Minister. From what you have heard, do you think overall the speech was a good or bad speech?",Leader favourability (Starmer),starmer,Very good speech,Quite a good speech,Quite a bad speech,Very bad speech,N/A - Not heard anything about this before today,,,,,,4.8,18.5,17.1,14.0,28.4,,,,,,VI-2026-07-01-Opinium-Observer-Web-Tables-1704.xlsx,LAB3
"2,050 UK adults",1st - 3rd July 2026,,,,2050,,historic_vote,Lab,"Q:LAB3. Keir Starmer has announced he will be standing down as Labour leader. So far, Andy Burnham is the only person to put himself forward to replace him.In a speech on Monday, Andy Burnham outlined his vision for the UK if he were to become Prime Minister. From what you have heard, do you think overall the speech was a good or bad speech?",Leader favourability (Starmer),starmer,Very good speech,Quite a good speech,Quite a bad speech,Very bad speech,N/A - Not heard anything about this before today,,,,,,15.2,34.8,8.1,3.1,24.1,,,,,,VI-2026-07-01-Opinium-Observer-Web-Tables-1704.xlsx,LAB3
"2,050 UK adults",1st - 3rd July 2026,,,,2050,,historic_vote,Lib Dem,"Q:LAB3. Keir Starmer has announced he will be standing down as Labour leader. So far, Andy Burnham is the only person to put himself forward to replace him.In a speech on Monday, Andy Burnham outlined his vision for the UK if he were to become Prime Minister. From what you have heard, do you think overall the speech was a good or bad speech?",Leader favourability (Starmer),starmer,Very good speech,Quite a good speech,Quite a bad speech,Very bad speech,N/A - Not heard anything about this before today,,,,,,10.6,26.2,8.7,4.6,24.5,,,,,,VI-2026-07-01-Opinium-Observer-Web-Tables-1704.xlsx,LAB3
"2,050 UK adults",1st - 3rd July 2026,,,,2050,,historic_vote,Remain,"Q:LAB3. Keir Starmer has announced he will be standing down as Labour leader. So far, Andy Burnham is the only person to put himself forward to replace him.In a speech on Monday, Andy Burnham outlined his vision for the UK if he were to become Prime Minister. From what you have heard, do you think overall the speech was a good or bad speech?",Leader favourability (Starmer),starmer,Very good speech,Quite a good speech,Quite a bad speech,Very bad speech,N/A - Not heard anything about this before today,,,,,,9.6,30.2,6.9,6.2,28.4,,,,,,VI-2026-07-01-Opinium-Observer-Web-Tables-1704.xlsx,LAB3
"2,050 UK adults",1st - 3rd July 2026,,,,2050,,historic_vote,Leave,"Q:LAB3. Keir Starmer has announced he will be standing down as Labour leader. So far, Andy Burnham is the only person to put himself forward to replace him.In a speech on Monday, Andy Burnham outlined his vision for the UK if he were to become Prime Minister. From what you have heard, do you think overall the speech was a good or bad speech?",Leader favourability (Starmer),starmer,Very good speech,Quite a good speech,Quite a bad speech,Very bad speech,N/A - Not heard anything about this before today,,,,,,5.6,16.1,17.1,12.6,31.7,,,,,,VI-2026-07-01-Opinium-Observer-Web-Tables-1704.xlsx,LAB3
"2,050 UK adults",1st - 3rd July 2026,,,,2050,,gender,Male,"Q:LAB3. Keir Starmer has announced he will be standing down as Labour leader. So far, Andy Burnham is the only person to put himself forward to replace him.In a speech on Monday, Andy Burnham outlined his vision for the UK if he were to become Prime Minister. From what you have heard, do you think overall the speech was a good or bad speech?",Leader favourability (Starmer),starmer,Very good speech,Quite a good speech,Quite a bad speech,Very bad speech,N/A - Not heard anything about this before today,,,,,,7.2,25.4,13.6,9.5,28.0,,,,,,VI-2026-07-01-Opinium-Observer-Web-Tables-1704.xlsx,LAB3
"2,050 UK adults",1st - 3rd July 2026,,,,2050,,gender,Female,"Q:LAB3. Keir Starmer has announced he will be standing down as Labour leader. So far, Andy Burnham is the only person to put himself forward to replace him.In a speech on Monday, Andy Burnham outlined his vision for the UK if he were to become Prime Minister. From what you have heard, do you think overall the speech was a good or bad speech?",Leader favourability (Starmer),starmer,Very good speech,Quite a good speech,Quite a bad speech,Very bad speech,N/A - Not heard anything about this before today,,,,,,6.4,20.7,8.7,6.5,37.5,,,,,,VI-2026-07-01-Opinium-Observer-Web-Tables-1704.xlsx,LAB3
"2,050 UK adults",1st - 3rd July 2026,,,,2050,,age,18-34,"Q:LAB3. Keir Starmer has announced he will be standing down as Labour leader. So far, Andy Burnham is the only person to put himself forward to replace him.In a speech on Monday, Andy Burnham outlined his vision for the UK if he were to become Prime Minister. From what you have heard, do you think overall the speech was a good or bad speech?",Leader favourability (Starmer),starmer,Very good speech,Quite a good speech,Quite a bad speech,Very bad speech,N/A - Not heard anything about this before today,,,,,,9.6,27.8,10.7,5.7,29.7,,,,,,VI-2026-07-01-Opinium-Observer-Web-Tables-1704.xlsx,LAB3
"2,050 UK adults",1st - 3rd July 2026,,,,2050,,age,35-49,"Q:LAB3. Keir Starmer has announced he will be standing down as Labour leader. So far, Andy Burnham is the only person to put himself forward to replace him.In a speech on Monday, Andy Burnham outlined his vision for the UK if he were to become Prime Minister. From what you have heard, do you think overall the speech was a good or bad speech?",Leader favourability (Starmer),starmer,Very good speech,Quite a good speech,Quite a bad speech,Very bad speech,N/A - Not heard anything about this before today,,,,,,8.0,23.2,11.0,6.7,34.3,,,,,,VI-2026-07-01-Opinium-Observer-Web-Tables-1704.xlsx,LAB3
"2,050 UK adults",1st - 3rd July 2026,,,,2050,,age,50-64,"Q:LAB3. Keir Starmer has announced he will be standing down as Labour leader. So far, Andy Burnham is the only person to put himself forward to replace him.In a speech on Monday, Andy Burnham outlined his vision for the UK if he were to become Prime Minister. From what you have heard, do you think overall the speech was a good or bad speech?",Leader favourability (Starmer),starmer,Very good speech,Quite a good speech,Quite a bad speech,Very bad speech,N/A - Not heard anything about this before today,,,,,,5.4,21.2,9.1,7.5,38.0,,,,,,VI-2026-07-01-Opinium-Observer-Web-Tables-1704.xlsx,LAB3
"2,050 UK adults",1st - 3rd July 2026,,,,2050,,age,65+,"Q:LAB3. Keir Starmer has announced he will be standing down as Labour leader. So far, Andy Burnham is the only person to put himself forward to replace him.In a speech on Monday, Andy Burnham outlined his vision for the UK if he were to become Prime Minister. From what you have heard, do you think overall the speech was a good or bad speech?",Leader favourability (Starmer),starmer,Very good speech,Quite a good speech,Quite a bad speech,Very bad speech,N/A - Not heard anything about this before today,,,,,,3.7,18.8,13.4,12.0,30.3,,,,,,VI-2026-07-01-Opinium-Observer-Web-Tables-1704.xlsx,LAB3
"2,050 UK adults",1st - 3rd July 2026,,,,2050,,region,North,"Q:LAB3. Keir Starmer has announced he will be standing down as Labour leader. So far, Andy Burnham is the only person to put himself forward to replace him.In a speech on Monday, Andy Burnham outlined his vision for the UK if he were to become Prime Minister. From what you have heard, do you think overall the speech was a good or bad speech?",Leader favourability (Starmer),starmer,Very good speech,Quite a good speech,Quite a bad speech,Very bad speech,N/A - Not heard anything about this before today,,,,,,8.6,26.2,11.8,6.6,30.0,,,,,,VI-2026-07-01-Opinium-Observer-Web-Tables-1704.xlsx,LAB3
"2,050 UK adults",1st - 3rd July 2026,,,,2050,,region,Mids,"Q:LAB3. Keir Starmer has announced he will be standing down as Labour leader. So far, Andy Burnham is the only person to put himself forward to replace him.In a speech on Monday, Andy Burnham outlined his vision for the UK if he were to become Prime Minister. From what you have heard, do you think overall the speech was a good or bad speech?",Leader favourability (Starmer),starmer,Very good speech,Quite a good speech,Quite a bad speech,Very bad speech,N/A - Not heard anything about this before today,,,,,,3.8,22.1,12.0,6.2,36.7,,,,,,VI-2026-07-01-Opinium-Observer-Web-Tables-1704.xlsx,LAB3
"2,050 UK adults",1st - 3rd July 2026,,,,2050,,region,London,"Q:LAB3. Keir Starmer has announced he will be standing down as Labour leader. So far, Andy Burnham is the only person to put himself forward to replace him.In a speech on Monday, Andy Burnham outlined his vision for the UK if he were to become Prime Minister. From what you have heard, do you think overall the speech was a good or bad speech?",Leader favourability (Starmer),starmer,Very good speech,Quite a good speech,Quite a bad speech,Very bad speech,N/A - Not heard anything about this before today,,,,,,8.6,25.2,11.6,7.1,26.2,,,,,,VI-2026-07-01-Opinium-Observer-Web-Tables-1704.xlsx,LAB3
"2,050 UK adults",1st - 3rd July 2026,,,,2050,,region,South,"Q:LAB3. Keir Starmer has announced he will be standing down as Labour leader. So far, Andy Burnham is the only person to put himself forward to replace him.In a speech on Monday, Andy Burnham outlined his vision for the UK if he were to become Prime Minister. From what you have heard, do you think overall the speech was a good or bad speech?",Leader favourability (Starmer),starmer,Very good speech,Quite a good speech,Quite a bad speech,Very bad speech,N/A - Not heard anything about this before today,,,,,,7.1,21.8,11.2,8.6,32.4,,,,,,VI-2026-07-01-Opinium-Observer-Web-Tables-1704.xlsx,LAB3
"2,050 UK adults",1st - 3rd July 2026,,,,2050,,region,Wales,"Q:LAB3. Keir Starmer has announced he will be standing down as Labour leader. So far, Andy Burnham is the only person to put himself forward to replace him.In a speech on Monday, Andy Burnham outlined his vision for the UK if he were to become Prime Minister. From what you have heard, do you think overall the speech was a good or bad speech?",Leader favourability (Starmer),starmer,Very good speech,Quite a good speech,Quite a bad speech,Very bad speech,N/A - Not heard anything about this before today,,,,,,5.0,26.3,7.4,9.2,38.4,,,,,,VI-2026-07-01-Opinium-Observer-Web-Tables-1704.xlsx,LAB3
"2,050 UK adults",1st - 3rd July 2026,,,,2050,,region,Scotland,"Q:LAB3. Keir Starmer has announced he will be standing down as Labour leader. So far, Andy Burnham is the only person to put himself forward to replace him.In a speech on Monday, Andy Burnham outlined his vision for the UK if he were to become Prime Minister. From what you have heard, do you think overall the speech was a good or bad speech?",Leader favourability (Starmer),starmer,Very good speech,Quite a good speech,Quite a bad speech,Very bad speech,N/A - Not heard anything about this before today,,,,,,4.7,18.4,9.2,10.5,39.3,,,,,,VI-2026-07-01-Opinium-Observer-Web-Tables-1704.xlsx,LAB3
"2,050 UK adults",1st - 3rd July 2026,,,,2050,,region,Northern Ireland,"Q:LAB3. Keir Starmer has announced he will be standing down as Labour leader. So far, Andy Burnham is the only person to put himself forward to replace him.In a speech on Monday, Andy Burnham outlined his vision for the UK if he were to become Prime Minister. From what you have heard, do you think overall the speech was a good or bad speech?",Leader favourability (Starmer),starmer,Very good speech,Quite a good speech,Quite a bad speech,Very bad speech,N/A - Not heard anything about this before today,,,,,,5.7,8.9,5.2,14.1,48.9,,,,,,VI-2026-07-01-Opinium-Observer-Web-Tables-1704.xlsx,LAB3
"2,050 UK adults",1st - 3rd July 2026,,,,2050,,total,Total,"Q:LAB4. From what you have heard, do you think Andy Burnham has the right or wrong ideas for the UK’s future?",Leader favourability (Burnham),burnham,Definitely the right ideas,Probably the right ideas,Probably the wrong ideas,Definitely the wrong ideas,N/A - I have not heard any of his ideas,,,,,,7.7,24.5,12.7,12.0,27.5,,,,,,VI-2026-07-01-Opinium-Observer-Web-Tables-1704.xlsx,LAB4
"2,050 UK adults",1st - 3rd July 2026,,,,2050,,current_vote,Con,"Q:LAB4. From what you have heard, do you think Andy Burnham has the right or wrong ideas for the UK’s future?",Leader favourability (Burnham),burnham,Definitely the right ideas,Probably the right ideas,Probably the wrong ideas,Definitely the wrong ideas,N/A - I have not heard any of his ideas,,,,,,7.8,20.2,19.1,17.8,19.5,,,,,,VI-2026-07-01-Opinium-Observer-Web-Tables-1704.xlsx,LAB4
"2,050 UK adults",1st - 3rd July 2026,,,,2050,,current_vote,Lab,"Q:LAB4. From what you have heard, do you think Andy Burnham has the right or wrong ideas for the UK’s future?",Leader favourability (Burnham),burnham,Definitely the right ideas,Probably the right ideas,Probably the wrong ideas,Definitely the wrong ideas,N/A - I have not heard any of his ideas,,,,,,24.2,47.2,6.6,0.7,11.9,,,,,,VI-2026-07-01-Opinium-Observer-Web-Tables-1704.xlsx,LAB4
"2,050 UK adults",1st - 3rd July 2026,,,,2050,,current_vote,Lib Dem,"Q:LAB4. From what you have heard, do you think Andy Burnham has the right or wrong ideas for the UK’s future?",Leader favourability (Burnham),burnham,Definitely the right ideas,Probably the right ideas,Probably the wrong ideas,Definitely the wrong ideas,N/A - I have not heard any of his ideas,,,,,,6.5,29.2,7.7,6.4,32.1,,,,,,VI-2026-07-01-Opinium-Observer-Web-Tables-1704.xlsx,LAB4
"2,050 UK adults",1st - 3rd July 2026,,,,2050,,current_vote,Reform,"Q:LAB4. From what you have heard, do you think Andy Burnham has the right or wrong ideas for the UK’s future?",Leader favourability (Burnham),burnham,Definitely the right ideas,Probably the right ideas,Probably the wrong ideas,Definitely the wrong ideas,N/A - I have not heard any of his ideas,,,,,,3.7,16.8,19.9,27.2,20.4,,,,,,VI-2026-07-01-Opinium-Observer-Web-Tables-1704.xlsx,LAB4
"2,050 UK adults",1st - 3rd July 2026,,,,2050,,current_vote,Green,"Q:LAB4. From what you have heard, do you think Andy Burnham has the right or wrong ideas for the UK’s future?",Leader favourability (Burnham),burnham,Definitely the right ideas,Probably the right ideas,Probably the wrong ideas,Definitely the wrong ideas,N/A - I have not heard any of his ideas,,,,,,3.4,43.1,11.8,5.1,24.7,,,,,,VI-2026-07-01-Opinium-Observer-Web-Tables-1704.xlsx,LAB4
"2,050 UK adults",1st - 3rd July 2026,,,,2050,,historic_vote,Con,"Q:LAB4. From what you have heard, do you think Andy Burnham has the right or wrong ideas for the UK’s future?",Leader favourability (Burnham),burnham,Definitely the right ideas,Probably the right ideas,Probably the wrong ideas,Definitely the wrong ideas,N/A - I have not heard any of his ideas,,,,,,5.3,20.0,18.9,25.2,18.5,,,,,,VI-2026-07-01-Opinium-Observer-Web-Tables-1704.xlsx,LAB4
"2,050 UK adults",1st - 3rd July 2026,,,,2050,,historic_vote,Lab,"Q:LAB4. From what you have heard, do you think Andy Burnham has the right or wrong ideas for the UK’s future?",Leader favourability (Burnham),burnham,Definitely the right ideas,Probably the right ideas,Probably the wrong ideas,Definitely the wrong ideas,N/A - I have not heard any of his ideas,,,,,,16.4,38.6,8.0,5.0,19.5,,,,,,VI-2026-07-01-Opinium-Observer-Web-Tables-1704.xlsx,LAB4
"2,050 UK adults",1st - 3rd July 2026,,,,2050,,historic_vote,Lib Dems,"Q:LAB4. From what you have heard, do you think Andy Burnham has the right or wrong ideas for the UK’s future?",Leader favourability (Burnham),burnham,Definitely the right ideas,Probably the right ideas,Probably the wrong ideas,Definitely the wrong ideas,N/A - I have not heard any of his ideas,,,,,,7.4,27.6,8.4,8.7,29.0,,,,,,VI-2026-07-01-Opinium-Observer-Web-Tables-1704.xlsx,LAB4
"2,050 UK adults",1st - 3rd July 2026,,,,2050,,historic_vote,Reform,"Q:LAB4. From what you have heard, do you think Andy Burnham has the right or wrong ideas for the UK’s future?",Leader favourability (Burnham),burnham,Definitely the right ideas,Probably the right ideas,Probably the wrong ideas,Definitely the wrong ideas,N/A - I have not heard any of his ideas,,,,,,4.1,11.5,16.7,27.7,26.4,,,,,,VI-2026-07-01-Opinium-Observer-Web-Tables-1704.xlsx,LAB4
"2,050 UK adults",1st - 3rd July 2026,,,,2050,,historic_vote,Green,"Q:LAB4. From what you have heard, do you think Andy Burnham has the right or wrong ideas for the UK’s future?",Leader favourability (Burnham),burnham,Definitely the right ideas,Probably the right ideas,Probably the wrong ideas,Definitely the wrong ideas,N/A - I have not heard any of his ideas,,,,,,3.1,33.4,15.9,5.8,28.5,,,,,,VI-2026-07-01-Opinium-Observer-Web-Tables-1704.xlsx,LAB4
"2,050 UK adults",1st - 3rd July 2026,,,,2050,,historic_vote,Con,"Q:LAB4. From what you have heard, do you think Andy Burnham has the right or wrong ideas for the UK’s future?",Leader favourability (Burnham),burnham,Definitely the right ideas,Probably the right ideas,Probably the wrong ideas,Definitely the wrong ideas,N/A - I have not heard any of his ideas,,,,,,5.2,18.4,17.3,23.2,21.7,,,,,,VI-2026-07-01-Opinium-Observer-Web-Tables-1704.xlsx,LAB4
"2,050 UK adults",1st - 3rd July 2026,,,,2050,,historic_vote,Lab,"Q:LAB4. From what you have heard, do you think Andy Burnham has the right or wrong ideas for the UK’s future?",Leader favourability (Burnham),burnham,Definitely the right ideas,Probably the right ideas,Probably the wrong ideas,Definitely the wrong ideas,N/A - I have not heard any of his ideas,,,,,,15.9,39.8,7.4,5.7,19.1,,,,,,VI-2026-07-01-Opinium-Observer-Web-Tables-1704.xlsx,LAB4
"2,050 UK adults",1st - 3rd July 2026,,,,2050,,historic_vote,Lib Dem,"Q:LAB4. From what you have heard, do you think Andy Burnham has the right or wrong ideas for the UK’s future?",Leader favourability (Burnham),burnham,Definitely the right ideas,Probably the right ideas,Probably the wrong ideas,Definitely the wrong ideas,N/A - I have not heard any of his ideas,,,,,,8.5,29.6,5.7,7.3,28.2,,,,,,VI-2026-07-01-Opinium-Observer-Web-Tables-1704.xlsx,LAB4
"2,050 UK adults",1st - 3rd July 2026,,,,2050,,historic_vote,Remain,"Q:LAB4. From what you have heard, do you think Andy Burnham has the right or wrong ideas for the UK’s future?",Leader favourability (Burnham),burnham,Definitely the right ideas,Probably the right ideas,Probably the wrong ideas,Definitely the wrong ideas,N/A - I have not heard any of his ideas,,,,,,10.8,32.9,9.2,7.5,24.5,,,,,,VI-2026-07-01-Opinium-Observer-Web-Tables-1704.xlsx,LAB4
"2,050 UK adults",1st - 3rd July 2026,,,,2050,,historic_vote,Leave,"Q:LAB4. From what you have heard, do you think Andy Burnham has the right or wrong ideas for the UK’s future?",Leader favourability (Burnham),burnham,Definitely the right ideas,Probably the right ideas,Probably the wrong ideas,Definitely the wrong ideas,N/A - I have not heard any of his ideas,,,,,,5.7,17.9,15.9,22.9,24.4,,,,,,VI-2026-07-01-Opinium-Observer-Web-Tables-1704.xlsx,LAB4
"2,050 UK adults",1st - 3rd July 2026,,,,2050,,gender,Male,"Q:LAB4. From what you have heard, do you think Andy Burnham has the right or wrong ideas for the UK’s future?",Leader favourability (Burnham),burnham,Definitely the right ideas,Probably the right ideas,Probably the wrong ideas,Definitely the wrong ideas,N/A - I have not heard any of his ideas,,,,,,7.6,27.1,13.9,14.6,23.0,,,,,,VI-2026-07-01-Opinium-Observer-Web-Tables-1704.xlsx,LAB4
"2,050 UK adults",1st - 3rd July 2026,,,,2050,,gender,Female,"Q:LAB4. From what you have heard, do you think Andy Burnham has the right or wrong ideas for the UK’s future?",Leader favourability (Burnham),burnham,Definitely the right ideas,Probably the right ideas,Probably the wrong ideas,Definitely the wrong ideas,N/A - I have not heard any of his ideas,,,,,,7.8,22.3,11.7,9.7,31.4,,,,,,VI-2026-07-01-Opinium-Observer-Web-Tables-1704.xlsx,LAB4
"2,050 UK adults",1st - 3rd July 2026,,,,2050,,age,18-34,"Q:LAB4. From what you have heard, do you think Andy Burnham has the right or wrong ideas for the UK’s future?",Leader favourability (Burnham),burnham,Definitely the right ideas,Probably the right ideas,Probably the wrong ideas,Definitely the wrong ideas,N/A - I have not heard any of his ideas,,,,,,11.2,29.3,13.6,6.4,25.3,,,,,,VI-2026-07-01-Opinium-Observer-Web-Tables-1704.xlsx,LAB4
"2,050 UK adults",1st - 3rd July 2026,,,,2050,,age,35-49,"Q:LAB4. From what you have heard, do you think Andy Burnham has the right or wrong ideas for the UK’s future?",Leader favourability (Burnham),burnham,Definitely the right ideas,Probably the right ideas,Probably the wrong ideas,Definitely the wrong ideas,N/A - I have not heard any of his ideas,,,,,,7.4,27.2,11.1,9.8,26.6,,,,,,VI-2026-07-01-Opinium-Observer-Web-Tables-1704.xlsx,LAB4
"2,050 UK adults",1st - 3rd July 2026,,,,2050,,age,50-64,"Q:LAB4. From what you have heard, do you think Andy Burnham has the right or wrong ideas for the UK’s future?",Leader favourability (Burnham),burnham,Definitely the right ideas,Probably the right ideas,Probably the wrong ideas,Definitely the wrong ideas,N/A - I have not heard any of his ideas,,,,,,7.2,22.3,12.1,13.8,28.7,,,,,,VI-2026-07-01-Opinium-Observer-Web-Tables-1704.xlsx,LAB4
"2,050 UK adults",1st - 3rd July 2026,,,,2050,,age,65+,"Q:LAB4. From what you have heard, do you think Andy Burnham has the right or wrong ideas for the UK’s future?",Leader favourability (Burnham),burnham,Definitely the right ideas,Probably the right ideas,Probably the wrong ideas,Definitely the wrong ideas,N/A - I have not heard any of his ideas,,,,,,4.5,18.5,14.0,18.7,29.7,,,,,,VI-2026-07-01-Opinium-Observer-Web-Tables-1704.xlsx,LAB4
"2,050 UK adults",1st - 3rd July 2026,,,,2050,,region,North,"Q:LAB4. From what you have heard, do you think Andy Burnham has the right or wrong ideas for the UK’s future?",Leader favourability (Burnham),burnham,Definitely the right ideas,Probably the right ideas,Probably the wrong ideas,Definitely the wrong ideas,N/A - I have not heard any of his ideas,,,,,,10.1,27.6,11.9,10.1,23.3,,,,,,VI-2026-07-01-Opinium-Observer-Web-Tables-1704.xlsx,LAB4
"2,050 UK adults",1st - 3rd July 2026,,,,2050,,region,Mids,"Q:LAB4. From what you have heard, do you think Andy Burnham has the right or wrong ideas for the UK’s future?",Leader favourability (Burnham),burnham,Definitely the right ideas,Probably the right ideas,Probably the wrong ideas,Definitely the wrong ideas,N/A - I have not heard any of his ideas,,,,,,5.4,21.5,13.9,13.4,31.2,,,,,,VI-2026-07-01-Opinium-Observer-Web-Tables-1704.xlsx,LAB4
"2,050 UK adults",1st - 3rd July 2026,,,,2050,,region,London,"Q:LAB4. From what you have heard, do you think Andy Burnham has the right or wrong ideas for the UK’s future?",Leader favourability (Burnham),burnham,Definitely the right ideas,Probably the right ideas,Probably the wrong ideas,Definitely the wrong ideas,N/A - I have not heard any of his ideas,,,,,,8.4,29.2,11.7,10.3,22.8,,,,,,VI-2026-07-01-Opinium-Observer-Web-Tables-1704.xlsx,LAB4
"2,050 UK adults",1st - 3rd July 2026,,,,2050,,region,South,"Q:LAB4. From what you have heard, do you think Andy Burnham has the right or wrong ideas for the UK’s future?",Leader favourability (Burnham),burnham,Definitely the right ideas,Probably the right ideas,Probably the wrong ideas,Definitely the wrong ideas,N/A - I have not heard any of his ideas,,,,,,6.9,24.7,12.1,13.2,28.9,,,,,,VI-2026-07-01-Opinium-Observer-Web-Tables-1704.xlsx,LAB4
"2,050 UK adults",1st - 3rd July 2026,,,,2050,,region,Wales,"Q:LAB4. From what you have heard, do you think Andy Burnham has the right or wrong ideas for the UK’s future?",Leader favourability (Burnham),burnham,Definitely the right ideas,Probably the right ideas,Probably the wrong ideas,Definitely the wrong ideas,N/A - I have not heard any of his ideas,,,,,,10.5,22.5,15.8,11.5,28.8,,,,,,VI-2026-07-01-Opinium-Observer-Web-Tables-1704.xlsx,LAB4
"2,050 UK adults",1st - 3rd July 2026,,,,2050,,region,Scotland,"Q:LAB4. From what you have heard, do you think Andy Burnham has the right or wrong ideas for the UK’s future?",Leader favourability (Burnham),burnham,Definitely the right ideas,Probably the right ideas,Probably the wrong ideas,Definitely the wrong ideas,N/A - I have not heard any of his ideas,,,,,,7.6,19.4,14.9,9.1,31.5,,,,,,VI-2026-07-01-Opinium-Observer-Web-Tables-1704.xlsx,LAB4
"2,050 UK adults",1st - 3rd July 2026,,,,2050,,region,Northern Ireland,"Q:LAB4. From what you have heard, do you think Andy Burnham has the right or wrong ideas for the UK’s future?",Leader favourability (Burnham),burnham,Definitely the right ideas,Probably the right ideas,Probably the wrong ideas,Definitely the wrong ideas,N/A - I have not heard any of his ideas,,,,,,1.7,8.5,13.6,22.1,33.1,,,,,,VI-2026-07-01-Opinium-Observer-Web-Tables-1704.xlsx,LAB4
"2,050 UK adults",1st - 3rd July 2026,,,,2050,,total,"Giving local councils and regional mayors more power to make decisions, instead of decisions being made in Whitehall.","Q:LAB5. Thinking about the following proposals made by Andy Burnham is his speech on Monday, do you think each would be a good idea or a bad idea for the UK?",Leader favourability (Burnham),burnham,Very good idea,Fairly good idea,Neither a good nor a bad idea,Fairly bad idea,Very bad idea,,,,,,17.4,31.9,23.8,7.2,5.1,,,,,,VI-2026-07-01-Opinium-Observer-Web-Tables-1704.xlsx,Summary LAB5
"2,050 UK adults",1st - 3rd July 2026,,,,2050,,total,"Prioritising economic growth across all parts of the UK, rather than concentrating investment in London and the South East.","Q:LAB5. Thinking about the following proposals made by Andy Burnham is his speech on Monday, do you think each would be a good idea or a bad idea for the UK?",Leader favourability (Burnham),burnham,Very good idea,Fairly good idea,Neither a good nor a bad idea,Fairly bad idea,Very bad idea,,,,,,33.3,29.0,18.4,4.0,3.3,,,,,,VI-2026-07-01-Opinium-Observer-Web-Tables-1704.xlsx,Summary LAB5
"2,050 UK adults",1st - 3rd July 2026,,,,2050,,total,Making technical and vocational qualifications equally as valued as university degrees.,"Q:LAB5. Thinking about the following proposals made by Andy Burnham is his speech on Monday, do you think each would be a good idea or a bad idea for the UK?",Leader favourability (Burnham),burnham,Very good idea,Fairly good idea,Neither a good nor a bad idea,Fairly bad idea,Very bad idea,,,,,,29.6,29.5,19.4,4.6,3.5,,,,,,VI-2026-07-01-Opinium-Observer-Web-Tables-1704.xlsx,Summary LAB5
"2,050 UK adults",1st - 3rd July 2026,,,,2050,,total,Total,"Q:LAB5. Thinking about the following proposals made by Andy Burnham is his speech on Monday, do you think each would be a good idea or a bad idea for the UK?
 Giving local councils and regional mayors more power to make decisions, instead of decisions being made in Whitehall.",Leader favourability (Burnham),burnham,Very good idea,Fairly good idea,Neither a good nor a bad idea,Fairly bad idea,Very bad idea,,,,,,17.4,31.9,23.8,7.2,5.1,,,,,,VI-2026-07-01-Opinium-Observer-Web-Tables-1704.xlsx,LAB5
"2,050 UK adults",1st - 3rd July 2026,,,,2050,,current_vote,Con,"Q:LAB5. Thinking about the following proposals made by Andy Burnham is his speech on Monday, do you think each would be a good idea or a bad idea for the UK?
 Giving local councils and regional mayors more power to make decisions, instead of decisions being made in Whitehall.",Leader favourability (Burnham),burnham,Very good idea,Fairly good idea,Neither a good nor a bad idea,Fairly bad idea,Very bad idea,,,,,,13.5,30.3,29.7,12.9,5.9,,,,,,VI-2026-07-01-Opinium-Observer-Web-Tables-1704.xlsx,LAB5
"2,050 UK adults",1st - 3rd July 2026,,,,2050,,current_vote,Lab,"Q:LAB5. Thinking about the following proposals made by Andy Burnham is his speech on Monday, do you think each would be a good idea or a bad idea for the UK?
 Giving local councils and regional mayors more power to make decisions, instead of decisions being made in Whitehall.",Leader favourability (Burnham),burnham,Very good idea,Fairly good idea,Neither a good nor a bad idea,Fairly bad idea,Very bad idea,,,,,,33.6,36.8,20.3,4.3,0.6,,,,,,VI-2026-07-01-Opinium-Observer-Web-Tables-1704.xlsx,LAB5
"2,050 UK adults",1st - 3rd July 2026,,,,2050,,current_vote,Lib Dem,"Q:LAB5. Thinking about the following proposals made by Andy Burnham is his speech on Monday, do you think each would be a good idea or a bad idea for the UK?
 Giving local councils and regional mayors more power to make decisions, instead of decisions being made in Whitehall.",Leader favourability (Burnham),burnham,Very good idea,Fairly good idea,Neither a good nor a bad idea,Fairly bad idea,Very bad idea,,,,,,17.8,42.3,20.7,5.5,2.9,,,,,,VI-2026-07-01-Opinium-Observer-Web-Tables-1704.xlsx,LAB5
"2,050 UK adults",1st - 3rd July 2026,,,,2050,,current_vote,Reform,"Q:LAB5. Thinking about the following proposals made by Andy Burnham is his speech on Monday, do you think each would be a good idea or a bad idea for the UK?
 Giving local councils and regional mayors more power to make decisions, instead of decisions being made in Whitehall.",Leader favourability (Burnham),burnham,Very good idea,Fairly good idea,Neither a good nor a bad idea,Fairly bad idea,Very bad idea,,,,,,14.4,27.5,26.8,9.7,12.0,,,,,,VI-2026-07-01-Opinium-Observer-Web-Tables-1704.xlsx,LAB5
"2,050 UK adults",1st - 3rd July 2026,,,,2050,,current_vote,Green,"Q:LAB5. Thinking about the following proposals made by Andy Burnham is his speech on Monday, do you think each would be a good idea or a bad idea for the UK?
 Giving local councils and regional mayors more power to make decisions, instead of decisions being made in Whitehall.",Leader favourability (Burnham),burnham,Very good idea,Fairly good idea,Neither a good nor a bad idea,Fairly bad idea,Very bad idea,,,,,,23.5,42.7,16.1,2.9,1.9,,,,,,VI-2026-07-01-Opinium-Observer-Web-Tables-1704.xlsx,LAB5
"2,050 UK adults",1st - 3rd July 2026,,,,2050,,historic_vote,Con,"Q:LAB5. Thinking about the following proposals made by Andy Burnham is his speech on Monday, do you think each would be a good idea or a bad idea for the UK?
 Giving local councils and regional mayors more power to make decisions, instead of decisions being made in Whitehall.",Leader favourability (Burnham),burnham,Very good idea,Fairly good idea,Neither a good nor a bad idea,Fairly bad idea,Very bad idea,,,,,,12.6,30.6,28.3,12.6,8.7,,,,,,VI-2026-07-01-Opinium-Observer-Web-Tables-1704.xlsx,LAB5
"2,050 UK adults",1st - 3rd July 2026,,,,2050,,historic_vote,Lab,"Q:LAB5. Thinking about the following proposals made by Andy Burnham is his speech on Monday, do you think each would be a good idea or a bad idea for the UK?
 Giving local councils and regional mayors more power to make decisions, instead of decisions being made in Whitehall.",Leader favourability (Burnham),burnham,Very good idea,Fairly good idea,Neither a good nor a bad idea,Fairly bad idea,Very bad idea,,,,,,32.0,38.9,15.8,3.7,1.4,,,,,,VI-2026-07-01-Opinium-Observer-Web-Tables-1704.xlsx,LAB5
"2,050 UK adults",1st - 3rd July 2026,,,,2050,,historic_vote,Lib Dems,"Q:LAB5. Thinking about the following proposals made by Andy Burnham is his speech on Monday, do you think each would be a good idea or a bad idea for the UK?
 Giving local councils and regional mayors more power to make decisions, instead of decisions being made in Whitehall.",Leader favourability (Burnham),burnham,Very good idea,Fairly good idea,Neither a good nor a bad idea,Fairly bad idea,Very bad idea,,,,,,15.6,44.9,22.7,2.6,3.2,,,,,,VI-2026-07-01-Opinium-Observer-Web-Tables-1704.xlsx,LAB5
"2,050 UK adults",1st - 3rd July 2026,,,,2050,,historic_vote,Reform,"Q:LAB5. Thinking about the following proposals made by Andy Burnham is his speech on Monday, do you think each would be a good idea or a bad idea for the UK?
 Giving local councils and regional mayors more power to make decisions, instead of decisions being made in Whitehall.",Leader favourability (Burnham),burnham,Very good idea,Fairly good idea,Neither a good nor a bad idea,Fairly bad idea,Very bad idea,,,,,,15.5,26.0,22.0,11.7,14.4,,,,,,VI-2026-07-01-Opinium-Observer-Web-Tables-1704.xlsx,LAB5
"2,050 UK adults",1st - 3rd July 2026,,,,2050,,historic_vote,Green,"Q:LAB5. Thinking about the following proposals made by Andy Burnham is his speech on Monday, do you think each would be a good idea or a bad idea for the UK?
 Giving local councils and regional mayors more power to make decisions, instead of decisions being made in Whitehall.",Leader favourability (Burnham),burnham,Very good idea,Fairly good idea,Neither a good nor a bad idea,Fairly bad idea,Very bad idea,,,,,,16.3,32.6,28.0,6.4,2.0,,,,,,VI-2026-07-01-Opinium-Observer-Web-Tables-1704.xlsx,LAB5
"2,050 UK adults",1st - 3rd July 2026,,,,2050,,historic_vote,Con,"Q:LAB5. Thinking about the following proposals made by Andy Burnham is his speech on Monday, do you think each would be a good idea or a bad idea for the UK?
 Giving local councils and regional mayors more power to make decisions, instead of decisions being made in Whitehall.",Leader favourability (Burnham),burnham,Very good idea,Fairly good idea,Neither a good nor a bad idea,Fairly bad idea,Very bad idea,,,,,,14.3,31.3,26.6,11.0,8.8,,,,,,VI-2026-07-01-Opinium-Observer-Web-Tables-1704.xlsx,LAB5
"2,050 UK adults",1st - 3rd July 2026,,,,2050,,historic_vote,Lab,"Q:LAB5. Thinking about the following proposals made by Andy Burnham is his speech on Monday, do you think each would be a good idea or a bad idea for the UK?
 Giving local councils and regional mayors more power to make decisions, instead of decisions being made in Whitehall.",Leader favourability (Burnham),burnham,Very good idea,Fairly good idea,Neither a good nor a bad idea,Fairly bad idea,Very bad idea,,,,,,27.8,39.2,19.5,2.7,2.5,,,,,,VI-2026-07-01-Opinium-Observer-Web-Tables-1704.xlsx,LAB5
"2,050 UK adults",1st - 3rd July 2026,,,,2050,,historic_vote,Lib Dem,"Q:LAB5. Thinking about the following proposals made by Andy Burnham is his speech on Monday, do you think each would be a good idea or a bad idea for the UK?
 Giving local councils and regional mayors more power to make decisions, instead of decisions being made in Whitehall.",Leader favourability (Burnham),burnham,Very good idea,Fairly good idea,Neither a good nor a bad idea,Fairly bad idea,Very bad idea,,,,,,26.4,34.8,21.1,5.8,3.5,,,,,,VI-2026-07-01-Opinium-Observer-Web-Tables-1704.xlsx,LAB5
"2,050 UK adults",1st - 3rd July 2026,,,,2050,,historic_vote,Remain,"Q:LAB5. Thinking about the following proposals made by Andy Burnham is his speech on Monday, do you think each would be a good idea or a bad idea for the UK?
 Giving local councils and regional mayors more power to make decisions, instead of decisions being made in Whitehall.",Leader favourability (Burnham),burnham,Very good idea,Fairly good idea,Neither a good nor a bad idea,Fairly bad idea,Very bad idea,,,,,,21.0,37.7,21.0,5.6,3.4,,,,,,VI-2026-07-01-Opinium-Observer-Web-Tables-1704.xlsx,LAB5
"2,050 UK adults",1st - 3rd July 2026,,,,2050,,historic_vote,Leave,"Q:LAB5. Thinking about the following proposals made by Andy Burnham is his speech on Monday, do you think each would be a good idea or a bad idea for the UK?
 Giving local councils and regional mayors more power to make decisions, instead of decisions being made in Whitehall.",Leader favourability (Burnham),burnham,Very good idea,Fairly good idea,Neither a good nor a bad idea,Fairly bad idea,Very bad idea,,,,,,17.5,26.9,25.0,10.2,8.7,,,,,,VI-2026-07-01-Opinium-Observer-Web-Tables-1704.xlsx,LAB5
"2,050 UK adults",1st - 3rd July 2026,,,,2050,,gender,Male,"Q:LAB5. Thinking about the following proposals made by Andy Burnham is his speech on Monday, do you think each would be a good idea or a bad idea for the UK?
 Giving local councils and regional mayors more power to make decisions, instead of decisions being made in Whitehall.",Leader favourability (Burnham),burnham,Very good idea,Fairly good idea,Neither a good nor a bad idea,Fairly bad idea,Very bad idea,,,,,,17.4,31.2,24.3,8.4,7.3,,,,,,VI-2026-07-01-Opinium-Observer-Web-Tables-1704.xlsx,LAB5
"2,050 UK adults",1st - 3rd July 2026,,,,2050,,gender,Female,"Q:LAB5. Thinking about the following proposals made by Andy Burnham is his speech on Monday, do you think each would be a good idea or a bad idea for the UK?
 Giving local councils and regional mayors more power to make decisions, instead of decisions being made in Whitehall.",Leader favourability (Burnham),burnham,Very good idea,Fairly good idea,Neither a good nor a bad idea,Fairly bad idea,Very bad idea,,,,,,17.4,32.8,23.6,6.0,3.2,,,,,,VI-2026-07-01-Opinium-Observer-Web-Tables-1704.xlsx,LAB5
"2,050 UK adults",1st - 3rd July 2026,,,,2050,,age,18-34,"Q:LAB5. Thinking about the following proposals made by Andy Burnham is his speech on Monday, do you think each would be a good idea or a bad idea for the UK?
 Giving local councils and regional mayors more power to make decisions, instead of decisions being made in Whitehall.",Leader favourability (Burnham),burnham,Very good idea,Fairly good idea,Neither a good nor a bad idea,Fairly bad idea,Very bad idea,,,,,,17.7,33.1,26.4,6.2,2.4,,,,,,VI-2026-07-01-Opinium-Observer-Web-Tables-1704.xlsx,LAB5
"2,050 UK adults",1st - 3rd July 2026,,,,2050,,age,35-49,"Q:LAB5. Thinking about the following proposals made by Andy Burnham is his speech on Monday, do you think each would be a good idea or a bad idea for the UK?
 Giving local councils and regional mayors more power to make decisions, instead of decisions being made in Whitehall.",Leader favourability (Burnham),burnham,Very good idea,Fairly good idea,Neither a good nor a bad idea,Fairly bad idea,Very bad idea,,,,,,19.8,34.6,19.6,7.6,4.7,,,,,,VI-2026-07-01-Opinium-Observer-Web-Tables-1704.xlsx,LAB5
"2,050 UK adults",1st - 3rd July 2026,,,,2050,,age,50-64,"Q:LAB5. Thinking about the following proposals made by Andy Burnham is his speech on Monday, do you think each would be a good idea or a bad idea for the UK?
 Giving local councils and regional mayors more power to make decisions, instead of decisions being made in Whitehall.",Leader favourability (Burnham),burnham,Very good idea,Fairly good idea,Neither a good nor a bad idea,Fairly bad idea,Very bad idea,,,,,,16.5,31.3,23.4,7.6,6.1,,,,,,VI-2026-07-01-Opinium-Observer-Web-Tables-1704.xlsx,LAB5
"2,050 UK adults",1st - 3rd July 2026,,,,2050,,age,65+,"Q:LAB5. Thinking about the following proposals made by Andy Burnham is his speech on Monday, do you think each would be a good idea or a bad idea for the UK?
 Giving local councils and regional mayors more power to make decisions, instead of decisions being made in Whitehall.",Leader favourability (Burnham),burnham,Very good idea,Fairly good idea,Neither a good nor a bad idea,Fairly bad idea,Very bad idea,,,,,,15.6,28.4,25.6,7.4,7.8,,,,,,VI-2026-07-01-Opinium-Observer-Web-Tables-1704.xlsx,LAB5
"2,050 UK adults",1st - 3rd July 2026,,,,2050,,region,North,"Q:LAB5. Thinking about the following proposals made by Andy Burnham is his speech on Monday, do you think each would be a good idea or a bad idea for the UK?
 Giving local councils and regional mayors more power to make decisions, instead of decisions being made in Whitehall.",Leader favourability (Burnham),burnham,Very good idea,Fairly good idea,Neither a good nor a bad idea,Fairly bad idea,Very bad idea,,,,,,23.2,30.0,23.9,4.6,4.4,,,,,,VI-2026-07-01-Opinium-Observer-Web-Tables-1704.xlsx,LAB5
"2,050 UK adults",1st - 3rd July 2026,,,,2050,,region,Mids,"Q:LAB5. Thinking about the following proposals made by Andy Burnham is his speech on Monday, do you think each would be a good idea or a bad idea for the UK?
 Giving local councils and regional mayors more power to make decisions, instead of decisions being made in Whitehall.",Leader favourability (Burnham),burnham,Very good idea,Fairly good idea,Neither a good nor a bad idea,Fairly bad idea,Very bad idea,,,,,,11.3,33.9,24.1,7.7,5.2,,,,,,VI-2026-07-01-Opinium-Observer-Web-Tables-1704.xlsx,LAB5
"2,050 UK adults",1st - 3rd July 2026,,,,2050,,region,London,"Q:LAB5. Thinking about the following proposals made by Andy Burnham is his speech on Monday, do you think each would be a good idea or a bad idea for the UK?
 Giving local councils and regional mayors more power to make decisions, instead of decisions being made in Whitehall.",Leader favourability (Burnham),burnham,Very good idea,Fairly good idea,Neither a good nor a bad idea,Fairly bad idea,Very bad idea,,,,,,17.7,30.2,24.7,6.8,5.7,,,,,,VI-2026-07-01-Opinium-Observer-Web-Tables-1704.xlsx,LAB5
"2,050 UK adults",1st - 3rd July 2026,,,,2050,,region,South,"Q:LAB5. Thinking about the following proposals made by Andy Burnham is his speech on Monday, do you think each would be a good idea or a bad idea for the UK?
 Giving local councils and regional mayors more power to make decisions, instead of decisions being made in Whitehall.",Leader favourability (Burnham),burnham,Very good idea,Fairly good idea,Neither a good nor a bad idea,Fairly bad idea,Very bad idea,,,,,,16.6,33.0,25.5,7.5,5.2,,,,,,VI-2026-07-01-Opinium-Observer-Web-Tables-1704.xlsx,LAB5
"2,050 UK adults",1st - 3rd July 2026,,,,2050,,region,Wales,"Q:LAB5. Thinking about the following proposals made by Andy Burnham is his speech on Monday, do you think each would be a good idea or a bad idea for the UK?
 Giving local councils and regional mayors more power to make decisions, instead of decisions being made in Whitehall.",Leader favourability (Burnham),burnham,Very good idea,Fairly good idea,Neither a good nor a bad idea,Fairly bad idea,Very bad idea,,,,,,12.2,38.9,18.1,9.6,4.0,,,,,,VI-2026-07-01-Opinium-Observer-Web-Tables-1704.xlsx,LAB5
"2,050 UK adults",1st - 3rd July 2026,,,,2050,,region,Scotland,"Q:LAB5. Thinking about the following proposals made by Andy Burnham is his speech on Monday, do you think each would be a good idea or a bad idea for the UK?
 Giving local councils and regional mayors more power to make decisions, instead of decisions being made in Whitehall.",Leader favourability (Burnham),burnham,Very good idea,Fairly good idea,Neither a good nor a bad idea,Fairly bad idea,Very bad idea,,,,,,17.5,31.6,22.1,7.8,5.4,,,,,,VI-2026-07-01-Opinium-Observer-Web-Tables-1704.xlsx,LAB5
"2,050 UK adults",1st - 3rd July 2026,,,,2050,,region,Northern Ireland,"Q:LAB5. Thinking about the following proposals made by Andy Burnham is his speech on Monday, do you think each would be a good idea or a bad idea for the UK?
 Giving local councils and regional mayors more power to make decisions, instead of decisions being made in Whitehall.",Leader favourability (Burnham),burnham,Very good idea,Fairly good idea,Neither a good nor a bad idea,Fairly bad idea,Very bad idea,,,,,,21.1,20.7,12.5,17.3,9.3,,,,,,VI-2026-07-01-Opinium-Observer-Web-Tables-1704.xlsx,LAB5
"2,050 UK adults",1st - 3rd July 2026,,,,2050,,total,Total,"Q:LAB5. Thinking about the following proposals made by Andy Burnham is his speech on Monday, do you think each would be a good idea or a bad idea for the UK?
 Moving some government departments and senior civil servants out of London to a new government hub in Manchester.",Leader favourability (Burnham),burnham,Very good idea,Fairly good idea,Neither a good nor a bad idea,Fairly bad idea,Very bad idea,,,,,,13.1,22.4,27.2,10.4,9.4,,,,,,VI-2026-07-01-Opinium-Observer-Web-Tables-1704.xlsx,LAB5 (2)
"2,050 UK adults",1st - 3rd July 2026,,,,2050,,current_vote,Con,"Q:LAB5. Thinking about the following proposals made by Andy Burnham is his speech on Monday, do you think each would be a good idea or a bad idea for the UK?
 Moving some government departments and senior civil servants out of London to a new government hub in Manchester.",Leader favourability (Burnham),burnham,Very good idea,Fairly good idea,Neither a good nor a bad idea,Fairly bad idea,Very bad idea,,,,,,9.6,17.2,33.1,13.9,15.4,,,,,,VI-2026-07-01-Opinium-Observer-Web-Tables-1704.xlsx,LAB5 (2)
"2,050 UK adults",1st - 3rd July 2026,,,,2050,,current_vote,Lab,"Q:LAB5. Thinking about the following proposals made by Andy Burnham is his speech on Monday, do you think each would be a good idea or a bad idea for the UK?
 Moving some government departments and senior civil servants out of London to a new government hub in Manchester.",Leader favourability (Burnham),burnham,Very good idea,Fairly good idea,Neither a good nor a bad idea,Fairly bad idea,Very bad idea,,,,,,27.8,35.1,23.7,6.3,2.0,,,,,,VI-2026-07-01-Opinium-Observer-Web-Tables-1704.xlsx,LAB5 (2)
"2,050 UK adults",1st - 3rd July 2026,,,,2050,,current_vote,Lib Dem,"Q:LAB5. Thinking about the following proposals made by Andy Burnham is his speech on Monday, do you think each would be a good idea or a bad idea for the UK?
 Moving some government departments and senior civil servants out of London to a new government hub in Manchester.",Leader favourability (Burnham),burnham,Very good idea,Fairly good idea,Neither a good nor a bad idea,Fairly bad idea,Very bad idea,,,,,,11.9,23.1,27.2,15.4,9.0,,,,,,VI-2026-07-01-Opinium-Observer-Web-Tables-1704.xlsx,LAB5 (2)
"2,050 UK adults",1st - 3rd July 2026,,,,2050,,current_vote,Reform,"Q:LAB5. Thinking about the following proposals made by Andy Burnham is his speech on Monday, do you think each would be a good idea or a bad idea for the UK?
 Moving some government departments and senior civil servants out of London to a new government hub in Manchester.",Leader favourability (Burnham),burnham,Very good idea,Fairly good idea,Neither a good nor a bad idea,Fairly bad idea,Very bad idea,,,,,,11.9,16.3,25.4,14.2,18.7,,,,,,VI-2026-07-01-Opinium-Observer-Web-Tables-1704.xlsx,LAB5 (2)
"2,050 UK adults",1st - 3rd July 2026,,,,2050,,current_vote,Green,"Q:LAB5. Thinking about the following proposals made by Andy Burnham is his speech on Monday, do you think each would be a good idea or a bad idea for the UK?
 Moving some government departments and senior civil servants out of London to a new government hub in Manchester.",Leader favourability (Burnham),burnham,Very good idea,Fairly good idea,Neither a good nor a bad idea,Fairly bad idea,Very bad idea,,,,,,15.2,34.1,27.2,7.7,4.1,,,,,,VI-2026-07-01-Opinium-Observer-Web-Tables-1704.xlsx,LAB5 (2)
"2,050 UK adults",1st - 3rd July 2026,,,,2050,,historic_vote,Con,"Q:LAB5. Thinking about the following proposals made by Andy Burnham is his speech on Monday, do you think each would be a good idea or a bad idea for the UK?
 Moving some government departments and senior civil servants out of London to a new government hub in Manchester.",Leader favourability (Burnham),burnham,Very good idea,Fairly good idea,Neither a good nor a bad idea,Fairly bad idea,Very bad idea,,,,,,9.6,17.9,29.6,13.4,18.1,,,,,,VI-2026-07-01-Opinium-Observer-Web-Tables-1704.xlsx,LAB5 (2)
"2,050 UK adults",1st - 3rd July 2026,,,,2050,,historic_vote,Lab,"Q:LAB5. Thinking about the following proposals made by Andy Burnham is his speech on Monday, do you think each would be a good idea or a bad idea for the UK?
 Moving some government departments and senior civil servants out of London to a new government hub in Manchester.",Leader favourability (Burnham),burnham,Very good idea,Fairly good idea,Neither a good nor a bad idea,Fairly bad idea,Very bad idea,,,,,,23.9,30.3,23.7,7.8,4.3,,,,,,VI-2026-07-01-Opinium-Observer-Web-Tables-1704.xlsx,LAB5 (2)
"2,050 UK adults",1st - 3rd July 2026,,,,2050,,historic_vote,Lib Dems,"Q:LAB5. Thinking about the following proposals made by Andy Burnham is his speech on Monday, do you think each would be a good idea or a bad idea for the UK?
 Moving some government departments and senior civil servants out of London to a new government hub in Manchester.",Leader favourability (Burnham),burnham,Very good idea,Fairly good idea,Neither a good nor a bad idea,Fairly bad idea,Very bad idea,,,,,,12.3,27.0,24.8,14.0,8.6,,,,,,VI-2026-07-01-Opinium-Observer-Web-Tables-1704.xlsx,LAB5 (2)
"2,050 UK adults",1st - 3rd July 2026,,,,2050,,historic_vote,Reform,"Q:LAB5. Thinking about the following proposals made by Andy Burnham is his speech on Monday, do you think each would be a good idea or a bad idea for the UK?
 Moving some government departments and senior civil servants out of London to a new government hub in Manchester.",Leader favourability (Burnham),burnham,Very good idea,Fairly good idea,Neither a good nor a bad idea,Fairly bad idea,Very bad idea,,,,,,13.5,12.8,21.8,15.9,20.6,,,,,,VI-2026-07-01-Opinium-Observer-Web-Tables-1704.xlsx,LAB5 (2)
"2,050 UK adults",1st - 3rd July 2026,,,,2050,,historic_vote,Green,"Q:LAB5. Thinking about the following proposals made by Andy Burnham is his speech on Monday, do you think each would be a good idea or a bad idea for the UK?
 Moving some government departments and senior civil servants out of London to a new government hub in Manchester.",Leader favourability (Burnham),burnham,Very good idea,Fairly good idea,Neither a good nor a bad idea,Fairly bad idea,Very bad idea,,,,,,10.5,39.1,25.1,7.7,5.3,,,,,,VI-2026-07-01-Opinium-Observer-Web-Tables-1704.xlsx,LAB5 (2)
"2,050 UK adults",1st - 3rd July 2026,,,,2050,,historic_vote,Con,"Q:LAB5. Thinking about the following proposals made by Andy Burnham is his speech on Monday, do you think each would be a good idea or a bad idea for the UK?
 Moving some government departments and senior civil servants out of London to a new government hub in Manchester.",Leader favourability (Burnham),burnham,Very good idea,Fairly good idea,Neither a good nor a bad idea,Fairly bad idea,Very bad idea,,,,,,8.7,19.3,27.1,14.8,17.5,,,,,,VI-2026-07-01-Opinium-Observer-Web-Tables-1704.xlsx,LAB5 (2)
"2,050 UK adults",1st - 3rd July 2026,,,,2050,,historic_vote,Lab,"Q:LAB5. Thinking about the following proposals made by Andy Burnham is his speech on Monday, do you think each would be a good idea or a bad idea for the UK?
 Moving some government departments and senior civil servants out of London to a new government hub in Manchester.",Leader favourability (Burnham),burnham,Very good idea,Fairly good idea,Neither a good nor a bad idea,Fairly bad idea,Very bad idea,,,,,,24.9,31.3,23.1,6.4,4.4,,,,,,VI-2026-07-01-Opinium-Observer-Web-Tables-1704.xlsx,LAB5 (2)
"2,050 UK adults",1st - 3rd July 2026,,,,2050,,historic_vote,Lib Dem,"Q:LAB5. Thinking about the following proposals made by Andy Burnham is his speech on Monday, do you think each would be a good idea or a bad idea for the UK?
 Moving some government departments and senior civil servants out of London to a new government hub in Manchester.",Leader favourability (Burnham),burnham,Very good idea,Fairly good idea,Neither a good nor a bad idea,Fairly bad idea,Very bad idea,,,,,,15.5,25.9,24.3,12.5,11.2,,,,,,VI-2026-07-01-Opinium-Observer-Web-Tables-1704.xlsx,LAB5 (2)
"2,050 UK adults",1st - 3rd July 2026,,,,2050,,historic_vote,Remain,"Q:LAB5. Thinking about the following proposals made by Andy Burnham is his speech on Monday, do you think each would be a good idea or a bad idea for the UK?
 Moving some government departments and senior civil servants out of London to a new government hub in Manchester.",Leader favourability (Burnham),burnham,Very good idea,Fairly good idea,Neither a good nor a bad idea,Fairly bad idea,Very bad idea,,,,,,18.9,26.8,23.8,9.5,7.5,,,,,,VI-2026-07-01-Opinium-Observer-Web-Tables-1704.xlsx,LAB5 (2)
"2,050 UK adults",1st - 3rd July 2026,,,,2050,,historic_vote,Leave,"Q:LAB5. Thinking about the following proposals made by Andy Burnham is his speech on Monday, do you think each would be a good idea or a bad idea for the UK?
 Moving some government departments and senior civil servants out of London to a new government hub in Manchester.",Leader favourability (Burnham),burnham,Very good idea,Fairly good idea,Neither a good nor a bad idea,Fairly bad idea,Very bad idea,,,,,,10.1,18.9,27.6,13.2,15.9,,,,,,VI-2026-07-01-Opinium-Observer-Web-Tables-1704.xlsx,LAB5 (2)
"2,050 UK adults",1st - 3rd July 2026,,,,2050,,gender,Male,"Q:LAB5. Thinking about the following proposals made by Andy Burnham is his speech on Monday, do you think each would be a good idea or a bad idea for the UK?
 Moving some government departments and senior civil servants out of London to a new government hub in Manchester.",Leader favourability (Burnham),burnham,Very good idea,Fairly good idea,Neither a good nor a bad idea,Fairly bad idea,Very bad idea,,,,,,13.4,23.9,27.1,12.6,11.2,,,,,,VI-2026-07-01-Opinium-Observer-Web-Tables-1704.xlsx,LAB5 (2)
"2,050 UK adults",1st - 3rd July 2026,,,,2050,,gender,Female,"Q:LAB5. Thinking about the following proposals made by Andy Burnham is his speech on Monday, do you think each would be a good idea or a bad idea for the UK?
 Moving some government departments and senior civil servants out of London to a new government hub in Manchester.",Leader favourability (Burnham),burnham,Very good idea,Fairly good idea,Neither a good nor a bad idea,Fairly bad idea,Very bad idea,,,,,,12.6,21.1,27.5,8.4,7.9,,,,,,VI-2026-07-01-Opinium-Observer-Web-Tables-1704.xlsx,LAB5 (2)
"2,050 UK adults",1st - 3rd July 2026,,,,2050,,age,18-34,"Q:LAB5. Thinking about the following proposals made by Andy Burnham is his speech on Monday, do you think each would be a good idea or a bad idea for the UK?
 Moving some government departments and senior civil servants out of London to a new government hub in Manchester.",Leader favourability (Burnham),burnham,Very good idea,Fairly good idea,Neither a good nor a bad idea,Fairly bad idea,Very bad idea,,,,,,16.7,22.7,29.5,9.7,5.6,,,,,,VI-2026-07-01-Opinium-Observer-Web-Tables-1704.xlsx,LAB5 (2)
"2,050 UK adults",1st - 3rd July 2026,,,,2050,,age,35-49,"Q:LAB5. Thinking about the following proposals made by Andy Burnham is his speech on Monday, do you think each would be a good idea or a bad idea for the UK?
 Moving some government departments and senior civil servants out of London to a new government hub in Manchester.",Leader favourability (Burnham),burnham,Very good idea,Fairly good idea,Neither a good nor a bad idea,Fairly bad idea,Very bad idea,,,,,,13.9,26.0,25.5,8.8,7.6,,,,,,VI-2026-07-01-Opinium-Observer-Web-Tables-1704.xlsx,LAB5 (2)
"2,050 UK adults",1st - 3rd July 2026,,,,2050,,age,50-64,"Q:LAB5. Thinking about the following proposals made by Andy Burnham is his speech on Monday, do you think each would be a good idea or a bad idea for the UK?
 Moving some government departments and senior civil servants out of London to a new government hub in Manchester.",Leader favourability (Burnham),burnham,Very good idea,Fairly good idea,Neither a good nor a bad idea,Fairly bad idea,Very bad idea,,,,,,11.7,22.0,27.1,11.9,10.3,,,,,,VI-2026-07-01-Opinium-Observer-Web-Tables-1704.xlsx,LAB5 (2)
"2,050 UK adults",1st - 3rd July 2026,,,,2050,,age,65+,"Q:LAB5. Thinking about the following proposals made by Andy Burnham is his speech on Monday, do you think each would be a good idea or a bad idea for the UK?
 Moving some government departments and senior civil servants out of London to a new government hub in Manchester.",Leader favourability (Burnham),burnham,Very good idea,Fairly good idea,Neither a good nor a bad idea,Fairly bad idea,Very bad idea,,,,,,9.5,18.7,26.4,11.4,14.7,,,,,,VI-2026-07-01-Opinium-Observer-Web-Tables-1704.xlsx,LAB5 (2)
"2,050 UK adults",1st - 3rd July 2026,,,,2050,,region,North,"Q:LAB5. Thinking about the following proposals made by Andy Burnham is his speech on Monday, do you think each would be a good idea or a bad idea for the UK?
 Moving some government departments and senior civil servants out of London to a new government hub in Manchester.",Leader favourability (Burnham),burnham,Very good idea,Fairly good idea,Neither a good nor a bad idea,Fairly bad idea,Very bad idea,,,,,,21.7,26.5,25.8,6.3,5.3,,,,,,VI-2026-07-01-Opinium-Observer-Web-Tables-1704.xlsx,LAB5 (2)
"2,050 UK adults",1st - 3rd July 2026,,,,2050,,region,Mids,"Q:LAB5. Thinking about the following proposals made by Andy Burnham is his speech on Monday, do you think each would be a good idea or a bad idea for the UK?
 Moving some government departments and senior civil servants out of London to a new government hub in Manchester.",Leader favourability (Burnham),burnham,Very good idea,Fairly good idea,Neither a good nor a bad idea,Fairly bad idea,Very bad idea,,,,,,10.6,24.5,28.0,8.6,9.1,,,,,,VI-2026-07-01-Opinium-Observer-Web-Tables-1704.xlsx,LAB5 (2)
"2,050 UK adults",1st - 3rd July 2026,,,,2050,,region,London,"Q:LAB5. Thinking about the following proposals made by Andy Burnham is his speech on Monday, do you think each would be a good idea or a bad idea for the UK?
 Moving some government departments and senior civil servants out of London to a new government hub in Manchester.",Leader favourability (Burnham),burnham,Very good idea,Fairly good idea,Neither a good nor a bad idea,Fairly bad idea,Very bad idea,,,,,,8.6,19.2,27.6,16.4,11.8,,,,,,VI-2026-07-01-Opinium-Observer-Web-Tables-1704.xlsx,LAB5 (2)
"2,050 UK adults",1st - 3rd July 2026,,,,2050,,region,South,"Q:LAB5. Thinking about the following proposals made by Andy Burnham is his speech on Monday, do you think each would be a good idea or a bad idea for the UK?
 Moving some government departments and senior civil servants out of London to a new government hub in Manchester.",Leader favourability (Burnham),burnham,Very good idea,Fairly good idea,Neither a good nor a bad idea,Fairly bad idea,Very bad idea,,,,,,10.5,20.1,28.7,12.3,11.9,,,,,,VI-2026-07-01-Opinium-Observer-Web-Tables-1704.xlsx,LAB5 (2)
"2,050 UK adults",1st - 3rd July 2026,,,,2050,,region,Wales,"Q:LAB5. Thinking about the following proposals made by Andy Burnham is his speech on Monday, do you think each would be a good idea or a bad idea for the UK?
 Moving some government departments and senior civil servants out of London to a new government hub in Manchester.",Leader favourability (Burnham),burnham,Very good idea,Fairly good idea,Neither a good nor a bad idea,Fairly bad idea,Very bad idea,,,,,,12.0,26.8,22.0,8.3,8.3,,,,,,VI-2026-07-01-Opinium-Observer-Web-Tables-1704.xlsx,LAB5 (2)
"2,050 UK adults",1st - 3rd July 2026,,,,2050,,region,Scotland,"Q:LAB5. Thinking about the following proposals made by Andy Burnham is his speech on Monday, do you think each would be a good idea or a bad idea for the UK?
 Moving some government departments and senior civil servants out of London to a new government hub in Manchester.",Leader favourability (Burnham),burnham,Very good idea,Fairly good idea,Neither a good nor a bad idea,Fairly bad idea,Very bad idea,,,,,,14.0,18.1,26.5,8.9,8.2,,,,,,VI-2026-07-01-Opinium-Observer-Web-Tables-1704.xlsx,LAB5 (2)
"2,050 UK adults",1st - 3rd July 2026,,,,2050,,region,Northern Ireland,"Q:LAB5. Thinking about the following proposals made by Andy Burnham is his speech on Monday, do you think each would be a good idea or a bad idea for the UK?
 Moving some government departments and senior civil servants out of London to a new government hub in Manchester.",Leader favourability (Burnham),burnham,Very good idea,Fairly good idea,Neither a good nor a bad idea,Fairly bad idea,Very bad idea,,,,,,5.6,22.0,27.0,13.8,11.8,,,,,,VI-2026-07-01-Opinium-Observer-Web-Tables-1704.xlsx,LAB5 (2)
"2,050 UK adults",1st - 3rd July 2026,,,,2050,,total,Total,"Q:LAB5. Thinking about the following proposals made by Andy Burnham is his speech on Monday, do you think each would be a good idea or a bad idea for the UK?
 Prioritising economic growth across all parts of the UK, rather than concentrating investment in London and the South East.",Leader favourability (Burnham),burnham,Very good idea,Fairly good idea,Neither a good nor a bad idea,Fairly bad idea,Very bad idea,,,,,,33.3,29.0,18.4,4.0,3.3,,,,,,VI-2026-07-01-Opinium-Observer-Web-Tables-1704.xlsx,LAB5 (3)
"2,050 UK adults",1st - 3rd July 2026,,,,2050,,current_vote,Con,"Q:LAB5. Thinking about the following proposals made by Andy Burnham is his speech on Monday, do you think each would be a good idea or a bad idea for the UK?
 Prioritising economic growth across all parts of the UK, rather than concentrating investment in London and the South East.",Leader favourability (Burnham),burnham,Very good idea,Fairly good idea,Neither a good nor a bad idea,Fairly bad idea,Very bad idea,,,,,,26.5,33.2,23.2,5.5,4.0,,,,,,VI-2026-07-01-Opinium-Observer-Web-Tables-1704.xlsx,LAB5 (3)
"2,050 UK adults",1st - 3rd July 2026,,,,2050,,current_vote,Lab,"Q:LAB5. Thinking about the following proposals made by Andy Burnham is his speech on Monday, do you think each would be a good idea or a bad idea for the UK?
 Prioritising economic growth across all parts of the UK, rather than concentrating investment in London and the South East.",Leader favourability (Burnham),burnham,Very good idea,Fairly good idea,Neither a good nor a bad idea,Fairly bad idea,Very bad idea,,,,,,48.1,32.8,12.8,2.9,0.4,,,,,,VI-2026-07-01-Opinium-Observer-Web-Tables-1704.xlsx,LAB5 (3)
"2,050 UK adults",1st - 3rd July 2026,,,,2050,,current_vote,Lib Dem,"Q:LAB5. Thinking about the following proposals made by Andy Burnham is his speech on Monday, do you think each would be a good idea or a bad idea for the UK?
 Prioritising economic growth across all parts of the UK, rather than concentrating investment in London and the South East.",Leader favourability (Burnham),burnham,Very good idea,Fairly good idea,Neither a good nor a bad idea,Fairly bad idea,Very bad idea,,,,,,35.5,34.3,17.8,2.2,0.9,,,,,,VI-2026-07-01-Opinium-Observer-Web-Tables-1704.xlsx,LAB5 (3)
"2,050 UK adults",1st - 3rd July 2026,,,,2050,,current_vote,Reform,"Q:LAB5. Thinking about the following proposals made by Andy Burnham is his speech on Monday, do you think each would be a good idea or a bad idea for the UK?
 Prioritising economic growth across all parts of the UK, rather than concentrating investment in London and the South East.",Leader favourability (Burnham),burnham,Very good idea,Fairly good idea,Neither a good nor a bad idea,Fairly bad idea,Very bad idea,,,,,,25.8,29.1,22.8,6.7,7.6,,,,,,VI-2026-07-01-Opinium-Observer-Web-Tables-1704.xlsx,LAB5 (3)
"2,050 UK adults",1st - 3rd July 2026,,,,2050,,current_vote,Green,"Q:LAB5. Thinking about the following proposals made by Andy Burnham is his speech on Monday, do you think each would be a good idea or a bad idea for the UK?
 Prioritising economic growth across all parts of the UK, rather than concentrating investment in London and the South East.",Leader favourability (Burnham),burnham,Very good idea,Fairly good idea,Neither a good nor a bad idea,Fairly bad idea,Very bad idea,,,,,,50.2,23.0,12.8,3.5,1.2,,,,,,VI-2026-07-01-Opinium-Observer-Web-Tables-1704.xlsx,LAB5 (3)
"2,050 UK adults",1st - 3rd July 2026,,,,2050,,historic_vote,Con,"Q:LAB5. Thinking about the following proposals made by Andy Burnham is his speech on Monday, do you think each would be a good idea or a bad idea for the UK?
 Prioritising economic growth across all parts of the UK, rather than concentrating investment in London and the South East.",Leader favourability (Burnham),burnham,Very good idea,Fairly good idea,Neither a good nor a bad idea,Fairly bad idea,Very bad idea,,,,,,24.6,34.7,23.2,6.3,4.0,,,,,,VI-2026-07-01-Opinium-Observer-Web-Tables-1704.xlsx,LAB5 (3)
"2,050 UK adults",1st - 3rd July 2026,,,,2050,,historic_vote,Lab,"Q:LAB5. Thinking about the following proposals made by Andy Burnham is his speech on Monday, do you think each would be a good idea or a bad idea for the UK?
 Prioritising economic growth across all parts of the UK, rather than concentrating investment in London and the South East.",Leader favourability (Burnham),burnham,Very good idea,Fairly good idea,Neither a good nor a bad idea,Fairly bad idea,Very bad idea,,,,,,49.4,31.4,10.8,2.8,0.9,,,,,,VI-2026-07-01-Opinium-Observer-Web-Tables-1704.xlsx,LAB5 (3)
"2,050 UK adults",1st - 3rd July 2026,,,,2050,,historic_vote,Lib Dems,"Q:LAB5. Thinking about the following proposals made by Andy Burnham is his speech on Monday, do you think each would be a good idea or a bad idea for the UK?
 Prioritising economic growth across all parts of the UK, rather than concentrating investment in London and the South East.",Leader favourability (Burnham),burnham,Very good idea,Fairly good idea,Neither a good nor a bad idea,Fairly bad idea,Very bad idea,,,,,,36.1,31.1,20.2,0.8,1.6,,,,,,VI-2026-07-01-Opinium-Observer-Web-Tables-1704.xlsx,LAB5 (3)
"2,050 UK adults",1st - 3rd July 2026,,,,2050,,historic_vote,Reform,"Q:LAB5. Thinking about the following proposals made by Andy Burnham is his speech on Monday, do you think each would be a good idea or a bad idea for the UK?
 Prioritising economic growth across all parts of the UK, rather than concentrating investment in London and the South East.",Leader favourability (Burnham),burnham,Very good idea,Fairly good idea,Neither a good nor a bad idea,Fairly bad idea,Very bad idea,,,,,,23.7,35.1,20.5,7.1,6.9,,,,,,VI-2026-07-01-Opinium-Observer-Web-Tables-1704.xlsx,LAB5 (3)
"2,050 UK adults",1st - 3rd July 2026,,,,2050,,historic_vote,Green,"Q:LAB5. Thinking about the following proposals made by Andy Burnham is his speech on Monday, do you think each would be a good idea or a bad idea for the UK?
 Prioritising economic growth across all parts of the UK, rather than concentrating investment in London and the South East.",Leader favourability (Burnham),burnham,Very good idea,Fairly good idea,Neither a good nor a bad idea,Fairly bad idea,Very bad idea,,,,,,45.5,30.3,13.7,1.4,1.4,,,,,,VI-2026-07-01-Opinium-Observer-Web-Tables-1704.xlsx,LAB5 (3)
"2,050 UK adults",1st - 3rd July 2026,,,,2050,,historic_vote,Con,"Q:LAB5. Thinking about the following proposals made by Andy Burnham is his speech on Monday, do you think each would be a good idea or a bad idea for the UK?
 Prioritising economic growth across all parts of the UK, rather than concentrating investment in London and the South East.",Leader favourability (Burnham),burnham,Very good idea,Fairly good idea,Neither a good nor a bad idea,Fairly bad idea,Very bad idea,,,,,,29.9,35.4,18.4,4.8,4.7,,,,,,VI-2026-07-01-Opinium-Observer-Web-Tables-1704.xlsx,LAB5 (3)
"2,050 UK adults",1st - 3rd July 2026,,,,2050,,historic_vote,Lab,"Q:LAB5. Thinking about the following proposals made by Andy Burnham is his speech on Monday, do you think each would be a good idea or a bad idea for the UK?
 Prioritising economic growth across all parts of the UK, rather than concentrating investment in London and the South East.",Leader favourability (Burnham),burnham,Very good idea,Fairly good idea,Neither a good nor a bad idea,Fairly bad idea,Very bad idea,,,,,,47.0,30.7,14.3,3.3,2.3,,,,,,VI-2026-07-01-Opinium-Observer-Web-Tables-1704.xlsx,LAB5 (3)
"2,050 UK adults",1st - 3rd July 2026,,,,2050,,historic_vote,Lib Dem,"Q:LAB5. Thinking about the following proposals made by Andy Burnham is his speech on Monday, do you think each would be a good idea or a bad idea for the UK?
 Prioritising economic growth across all parts of the UK, rather than concentrating investment in London and the South East.",Leader favourability (Burnham),burnham,Very good idea,Fairly good idea,Neither a good nor a bad idea,Fairly bad idea,Very bad idea,,,,,,39.8,33.1,14.7,2.0,2.2,,,,,,VI-2026-07-01-Opinium-Observer-Web-Tables-1704.xlsx,LAB5 (3)
"2,050 UK adults",1st - 3rd July 2026,,,,2050,,historic_vote,Remain,"Q:LAB5. Thinking about the following proposals made by Andy Burnham is his speech on Monday, do you think each would be a good idea or a bad idea for the UK?
 Prioritising economic growth across all parts of the UK, rather than concentrating investment in London and the South East.",Leader favourability (Burnham),burnham,Very good idea,Fairly good idea,Neither a good nor a bad idea,Fairly bad idea,Very bad idea,,,,,,40.1,33.2,14.6,2.8,1.8,,,,,,VI-2026-07-01-Opinium-Observer-Web-Tables-1704.xlsx,LAB5 (3)
"2,050 UK adults",1st - 3rd July 2026,,,,2050,,historic_vote,Leave,"Q:LAB5. Thinking about the following proposals made by Andy Burnham is his speech on Monday, do you think each would be a good idea or a bad idea for the UK?
 Prioritising economic growth across all parts of the UK, rather than concentrating investment in London and the South East.",Leader favourability (Burnham),burnham,Very good idea,Fairly good idea,Neither a good nor a bad idea,Fairly bad idea,Very bad idea,,,,,,32.6,28.4,19.9,5.1,5.4,,,,,,VI-2026-07-01-Opinium-Observer-Web-Tables-1704.xlsx,LAB5 (3)
"2,050 UK adults",1st - 3rd July 2026,,,,2050,,gender,Male,"Q:LAB5. Thinking about the following proposals made by Andy Burnham is his speech on Monday, do you think each would be a good idea or a bad idea for the UK?
 Prioritising economic growth across all parts of the UK, rather than concentrating investment in London and the South East.",Leader favourability (Burnham),burnham,Very good idea,Fairly good idea,Neither a good nor a bad idea,Fairly bad idea,Very bad idea,,,,,,33.1,28.9,21.1,5.1,3.7,,,,,,VI-2026-07-01-Opinium-Observer-Web-Tables-1704.xlsx,LAB5 (3)
"2,050 UK adults",1st - 3rd July 2026,,,,2050,,gender,Female,"Q:LAB5. Thinking about the following proposals made by Andy Burnham is his speech on Monday, do you think each would be a good idea or a bad idea for the UK?
 Prioritising economic growth across all parts of the UK, rather than concentrating investment in London and the South East.",Leader favourability (Burnham),burnham,Very good idea,Fairly good idea,Neither a good nor a bad idea,Fairly bad idea,Very bad idea,,,,,,33.4,29.3,16.2,3.1,2.9,,,,,,VI-2026-07-01-Opinium-Observer-Web-Tables-1704.xlsx,LAB5 (3)
"2,050 UK adults",1st - 3rd July 2026,,,,2050,,age,18-34,"Q:LAB5. Thinking about the following proposals made by Andy Burnham is his speech on Monday, do you think each would be a good idea or a bad idea for the UK?
 Prioritising economic growth across all parts of the UK, rather than concentrating investment in London and the South East.",Leader favourability (Burnham),burnham,Very good idea,Fairly good idea,Neither a good nor a bad idea,Fairly bad idea,Very bad idea,,,,,,30.4,23.7,23.9,4.8,3.4,,,,,,VI-2026-07-01-Opinium-Observer-Web-Tables-1704.xlsx,LAB5 (3)
"2,050 UK adults",1st - 3rd July 2026,,,,2050,,age,35-49,"Q:LAB5. Thinking about the following proposals made by Andy Burnham is his speech on Monday, do you think each would be a good idea or a bad idea for the UK?
 Prioritising economic growth across all parts of the UK, rather than concentrating investment in London and the South East.",Leader favourability (Burnham),burnham,Very good idea,Fairly good idea,Neither a good nor a bad idea,Fairly bad idea,Very bad idea,,,,,,35.1,29.5,15.8,4.9,3.5,,,,,,VI-2026-07-01-Opinium-Observer-Web-Tables-1704.xlsx,LAB5 (3)
"2,050 UK adults",1st - 3rd July 2026,,,,2050,,age,50-64,"Q:LAB5. Thinking about the following proposals made by Andy Burnham is his speech on Monday, do you think each would be a good idea or a bad idea for the UK?
 Prioritising economic growth across all parts of the UK, rather than concentrating investment in London and the South East.",Leader favourability (Burnham),burnham,Very good idea,Fairly good idea,Neither a good nor a bad idea,Fairly bad idea,Very bad idea,,,,,,35.9,29.4,17.9,1.7,3.0,,,,,,VI-2026-07-01-Opinium-Observer-Web-Tables-1704.xlsx,LAB5 (3)
"2,050 UK adults",1st - 3rd July 2026,,,,2050,,age,65+,"Q:LAB5. Thinking about the following proposals made by Andy Burnham is his speech on Monday, do you think each would be a good idea or a bad idea for the UK?
 Prioritising economic growth across all parts of the UK, rather than concentrating investment in London and the South East.",Leader favourability (Burnham),burnham,Very good idea,Fairly good idea,Neither a good nor a bad idea,Fairly bad idea,Very bad idea,,,,,,32.1,34.3,15.4,4.7,3.1,,,,,,VI-2026-07-01-Opinium-Observer-Web-Tables-1704.xlsx,LAB5 (3)
"2,050 UK adults",1st - 3rd July 2026,,,,2050,,region,North,"Q:LAB5. Thinking about the following proposals made by Andy Burnham is his speech on Monday, do you think each would be a good idea or a bad idea for the UK?
 Prioritising economic growth across all parts of the UK, rather than concentrating investment in London and the South East.",Leader favourability (Burnham),burnham,Very good idea,Fairly good idea,Neither a good nor a bad idea,Fairly bad idea,Very bad idea,,,,,,41.9,24.2,17.1,3.4,2.6,,,,,,VI-2026-07-01-Opinium-Observer-Web-Tables-1704.xlsx,LAB5 (3)
"2,050 UK adults",1st - 3rd July 2026,,,,2050,,region,Mids,"Q:LAB5. Thinking about the following proposals made by Andy Burnham is his speech on Monday, do you think each would be a good idea or a bad idea for the UK?
 Prioritising economic growth across all parts of the UK, rather than concentrating investment in London and the South East.",Leader favourability (Burnham),burnham,Very good idea,Fairly good idea,Neither a good nor a bad idea,Fairly bad idea,Very bad idea,,,,,,30.5,32.2,17.5,3.0,4.2,,,,,,VI-2026-07-01-Opinium-Observer-Web-Tables-1704.xlsx,LAB5 (3)
"2,050 UK adults",1st - 3rd July 2026,,,,2050,,region,London,"Q:LAB5. Thinking about the following proposals made by Andy Burnham is his speech on Monday, do you think each would be a good idea or a bad idea for the UK?
 Prioritising economic growth across all parts of the UK, rather than concentrating investment in London and the South East.",Leader favourability (Burnham),burnham,Very good idea,Fairly good idea,Neither a good nor a bad idea,Fairly bad idea,Very bad idea,,,,,,27.9,27.8,23.3,5.3,3.9,,,,,,VI-2026-07-01-Opinium-Observer-Web-Tables-1704.xlsx,LAB5 (3)
"2,050 UK adults",1st - 3rd July 2026,,,,2050,,region,South,"Q:LAB5. Thinking about the following proposals made by Andy Burnham is his speech on Monday, do you think each would be a good idea or a bad idea for the UK?
 Prioritising economic growth across all parts of the UK, rather than concentrating investment in London and the South East.",Leader favourability (Burnham),burnham,Very good idea,Fairly good idea,Neither a good nor a bad idea,Fairly bad idea,Very bad idea,,,,,,29.3,32.4,19.3,5.2,3.2,,,,,,VI-2026-07-01-Opinium-Observer-Web-Tables-1704.xlsx,LAB5 (3)
"2,050 UK adults",1st - 3rd July 2026,,,,2050,,region,Wales,"Q:LAB5. Thinking about the following proposals made by Andy Burnham is his speech on Monday, do you think each would be a good idea or a bad idea for the UK?
 Prioritising economic growth across all parts of the UK, rather than concentrating investment in London and the South East.",Leader favourability (Burnham),burnham,Very good idea,Fairly good idea,Neither a good nor a bad idea,Fairly bad idea,Very bad idea,,,,,,27.5,35.7,13.7,5.3,3.0,,,,,,VI-2026-07-01-Opinium-Observer-Web-Tables-1704.xlsx,LAB5 (3)
"2,050 UK adults",1st - 3rd July 2026,,,,2050,,region,Scotland,"Q:LAB5. Thinking about the following proposals made by Andy Burnham is his speech on Monday, do you think each would be a good idea or a bad idea for the UK?
 Prioritising economic growth across all parts of the UK, rather than concentrating investment in London and the South East.",Leader favourability (Burnham),burnham,Very good idea,Fairly good idea,Neither a good nor a bad idea,Fairly bad idea,Very bad idea,,,,,,40.0,22.4,18.8,1.0,0.5,,,,,,VI-2026-07-01-Opinium-Observer-Web-Tables-1704.xlsx,LAB5 (3)
"2,050 UK adults",1st - 3rd July 2026,,,,2050,,region,Northern Ireland,"Q:LAB5. Thinking about the following proposals made by Andy Burnham is his speech on Monday, do you think each would be a good idea or a bad idea for the UK?
 Prioritising economic growth across all parts of the UK, rather than concentrating investment in London and the South East.",Leader favourability (Burnham),burnham,Very good idea,Fairly good idea,Neither a good nor a bad idea,Fairly bad idea,Very bad idea,,,,,,39.7,25.9,9.2,2.9,9.2,,,,,,VI-2026-07-01-Opinium-Observer-Web-Tables-1704.xlsx,LAB5 (3)
"2,050 UK adults",1st - 3rd July 2026,,,,2050,,total,Total,"Q:LAB5. Thinking about the following proposals made by Andy Burnham is his speech on Monday, do you think each would be a good idea or a bad idea for the UK?
 Using government contracts to buy more goods and services from British businesses.",Leader favourability (Burnham),burnham,Very good idea,Fairly good idea,Neither a good nor a bad idea,Fairly bad idea,Very bad idea,,,,,,26.4,34.3,18.2,3.2,3.2,,,,,,VI-2026-07-01-Opinium-Observer-Web-Tables-1704.xlsx,LAB5 (4)
"2,050 UK adults",1st - 3rd July 2026,,,,2050,,current_vote,Con,"Q:LAB5. Thinking about the following proposals made by Andy Burnham is his speech on Monday, do you think each would be a good idea or a bad idea for the UK?
 Using government contracts to buy more goods and services from British businesses.",Leader favourability (Burnham),burnham,Very good idea,Fairly good idea,Neither a good nor a bad idea,Fairly bad idea,Very bad idea,,,,,,25.9,38.9,18.4,5.4,1.8,,,,,,VI-2026-07-01-Opinium-Observer-Web-Tables-1704.xlsx,LAB5 (4)
"2,050 UK adults",1st - 3rd July 2026,,,,2050,,current_vote,Lab,"Q:LAB5. Thinking about the following proposals made by Andy Burnham is his speech on Monday, do you think each would be a good idea or a bad idea for the UK?
 Using government contracts to buy more goods and services from British businesses.",Leader favourability (Burnham),burnham,Very good idea,Fairly good idea,Neither a good nor a bad idea,Fairly bad idea,Very bad idea,,,,,,37.3,38.5,14.6,3.5,1.3,,,,,,VI-2026-07-01-Opinium-Observer-Web-Tables-1704.xlsx,LAB5 (4)
"2,050 UK adults",1st - 3rd July 2026,,,,2050,,current_vote,Lib Dem,"Q:LAB5. Thinking about the following proposals made by Andy Burnham is his speech on Monday, do you think each would be a good idea or a bad idea for the UK?
 Using government contracts to buy more goods and services from British businesses.",Leader favourability (Burnham),burnham,Very good idea,Fairly good idea,Neither a good nor a bad idea,Fairly bad idea,Very bad idea,,,,,,30.6,32.7,20.6,0.9,1.9,,,,,,VI-2026-07-01-Opinium-Observer-Web-Tables-1704.xlsx,LAB5 (4)
"2,050 UK adults",1st - 3rd July 2026,,,,2050,,current_vote,Reform,"Q:LAB5. Thinking about the following proposals made by Andy Burnham is his speech on Monday, do you think each would be a good idea or a bad idea for the UK?
 Using government contracts to buy more goods and services from British businesses.",Leader favourability (Burnham),burnham,Very good idea,Fairly good idea,Neither a good nor a bad idea,Fairly bad idea,Very bad idea,,,,,,25.6,35.9,17.9,4.7,6.5,,,,,,VI-2026-07-01-Opinium-Observer-Web-Tables-1704.xlsx,LAB5 (4)
"2,050 UK adults",1st - 3rd July 2026,,,,2050,,current_vote,Green,"Q:LAB5. Thinking about the following proposals made by Andy Burnham is his speech on Monday, do you think each would be a good idea or a bad idea for the UK?
 Using government contracts to buy more goods and services from British businesses.",Leader favourability (Burnham),burnham,Very good idea,Fairly good idea,Neither a good nor a bad idea,Fairly bad idea,Very bad idea,,,,,,25.5,41.1,18.3,3.2,1.8,,,,,,VI-2026-07-01-Opinium-Observer-Web-Tables-1704.xlsx,LAB5 (4)
"2,050 UK adults",1st - 3rd July 2026,,,,2050,,historic_vote,Con,"Q:LAB5. Thinking about the following proposals made by Andy Burnham is his speech on Monday, do you think each would be a good idea or a bad idea for the UK?
 Using government contracts to buy more goods and services from British businesses.",Leader favourability (Burnham),burnham,Very good idea,Fairly good idea,Neither a good nor a bad idea,Fairly bad idea,Very bad idea,,,,,,26.6,39.6,18.6,5.3,2.2,,,,,,VI-2026-07-01-Opinium-Observer-Web-Tables-1704.xlsx,LAB5 (4)
"2,050 UK adults",1st - 3rd July 2026,,,,2050,,historic_vote,Lab,"Q:LAB5. Thinking about the following proposals made by Andy Burnham is his speech on Monday, do you think each would be a good idea or a bad idea for the UK?
 Using government contracts to buy more goods and services from British businesses.",Leader favourability (Burnham),burnham,Very good idea,Fairly good idea,Neither a good nor a bad idea,Fairly bad idea,Very bad idea,,,,,,36.3,38.4,13.2,2.1,1.3,,,,,,VI-2026-07-01-Opinium-Observer-Web-Tables-1704.xlsx,LAB5 (4)
"2,050 UK adults",1st - 3rd July 2026,,,,2050,,historic_vote,Lib Dems,"Q:LAB5. Thinking about the following proposals made by Andy Burnham is his speech on Monday, do you think each would be a good idea or a bad idea for the UK?
 Using government contracts to buy more goods and services from British businesses.",Leader favourability (Burnham),burnham,Very good idea,Fairly good idea,Neither a good nor a bad idea,Fairly bad idea,Very bad idea,,,,,,34.9,31.9,18.8,1.4,1.0,,,,,,VI-2026-07-01-Opinium-Observer-Web-Tables-1704.xlsx,LAB5 (4)
"2,050 UK adults",1st - 3rd July 2026,,,,2050,,historic_vote,Reform,"Q:LAB5. Thinking about the following proposals made by Andy Burnham is his speech on Monday, do you think each would be a good idea or a bad idea for the UK?
 Using government contracts to buy more goods and services from British businesses.",Leader favourability (Burnham),burnham,Very good idea,Fairly good idea,Neither a good nor a bad idea,Fairly bad idea,Very bad idea,,,,,,25.7,36.9,14.6,3.4,9.9,,,,,,VI-2026-07-01-Opinium-Observer-Web-Tables-1704.xlsx,LAB5 (4)
"2,050 UK adults",1st - 3rd July 2026,,,,2050,,historic_vote,Green,"Q:LAB5. Thinking about the following proposals made by Andy Burnham is his speech on Monday, do you think each would be a good idea or a bad idea for the UK?
 Using government contracts to buy more goods and services from British businesses.",Leader favourability (Burnham),burnham,Very good idea,Fairly good idea,Neither a good nor a bad idea,Fairly bad idea,Very bad idea,,,,,,24.7,36.4,19.0,4.7,4.4,,,,,,VI-2026-07-01-Opinium-Observer-Web-Tables-1704.xlsx,LAB5 (4)
"2,050 UK adults",1st - 3rd July 2026,,,,2050,,historic_vote,Con,"Q:LAB5. Thinking about the following proposals made by Andy Burnham is his speech on Monday, do you think each would be a good idea or a bad idea for the UK?
 Using government contracts to buy more goods and services from British businesses.",Leader favourability (Burnham),burnham,Very good idea,Fairly good idea,Neither a good nor a bad idea,Fairly bad idea,Very bad idea,,,,,,29.6,37.0,15.6,4.7,3.5,,,,,,VI-2026-07-01-Opinium-Observer-Web-Tables-1704.xlsx,LAB5 (4)
"2,050 UK adults",1st - 3rd July 2026,,,,2050,,historic_vote,Lab,"Q:LAB5. Thinking about the following proposals made by Andy Burnham is his speech on Monday, do you think each would be a good idea or a bad idea for the UK?
 Using government contracts to buy more goods and services from British businesses.",Leader favourability (Burnham),burnham,Very good idea,Fairly good idea,Neither a good nor a bad idea,Fairly bad idea,Very bad idea,,,,,,36.8,37.8,15.6,2.1,1.1,,,,,,VI-2026-07-01-Opinium-Observer-Web-Tables-1704.xlsx,LAB5 (4)
"2,050 UK adults",1st - 3rd July 2026,,,,2050,,historic_vote,Lib Dem,"Q:LAB5. Thinking about the following proposals made by Andy Burnham is his speech on Monday, do you think each would be a good idea or a bad idea for the UK?
 Using government contracts to buy more goods and services from British businesses.",Leader favourability (Burnham),burnham,Very good idea,Fairly good idea,Neither a good nor a bad idea,Fairly bad idea,Very bad idea,,,,,,32.1,35.1,22.3,1.4,1.3,,,,,,VI-2026-07-01-Opinium-Observer-Web-Tables-1704.xlsx,LAB5 (4)
"2,050 UK adults",1st - 3rd July 2026,,,,2050,,historic_vote,Remain,"Q:LAB5. Thinking about the following proposals made by Andy Burnham is his speech on Monday, do you think each would be a good idea or a bad idea for the UK?
 Using government contracts to buy more goods and services from British businesses.",Leader favourability (Burnham),burnham,Very good idea,Fairly good idea,Neither a good nor a bad idea,Fairly bad idea,Very bad idea,,,,,,30.9,36.0,17.7,3.3,1.8,,,,,,VI-2026-07-01-Opinium-Observer-Web-Tables-1704.xlsx,LAB5 (4)
"2,050 UK adults",1st - 3rd July 2026,,,,2050,,historic_vote,Leave,"Q:LAB5. Thinking about the following proposals made by Andy Burnham is his speech on Monday, do you think each would be a good idea or a bad idea for the UK?
 Using government contracts to buy more goods and services from British businesses.",Leader favourability (Burnham),burnham,Very good idea,Fairly good idea,Neither a good nor a bad idea,Fairly bad idea,Very bad idea,,,,,,29.7,35.4,15.5,3.2,4.4,,,,,,VI-2026-07-01-Opinium-Observer-Web-Tables-1704.xlsx,LAB5 (4)
"2,050 UK adults",1st - 3rd July 2026,,,,2050,,gender,Male,"Q:LAB5. Thinking about the following proposals made by Andy Burnham is his speech on Monday, do you think each would be a good idea or a bad idea for the UK?
 Using government contracts to buy more goods and services from British businesses.",Leader favourability (Burnham),burnham,Very good idea,Fairly good idea,Neither a good nor a bad idea,Fairly bad idea,Very bad idea,,,,,,25.8,37.7,17.7,4.0,3.9,,,,,,VI-2026-07-01-Opinium-Observer-Web-Tables-1704.xlsx,LAB5 (4)
"2,050 UK adults",1st - 3rd July 2026,,,,2050,,gender,Female,"Q:LAB5. Thinking about the following proposals made by Andy Burnham is his speech on Monday, do you think each would be a good idea or a bad idea for the UK?
 Using government contracts to buy more goods and services from British businesses.",Leader favourability (Burnham),burnham,Very good idea,Fairly good idea,Neither a good nor a bad idea,Fairly bad idea,Very bad idea,,,,,,27.0,31.4,18.9,2.4,2.6,,,,,,VI-2026-07-01-Opinium-Observer-Web-Tables-1704.xlsx,LAB5 (4)
"2,050 UK adults",1st - 3rd July 2026,,,,2050,,age,18-34,"Q:LAB5. Thinking about the following proposals made by Andy Burnham is his speech on Monday, do you think each would be a good idea or a bad idea for the UK?
 Using government contracts to buy more goods and services from British businesses.",Leader favourability (Burnham),burnham,Very good idea,Fairly good idea,Neither a good nor a bad idea,Fairly bad idea,Very bad idea,,,,,,20.1,34.9,22.8,4.2,3.8,,,,,,VI-2026-07-01-Opinium-Observer-Web-Tables-1704.xlsx,LAB5 (4)
"2,050 UK adults",1st - 3rd July 2026,,,,2050,,age,35-49,"Q:LAB5. Thinking about the following proposals made by Andy Burnham is his speech on Monday, do you think each would be a good idea or a bad idea for the UK?
 Using government contracts to buy more goods and services from British businesses.",Leader favourability (Burnham),burnham,Very good idea,Fairly good idea,Neither a good nor a bad idea,Fairly bad idea,Very bad idea,,,,,,26.7,33.1,17.6,4.9,3.3,,,,,,VI-2026-07-01-Opinium-Observer-Web-Tables-1704.xlsx,LAB5 (4)
"2,050 UK adults",1st - 3rd July 2026,,,,2050,,age,50-64,"Q:LAB5. Thinking about the following proposals made by Andy Burnham is his speech on Monday, do you think each would be a good idea or a bad idea for the UK?
 Using government contracts to buy more goods and services from British businesses.",Leader favourability (Burnham),burnham,Very good idea,Fairly good idea,Neither a good nor a bad idea,Fairly bad idea,Very bad idea,,,,,,31.6,33.2,15.9,1.3,2.9,,,,,,VI-2026-07-01-Opinium-Observer-Web-Tables-1704.xlsx,LAB5 (4)
"2,050 UK adults",1st - 3rd July 2026,,,,2050,,age,65+,"Q:LAB5. Thinking about the following proposals made by Andy Burnham is his speech on Monday, do you think each would be a good idea or a bad idea for the UK?
 Using government contracts to buy more goods and services from British businesses.",Leader favourability (Burnham),burnham,Very good idea,Fairly good idea,Neither a good nor a bad idea,Fairly bad idea,Very bad idea,,,,,,28.0,36.2,15.8,2.5,2.7,,,,,,VI-2026-07-01-Opinium-Observer-Web-Tables-1704.xlsx,LAB5 (4)
"2,050 UK adults",1st - 3rd July 2026,,,,2050,,region,North,"Q:LAB5. Thinking about the following proposals made by Andy Burnham is his speech on Monday, do you think each would be a good idea or a bad idea for the UK?
 Using government contracts to buy more goods and services from British businesses.",Leader favourability (Burnham),burnham,Very good idea,Fairly good idea,Neither a good nor a bad idea,Fairly bad idea,Very bad idea,,,,,,29.9,34.9,16.4,3.0,2.6,,,,,,VI-2026-07-01-Opinium-Observer-Web-Tables-1704.xlsx,LAB5 (4)
"2,050 UK adults",1st - 3rd July 2026,,,,2050,,region,Mids,"Q:LAB5. Thinking about the following proposals made by Andy Burnham is his speech on Monday, do you think each would be a good idea or a bad idea for the UK?
 Using government contracts to buy more goods and services from British businesses.",Leader favourability (Burnham),burnham,Very good idea,Fairly good idea,Neither a good nor a bad idea,Fairly bad idea,Very bad idea,,,,,,24.0,30.2,19.9,5.3,3.1,,,,,,VI-2026-07-01-Opinium-Observer-Web-Tables-1704.xlsx,LAB5 (4)
"2,050 UK adults",1st - 3rd July 2026,,,,2050,,region,London,"Q:LAB5. Thinking about the following proposals made by Andy Burnham is his speech on Monday, do you think each would be a good idea or a bad idea for the UK?
 Using government contracts to buy more goods and services from British businesses.",Leader favourability (Burnham),burnham,Very good idea,Fairly good idea,Neither a good nor a bad idea,Fairly bad idea,Very bad idea,,,,,,29.5,31.4,20.3,2.8,4.1,,,,,,VI-2026-07-01-Opinium-Observer-Web-Tables-1704.xlsx,LAB5 (4)
"2,050 UK adults",1st - 3rd July 2026,,,,2050,,region,South,"Q:LAB5. Thinking about the following proposals made by Andy Burnham is his speech on Monday, do you think each would be a good idea or a bad idea for the UK?
 Using government contracts to buy more goods and services from British businesses.",Leader favourability (Burnham),burnham,Very good idea,Fairly good idea,Neither a good nor a bad idea,Fairly bad idea,Very bad idea,,,,,,24.2,37.3,18.6,3.5,3.2,,,,,,VI-2026-07-01-Opinium-Observer-Web-Tables-1704.xlsx,LAB5 (4)
"2,050 UK adults",1st - 3rd July 2026,,,,2050,,region,Wales,"Q:LAB5. Thinking about the following proposals made by Andy Burnham is his speech on Monday, do you think each would be a good idea or a bad idea for the UK?
 Using government contracts to buy more goods and services from British businesses.",Leader favourability (Burnham),burnham,Very good idea,Fairly good idea,Neither a good nor a bad idea,Fairly bad idea,Very bad idea,,,,,,29.6,34.1,13.6,1.1,1.6,,,,,,VI-2026-07-01-Opinium-Observer-Web-Tables-1704.xlsx,LAB5 (4)
"2,050 UK adults",1st - 3rd July 2026,,,,2050,,region,Scotland,"Q:LAB5. Thinking about the following proposals made by Andy Burnham is his speech on Monday, do you think each would be a good idea or a bad idea for the UK?
 Using government contracts to buy more goods and services from British businesses.",Leader favourability (Burnham),burnham,Very good idea,Fairly good idea,Neither a good nor a bad idea,Fairly bad idea,Very bad idea,,,,,,24.6,36.6,19.4,1.6,1.6,,,,,,VI-2026-07-01-Opinium-Observer-Web-Tables-1704.xlsx,LAB5 (4)
"2,050 UK adults",1st - 3rd July 2026,,,,2050,,region,Northern Ireland,"Q:LAB5. Thinking about the following proposals made by Andy Burnham is his speech on Monday, do you think each would be a good idea or a bad idea for the UK?
 Using government contracts to buy more goods and services from British businesses.",Leader favourability (Burnham),burnham,Very good idea,Fairly good idea,Neither a good nor a bad idea,Fairly bad idea,Very bad idea,,,,,,21.4,27.4,13.9,,13.3,,,,,,VI-2026-07-01-Opinium-Observer-Web-Tables-1704.xlsx,LAB5 (4)
"2,050 UK adults",1st - 3rd July 2026,,,,2050,,total,Total,"Q:LAB5. Thinking about the following proposals made by Andy Burnham is his speech on Monday, do you think each would be a good idea or a bad idea for the UK?
 Building large numbers of new council homes to help make housing more affordable.",Leader favourability (Burnham),burnham,Very good idea,Fairly good idea,Neither a good nor a bad idea,Fairly bad idea,Very bad idea,,,,,,24.7,28.1,21.0,7.2,6.2,,,,,,VI-2026-07-01-Opinium-Observer-Web-Tables-1704.xlsx,LAB5 (5)
"2,050 UK adults",1st - 3rd July 2026,,,,2050,,current_vote,Con,"Q:LAB5. Thinking about the following proposals made by Andy Burnham is his speech on Monday, do you think each would be a good idea or a bad idea for the UK?
 Building large numbers of new council homes to help make housing more affordable.",Leader favourability (Burnham),burnham,Very good idea,Fairly good idea,Neither a good nor a bad idea,Fairly bad idea,Very bad idea,,,,,,13.7,35.5,22.2,11.4,7.9,,,,,,VI-2026-07-01-Opinium-Observer-Web-Tables-1704.xlsx,LAB5 (5)
"2,050 UK adults",1st - 3rd July 2026,,,,2050,,current_vote,Lab,"Q:LAB5. Thinking about the following proposals made by Andy Burnham is his speech on Monday, do you think each would be a good idea or a bad idea for the UK?
 Building large numbers of new council homes to help make housing more affordable.",Leader favourability (Burnham),burnham,Very good idea,Fairly good idea,Neither a good nor a bad idea,Fairly bad idea,Very bad idea,,,,,,42.9,32.4,17.4,3.6,0.6,,,,,,VI-2026-07-01-Opinium-Observer-Web-Tables-1704.xlsx,LAB5 (5)
"2,050 UK adults",1st - 3rd July 2026,,,,2050,,current_vote,Lib Dem,"Q:LAB5. Thinking about the following proposals made by Andy Burnham is his speech on Monday, do you think each would be a good idea or a bad idea for the UK?
 Building large numbers of new council homes to help make housing more affordable.",Leader favourability (Burnham),burnham,Very good idea,Fairly good idea,Neither a good nor a bad idea,Fairly bad idea,Very bad idea,,,,,,29.5,33.7,18.4,4.0,7.1,,,,,,VI-2026-07-01-Opinium-Observer-Web-Tables-1704.xlsx,LAB5 (5)
"2,050 UK adults",1st - 3rd July 2026,,,,2050,,current_vote,Reform,"Q:LAB5. Thinking about the following proposals made by Andy Burnham is his speech on Monday, do you think each would be a good idea or a bad idea for the UK?
 Building large numbers of new council homes to help make housing more affordable.",Leader favourability (Burnham),burnham,Very good idea,Fairly good idea,Neither a good nor a bad idea,Fairly bad idea,Very bad idea,,,,,,16.4,28.3,24.8,9.3,13.0,,,,,,VI-2026-07-01-Opinium-Observer-Web-Tables-1704.xlsx,LAB5 (5)
"2,050 UK adults",1st - 3rd July 2026,,,,2050,,current_vote,Green,"Q:LAB5. Thinking about the following proposals made by Andy Burnham is his speech on Monday, do you think each would be a good idea or a bad idea for the UK?
 Building large numbers of new council homes to help make housing more affordable.",Leader favourability (Burnham),burnham,Very good idea,Fairly good idea,Neither a good nor a bad idea,Fairly bad idea,Very bad idea,,,,,,44.2,21.8,17.7,6.3,1.9,,,,,,VI-2026-07-01-Opinium-Observer-Web-Tables-1704.xlsx,LAB5 (5)
"2,050 UK adults",1st - 3rd July 2026,,,,2050,,historic_vote,Con,"Q:LAB5. Thinking about the following proposals made by Andy Burnham is his speech on Monday, do you think each would be a good idea or a bad idea for the UK?
 Building large numbers of new council homes to help make housing more affordable.",Leader favourability (Burnham),burnham,Very good idea,Fairly good idea,Neither a good nor a bad idea,Fairly bad idea,Very bad idea,,,,,,14.6,30.3,23.5,12.4,11.1,,,,,,VI-2026-07-01-Opinium-Observer-Web-Tables-1704.xlsx,LAB5 (5)
"2,050 UK adults",1st - 3rd July 2026,,,,2050,,historic_vote,Lab,"Q:LAB5. Thinking about the following proposals made by Andy Burnham is his speech on Monday, do you think each would be a good idea or a bad idea for the UK?
 Building large numbers of new council homes to help make housing more affordable.",Leader favourability (Burnham),burnham,Very good idea,Fairly good idea,Neither a good nor a bad idea,Fairly bad idea,Very bad idea,,,,,,40.6,32.6,16.9,3.3,1.2,,,,,,VI-2026-07-01-Opinium-Observer-Web-Tables-1704.xlsx,LAB5 (5)
"2,050 UK adults",1st - 3rd July 2026,,,,2050,,historic_vote,Lib Dems,"Q:LAB5. Thinking about the following proposals made by Andy Burnham is his speech on Monday, do you think each would be a good idea or a bad idea for the UK?
 Building large numbers of new council homes to help make housing more affordable.",Leader favourability (Burnham),burnham,Very good idea,Fairly good idea,Neither a good nor a bad idea,Fairly bad idea,Very bad idea,,,,,,29.7,27.6,22.2,3.3,7.9,,,,,,VI-2026-07-01-Opinium-Observer-Web-Tables-1704.xlsx,LAB5 (5)
"2,050 UK adults",1st - 3rd July 2026,,,,2050,,historic_vote,Reform,"Q:LAB5. Thinking about the following proposals made by Andy Burnham is his speech on Monday, do you think each would be a good idea or a bad idea for the UK?
 Building large numbers of new council homes to help make housing more affordable.",Leader favourability (Burnham),burnham,Very good idea,Fairly good idea,Neither a good nor a bad idea,Fairly bad idea,Very bad idea,,,,,,15.6,31.1,24.5,8.8,11.4,,,,,,VI-2026-07-01-Opinium-Observer-Web-Tables-1704.xlsx,LAB5 (5)
"2,050 UK adults",1st - 3rd July 2026,,,,2050,,historic_vote,Green,"Q:LAB5. Thinking about the following proposals made by Andy Burnham is his speech on Monday, do you think each would be a good idea or a bad idea for the UK?
 Building large numbers of new council homes to help make housing more affordable.",Leader favourability (Burnham),burnham,Very good idea,Fairly good idea,Neither a good nor a bad idea,Fairly bad idea,Very bad idea,,,,,,33.1,26.0,19.4,6.7,5.4,,,,,,VI-2026-07-01-Opinium-Observer-Web-Tables-1704.xlsx,LAB5 (5)
"2,050 UK adults",1st - 3rd July 2026,,,,2050,,historic_vote,Con,"Q:LAB5. Thinking about the following proposals made by Andy Burnham is his speech on Monday, do you think each would be a good idea or a bad idea for the UK?
 Building large numbers of new council homes to help make housing more affordable.",Leader favourability (Burnham),burnham,Very good idea,Fairly good idea,Neither a good nor a bad idea,Fairly bad idea,Very bad idea,,,,,,17.2,29.9,23.7,10.7,10.0,,,,,,VI-2026-07-01-Opinium-Observer-Web-Tables-1704.xlsx,LAB5 (5)
"2,050 UK adults",1st - 3rd July 2026,,,,2050,,historic_vote,Lab,"Q:LAB5. Thinking about the following proposals made by Andy Burnham is his speech on Monday, do you think each would be a good idea or a bad idea for the UK?
 Building large numbers of new council homes to help make housing more affordable.",Leader favourability (Burnham),burnham,Very good idea,Fairly good idea,Neither a good nor a bad idea,Fairly bad idea,Very bad idea,,,,,,42.3,30.2,18.5,2.3,1.9,,,,,,VI-2026-07-01-Opinium-Observer-Web-Tables-1704.xlsx,LAB5 (5)
"2,050 UK adults",1st - 3rd July 2026,,,,2050,,historic_vote,Lib Dem,"Q:LAB5. Thinking about the following proposals made by Andy Burnham is his speech on Monday, do you think each would be a good idea or a bad idea for the UK?
 Building large numbers of new council homes to help make housing more affordable.",Leader favourability (Burnham),burnham,Very good idea,Fairly good idea,Neither a good nor a bad idea,Fairly bad idea,Very bad idea,,,,,,40.0,26.9,18.5,2.3,7.0,,,,,,VI-2026-07-01-Opinium-Observer-Web-Tables-1704.xlsx,LAB5 (5)
"2,050 UK adults",1st - 3rd July 2026,,,,2050,,historic_vote,Remain,"Q:LAB5. Thinking about the following proposals made by Andy Burnham is his speech on Monday, do you think each would be a good idea or a bad idea for the UK?
 Building large numbers of new council homes to help make housing more affordable.",Leader favourability (Burnham),burnham,Very good idea,Fairly good idea,Neither a good nor a bad idea,Fairly bad idea,Very bad idea,,,,,,34.1,30.9,18.1,4.2,4.7,,,,,,VI-2026-07-01-Opinium-Observer-Web-Tables-1704.xlsx,LAB5 (5)
"2,050 UK adults",1st - 3rd July 2026,,,,2050,,historic_vote,Leave,"Q:LAB5. Thinking about the following proposals made by Andy Burnham is his speech on Monday, do you think each would be a good idea or a bad idea for the UK?
 Building large numbers of new council homes to help make housing more affordable.",Leader favourability (Burnham),burnham,Very good idea,Fairly good idea,Neither a good nor a bad idea,Fairly bad idea,Very bad idea,,,,,,19.1,28.0,23.8,9.2,9.9,,,,,,VI-2026-07-01-Opinium-Observer-Web-Tables-1704.xlsx,LAB5 (5)
"2,050 UK adults",1st - 3rd July 2026,,,,2050,,gender,Male,"Q:LAB5. Thinking about the following proposals made by Andy Burnham is his speech on Monday, do you think each would be a good idea or a bad idea for the UK?
 Building large numbers of new council homes to help make housing more affordable.",Leader favourability (Burnham),burnham,Very good idea,Fairly good idea,Neither a good nor a bad idea,Fairly bad idea,Very bad idea,,,,,,26.0,29.1,23.0,6.1,7.4,,,,,,VI-2026-07-01-Opinium-Observer-Web-Tables-1704.xlsx,LAB5 (5)
"2,050 UK adults",1st - 3rd July 2026,,,,2050,,gender,Female,"Q:LAB5. Thinking about the following proposals made by Andy Burnham is his speech on Monday, do you think each would be a good idea or a bad idea for the UK?
 Building large numbers of new council homes to help make housing more affordable.",Leader favourability (Burnham),burnham,Very good idea,Fairly good idea,Neither a good nor a bad idea,Fairly bad idea,Very bad idea,,,,,,23.4,27.5,19.3,8.3,5.2,,,,,,VI-2026-07-01-Opinium-Observer-Web-Tables-1704.xlsx,LAB5 (5)
"2,050 UK adults",1st - 3rd July 2026,,,,2050,,age,18-34,"Q:LAB5. Thinking about the following proposals made by Andy Burnham is his speech on Monday, do you think each would be a good idea or a bad idea for the UK?
 Building large numbers of new council homes to help make housing more affordable.",Leader favourability (Burnham),burnham,Very good idea,Fairly good idea,Neither a good nor a bad idea,Fairly bad idea,Very bad idea,,,,,,24.4,28.8,21.7,7.1,4.7,,,,,,VI-2026-07-01-Opinium-Observer-Web-Tables-1704.xlsx,LAB5 (5)
"2,050 UK adults",1st - 3rd July 2026,,,,2050,,age,35-49,"Q:LAB5. Thinking about the following proposals made by Andy Burnham is his speech on Monday, do you think each would be a good idea or a bad idea for the UK?
 Building large numbers of new council homes to help make housing more affordable.",Leader favourability (Burnham),burnham,Very good idea,Fairly good idea,Neither a good nor a bad idea,Fairly bad idea,Very bad idea,,,,,,25.0,25.1,24.2,6.8,5.5,,,,,,VI-2026-07-01-Opinium-Observer-Web-Tables-1704.xlsx,LAB5 (5)
"2,050 UK adults",1st - 3rd July 2026,,,,2050,,age,50-64,"Q:LAB5. Thinking about the following proposals made by Andy Burnham is his speech on Monday, do you think each would be a good idea or a bad idea for the UK?
 Building large numbers of new council homes to help make housing more affordable.",Leader favourability (Burnham),burnham,Very good idea,Fairly good idea,Neither a good nor a bad idea,Fairly bad idea,Very bad idea,,,,,,28.7,24.9,18.1,7.5,7.5,,,,,,VI-2026-07-01-Opinium-Observer-Web-Tables-1704.xlsx,LAB5 (5)
"2,050 UK adults",1st - 3rd July 2026,,,,2050,,age,65+,"Q:LAB5. Thinking about the following proposals made by Andy Burnham is his speech on Monday, do you think each would be a good idea or a bad idea for the UK?
 Building large numbers of new council homes to help make housing more affordable.",Leader favourability (Burnham),burnham,Very good idea,Fairly good idea,Neither a good nor a bad idea,Fairly bad idea,Very bad idea,,,,,,20.7,33.7,19.9,7.5,7.5,,,,,,VI-2026-07-01-Opinium-Observer-Web-Tables-1704.xlsx,LAB5 (5)
"2,050 UK adults",1st - 3rd July 2026,,,,2050,,region,North,"Q:LAB5. Thinking about the following proposals made by Andy Burnham is his speech on Monday, do you think each would be a good idea or a bad idea for the UK?
 Building large numbers of new council homes to help make housing more affordable.",Leader favourability (Burnham),burnham,Very good idea,Fairly good idea,Neither a good nor a bad idea,Fairly bad idea,Very bad idea,,,,,,25.8,29.2,21.0,6.0,5.3,,,,,,VI-2026-07-01-Opinium-Observer-Web-Tables-1704.xlsx,LAB5 (5)
"2,050 UK adults",1st - 3rd July 2026,,,,2050,,region,Mids,"Q:LAB5. Thinking about the following proposals made by Andy Burnham is his speech on Monday, do you think each would be a good idea or a bad idea for the UK?
 Building large numbers of new council homes to help make housing more affordable.",Leader favourability (Burnham),burnham,Very good idea,Fairly good idea,Neither a good nor a bad idea,Fairly bad idea,Very bad idea,,,,,,19.4,30.6,20.6,5.2,9.1,,,,,,VI-2026-07-01-Opinium-Observer-Web-Tables-1704.xlsx,LAB5 (5)
"2,050 UK adults",1st - 3rd July 2026,,,,2050,,region,London,"Q:LAB5. Thinking about the following proposals made by Andy Burnham is his speech on Monday, do you think each would be a good idea or a bad idea for the UK?
 Building large numbers of new council homes to help make housing more affordable.",Leader favourability (Burnham),burnham,Very good idea,Fairly good idea,Neither a good nor a bad idea,Fairly bad idea,Very bad idea,,,,,,29.0,27.2,19.5,7.0,5.0,,,,,,VI-2026-07-01-Opinium-Observer-Web-Tables-1704.xlsx,LAB5 (5)
"2,050 UK adults",1st - 3rd July 2026,,,,2050,,region,South,"Q:LAB5. Thinking about the following proposals made by Andy Burnham is his speech on Monday, do you think each would be a good idea or a bad idea for the UK?
 Building large numbers of new council homes to help make housing more affordable.",Leader favourability (Burnham),burnham,Very good idea,Fairly good idea,Neither a good nor a bad idea,Fairly bad idea,Very bad idea,,,,,,24.3,25.7,24.3,8.2,7.0,,,,,,VI-2026-07-01-Opinium-Observer-Web-Tables-1704.xlsx,LAB5 (5)
"2,050 UK adults",1st - 3rd July 2026,,,,2050,,region,Wales,"Q:LAB5. Thinking about the following proposals made by Andy Burnham is his speech on Monday, do you think each would be a good idea or a bad idea for the UK?
 Building large numbers of new council homes to help make housing more affordable.",Leader favourability (Burnham),burnham,Very good idea,Fairly good idea,Neither a good nor a bad idea,Fairly bad idea,Very bad idea,,,,,,22.2,28.7,17.4,10.2,3.1,,,,,,VI-2026-07-01-Opinium-Observer-Web-Tables-1704.xlsx,LAB5 (5)
"2,050 UK adults",1st - 3rd July 2026,,,,2050,,region,Scotland,"Q:LAB5. Thinking about the following proposals made by Andy Burnham is his speech on Monday, do you think each would be a good idea or a bad idea for the UK?
 Building large numbers of new council homes to help make housing more affordable.",Leader favourability (Burnham),burnham,Very good idea,Fairly good idea,Neither a good nor a bad idea,Fairly bad idea,Very bad idea,,,,,,29.0,32.1,15.3,8.6,1.3,,,,,,VI-2026-07-01-Opinium-Observer-Web-Tables-1704.xlsx,LAB5 (5)
"2,050 UK adults",1st - 3rd July 2026,,,,2050,,region,Northern Ireland,"Q:LAB5. Thinking about the following proposals made by Andy Burnham is his speech on Monday, do you think each would be a good idea or a bad idea for the UK?
 Building large numbers of new council homes to help make housing more affordable.",Leader favourability (Burnham),burnham,Very good idea,Fairly good idea,Neither a good nor a bad idea,Fairly bad idea,Very bad idea,,,,,,23.5,22.8,13.9,10.2,15.4,,,,,,VI-2026-07-01-Opinium-Observer-Web-Tables-1704.xlsx,LAB5 (5)
"2,050 UK adults",1st - 3rd July 2026,,,,2050,,total,Total,"Q:LAB5. Thinking about the following proposals made by Andy Burnham is his speech on Monday, do you think each would be a good idea or a bad idea for the UK?
 Giving local areas greater control over services such as transport, housing, energy and employment support.",Leader favourability (Burnham),burnham,Very good idea,Fairly good idea,Neither a good nor a bad idea,Fairly bad idea,Very bad idea,,,,,,20.5,33.2,22.6,5.9,3.8,,,,,,VI-2026-07-01-Opinium-Observer-Web-Tables-1704.xlsx,LAB5 (6)
"2,050 UK adults",1st - 3rd July 2026,,,,2050,,current_vote,Con,"Q:LAB5. Thinking about the following proposals made by Andy Burnham is his speech on Monday, do you think each would be a good idea or a bad idea for the UK?
 Giving local areas greater control over services such as transport, housing, energy and employment support.",Leader favourability (Burnham),burnham,Very good idea,Fairly good idea,Neither a good nor a bad idea,Fairly bad idea,Very bad idea,,,,,,14.3,39.0,29.1,5.9,5.9,,,,,,VI-2026-07-01-Opinium-Observer-Web-Tables-1704.xlsx,LAB5 (6)
"2,050 UK adults",1st - 3rd July 2026,,,,2050,,current_vote,Lab,"Q:LAB5. Thinking about the following proposals made by Andy Burnham is his speech on Monday, do you think each would be a good idea or a bad idea for the UK?
 Giving local areas greater control over services such as transport, housing, energy and employment support.",Leader favourability (Burnham),burnham,Very good idea,Fairly good idea,Neither a good nor a bad idea,Fairly bad idea,Very bad idea,,,,,,35.6,34.1,21.1,3.7,0.5,,,,,,VI-2026-07-01-Opinium-Observer-Web-Tables-1704.xlsx,LAB5 (6)
"2,050 UK adults",1st - 3rd July 2026,,,,2050,,current_vote,Lib Dem,"Q:LAB5. Thinking about the following proposals made by Andy Burnham is his speech on Monday, do you think each would be a good idea or a bad idea for the UK?
 Giving local areas greater control over services such as transport, housing, energy and employment support.",Leader favourability (Burnham),burnham,Very good idea,Fairly good idea,Neither a good nor a bad idea,Fairly bad idea,Very bad idea,,,,,,24.4,36.8,19.5,6.4,1.0,,,,,,VI-2026-07-01-Opinium-Observer-Web-Tables-1704.xlsx,LAB5 (6)
"2,050 UK adults",1st - 3rd July 2026,,,,2050,,current_vote,Reform,"Q:LAB5. Thinking about the following proposals made by Andy Burnham is his speech on Monday, do you think each would be a good idea or a bad idea for the UK?
 Giving local areas greater control over services such as transport, housing, energy and employment support.",Leader favourability (Burnham),burnham,Very good idea,Fairly good idea,Neither a good nor a bad idea,Fairly bad idea,Very bad idea,,,,,,17.1,33.0,21.5,10.7,7.9,,,,,,VI-2026-07-01-Opinium-Observer-Web-Tables-1704.xlsx,LAB5 (6)
"2,050 UK adults",1st - 3rd July 2026,,,,2050,,current_vote,Green,"Q:LAB5. Thinking about the following proposals made by Andy Burnham is his speech on Monday, do you think each would be a good idea or a bad idea for the UK?
 Giving local areas greater control over services such as transport, housing, energy and employment support.",Leader favourability (Burnham),burnham,Very good idea,Fairly good idea,Neither a good nor a bad idea,Fairly bad idea,Very bad idea,,,,,,27.5,38.8,18.2,3.1,0.9,,,,,,VI-2026-07-01-Opinium-Observer-Web-Tables-1704.xlsx,LAB5 (6)
"2,050 UK adults",1st - 3rd July 2026,,,,2050,,historic_vote,Con,"Q:LAB5. Thinking about the following proposals made by Andy Burnham is his speech on Monday, do you think each would be a good idea or a bad idea for the UK?
 Giving local areas greater control over services such as transport, housing, energy and employment support.",Leader favourability (Burnham),burnham,Very good idea,Fairly good idea,Neither a good nor a bad idea,Fairly bad idea,Very bad idea,,,,,,12.8,37.5,28.5,7.4,7.4,,,,,,VI-2026-07-01-Opinium-Observer-Web-Tables-1704.xlsx,LAB5 (6)
"2,050 UK adults",1st - 3rd July 2026,,,,2050,,historic_vote,Lab,"Q:LAB5. Thinking about the following proposals made by Andy Burnham is his speech on Monday, do you think each would be a good idea or a bad idea for the UK?
 Giving local areas greater control over services such as transport, housing, energy and employment support.",Leader favourability (Burnham),burnham,Very good idea,Fairly good idea,Neither a good nor a bad idea,Fairly bad idea,Very bad idea,,,,,,31.4,39.6,15.9,3.9,1.2,,,,,,VI-2026-07-01-Opinium-Observer-Web-Tables-1704.xlsx,LAB5 (6)
"2,050 UK adults",1st - 3rd July 2026,,,,2050,,historic_vote,Lib Dems,"Q:LAB5. Thinking about the following proposals made by Andy Burnham is his speech on Monday, do you think each would be a good idea or a bad idea for the UK?
 Giving local areas greater control over services such as transport, housing, energy and employment support.",Leader favourability (Burnham),burnham,Very good idea,Fairly good idea,Neither a good nor a bad idea,Fairly bad idea,Very bad idea,,,,,,24.3,38.7,20.1,3.8,1.2,,,,,,VI-2026-07-01-Opinium-Observer-Web-Tables-1704.xlsx,LAB5 (6)
"2,050 UK adults",1st - 3rd July 2026,,,,2050,,historic_vote,Reform,"Q:LAB5. Thinking about the following proposals made by Andy Burnham is his speech on Monday, do you think each would be a good idea or a bad idea for the UK?
 Giving local areas greater control over services such as transport, housing, energy and employment support.",Leader favourability (Burnham),burnham,Very good idea,Fairly good idea,Neither a good nor a bad idea,Fairly bad idea,Very bad idea,,,,,,18.5,30.5,21.1,12.7,8.0,,,,,,VI-2026-07-01-Opinium-Observer-Web-Tables-1704.xlsx,LAB5 (6)
"2,050 UK adults",1st - 3rd July 2026,,,,2050,,historic_vote,Green,"Q:LAB5. Thinking about the following proposals made by Andy Burnham is his speech on Monday, do you think each would be a good idea or a bad idea for the UK?
 Giving local areas greater control over services such as transport, housing, energy and employment support.",Leader favourability (Burnham),burnham,Very good idea,Fairly good idea,Neither a good nor a bad idea,Fairly bad idea,Very bad idea,,,,,,19.3,33.6,27.7,4.0,2.3,,,,,,VI-2026-07-01-Opinium-Observer-Web-Tables-1704.xlsx,LAB5 (6)
"2,050 UK adults",1st - 3rd July 2026,,,,2050,,historic_vote,Con,"Q:LAB5. Thinking about the following proposals made by Andy Burnham is his speech on Monday, do you think each would be a good idea or a bad idea for the UK?
 Giving local areas greater control over services such as transport, housing, energy and employment support.",Leader favourability (Burnham),burnham,Very good idea,Fairly good idea,Neither a good nor a bad idea,Fairly bad idea,Very bad idea,,,,,,15.8,37.5,24.6,7.7,6.6,,,,,,VI-2026-07-01-Opinium-Observer-Web-Tables-1704.xlsx,LAB5 (6)
"2,050 UK adults",1st - 3rd July 2026,,,,2050,,historic_vote,Lab,"Q:LAB5. Thinking about the following proposals made by Andy Burnham is his speech on Monday, do you think each would be a good idea or a bad idea for the UK?
 Giving local areas greater control over services such as transport, housing, energy and employment support.",Leader favourability (Burnham),burnham,Very good idea,Fairly good idea,Neither a good nor a bad idea,Fairly bad idea,Very bad idea,,,,,,29.9,38.2,20.1,2.5,2.3,,,,,,VI-2026-07-01-Opinium-Observer-Web-Tables-1704.xlsx,LAB5 (6)
"2,050 UK adults",1st - 3rd July 2026,,,,2050,,historic_vote,Lib Dem,"Q:LAB5. Thinking about the following proposals made by Andy Burnham is his speech on Monday, do you think each would be a good idea or a bad idea for the UK?
 Giving local areas greater control over services such as transport, housing, energy and employment support.",Leader favourability (Burnham),burnham,Very good idea,Fairly good idea,Neither a good nor a bad idea,Fairly bad idea,Very bad idea,,,,,,33.8,32.0,14.7,7.0,0.6,,,,,,VI-2026-07-01-Opinium-Observer-Web-Tables-1704.xlsx,LAB5 (6)
"2,050 UK adults",1st - 3rd July 2026,,,,2050,,historic_vote,Remain,"Q:LAB5. Thinking about the following proposals made by Andy Burnham is his speech on Monday, do you think each would be a good idea or a bad idea for the UK?
 Giving local areas greater control over services such as transport, housing, energy and employment support.",Leader favourability (Burnham),burnham,Very good idea,Fairly good idea,Neither a good nor a bad idea,Fairly bad idea,Very bad idea,,,,,,26.2,34.2,20.9,4.0,2.5,,,,,,VI-2026-07-01-Opinium-Observer-Web-Tables-1704.xlsx,LAB5 (6)
"2,050 UK adults",1st - 3rd July 2026,,,,2050,,historic_vote,Leave,"Q:LAB5. Thinking about the following proposals made by Andy Burnham is his speech on Monday, do you think each would be a good idea or a bad idea for the UK?
 Giving local areas greater control over services such as transport, housing, energy and employment support.",Leader favourability (Burnham),burnham,Very good idea,Fairly good idea,Neither a good nor a bad idea,Fairly bad idea,Very bad idea,,,,,,16.4,34.9,22.7,8.5,6.6,,,,,,VI-2026-07-01-Opinium-Observer-Web-Tables-1704.xlsx,LAB5 (6)
"2,050 UK adults",1st - 3rd July 2026,,,,2050,,gender,Male,"Q:LAB5. Thinking about the following proposals made by Andy Burnham is his speech on Monday, do you think each would be a good idea or a bad idea for the UK?
 Giving local areas greater control over services such as transport, housing, energy and employment support.",Leader favourability (Burnham),burnham,Very good idea,Fairly good idea,Neither a good nor a bad idea,Fairly bad idea,Very bad idea,,,,,,19.7,33.2,24.0,8.2,5.3,,,,,,VI-2026-07-01-Opinium-Observer-Web-Tables-1704.xlsx,LAB5 (6)
"2,050 UK adults",1st - 3rd July 2026,,,,2050,,gender,Female,"Q:LAB5. Thinking about the following proposals made by Andy Burnham is his speech on Monday, do you think each would be a good idea or a bad idea for the UK?
 Giving local areas greater control over services such as transport, housing, energy and employment support.",Leader favourability (Burnham),burnham,Very good idea,Fairly good idea,Neither a good nor a bad idea,Fairly bad idea,Very bad idea,,,,,,21.3,33.4,21.2,3.8,2.5,,,,,,VI-2026-07-01-Opinium-Observer-Web-Tables-1704.xlsx,LAB5 (6)
"2,050 UK adults",1st - 3rd July 2026,,,,2050,,age,18-34,"Q:LAB5. Thinking about the following proposals made by Andy Burnham is his speech on Monday, do you think each would be a good idea or a bad idea for the UK?
 Giving local areas greater control over services such as transport, housing, energy and employment support.",Leader favourability (Burnham),burnham,Very good idea,Fairly good idea,Neither a good nor a bad idea,Fairly bad idea,Very bad idea,,,,,,23.7,31.9,22.8,7.5,2.3,,,,,,VI-2026-07-01-Opinium-Observer-Web-Tables-1704.xlsx,LAB5 (6)
"2,050 UK adults",1st - 3rd July 2026,,,,2050,,age,35-49,"Q:LAB5. Thinking about the following proposals made by Andy Burnham is his speech on Monday, do you think each would be a good idea or a bad idea for the UK?
 Giving local areas greater control over services such as transport, housing, energy and employment support.",Leader favourability (Burnham),burnham,Very good idea,Fairly good idea,Neither a good nor a bad idea,Fairly bad idea,Very bad idea,,,,,,22.5,32.7,22.6,3.9,3.3,,,,,,VI-2026-07-01-Opinium-Observer-Web-Tables-1704.xlsx,LAB5 (6)
"2,050 UK adults",1st - 3rd July 2026,,,,2050,,age,50-64,"Q:LAB5. Thinking about the following proposals made by Andy Burnham is his speech on Monday, do you think each would be a good idea or a bad idea for the UK?
 Giving local areas greater control over services such as transport, housing, energy and employment support.",Leader favourability (Burnham),burnham,Very good idea,Fairly good idea,Neither a good nor a bad idea,Fairly bad idea,Very bad idea,,,,,,18.6,33.4,22.9,6.1,4.1,,,,,,VI-2026-07-01-Opinium-Observer-Web-Tables-1704.xlsx,LAB5 (6)
"2,050 UK adults",1st - 3rd July 2026,,,,2050,,age,65+,"Q:LAB5. Thinking about the following proposals made by Andy Burnham is his speech on Monday, do you think each would be a good idea or a bad idea for the UK?
 Giving local areas greater control over services such as transport, housing, energy and employment support.",Leader favourability (Burnham),burnham,Very good idea,Fairly good idea,Neither a good nor a bad idea,Fairly bad idea,Very bad idea,,,,,,16.7,34.8,21.9,5.9,5.8,,,,,,VI-2026-07-01-Opinium-Observer-Web-Tables-1704.xlsx,LAB5 (6)
"2,050 UK adults",1st - 3rd July 2026,,,,2050,,region,North,"Q:LAB5. Thinking about the following proposals made by Andy Burnham is his speech on Monday, do you think each would be a good idea or a bad idea for the UK?
 Giving local areas greater control over services such as transport, housing, energy and employment support.",Leader favourability (Burnham),burnham,Very good idea,Fairly good idea,Neither a good nor a bad idea,Fairly bad idea,Very bad idea,,,,,,26.1,32.5,22.1,3.2,2.8,,,,,,VI-2026-07-01-Opinium-Observer-Web-Tables-1704.xlsx,LAB5 (6)
"2,050 UK adults",1st - 3rd July 2026,,,,2050,,region,Mids,"Q:LAB5. Thinking about the following proposals made by Andy Burnham is his speech on Monday, do you think each would be a good idea or a bad idea for the UK?
 Giving local areas greater control over services such as transport, housing, energy and employment support.",Leader favourability (Burnham),burnham,Very good idea,Fairly good idea,Neither a good nor a bad idea,Fairly bad idea,Very bad idea,,,,,,14.2,35.2,26.0,4.8,4.2,,,,,,VI-2026-07-01-Opinium-Observer-Web-Tables-1704.xlsx,LAB5 (6)
"2,050 UK adults",1st - 3rd July 2026,,,,2050,,region,London,"Q:LAB5. Thinking about the following proposals made by Andy Burnham is his speech on Monday, do you think each would be a good idea or a bad idea for the UK?
 Giving local areas greater control over services such as transport, housing, energy and employment support.",Leader favourability (Burnham),burnham,Very good idea,Fairly good idea,Neither a good nor a bad idea,Fairly bad idea,Very bad idea,,,,,,21.8,32.0,22.4,6.9,3.5,,,,,,VI-2026-07-01-Opinium-Observer-Web-Tables-1704.xlsx,LAB5 (6)
"2,050 UK adults",1st - 3rd July 2026,,,,2050,,region,South,"Q:LAB5. Thinking about the following proposals made by Andy Burnham is his speech on Monday, do you think each would be a good idea or a bad idea for the UK?
 Giving local areas greater control over services such as transport, housing, energy and employment support.",Leader favourability (Burnham),burnham,Very good idea,Fairly good idea,Neither a good nor a bad idea,Fairly bad idea,Very bad idea,,,,,,18.5,37.3,20.9,7.2,4.4,,,,,,VI-2026-07-01-Opinium-Observer-Web-Tables-1704.xlsx,LAB5 (6)
"2,050 UK adults",1st - 3rd July 2026,,,,2050,,region,Wales,"Q:LAB5. Thinking about the following proposals made by Andy Burnham is his speech on Monday, do you think each would be a good idea or a bad idea for the UK?
 Giving local areas greater control over services such as transport, housing, energy and employment support.",Leader favourability (Burnham),burnham,Very good idea,Fairly good idea,Neither a good nor a bad idea,Fairly bad idea,Very bad idea,,,,,,20.1,24.4,27.6,9.8,0.9,,,,,,VI-2026-07-01-Opinium-Observer-Web-Tables-1704.xlsx,LAB5 (6)
"2,050 UK adults",1st - 3rd July 2026,,,,2050,,region,Scotland,"Q:LAB5. Thinking about the following proposals made by Andy Burnham is his speech on Monday, do you think each would be a good idea or a bad idea for the UK?
 Giving local areas greater control over services such as transport, housing, energy and employment support.",Leader favourability (Burnham),burnham,Very good idea,Fairly good idea,Neither a good nor a bad idea,Fairly bad idea,Very bad idea,,,,,,22.4,27.3,22.2,7.2,2.4,,,,,,VI-2026-07-01-Opinium-Observer-Web-Tables-1704.xlsx,LAB5 (6)
"2,050 UK adults",1st - 3rd July 2026,,,,2050,,region,Northern Ireland,"Q:LAB5. Thinking about the following proposals made by Andy Burnham is his speech on Monday, do you think each would be a good idea or a bad idea for the UK?
 Giving local areas greater control over services such as transport, housing, energy and employment support.",Leader favourability (Burnham),burnham,Very good idea,Fairly good idea,Neither a good nor a bad idea,Fairly bad idea,Very bad idea,,,,,,21.8,16.9,18.4,4.6,13.8,,,,,,VI-2026-07-01-Opinium-Observer-Web-Tables-1704.xlsx,LAB5 (6)
"2,050 UK adults",1st - 3rd July 2026,,,,2050,,total,Total,"Q:LAB5. Thinking about the following proposals made by Andy Burnham is his speech on Monday, do you think each would be a good idea or a bad idea for the UK?
 Making technical and vocational qualifications equally as valued as university degrees.",Leader favourability (Burnham),burnham,Very good idea,Fairly good idea,Neither a good nor a bad idea,Fairly bad idea,Very bad idea,,,,,,29.6,29.5,19.4,4.6,3.5,,,,,,VI-2026-07-01-Opinium-Observer-Web-Tables-1704.xlsx,LAB5 (7)
"2,050 UK adults",1st - 3rd July 2026,,,,2050,,current_vote,Con,"Q:LAB5. Thinking about the following proposals made by Andy Burnham is his speech on Monday, do you think each would be a good idea or a bad idea for the UK?
 Making technical and vocational qualifications equally as valued as university degrees.",Leader favourability (Burnham),burnham,Very good idea,Fairly good idea,Neither a good nor a bad idea,Fairly bad idea,Very bad idea,,,,,,26.9,34.3,24.5,4.7,3.6,,,,,,VI-2026-07-01-Opinium-Observer-Web-Tables-1704.xlsx,LAB5 (7)
"2,050 UK adults",1st - 3rd July 2026,,,,2050,,current_vote,Lab,"Q:LAB5. Thinking about the following proposals made by Andy Burnham is his speech on Monday, do you think each would be a good idea or a bad idea for the UK?
 Making technical and vocational qualifications equally as valued as university degrees.",Leader favourability (Burnham),burnham,Very good idea,Fairly good idea,Neither a good nor a bad idea,Fairly bad idea,Very bad idea,,,,,,35.5,37.0,17.0,5.3,1.2,,,,,,VI-2026-07-01-Opinium-Observer-Web-Tables-1704.xlsx,LAB5 (7)
"2,050 UK adults",1st - 3rd July 2026,,,,2050,,current_vote,Lib Dem,"Q:LAB5. Thinking about the following proposals made by Andy Burnham is his speech on Monday, do you think each would be a good idea or a bad idea for the UK?
 Making technical and vocational qualifications equally as valued as university degrees.",Leader favourability (Burnham),burnham,Very good idea,Fairly good idea,Neither a good nor a bad idea,Fairly bad idea,Very bad idea,,,,,,36.2,31.3,15.1,4.8,1.7,,,,,,VI-2026-07-01-Opinium-Observer-Web-Tables-1704.xlsx,LAB5 (7)
"2,050 UK adults",1st - 3rd July 2026,,,,2050,,current_vote,Reform,"Q:LAB5. Thinking about the following proposals made by Andy Burnham is his speech on Monday, do you think each would be a good idea or a bad idea for the UK?
 Making technical and vocational qualifications equally as valued as university degrees.",Leader favourability (Burnham),burnham,Very good idea,Fairly good idea,Neither a good nor a bad idea,Fairly bad idea,Very bad idea,,,,,,25.3,26.6,23.5,5.9,7.6,,,,,,VI-2026-07-01-Opinium-Observer-Web-Tables-1704.xlsx,LAB5 (7)
"2,050 UK adults",1st - 3rd July 2026,,,,2050,,current_vote,Green,"Q:LAB5. Thinking about the following proposals made by Andy Burnham is his speech on Monday, do you think each would be a good idea or a bad idea for the UK?
 Making technical and vocational qualifications equally as valued as university degrees.",Leader favourability (Burnham),burnham,Very good idea,Fairly good idea,Neither a good nor a bad idea,Fairly bad idea,Very bad idea,,,,,,41.0,28.4,15.4,3.2,1.2,,,,,,VI-2026-07-01-Opinium-Observer-Web-Tables-1704.xlsx,LAB5 (7)
"2,050 UK adults",1st - 3rd July 2026,,,,2050,,historic_vote,Con,"Q:LAB5. Thinking about the following proposals made by Andy Burnham is his speech on Monday, do you think each would be a good idea or a bad idea for the UK?
 Making technical and vocational qualifications equally as valued as university degrees.",Leader favourability (Burnham),burnham,Very good idea,Fairly good idea,Neither a good nor a bad idea,Fairly bad idea,Very bad idea,,,,,,28.5,34.9,22.4,3.3,4.5,,,,,,VI-2026-07-01-Opinium-Observer-Web-Tables-1704.xlsx,LAB5 (7)
"2,050 UK adults",1st - 3rd July 2026,,,,2050,,historic_vote,Lab,"Q:LAB5. Thinking about the following proposals made by Andy Burnham is his speech on Monday, do you think each would be a good idea or a bad idea for the UK?
 Making technical and vocational qualifications equally as valued as university degrees.",Leader favourability (Burnham),burnham,Very good idea,Fairly good idea,Neither a good nor a bad idea,Fairly bad idea,Very bad idea,,,,,,40.2,32.6,13.7,4.6,0.8,,,,,,VI-2026-07-01-Opinium-Observer-Web-Tables-1704.xlsx,LAB5 (7)
"2,050 UK adults",1st - 3rd July 2026,,,,2050,,historic_vote,Lib Dems,"Q:LAB5. Thinking about the following proposals made by Andy Burnham is his speech on Monday, do you think each would be a good idea or a bad idea for the UK?
 Making technical and vocational qualifications equally as valued as university degrees.",Leader favourability (Burnham),burnham,Very good idea,Fairly good idea,Neither a good nor a bad idea,Fairly bad idea,Very bad idea,,,,,,40.0,30.5,14.7,3.4,1.7,,,,,,VI-2026-07-01-Opinium-Observer-Web-Tables-1704.xlsx,LAB5 (7)
"2,050 UK adults",1st - 3rd July 2026,,,,2050,,historic_vote,Reform,"Q:LAB5. Thinking about the following proposals made by Andy Burnham is his speech on Monday, do you think each would be a good idea or a bad idea for the UK?
 Making technical and vocational qualifications equally as valued as university degrees.",Leader favourability (Burnham),burnham,Very good idea,Fairly good idea,Neither a good nor a bad idea,Fairly bad idea,Very bad idea,,,,,,27.8,25.7,21.1,6.1,7.9,,,,,,VI-2026-07-01-Opinium-Observer-Web-Tables-1704.xlsx,LAB5 (7)
"2,050 UK adults",1st - 3rd July 2026,,,,2050,,historic_vote,Green,"Q:LAB5. Thinking about the following proposals made by Andy Burnham is his speech on Monday, do you think each would be a good idea or a bad idea for the UK?
 Making technical and vocational qualifications equally as valued as university degrees.",Leader favourability (Burnham),burnham,Very good idea,Fairly good idea,Neither a good nor a bad idea,Fairly bad idea,Very bad idea,,,,,,37.1,22.3,21.2,7.5,2.2,,,,,,VI-2026-07-01-Opinium-Observer-Web-Tables-1704.xlsx,LAB5 (7)
"2,050 UK adults",1st - 3rd July 2026,,,,2050,,historic_vote,Con,"Q:LAB5. Thinking about the following proposals made by Andy Burnham is his speech on Monday, do you think each would be a good idea or a bad idea for the UK?
 Making technical and vocational qualifications equally as valued as university degrees.",Leader favourability (Burnham),burnham,Very good idea,Fairly good idea,Neither a good nor a bad idea,Fairly bad idea,Very bad idea,,,,,,31.3,33.9,18.4,3.4,4.6,,,,,,VI-2026-07-01-Opinium-Observer-Web-Tables-1704.xlsx,LAB5 (7)
"2,050 UK adults",1st - 3rd July 2026,,,,2050,,historic_vote,Lab,"Q:LAB5. Thinking about the following proposals made by Andy Burnham is his speech on Monday, do you think each would be a good idea or a bad idea for the UK?
 Making technical and vocational qualifications equally as valued as university degrees.",Leader favourability (Burnham),burnham,Very good idea,Fairly good idea,Neither a good nor a bad idea,Fairly bad idea,Very bad idea,,,,,,38.1,31.8,18.0,3.3,1.5,,,,,,VI-2026-07-01-Opinium-Observer-Web-Tables-1704.xlsx,LAB5 (7)
"2,050 UK adults",1st - 3rd July 2026,,,,2050,,historic_vote,Lib Dem,"Q:LAB5. Thinking about the following proposals made by Andy Burnham is his speech on Monday, do you think each would be a good idea or a bad idea for the UK?
 Making technical and vocational qualifications equally as valued as university degrees.",Leader favourability (Burnham),burnham,Very good idea,Fairly good idea,Neither a good nor a bad idea,Fairly bad idea,Very bad idea,,,,,,42.6,26.9,13.5,6.0,3.6,,,,,,VI-2026-07-01-Opinium-Observer-Web-Tables-1704.xlsx,LAB5 (7)
"2,050 UK adults",1st - 3rd July 2026,,,,2050,,historic_vote,Remain,"Q:LAB5. Thinking about the following proposals made by Andy Burnham is his speech on Monday, do you think each would be a good idea or a bad idea for the UK?
 Making technical and vocational qualifications equally as valued as university degrees.",Leader favourability (Burnham),burnham,Very good idea,Fairly good idea,Neither a good nor a bad idea,Fairly bad idea,Very bad idea,,,,,,36.4,33.1,14.6,5.5,2.3,,,,,,VI-2026-07-01-Opinium-Observer-Web-Tables-1704.xlsx,LAB5 (7)
"2,050 UK adults",1st - 3rd July 2026,,,,2050,,historic_vote,Leave,"Q:LAB5. Thinking about the following proposals made by Andy Burnham is his speech on Monday, do you think each would be a good idea or a bad idea for the UK?
 Making technical and vocational qualifications equally as valued as university degrees.",Leader favourability (Burnham),burnham,Very good idea,Fairly good idea,Neither a good nor a bad idea,Fairly bad idea,Very bad idea,,,,,,31.5,28.3,19.7,3.8,5.4,,,,,,VI-2026-07-01-Opinium-Observer-Web-Tables-1704.xlsx,LAB5 (7)
"2,050 UK adults",1st - 3rd July 2026,,,,2050,,gender,Male,"Q:LAB5. Thinking about the following proposals made by Andy Burnham is his speech on Monday, do you think each would be a good idea or a bad idea for the UK?
 Making technical and vocational qualifications equally as valued as university degrees.",Leader favourability (Burnham),burnham,Very good idea,Fairly good idea,Neither a good nor a bad idea,Fairly bad idea,Very bad idea,,,,,,27.0,30.6,21.1,6.6,3.9,,,,,,VI-2026-07-01-Opinium-Observer-Web-Tables-1704.xlsx,LAB5 (7)
"2,050 UK adults",1st - 3rd July 2026,,,,2050,,gender,Female,"Q:LAB5. Thinking about the following proposals made by Andy Burnham is his speech on Monday, do you think each would be a good idea or a bad idea for the UK?
 Making technical and vocational qualifications equally as valued as university degrees.",Leader favourability (Burnham),burnham,Very good idea,Fairly good idea,Neither a good nor a bad idea,Fairly bad idea,Very bad idea,,,,,,32.0,28.5,18.0,2.9,3.2,,,,,,VI-2026-07-01-Opinium-Observer-Web-Tables-1704.xlsx,LAB5 (7)
"2,050 UK adults",1st - 3rd July 2026,,,,2050,,age,18-34,"Q:LAB5. Thinking about the following proposals made by Andy Burnham is his speech on Monday, do you think each would be a good idea or a bad idea for the UK?
 Making technical and vocational qualifications equally as valued as university degrees.",Leader favourability (Burnham),burnham,Very good idea,Fairly good idea,Neither a good nor a bad idea,Fairly bad idea,Very bad idea,,,,,,23.1,30.6,21.5,6.3,3.6,,,,,,VI-2026-07-01-Opinium-Observer-Web-Tables-1704.xlsx,LAB5 (7)
"2,050 UK adults",1st - 3rd July 2026,,,,2050,,age,35-49,"Q:LAB5. Thinking about the following proposals made by Andy Burnham is his speech on Monday, do you think each would be a good idea or a bad idea for the UK?
 Making technical and vocational qualifications equally as valued as university degrees.",Leader favourability (Burnham),burnham,Very good idea,Fairly good idea,Neither a good nor a bad idea,Fairly bad idea,Very bad idea,,,,,,31.6,28.9,18.4,4.7,3.5,,,,,,VI-2026-07-01-Opinium-Observer-Web-Tables-1704.xlsx,LAB5 (7)
"2,050 UK adults",1st - 3rd July 2026,,,,2050,,age,50-64,"Q:LAB5. Thinking about the following proposals made by Andy Burnham is his speech on Monday, do you think each would be a good idea or a bad idea for the UK?
 Making technical and vocational qualifications equally as valued as university degrees.",Leader favourability (Burnham),burnham,Very good idea,Fairly good idea,Neither a good nor a bad idea,Fairly bad idea,Very bad idea,,,,,,32.4,28.9,17.3,3.5,4.0,,,,,,VI-2026-07-01-Opinium-Observer-Web-Tables-1704.xlsx,LAB5 (7)
"2,050 UK adults",1st - 3rd July 2026,,,,2050,,age,65+,"Q:LAB5. Thinking about the following proposals made by Andy Burnham is his speech on Monday, do you think each would be a good idea or a bad idea for the UK?
 Making technical and vocational qualifications equally as valued as university degrees.",Leader favourability (Burnham),burnham,Very good idea,Fairly good idea,Neither a good nor a bad idea,Fairly bad idea,Very bad idea,,,,,,32.2,29.3,20.1,3.8,2.9,,,,,,VI-2026-07-01-Opinium-Observer-Web-Tables-1704.xlsx,LAB5 (7)
"2,050 UK adults",1st - 3rd July 2026,,,,2050,,region,North,"Q:LAB5. Thinking about the following proposals made by Andy Burnham is his speech on Monday, do you think each would be a good idea or a bad idea for the UK?
 Making technical and vocational qualifications equally as valued as university degrees.",Leader favourability (Burnham),burnham,Very good idea,Fairly good idea,Neither a good nor a bad idea,Fairly bad idea,Very bad idea,,,,,,29.4,30.2,19.5,4.8,1.7,,,,,,VI-2026-07-01-Opinium-Observer-Web-Tables-1704.xlsx,LAB5 (7)
"2,050 UK adults",1st - 3rd July 2026,,,,2050,,region,Mids,"Q:LAB5. Thinking about the following proposals made by Andy Burnham is his speech on Monday, do you think each would be a good idea or a bad idea for the UK?
 Making technical and vocational qualifications equally as valued as university degrees.",Leader favourability (Burnham),burnham,Very good idea,Fairly good idea,Neither a good nor a bad idea,Fairly bad idea,Very bad idea,,,,,,25.7,28.2,22.5,5.6,4.3,,,,,,VI-2026-07-01-Opinium-Observer-Web-Tables-1704.xlsx,LAB5 (7)
"2,050 UK adults",1st - 3rd July 2026,,,,2050,,region,London,"Q:LAB5. Thinking about the following proposals made by Andy Burnham is his speech on Monday, do you think each would be a good idea or a bad idea for the UK?
 Making technical and vocational qualifications equally as valued as university degrees.",Leader favourability (Burnham),burnham,Very good idea,Fairly good idea,Neither a good nor a bad idea,Fairly bad idea,Very bad idea,,,,,,29.5,27.8,21.3,5.3,3.9,,,,,,VI-2026-07-01-Opinium-Observer-Web-Tables-1704.xlsx,LAB5 (7)
"2,050 UK adults",1st - 3rd July 2026,,,,2050,,region,South,"Q:LAB5. Thinking about the following proposals made by Andy Burnham is his speech on Monday, do you think each would be a good idea or a bad idea for the UK?
 Making technical and vocational qualifications equally as valued as university degrees.",Leader favourability (Burnham),burnham,Very good idea,Fairly good idea,Neither a good nor a bad idea,Fairly bad idea,Very bad idea,,,,,,31.3,31.2,17.8,3.4,4.4,,,,,,VI-2026-07-01-Opinium-Observer-Web-Tables-1704.xlsx,LAB5 (7)
"2,050 UK adults",1st - 3rd July 2026,,,,2050,,region,Wales,"Q:LAB5. Thinking about the following proposals made by Andy Burnham is his speech on Monday, do you think each would be a good idea or a bad idea for the UK?
 Making technical and vocational qualifications equally as valued as university degrees.",Leader favourability (Burnham),burnham,Very good idea,Fairly good idea,Neither a good nor a bad idea,Fairly bad idea,Very bad idea,,,,,,28.5,32.1,17.4,3.5,1.6,,,,,,VI-2026-07-01-Opinium-Observer-Web-Tables-1704.xlsx,LAB5 (7)
"2,050 UK adults",1st - 3rd July 2026,,,,2050,,region,Scotland,"Q:LAB5. Thinking about the following proposals made by Andy Burnham is his speech on Monday, do you think each would be a good idea or a bad idea for the UK?
 Making technical and vocational qualifications equally as valued as university degrees.",Leader favourability (Burnham),burnham,Very good idea,Fairly good idea,Neither a good nor a bad idea,Fairly bad idea,Very bad idea,,,,,,33.5,24.7,18.8,4.0,3.5,,,,,,VI-2026-07-01-Opinium-Observer-Web-Tables-1704.xlsx,LAB5 (7)
"2,050 UK adults",1st - 3rd July 2026,,,,2050,,region,Northern Ireland,"Q:LAB5. Thinking about the following proposals made by Andy Burnham is his speech on Monday, do you think each would be a good idea or a bad idea for the UK?
 Making technical and vocational qualifications equally as valued as university degrees.",Leader favourability (Burnham),burnham,Very good idea,Fairly good idea,Neither a good nor a bad idea,Fairly bad idea,Very bad idea,,,,,,25.8,27.8,14.1,12.6,4.6,,,,,,VI-2026-07-01-Opinium-Observer-Web-Tables-1704.xlsx,LAB5 (7)
"2,050 UK adults",1st - 3rd July 2026,,,,2050,,total,Total,"Q:LAB5. Thinking about the following proposals made by Andy Burnham is his speech on Monday, do you think each would be a good idea or a bad idea for the UK?
 Investing more in high streets, transport and infrastructure in struggling towns, coastal communities and rural areas.",Leader favourability (Burnham),burnham,Very good idea,Fairly good idea,Neither a good nor a bad idea,Fairly bad idea,Very bad idea,,,,,,28.4,36.5,16.9,3.7,3.0,,,,,,VI-2026-07-01-Opinium-Observer-Web-Tables-1704.xlsx,LAB5 (8)
"2,050 UK adults",1st - 3rd July 2026,,,,2050,,current_vote,Con,"Q:LAB5. Thinking about the following proposals made by Andy Burnham is his speech on Monday, do you think each would be a good idea or a bad idea for the UK?
 Investing more in high streets, transport and infrastructure in struggling towns, coastal communities and rural areas.",Leader favourability (Burnham),burnham,Very good idea,Fairly good idea,Neither a good nor a bad idea,Fairly bad idea,Very bad idea,,,,,,26.3,37.5,19.5,7.7,2.8,,,,,,VI-2026-07-01-Opinium-Observer-Web-Tables-1704.xlsx,LAB5 (8)
"2,050 UK adults",1st - 3rd July 2026,,,,2050,,current_vote,Lab,"Q:LAB5. Thinking about the following proposals made by Andy Burnham is his speech on Monday, do you think each would be a good idea or a bad idea for the UK?
 Investing more in high streets, transport and infrastructure in struggling towns, coastal communities and rural areas.",Leader favourability (Burnham),burnham,Very good idea,Fairly good idea,Neither a good nor a bad idea,Fairly bad idea,Very bad idea,,,,,,44.0,37.6,12.3,1.8,,,,,,,VI-2026-07-01-Opinium-Observer-Web-Tables-1704.xlsx,LAB5 (8)
"2,050 UK adults",1st - 3rd July 2026,,,,2050,,current_vote,Lib Dem,"Q:LAB5. Thinking about the following proposals made by Andy Burnham is his speech on Monday, do you think each would be a good idea or a bad idea for the UK?
 Investing more in high streets, transport and infrastructure in struggling towns, coastal communities and rural areas.",Leader favourability (Burnham),burnham,Very good idea,Fairly good idea,Neither a good nor a bad idea,Fairly bad idea,Very bad idea,,,,,,29.1,47.5,13.4,1.7,0.7,,,,,,VI-2026-07-01-Opinium-Observer-Web-Tables-1704.xlsx,LAB5 (8)
"2,050 UK adults",1st - 3rd July 2026,,,,2050,,current_vote,Reform,"Q:LAB5. Thinking about the following proposals made by Andy Burnham is his speech on Monday, do you think each would be a good idea or a bad idea for the UK?
 Investing more in high streets, transport and infrastructure in struggling towns, coastal communities and rural areas.",Leader favourability (Burnham),burnham,Very good idea,Fairly good idea,Neither a good nor a bad idea,Fairly bad idea,Very bad idea,,,,,,21.7,41.0,17.2,4.0,6.7,,,,,,VI-2026-07-01-Opinium-Observer-Web-Tables-1704.xlsx,LAB5 (8)
"2,050 UK adults",1st - 3rd July 2026,,,,2050,,current_vote,Green,"Q:LAB5. Thinking about the following proposals made by Andy Burnham is his speech on Monday, do you think each would be a good idea or a bad idea for the UK?
 Investing more in high streets, transport and infrastructure in struggling towns, coastal communities and rural areas.",Leader favourability (Burnham),burnham,Very good idea,Fairly good idea,Neither a good nor a bad idea,Fairly bad idea,Very bad idea,,,,,,39.3,34.7,14.3,3.0,0.7,,,,,,VI-2026-07-01-Opinium-Observer-Web-Tables-1704.xlsx,LAB5 (8)
"2,050 UK adults",1st - 3rd July 2026,,,,2050,,historic_vote,Con,"Q:LAB5. Thinking about the following proposals made by Andy Burnham is his speech on Monday, do you think each would be a good idea or a bad idea for the UK?
 Investing more in high streets, transport and infrastructure in struggling towns, coastal communities and rural areas.",Leader favourability (Burnham),burnham,Very good idea,Fairly good idea,Neither a good nor a bad idea,Fairly bad idea,Very bad idea,,,,,,24.8,39.4,19.0,6.3,3.4,,,,,,VI-2026-07-01-Opinium-Observer-Web-Tables-1704.xlsx,LAB5 (8)
"2,050 UK adults",1st - 3rd July 2026,,,,2050,,historic_vote,Lab,"Q:LAB5. Thinking about the following proposals made by Andy Burnham is his speech on Monday, do you think each would be a good idea or a bad idea for the UK?
 Investing more in high streets, transport and infrastructure in struggling towns, coastal communities and rural areas.",Leader favourability (Burnham),burnham,Very good idea,Fairly good idea,Neither a good nor a bad idea,Fairly bad idea,Very bad idea,,,,,,39.9,39.8,12.1,1.7,1.1,,,,,,VI-2026-07-01-Opinium-Observer-Web-Tables-1704.xlsx,LAB5 (8)
"2,050 UK adults",1st - 3rd July 2026,,,,2050,,historic_vote,Lib Dems,"Q:LAB5. Thinking about the following proposals made by Andy Burnham is his speech on Monday, do you think each would be a good idea or a bad idea for the UK?
 Investing more in high streets, transport and infrastructure in struggling towns, coastal communities and rural areas.",Leader favourability (Burnham),burnham,Very good idea,Fairly good idea,Neither a good nor a bad idea,Fairly bad idea,Very bad idea,,,,,,33.0,44.5,12.0,2.2,1.1,,,,,,VI-2026-07-01-Opinium-Observer-Web-Tables-1704.xlsx,LAB5 (8)
"2,050 UK adults",1st - 3rd July 2026,,,,2050,,historic_vote,Reform,"Q:LAB5. Thinking about the following proposals made by Andy Burnham is his speech on Monday, do you think each would be a good idea or a bad idea for the UK?
 Investing more in high streets, transport and infrastructure in struggling towns, coastal communities and rural areas.",Leader favourability (Burnham),burnham,Very good idea,Fairly good idea,Neither a good nor a bad idea,Fairly bad idea,Very bad idea,,,,,,20.2,42.5,16.7,5.9,6.8,,,,,,VI-2026-07-01-Opinium-Observer-Web-Tables-1704.xlsx,LAB5 (8)
"2,050 UK adults",1st - 3rd July 2026,,,,2050,,historic_vote,Green,"Q:LAB5. Thinking about the following proposals made by Andy Burnham is his speech on Monday, do you think each would be a good idea or a bad idea for the UK?
 Investing more in high streets, transport and infrastructure in struggling towns, coastal communities and rural areas.",Leader favourability (Burnham),burnham,Very good idea,Fairly good idea,Neither a good nor a bad idea,Fairly bad idea,Very bad idea,,,,,,31.8,39.0,17.4,2.6,2.2,,,,,,VI-2026-07-01-Opinium-Observer-Web-Tables-1704.xlsx,LAB5 (8)
"2,050 UK adults",1st - 3rd July 2026,,,,2050,,historic_vote,Con,"Q:LAB5. Thinking about the following proposals made by Andy Burnham is his speech on Monday, do you think each would be a good idea or a bad idea for the UK?
 Investing more in high streets, transport and infrastructure in struggling towns, coastal communities and rural areas.",Leader favourability (Burnham),burnham,Very good idea,Fairly good idea,Neither a good nor a bad idea,Fairly bad idea,Very bad idea,,,,,,26.7,41.2,16.9,4.7,3.7,,,,,,VI-2026-07-01-Opinium-Observer-Web-Tables-1704.xlsx,LAB5 (8)
"2,050 UK adults",1st - 3rd July 2026,,,,2050,,historic_vote,Lab,"Q:LAB5. Thinking about the following proposals made by Andy Burnham is his speech on Monday, do you think each would be a good idea or a bad idea for the UK?
 Investing more in high streets, transport and infrastructure in struggling towns, coastal communities and rural areas.",Leader favourability (Burnham),burnham,Very good idea,Fairly good idea,Neither a good nor a bad idea,Fairly bad idea,Very bad idea,,,,,,40.1,39.4,13.6,1.2,1.6,,,,,,VI-2026-07-01-Opinium-Observer-Web-Tables-1704.xlsx,LAB5 (8)
"2,050 UK adults",1st - 3rd July 2026,,,,2050,,historic_vote,Lib Dem,"Q:LAB5. Thinking about the following proposals made by Andy Burnham is his speech on Monday, do you think each would be a good idea or a bad idea for the UK?
 Investing more in high streets, transport and infrastructure in struggling towns, coastal communities and rural areas.",Leader favourability (Burnham),burnham,Very good idea,Fairly good idea,Neither a good nor a bad idea,Fairly bad idea,Very bad idea,,,,,,34.7,43.0,11.5,2.5,3.2,,,,,,VI-2026-07-01-Opinium-Observer-Web-Tables-1704.xlsx,LAB5 (8)
"2,050 UK adults",1st - 3rd July 2026,,,,2050,,historic_vote,Remain,"Q:LAB5. Thinking about the following proposals made by Andy Burnham is his speech on Monday, do you think each would be a good idea or a bad idea for the UK?
 Investing more in high streets, transport and infrastructure in struggling towns, coastal communities and rural areas.",Leader favourability (Burnham),burnham,Very good idea,Fairly good idea,Neither a good nor a bad idea,Fairly bad idea,Very bad idea,,,,,,34.7,39.4,13.8,3.2,2.1,,,,,,VI-2026-07-01-Opinium-Observer-Web-Tables-1704.xlsx,LAB5 (8)
"2,050 UK adults",1st - 3rd July 2026,,,,2050,,historic_vote,Leave,"Q:LAB5. Thinking about the following proposals made by Andy Burnham is his speech on Monday, do you think each would be a good idea or a bad idea for the UK?
 Investing more in high streets, transport and infrastructure in struggling towns, coastal communities and rural areas.",Leader favourability (Burnham),burnham,Very good idea,Fairly good idea,Neither a good nor a bad idea,Fairly bad idea,Very bad idea,,,,,,25.5,39.3,17.5,4.0,4.2,,,,,,VI-2026-07-01-Opinium-Observer-Web-Tables-1704.xlsx,LAB5 (8)
"2,050 UK adults",1st - 3rd July 2026,,,,2050,,gender,Male,"Q:LAB5. Thinking about the following proposals made by Andy Burnham is his speech on Monday, do you think each would be a good idea or a bad idea for the UK?
 Investing more in high streets, transport and infrastructure in struggling towns, coastal communities and rural areas.",Leader favourability (Burnham),burnham,Very good idea,Fairly good idea,Neither a good nor a bad idea,Fairly bad idea,Very bad idea,,,,,,27.8,35.5,19.1,5.2,3.5,,,,,,VI-2026-07-01-Opinium-Observer-Web-Tables-1704.xlsx,LAB5 (8)
"2,050 UK adults",1st - 3rd July 2026,,,,2050,,gender,Female,"Q:LAB5. Thinking about the following proposals made by Andy Burnham is his speech on Monday, do you think each would be a good idea or a bad idea for the UK?
 Investing more in high streets, transport and infrastructure in struggling towns, coastal communities and rural areas.",Leader favourability (Burnham),burnham,Very good idea,Fairly good idea,Neither a good nor a bad idea,Fairly bad idea,Very bad idea,,,,,,29.0,37.4,15.1,2.4,2.4,,,,,,VI-2026-07-01-Opinium-Observer-Web-Tables-1704.xlsx,LAB5 (8)
"2,050 UK adults",1st - 3rd July 2026,,,,2050,,age,18-34,"Q:LAB5. Thinking about the following proposals made by Andy Burnham is his speech on Monday, do you think each would be a good idea or a bad idea for the UK?
 Investing more in high streets, transport and infrastructure in struggling towns, coastal communities and rural areas.",Leader favourability (Burnham),burnham,Very good idea,Fairly good idea,Neither a good nor a bad idea,Fairly bad idea,Very bad idea,,,,,,28.4,29.6,20.8,4.3,3.3,,,,,,VI-2026-07-01-Opinium-Observer-Web-Tables-1704.xlsx,LAB5 (8)
"2,050 UK adults",1st - 3rd July 2026,,,,2050,,age,35-49,"Q:LAB5. Thinking about the following proposals made by Andy Burnham is his speech on Monday, do you think each would be a good idea or a bad idea for the UK?
 Investing more in high streets, transport and infrastructure in struggling towns, coastal communities and rural areas.",Leader favourability (Burnham),burnham,Very good idea,Fairly good idea,Neither a good nor a bad idea,Fairly bad idea,Very bad idea,,,,,,32.7,32.7,15.7,5.4,3.1,,,,,,VI-2026-07-01-Opinium-Observer-Web-Tables-1704.xlsx,LAB5 (8)
"2,050 UK adults",1st - 3rd July 2026,,,,2050,,age,50-64,"Q:LAB5. Thinking about the following proposals made by Andy Burnham is his speech on Monday, do you think each would be a good idea or a bad idea for the UK?
 Investing more in high streets, transport and infrastructure in struggling towns, coastal communities and rural areas.",Leader favourability (Burnham),burnham,Very good idea,Fairly good idea,Neither a good nor a bad idea,Fairly bad idea,Very bad idea,,,,,,27.2,40.8,15.7,2.1,2.9,,,,,,VI-2026-07-01-Opinium-Observer-Web-Tables-1704.xlsx,LAB5 (8)
"2,050 UK adults",1st - 3rd July 2026,,,,2050,,age,65+,"Q:LAB5. Thinking about the following proposals made by Andy Burnham is his speech on Monday, do you think each would be a good idea or a bad idea for the UK?
 Investing more in high streets, transport and infrastructure in struggling towns, coastal communities and rural areas.",Leader favourability (Burnham),burnham,Very good idea,Fairly good idea,Neither a good nor a bad idea,Fairly bad idea,Very bad idea,,,,,,25.3,43.6,15.0,3.0,2.6,,,,,,VI-2026-07-01-Opinium-Observer-Web-Tables-1704.xlsx,LAB5 (8)
"2,050 UK adults",1st - 3rd July 2026,,,,2050,,region,North,"Q:LAB5. Thinking about the following proposals made by Andy Burnham is his speech on Monday, do you think each would be a good idea or a bad idea for the UK?
 Investing more in high streets, transport and infrastructure in struggling towns, coastal communities and rural areas.",Leader favourability (Burnham),burnham,Very good idea,Fairly good idea,Neither a good nor a bad idea,Fairly bad idea,Very bad idea,,,,,,31.1,34.0,17.8,2.8,2.2,,,,,,VI-2026-07-01-Opinium-Observer-Web-Tables-1704.xlsx,LAB5 (8)
"2,050 UK adults",1st - 3rd July 2026,,,,2050,,region,Mids,"Q:LAB5. Thinking about the following proposals made by Andy Burnham is his speech on Monday, do you think each would be a good idea or a bad idea for the UK?
 Investing more in high streets, transport and infrastructure in struggling towns, coastal communities and rural areas.",Leader favourability (Burnham),burnham,Very good idea,Fairly good idea,Neither a good nor a bad idea,Fairly bad idea,Very bad idea,,,,,,21.2,41.0,16.4,4.6,4.1,,,,,,VI-2026-07-01-Opinium-Observer-Web-Tables-1704.xlsx,LAB5 (8)
"2,050 UK adults",1st - 3rd July 2026,,,,2050,,region,London,"Q:LAB5. Thinking about the following proposals made by Andy Burnham is his speech on Monday, do you think each would be a good idea or a bad idea for the UK?
 Investing more in high streets, transport and infrastructure in struggling towns, coastal communities and rural areas.",Leader favourability (Burnham),burnham,Very good idea,Fairly good idea,Neither a good nor a bad idea,Fairly bad idea,Very bad idea,,,,,,29.9,34.8,17.5,3.6,4.0,,,,,,VI-2026-07-01-Opinium-Observer-Web-Tables-1704.xlsx,LAB5 (8)
"2,050 UK adults",1st - 3rd July 2026,,,,2050,,region,South,"Q:LAB5. Thinking about the following proposals made by Andy Burnham is his speech on Monday, do you think each would be a good idea or a bad idea for the UK?
 Investing more in high streets, transport and infrastructure in struggling towns, coastal communities and rural areas.",Leader favourability (Burnham),burnham,Very good idea,Fairly good idea,Neither a good nor a bad idea,Fairly bad idea,Very bad idea,,,,,,30.0,37.1,16.8,3.8,2.5,,,,,,VI-2026-07-01-Opinium-Observer-Web-Tables-1704.xlsx,LAB5 (8)
"2,050 UK adults",1st - 3rd July 2026,,,,2050,,region,Wales,"Q:LAB5. Thinking about the following proposals made by Andy Burnham is his speech on Monday, do you think each would be a good idea or a bad idea for the UK?
 Investing more in high streets, transport and infrastructure in struggling towns, coastal communities and rural areas.",Leader favourability (Burnham),burnham,Very good idea,Fairly good idea,Neither a good nor a bad idea,Fairly bad idea,Very bad idea,,,,,,26.2,35.1,14.1,4.6,4.1,,,,,,VI-2026-07-01-Opinium-Observer-Web-Tables-1704.xlsx,LAB5 (8)
"2,050 UK adults",1st - 3rd July 2026,,,,2050,,region,Scotland,"Q:LAB5. Thinking about the following proposals made by Andy Burnham is his speech on Monday, do you think each would be a good idea or a bad idea for the UK?
 Investing more in high streets, transport and infrastructure in struggling towns, coastal communities and rural areas.",Leader favourability (Burnham),burnham,Very good idea,Fairly good idea,Neither a good nor a bad idea,Fairly bad idea,Very bad idea,,,,,,29.8,34.5,19.1,2.0,2.4,,,,,,VI-2026-07-01-Opinium-Observer-Web-Tables-1704.xlsx,LAB5 (8)
"2,050 UK adults",1st - 3rd July 2026,,,,2050,,region,Northern Ireland,"Q:LAB5. Thinking about the following proposals made by Andy Burnham is his speech on Monday, do you think each would be a good idea or a bad idea for the UK?
 Investing more in high streets, transport and infrastructure in struggling towns, coastal communities and rural areas.",Leader favourability (Burnham),burnham,Very good idea,Fairly good idea,Neither a good nor a bad idea,Fairly bad idea,Very bad idea,,,,,,22.5,39.2,9.9,8.6,4.6,,,,,,VI-2026-07-01-Opinium-Observer-Web-Tables-1704.xlsx,LAB5 (8)
"2,050 UK adults",1st - 3rd July 2026,,,,2050,,total,Total,"Q:LAB5. Thinking about the following proposals made by Andy Burnham is his speech on Monday, do you think each would be a good idea or a bad idea for the UK?
 Changing business rates to support pubs and high street businesses.",Leader favourability (Burnham),burnham,Very good idea,Fairly good idea,Neither a good nor a bad idea,Fairly bad idea,Very bad idea,,,,,,26.4,34.6,18.9,3.8,3.0,,,,,,VI-2026-07-01-Opinium-Observer-Web-Tables-1704.xlsx,LAB5 (9)
"2,050 UK adults",1st - 3rd July 2026,,,,2050,,current_vote,Con,"Q:LAB5. Thinking about the following proposals made by Andy Burnham is his speech on Monday, do you think each would be a good idea or a bad idea for the UK?
 Changing business rates to support pubs and high street businesses.",Leader favourability (Burnham),burnham,Very good idea,Fairly good idea,Neither a good nor a bad idea,Fairly bad idea,Very bad idea,,,,,,23.9,40.8,17.4,5.0,4.1,,,,,,VI-2026-07-01-Opinium-Observer-Web-Tables-1704.xlsx,LAB5 (9)
"2,050 UK adults",1st - 3rd July 2026,,,,2050,,current_vote,Lab,"Q:LAB5. Thinking about the following proposals made by Andy Burnham is his speech on Monday, do you think each would be a good idea or a bad idea for the UK?
 Changing business rates to support pubs and high street businesses.",Leader favourability (Burnham),burnham,Very good idea,Fairly good idea,Neither a good nor a bad idea,Fairly bad idea,Very bad idea,,,,,,39.4,33.3,20.2,2.8,1.0,,,,,,VI-2026-07-01-Opinium-Observer-Web-Tables-1704.xlsx,LAB5 (9)
"2,050 UK adults",1st - 3rd July 2026,,,,2050,,current_vote,Lib Dem,"Q:LAB5. Thinking about the following proposals made by Andy Burnham is his speech on Monday, do you think each would be a good idea or a bad idea for the UK?
 Changing business rates to support pubs and high street businesses.",Leader favourability (Burnham),burnham,Very good idea,Fairly good idea,Neither a good nor a bad idea,Fairly bad idea,Very bad idea,,,,,,30.8,31.7,19.0,6.1,,,,,,,VI-2026-07-01-Opinium-Observer-Web-Tables-1704.xlsx,LAB5 (9)
"2,050 UK adults",1st - 3rd July 2026,,,,2050,,current_vote,Reform,"Q:LAB5. Thinking about the following proposals made by Andy Burnham is his speech on Monday, do you think each would be a good idea or a bad idea for the UK?
 Changing business rates to support pubs and high street businesses.",Leader favourability (Burnham),burnham,Very good idea,Fairly good idea,Neither a good nor a bad idea,Fairly bad idea,Very bad idea,,,,,,26.6,36.6,17.2,4.3,6.5,,,,,,VI-2026-07-01-Opinium-Observer-Web-Tables-1704.xlsx,LAB5 (9)
"2,050 UK adults",1st - 3rd July 2026,,,,2050,,current_vote,Green,"Q:LAB5. Thinking about the following proposals made by Andy Burnham is his speech on Monday, do you think each would be a good idea or a bad idea for the UK?
 Changing business rates to support pubs and high street businesses.",Leader favourability (Burnham),burnham,Very good idea,Fairly good idea,Neither a good nor a bad idea,Fairly bad idea,Very bad idea,,,,,,27.4,36.4,20.4,4.3,1.5,,,,,,VI-2026-07-01-Opinium-Observer-Web-Tables-1704.xlsx,LAB5 (9)
"2,050 UK adults",1st - 3rd July 2026,,,,2050,,historic_vote,Con,"Q:LAB5. Thinking about the following proposals made by Andy Burnham is his speech on Monday, do you think each would be a good idea or a bad idea for the UK?
 Changing business rates to support pubs and high street businesses.",Leader favourability (Burnham),burnham,Very good idea,Fairly good idea,Neither a good nor a bad idea,Fairly bad idea,Very bad idea,,,,,,25.1,42.7,16.4,3.5,3.8,,,,,,VI-2026-07-01-Opinium-Observer-Web-Tables-1704.xlsx,LAB5 (9)
"2,050 UK adults",1st - 3rd July 2026,,,,2050,,historic_vote,Lab,"Q:LAB5. Thinking about the following proposals made by Andy Burnham is his speech on Monday, do you think each would be a good idea or a bad idea for the UK?
 Changing business rates to support pubs and high street businesses.",Leader favourability (Burnham),burnham,Very good idea,Fairly good idea,Neither a good nor a bad idea,Fairly bad idea,Very bad idea,,,,,,38.1,37.5,15.2,2.7,0.8,,,,,,VI-2026-07-01-Opinium-Observer-Web-Tables-1704.xlsx,LAB5 (9)
"2,050 UK adults",1st - 3rd July 2026,,,,2050,,historic_vote,Lib Dems,"Q:LAB5. Thinking about the following proposals made by Andy Burnham is his speech on Monday, do you think each would be a good idea or a bad idea for the UK?
 Changing business rates to support pubs and high street businesses.",Leader favourability (Burnham),burnham,Very good idea,Fairly good idea,Neither a good nor a bad idea,Fairly bad idea,Very bad idea,,,,,,32.7,33.3,17.1,4.6,,,,,,,VI-2026-07-01-Opinium-Observer-Web-Tables-1704.xlsx,LAB5 (9)
"2,050 UK adults",1st - 3rd July 2026,,,,2050,,historic_vote,Reform,"Q:LAB5. Thinking about the following proposals made by Andy Burnham is his speech on Monday, do you think each would be a good idea or a bad idea for the UK?
 Changing business rates to support pubs and high street businesses.",Leader favourability (Burnham),burnham,Very good idea,Fairly good idea,Neither a good nor a bad idea,Fairly bad idea,Very bad idea,,,,,,22.8,39.5,15.9,5.9,6.7,,,,,,VI-2026-07-01-Opinium-Observer-Web-Tables-1704.xlsx,LAB5 (9)
"2,050 UK adults",1st - 3rd July 2026,,,,2050,,historic_vote,Green,"Q:LAB5. Thinking about the following proposals made by Andy Burnham is his speech on Monday, do you think each would be a good idea or a bad idea for the UK?
 Changing business rates to support pubs and high street businesses.",Leader favourability (Burnham),burnham,Very good idea,Fairly good idea,Neither a good nor a bad idea,Fairly bad idea,Very bad idea,,,,,,20.0,40.7,20.9,1.1,4.7,,,,,,VI-2026-07-01-Opinium-Observer-Web-Tables-1704.xlsx,LAB5 (9)
"2,050 UK adults",1st - 3rd July 2026,,,,2050,,historic_vote,Con,"Q:LAB5. Thinking about the following proposals made by Andy Burnham is his speech on Monday, do you think each would be a good idea or a bad idea for the UK?
 Changing business rates to support pubs and high street businesses.",Leader favourability (Burnham),burnham,Very good idea,Fairly good idea,Neither a good nor a bad idea,Fairly bad idea,Very bad idea,,,,,,28.3,42.4,14.7,3.3,3.8,,,,,,VI-2026-07-01-Opinium-Observer-Web-Tables-1704.xlsx,LAB5 (9)
"2,050 UK adults",1st - 3rd July 2026,,,,2050,,historic_vote,Lab,"Q:LAB5. Thinking about the following proposals made by Andy Burnham is his speech on Monday, do you think each would be a good idea or a bad idea for the UK?
 Changing business rates to support pubs and high street businesses.",Leader favourability (Burnham),burnham,Very good idea,Fairly good idea,Neither a good nor a bad idea,Fairly bad idea,Very bad idea,,,,,,33.5,37.9,17.6,2.0,1.9,,,,,,VI-2026-07-01-Opinium-Observer-Web-Tables-1704.xlsx,LAB5 (9)
"2,050 UK adults",1st - 3rd July 2026,,,,2050,,historic_vote,Lib Dem,"Q:LAB5. Thinking about the following proposals made by Andy Burnham is his speech on Monday, do you think each would be a good idea or a bad idea for the UK?
 Changing business rates to support pubs and high street businesses.",Leader favourability (Burnham),burnham,Very good idea,Fairly good idea,Neither a good nor a bad idea,Fairly bad idea,Very bad idea,,,,,,36.5,31.3,14.6,6.4,,,,,,,VI-2026-07-01-Opinium-Observer-Web-Tables-1704.xlsx,LAB5 (9)
"2,050 UK adults",1st - 3rd July 2026,,,,2050,,historic_vote,Remain,"Q:LAB5. Thinking about the following proposals made by Andy Burnham is his speech on Monday, do you think each would be a good idea or a bad idea for the UK?
 Changing business rates to support pubs and high street businesses.",Leader favourability (Burnham),burnham,Very good idea,Fairly good idea,Neither a good nor a bad idea,Fairly bad idea,Very bad idea,,,,,,30.6,39.1,16.1,3.4,2.3,,,,,,VI-2026-07-01-Opinium-Observer-Web-Tables-1704.xlsx,LAB5 (9)
"2,050 UK adults",1st - 3rd July 2026,,,,2050,,historic_vote,Leave,"Q:LAB5. Thinking about the following proposals made by Andy Burnham is his speech on Monday, do you think each would be a good idea or a bad idea for the UK?
 Changing business rates to support pubs and high street businesses.",Leader favourability (Burnham),burnham,Very good idea,Fairly good idea,Neither a good nor a bad idea,Fairly bad idea,Very bad idea,,,,,,29.1,35.5,17.4,3.7,3.9,,,,,,VI-2026-07-01-Opinium-Observer-Web-Tables-1704.xlsx,LAB5 (9)
"2,050 UK adults",1st - 3rd July 2026,,,,2050,,gender,Male,"Q:LAB5. Thinking about the following proposals made by Andy Burnham is his speech on Monday, do you think each would be a good idea or a bad idea for the UK?
 Changing business rates to support pubs and high street businesses.",Leader favourability (Burnham),burnham,Very good idea,Fairly good idea,Neither a good nor a bad idea,Fairly bad idea,Very bad idea,,,,,,25.2,36.2,19.8,5.1,3.7,,,,,,VI-2026-07-01-Opinium-Observer-Web-Tables-1704.xlsx,LAB5 (9)
"2,050 UK adults",1st - 3rd July 2026,,,,2050,,gender,Female,"Q:LAB5. Thinking about the following proposals made by Andy Burnham is his speech on Monday, do you think each would be a good idea or a bad idea for the UK?
 Changing business rates to support pubs and high street businesses.",Leader favourability (Burnham),burnham,Very good idea,Fairly good idea,Neither a good nor a bad idea,Fairly bad idea,Very bad idea,,,,,,27.6,33.0,18.3,2.6,2.3,,,,,,VI-2026-07-01-Opinium-Observer-Web-Tables-1704.xlsx,LAB5 (9)
"2,050 UK adults",1st - 3rd July 2026,,,,2050,,age,18-34,"Q:LAB5. Thinking about the following proposals made by Andy Burnham is his speech on Monday, do you think each would be a good idea or a bad idea for the UK?
 Changing business rates to support pubs and high street businesses.",Leader favourability (Burnham),burnham,Very good idea,Fairly good idea,Neither a good nor a bad idea,Fairly bad idea,Very bad idea,,,,,,22.4,29.3,26.3,5.6,2.9,,,,,,VI-2026-07-01-Opinium-Observer-Web-Tables-1704.xlsx,LAB5 (9)
"2,050 UK adults",1st - 3rd July 2026,,,,2050,,age,35-49,"Q:LAB5. Thinking about the following proposals made by Andy Burnham is his speech on Monday, do you think each would be a good idea or a bad idea for the UK?
 Changing business rates to support pubs and high street businesses.",Leader favourability (Burnham),burnham,Very good idea,Fairly good idea,Neither a good nor a bad idea,Fairly bad idea,Very bad idea,,,,,,25.4,33.7,19.4,3.1,4.5,,,,,,VI-2026-07-01-Opinium-Observer-Web-Tables-1704.xlsx,LAB5 (9)
"2,050 UK adults",1st - 3rd July 2026,,,,2050,,age,50-64,"Q:LAB5. Thinking about the following proposals made by Andy Burnham is his speech on Monday, do you think each would be a good idea or a bad idea for the UK?
 Changing business rates to support pubs and high street businesses.",Leader favourability (Burnham),burnham,Very good idea,Fairly good idea,Neither a good nor a bad idea,Fairly bad idea,Very bad idea,,,,,,30.6,34.1,14.8,3.6,2.8,,,,,,VI-2026-07-01-Opinium-Observer-Web-Tables-1704.xlsx,LAB5 (9)
"2,050 UK adults",1st - 3rd July 2026,,,,2050,,age,65+,"Q:LAB5. Thinking about the following proposals made by Andy Burnham is his speech on Monday, do you think each would be a good idea or a bad idea for the UK?
 Changing business rates to support pubs and high street businesses.",Leader favourability (Burnham),burnham,Very good idea,Fairly good idea,Neither a good nor a bad idea,Fairly bad idea,Very bad idea,,,,,,27.5,42.1,14.3,2.5,1.6,,,,,,VI-2026-07-01-Opinium-Observer-Web-Tables-1704.xlsx,LAB5 (9)
"2,050 UK adults",1st - 3rd July 2026,,,,2050,,region,North,"Q:LAB5. Thinking about the following proposals made by Andy Burnham is his speech on Monday, do you think each would be a good idea or a bad idea for the UK?
 Changing business rates to support pubs and high street businesses.",Leader favourability (Burnham),burnham,Very good idea,Fairly good idea,Neither a good nor a bad idea,Fairly bad idea,Very bad idea,,,,,,28.5,33.7,19.8,2.9,2.2,,,,,,VI-2026-07-01-Opinium-Observer-Web-Tables-1704.xlsx,LAB5 (9)
"2,050 UK adults",1st - 3rd July 2026,,,,2050,,region,Mids,"Q:LAB5. Thinking about the following proposals made by Andy Burnham is his speech on Monday, do you think each would be a good idea or a bad idea for the UK?
 Changing business rates to support pubs and high street businesses.",Leader favourability (Burnham),burnham,Very good idea,Fairly good idea,Neither a good nor a bad idea,Fairly bad idea,Very bad idea,,,,,,20.3,37.5,18.9,4.8,3.7,,,,,,VI-2026-07-01-Opinium-Observer-Web-Tables-1704.xlsx,LAB5 (9)
"2,050 UK adults",1st - 3rd July 2026,,,,2050,,region,London,"Q:LAB5. Thinking about the following proposals made by Andy Burnham is his speech on Monday, do you think each would be a good idea or a bad idea for the UK?
 Changing business rates to support pubs and high street businesses.",Leader favourability (Burnham),burnham,Very good idea,Fairly good idea,Neither a good nor a bad idea,Fairly bad idea,Very bad idea,,,,,,26.2,33.6,18.2,4.6,3.5,,,,,,VI-2026-07-01-Opinium-Observer-Web-Tables-1704.xlsx,LAB5 (9)
"2,050 UK adults",1st - 3rd July 2026,,,,2050,,region,South,"Q:LAB5. Thinking about the following proposals made by Andy Burnham is his speech on Monday, do you think each would be a good idea or a bad idea for the UK?
 Changing business rates to support pubs and high street businesses.",Leader favourability (Burnham),burnham,Very good idea,Fairly good idea,Neither a good nor a bad idea,Fairly bad idea,Very bad idea,,,,,,28.7,34.3,19.7,3.3,2.7,,,,,,VI-2026-07-01-Opinium-Observer-Web-Tables-1704.xlsx,LAB5 (9)
"2,050 UK adults",1st - 3rd July 2026,,,,2050,,region,Wales,"Q:LAB5. Thinking about the following proposals made by Andy Burnham is his speech on Monday, do you think each would be a good idea or a bad idea for the UK?
 Changing business rates to support pubs and high street businesses.",Leader favourability (Burnham),burnham,Very good idea,Fairly good idea,Neither a good nor a bad idea,Fairly bad idea,Very bad idea,,,,,,27.3,38.0,14.0,1.9,1.6,,,,,,VI-2026-07-01-Opinium-Observer-Web-Tables-1704.xlsx,LAB5 (9)
"2,050 UK adults",1st - 3rd July 2026,,,,2050,,region,Scotland,"Q:LAB5. Thinking about the following proposals made by Andy Burnham is his speech on Monday, do you think each would be a good idea or a bad idea for the UK?
 Changing business rates to support pubs and high street businesses.",Leader favourability (Burnham),burnham,Very good idea,Fairly good idea,Neither a good nor a bad idea,Fairly bad idea,Very bad idea,,,,,,25.8,31.6,16.9,6.2,1.6,,,,,,VI-2026-07-01-Opinium-Observer-Web-Tables-1704.xlsx,LAB5 (9)
"2,050 UK adults",1st - 3rd July 2026,,,,2050,,region,Northern Ireland,"Q:LAB5. Thinking about the following proposals made by Andy Burnham is his speech on Monday, do you think each would be a good idea or a bad idea for the UK?
 Changing business rates to support pubs and high street businesses.",Leader favourability (Burnham),burnham,Very good idea,Fairly good idea,Neither a good nor a bad idea,Fairly bad idea,Very bad idea,,,,,,17.6,34.8,21.6,1.6,11.2,,,,,,VI-2026-07-01-Opinium-Observer-Web-Tables-1704.xlsx,LAB5 (9)
"2,050 UK adults",1st - 3rd July 2026,,,,2050,,total,Total,Q:LAB6. It has been reported that the Home Office is attempting to use three more military sites to house thousands of asylum seekers as the government seeks to move people out of hotels.To what extent do you support or oppose this policy of using military sites to move asylum seekers out of hotels?,Best party on housing,hous,Support,Neither support nor oppose,Oppose,,,,,,,,40.9,18.2,25.5,,,,,,,,VI-2026-07-01-Opinium-Observer-Web-Tables-1704.xlsx,LAB6
"2,050 UK adults",1st - 3rd July 2026,,,,2050,,current_vote,Con,Q:LAB6. It has been reported that the Home Office is attempting to use three more military sites to house thousands of asylum seekers as the government seeks to move people out of hotels.To what extent do you support or oppose this policy of using military sites to move asylum seekers out of hotels?,Best party on housing,hous,Support,Neither support nor oppose,Oppose,,,,,,,,48.2,16.2,28.0,,,,,,,,VI-2026-07-01-Opinium-Observer-Web-Tables-1704.xlsx,LAB6
"2,050 UK adults",1st - 3rd July 2026,,,,2050,,current_vote,Lab,Q:LAB6. It has been reported that the Home Office is attempting to use three more military sites to house thousands of asylum seekers as the government seeks to move people out of hotels.To what extent do you support or oppose this policy of using military sites to move asylum seekers out of hotels?,Best party on housing,hous,Support,Neither support nor oppose,Oppose,,,,,,,,49.8,23.0,13.5,,,,,,,,VI-2026-07-01-Opinium-Observer-Web-Tables-1704.xlsx,LAB6
"2,050 UK adults",1st - 3rd July 2026,,,,2050,,current_vote,Lib Dem,Q:LAB6. It has been reported that the Home Office is attempting to use three more military sites to house thousands of asylum seekers as the government seeks to move people out of hotels.To what extent do you support or oppose this policy of using military sites to move asylum seekers out of hotels?,Best party on housing,hous,Support,Neither support nor oppose,Oppose,,,,,,,,52.0,18.7,17.5,,,,,,,,VI-2026-07-01-Opinium-Observer-Web-Tables-1704.xlsx,LAB6
"2,050 UK adults",1st - 3rd July 2026,,,,2050,,current_vote,Reform,Q:LAB6. It has been reported that the Home Office is attempting to use three more military sites to house thousands of asylum seekers as the government seeks to move people out of hotels.To what extent do you support or oppose this policy of using military sites to move asylum seekers out of hotels?,Best party on housing,hous,Support,Neither support nor oppose,Oppose,,,,,,,,39.3,13.1,41.6,,,,,,,,VI-2026-07-01-Opinium-Observer-Web-Tables-1704.xlsx,LAB6
"2,050 UK adults",1st - 3rd July 2026,,,,2050,,current_vote,Green,Q:LAB6. It has been reported that the Home Office is attempting to use three more military sites to house thousands of asylum seekers as the government seeks to move people out of hotels.To what extent do you support or oppose this policy of using military sites to move asylum seekers out of hotels?,Best party on housing,hous,Support,Neither support nor oppose,Oppose,,,,,,,,36.9,21.5,21.8,,,,,,,,VI-2026-07-01-Opinium-Observer-Web-Tables-1704.xlsx,LAB6
"2,050 UK adults",1st - 3rd July 2026,,,,2050,,historic_vote,Con,Q:LAB6. It has been reported that the Home Office is attempting to use three more military sites to house thousands of asylum seekers as the government seeks to move people out of hotels.To what extent do you support or oppose this policy of using military sites to move asylum seekers out of hotels?,Best party on housing,hous,Support,Neither support nor oppose,Oppose,,,,,,,,47.8,12.5,33.0,,,,,,,,VI-2026-07-01-Opinium-Observer-Web-Tables-1704.xlsx,LAB6
"2,050 UK adults",1st - 3rd July 2026,,,,2050,,historic_vote,Lab,Q:LAB6. It has been reported that the Home Office is attempting to use three more military sites to house thousands of asylum seekers as the government seeks to move people out of hotels.To what extent do you support or oppose this policy of using military sites to move asylum seekers out of hotels?,Best party on housing,hous,Support,Neither support nor oppose,Oppose,,,,,,,,48.7,18.7,17.9,,,,,,,,VI-2026-07-01-Opinium-Observer-Web-Tables-1704.xlsx,LAB6
"2,050 UK adults",1st - 3rd July 2026,,,,2050,,historic_vote,Lib Dems,Q:LAB6. It has been reported that the Home Office is attempting to use three more military sites to house thousands of asylum seekers as the government seeks to move people out of hotels.To what extent do you support or oppose this policy of using military sites to move asylum seekers out of hotels?,Best party on housing,hous,Support,Neither support nor oppose,Oppose,,,,,,,,56.4,16.9,12.2,,,,,,,,VI-2026-07-01-Opinium-Observer-Web-Tables-1704.xlsx,LAB6
"2,050 UK adults",1st - 3rd July 2026,,,,2050,,historic_vote,Reform,Q:LAB6. It has been reported that the Home Office is attempting to use three more military sites to house thousands of asylum seekers as the government seeks to move people out of hotels.To what extent do you support or oppose this policy of using military sites to move asylum seekers out of hotels?,Best party on housing,hous,Support,Neither support nor oppose,Oppose,,,,,,,,46.3,10.6,37.8,,,,,,,,VI-2026-07-01-Opinium-Observer-Web-Tables-1704.xlsx,LAB6
"2,050 UK adults",1st - 3rd July 2026,,,,2050,,historic_vote,Green,Q:LAB6. It has been reported that the Home Office is attempting to use three more military sites to house thousands of asylum seekers as the government seeks to move people out of hotels.To what extent do you support or oppose this policy of using military sites to move asylum seekers out of hotels?,Best party on housing,hous,Support,Neither support nor oppose,Oppose,,,,,,,,35.1,27.5,20.2,,,,,,,,VI-2026-07-01-Opinium-Observer-Web-Tables-1704.xlsx,LAB6
"2,050 UK adults",1st - 3rd July 2026,,,,2050,,historic_vote,Con,Q:LAB6. It has been reported that the Home Office is attempting to use three more military sites to house thousands of asylum seekers as the government seeks to move people out of hotels.To what extent do you support or oppose this policy of using military sites to move asylum seekers out of hotels?,Best party on housing,hous,Support,Neither support nor oppose,Oppose,,,,,,,,51.2,12.3,29.0,,,,,,,,VI-2026-07-01-Opinium-Observer-Web-Tables-1704.xlsx,LAB6
"2,050 UK adults",1st - 3rd July 2026,,,,2050,,historic_vote,Lab,Q:LAB6. It has been reported that the Home Office is attempting to use three more military sites to house thousands of asylum seekers as the government seeks to move people out of hotels.To what extent do you support or oppose this policy of using military sites to move asylum seekers out of hotels?,Best party on housing,hous,Support,Neither support nor oppose,Oppose,,,,,,,,45.0,20.8,20.2,,,,,,,,VI-2026-07-01-Opinium-Observer-Web-Tables-1704.xlsx,LAB6
"2,050 UK adults",1st - 3rd July 2026,,,,2050,,historic_vote,Lib Dem,Q:LAB6. It has been reported that the Home Office is attempting to use three more military sites to house thousands of asylum seekers as the government seeks to move people out of hotels.To what extent do you support or oppose this policy of using military sites to move asylum seekers out of hotels?,Best party on housing,hous,Support,Neither support nor oppose,Oppose,,,,,,,,52.8,16.4,17.6,,,,,,,,VI-2026-07-01-Opinium-Observer-Web-Tables-1704.xlsx,LAB6
"2,050 UK adults",1st - 3rd July 2026,,,,2050,,historic_vote,Remain,Q:LAB6. It has been reported that the Home Office is attempting to use three more military sites to house thousands of asylum seekers as the government seeks to move people out of hotels.To what extent do you support or oppose this policy of using military sites to move asylum seekers out of hotels?,Best party on housing,hous,Support,Neither support nor oppose,Oppose,,,,,,,,43.3,18.7,22.6,,,,,,,,VI-2026-07-01-Opinium-Observer-Web-Tables-1704.xlsx,LAB6
"2,050 UK adults",1st - 3rd July 2026,,,,2050,,historic_vote,Leave,Q:LAB6. It has been reported that the Home Office is attempting to use three more military sites to house thousands of asylum seekers as the government seeks to move people out of hotels.To what extent do you support or oppose this policy of using military sites to move asylum seekers out of hotels?,Best party on housing,hous,Support,Neither support nor oppose,Oppose,,,,,,,,47.2,12.8,30.5,,,,,,,,VI-2026-07-01-Opinium-Observer-Web-Tables-1704.xlsx,LAB6
"2,050 UK adults",1st - 3rd July 2026,,,,2050,,gender,Male,Q:LAB6. It has been reported that the Home Office is attempting to use three more military sites to house thousands of asylum seekers as the government seeks to move people out of hotels.To what extent do you support or oppose this policy of using military sites to move asylum seekers out of hotels?,Best party on housing,hous,Support,Neither support nor oppose,Oppose,,,,,,,,43.8,18.9,25.1,,,,,,,,VI-2026-07-01-Opinium-Observer-Web-Tables-1704.xlsx,LAB6
"2,050 UK adults",1st - 3rd July 2026,,,,2050,,gender,Female,Q:LAB6. It has been reported that the Home Office is attempting to use three more military sites to house thousands of asylum seekers as the government seeks to move people out of hotels.To what extent do you support or oppose this policy of using military sites to move asylum seekers out of hotels?,Best party on housing,hous,Support,Neither support nor oppose,Oppose,,,,,,,,38.5,17.8,25.6,,,,,,,,VI-2026-07-01-Opinium-Observer-Web-Tables-1704.xlsx,LAB6
"2,050 UK adults",1st - 3rd July 2026,,,,2050,,age,18-34,Q:LAB6. It has been reported that the Home Office is attempting to use three more military sites to house thousands of asylum seekers as the government seeks to move people out of hotels.To what extent do you support or oppose this policy of using military sites to move asylum seekers out of hotels?,Best party on housing,hous,Support,Neither support nor oppose,Oppose,,,,,,,,31.5,24.3,26.9,,,,,,,,VI-2026-07-01-Opinium-Observer-Web-Tables-1704.xlsx,LAB6
"2,050 UK adults",1st - 3rd July 2026,,,,2050,,age,35-49,Q:LAB6. It has been reported that the Home Office is attempting to use three more military sites to house thousands of asylum seekers as the government seeks to move people out of hotels.To what extent do you support or oppose this policy of using military sites to move asylum seekers out of hotels?,Best party on housing,hous,Support,Neither support nor oppose,Oppose,,,,,,,,32.2,20.1,31.8,,,,,,,,VI-2026-07-01-Opinium-Observer-Web-Tables-1704.xlsx,LAB6
"2,050 UK adults",1st - 3rd July 2026,,,,2050,,age,50-64,Q:LAB6. It has been reported that the Home Office is attempting to use three more military sites to house thousands of asylum seekers as the government seeks to move people out of hotels.To what extent do you support or oppose this policy of using military sites to move asylum seekers out of hotels?,Best party on housing,hous,Support,Neither support nor oppose,Oppose,,,,,,,,47.2,17.4,20.5,,,,,,,,VI-2026-07-01-Opinium-Observer-Web-Tables-1704.xlsx,LAB6
"2,050 UK adults",1st - 3rd July 2026,,,,2050,,age,65+,Q:LAB6. It has been reported that the Home Office is attempting to use three more military sites to house thousands of asylum seekers as the government seeks to move people out of hotels.To what extent do you support or oppose this policy of using military sites to move asylum seekers out of hotels?,Best party on housing,hous,Support,Neither support nor oppose,Oppose,,,,,,,,53.9,10.0,22.6,,,,,,,,VI-2026-07-01-Opinium-Observer-Web-Tables-1704.xlsx,LAB6
"2,050 UK adults",1st - 3rd July 2026,,,,2050,,region,North,Q:LAB6. It has been reported that the Home Office is attempting to use three more military sites to house thousands of asylum seekers as the government seeks to move people out of hotels.To what extent do you support or oppose this policy of using military sites to move asylum seekers out of hotels?,Best party on housing,hous,Support,Neither support nor oppose,Oppose,,,,,,,,42.3,19.0,22.6,,,,,,,,VI-2026-07-01-Opinium-Observer-Web-Tables-1704.xlsx,LAB6
"2,050 UK adults",1st - 3rd July 2026,,,,2050,,region,Mids,Q:LAB6. It has been reported that the Home Office is attempting to use three more military sites to house thousands of asylum seekers as the government seeks to move people out of hotels.To what extent do you support or oppose this policy of using military sites to move asylum seekers out of hotels?,Best party on housing,hous,Support,Neither support nor oppose,Oppose,,,,,,,,38.2,17.2,30.0,,,,,,,,VI-2026-07-01-Opinium-Observer-Web-Tables-1704.xlsx,LAB6
"2,050 UK adults",1st - 3rd July 2026,,,,2050,,region,London,Q:LAB6. It has been reported that the Home Office is attempting to use three more military sites to house thousands of asylum seekers as the government seeks to move people out of hotels.To what extent do you support or oppose this policy of using military sites to move asylum seekers out of hotels?,Best party on housing,hous,Support,Neither support nor oppose,Oppose,,,,,,,,44.0,19.1,18.8,,,,,,,,VI-2026-07-01-Opinium-Observer-Web-Tables-1704.xlsx,LAB6
"2,050 UK adults",1st - 3rd July 2026,,,,2050,,region,South,Q:LAB6. It has been reported that the Home Office is attempting to use three more military sites to house thousands of asylum seekers as the government seeks to move people out of hotels.To what extent do you support or oppose this policy of using military sites to move asylum seekers out of hotels?,Best party on housing,hous,Support,Neither support nor oppose,Oppose,,,,,,,,41.9,17.3,27.8,,,,,,,,VI-2026-07-01-Opinium-Observer-Web-Tables-1704.xlsx,LAB6
"2,050 UK adults",1st - 3rd July 2026,,,,2050,,region,Wales,Q:LAB6. It has been reported that the Home Office is attempting to use three more military sites to house thousands of asylum seekers as the government seeks to move people out of hotels.To what extent do you support or oppose this policy of using military sites to move asylum seekers out of hotels?,Best party on housing,hous,Support,Neither support nor oppose,Oppose,,,,,,,,44.8,18.5,21.9,,,,,,,,VI-2026-07-01-Opinium-Observer-Web-Tables-1704.xlsx,LAB6
"2,050 UK adults",1st - 3rd July 2026,,,,2050,,region,Scotland,Q:LAB6. It has been reported that the Home Office is attempting to use three more military sites to house thousands of asylum seekers as the government seeks to move people out of hotels.To what extent do you support or oppose this policy of using military sites to move asylum seekers out of hotels?,Best party on housing,hous,Support,Neither support nor oppose,Oppose,,,,,,,,34.7,24.0,22.9,,,,,,,,VI-2026-07-01-Opinium-Observer-Web-Tables-1704.xlsx,LAB6
"2,050 UK adults",1st - 3rd July 2026,,,,2050,,region,Northern Ireland,Q:LAB6. It has been reported that the Home Office is attempting to use three more military sites to house thousands of asylum seekers as the government seeks to move people out of hotels.To what extent do you support or oppose this policy of using military sites to move asylum seekers out of hotels?,Best party on housing,hous,Support,Neither support nor oppose,Oppose,,,,,,,,34.5,4.1,45.5,,,,,,,,VI-2026-07-01-Opinium-Observer-Web-Tables-1704.xlsx,LAB6
"2,050 UK adults",1st - 3rd July 2026,,,,2050,,total,Total,"Q:DF1. On Tuesday 30th June 2026, the government announced an additional £15 billion of defence investment, taking defence and national security spending to almost £80 billion by 2029.Do you think this increase in defence spending is…",Best party on defence,defence,Too high,About right,Too low,,,,,,,,18.1,31.8,23.8,,,,,,,,VI-2026-07-01-Opinium-Observer-Web-Tables-1704.xlsx,DF1
"2,050 UK adults",1st - 3rd July 2026,,,,2050,,current_vote,Con,"Q:DF1. On Tuesday 30th June 2026, the government announced an additional £15 billion of defence investment, taking defence and national security spending to almost £80 billion by 2029.Do you think this increase in defence spending is…",Best party on defence,defence,Too high,About right,Too low,,,,,,,,12.9,40.0,29.8,,,,,,,,VI-2026-07-01-Opinium-Observer-Web-Tables-1704.xlsx,DF1
"2,050 UK adults",1st - 3rd July 2026,,,,2050,,current_vote,Lab,"Q:DF1. On Tuesday 30th June 2026, the government announced an additional £15 billion of defence investment, taking defence and national security spending to almost £80 billion by 2029.Do you think this increase in defence spending is…",Best party on defence,defence,Too high,About right,Too low,,,,,,,,21.1,46.0,12.7,,,,,,,,VI-2026-07-01-Opinium-Observer-Web-Tables-1704.xlsx,DF1
"2,050 UK adults",1st - 3rd July 2026,,,,2050,,current_vote,Lib Dem,"Q:DF1. On Tuesday 30th June 2026, the government announced an additional £15 billion of defence investment, taking defence and national security spending to almost £80 billion by 2029.Do you think this increase in defence spending is…",Best party on defence,defence,Too high,About right,Too low,,,,,,,,11.7,42.7,27.4,,,,,,,,VI-2026-07-01-Opinium-Observer-Web-Tables-1704.xlsx,DF1
"2,050 UK adults",1st - 3rd July 2026,,,,2050,,current_vote,Reform,"Q:DF1. On Tuesday 30th June 2026, the government announced an additional £15 billion of defence investment, taking defence and national security spending to almost £80 billion by 2029.Do you think this increase in defence spending is…",Best party on defence,defence,Too high,About right,Too low,,,,,,,,12.2,28.0,42.9,,,,,,,,VI-2026-07-01-Opinium-Observer-Web-Tables-1704.xlsx,DF1
"2,050 UK adults",1st - 3rd July 2026,,,,2050,,current_vote,Green,"Q:DF1. On Tuesday 30th June 2026, the government announced an additional £15 billion of defence investment, taking defence and national security spending to almost £80 billion by 2029.Do you think this increase in defence spending is…",Best party on defence,defence,Too high,About right,Too low,,,,,,,,41.8,27.2,9.9,,,,,,,,VI-2026-07-01-Opinium-Observer-Web-Tables-1704.xlsx,DF1
"2,050 UK adults",1st - 3rd July 2026,,,,2050,,historic_vote,Con,"Q:DF1. On Tuesday 30th June 2026, the government announced an additional £15 billion of defence investment, taking defence and national security spending to almost £80 billion by 2029.Do you think this increase in defence spending is…",Best party on defence,defence,Too high,About right,Too low,,,,,,,,10.8,35.6,39.0,,,,,,,,VI-2026-07-01-Opinium-Observer-Web-Tables-1704.xlsx,DF1
"2,050 UK adults",1st - 3rd July 2026,,,,2050,,historic_vote,Lab,"Q:DF1. On Tuesday 30th June 2026, the government announced an additional £15 billion of defence investment, taking defence and national security spending to almost £80 billion by 2029.Do you think this increase in defence spending is…",Best party on defence,defence,Too high,About right,Too low,,,,,,,,18.9,42.3,16.2,,,,,,,,VI-2026-07-01-Opinium-Observer-Web-Tables-1704.xlsx,DF1
"2,050 UK adults",1st - 3rd July 2026,,,,2050,,historic_vote,Lib Dems,"Q:DF1. On Tuesday 30th June 2026, the government announced an additional £15 billion of defence investment, taking defence and national security spending to almost £80 billion by 2029.Do you think this increase in defence spending is…",Best party on defence,defence,Too high,About right,Too low,,,,,,,,15.5,32.2,30.2,,,,,,,,VI-2026-07-01-Opinium-Observer-Web-Tables-1704.xlsx,DF1
"2,050 UK adults",1st - 3rd July 2026,,,,2050,,historic_vote,Reform,"Q:DF1. On Tuesday 30th June 2026, the government announced an additional £15 billion of defence investment, taking defence and national security spending to almost £80 billion by 2029.Do you think this increase in defence spending is…",Best party on defence,defence,Too high,About right,Too low,,,,,,,,13.2,21.7,46.1,,,,,,,,VI-2026-07-01-Opinium-Observer-Web-Tables-1704.xlsx,DF1
"2,050 UK adults",1st - 3rd July 2026,,,,2050,,historic_vote,Green,"Q:DF1. On Tuesday 30th June 2026, the government announced an additional £15 billion of defence investment, taking defence and national security spending to almost £80 billion by 2029.Do you think this increase in defence spending is…",Best party on defence,defence,Too high,About right,Too low,,,,,,,,31.2,29.3,13.4,,,,,,,,VI-2026-07-01-Opinium-Observer-Web-Tables-1704.xlsx,DF1
"2,050 UK adults",1st - 3rd July 2026,,,,2050,,historic_vote,Con,"Q:DF1. On Tuesday 30th June 2026, the government announced an additional £15 billion of defence investment, taking defence and national security spending to almost £80 billion by 2029.Do you think this increase in defence spending is…",Best party on defence,defence,Too high,About right,Too low,,,,,,,,9.7,30.6,41.3,,,,,,,,VI-2026-07-01-Opinium-Observer-Web-Tables-1704.xlsx,DF1
"2,050 UK adults",1st - 3rd July 2026,,,,2050,,historic_vote,Lab,"Q:DF1. On Tuesday 30th June 2026, the government announced an additional £15 billion of defence investment, taking defence and national security spending to almost £80 billion by 2029.Do you think this increase in defence spending is…",Best party on defence,defence,Too high,About right,Too low,,,,,,,,24.2,36.4,15.0,,,,,,,,VI-2026-07-01-Opinium-Observer-Web-Tables-1704.xlsx,DF1
"2,050 UK adults",1st - 3rd July 2026,,,,2050,,historic_vote,Lib Dem,"Q:DF1. On Tuesday 30th June 2026, the government announced an additional £15 billion of defence investment, taking defence and national security spending to almost £80 billion by 2029.Do you think this increase in defence spending is…",Best party on defence,defence,Too high,About right,Too low,,,,,,,,11.4,38.7,27.7,,,,,,,,VI-2026-07-01-Opinium-Observer-Web-Tables-1704.xlsx,DF1
"2,050 UK adults",1st - 3rd July 2026,,,,2050,,historic_vote,Remain,"Q:DF1. On Tuesday 30th June 2026, the government announced an additional £15 billion of defence investment, taking defence and national security spending to almost £80 billion by 2029.Do you think this increase in defence spending is…",Best party on defence,defence,Too high,About right,Too low,,,,,,,,19.1,35.4,19.9,,,,,,,,VI-2026-07-01-Opinium-Observer-Web-Tables-1704.xlsx,DF1
"2,050 UK adults",1st - 3rd July 2026,,,,2050,,historic_vote,Leave,"Q:DF1. On Tuesday 30th June 2026, the government announced an additional £15 billion of defence investment, taking defence and national security spending to almost £80 billion by 2029.Do you think this increase in defence spending is…",Best party on defence,defence,Too high,About right,Too low,,,,,,,,12.1,27.3,38.6,,,,,,,,VI-2026-07-01-Opinium-Observer-Web-Tables-1704.xlsx,DF1
"2,050 UK adults",1st - 3rd July 2026,,,,2050,,gender,Male,"Q:DF1. On Tuesday 30th June 2026, the government announced an additional £15 billion of defence investment, taking defence and national security spending to almost £80 billion by 2029.Do you think this increase in defence spending is…",Best party on defence,defence,Too high,About right,Too low,,,,,,,,16.6,34.4,30.5,,,,,,,,VI-2026-07-01-Opinium-Observer-Web-Tables-1704.xlsx,DF1
"2,050 UK adults",1st - 3rd July 2026,,,,2050,,gender,Female,"Q:DF1. On Tuesday 30th June 2026, the government announced an additional £15 billion of defence investment, taking defence and national security spending to almost £80 billion by 2029.Do you think this increase in defence spending is…",Best party on defence,defence,Too high,About right,Too low,,,,,,,,19.4,29.4,17.5,,,,,,,,VI-2026-07-01-Opinium-Observer-Web-Tables-1704.xlsx,DF1
"2,050 UK adults",1st - 3rd July 2026,,,,2050,,age,18-34,"Q:DF1. On Tuesday 30th June 2026, the government announced an additional £15 billion of defence investment, taking defence and national security spending to almost £80 billion by 2029.Do you think this increase in defence spending is…",Best party on defence,defence,Too high,About right,Too low,,,,,,,,25.8,42.0,10.3,,,,,,,,VI-2026-07-01-Opinium-Observer-Web-Tables-1704.xlsx,DF1
"2,050 UK adults",1st - 3rd July 2026,,,,2050,,age,35-49,"Q:DF1. On Tuesday 30th June 2026, the government announced an additional £15 billion of defence investment, taking defence and national security spending to almost £80 billion by 2029.Do you think this increase in defence spending is…",Best party on defence,defence,Too high,About right,Too low,,,,,,,,23.0,31.7,17.3,,,,,,,,VI-2026-07-01-Opinium-Observer-Web-Tables-1704.xlsx,DF1
"2,050 UK adults",1st - 3rd July 2026,,,,2050,,age,50-64,"Q:DF1. On Tuesday 30th June 2026, the government announced an additional £15 billion of defence investment, taking defence and national security spending to almost £80 billion by 2029.Do you think this increase in defence spending is…",Best party on defence,defence,Too high,About right,Too low,,,,,,,,14.5,28.3,27.2,,,,,,,,VI-2026-07-01-Opinium-Observer-Web-Tables-1704.xlsx,DF1
"2,050 UK adults",1st - 3rd July 2026,,,,2050,,age,65+,"Q:DF1. On Tuesday 30th June 2026, the government announced an additional £15 billion of defence investment, taking defence and national security spending to almost £80 billion by 2029.Do you think this increase in defence spending is…",Best party on defence,defence,Too high,About right,Too low,,,,,,,,7.9,23.5,42.3,,,,,,,,VI-2026-07-01-Opinium-Observer-Web-Tables-1704.xlsx,DF1
"2,050 UK adults",1st - 3rd July 2026,,,,2050,,region,North,"Q:DF1. On Tuesday 30th June 2026, the government announced an additional £15 billion of defence investment, taking defence and national security spending to almost £80 billion by 2029.Do you think this increase in defence spending is…",Best party on defence,defence,Too high,About right,Too low,,,,,,,,18.1,31.7,23.3,,,,,,,,VI-2026-07-01-Opinium-Observer-Web-Tables-1704.xlsx,DF1
"2,050 UK adults",1st - 3rd July 2026,,,,2050,,region,Mids,"Q:DF1. On Tuesday 30th June 2026, the government announced an additional £15 billion of defence investment, taking defence and national security spending to almost £80 billion by 2029.Do you think this increase in defence spending is…",Best party on defence,defence,Too high,About right,Too low,,,,,,,,20.0,30.4,25.8,,,,,,,,VI-2026-07-01-Opinium-Observer-Web-Tables-1704.xlsx,DF1
"2,050 UK adults",1st - 3rd July 2026,,,,2050,,region,London,"Q:DF1. On Tuesday 30th June 2026, the government announced an additional £15 billion of defence investment, taking defence and national security spending to almost £80 billion by 2029.Do you think this increase in defence spending is…",Best party on defence,defence,Too high,About right,Too low,,,,,,,,21.7,37.2,16.3,,,,,,,,VI-2026-07-01-Opinium-Observer-Web-Tables-1704.xlsx,DF1
"2,050 UK adults",1st - 3rd July 2026,,,,2050,,region,South,"Q:DF1. On Tuesday 30th June 2026, the government announced an additional £15 billion of defence investment, taking defence and national security spending to almost £80 billion by 2029.Do you think this increase in defence spending is…",Best party on defence,defence,Too high,About right,Too low,,,,,,,,15.4,29.7,27.2,,,,,,,,VI-2026-07-01-Opinium-Observer-Web-Tables-1704.xlsx,DF1
"2,050 UK adults",1st - 3rd July 2026,,,,2050,,region,Wales,"Q:DF1. On Tuesday 30th June 2026, the government announced an additional £15 billion of defence investment, taking defence and national security spending to almost £80 billion by 2029.Do you think this increase in defence spending is…",Best party on defence,defence,Too high,About right,Too low,,,,,,,,20.6,39.2,18.9,,,,,,,,VI-2026-07-01-Opinium-Observer-Web-Tables-1704.xlsx,DF1
"2,050 UK adults",1st - 3rd July 2026,,,,2050,,region,Scotland,"Q:DF1. On Tuesday 30th June 2026, the government announced an additional £15 billion of defence investment, taking defence and national security spending to almost £80 billion by 2029.Do you think this increase in defence spending is…",Best party on defence,defence,Too high,About right,Too low,,,,,,,,12.5,34.7,23.3,,,,,,,,VI-2026-07-01-Opinium-Observer-Web-Tables-1704.xlsx,DF1
"2,050 UK adults",1st - 3rd July 2026,,,,2050,,region,Northern Ireland,"Q:DF1. On Tuesday 30th June 2026, the government announced an additional £15 billion of defence investment, taking defence and national security spending to almost £80 billion by 2029.Do you think this increase in defence spending is…",Best party on defence,defence,Too high,About right,Too low,,,,,,,,33.5,16.2,21.4,,,,,,,,VI-2026-07-01-Opinium-Observer-Web-Tables-1704.xlsx,DF1
"2,050 UK adults",1st - 3rd July 2026,,,,2050,,total,Total,Q:DF2. The government has said some planned road and energy projects will be cancelled or delayed to help fund the defence investment plan. Do you think this is the right or wrong approach?,Best party on defence,defence,Definitely right,Probably right,Probably wrong,Definitely wrong,,,,,,,6.4,24.4,23.1,21.0,,,,,,,VI-2026-07-01-Opinium-Observer-Web-Tables-1704.xlsx,DF2
"2,050 UK adults",1st - 3rd July 2026,,,,2050,,current_vote,Con,Q:DF2. The government has said some planned road and energy projects will be cancelled or delayed to help fund the defence investment plan. Do you think this is the right or wrong approach?,Best party on defence,defence,Definitely right,Probably right,Probably wrong,Definitely wrong,,,,,,,13.1,28.9,23.1,13.2,,,,,,,VI-2026-07-01-Opinium-Observer-Web-Tables-1704.xlsx,DF2
"2,050 UK adults",1st - 3rd July 2026,,,,2050,,current_vote,Lab,Q:DF2. The government has said some planned road and energy projects will be cancelled or delayed to help fund the defence investment plan. Do you think this is the right or wrong approach?,Best party on defence,defence,Definitely right,Probably right,Probably wrong,Definitely wrong,,,,,,,6.7,31.3,28.3,16.9,,,,,,,VI-2026-07-01-Opinium-Observer-Web-Tables-1704.xlsx,DF2
"2,050 UK adults",1st - 3rd July 2026,,,,2050,,current_vote,Lib Dem,Q:DF2. The government has said some planned road and energy projects will be cancelled or delayed to help fund the defence investment plan. Do you think this is the right or wrong approach?,Best party on defence,defence,Definitely right,Probably right,Probably wrong,Definitely wrong,,,,,,,4.0,30.9,32.7,19.2,,,,,,,VI-2026-07-01-Opinium-Observer-Web-Tables-1704.xlsx,DF2
"2,050 UK adults",1st - 3rd July 2026,,,,2050,,current_vote,Reform,Q:DF2. The government has said some planned road and energy projects will be cancelled or delayed to help fund the defence investment plan. Do you think this is the right or wrong approach?,Best party on defence,defence,Definitely right,Probably right,Probably wrong,Definitely wrong,,,,,,,6.9,29.7,25.3,19.2,,,,,,,VI-2026-07-01-Opinium-Observer-Web-Tables-1704.xlsx,DF2
"2,050 UK adults",1st - 3rd July 2026,,,,2050,,current_vote,Green,Q:DF2. The government has said some planned road and energy projects will be cancelled or delayed to help fund the defence investment plan. Do you think this is the right or wrong approach?,Best party on defence,defence,Definitely right,Probably right,Probably wrong,Definitely wrong,,,,,,,3.2,20.3,18.7,43.0,,,,,,,VI-2026-07-01-Opinium-Observer-Web-Tables-1704.xlsx,DF2
"2,050 UK adults",1st - 3rd July 2026,,,,2050,,historic_vote,Con,Q:DF2. The government has said some planned road and energy projects will be cancelled or delayed to help fund the defence investment plan. Do you think this is the right or wrong approach?,Best party on defence,defence,Definitely right,Probably right,Probably wrong,Definitely wrong,,,,,,,12.3,30.8,21.7,16.3,,,,,,,VI-2026-07-01-Opinium-Observer-Web-Tables-1704.xlsx,DF2
"2,050 UK adults",1st - 3rd July 2026,,,,2050,,historic_vote,Lab,Q:DF2. The government has said some planned road and energy projects will be cancelled or delayed to help fund the defence investment plan. Do you think this is the right or wrong approach?,Best party on defence,defence,Definitely right,Probably right,Probably wrong,Definitely wrong,,,,,,,6.4,26.5,26.5,21.1,,,,,,,VI-2026-07-01-Opinium-Observer-Web-Tables-1704.xlsx,DF2
"2,050 UK adults",1st - 3rd July 2026,,,,2050,,historic_vote,Lib Dems,Q:DF2. The government has said some planned road and energy projects will be cancelled or delayed to help fund the defence investment plan. Do you think this is the right or wrong approach?,Best party on defence,defence,Definitely right,Probably right,Probably wrong,Definitely wrong,,,,,,,2.9,35.9,31.2,15.7,,,,,,,VI-2026-07-01-Opinium-Observer-Web-Tables-1704.xlsx,DF2
"2,050 UK adults",1st - 3rd July 2026,,,,2050,,historic_vote,Reform,Q:DF2. The government has said some planned road and energy projects will be cancelled or delayed to help fund the defence investment plan. Do you think this is the right or wrong approach?,Best party on defence,defence,Definitely right,Probably right,Probably wrong,Definitely wrong,,,,,,,8.6,27.3,22.4,20.8,,,,,,,VI-2026-07-01-Opinium-Observer-Web-Tables-1704.xlsx,DF2
"2,050 UK adults",1st - 3rd July 2026,,,,2050,,historic_vote,Green,Q:DF2. The government has said some planned road and energy projects will be cancelled or delayed to help fund the defence investment plan. Do you think this is the right or wrong approach?,Best party on defence,defence,Definitely right,Probably right,Probably wrong,Definitely wrong,,,,,,,6.1,17.1,24.7,40.6,,,,,,,VI-2026-07-01-Opinium-Observer-Web-Tables-1704.xlsx,DF2
"2,050 UK adults",1st - 3rd July 2026,,,,2050,,historic_vote,Con,Q:DF2. The government has said some planned road and energy projects will be cancelled or delayed to help fund the defence investment plan. Do you think this is the right or wrong approach?,Best party on defence,defence,Definitely right,Probably right,Probably wrong,Definitely wrong,,,,,,,10.6,28.9,22.9,18.6,,,,,,,VI-2026-07-01-Opinium-Observer-Web-Tables-1704.xlsx,DF2
"2,050 UK adults",1st - 3rd July 2026,,,,2050,,historic_vote,Lab,Q:DF2. The government has said some planned road and energy projects will be cancelled or delayed to help fund the defence investment plan. Do you think this is the right or wrong approach?,Best party on defence,defence,Definitely right,Probably right,Probably wrong,Definitely wrong,,,,,,,5.5,24.5,26.9,25.2,,,,,,,VI-2026-07-01-Opinium-Observer-Web-Tables-1704.xlsx,DF2
"2,050 UK adults",1st - 3rd July 2026,,,,2050,,historic_vote,Lib Dem,Q:DF2. The government has said some planned road and energy projects will be cancelled or delayed to help fund the defence investment plan. Do you think this is the right or wrong approach?,Best party on defence,defence,Definitely right,Probably right,Probably wrong,Definitely wrong,,,,,,,4.9,35.4,23.2,17.0,,,,,,,VI-2026-07-01-Opinium-Observer-Web-Tables-1704.xlsx,DF2
"2,050 UK adults",1st - 3rd July 2026,,,,2050,,historic_vote,Remain,Q:DF2. The government has said some planned road and energy projects will be cancelled or delayed to help fund the defence investment plan. Do you think this is the right or wrong approach?,Best party on defence,defence,Definitely right,Probably right,Probably wrong,Definitely wrong,,,,,,,5.4,26.2,25.7,21.6,,,,,,,VI-2026-07-01-Opinium-Observer-Web-Tables-1704.xlsx,DF2
"2,050 UK adults",1st - 3rd July 2026,,,,2050,,historic_vote,Leave,Q:DF2. The government has said some planned road and energy projects will be cancelled or delayed to help fund the defence investment plan. Do you think this is the right or wrong approach?,Best party on defence,defence,Definitely right,Probably right,Probably wrong,Definitely wrong,,,,,,,9.9,26.5,20.5,21.4,,,,,,,VI-2026-07-01-Opinium-Observer-Web-Tables-1704.xlsx,DF2
"2,050 UK adults",1st - 3rd July 2026,,,,2050,,gender,Male,Q:DF2. The government has said some planned road and energy projects will be cancelled or delayed to help fund the defence investment plan. Do you think this is the right or wrong approach?,Best party on defence,defence,Definitely right,Probably right,Probably wrong,Definitely wrong,,,,,,,8.0,25.6,22.9,24.5,,,,,,,VI-2026-07-01-Opinium-Observer-Web-Tables-1704.xlsx,DF2
"2,050 UK adults",1st - 3rd July 2026,,,,2050,,gender,Female,Q:DF2. The government has said some planned road and energy projects will be cancelled or delayed to help fund the defence investment plan. Do you think this is the right or wrong approach?,Best party on defence,defence,Definitely right,Probably right,Probably wrong,Definitely wrong,,,,,,,4.8,23.5,23.4,17.7,,,,,,,VI-2026-07-01-Opinium-Observer-Web-Tables-1704.xlsx,DF2
"2,050 UK adults",1st - 3rd July 2026,,,,2050,,age,18-34,Q:DF2. The government has said some planned road and energy projects will be cancelled or delayed to help fund the defence investment plan. Do you think this is the right or wrong approach?,Best party on defence,defence,Definitely right,Probably right,Probably wrong,Definitely wrong,,,,,,,6.5,25.7,23.8,20.7,,,,,,,VI-2026-07-01-Opinium-Observer-Web-Tables-1704.xlsx,DF2
"2,050 UK adults",1st - 3rd July 2026,,,,2050,,age,35-49,Q:DF2. The government has said some planned road and energy projects will be cancelled or delayed to help fund the defence investment plan. Do you think this is the right or wrong approach?,Best party on defence,defence,Definitely right,Probably right,Probably wrong,Definitely wrong,,,,,,,5.5,18.8,25.0,22.4,,,,,,,VI-2026-07-01-Opinium-Observer-Web-Tables-1704.xlsx,DF2
"2,050 UK adults",1st - 3rd July 2026,,,,2050,,age,50-64,Q:DF2. The government has said some planned road and energy projects will be cancelled or delayed to help fund the defence investment plan. Do you think this is the right or wrong approach?,Best party on defence,defence,Definitely right,Probably right,Probably wrong,Definitely wrong,,,,,,,5.6,26.4,20.9,22.7,,,,,,,VI-2026-07-01-Opinium-Observer-Web-Tables-1704.xlsx,DF2
"2,050 UK adults",1st - 3rd July 2026,,,,2050,,age,65+,Q:DF2. The government has said some planned road and energy projects will be cancelled or delayed to help fund the defence investment plan. Do you think this is the right or wrong approach?,Best party on defence,defence,Definitely right,Probably right,Probably wrong,Definitely wrong,,,,,,,8.0,26.4,22.5,18.1,,,,,,,VI-2026-07-01-Opinium-Observer-Web-Tables-1704.xlsx,DF2
"2,050 UK adults",1st - 3rd July 2026,,,,2050,,region,North,Q:DF2. The government has said some planned road and energy projects will be cancelled or delayed to help fund the defence investment plan. Do you think this is the right or wrong approach?,Best party on defence,defence,Definitely right,Probably right,Probably wrong,Definitely wrong,,,,,,,4.7,22.3,26.4,20.7,,,,,,,VI-2026-07-01-Opinium-Observer-Web-Tables-1704.xlsx,DF2
"2,050 UK adults",1st - 3rd July 2026,,,,2050,,region,Mids,Q:DF2. The government has said some planned road and energy projects will be cancelled or delayed to help fund the defence investment plan. Do you think this is the right or wrong approach?,Best party on defence,defence,Definitely right,Probably right,Probably wrong,Definitely wrong,,,,,,,7.6,23.5,23.9,18.9,,,,,,,VI-2026-07-01-Opinium-Observer-Web-Tables-1704.xlsx,DF2
"2,050 UK adults",1st - 3rd July 2026,,,,2050,,region,London,Q:DF2. The government has said some planned road and energy projects will be cancelled or delayed to help fund the defence investment plan. Do you think this is the right or wrong approach?,Best party on defence,defence,Definitely right,Probably right,Probably wrong,Definitely wrong,,,,,,,5.3,24.3,21.8,23.2,,,,,,,VI-2026-07-01-Opinium-Observer-Web-Tables-1704.xlsx,DF2
"2,050 UK adults",1st - 3rd July 2026,,,,2050,,region,South,Q:DF2. The government has said some planned road and energy projects will be cancelled or delayed to help fund the defence investment plan. Do you think this is the right or wrong approach?,Best party on defence,defence,Definitely right,Probably right,Probably wrong,Definitely wrong,,,,,,,6.5,29.4,22.1,19.4,,,,,,,VI-2026-07-01-Opinium-Observer-Web-Tables-1704.xlsx,DF2
"2,050 UK adults",1st - 3rd July 2026,,,,2050,,region,Wales,Q:DF2. The government has said some planned road and energy projects will be cancelled or delayed to help fund the defence investment plan. Do you think this is the right or wrong approach?,Best party on defence,defence,Definitely right,Probably right,Probably wrong,Definitely wrong,,,,,,,7.8,19.3,27.6,21.6,,,,,,,VI-2026-07-01-Opinium-Observer-Web-Tables-1704.xlsx,DF2
"2,050 UK adults",1st - 3rd July 2026,,,,2050,,region,Scotland,Q:DF2. The government has said some planned road and energy projects will be cancelled or delayed to help fund the defence investment plan. Do you think this is the right or wrong approach?,Best party on defence,defence,Definitely right,Probably right,Probably wrong,Definitely wrong,,,,,,,6.6,19.9,19.5,22.2,,,,,,,VI-2026-07-01-Opinium-Observer-Web-Tables-1704.xlsx,DF2
"2,050 UK adults",1st - 3rd July 2026,,,,2050,,region,Northern Ireland,Q:DF2. The government has said some planned road and energy projects will be cancelled or delayed to help fund the defence investment plan. Do you think this is the right or wrong approach?,Best party on defence,defence,Definitely right,Probably right,Probably wrong,Definitely wrong,,,,,,,14.6,11.6,10.6,40.8,,,,,,,VI-2026-07-01-Opinium-Observer-Web-Tables-1704.xlsx,DF2
"2,050 UK adults",1st - 3rd July 2026,,,,2050,,total,Total,"Q:DF3. The government has announced major investments across defence, including nuclear submarines, fighter jets, drones, missile stockpiles and cyber capabilities.Which one of the following, if any, do you think should be the highest priority for defence investment?",Best party on defence,defence,Cyber security and AI capabilities,Drones and autonomous systems,Military personnel and recruitment,Nuclear deterrent and submarines,Fighter jets and air power,Missiles and weapons stockpiles,Other (please specify),,,,17.0,14.4,11.3,6.7,6.1,5.4,1.7,,,,VI-2026-07-01-Opinium-Observer-Web-Tables-1704.xlsx,DF3
"2,050 UK adults",1st - 3rd July 2026,,,,2050,,current_vote,Con,"Q:DF3. The government has announced major investments across defence, including nuclear submarines, fighter jets, drones, missile stockpiles and cyber capabilities.Which one of the following, if any, do you think should be the highest priority for defence investment?",Best party on defence,defence,Cyber security and AI capabilities,Drones and autonomous systems,Military personnel and recruitment,Nuclear deterrent and submarines,Fighter jets and air power,Missiles and weapons stockpiles,Other (please specify),,,,17.1,17.7,10.3,7.1,9.4,8.1,0.4,,,,VI-2026-07-01-Opinium-Observer-Web-Tables-1704.xlsx,DF3
"2,050 UK adults",1st - 3rd July 2026,,,,2050,,current_vote,Lab,"Q:DF3. The government has announced major investments across defence, including nuclear submarines, fighter jets, drones, missile stockpiles and cyber capabilities.Which one of the following, if any, do you think should be the highest priority for defence investment?",Best party on defence,defence,Cyber security and AI capabilities,Drones and autonomous systems,Military personnel and recruitment,Nuclear deterrent and submarines,Fighter jets and air power,Missiles and weapons stockpiles,Other (please specify),,,,25.3,16.7,10.2,7.9,5.6,6.2,0.7,,,,VI-2026-07-01-Opinium-Observer-Web-Tables-1704.xlsx,DF3
"2,050 UK adults",1st - 3rd July 2026,,,,2050,,current_vote,Lib Dem,"Q:DF3. The government has announced major investments across defence, including nuclear submarines, fighter jets, drones, missile stockpiles and cyber capabilities.Which one of the following, if any, do you think should be the highest priority for defence investment?",Best party on defence,defence,Cyber security and AI capabilities,Drones and autonomous systems,Military personnel and recruitment,Nuclear deterrent and submarines,Fighter jets and air power,Missiles and weapons stockpiles,Other (please specify),,,,22.6,18.4,14.3,4.5,4.9,6.3,1.6,,,,VI-2026-07-01-Opinium-Observer-Web-Tables-1704.xlsx,DF3
"2,050 UK adults",1st - 3rd July 2026,,,,2050,,current_vote,Reform,"Q:DF3. The government has announced major investments across defence, including nuclear submarines, fighter jets, drones, missile stockpiles and cyber capabilities.Which one of the following, if any, do you think should be the highest priority for defence investment?",Best party on defence,defence,Cyber security and AI capabilities,Drones and autonomous systems,Military personnel and recruitment,Nuclear deterrent and submarines,Fighter jets and air power,Missiles and weapons stockpiles,Other (please specify),,,,11.2,16.0,15.5,10.5,7.8,9.0,1.6,,,,VI-2026-07-01-Opinium-Observer-Web-Tables-1704.xlsx,DF3
"2,050 UK adults",1st - 3rd July 2026,,,,2050,,current_vote,Green,"Q:DF3. The government has announced major investments across defence, including nuclear submarines, fighter jets, drones, missile stockpiles and cyber capabilities.Which one of the following, if any, do you think should be the highest priority for defence investment?",Best party on defence,defence,Cyber security and AI capabilities,Drones and autonomous systems,Military personnel and recruitment,Nuclear deterrent and submarines,Fighter jets and air power,Missiles and weapons stockpiles,Other (please specify),,,,19.0,13.3,9.0,7.0,6.2,1.6,2.4,,,,VI-2026-07-01-Opinium-Observer-Web-Tables-1704.xlsx,DF3
"2,050 UK adults",1st - 3rd July 2026,,,,2050,,historic_vote,Con,"Q:DF3. The government has announced major investments across defence, including nuclear submarines, fighter jets, drones, missile stockpiles and cyber capabilities.Which one of the following, if any, do you think should be the highest priority for defence investment?",Best party on defence,defence,Cyber security and AI capabilities,Drones and autonomous systems,Military personnel and recruitment,Nuclear deterrent and submarines,Fighter jets and air power,Missiles and weapons stockpiles,Other (please specify),,,,13.2,17.8,14.3,6.0,11.3,8.9,0.7,,,,VI-2026-07-01-Opinium-Observer-Web-Tables-1704.xlsx,DF3
"2,050 UK adults",1st - 3rd July 2026,,,,2050,,historic_vote,Lab,"Q:DF3. The government has announced major investments across defence, including nuclear submarines, fighter jets, drones, missile stockpiles and cyber capabilities.Which one of the following, if any, do you think should be the highest priority for defence investment?",Best party on defence,defence,Cyber security and AI capabilities,Drones and autonomous systems,Military personnel and recruitment,Nuclear deterrent and submarines,Fighter jets and air power,Missiles and weapons stockpiles,Other (please specify),,,,23.3,17.0,10.6,8.7,4.3,4.8,0.2,,,,VI-2026-07-01-Opinium-Observer-Web-Tables-1704.xlsx,DF3
"2,050 UK adults",1st - 3rd July 2026,,,,2050,,historic_vote,Lib Dems,"Q:DF3. The government has announced major investments across defence, including nuclear submarines, fighter jets, drones, missile stockpiles and cyber capabilities.Which one of the following, if any, do you think should be the highest priority for defence investment?",Best party on defence,defence,Cyber security and AI capabilities,Drones and autonomous systems,Military personnel and recruitment,Nuclear deterrent and submarines,Fighter jets and air power,Missiles and weapons stockpiles,Other (please specify),,,,20.2,19.8,9.8,4.1,4.0,5.3,2.2,,,,VI-2026-07-01-Opinium-Observer-Web-Tables-1704.xlsx,DF3
"2,050 UK adults",1st - 3rd July 2026,,,,2050,,historic_vote,Reform,"Q:DF3. The government has announced major investments across defence, including nuclear submarines, fighter jets, drones, missile stockpiles and cyber capabilities.Which one of the following, if any, do you think should be the highest priority for defence investment?",Best party on defence,defence,Cyber security and AI capabilities,Drones and autonomous systems,Military personnel and recruitment,Nuclear deterrent and submarines,Fighter jets and air power,Missiles and weapons stockpiles,Other (please specify),,,,11.9,13.3,16.1,10.8,8.8,7.9,2.3,,,,VI-2026-07-01-Opinium-Observer-Web-Tables-1704.xlsx,DF3
"2,050 UK adults",1st - 3rd July 2026,,,,2050,,historic_vote,Green,"Q:DF3. The government has announced major investments across defence, including nuclear submarines, fighter jets, drones, missile stockpiles and cyber capabilities.Which one of the following, if any, do you think should be the highest priority for defence investment?",Best party on defence,defence,Cyber security and AI capabilities,Drones and autonomous systems,Military personnel and recruitment,Nuclear deterrent and submarines,Fighter jets and air power,Missiles and weapons stockpiles,Other (please specify),,,,20.6,15.1,6.4,5.3,5.6,3.5,3.2,,,,VI-2026-07-01-Opinium-Observer-Web-Tables-1704.xlsx,DF3
"2,050 UK adults",1st - 3rd July 2026,,,,2050,,historic_vote,Con,"Q:DF3. The government has announced major investments across defence, including nuclear submarines, fighter jets, drones, missile stockpiles and cyber capabilities.Which one of the following, if any, do you think should be the highest priority for defence investment?",Best party on defence,defence,Cyber security and AI capabilities,Drones and autonomous systems,Military personnel and recruitment,Nuclear deterrent and submarines,Fighter jets and air power,Missiles and weapons stockpiles,Other (please specify),,,,14.2,20.1,13.8,6.8,8.5,7.1,1.3,,,,VI-2026-07-01-Opinium-Observer-Web-Tables-1704.xlsx,DF3
"2,050 UK adults",1st - 3rd July 2026,,,,2050,,historic_vote,Lab,"Q:DF3. The government has announced major investments across defence, including nuclear submarines, fighter jets, drones, missile stockpiles and cyber capabilities.Which one of the following, if any, do you think should be the highest priority for defence investment?",Best party on defence,defence,Cyber security and AI capabilities,Drones and autonomous systems,Military personnel and recruitment,Nuclear deterrent and submarines,Fighter jets and air power,Missiles and weapons stockpiles,Other (please specify),,,,21.1,14.9,9.7,7.9,6.0,4.2,1.1,,,,VI-2026-07-01-Opinium-Observer-Web-Tables-1704.xlsx,DF3
"2,050 UK adults",1st - 3rd July 2026,,,,2050,,historic_vote,Lib Dem,"Q:DF3. The government has announced major investments across defence, including nuclear submarines, fighter jets, drones, missile stockpiles and cyber capabilities.Which one of the following, if any, do you think should be the highest priority for defence investment?",Best party on defence,defence,Cyber security and AI capabilities,Drones and autonomous systems,Military personnel and recruitment,Nuclear deterrent and submarines,Fighter jets and air power,Missiles and weapons stockpiles,Other (please specify),,,,21.7,15.2,8.6,5.4,4.7,8.2,1.4,,,,VI-2026-07-01-Opinium-Observer-Web-Tables-1704.xlsx,DF3
"2,050 UK adults",1st - 3rd July 2026,,,,2050,,historic_vote,Remain,"Q:DF3. The government has announced major investments across defence, including nuclear submarines, fighter jets, drones, missile stockpiles and cyber capabilities.Which one of the following, if any, do you think should be the highest priority for defence investment?",Best party on defence,defence,Cyber security and AI capabilities,Drones and autonomous systems,Military personnel and recruitment,Nuclear deterrent and submarines,Fighter jets and air power,Missiles and weapons stockpiles,Other (please specify),,,,21.4,16.9,8.4,5.2,5.9,5.4,1.4,,,,VI-2026-07-01-Opinium-Observer-Web-Tables-1704.xlsx,DF3
"2,050 UK adults",1st - 3rd July 2026,,,,2050,,historic_vote,Leave,"Q:DF3. The government has announced major investments across defence, including nuclear submarines, fighter jets, drones, missile stockpiles and cyber capabilities.Which one of the following, if any, do you think should be the highest priority for defence investment?",Best party on defence,defence,Cyber security and AI capabilities,Drones and autonomous systems,Military personnel and recruitment,Nuclear deterrent and submarines,Fighter jets and air power,Missiles and weapons stockpiles,Other (please specify),,,,12.2,17.3,14.6,7.3,7.0,6.0,1.8,,,,VI-2026-07-01-Opinium-Observer-Web-Tables-1704.xlsx,DF3
"2,050 UK adults",1st - 3rd July 2026,,,,2050,,gender,Male,"Q:DF3. The government has announced major investments across defence, including nuclear submarines, fighter jets, drones, missile stockpiles and cyber capabilities.Which one of the following, if any, do you think should be the highest priority for defence investment?",Best party on defence,defence,Cyber security and AI capabilities,Drones and autonomous systems,Military personnel and recruitment,Nuclear deterrent and submarines,Fighter jets and air power,Missiles and weapons stockpiles,Other (please specify),,,,17.4,20.2,10.9,7.8,8.4,6.4,2.0,,,,VI-2026-07-01-Opinium-Observer-Web-Tables-1704.xlsx,DF3
"2,050 UK adults",1st - 3rd July 2026,,,,2050,,gender,Female,"Q:DF3. The government has announced major investments across defence, including nuclear submarines, fighter jets, drones, missile stockpiles and cyber capabilities.Which one of the following, if any, do you think should be the highest priority for defence investment?",Best party on defence,defence,Cyber security and AI capabilities,Drones and autonomous systems,Military personnel and recruitment,Nuclear deterrent and submarines,Fighter jets and air power,Missiles and weapons stockpiles,Other (please specify),,,,16.6,9.2,11.8,5.6,4.0,4.4,1.5,,,,VI-2026-07-01-Opinium-Observer-Web-Tables-1704.xlsx,DF3
"2,050 UK adults",1st - 3rd July 2026,,,,2050,,age,18-34,"Q:DF3. The government has announced major investments across defence, including nuclear submarines, fighter jets, drones, missile stockpiles and cyber capabilities.Which one of the following, if any, do you think should be the highest priority for defence investment?",Best party on defence,defence,Cyber security and AI capabilities,Drones and autonomous systems,Military personnel and recruitment,Nuclear deterrent and submarines,Fighter jets and air power,Missiles and weapons stockpiles,Other (please specify),,,,18.9,10.1,11.0,9.6,7.3,8.6,1.3,,,,VI-2026-07-01-Opinium-Observer-Web-Tables-1704.xlsx,DF3
"2,050 UK adults",1st - 3rd July 2026,,,,2050,,age,35-49,"Q:DF3. The government has announced major investments across defence, including nuclear submarines, fighter jets, drones, missile stockpiles and cyber capabilities.Which one of the following, if any, do you think should be the highest priority for defence investment?",Best party on defence,defence,Cyber security and AI capabilities,Drones and autonomous systems,Military personnel and recruitment,Nuclear deterrent and submarines,Fighter jets and air power,Missiles and weapons stockpiles,Other (please specify),,,,18.9,13.0,8.0,7.7,5.5,3.9,1.6,,,,VI-2026-07-01-Opinium-Observer-Web-Tables-1704.xlsx,DF3
"2,050 UK adults",1st - 3rd July 2026,,,,2050,,age,50-64,"Q:DF3. The government has announced major investments across defence, including nuclear submarines, fighter jets, drones, missile stockpiles and cyber capabilities.Which one of the following, if any, do you think should be the highest priority for defence investment?",Best party on defence,defence,Cyber security and AI capabilities,Drones and autonomous systems,Military personnel and recruitment,Nuclear deterrent and submarines,Fighter jets and air power,Missiles and weapons stockpiles,Other (please specify),,,,17.1,15.9,14.6,4.1,3.8,3.7,1.5,,,,VI-2026-07-01-Opinium-Observer-Web-Tables-1704.xlsx,DF3
"2,050 UK adults",1st - 3rd July 2026,,,,2050,,age,65+,"Q:DF3. The government has announced major investments across defence, including nuclear submarines, fighter jets, drones, missile stockpiles and cyber capabilities.Which one of the following, if any, do you think should be the highest priority for defence investment?",Best party on defence,defence,Cyber security and AI capabilities,Drones and autonomous systems,Military personnel and recruitment,Nuclear deterrent and submarines,Fighter jets and air power,Missiles and weapons stockpiles,Other (please specify),,,,12.6,19.2,11.7,4.9,7.6,4.8,2.5,,,,VI-2026-07-01-Opinium-Observer-Web-Tables-1704.xlsx,DF3
"2,050 UK adults",1st - 3rd July 2026,,,,2050,,region,North,"Q:DF3. The government has announced major investments across defence, including nuclear submarines, fighter jets, drones, missile stockpiles and cyber capabilities.Which one of the following, if any, do you think should be the highest priority for defence investment?",Best party on defence,defence,Cyber security and AI capabilities,Drones and autonomous systems,Military personnel and recruitment,Nuclear deterrent and submarines,Fighter jets and air power,Missiles and weapons stockpiles,Other (please specify),,,,14.1,13.7,9.0,7.2,8.6,6.8,2.2,,,,VI-2026-07-01-Opinium-Observer-Web-Tables-1704.xlsx,DF3
"2,050 UK adults",1st - 3rd July 2026,,,,2050,,region,Mids,"Q:DF3. The government has announced major investments across defence, including nuclear submarines, fighter jets, drones, missile stockpiles and cyber capabilities.Which one of the following, if any, do you think should be the highest priority for defence investment?",Best party on defence,defence,Cyber security and AI capabilities,Drones and autonomous systems,Military personnel and recruitment,Nuclear deterrent and submarines,Fighter jets and air power,Missiles and weapons stockpiles,Other (please specify),,,,17.4,13.8,11.2,5.9,6.4,3.2,2.5,,,,VI-2026-07-01-Opinium-Observer-Web-Tables-1704.xlsx,DF3
"2,050 UK adults",1st - 3rd July 2026,,,,2050,,region,London,"Q:DF3. The government has announced major investments across defence, including nuclear submarines, fighter jets, drones, missile stockpiles and cyber capabilities.Which one of the following, if any, do you think should be the highest priority for defence investment?",Best party on defence,defence,Cyber security and AI capabilities,Drones and autonomous systems,Military personnel and recruitment,Nuclear deterrent and submarines,Fighter jets and air power,Missiles and weapons stockpiles,Other (please specify),,,,19.4,12.7,9.6,8.0,4.3,6.4,1.3,,,,VI-2026-07-01-Opinium-Observer-Web-Tables-1704.xlsx,DF3
"2,050 UK adults",1st - 3rd July 2026,,,,2050,,region,South,"Q:DF3. The government has announced major investments across defence, including nuclear submarines, fighter jets, drones, missile stockpiles and cyber capabilities.Which one of the following, if any, do you think should be the highest priority for defence investment?",Best party on defence,defence,Cyber security and AI capabilities,Drones and autonomous systems,Military personnel and recruitment,Nuclear deterrent and submarines,Fighter jets and air power,Missiles and weapons stockpiles,Other (please specify),,,,17.3,15.2,11.9,6.7,5.1,6.4,1.3,,,,VI-2026-07-01-Opinium-Observer-Web-Tables-1704.xlsx,DF3
"2,050 UK adults",1st - 3rd July 2026,,,,2050,,region,Wales,"Q:DF3. The government has announced major investments across defence, including nuclear submarines, fighter jets, drones, missile stockpiles and cyber capabilities.Which one of the following, if any, do you think should be the highest priority for defence investment?",Best party on defence,defence,Cyber security and AI capabilities,Drones and autonomous systems,Military personnel and recruitment,Nuclear deterrent and submarines,Fighter jets and air power,Missiles and weapons stockpiles,Other (please specify),,,,22.4,16.3,16.4,4.1,7.2,2.7,0.7,,,,VI-2026-07-01-Opinium-Observer-Web-Tables-1704.xlsx,DF3
"2,050 UK adults",1st - 3rd July 2026,,,,2050,,region,Scotland,"Q:DF3. The government has announced major investments across defence, including nuclear submarines, fighter jets, drones, missile stockpiles and cyber capabilities.Which one of the following, if any, do you think should be the highest priority for defence investment?",Best party on defence,defence,Cyber security and AI capabilities,Drones and autonomous systems,Military personnel and recruitment,Nuclear deterrent and submarines,Fighter jets and air power,Missiles and weapons stockpiles,Other (please specify),,,,17.5,15.8,11.1,7.6,5.1,1.6,2.3,,,,VI-2026-07-01-Opinium-Observer-Web-Tables-1704.xlsx,DF3
"2,050 UK adults",1st - 3rd July 2026,,,,2050,,region,Northern Ireland,"Q:DF3. The government has announced major investments across defence, including nuclear submarines, fighter jets, drones, missile stockpiles and cyber capabilities.Which one of the following, if any, do you think should be the highest priority for defence investment?",Best party on defence,defence,Cyber security and AI capabilities,Drones and autonomous systems,Military personnel and recruitment,Nuclear deterrent and submarines,Fighter jets and air power,Missiles and weapons stockpiles,Other (please specify),,,,12.3,15.8,26.9,1.9,2.9,5.3,,,,,VI-2026-07-01-Opinium-Observer-Web-Tables-1704.xlsx,DF3
"2,050 UK adults",1st - 3rd July 2026,,,,2050,,total,Total,"Q:DF4. Thinking about the government’s plan to increase defence spending, which of the following, if any, comes closest to your view?",Best party on defence,defence,This is mainly a response to growing security threats facing the UK,This is mainly driven by the UK’s commitments to NATO and its allies,This is mainly intended to strengthen the government’s political position in the UK,This is driven equally by a combination of these factors,Other (please specify),,,,,,25.3,12.3,11.0,22.1,1.1,,,,,,VI-2026-07-01-Opinium-Observer-Web-Tables-1704.xlsx,DF4
"2,050 UK adults",1st - 3rd July 2026,,,,2050,,current_vote,Con,"Q:DF4. Thinking about the government’s plan to increase defence spending, which of the following, if any, comes closest to your view?",Best party on defence,defence,This is mainly a response to growing security threats facing the UK,This is mainly driven by the UK’s commitments to NATO and its allies,This is mainly intended to strengthen the government’s political position in the UK,This is driven equally by a combination of these factors,Other (please specify),,,,,,28.8,11.3,12.4,25.6,0.4,,,,,,VI-2026-07-01-Opinium-Observer-Web-Tables-1704.xlsx,DF4
"2,050 UK adults",1st - 3rd July 2026,,,,2050,,current_vote,Lab,"Q:DF4. Thinking about the government’s plan to increase defence spending, which of the following, if any, comes closest to your view?",Best party on defence,defence,This is mainly a response to growing security threats facing the UK,This is mainly driven by the UK’s commitments to NATO and its allies,This is mainly intended to strengthen the government’s political position in the UK,This is driven equally by a combination of these factors,Other (please specify),,,,,,30.7,14.9,12.1,23.9,0.8,,,,,,VI-2026-07-01-Opinium-Observer-Web-Tables-1704.xlsx,DF4
"2,050 UK adults",1st - 3rd July 2026,,,,2050,,current_vote,Lib Dem,"Q:DF4. Thinking about the government’s plan to increase defence spending, which of the following, if any, comes closest to your view?",Best party on defence,defence,This is mainly a response to growing security threats facing the UK,This is mainly driven by the UK’s commitments to NATO and its allies,This is mainly intended to strengthen the government’s political position in the UK,This is driven equally by a combination of these factors,Other (please specify),,,,,,34.6,14.5,4.8,25.2,,,,,,,VI-2026-07-01-Opinium-Observer-Web-Tables-1704.xlsx,DF4
"2,050 UK adults",1st - 3rd July 2026,,,,2050,,current_vote,Reform,"Q:DF4. Thinking about the government’s plan to increase defence spending, which of the following, if any, comes closest to your view?",Best party on defence,defence,This is mainly a response to growing security threats facing the UK,This is mainly driven by the UK’s commitments to NATO and its allies,This is mainly intended to strengthen the government’s political position in the UK,This is driven equally by a combination of these factors,Other (please specify),,,,,,32.0,14.4,15.1,18.2,1.3,,,,,,VI-2026-07-01-Opinium-Observer-Web-Tables-1704.xlsx,DF4
"2,050 UK adults",1st - 3rd July 2026,,,,2050,,current_vote,Green,"Q:DF4. Thinking about the government’s plan to increase defence spending, which of the following, if any, comes closest to your view?",Best party on defence,defence,This is mainly a response to growing security threats facing the UK,This is mainly driven by the UK’s commitments to NATO and its allies,This is mainly intended to strengthen the government’s political position in the UK,This is driven equally by a combination of these factors,Other (please specify),,,,,,14.9,14.0,14.4,21.4,3.0,,,,,,VI-2026-07-01-Opinium-Observer-Web-Tables-1704.xlsx,DF4
"2,050 UK adults",1st - 3rd July 2026,,,,2050,,historic_vote,Con,"Q:DF4. Thinking about the government’s plan to increase defence spending, which of the following, if any, comes closest to your view?",Best party on defence,defence,This is mainly a response to growing security threats facing the UK,This is mainly driven by the UK’s commitments to NATO and its allies,This is mainly intended to strengthen the government’s political position in the UK,This is driven equally by a combination of these factors,Other (please specify),,,,,,30.3,11.9,14.1,24.5,0.5,,,,,,VI-2026-07-01-Opinium-Observer-Web-Tables-1704.xlsx,DF4
"2,050 UK adults",1st - 3rd July 2026,,,,2050,,historic_vote,Lab,"Q:DF4. Thinking about the government’s plan to increase defence spending, which of the following, if any, comes closest to your view?",Best party on defence,defence,This is mainly a response to growing security threats facing the UK,This is mainly driven by the UK’s commitments to NATO and its allies,This is mainly intended to strengthen the government’s political position in the UK,This is driven equally by a combination of these factors,Other (please specify),,,,,,27.7,13.6,11.5,27.1,1.2,,,,,,VI-2026-07-01-Opinium-Observer-Web-Tables-1704.xlsx,DF4
"2,050 UK adults",1st - 3rd July 2026,,,,2050,,historic_vote,Lib Dems,"Q:DF4. Thinking about the government’s plan to increase defence spending, which of the following, if any, comes closest to your view?",Best party on defence,defence,This is mainly a response to growing security threats facing the UK,This is mainly driven by the UK’s commitments to NATO and its allies,This is mainly intended to strengthen the government’s political position in the UK,This is driven equally by a combination of these factors,Other (please specify),,,,,,31.9,13.1,3.4,31.3,,,,,,,VI-2026-07-01-Opinium-Observer-Web-Tables-1704.xlsx,DF4
"2,050 UK adults",1st - 3rd July 2026,,,,2050,,historic_vote,Reform,"Q:DF4. Thinking about the government’s plan to increase defence spending, which of the following, if any, comes closest to your view?",Best party on defence,defence,This is mainly a response to growing security threats facing the UK,This is mainly driven by the UK’s commitments to NATO and its allies,This is mainly intended to strengthen the government’s political position in the UK,This is driven equally by a combination of these factors,Other (please specify),,,,,,25.6,15.2,16.5,25.1,2.2,,,,,,VI-2026-07-01-Opinium-Observer-Web-Tables-1704.xlsx,DF4
"2,050 UK adults",1st - 3rd July 2026,,,,2050,,historic_vote,Green,"Q:DF4. Thinking about the government’s plan to increase defence spending, which of the following, if any, comes closest to your view?",Best party on defence,defence,This is mainly a response to growing security threats facing the UK,This is mainly driven by the UK’s commitments to NATO and its allies,This is mainly intended to strengthen the government’s political position in the UK,This is driven equally by a combination of these factors,Other (please specify),,,,,,20.7,12.6,16.4,19.9,1.7,,,,,,VI-2026-07-01-Opinium-Observer-Web-Tables-1704.xlsx,DF4
"2,050 UK adults",1st - 3rd July 2026,,,,2050,,historic_vote,Con,"Q:DF4. Thinking about the government’s plan to increase defence spending, which of the following, if any, comes closest to your view?",Best party on defence,defence,This is mainly a response to growing security threats facing the UK,This is mainly driven by the UK’s commitments to NATO and its allies,This is mainly intended to strengthen the government’s political position in the UK,This is driven equally by a combination of these factors,Other (please specify),,,,,,30.9,11.5,12.1,26.4,0.8,,,,,,VI-2026-07-01-Opinium-Observer-Web-Tables-1704.xlsx,DF4
"2,050 UK adults",1st - 3rd July 2026,,,,2050,,historic_vote,Lab,"Q:DF4. Thinking about the government’s plan to increase defence spending, which of the following, if any, comes closest to your view?",Best party on defence,defence,This is mainly a response to growing security threats facing the UK,This is mainly driven by the UK’s commitments to NATO and its allies,This is mainly intended to strengthen the government’s political position in the UK,This is driven equally by a combination of these factors,Other (please specify),,,,,,24.9,14.6,13.5,24.4,1.3,,,,,,VI-2026-07-01-Opinium-Observer-Web-Tables-1704.xlsx,DF4
"2,050 UK adults",1st - 3rd July 2026,,,,2050,,historic_vote,Lib Dem,"Q:DF4. Thinking about the government’s plan to increase defence spending, which of the following, if any, comes closest to your view?",Best party on defence,defence,This is mainly a response to growing security threats facing the UK,This is mainly driven by the UK’s commitments to NATO and its allies,This is mainly intended to strengthen the government’s political position in the UK,This is driven equally by a combination of these factors,Other (please specify),,,,,,29.4,14.7,1.8,33.3,,,,,,,VI-2026-07-01-Opinium-Observer-Web-Tables-1704.xlsx,DF4
"2,050 UK adults",1st - 3rd July 2026,,,,2050,,historic_vote,Remain,"Q:DF4. Thinking about the government’s plan to increase defence spending, which of the following, if any, comes closest to your view?",Best party on defence,defence,This is mainly a response to growing security threats facing the UK,This is mainly driven by the UK’s commitments to NATO and its allies,This is mainly intended to strengthen the government’s political position in the UK,This is driven equally by a combination of these factors,Other (please specify),,,,,,25.8,13.1,10.9,27.1,0.8,,,,,,VI-2026-07-01-Opinium-Observer-Web-Tables-1704.xlsx,DF4
"2,050 UK adults",1st - 3rd July 2026,,,,2050,,historic_vote,Leave,"Q:DF4. Thinking about the government’s plan to increase defence spending, which of the following, if any, comes closest to your view?",Best party on defence,defence,This is mainly a response to growing security threats facing the UK,This is mainly driven by the UK’s commitments to NATO and its allies,This is mainly intended to strengthen the government’s political position in the UK,This is driven equally by a combination of these factors,Other (please specify),,,,,,29.4,10.4,11.8,24.5,1.2,,,,,,VI-2026-07-01-Opinium-Observer-Web-Tables-1704.xlsx,DF4
"2,050 UK adults",1st - 3rd July 2026,,,,2050,,gender,Male,"Q:DF4. Thinking about the government’s plan to increase defence spending, which of the following, if any, comes closest to your view?",Best party on defence,defence,This is mainly a response to growing security threats facing the UK,This is mainly driven by the UK’s commitments to NATO and its allies,This is mainly intended to strengthen the government’s political position in the UK,This is driven equally by a combination of these factors,Other (please specify),,,,,,26.3,16.5,12.5,22.3,1.5,,,,,,VI-2026-07-01-Opinium-Observer-Web-Tables-1704.xlsx,DF4
"2,050 UK adults",1st - 3rd July 2026,,,,2050,,gender,Female,"Q:DF4. Thinking about the government’s plan to increase defence spending, which of the following, if any, comes closest to your view?",Best party on defence,defence,This is mainly a response to growing security threats facing the UK,This is mainly driven by the UK’s commitments to NATO and its allies,This is mainly intended to strengthen the government’s political position in the UK,This is driven equally by a combination of these factors,Other (please specify),,,,,,24.3,8.4,9.5,22.0,0.6,,,,,,VI-2026-07-01-Opinium-Observer-Web-Tables-1704.xlsx,DF4
"2,050 UK adults",1st - 3rd July 2026,,,,2050,,age,18-34,"Q:DF4. Thinking about the government’s plan to increase defence spending, which of the following, if any, comes closest to your view?",Best party on defence,defence,This is mainly a response to growing security threats facing the UK,This is mainly driven by the UK’s commitments to NATO and its allies,This is mainly intended to strengthen the government’s political position in the UK,This is driven equally by a combination of these factors,Other (please specify),,,,,,23.3,16.4,14.9,12.8,0.5,,,,,,VI-2026-07-01-Opinium-Observer-Web-Tables-1704.xlsx,DF4
"2,050 UK adults",1st - 3rd July 2026,,,,2050,,age,35-49,"Q:DF4. Thinking about the government’s plan to increase defence spending, which of the following, if any, comes closest to your view?",Best party on defence,defence,This is mainly a response to growing security threats facing the UK,This is mainly driven by the UK’s commitments to NATO and its allies,This is mainly intended to strengthen the government’s political position in the UK,This is driven equally by a combination of these factors,Other (please specify),,,,,,23.4,11.7,13.3,18.5,1.2,,,,,,VI-2026-07-01-Opinium-Observer-Web-Tables-1704.xlsx,DF4
"2,050 UK adults",1st - 3rd July 2026,,,,2050,,age,50-64,"Q:DF4. Thinking about the government’s plan to increase defence spending, which of the following, if any, comes closest to your view?",Best party on defence,defence,This is mainly a response to growing security threats facing the UK,This is mainly driven by the UK’s commitments to NATO and its allies,This is mainly intended to strengthen the government’s political position in the UK,This is driven equally by a combination of these factors,Other (please specify),,,,,,28.4,9.2,6.9,27.6,1.1,,,,,,VI-2026-07-01-Opinium-Observer-Web-Tables-1704.xlsx,DF4
"2,050 UK adults",1st - 3rd July 2026,,,,2050,,age,65+,"Q:DF4. Thinking about the government’s plan to increase defence spending, which of the following, if any, comes closest to your view?",Best party on defence,defence,This is mainly a response to growing security threats facing the UK,This is mainly driven by the UK’s commitments to NATO and its allies,This is mainly intended to strengthen the government’s political position in the UK,This is driven equally by a combination of these factors,Other (please specify),,,,,,26.3,11.2,8.5,30.7,1.4,,,,,,VI-2026-07-01-Opinium-Observer-Web-Tables-1704.xlsx,DF4
"2,050 UK adults",1st - 3rd July 2026,,,,2050,,region,North,"Q:DF4. Thinking about the government’s plan to increase defence spending, which of the following, if any, comes closest to your view?",Best party on defence,defence,This is mainly a response to growing security threats facing the UK,This is mainly driven by the UK’s commitments to NATO and its allies,This is mainly intended to strengthen the government’s political position in the UK,This is driven equally by a combination of these factors,Other (please specify),,,,,,19.4,14.7,11.5,22.8,2.0,,,,,,VI-2026-07-01-Opinium-Observer-Web-Tables-1704.xlsx,DF4
"2,050 UK adults",1st - 3rd July 2026,,,,2050,,region,Mids,"Q:DF4. Thinking about the government’s plan to increase defence spending, which of the following, if any, comes closest to your view?",Best party on defence,defence,This is mainly a response to growing security threats facing the UK,This is mainly driven by the UK’s commitments to NATO and its allies,This is mainly intended to strengthen the government’s political position in the UK,This is driven equally by a combination of these factors,Other (please specify),,,,,,24.7,11.9,7.8,18.3,0.9,,,,,,VI-2026-07-01-Opinium-Observer-Web-Tables-1704.xlsx,DF4
"2,050 UK adults",1st - 3rd July 2026,,,,2050,,region,London,"Q:DF4. Thinking about the government’s plan to increase defence spending, which of the following, if any, comes closest to your view?",Best party on defence,defence,This is mainly a response to growing security threats facing the UK,This is mainly driven by the UK’s commitments to NATO and its allies,This is mainly intended to strengthen the government’s political position in the UK,This is driven equally by a combination of these factors,Other (please specify),,,,,,25.2,12.4,13.2,24.3,0.5,,,,,,VI-2026-07-01-Opinium-Observer-Web-Tables-1704.xlsx,DF4
"2,050 UK adults",1st - 3rd July 2026,,,,2050,,region,South,"Q:DF4. Thinking about the government’s plan to increase defence spending, which of the following, if any, comes closest to your view?",Best party on defence,defence,This is mainly a response to growing security threats facing the UK,This is mainly driven by the UK’s commitments to NATO and its allies,This is mainly intended to strengthen the government’s political position in the UK,This is driven equally by a combination of these factors,Other (please specify),,,,,,29.1,11.7,11.4,21.9,0.7,,,,,,VI-2026-07-01-Opinium-Observer-Web-Tables-1704.xlsx,DF4
"2,050 UK adults",1st - 3rd July 2026,,,,2050,,region,Wales,"Q:DF4. Thinking about the government’s plan to increase defence spending, which of the following, if any, comes closest to your view?",Best party on defence,defence,This is mainly a response to growing security threats facing the UK,This is mainly driven by the UK’s commitments to NATO and its allies,This is mainly intended to strengthen the government’s political position in the UK,This is driven equally by a combination of these factors,Other (please specify),,,,,,26.8,13.2,10.6,22.1,1.9,,,,,,VI-2026-07-01-Opinium-Observer-Web-Tables-1704.xlsx,DF4
"2,050 UK adults",1st - 3rd July 2026,,,,2050,,region,Scotland,"Q:DF4. Thinking about the government’s plan to increase defence spending, which of the following, if any, comes closest to your view?",Best party on defence,defence,This is mainly a response to growing security threats facing the UK,This is mainly driven by the UK’s commitments to NATO and its allies,This is mainly intended to strengthen the government’s political position in the UK,This is driven equally by a combination of these factors,Other (please specify),,,,,,30.4,9.6,7.9,21.1,0.3,,,,,,VI-2026-07-01-Opinium-Observer-Web-Tables-1704.xlsx,DF4
"2,050 UK adults",1st - 3rd July 2026,,,,2050,,region,Northern Ireland,"Q:DF4. Thinking about the government’s plan to increase defence spending, which of the following, if any, comes closest to your view?",Best party on defence,defence,This is mainly a response to growing security threats facing the UK,This is mainly driven by the UK’s commitments to NATO and its allies,This is mainly intended to strengthen the government’s political position in the UK,This is driven equally by a combination of these factors,Other (please specify),,,,,,17.2,6.1,20.0,31.6,2.1,,,,,,VI-2026-07-01-Opinium-Observer-Web-Tables-1704.xlsx,DF4
"2,050 UK adults",1st - 3rd July 2026,,,,2050,,total,Total,"Q:DF5. Based on what you have seen or heard about the government’s defence investment plan, do you think it will make the UK more or less safe, or make no difference?",Best party on defence,defence,Much safer,Slightly safer,Make no difference,Slightly less safe,Much less safe,,,,,,6.1,28.2,35.9,4.2,3.8,,,,,,VI-2026-07-01-Opinium-Observer-Web-Tables-1704.xlsx,DF5
"2,050 UK adults",1st - 3rd July 2026,,,,2050,,current_vote,Con,"Q:DF5. Based on what you have seen or heard about the government’s defence investment plan, do you think it will make the UK more or less safe, or make no difference?",Best party on defence,defence,Much safer,Slightly safer,Make no difference,Slightly less safe,Much less safe,,,,,,7.4,39.6,30.4,3.7,3.0,,,,,,VI-2026-07-01-Opinium-Observer-Web-Tables-1704.xlsx,DF5
"2,050 UK adults",1st - 3rd July 2026,,,,2050,,current_vote,Lab,"Q:DF5. Based on what you have seen or heard about the government’s defence investment plan, do you think it will make the UK more or less safe, or make no difference?",Best party on defence,defence,Much safer,Slightly safer,Make no difference,Slightly less safe,Much less safe,,,,,,11.9,37.7,29.1,2.6,2.5,,,,,,VI-2026-07-01-Opinium-Observer-Web-Tables-1704.xlsx,DF5
"2,050 UK adults",1st - 3rd July 2026,,,,2050,,current_vote,Lib Dem,"Q:DF5. Based on what you have seen or heard about the government’s defence investment plan, do you think it will make the UK more or less safe, or make no difference?",Best party on defence,defence,Much safer,Slightly safer,Make no difference,Slightly less safe,Much less safe,,,,,,8.2,41.6,33.8,1.9,0.9,,,,,,VI-2026-07-01-Opinium-Observer-Web-Tables-1704.xlsx,DF5
"2,050 UK adults",1st - 3rd July 2026,,,,2050,,current_vote,Reform,"Q:DF5. Based on what you have seen or heard about the government’s defence investment plan, do you think it will make the UK more or less safe, or make no difference?",Best party on defence,defence,Much safer,Slightly safer,Make no difference,Slightly less safe,Much less safe,,,,,,4.6,22.4,43.0,8.9,7.4,,,,,,VI-2026-07-01-Opinium-Observer-Web-Tables-1704.xlsx,DF5
"2,050 UK adults",1st - 3rd July 2026,,,,2050,,current_vote,Green,"Q:DF5. Based on what you have seen or heard about the government’s defence investment plan, do you think it will make the UK more or less safe, or make no difference?",Best party on defence,defence,Much safer,Slightly safer,Make no difference,Slightly less safe,Much less safe,,,,,,5.8,23.8,43.8,7.1,4.3,,,,,,VI-2026-07-01-Opinium-Observer-Web-Tables-1704.xlsx,DF5
"2,050 UK adults",1st - 3rd July 2026,,,,2050,,historic_vote,Con,"Q:DF5. Based on what you have seen or heard about the government’s defence investment plan, do you think it will make the UK more or less safe, or make no difference?",Best party on defence,defence,Much safer,Slightly safer,Make no difference,Slightly less safe,Much less safe,,,,,,6.9,34.7,35.5,4.1,4.2,,,,,,VI-2026-07-01-Opinium-Observer-Web-Tables-1704.xlsx,DF5
"2,050 UK adults",1st - 3rd July 2026,,,,2050,,historic_vote,Lab,"Q:DF5. Based on what you have seen or heard about the government’s defence investment plan, do you think it will make the UK more or less safe, or make no difference?",Best party on defence,defence,Much safer,Slightly safer,Make no difference,Slightly less safe,Much less safe,,,,,,9.7,39.9,28.0,2.1,1.6,,,,,,VI-2026-07-01-Opinium-Observer-Web-Tables-1704.xlsx,DF5
"2,050 UK adults",1st - 3rd July 2026,,,,2050,,historic_vote,Lib Dems,"Q:DF5. Based on what you have seen or heard about the government’s defence investment plan, do you think it will make the UK more or less safe, or make no difference?",Best party on defence,defence,Much safer,Slightly safer,Make no difference,Slightly less safe,Much less safe,,,,,,4.6,39.5,34.3,4.1,2.1,,,,,,VI-2026-07-01-Opinium-Observer-Web-Tables-1704.xlsx,DF5
"2,050 UK adults",1st - 3rd July 2026,,,,2050,,historic_vote,Reform,"Q:DF5. Based on what you have seen or heard about the government’s defence investment plan, do you think it will make the UK more or less safe, or make no difference?",Best party on defence,defence,Much safer,Slightly safer,Make no difference,Slightly less safe,Much less safe,,,,,,6.0,22.5,42.8,8.0,7.6,,,,,,VI-2026-07-01-Opinium-Observer-Web-Tables-1704.xlsx,DF5
"2,050 UK adults",1st - 3rd July 2026,,,,2050,,historic_vote,Green,"Q:DF5. Based on what you have seen or heard about the government’s defence investment plan, do you think it will make the UK more or less safe, or make no difference?",Best party on defence,defence,Much safer,Slightly safer,Make no difference,Slightly less safe,Much less safe,,,,,,7.8,18.8,41.7,10.3,3.9,,,,,,VI-2026-07-01-Opinium-Observer-Web-Tables-1704.xlsx,DF5
"2,050 UK adults",1st - 3rd July 2026,,,,2050,,historic_vote,Con,"Q:DF5. Based on what you have seen or heard about the government’s defence investment plan, do you think it will make the UK more or less safe, or make no difference?",Best party on defence,defence,Much safer,Slightly safer,Make no difference,Slightly less safe,Much less safe,,,,,,6.1,35.7,35.0,4.3,4.8,,,,,,VI-2026-07-01-Opinium-Observer-Web-Tables-1704.xlsx,DF5
"2,050 UK adults",1st - 3rd July 2026,,,,2050,,historic_vote,Lab,"Q:DF5. Based on what you have seen or heard about the government’s defence investment plan, do you think it will make the UK more or less safe, or make no difference?",Best party on defence,defence,Much safer,Slightly safer,Make no difference,Slightly less safe,Much less safe,,,,,,9.3,33.5,34.1,2.3,3.1,,,,,,VI-2026-07-01-Opinium-Observer-Web-Tables-1704.xlsx,DF5
"2,050 UK adults",1st - 3rd July 2026,,,,2050,,historic_vote,Lib Dem,"Q:DF5. Based on what you have seen or heard about the government’s defence investment plan, do you think it will make the UK more or less safe, or make no difference?",Best party on defence,defence,Much safer,Slightly safer,Make no difference,Slightly less safe,Much less safe,,,,,,5.5,34.1,37.6,5.9,1.1,,,,,,VI-2026-07-01-Opinium-Observer-Web-Tables-1704.xlsx,DF5
"2,050 UK adults",1st - 3rd July 2026,,,,2050,,historic_vote,Remain,"Q:DF5. Based on what you have seen or heard about the government’s defence investment plan, do you think it will make the UK more or less safe, or make no difference?",Best party on defence,defence,Much safer,Slightly safer,Make no difference,Slightly less safe,Much less safe,,,,,,7.2,35.2,33.1,2.8,3.2,,,,,,VI-2026-07-01-Opinium-Observer-Web-Tables-1704.xlsx,DF5
"2,050 UK adults",1st - 3rd July 2026,,,,2050,,historic_vote,Leave,"Q:DF5. Based on what you have seen or heard about the government’s defence investment plan, do you think it will make the UK more or less safe, or make no difference?",Best party on defence,defence,Much safer,Slightly safer,Make no difference,Slightly less safe,Much less safe,,,,,,5.3,29.0,37.3,4.6,4.9,,,,,,VI-2026-07-01-Opinium-Observer-Web-Tables-1704.xlsx,DF5
"2,050 UK adults",1st - 3rd July 2026,,,,2050,,gender,Male,"Q:DF5. Based on what you have seen or heard about the government’s defence investment plan, do you think it will make the UK more or less safe, or make no difference?",Best party on defence,defence,Much safer,Slightly safer,Make no difference,Slightly less safe,Much less safe,,,,,,7.4,30.8,37.7,4.4,4.8,,,,,,VI-2026-07-01-Opinium-Observer-Web-Tables-1704.xlsx,DF5
"2,050 UK adults",1st - 3rd July 2026,,,,2050,,gender,Female,"Q:DF5. Based on what you have seen or heard about the government’s defence investment plan, do you think it will make the UK more or less safe, or make no difference?",Best party on defence,defence,Much safer,Slightly safer,Make no difference,Slightly less safe,Much less safe,,,,,,4.8,26.1,34.2,4.0,2.9,,,,,,VI-2026-07-01-Opinium-Observer-Web-Tables-1704.xlsx,DF5
"2,050 UK adults",1st - 3rd July 2026,,,,2050,,age,18-34,"Q:DF5. Based on what you have seen or heard about the government’s defence investment plan, do you think it will make the UK more or less safe, or make no difference?",Best party on defence,defence,Much safer,Slightly safer,Make no difference,Slightly less safe,Much less safe,,,,,,11.2,21.2,36.2,7.2,3.6,,,,,,VI-2026-07-01-Opinium-Observer-Web-Tables-1704.xlsx,DF5
"2,050 UK adults",1st - 3rd July 2026,,,,2050,,age,35-49,"Q:DF5. Based on what you have seen or heard about the government’s defence investment plan, do you think it will make the UK more or less safe, or make no difference?",Best party on defence,defence,Much safer,Slightly safer,Make no difference,Slightly less safe,Much less safe,,,,,,5.4,26.8,37.9,2.8,4.8,,,,,,VI-2026-07-01-Opinium-Observer-Web-Tables-1704.xlsx,DF5
"2,050 UK adults",1st - 3rd July 2026,,,,2050,,age,50-64,"Q:DF5. Based on what you have seen or heard about the government’s defence investment plan, do you think it will make the UK more or less safe, or make no difference?",Best party on defence,defence,Much safer,Slightly safer,Make no difference,Slightly less safe,Much less safe,,,,,,3.5,31.5,34.5,3.2,3.3,,,,,,VI-2026-07-01-Opinium-Observer-Web-Tables-1704.xlsx,DF5
"2,050 UK adults",1st - 3rd July 2026,,,,2050,,age,65+,"Q:DF5. Based on what you have seen or heard about the government’s defence investment plan, do you think it will make the UK more or less safe, or make no difference?",Best party on defence,defence,Much safer,Slightly safer,Make no difference,Slightly less safe,Much less safe,,,,,,3.7,34.2,35.2,3.2,3.6,,,,,,VI-2026-07-01-Opinium-Observer-Web-Tables-1704.xlsx,DF5
"2,050 UK adults",1st - 3rd July 2026,,,,2050,,region,North,"Q:DF5. Based on what you have seen or heard about the government’s defence investment plan, do you think it will make the UK more or less safe, or make no difference?",Best party on defence,defence,Much safer,Slightly safer,Make no difference,Slightly less safe,Much less safe,,,,,,6.2,26.8,34.9,4.1,4.4,,,,,,VI-2026-07-01-Opinium-Observer-Web-Tables-1704.xlsx,DF5
"2,050 UK adults",1st - 3rd July 2026,,,,2050,,region,Mids,"Q:DF5. Based on what you have seen or heard about the government’s defence investment plan, do you think it will make the UK more or less safe, or make no difference?",Best party on defence,defence,Much safer,Slightly safer,Make no difference,Slightly less safe,Much less safe,,,,,,5.7,22.5,39.3,4.8,3.5,,,,,,VI-2026-07-01-Opinium-Observer-Web-Tables-1704.xlsx,DF5
"2,050 UK adults",1st - 3rd July 2026,,,,2050,,region,London,"Q:DF5. Based on what you have seen or heard about the government’s defence investment plan, do you think it will make the UK more or less safe, or make no difference?",Best party on defence,defence,Much safer,Slightly safer,Make no difference,Slightly less safe,Much less safe,,,,,,8.6,32.1,33.4,1.7,3.7,,,,,,VI-2026-07-01-Opinium-Observer-Web-Tables-1704.xlsx,DF5
"2,050 UK adults",1st - 3rd July 2026,,,,2050,,region,South,"Q:DF5. Based on what you have seen or heard about the government’s defence investment plan, do you think it will make the UK more or less safe, or make no difference?",Best party on defence,defence,Much safer,Slightly safer,Make no difference,Slightly less safe,Much less safe,,,,,,5.9,30.2,36.0,4.5,4.0,,,,,,VI-2026-07-01-Opinium-Observer-Web-Tables-1704.xlsx,DF5
"2,050 UK adults",1st - 3rd July 2026,,,,2050,,region,Wales,"Q:DF5. Based on what you have seen or heard about the government’s defence investment plan, do you think it will make the UK more or less safe, or make no difference?",Best party on defence,defence,Much safer,Slightly safer,Make no difference,Slightly less safe,Much less safe,,,,,,3.4,34.3,26.5,11.6,,,,,,,VI-2026-07-01-Opinium-Observer-Web-Tables-1704.xlsx,DF5
"2,050 UK adults",1st - 3rd July 2026,,,,2050,,region,Scotland,"Q:DF5. Based on what you have seen or heard about the government’s defence investment plan, do you think it will make the UK more or less safe, or make no difference?",Best party on defence,defence,Much safer,Slightly safer,Make no difference,Slightly less safe,Much less safe,,,,,,4.5,27.4,39.1,3.5,2.5,,,,,,VI-2026-07-01-Opinium-Observer-Web-Tables-1704.xlsx,DF5
"2,050 UK adults",1st - 3rd July 2026,,,,2050,,region,Northern Ireland,"Q:DF5. Based on what you have seen or heard about the government’s defence investment plan, do you think it will make the UK more or less safe, or make no difference?",Best party on defence,defence,Much safer,Slightly safer,Make no difference,Slightly less safe,Much less safe,,,,,,7.1,22.7,43.7,,9.8,,,,,,VI-2026-07-01-Opinium-Observer-Web-Tables-1704.xlsx,DF5
"2,050 UK adults",1st - 3rd July 2026,,,,2050,,total,Total,"Q:PC1. How much have you seen or heard about the following in the past week?
 Andy Burnham’s speech setting out his vision for the UK if he becomes Prime Minister",Leader favourability (Burnham),burnham,Heard a lot,Heard a little,Not really heard anything,,,,,,,,18.7,42.6,38.7,,,,,,,,VI-2026-07-01-Opinium-Observer-Web-Tables-1704.xlsx,PC1
"2,050 UK adults",1st - 3rd July 2026,,,,2050,,current_vote,Con,"Q:PC1. How much have you seen or heard about the following in the past week?
 Andy Burnham’s speech setting out his vision for the UK if he becomes Prime Minister",Leader favourability (Burnham),burnham,Heard a lot,Heard a little,Not really heard anything,,,,,,,,21.6,48.7,29.8,,,,,,,,VI-2026-07-01-Opinium-Observer-Web-Tables-1704.xlsx,PC1
"2,050 UK adults",1st - 3rd July 2026,,,,2050,,current_vote,Lab,"Q:PC1. How much have you seen or heard about the following in the past week?
 Andy Burnham’s speech setting out his vision for the UK if he becomes Prime Minister",Leader favourability (Burnham),burnham,Heard a lot,Heard a little,Not really heard anything,,,,,,,,31.4,45.8,22.8,,,,,,,,VI-2026-07-01-Opinium-Observer-Web-Tables-1704.xlsx,PC1
"2,050 UK adults",1st - 3rd July 2026,,,,2050,,current_vote,Lib Dem,"Q:PC1. How much have you seen or heard about the following in the past week?
 Andy Burnham’s speech setting out his vision for the UK if he becomes Prime Minister",Leader favourability (Burnham),burnham,Heard a lot,Heard a little,Not really heard anything,,,,,,,,22.2,45.7,32.1,,,,,,,,VI-2026-07-01-Opinium-Observer-Web-Tables-1704.xlsx,PC1
"2,050 UK adults",1st - 3rd July 2026,,,,2050,,current_vote,Reform,"Q:PC1. How much have you seen or heard about the following in the past week?
 Andy Burnham’s speech setting out his vision for the UK if he becomes Prime Minister",Leader favourability (Burnham),burnham,Heard a lot,Heard a little,Not really heard anything,,,,,,,,19.4,43.2,37.4,,,,,,,,VI-2026-07-01-Opinium-Observer-Web-Tables-1704.xlsx,PC1
"2,050 UK adults",1st - 3rd July 2026,,,,2050,,current_vote,Green,"Q:PC1. How much have you seen or heard about the following in the past week?
 Andy Burnham’s speech setting out his vision for the UK if he becomes Prime Minister",Leader favourability (Burnham),burnham,Heard a lot,Heard a little,Not really heard anything,,,,,,,,18.6,46.3,35.1,,,,,,,,VI-2026-07-01-Opinium-Observer-Web-Tables-1704.xlsx,PC1
"2,050 UK adults",1st - 3rd July 2026,,,,2050,,historic_vote,Con,"Q:PC1. How much have you seen or heard about the following in the past week?
 Andy Burnham’s speech setting out his vision for the UK if he becomes Prime Minister",Leader favourability (Burnham),burnham,Heard a lot,Heard a little,Not really heard anything,,,,,,,,23.8,46.2,30.1,,,,,,,,VI-2026-07-01-Opinium-Observer-Web-Tables-1704.xlsx,PC1
"2,050 UK adults",1st - 3rd July 2026,,,,2050,,historic_vote,Lab,"Q:PC1. How much have you seen or heard about the following in the past week?
 Andy Burnham’s speech setting out his vision for the UK if he becomes Prime Minister",Leader favourability (Burnham),burnham,Heard a lot,Heard a little,Not really heard anything,,,,,,,,24.2,49.0,26.8,,,,,,,,VI-2026-07-01-Opinium-Observer-Web-Tables-1704.xlsx,PC1
"2,050 UK adults",1st - 3rd July 2026,,,,2050,,historic_vote,Lib Dems,"Q:PC1. How much have you seen or heard about the following in the past week?
 Andy Burnham’s speech setting out his vision for the UK if he becomes Prime Minister",Leader favourability (Burnham),burnham,Heard a lot,Heard a little,Not really heard anything,,,,,,,,23.1,46.3,30.6,,,,,,,,VI-2026-07-01-Opinium-Observer-Web-Tables-1704.xlsx,PC1
"2,050 UK adults",1st - 3rd July 2026,,,,2050,,historic_vote,Reform,"Q:PC1. How much have you seen or heard about the following in the past week?
 Andy Burnham’s speech setting out his vision for the UK if he becomes Prime Minister",Leader favourability (Burnham),burnham,Heard a lot,Heard a little,Not really heard anything,,,,,,,,19.7,40.8,39.5,,,,,,,,VI-2026-07-01-Opinium-Observer-Web-Tables-1704.xlsx,PC1
"2,050 UK adults",1st - 3rd July 2026,,,,2050,,historic_vote,Green,"Q:PC1. How much have you seen or heard about the following in the past week?
 Andy Burnham’s speech setting out his vision for the UK if he becomes Prime Minister",Leader favourability (Burnham),burnham,Heard a lot,Heard a little,Not really heard anything,,,,,,,,14.6,49.2,36.2,,,,,,,,VI-2026-07-01-Opinium-Observer-Web-Tables-1704.xlsx,PC1
"2,050 UK adults",1st - 3rd July 2026,,,,2050,,historic_vote,Con,"Q:PC1. How much have you seen or heard about the following in the past week?
 Andy Burnham’s speech setting out his vision for the UK if he becomes Prime Minister",Leader favourability (Burnham),burnham,Heard a lot,Heard a little,Not really heard anything,,,,,,,,23.4,46.3,30.3,,,,,,,,VI-2026-07-01-Opinium-Observer-Web-Tables-1704.xlsx,PC1
"2,050 UK adults",1st - 3rd July 2026,,,,2050,,historic_vote,Lab,"Q:PC1. How much have you seen or heard about the following in the past week?
 Andy Burnham’s speech setting out his vision for the UK if he becomes Prime Minister",Leader favourability (Burnham),burnham,Heard a lot,Heard a little,Not really heard anything,,,,,,,,26.5,44.6,28.9,,,,,,,,VI-2026-07-01-Opinium-Observer-Web-Tables-1704.xlsx,PC1
"2,050 UK adults",1st - 3rd July 2026,,,,2050,,historic_vote,Lib Dem,"Q:PC1. How much have you seen or heard about the following in the past week?
 Andy Burnham’s speech setting out his vision for the UK if he becomes Prime Minister",Leader favourability (Burnham),burnham,Heard a lot,Heard a little,Not really heard anything,,,,,,,,17.9,52.7,29.4,,,,,,,,VI-2026-07-01-Opinium-Observer-Web-Tables-1704.xlsx,PC1
"2,050 UK adults",1st - 3rd July 2026,,,,2050,,historic_vote,Remain,"Q:PC1. How much have you seen or heard about the following in the past week?
 Andy Burnham’s speech setting out his vision for the UK if he becomes Prime Minister",Leader favourability (Burnham),burnham,Heard a lot,Heard a little,Not really heard anything,,,,,,,,21.0,46.7,32.3,,,,,,,,VI-2026-07-01-Opinium-Observer-Web-Tables-1704.xlsx,PC1
"2,050 UK adults",1st - 3rd July 2026,,,,2050,,historic_vote,Leave,"Q:PC1. How much have you seen or heard about the following in the past week?
 Andy Burnham’s speech setting out his vision for the UK if he becomes Prime Minister",Leader favourability (Burnham),burnham,Heard a lot,Heard a little,Not really heard anything,,,,,,,,19.5,44.4,36.1,,,,,,,,VI-2026-07-01-Opinium-Observer-Web-Tables-1704.xlsx,PC1
"2,050 UK adults",1st - 3rd July 2026,,,,2050,,gender,Male,"Q:PC1. How much have you seen or heard about the following in the past week?
 Andy Burnham’s speech setting out his vision for the UK if he becomes Prime Minister",Leader favourability (Burnham),burnham,Heard a lot,Heard a little,Not really heard anything,,,,,,,,21.4,43.6,35.0,,,,,,,,VI-2026-07-01-Opinium-Observer-Web-Tables-1704.xlsx,PC1
"2,050 UK adults",1st - 3rd July 2026,,,,2050,,gender,Female,"Q:PC1. How much have you seen or heard about the following in the past week?
 Andy Burnham’s speech setting out his vision for the UK if he becomes Prime Minister",Leader favourability (Burnham),burnham,Heard a lot,Heard a little,Not really heard anything,,,,,,,,16.3,41.7,42.0,,,,,,,,VI-2026-07-01-Opinium-Observer-Web-Tables-1704.xlsx,PC1
"2,050 UK adults",1st - 3rd July 2026,,,,2050,,age,18-34,"Q:PC1. How much have you seen or heard about the following in the past week?
 Andy Burnham’s speech setting out his vision for the UK if he becomes Prime Minister",Leader favourability (Burnham),burnham,Heard a lot,Heard a little,Not really heard anything,,,,,,,,21.9,34.8,43.3,,,,,,,,VI-2026-07-01-Opinium-Observer-Web-Tables-1704.xlsx,PC1
"2,050 UK adults",1st - 3rd July 2026,,,,2050,,age,35-49,"Q:PC1. How much have you seen or heard about the following in the past week?
 Andy Burnham’s speech setting out his vision for the UK if he becomes Prime Minister",Leader favourability (Burnham),burnham,Heard a lot,Heard a little,Not really heard anything,,,,,,,,16.4,44.6,39.0,,,,,,,,VI-2026-07-01-Opinium-Observer-Web-Tables-1704.xlsx,PC1
"2,050 UK adults",1st - 3rd July 2026,,,,2050,,age,50-64,"Q:PC1. How much have you seen or heard about the following in the past week?
 Andy Burnham’s speech setting out his vision for the UK if he becomes Prime Minister",Leader favourability (Burnham),burnham,Heard a lot,Heard a little,Not really heard anything,,,,,,,,16.3,45.9,37.8,,,,,,,,VI-2026-07-01-Opinium-Observer-Web-Tables-1704.xlsx,PC1
"2,050 UK adults",1st - 3rd July 2026,,,,2050,,age,65+,"Q:PC1. How much have you seen or heard about the following in the past week?
 Andy Burnham’s speech setting out his vision for the UK if he becomes Prime Minister",Leader favourability (Burnham),burnham,Heard a lot,Heard a little,Not really heard anything,,,,,,,,19.8,46.3,33.9,,,,,,,,VI-2026-07-01-Opinium-Observer-Web-Tables-1704.xlsx,PC1
"2,050 UK adults",1st - 3rd July 2026,,,,2050,,region,North,"Q:PC1. How much have you seen or heard about the following in the past week?
 Andy Burnham’s speech setting out his vision for the UK if he becomes Prime Minister",Leader favourability (Burnham),burnham,Heard a lot,Heard a little,Not really heard anything,,,,,,,,20.4,43.7,35.9,,,,,,,,VI-2026-07-01-Opinium-Observer-Web-Tables-1704.xlsx,PC1
"2,050 UK adults",1st - 3rd July 2026,,,,2050,,region,Mids,"Q:PC1. How much have you seen or heard about the following in the past week?
 Andy Burnham’s speech setting out his vision for the UK if he becomes Prime Minister",Leader favourability (Burnham),burnham,Heard a lot,Heard a little,Not really heard anything,,,,,,,,14.9,43.1,42.0,,,,,,,,VI-2026-07-01-Opinium-Observer-Web-Tables-1704.xlsx,PC1
"2,050 UK adults",1st - 3rd July 2026,,,,2050,,region,London,"Q:PC1. How much have you seen or heard about the following in the past week?
 Andy Burnham’s speech setting out his vision for the UK if he becomes Prime Minister",Leader favourability (Burnham),burnham,Heard a lot,Heard a little,Not really heard anything,,,,,,,,23.1,41.9,35.0,,,,,,,,VI-2026-07-01-Opinium-Observer-Web-Tables-1704.xlsx,PC1
"2,050 UK adults",1st - 3rd July 2026,,,,2050,,region,South,"Q:PC1. How much have you seen or heard about the following in the past week?
 Andy Burnham’s speech setting out his vision for the UK if he becomes Prime Minister",Leader favourability (Burnham),burnham,Heard a lot,Heard a little,Not really heard anything,,,,,,,,20.2,43.3,36.5,,,,,,,,VI-2026-07-01-Opinium-Observer-Web-Tables-1704.xlsx,PC1
"2,050 UK adults",1st - 3rd July 2026,,,,2050,,region,Wales,"Q:PC1. How much have you seen or heard about the following in the past week?
 Andy Burnham’s speech setting out his vision for the UK if he becomes Prime Minister",Leader favourability (Burnham),burnham,Heard a lot,Heard a little,Not really heard anything,,,,,,,,17.8,31.5,50.7,,,,,,,,VI-2026-07-01-Opinium-Observer-Web-Tables-1704.xlsx,PC1
"2,050 UK adults",1st - 3rd July 2026,,,,2050,,region,Scotland,"Q:PC1. How much have you seen or heard about the following in the past week?
 Andy Burnham’s speech setting out his vision for the UK if he becomes Prime Minister",Leader favourability (Burnham),burnham,Heard a lot,Heard a little,Not really heard anything,,,,,,,,13.7,41.1,45.3,,,,,,,,VI-2026-07-01-Opinium-Observer-Web-Tables-1704.xlsx,PC1
"2,050 UK adults",1st - 3rd July 2026,,,,2050,,region,Northern Ireland,"Q:PC1. How much have you seen or heard about the following in the past week?
 Andy Burnham’s speech setting out his vision for the UK if he becomes Prime Minister",Leader favourability (Burnham),burnham,Heard a lot,Heard a little,Not really heard anything,,,,,,,,4.5,50.4,45.0,,,,,,,,VI-2026-07-01-Opinium-Observer-Web-Tables-1704.xlsx,PC1
"2,050 UK adults",1st - 3rd July 2026,,,,2050,,total,Total,"Q:PC1. How much have you seen or heard about the following in the past week?
 The 2026 FIFA World Cup",UNMATCHED,,Heard a lot,Heard a little,Not really heard anything,,,,,,,,62.3,25.8,11.9,,,,,,,,VI-2026-07-01-Opinium-Observer-Web-Tables-1704.xlsx,PC1 (2)
"2,050 UK adults",1st - 3rd July 2026,,,,2050,,current_vote,Con,"Q:PC1. How much have you seen or heard about the following in the past week?
 The 2026 FIFA World Cup",UNMATCHED,,Heard a lot,Heard a little,Not really heard anything,,,,,,,,65.6,27.1,7.3,,,,,,,,VI-2026-07-01-Opinium-Observer-Web-Tables-1704.xlsx,PC1 (2)
"2,050 UK adults",1st - 3rd July 2026,,,,2050,,current_vote,Lab,"Q:PC1. How much have you seen or heard about the following in the past week?
 The 2026 FIFA World Cup",UNMATCHED,,Heard a lot,Heard a little,Not really heard anything,,,,,,,,68.3,24.2,7.5,,,,,,,,VI-2026-07-01-Opinium-Observer-Web-Tables-1704.xlsx,PC1 (2)
"2,050 UK adults",1st - 3rd July 2026,,,,2050,,current_vote,Lib Dem,"Q:PC1. How much have you seen or heard about the following in the past week?
 The 2026 FIFA World Cup",UNMATCHED,,Heard a lot,Heard a little,Not really heard anything,,,,,,,,68.0,22.2,9.9,,,,,,,,VI-2026-07-01-Opinium-Observer-Web-Tables-1704.xlsx,PC1 (2)
"2,050 UK adults",1st - 3rd July 2026,,,,2050,,current_vote,Reform,"Q:PC1. How much have you seen or heard about the following in the past week?
 The 2026 FIFA World Cup",UNMATCHED,,Heard a lot,Heard a little,Not really heard anything,,,,,,,,63.9,23.2,12.9,,,,,,,,VI-2026-07-01-Opinium-Observer-Web-Tables-1704.xlsx,PC1 (2)
"2,050 UK adults",1st - 3rd July 2026,,,,2050,,current_vote,Green,"Q:PC1. How much have you seen or heard about the following in the past week?
 The 2026 FIFA World Cup",UNMATCHED,,Heard a lot,Heard a little,Not really heard anything,,,,,,,,66.9,23.6,9.5,,,,,,,,VI-2026-07-01-Opinium-Observer-Web-Tables-1704.xlsx,PC1 (2)
"2,050 UK adults",1st - 3rd July 2026,,,,2050,,historic_vote,Con,"Q:PC1. How much have you seen or heard about the following in the past week?
 The 2026 FIFA World Cup",UNMATCHED,,Heard a lot,Heard a little,Not really heard anything,,,,,,,,65.8,26.6,7.6,,,,,,,,VI-2026-07-01-Opinium-Observer-Web-Tables-1704.xlsx,PC1 (2)
"2,050 UK adults",1st - 3rd July 2026,,,,2050,,historic_vote,Lab,"Q:PC1. How much have you seen or heard about the following in the past week?
 The 2026 FIFA World Cup",UNMATCHED,,Heard a lot,Heard a little,Not really heard anything,,,,,,,,68.6,24.6,6.8,,,,,,,,VI-2026-07-01-Opinium-Observer-Web-Tables-1704.xlsx,PC1 (2)
"2,050 UK adults",1st - 3rd July 2026,,,,2050,,historic_vote,Lib Dems,"Q:PC1. How much have you seen or heard about the following in the past week?
 The 2026 FIFA World Cup",UNMATCHED,,Heard a lot,Heard a little,Not really heard anything,,,,,,,,69.6,23.2,7.2,,,,,,,,VI-2026-07-01-Opinium-Observer-Web-Tables-1704.xlsx,PC1 (2)
"2,050 UK adults",1st - 3rd July 2026,,,,2050,,historic_vote,Reform,"Q:PC1. How much have you seen or heard about the following in the past week?
 The 2026 FIFA World Cup",UNMATCHED,,Heard a lot,Heard a little,Not really heard anything,,,,,,,,67.3,21.2,11.6,,,,,,,,VI-2026-07-01-Opinium-Observer-Web-Tables-1704.xlsx,PC1 (2)
"2,050 UK adults",1st - 3rd July 2026,,,,2050,,historic_vote,Green,"Q:PC1. How much have you seen or heard about the following in the past week?
 The 2026 FIFA World Cup",UNMATCHED,,Heard a lot,Heard a little,Not really heard anything,,,,,,,,59.2,30.8,10.0,,,,,,,,VI-2026-07-01-Opinium-Observer-Web-Tables-1704.xlsx,PC1 (2)
"2,050 UK adults",1st - 3rd July 2026,,,,2050,,historic_vote,Con,"Q:PC1. How much have you seen or heard about the following in the past week?
 The 2026 FIFA World Cup",UNMATCHED,,Heard a lot,Heard a little,Not really heard anything,,,,,,,,66.9,25.7,7.4,,,,,,,,VI-2026-07-01-Opinium-Observer-Web-Tables-1704.xlsx,PC1 (2)
"2,050 UK adults",1st - 3rd July 2026,,,,2050,,historic_vote,Lab,"Q:PC1. How much have you seen or heard about the following in the past week?
 The 2026 FIFA World Cup",UNMATCHED,,Heard a lot,Heard a little,Not really heard anything,,,,,,,,67.8,25.5,6.7,,,,,,,,VI-2026-07-01-Opinium-Observer-Web-Tables-1704.xlsx,PC1 (2)
"2,050 UK adults",1st - 3rd July 2026,,,,2050,,historic_vote,Lib Dem,"Q:PC1. How much have you seen or heard about the following in the past week?
 The 2026 FIFA World Cup",UNMATCHED,,Heard a lot,Heard a little,Not really heard anything,,,,,,,,67.7,24.2,8.1,,,,,,,,VI-2026-07-01-Opinium-Observer-Web-Tables-1704.xlsx,PC1 (2)
"2,050 UK adults",1st - 3rd July 2026,,,,2050,,historic_vote,Remain,"Q:PC1. How much have you seen or heard about the following in the past week?
 The 2026 FIFA World Cup",UNMATCHED,,Heard a lot,Heard a little,Not really heard anything,,,,,,,,65.4,24.6,10.0,,,,,,,,VI-2026-07-01-Opinium-Observer-Web-Tables-1704.xlsx,PC1 (2)
"2,050 UK adults",1st - 3rd July 2026,,,,2050,,historic_vote,Leave,"Q:PC1. How much have you seen or heard about the following in the past week?
 The 2026 FIFA World Cup",UNMATCHED,,Heard a lot,Heard a little,Not really heard anything,,,,,,,,61.8,28.9,9.3,,,,,,,,VI-2026-07-01-Opinium-Observer-Web-Tables-1704.xlsx,PC1 (2)
"2,050 UK adults",1st - 3rd July 2026,,,,2050,,gender,Male,"Q:PC1. How much have you seen or heard about the following in the past week?
 The 2026 FIFA World Cup",UNMATCHED,,Heard a lot,Heard a little,Not really heard anything,,,,,,,,66.0,22.0,11.9,,,,,,,,VI-2026-07-01-Opinium-Observer-Web-Tables-1704.xlsx,PC1 (2)
"2,050 UK adults",1st - 3rd July 2026,,,,2050,,gender,Female,"Q:PC1. How much have you seen or heard about the following in the past week?
 The 2026 FIFA World Cup",UNMATCHED,,Heard a lot,Heard a little,Not really heard anything,,,,,,,,59.0,29.1,11.9,,,,,,,,VI-2026-07-01-Opinium-Observer-Web-Tables-1704.xlsx,PC1 (2)
"2,050 UK adults",1st - 3rd July 2026,,,,2050,,age,18-34,"Q:PC1. How much have you seen or heard about the following in the past week?
 The 2026 FIFA World Cup",UNMATCHED,,Heard a lot,Heard a little,Not really heard anything,,,,,,,,64.3,20.8,14.9,,,,,,,,VI-2026-07-01-Opinium-Observer-Web-Tables-1704.xlsx,PC1 (2)
"2,050 UK adults",1st - 3rd July 2026,,,,2050,,age,35-49,"Q:PC1. How much have you seen or heard about the following in the past week?
 The 2026 FIFA World Cup",UNMATCHED,,Heard a lot,Heard a little,Not really heard anything,,,,,,,,63.1,25.0,11.9,,,,,,,,VI-2026-07-01-Opinium-Observer-Web-Tables-1704.xlsx,PC1 (2)
"2,050 UK adults",1st - 3rd July 2026,,,,2050,,age,50-64,"Q:PC1. How much have you seen or heard about the following in the past week?
 The 2026 FIFA World Cup",UNMATCHED,,Heard a lot,Heard a little,Not really heard anything,,,,,,,,61.0,30.2,8.8,,,,,,,,VI-2026-07-01-Opinium-Observer-Web-Tables-1704.xlsx,PC1 (2)
"2,050 UK adults",1st - 3rd July 2026,,,,2050,,age,65+,"Q:PC1. How much have you seen or heard about the following in the past week?
 The 2026 FIFA World Cup",UNMATCHED,,Heard a lot,Heard a little,Not really heard anything,,,,,,,,60.4,27.8,11.7,,,,,,,,VI-2026-07-01-Opinium-Observer-Web-Tables-1704.xlsx,PC1 (2)
"2,050 UK adults",1st - 3rd July 2026,,,,2050,,region,North,"Q:PC1. How much have you seen or heard about the following in the past week?
 The 2026 FIFA World Cup",UNMATCHED,,Heard a lot,Heard a little,Not really heard anything,,,,,,,,62.4,24.9,12.7,,,,,,,,VI-2026-07-01-Opinium-Observer-Web-Tables-1704.xlsx,PC1 (2)
"2,050 UK adults",1st - 3rd July 2026,,,,2050,,region,Mids,"Q:PC1. How much have you seen or heard about the following in the past week?
 The 2026 FIFA World Cup",UNMATCHED,,Heard a lot,Heard a little,Not really heard anything,,,,,,,,58.9,26.6,14.5,,,,,,,,VI-2026-07-01-Opinium-Observer-Web-Tables-1704.xlsx,PC1 (2)
"2,050 UK adults",1st - 3rd July 2026,,,,2050,,region,London,"Q:PC1. How much have you seen or heard about the following in the past week?
 The 2026 FIFA World Cup",UNMATCHED,,Heard a lot,Heard a little,Not really heard anything,,,,,,,,72.0,21.6,6.4,,,,,,,,VI-2026-07-01-Opinium-Observer-Web-Tables-1704.xlsx,PC1 (2)
"2,050 UK adults",1st - 3rd July 2026,,,,2050,,region,South,"Q:PC1. How much have you seen or heard about the following in the past week?
 The 2026 FIFA World Cup",UNMATCHED,,Heard a lot,Heard a little,Not really heard anything,,,,,,,,61.0,27.5,11.6,,,,,,,,VI-2026-07-01-Opinium-Observer-Web-Tables-1704.xlsx,PC1 (2)
"2,050 UK adults",1st - 3rd July 2026,,,,2050,,region,Wales,"Q:PC1. How much have you seen or heard about the following in the past week?
 The 2026 FIFA World Cup",UNMATCHED,,Heard a lot,Heard a little,Not really heard anything,,,,,,,,64.4,20.7,14.8,,,,,,,,VI-2026-07-01-Opinium-Observer-Web-Tables-1704.xlsx,PC1 (2)
"2,050 UK adults",1st - 3rd July 2026,,,,2050,,region,Scotland,"Q:PC1. How much have you seen or heard about the following in the past week?
 The 2026 FIFA World Cup",UNMATCHED,,Heard a lot,Heard a little,Not really heard anything,,,,,,,,59.4,28.4,12.2,,,,,,,,VI-2026-07-01-Opinium-Observer-Web-Tables-1704.xlsx,PC1 (2)
"2,050 UK adults",1st - 3rd July 2026,,,,2050,,region,Northern Ireland,"Q:PC1. How much have you seen or heard about the following in the past week?
 The 2026 FIFA World Cup",UNMATCHED,,Heard a lot,Heard a little,Not really heard anything,,,,,,,,55.3,31.0,13.6,,,,,,,,VI-2026-07-01-Opinium-Observer-Web-Tables-1704.xlsx,PC1 (2)
"2,050 UK adults",1st - 3rd July 2026,,,,2050,,total,Total,"Q:PC1. How much have you seen or heard about the following in the past week?
 Love Island UK",UNMATCHED,,Heard a lot,Heard a little,Not really heard anything,,,,,,,,12.0,16.4,71.5,,,,,,,,VI-2026-07-01-Opinium-Observer-Web-Tables-1704.xlsx,PC1 (3)
"2,050 UK adults",1st - 3rd July 2026,,,,2050,,current_vote,Con,"Q:PC1. How much have you seen or heard about the following in the past week?
 Love Island UK",UNMATCHED,,Heard a lot,Heard a little,Not really heard anything,,,,,,,,14.6,15.1,70.4,,,,,,,,VI-2026-07-01-Opinium-Observer-Web-Tables-1704.xlsx,PC1 (3)
"2,050 UK adults",1st - 3rd July 2026,,,,2050,,current_vote,Lab,"Q:PC1. How much have you seen or heard about the following in the past week?
 Love Island UK",UNMATCHED,,Heard a lot,Heard a little,Not really heard anything,,,,,,,,17.7,19.6,62.7,,,,,,,,VI-2026-07-01-Opinium-Observer-Web-Tables-1704.xlsx,PC1 (3)
"2,050 UK adults",1st - 3rd July 2026,,,,2050,,current_vote,Lib Dem,"Q:PC1. How much have you seen or heard about the following in the past week?
 Love Island UK",UNMATCHED,,Heard a lot,Heard a little,Not really heard anything,,,,,,,,6.2,16.3,77.5,,,,,,,,VI-2026-07-01-Opinium-Observer-Web-Tables-1704.xlsx,PC1 (3)
"2,050 UK adults",1st - 3rd July 2026,,,,2050,,current_vote,Reform,"Q:PC1. How much have you seen or heard about the following in the past week?
 Love Island UK",UNMATCHED,,Heard a lot,Heard a little,Not really heard anything,,,,,,,,11.0,14.9,74.1,,,,,,,,VI-2026-07-01-Opinium-Observer-Web-Tables-1704.xlsx,PC1 (3)
"2,050 UK adults",1st - 3rd July 2026,,,,2050,,current_vote,Green,"Q:PC1. How much have you seen or heard about the following in the past week?
 Love Island UK",UNMATCHED,,Heard a lot,Heard a little,Not really heard anything,,,,,,,,14.6,24.5,60.9,,,,,,,,VI-2026-07-01-Opinium-Observer-Web-Tables-1704.xlsx,PC1 (3)
"2,050 UK adults",1st - 3rd July 2026,,,,2050,,historic_vote,Con,"Q:PC1. How much have you seen or heard about the following in the past week?
 Love Island UK",UNMATCHED,,Heard a lot,Heard a little,Not really heard anything,,,,,,,,10.9,12.4,76.8,,,,,,,,VI-2026-07-01-Opinium-Observer-Web-Tables-1704.xlsx,PC1 (3)
"2,050 UK adults",1st - 3rd July 2026,,,,2050,,historic_vote,Lab,"Q:PC1. How much have you seen or heard about the following in the past week?
 Love Island UK",UNMATCHED,,Heard a lot,Heard a little,Not really heard anything,,,,,,,,11.3,16.0,72.7,,,,,,,,VI-2026-07-01-Opinium-Observer-Web-Tables-1704.xlsx,PC1 (3)
"2,050 UK adults",1st - 3rd July 2026,,,,2050,,historic_vote,Lib Dems,"Q:PC1. How much have you seen or heard about the following in the past week?
 Love Island UK",UNMATCHED,,Heard a lot,Heard a little,Not really heard anything,,,,,,,,7.0,16.6,76.4,,,,,,,,VI-2026-07-01-Opinium-Observer-Web-Tables-1704.xlsx,PC1 (3)
"2,050 UK adults",1st - 3rd July 2026,,,,2050,,historic_vote,Reform,"Q:PC1. How much have you seen or heard about the following in the past week?
 Love Island UK",UNMATCHED,,Heard a lot,Heard a little,Not really heard anything,,,,,,,,11.8,11.8,76.4,,,,,,,,VI-2026-07-01-Opinium-Observer-Web-Tables-1704.xlsx,PC1 (3)
"2,050 UK adults",1st - 3rd July 2026,,,,2050,,historic_vote,Green,"Q:PC1. How much have you seen or heard about the following in the past week?
 Love Island UK",UNMATCHED,,Heard a lot,Heard a little,Not really heard anything,,,,,,,,9.9,18.5,71.5,,,,,,,,VI-2026-07-01-Opinium-Observer-Web-Tables-1704.xlsx,PC1 (3)
"2,050 UK adults",1st - 3rd July 2026,,,,2050,,historic_vote,Con,"Q:PC1. How much have you seen or heard about the following in the past week?
 Love Island UK",UNMATCHED,,Heard a lot,Heard a little,Not really heard anything,,,,,,,,8.6,12.4,79.0,,,,,,,,VI-2026-07-01-Opinium-Observer-Web-Tables-1704.xlsx,PC1 (3)
"2,050 UK adults",1st - 3rd July 2026,,,,2050,,historic_vote,Lab,"Q:PC1. How much have you seen or heard about the following in the past week?
 Love Island UK",UNMATCHED,,Heard a lot,Heard a little,Not really heard anything,,,,,,,,12.1,16.5,71.4,,,,,,,,VI-2026-07-01-Opinium-Observer-Web-Tables-1704.xlsx,PC1 (3)
"2,050 UK adults",1st - 3rd July 2026,,,,2050,,historic_vote,Lib Dem,"Q:PC1. How much have you seen or heard about the following in the past week?
 Love Island UK",UNMATCHED,,Heard a lot,Heard a little,Not really heard anything,,,,,,,,4.8,15.2,80.0,,,,,,,,VI-2026-07-01-Opinium-Observer-Web-Tables-1704.xlsx,PC1 (3)
"2,050 UK adults",1st - 3rd July 2026,,,,2050,,historic_vote,Remain,"Q:PC1. How much have you seen or heard about the following in the past week?
 Love Island UK",UNMATCHED,,Heard a lot,Heard a little,Not really heard anything,,,,,,,,10.6,14.8,74.6,,,,,,,,VI-2026-07-01-Opinium-Observer-Web-Tables-1704.xlsx,PC1 (3)
"2,050 UK adults",1st - 3rd July 2026,,,,2050,,historic_vote,Leave,"Q:PC1. How much have you seen or heard about the following in the past week?
 Love Island UK",UNMATCHED,,Heard a lot,Heard a little,Not really heard anything,,,,,,,,6.4,12.9,80.7,,,,,,,,VI-2026-07-01-Opinium-Observer-Web-Tables-1704.xlsx,PC1 (3)
"2,050 UK adults",1st - 3rd July 2026,,,,2050,,gender,Male,"Q:PC1. How much have you seen or heard about the following in the past week?
 Love Island UK",UNMATCHED,,Heard a lot,Heard a little,Not really heard anything,,,,,,,,9.5,15.4,75.1,,,,,,,,VI-2026-07-01-Opinium-Observer-Web-Tables-1704.xlsx,PC1 (3)
"2,050 UK adults",1st - 3rd July 2026,,,,2050,,gender,Female,"Q:PC1. How much have you seen or heard about the following in the past week?
 Love Island UK",UNMATCHED,,Heard a lot,Heard a little,Not really heard anything,,,,,,,,14.4,17.6,68.0,,,,,,,,VI-2026-07-01-Opinium-Observer-Web-Tables-1704.xlsx,PC1 (3)
"2,050 UK adults",1st - 3rd July 2026,,,,2050,,age,18-34,"Q:PC1. How much have you seen or heard about the following in the past week?
 Love Island UK",UNMATCHED,,Heard a lot,Heard a little,Not really heard anything,,,,,,,,27.0,29.4,43.6,,,,,,,,VI-2026-07-01-Opinium-Observer-Web-Tables-1704.xlsx,PC1 (3)
"2,050 UK adults",1st - 3rd July 2026,,,,2050,,age,35-49,"Q:PC1. How much have you seen or heard about the following in the past week?
 Love Island UK",UNMATCHED,,Heard a lot,Heard a little,Not really heard anything,,,,,,,,10.6,18.7,70.7,,,,,,,,VI-2026-07-01-Opinium-Observer-Web-Tables-1704.xlsx,PC1 (3)
"2,050 UK adults",1st - 3rd July 2026,,,,2050,,age,50-64,"Q:PC1. How much have you seen or heard about the following in the past week?
 Love Island UK",UNMATCHED,,Heard a lot,Heard a little,Not really heard anything,,,,,,,,4.5,10.5,85.0,,,,,,,,VI-2026-07-01-Opinium-Observer-Web-Tables-1704.xlsx,PC1 (3)
"2,050 UK adults",1st - 3rd July 2026,,,,2050,,age,65+,"Q:PC1. How much have you seen or heard about the following in the past week?
 Love Island UK",UNMATCHED,,Heard a lot,Heard a little,Not really heard anything,,,,,,,,4.1,5.4,90.5,,,,,,,,VI-2026-07-01-Opinium-Observer-Web-Tables-1704.xlsx,PC1 (3)
"2,050 UK adults",1st - 3rd July 2026,,,,2050,,region,North,"Q:PC1. How much have you seen or heard about the following in the past week?
 Love Island UK",UNMATCHED,,Heard a lot,Heard a little,Not really heard anything,,,,,,,,11.3,17.7,71.0,,,,,,,,VI-2026-07-01-Opinium-Observer-Web-Tables-1704.xlsx,PC1 (3)
"2,050 UK adults",1st - 3rd July 2026,,,,2050,,region,Mids,"Q:PC1. How much have you seen or heard about the following in the past week?
 Love Island UK",UNMATCHED,,Heard a lot,Heard a little,Not really heard anything,,,,,,,,11.2,14.8,74.1,,,,,,,,VI-2026-07-01-Opinium-Observer-Web-Tables-1704.xlsx,PC1 (3)
"2,050 UK adults",1st - 3rd July 2026,,,,2050,,region,London,"Q:PC1. How much have you seen or heard about the following in the past week?
 Love Island UK",UNMATCHED,,Heard a lot,Heard a little,Not really heard anything,,,,,,,,19.7,19.8,60.5,,,,,,,,VI-2026-07-01-Opinium-Observer-Web-Tables-1704.xlsx,PC1 (3)
"2,050 UK adults",1st - 3rd July 2026,,,,2050,,region,South,"Q:PC1. How much have you seen or heard about the following in the past week?
 Love Island UK",UNMATCHED,,Heard a lot,Heard a little,Not really heard anything,,,,,,,,10.5,16.6,72.9,,,,,,,,VI-2026-07-01-Opinium-Observer-Web-Tables-1704.xlsx,PC1 (3)
"2,050 UK adults",1st - 3rd July 2026,,,,2050,,region,Wales,"Q:PC1. How much have you seen or heard about the following in the past week?
 Love Island UK",UNMATCHED,,Heard a lot,Heard a little,Not really heard anything,,,,,,,,8.3,20.1,71.6,,,,,,,,VI-2026-07-01-Opinium-Observer-Web-Tables-1704.xlsx,PC1 (3)
"2,050 UK adults",1st - 3rd July 2026,,,,2050,,region,Scotland,"Q:PC1. How much have you seen or heard about the following in the past week?
 Love Island UK",UNMATCHED,,Heard a lot,Heard a little,Not really heard anything,,,,,,,,10.6,10.0,79.4,,,,,,,,VI-2026-07-01-Opinium-Observer-Web-Tables-1704.xlsx,PC1 (3)
"2,050 UK adults",1st - 3rd July 2026,,,,2050,,region,Northern Ireland,"Q:PC1. How much have you seen or heard about the following in the past week?
 Love Island UK",UNMATCHED,,Heard a lot,Heard a little,Not really heard anything,,,,,,,,15.6,10.9,73.5,,,,,,,,VI-2026-07-01-Opinium-Observer-Web-Tables-1704.xlsx,PC1 (3)
"2,050 UK adults",1st - 3rd July 2026,,,,2050,,total,Total,"Q:PC1. How much have you seen or heard about the following in the past week?
 The earthquake in Venezuela",UNMATCHED,,Heard a lot,Heard a little,Not really heard anything,,,,,,,,43.8,37.3,18.9,,,,,,,,VI-2026-07-01-Opinium-Observer-Web-Tables-1704.xlsx,PC1 (4)
"2,050 UK adults",1st - 3rd July 2026,,,,2050,,current_vote,Con,"Q:PC1. How much have you seen or heard about the following in the past week?
 The earthquake in Venezuela",UNMATCHED,,Heard a lot,Heard a little,Not really heard anything,,,,,,,,56.5,33.6,10.0,,,,,,,,VI-2026-07-01-Opinium-Observer-Web-Tables-1704.xlsx,PC1 (4)
"2,050 UK adults",1st - 3rd July 2026,,,,2050,,current_vote,Lab,"Q:PC1. How much have you seen or heard about the following in the past week?
 The earthquake in Venezuela",UNMATCHED,,Heard a lot,Heard a little,Not really heard anything,,,,,,,,43.4,37.9,18.8,,,,,,,,VI-2026-07-01-Opinium-Observer-Web-Tables-1704.xlsx,PC1 (4)
"2,050 UK adults",1st - 3rd July 2026,,,,2050,,current_vote,Lib Dem,"Q:PC1. How much have you seen or heard about the following in the past week?
 The earthquake in Venezuela",UNMATCHED,,Heard a lot,Heard a little,Not really heard anything,,,,,,,,54.2,31.3,14.4,,,,,,,,VI-2026-07-01-Opinium-Observer-Web-Tables-1704.xlsx,PC1 (4)
"2,050 UK adults",1st - 3rd July 2026,,,,2050,,current_vote,Reform,"Q:PC1. How much have you seen or heard about the following in the past week?
 The earthquake in Venezuela",UNMATCHED,,Heard a lot,Heard a little,Not really heard anything,,,,,,,,48.3,38.1,13.6,,,,,,,,VI-2026-07-01-Opinium-Observer-Web-Tables-1704.xlsx,PC1 (4)
"2,050 UK adults",1st - 3rd July 2026,,,,2050,,current_vote,Green,"Q:PC1. How much have you seen or heard about the following in the past week?
 The earthquake in Venezuela",UNMATCHED,,Heard a lot,Heard a little,Not really heard anything,,,,,,,,37.4,41.0,21.6,,,,,,,,VI-2026-07-01-Opinium-Observer-Web-Tables-1704.xlsx,PC1 (4)
"2,050 UK adults",1st - 3rd July 2026,,,,2050,,historic_vote,Con,"Q:PC1. How much have you seen or heard about the following in the past week?
 The earthquake in Venezuela",UNMATCHED,,Heard a lot,Heard a little,Not really heard anything,,,,,,,,59.0,32.5,8.5,,,,,,,,VI-2026-07-01-Opinium-Observer-Web-Tables-1704.xlsx,PC1 (4)
"2,050 UK adults",1st - 3rd July 2026,,,,2050,,historic_vote,Lab,"Q:PC1. How much have you seen or heard about the following in the past week?
 The earthquake in Venezuela",UNMATCHED,,Heard a lot,Heard a little,Not really heard anything,,,,,,,,42.2,42.3,15.4,,,,,,,,VI-2026-07-01-Opinium-Observer-Web-Tables-1704.xlsx,PC1 (4)
"2,050 UK adults",1st - 3rd July 2026,,,,2050,,historic_vote,Lib Dems,"Q:PC1. How much have you seen or heard about the following in the past week?
 The earthquake in Venezuela",UNMATCHED,,Heard a lot,Heard a little,Not really heard anything,,,,,,,,60.9,30.2,8.9,,,,,,,,VI-2026-07-01-Opinium-Observer-Web-Tables-1704.xlsx,PC1 (4)
"2,050 UK adults",1st - 3rd July 2026,,,,2050,,historic_vote,Reform,"Q:PC1. How much have you seen or heard about the following in the past week?
 The earthquake in Venezuela",UNMATCHED,,Heard a lot,Heard a little,Not really heard anything,,,,,,,,45.8,41.3,12.9,,,,,,,,VI-2026-07-01-Opinium-Observer-Web-Tables-1704.xlsx,PC1 (4)
"2,050 UK adults",1st - 3rd July 2026,,,,2050,,historic_vote,Green,"Q:PC1. How much have you seen or heard about the following in the past week?
 The earthquake in Venezuela",UNMATCHED,,Heard a lot,Heard a little,Not really heard anything,,,,,,,,46.0,30.0,24.0,,,,,,,,VI-2026-07-01-Opinium-Observer-Web-Tables-1704.xlsx,PC1 (4)
"2,050 UK adults",1st - 3rd July 2026,,,,2050,,historic_vote,Con,"Q:PC1. How much have you seen or heard about the following in the past week?
 The earthquake in Venezuela",UNMATCHED,,Heard a lot,Heard a little,Not really heard anything,,,,,,,,57.1,35.0,7.8,,,,,,,,VI-2026-07-01-Opinium-Observer-Web-Tables-1704.xlsx,PC1 (4)
"2,050 UK adults",1st - 3rd July 2026,,,,2050,,historic_vote,Lab,"Q:PC1. How much have you seen or heard about the following in the past week?
 The earthquake in Venezuela",UNMATCHED,,Heard a lot,Heard a little,Not really heard anything,,,,,,,,44.1,41.7,14.3,,,,,,,,VI-2026-07-01-Opinium-Observer-Web-Tables-1704.xlsx,PC1 (4)
"2,050 UK adults",1st - 3rd July 2026,,,,2050,,historic_vote,Lib Dem,"Q:PC1. How much have you seen or heard about the following in the past week?
 The earthquake in Venezuela",UNMATCHED,,Heard a lot,Heard a little,Not really heard anything,,,,,,,,54.8,33.3,11.9,,,,,,,,VI-2026-07-01-Opinium-Observer-Web-Tables-1704.xlsx,PC1 (4)
"2,050 UK adults",1st - 3rd July 2026,,,,2050,,historic_vote,Remain,"Q:PC1. How much have you seen or heard about the following in the past week?
 The earthquake in Venezuela",UNMATCHED,,Heard a lot,Heard a little,Not really heard anything,,,,,,,,46.3,40.3,13.4,,,,,,,,VI-2026-07-01-Opinium-Observer-Web-Tables-1704.xlsx,PC1 (4)
"2,050 UK adults",1st - 3rd July 2026,,,,2050,,historic_vote,Leave,"Q:PC1. How much have you seen or heard about the following in the past week?
 The earthquake in Venezuela",UNMATCHED,,Heard a lot,Heard a little,Not really heard anything,,,,,,,,51.5,36.1,12.3,,,,,,,,VI-2026-07-01-Opinium-Observer-Web-Tables-1704.xlsx,PC1 (4)
"2,050 UK adults",1st - 3rd July 2026,,,,2050,,gender,Male,"Q:PC1. How much have you seen or heard about the following in the past week?
 The earthquake in Venezuela",UNMATCHED,,Heard a lot,Heard a little,Not really heard anything,,,,,,,,45.2,36.9,18.0,,,,,,,,VI-2026-07-01-Opinium-Observer-Web-Tables-1704.xlsx,PC1 (4)
"2,050 UK adults",1st - 3rd July 2026,,,,2050,,gender,Female,"Q:PC1. How much have you seen or heard about the following in the past week?
 The earthquake in Venezuela",UNMATCHED,,Heard a lot,Heard a little,Not really heard anything,,,,,,,,42.8,37.7,19.5,,,,,,,,VI-2026-07-01-Opinium-Observer-Web-Tables-1704.xlsx,PC1 (4)
"2,050 UK adults",1st - 3rd July 2026,,,,2050,,age,18-34,"Q:PC1. How much have you seen or heard about the following in the past week?
 The earthquake in Venezuela",UNMATCHED,,Heard a lot,Heard a little,Not really heard anything,,,,,,,,31.6,34.7,33.7,,,,,,,,VI-2026-07-01-Opinium-Observer-Web-Tables-1704.xlsx,PC1 (4)
"2,050 UK adults",1st - 3rd July 2026,,,,2050,,age,35-49,"Q:PC1. How much have you seen or heard about the following in the past week?
 The earthquake in Venezuela",UNMATCHED,,Heard a lot,Heard a little,Not really heard anything,,,,,,,,33.5,45.8,20.7,,,,,,,,VI-2026-07-01-Opinium-Observer-Web-Tables-1704.xlsx,PC1 (4)
"2,050 UK adults",1st - 3rd July 2026,,,,2050,,age,50-64,"Q:PC1. How much have you seen or heard about the following in the past week?
 The earthquake in Venezuela",UNMATCHED,,Heard a lot,Heard a little,Not really heard anything,,,,,,,,50.1,38.2,11.7,,,,,,,,VI-2026-07-01-Opinium-Observer-Web-Tables-1704.xlsx,PC1 (4)
"2,050 UK adults",1st - 3rd July 2026,,,,2050,,age,65+,"Q:PC1. How much have you seen or heard about the following in the past week?
 The earthquake in Venezuela",UNMATCHED,,Heard a lot,Heard a little,Not really heard anything,,,,,,,,62.0,30.8,7.2,,,,,,,,VI-2026-07-01-Opinium-Observer-Web-Tables-1704.xlsx,PC1 (4)
"2,050 UK adults",1st - 3rd July 2026,,,,2050,,region,North,"Q:PC1. How much have you seen or heard about the following in the past week?
 The earthquake in Venezuela",UNMATCHED,,Heard a lot,Heard a little,Not really heard anything,,,,,,,,39.9,39.6,20.5,,,,,,,,VI-2026-07-01-Opinium-Observer-Web-Tables-1704.xlsx,PC1 (4)
"2,050 UK adults",1st - 3rd July 2026,,,,2050,,region,Mids,"Q:PC1. How much have you seen or heard about the following in the past week?
 The earthquake in Venezuela",UNMATCHED,,Heard a lot,Heard a little,Not really heard anything,,,,,,,,45.2,36.0,18.8,,,,,,,,VI-2026-07-01-Opinium-Observer-Web-Tables-1704.xlsx,PC1 (4)
"2,050 UK adults",1st - 3rd July 2026,,,,2050,,region,London,"Q:PC1. How much have you seen or heard about the following in the past week?
 The earthquake in Venezuela",UNMATCHED,,Heard a lot,Heard a little,Not really heard anything,,,,,,,,48.8,35.0,16.2,,,,,,,,VI-2026-07-01-Opinium-Observer-Web-Tables-1704.xlsx,PC1 (4)
"2,050 UK adults",1st - 3rd July 2026,,,,2050,,region,South,"Q:PC1. How much have you seen or heard about the following in the past week?
 The earthquake in Venezuela",UNMATCHED,,Heard a lot,Heard a little,Not really heard anything,,,,,,,,45.2,35.3,19.5,,,,,,,,VI-2026-07-01-Opinium-Observer-Web-Tables-1704.xlsx,PC1 (4)
"2,050 UK adults",1st - 3rd July 2026,,,,2050,,region,Wales,"Q:PC1. How much have you seen or heard about the following in the past week?
 The earthquake in Venezuela",UNMATCHED,,Heard a lot,Heard a little,Not really heard anything,,,,,,,,44.1,44.0,11.8,,,,,,,,VI-2026-07-01-Opinium-Observer-Web-Tables-1704.xlsx,PC1 (4)
"2,050 UK adults",1st - 3rd July 2026,,,,2050,,region,Scotland,"Q:PC1. How much have you seen or heard about the following in the past week?
 The earthquake in Venezuela",UNMATCHED,,Heard a lot,Heard a little,Not really heard anything,,,,,,,,40.7,39.9,19.4,,,,,,,,VI-2026-07-01-Opinium-Observer-Web-Tables-1704.xlsx,PC1 (4)
"2,050 UK adults",1st - 3rd July 2026,,,,2050,,region,Northern Ireland,"Q:PC1. How much have you seen or heard about the following in the past week?
 The earthquake in Venezuela",UNMATCHED,,Heard a lot,Heard a little,Not really heard anything,,,,,,,,38.5,40.8,20.7,,,,,,,,VI-2026-07-01-Opinium-Observer-Web-Tables-1704.xlsx,PC1 (4)
"2,050 UK adults",1st - 3rd July 2026,,,,2050,,total,Total,"Q:PC1. How much have you seen or heard about the following in the past week?
 The start of the Wimbledon tournament",UNMATCHED,,Heard a lot,Heard a little,Not really heard anything,,,,,,,,25.8,45.2,29.0,,,,,,,,VI-2026-07-01-Opinium-Observer-Web-Tables-1704.xlsx,PC1 (5)
"2,050 UK adults",1st - 3rd July 2026,,,,2050,,current_vote,Con,"Q:PC1. How much have you seen or heard about the following in the past week?
 The start of the Wimbledon tournament",UNMATCHED,,Heard a lot,Heard a little,Not really heard anything,,,,,,,,34.3,44.9,20.8,,,,,,,,VI-2026-07-01-Opinium-Observer-Web-Tables-1704.xlsx,PC1 (5)
"2,050 UK adults",1st - 3rd July 2026,,,,2050,,current_vote,Lab,"Q:PC1. How much have you seen or heard about the following in the past week?
 The start of the Wimbledon tournament",UNMATCHED,,Heard a lot,Heard a little,Not really heard anything,,,,,,,,32.1,46.8,21.1,,,,,,,,VI-2026-07-01-Opinium-Observer-Web-Tables-1704.xlsx,PC1 (5)
"2,050 UK adults",1st - 3rd July 2026,,,,2050,,current_vote,Lib Dem,"Q:PC1. How much have you seen or heard about the following in the past week?
 The start of the Wimbledon tournament",UNMATCHED,,Heard a lot,Heard a little,Not really heard anything,,,,,,,,29.6,58.7,11.6,,,,,,,,VI-2026-07-01-Opinium-Observer-Web-Tables-1704.xlsx,PC1 (5)
"2,050 UK adults",1st - 3rd July 2026,,,,2050,,current_vote,Reform,"Q:PC1. How much have you seen or heard about the following in the past week?
 The start of the Wimbledon tournament",UNMATCHED,,Heard a lot,Heard a little,Not really heard anything,,,,,,,,28.1,41.8,30.1,,,,,,,,VI-2026-07-01-Opinium-Observer-Web-Tables-1704.xlsx,PC1 (5)
"2,050 UK adults",1st - 3rd July 2026,,,,2050,,current_vote,Green,"Q:PC1. How much have you seen or heard about the following in the past week?
 The start of the Wimbledon tournament",UNMATCHED,,Heard a lot,Heard a little,Not really heard anything,,,,,,,,18.1,44.0,37.9,,,,,,,,VI-2026-07-01-Opinium-Observer-Web-Tables-1704.xlsx,PC1 (5)
"2,050 UK adults",1st - 3rd July 2026,,,,2050,,historic_vote,Con,"Q:PC1. How much have you seen or heard about the following in the past week?
 The start of the Wimbledon tournament",UNMATCHED,,Heard a lot,Heard a little,Not really heard anything,,,,,,,,38.3,40.8,20.9,,,,,,,,VI-2026-07-01-Opinium-Observer-Web-Tables-1704.xlsx,PC1 (5)
"2,050 UK adults",1st - 3rd July 2026,,,,2050,,historic_vote,Lab,"Q:PC1. How much have you seen or heard about the following in the past week?
 The start of the Wimbledon tournament",UNMATCHED,,Heard a lot,Heard a little,Not really heard anything,,,,,,,,28.4,46.6,25.0,,,,,,,,VI-2026-07-01-Opinium-Observer-Web-Tables-1704.xlsx,PC1 (5)
"2,050 UK adults",1st - 3rd July 2026,,,,2050,,historic_vote,Lib Dems,"Q:PC1. How much have you seen or heard about the following in the past week?
 The start of the Wimbledon tournament",UNMATCHED,,Heard a lot,Heard a little,Not really heard anything,,,,,,,,31.9,57.3,10.8,,,,,,,,VI-2026-07-01-Opinium-Observer-Web-Tables-1704.xlsx,PC1 (5)
"2,050 UK adults",1st - 3rd July 2026,,,,2050,,historic_vote,Reform,"Q:PC1. How much have you seen or heard about the following in the past week?
 The start of the Wimbledon tournament",UNMATCHED,,Heard a lot,Heard a little,Not really heard anything,,,,,,,,27.2,44.7,28.1,,,,,,,,VI-2026-07-01-Opinium-Observer-Web-Tables-1704.xlsx,PC1 (5)
"2,050 UK adults",1st - 3rd July 2026,,,,2050,,historic_vote,Green,"Q:PC1. How much have you seen or heard about the following in the past week?
 The start of the Wimbledon tournament",UNMATCHED,,Heard a lot,Heard a little,Not really heard anything,,,,,,,,16.6,47.5,36.0,,,,,,,,VI-2026-07-01-Opinium-Observer-Web-Tables-1704.xlsx,PC1 (5)
"2,050 UK adults",1st - 3rd July 2026,,,,2050,,historic_vote,Con,"Q:PC1. How much have you seen or heard about the following in the past week?
 The start of the Wimbledon tournament",UNMATCHED,,Heard a lot,Heard a little,Not really heard anything,,,,,,,,36.3,43.4,20.3,,,,,,,,VI-2026-07-01-Opinium-Observer-Web-Tables-1704.xlsx,PC1 (5)
"2,050 UK adults",1st - 3rd July 2026,,,,2050,,historic_vote,Lab,"Q:PC1. How much have you seen or heard about the following in the past week?
 The start of the Wimbledon tournament",UNMATCHED,,Heard a lot,Heard a little,Not really heard anything,,,,,,,,27.9,45.9,26.2,,,,,,,,VI-2026-07-01-Opinium-Observer-Web-Tables-1704.xlsx,PC1 (5)
"2,050 UK adults",1st - 3rd July 2026,,,,2050,,historic_vote,Lib Dem,"Q:PC1. How much have you seen or heard about the following in the past week?
 The start of the Wimbledon tournament",UNMATCHED,,Heard a lot,Heard a little,Not really heard anything,,,,,,,,26.5,58.7,14.7,,,,,,,,VI-2026-07-01-Opinium-Observer-Web-Tables-1704.xlsx,PC1 (5)
"2,050 UK adults",1st - 3rd July 2026,,,,2050,,historic_vote,Remain,"Q:PC1. How much have you seen or heard about the following in the past week?
 The start of the Wimbledon tournament",UNMATCHED,,Heard a lot,Heard a little,Not really heard anything,,,,,,,,28.4,48.7,22.8,,,,,,,,VI-2026-07-01-Opinium-Observer-Web-Tables-1704.xlsx,PC1 (5)
"2,050 UK adults",1st - 3rd July 2026,,,,2050,,historic_vote,Leave,"Q:PC1. How much have you seen or heard about the following in the past week?
 The start of the Wimbledon tournament",UNMATCHED,,Heard a lot,Heard a little,Not really heard anything,,,,,,,,29.4,46.8,23.8,,,,,,,,VI-2026-07-01-Opinium-Observer-Web-Tables-1704.xlsx,PC1 (5)
"2,050 UK adults",1st - 3rd July 2026,,,,2050,,gender,Male,"Q:PC1. How much have you seen or heard about the following in the past week?
 The start of the Wimbledon tournament",UNMATCHED,,Heard a lot,Heard a little,Not really heard anything,,,,,,,,27.0,44.4,28.7,,,,,,,,VI-2026-07-01-Opinium-Observer-Web-Tables-1704.xlsx,PC1 (5)
"2,050 UK adults",1st - 3rd July 2026,,,,2050,,gender,Female,"Q:PC1. How much have you seen or heard about the following in the past week?
 The start of the Wimbledon tournament",UNMATCHED,,Heard a lot,Heard a little,Not really heard anything,,,,,,,,24.8,46.0,29.2,,,,,,,,VI-2026-07-01-Opinium-Observer-Web-Tables-1704.xlsx,PC1 (5)
"2,050 UK adults",1st - 3rd July 2026,,,,2050,,age,18-34,"Q:PC1. How much have you seen or heard about the following in the past week?
 The start of the Wimbledon tournament",UNMATCHED,,Heard a lot,Heard a little,Not really heard anything,,,,,,,,19.3,39.9,40.8,,,,,,,,VI-2026-07-01-Opinium-Observer-Web-Tables-1704.xlsx,PC1 (5)
"2,050 UK adults",1st - 3rd July 2026,,,,2050,,age,35-49,"Q:PC1. How much have you seen or heard about the following in the past week?
 The start of the Wimbledon tournament",UNMATCHED,,Heard a lot,Heard a little,Not really heard anything,,,,,,,,22.4,46.9,30.8,,,,,,,,VI-2026-07-01-Opinium-Observer-Web-Tables-1704.xlsx,PC1 (5)
"2,050 UK adults",1st - 3rd July 2026,,,,2050,,age,50-64,"Q:PC1. How much have you seen or heard about the following in the past week?
 The start of the Wimbledon tournament",UNMATCHED,,Heard a lot,Heard a little,Not really heard anything,,,,,,,,26.2,50.8,23.0,,,,,,,,VI-2026-07-01-Opinium-Observer-Web-Tables-1704.xlsx,PC1 (5)
"2,050 UK adults",1st - 3rd July 2026,,,,2050,,age,65+,"Q:PC1. How much have you seen or heard about the following in the past week?
 The start of the Wimbledon tournament",UNMATCHED,,Heard a lot,Heard a little,Not really heard anything,,,,,,,,36.5,43.6,19.9,,,,,,,,VI-2026-07-01-Opinium-Observer-Web-Tables-1704.xlsx,PC1 (5)
"2,050 UK adults",1st - 3rd July 2026,,,,2050,,region,North,"Q:PC1. How much have you seen or heard about the following in the past week?
 The start of the Wimbledon tournament",UNMATCHED,,Heard a lot,Heard a little,Not really heard anything,,,,,,,,28.4,41.9,29.6,,,,,,,,VI-2026-07-01-Opinium-Observer-Web-Tables-1704.xlsx,PC1 (5)
"2,050 UK adults",1st - 3rd July 2026,,,,2050,,region,Mids,"Q:PC1. How much have you seen or heard about the following in the past week?
 The start of the Wimbledon tournament",UNMATCHED,,Heard a lot,Heard a little,Not really heard anything,,,,,,,,23.0,46.8,30.2,,,,,,,,VI-2026-07-01-Opinium-Observer-Web-Tables-1704.xlsx,PC1 (5)
"2,050 UK adults",1st - 3rd July 2026,,,,2050,,region,London,"Q:PC1. How much have you seen or heard about the following in the past week?
 The start of the Wimbledon tournament",UNMATCHED,,Heard a lot,Heard a little,Not really heard anything,,,,,,,,29.3,42.8,27.8,,,,,,,,VI-2026-07-01-Opinium-Observer-Web-Tables-1704.xlsx,PC1 (5)
"2,050 UK adults",1st - 3rd July 2026,,,,2050,,region,South,"Q:PC1. How much have you seen or heard about the following in the past week?
 The start of the Wimbledon tournament",UNMATCHED,,Heard a lot,Heard a little,Not really heard anything,,,,,,,,25.9,47.8,26.3,,,,,,,,VI-2026-07-01-Opinium-Observer-Web-Tables-1704.xlsx,PC1 (5)
"2,050 UK adults",1st - 3rd July 2026,,,,2050,,region,Wales,"Q:PC1. How much have you seen or heard about the following in the past week?
 The start of the Wimbledon tournament",UNMATCHED,,Heard a lot,Heard a little,Not really heard anything,,,,,,,,21.2,42.7,36.1,,,,,,,,VI-2026-07-01-Opinium-Observer-Web-Tables-1704.xlsx,PC1 (5)
"2,050 UK adults",1st - 3rd July 2026,,,,2050,,region,Scotland,"Q:PC1. How much have you seen or heard about the following in the past week?
 The start of the Wimbledon tournament",UNMATCHED,,Heard a lot,Heard a little,Not really heard anything,,,,,,,,22.0,46.0,32.1,,,,,,,,VI-2026-07-01-Opinium-Observer-Web-Tables-1704.xlsx,PC1 (5)
"2,050 UK adults",1st - 3rd July 2026,,,,2050,,region,Northern Ireland,"Q:PC1. How much have you seen or heard about the following in the past week?
 The start of the Wimbledon tournament",UNMATCHED,,Heard a lot,Heard a little,Not really heard anything,,,,,,,,23.7,44.2,32.1,,,,,,,,VI-2026-07-01-Opinium-Observer-Web-Tables-1704.xlsx,PC1 (5)
"2,050 UK adults",1st - 3rd July 2026,,,,2050,,total,Total,"Q:PC1. How much have you seen or heard about the following in the past week?
 The UK recorded its hottest ever June temperature",UNMATCHED,,Heard a lot,Heard a little,Not really heard anything,,,,,,,,62.7,27.4,9.8,,,,,,,,VI-2026-07-01-Opinium-Observer-Web-Tables-1704.xlsx,PC1 (6)
"2,050 UK adults",1st - 3rd July 2026,,,,2050,,current_vote,Con,"Q:PC1. How much have you seen or heard about the following in the past week?
 The UK recorded its hottest ever June temperature",UNMATCHED,,Heard a lot,Heard a little,Not really heard anything,,,,,,,,65.9,28.8,5.3,,,,,,,,VI-2026-07-01-Opinium-Observer-Web-Tables-1704.xlsx,PC1 (6)
"2,050 UK adults",1st - 3rd July 2026,,,,2050,,current_vote,Lab,"Q:PC1. How much have you seen or heard about the following in the past week?
 The UK recorded its hottest ever June temperature",UNMATCHED,,Heard a lot,Heard a little,Not really heard anything,,,,,,,,67.7,25.4,7.0,,,,,,,,VI-2026-07-01-Opinium-Observer-Web-Tables-1704.xlsx,PC1 (6)
"2,050 UK adults",1st - 3rd July 2026,,,,2050,,current_vote,Lib Dem,"Q:PC1. How much have you seen or heard about the following in the past week?
 The UK recorded its hottest ever June temperature",UNMATCHED,,Heard a lot,Heard a little,Not really heard anything,,,,,,,,69.0,25.1,5.9,,,,,,,,VI-2026-07-01-Opinium-Observer-Web-Tables-1704.xlsx,PC1 (6)
"2,050 UK adults",1st - 3rd July 2026,,,,2050,,current_vote,Reform,"Q:PC1. How much have you seen or heard about the following in the past week?
 The UK recorded its hottest ever June temperature",UNMATCHED,,Heard a lot,Heard a little,Not really heard anything,,,,,,,,61.9,28.5,9.6,,,,,,,,VI-2026-07-01-Opinium-Observer-Web-Tables-1704.xlsx,PC1 (6)
"2,050 UK adults",1st - 3rd July 2026,,,,2050,,current_vote,Green,"Q:PC1. How much have you seen or heard about the following in the past week?
 The UK recorded its hottest ever June temperature",UNMATCHED,,Heard a lot,Heard a little,Not really heard anything,,,,,,,,71.6,21.2,7.2,,,,,,,,VI-2026-07-01-Opinium-Observer-Web-Tables-1704.xlsx,PC1 (6)
"2,050 UK adults",1st - 3rd July 2026,,,,2050,,historic_vote,Con,"Q:PC1. How much have you seen or heard about the following in the past week?
 The UK recorded its hottest ever June temperature",UNMATCHED,,Heard a lot,Heard a little,Not really heard anything,,,,,,,,69.8,26.5,3.7,,,,,,,,VI-2026-07-01-Opinium-Observer-Web-Tables-1704.xlsx,PC1 (6)
"2,050 UK adults",1st - 3rd July 2026,,,,2050,,historic_vote,Lab,"Q:PC1. How much have you seen or heard about the following in the past week?
 The UK recorded its hottest ever June temperature",UNMATCHED,,Heard a lot,Heard a little,Not really heard anything,,,,,,,,69.7,24.5,5.8,,,,,,,,VI-2026-07-01-Opinium-Observer-Web-Tables-1704.xlsx,PC1 (6)
"2,050 UK adults",1st - 3rd July 2026,,,,2050,,historic_vote,Lib Dems,"Q:PC1. How much have you seen or heard about the following in the past week?
 The UK recorded its hottest ever June temperature",UNMATCHED,,Heard a lot,Heard a little,Not really heard anything,,,,,,,,74.6,22.5,2.9,,,,,,,,VI-2026-07-01-Opinium-Observer-Web-Tables-1704.xlsx,PC1 (6)
"2,050 UK adults",1st - 3rd July 2026,,,,2050,,historic_vote,Reform,"Q:PC1. How much have you seen or heard about the following in the past week?
 The UK recorded its hottest ever June temperature",UNMATCHED,,Heard a lot,Heard a little,Not really heard anything,,,,,,,,59.2,31.8,9.0,,,,,,,,VI-2026-07-01-Opinium-Observer-Web-Tables-1704.xlsx,PC1 (6)
"2,050 UK adults",1st - 3rd July 2026,,,,2050,,historic_vote,Green,"Q:PC1. How much have you seen or heard about the following in the past week?
 The UK recorded its hottest ever June temperature",UNMATCHED,,Heard a lot,Heard a little,Not really heard anything,,,,,,,,66.9,22.9,10.2,,,,,,,,VI-2026-07-01-Opinium-Observer-Web-Tables-1704.xlsx,PC1 (6)
"2,050 UK adults",1st - 3rd July 2026,,,,2050,,historic_vote,Con,"Q:PC1. How much have you seen or heard about the following in the past week?
 The UK recorded its hottest ever June temperature",UNMATCHED,,Heard a lot,Heard a little,Not really heard anything,,,,,,,,69.6,26.7,3.7,,,,,,,,VI-2026-07-01-Opinium-Observer-Web-Tables-1704.xlsx,PC1 (6)
"2,050 UK adults",1st - 3rd July 2026,,,,2050,,historic_vote,Lab,"Q:PC1. How much have you seen or heard about the following in the past week?
 The UK recorded its hottest ever June temperature",UNMATCHED,,Heard a lot,Heard a little,Not really heard anything,,,,,,,,69.0,24.8,6.2,,,,,,,,VI-2026-07-01-Opinium-Observer-Web-Tables-1704.xlsx,PC1 (6)
"2,050 UK adults",1st - 3rd July 2026,,,,2050,,historic_vote,Lib Dem,"Q:PC1. How much have you seen or heard about the following in the past week?
 The UK recorded its hottest ever June temperature",UNMATCHED,,Heard a lot,Heard a little,Not really heard anything,,,,,,,,71.7,24.9,3.4,,,,,,,,VI-2026-07-01-Opinium-Observer-Web-Tables-1704.xlsx,PC1 (6)
"2,050 UK adults",1st - 3rd July 2026,,,,2050,,historic_vote,Remain,"Q:PC1. How much have you seen or heard about the following in the past week?
 The UK recorded its hottest ever June temperature",UNMATCHED,,Heard a lot,Heard a little,Not really heard anything,,,,,,,,68.3,25.3,6.4,,,,,,,,VI-2026-07-01-Opinium-Observer-Web-Tables-1704.xlsx,PC1 (6)
"2,050 UK adults",1st - 3rd July 2026,,,,2050,,historic_vote,Leave,"Q:PC1. How much have you seen or heard about the following in the past week?
 The UK recorded its hottest ever June temperature",UNMATCHED,,Heard a lot,Heard a little,Not really heard anything,,,,,,,,64.1,30.1,5.8,,,,,,,,VI-2026-07-01-Opinium-Observer-Web-Tables-1704.xlsx,PC1 (6)
"2,050 UK adults",1st - 3rd July 2026,,,,2050,,gender,Male,"Q:PC1. How much have you seen or heard about the following in the past week?
 The UK recorded its hottest ever June temperature",UNMATCHED,,Heard a lot,Heard a little,Not really heard anything,,,,,,,,59.6,29.7,10.7,,,,,,,,VI-2026-07-01-Opinium-Observer-Web-Tables-1704.xlsx,PC1 (6)
"2,050 UK adults",1st - 3rd July 2026,,,,2050,,gender,Female,"Q:PC1. How much have you seen or heard about the following in the past week?
 The UK recorded its hottest ever June temperature",UNMATCHED,,Heard a lot,Heard a little,Not really heard anything,,,,,,,,65.6,25.4,9.0,,,,,,,,VI-2026-07-01-Opinium-Observer-Web-Tables-1704.xlsx,PC1 (6)
"2,050 UK adults",1st - 3rd July 2026,,,,2050,,age,18-34,"Q:PC1. How much have you seen or heard about the following in the past week?
 The UK recorded its hottest ever June temperature",UNMATCHED,,Heard a lot,Heard a little,Not really heard anything,,,,,,,,59.0,26.1,14.9,,,,,,,,VI-2026-07-01-Opinium-Observer-Web-Tables-1704.xlsx,PC1 (6)
"2,050 UK adults",1st - 3rd July 2026,,,,2050,,age,35-49,"Q:PC1. How much have you seen or heard about the following in the past week?
 The UK recorded its hottest ever June temperature",UNMATCHED,,Heard a lot,Heard a little,Not really heard anything,,,,,,,,60.9,27.0,12.1,,,,,,,,VI-2026-07-01-Opinium-Observer-Web-Tables-1704.xlsx,PC1 (6)
"2,050 UK adults",1st - 3rd July 2026,,,,2050,,age,50-64,"Q:PC1. How much have you seen or heard about the following in the past week?
 The UK recorded its hottest ever June temperature",UNMATCHED,,Heard a lot,Heard a little,Not really heard anything,,,,,,,,66.2,27.7,6.2,,,,,,,,VI-2026-07-01-Opinium-Observer-Web-Tables-1704.xlsx,PC1 (6)
"2,050 UK adults",1st - 3rd July 2026,,,,2050,,age,65+,"Q:PC1. How much have you seen or heard about the following in the past week?
 The UK recorded its hottest ever June temperature",UNMATCHED,,Heard a lot,Heard a little,Not really heard anything,,,,,,,,65.3,29.2,5.5,,,,,,,,VI-2026-07-01-Opinium-Observer-Web-Tables-1704.xlsx,PC1 (6)
"2,050 UK adults",1st - 3rd July 2026,,,,2050,,region,North,"Q:PC1. How much have you seen or heard about the following in the past week?
 The UK recorded its hottest ever June temperature",UNMATCHED,,Heard a lot,Heard a little,Not really heard anything,,,,,,,,59.2,29.2,11.6,,,,,,,,VI-2026-07-01-Opinium-Observer-Web-Tables-1704.xlsx,PC1 (6)
"2,050 UK adults",1st - 3rd July 2026,,,,2050,,region,Mids,"Q:PC1. How much have you seen or heard about the following in the past week?
 The UK recorded its hottest ever June temperature",UNMATCHED,,Heard a lot,Heard a little,Not really heard anything,,,,,,,,60.7,27.1,12.2,,,,,,,,VI-2026-07-01-Opinium-Observer-Web-Tables-1704.xlsx,PC1 (6)
"2,050 UK adults",1st - 3rd July 2026,,,,2050,,region,London,"Q:PC1. How much have you seen or heard about the following in the past week?
 The UK recorded its hottest ever June temperature",UNMATCHED,,Heard a lot,Heard a little,Not really heard anything,,,,,,,,71.0,21.9,7.0,,,,,,,,VI-2026-07-01-Opinium-Observer-Web-Tables-1704.xlsx,PC1 (6)
"2,050 UK adults",1st - 3rd July 2026,,,,2050,,region,South,"Q:PC1. How much have you seen or heard about the following in the past week?
 The UK recorded its hottest ever June temperature",UNMATCHED,,Heard a lot,Heard a little,Not really heard anything,,,,,,,,66.8,25.7,7.6,,,,,,,,VI-2026-07-01-Opinium-Observer-Web-Tables-1704.xlsx,PC1 (6)
"2,050 UK adults",1st - 3rd July 2026,,,,2050,,region,Wales,"Q:PC1. How much have you seen or heard about the following in the past week?
 The UK recorded its hottest ever June temperature",UNMATCHED,,Heard a lot,Heard a little,Not really heard anything,,,,,,,,62.9,26.6,10.5,,,,,,,,VI-2026-07-01-Opinium-Observer-Web-Tables-1704.xlsx,PC1 (6)
"2,050 UK adults",1st - 3rd July 2026,,,,2050,,region,Scotland,"Q:PC1. How much have you seen or heard about the following in the past week?
 The UK recorded its hottest ever June temperature",UNMATCHED,,Heard a lot,Heard a little,Not really heard anything,,,,,,,,53.3,35.4,11.2,,,,,,,,VI-2026-07-01-Opinium-Observer-Web-Tables-1704.xlsx,PC1 (6)
"2,050 UK adults",1st - 3rd July 2026,,,,2050,,region,Northern Ireland,"Q:PC1. How much have you seen or heard about the following in the past week?
 The UK recorded its hottest ever June temperature",UNMATCHED,,Heard a lot,Heard a little,Not really heard anything,,,,,,,,45.9,38.4,15.7,,,,,,,,VI-2026-07-01-Opinium-Observer-Web-Tables-1704.xlsx,PC1 (6)
"2,050 UK adults",1st - 3rd July 2026,,,,2050,,total,Total,"Q:PC1. How much have you seen or heard about the following in the past week?
 Reported proposal to involve the public in asylum appeal decisions",UNMATCHED,,Heard a lot,Heard a little,Not really heard anything,,,,,,,,7.2,20.6,72.2,,,,,,,,VI-2026-07-01-Opinium-Observer-Web-Tables-1704.xlsx,PC1 (7)
"2,050 UK adults",1st - 3rd July 2026,,,,2050,,current_vote,Con,"Q:PC1. How much have you seen or heard about the following in the past week?
 Reported proposal to involve the public in asylum appeal decisions",UNMATCHED,,Heard a lot,Heard a little,Not really heard anything,,,,,,,,7.6,23.9,68.5,,,,,,,,VI-2026-07-01-Opinium-Observer-Web-Tables-1704.xlsx,PC1 (7)
"2,050 UK adults",1st - 3rd July 2026,,,,2050,,current_vote,Lab,"Q:PC1. How much have you seen or heard about the following in the past week?
 Reported proposal to involve the public in asylum appeal decisions",UNMATCHED,,Heard a lot,Heard a little,Not really heard anything,,,,,,,,14.2,27.3,58.5,,,,,,,,VI-2026-07-01-Opinium-Observer-Web-Tables-1704.xlsx,PC1 (7)
"2,050 UK adults",1st - 3rd July 2026,,,,2050,,current_vote,Lib Dem,"Q:PC1. How much have you seen or heard about the following in the past week?
 Reported proposal to involve the public in asylum appeal decisions",UNMATCHED,,Heard a lot,Heard a little,Not really heard anything,,,,,,,,2.3,24.0,73.7,,,,,,,,VI-2026-07-01-Opinium-Observer-Web-Tables-1704.xlsx,PC1 (7)
"2,050 UK adults",1st - 3rd July 2026,,,,2050,,current_vote,Reform,"Q:PC1. How much have you seen or heard about the following in the past week?
 Reported proposal to involve the public in asylum appeal decisions",UNMATCHED,,Heard a lot,Heard a little,Not really heard anything,,,,,,,,8.6,24.7,66.7,,,,,,,,VI-2026-07-01-Opinium-Observer-Web-Tables-1704.xlsx,PC1 (7)
"2,050 UK adults",1st - 3rd July 2026,,,,2050,,current_vote,Green,"Q:PC1. How much have you seen or heard about the following in the past week?
 Reported proposal to involve the public in asylum appeal decisions",UNMATCHED,,Heard a lot,Heard a little,Not really heard anything,,,,,,,,8.1,15.0,77.0,,,,,,,,VI-2026-07-01-Opinium-Observer-Web-Tables-1704.xlsx,PC1 (7)
"2,050 UK adults",1st - 3rd July 2026,,,,2050,,historic_vote,Con,"Q:PC1. How much have you seen or heard about the following in the past week?
 Reported proposal to involve the public in asylum appeal decisions",UNMATCHED,,Heard a lot,Heard a little,Not really heard anything,,,,,,,,7.4,22.0,70.6,,,,,,,,VI-2026-07-01-Opinium-Observer-Web-Tables-1704.xlsx,PC1 (7)
"2,050 UK adults",1st - 3rd July 2026,,,,2050,,historic_vote,Lab,"Q:PC1. How much have you seen or heard about the following in the past week?
 Reported proposal to involve the public in asylum appeal decisions",UNMATCHED,,Heard a lot,Heard a little,Not really heard anything,,,,,,,,8.9,20.4,70.7,,,,,,,,VI-2026-07-01-Opinium-Observer-Web-Tables-1704.xlsx,PC1 (7)
"2,050 UK adults",1st - 3rd July 2026,,,,2050,,historic_vote,Lib Dems,"Q:PC1. How much have you seen or heard about the following in the past week?
 Reported proposal to involve the public in asylum appeal decisions",UNMATCHED,,Heard a lot,Heard a little,Not really heard anything,,,,,,,,3.6,19.3,77.1,,,,,,,,VI-2026-07-01-Opinium-Observer-Web-Tables-1704.xlsx,PC1 (7)
"2,050 UK adults",1st - 3rd July 2026,,,,2050,,historic_vote,Reform,"Q:PC1. How much have you seen or heard about the following in the past week?
 Reported proposal to involve the public in asylum appeal decisions",UNMATCHED,,Heard a lot,Heard a little,Not really heard anything,,,,,,,,8.6,23.4,68.0,,,,,,,,VI-2026-07-01-Opinium-Observer-Web-Tables-1704.xlsx,PC1 (7)
"2,050 UK adults",1st - 3rd July 2026,,,,2050,,historic_vote,Green,"Q:PC1. How much have you seen or heard about the following in the past week?
 Reported proposal to involve the public in asylum appeal decisions",UNMATCHED,,Heard a lot,Heard a little,Not really heard anything,,,,,,,,4.9,12.9,82.2,,,,,,,,VI-2026-07-01-Opinium-Observer-Web-Tables-1704.xlsx,PC1 (7)
"2,050 UK adults",1st - 3rd July 2026,,,,2050,,historic_vote,Con,"Q:PC1. How much have you seen or heard about the following in the past week?
 Reported proposal to involve the public in asylum appeal decisions",UNMATCHED,,Heard a lot,Heard a little,Not really heard anything,,,,,,,,6.2,21.9,71.8,,,,,,,,VI-2026-07-01-Opinium-Observer-Web-Tables-1704.xlsx,PC1 (7)
"2,050 UK adults",1st - 3rd July 2026,,,,2050,,historic_vote,Lab,"Q:PC1. How much have you seen or heard about the following in the past week?
 Reported proposal to involve the public in asylum appeal decisions",UNMATCHED,,Heard a lot,Heard a little,Not really heard anything,,,,,,,,8.6,22.6,68.8,,,,,,,,VI-2026-07-01-Opinium-Observer-Web-Tables-1704.xlsx,PC1 (7)
"2,050 UK adults",1st - 3rd July 2026,,,,2050,,historic_vote,Lib Dem,"Q:PC1. How much have you seen or heard about the following in the past week?
 Reported proposal to involve the public in asylum appeal decisions",UNMATCHED,,Heard a lot,Heard a little,Not really heard anything,,,,,,,,2.5,17.6,79.9,,,,,,,,VI-2026-07-01-Opinium-Observer-Web-Tables-1704.xlsx,PC1 (7)
"2,050 UK adults",1st - 3rd July 2026,,,,2050,,historic_vote,Remain,"Q:PC1. How much have you seen or heard about the following in the past week?
 Reported proposal to involve the public in asylum appeal decisions",UNMATCHED,,Heard a lot,Heard a little,Not really heard anything,,,,,,,,6.4,21.3,72.3,,,,,,,,VI-2026-07-01-Opinium-Observer-Web-Tables-1704.xlsx,PC1 (7)
"2,050 UK adults",1st - 3rd July 2026,,,,2050,,historic_vote,Leave,"Q:PC1. How much have you seen or heard about the following in the past week?
 Reported proposal to involve the public in asylum appeal decisions",UNMATCHED,,Heard a lot,Heard a little,Not really heard anything,,,,,,,,5.5,19.6,74.9,,,,,,,,VI-2026-07-01-Opinium-Observer-Web-Tables-1704.xlsx,PC1 (7)
"2,050 UK adults",1st - 3rd July 2026,,,,2050,,gender,Male,"Q:PC1. How much have you seen or heard about the following in the past week?
 Reported proposal to involve the public in asylum appeal decisions",UNMATCHED,,Heard a lot,Heard a little,Not really heard anything,,,,,,,,8.4,22.0,69.6,,,,,,,,VI-2026-07-01-Opinium-Observer-Web-Tables-1704.xlsx,PC1 (7)
"2,050 UK adults",1st - 3rd July 2026,,,,2050,,gender,Female,"Q:PC1. How much have you seen or heard about the following in the past week?
 Reported proposal to involve the public in asylum appeal decisions",UNMATCHED,,Heard a lot,Heard a little,Not really heard anything,,,,,,,,6.1,19.4,74.5,,,,,,,,VI-2026-07-01-Opinium-Observer-Web-Tables-1704.xlsx,PC1 (7)
"2,050 UK adults",1st - 3rd July 2026,,,,2050,,age,18-34,"Q:PC1. How much have you seen or heard about the following in the past week?
 Reported proposal to involve the public in asylum appeal decisions",UNMATCHED,,Heard a lot,Heard a little,Not really heard anything,,,,,,,,13.9,27.5,58.6,,,,,,,,VI-2026-07-01-Opinium-Observer-Web-Tables-1704.xlsx,PC1 (7)
"2,050 UK adults",1st - 3rd July 2026,,,,2050,,age,35-49,"Q:PC1. How much have you seen or heard about the following in the past week?
 Reported proposal to involve the public in asylum appeal decisions",UNMATCHED,,Heard a lot,Heard a little,Not really heard anything,,,,,,,,7.5,22.8,69.7,,,,,,,,VI-2026-07-01-Opinium-Observer-Web-Tables-1704.xlsx,PC1 (7)
"2,050 UK adults",1st - 3rd July 2026,,,,2050,,age,50-64,"Q:PC1. How much have you seen or heard about the following in the past week?
 Reported proposal to involve the public in asylum appeal decisions",UNMATCHED,,Heard a lot,Heard a little,Not really heard anything,,,,,,,,2.9,15.4,81.7,,,,,,,,VI-2026-07-01-Opinium-Observer-Web-Tables-1704.xlsx,PC1 (7)
"2,050 UK adults",1st - 3rd July 2026,,,,2050,,age,65+,"Q:PC1. How much have you seen or heard about the following in the past week?
 Reported proposal to involve the public in asylum appeal decisions",UNMATCHED,,Heard a lot,Heard a little,Not really heard anything,,,,,,,,3.7,16.0,80.3,,,,,,,,VI-2026-07-01-Opinium-Observer-Web-Tables-1704.xlsx,PC1 (7)
"2,050 UK adults",1st - 3rd July 2026,,,,2050,,region,North,"Q:PC1. How much have you seen or heard about the following in the past week?
 Reported proposal to involve the public in asylum appeal decisions",UNMATCHED,,Heard a lot,Heard a little,Not really heard anything,,,,,,,,6.9,23.3,69.8,,,,,,,,VI-2026-07-01-Opinium-Observer-Web-Tables-1704.xlsx,PC1 (7)
"2,050 UK adults",1st - 3rd July 2026,,,,2050,,region,Mids,"Q:PC1. How much have you seen or heard about the following in the past week?
 Reported proposal to involve the public in asylum appeal decisions",UNMATCHED,,Heard a lot,Heard a little,Not really heard anything,,,,,,,,6.4,21.8,71.7,,,,,,,,VI-2026-07-01-Opinium-Observer-Web-Tables-1704.xlsx,PC1 (7)
"2,050 UK adults",1st - 3rd July 2026,,,,2050,,region,London,"Q:PC1. How much have you seen or heard about the following in the past week?
 Reported proposal to involve the public in asylum appeal decisions",UNMATCHED,,Heard a lot,Heard a little,Not really heard anything,,,,,,,,12.0,20.7,67.3,,,,,,,,VI-2026-07-01-Opinium-Observer-Web-Tables-1704.xlsx,PC1 (7)
"2,050 UK adults",1st - 3rd July 2026,,,,2050,,region,South,"Q:PC1. How much have you seen or heard about the following in the past week?
 Reported proposal to involve the public in asylum appeal decisions",UNMATCHED,,Heard a lot,Heard a little,Not really heard anything,,,,,,,,6.7,20.0,73.3,,,,,,,,VI-2026-07-01-Opinium-Observer-Web-Tables-1704.xlsx,PC1 (7)
"2,050 UK adults",1st - 3rd July 2026,,,,2050,,region,Wales,"Q:PC1. How much have you seen or heard about the following in the past week?
 Reported proposal to involve the public in asylum appeal decisions",UNMATCHED,,Heard a lot,Heard a little,Not really heard anything,,,,,,,,10.1,19.0,70.9,,,,,,,,VI-2026-07-01-Opinium-Observer-Web-Tables-1704.xlsx,PC1 (7)
"2,050 UK adults",1st - 3rd July 2026,,,,2050,,region,Scotland,"Q:PC1. How much have you seen or heard about the following in the past week?
 Reported proposal to involve the public in asylum appeal decisions",UNMATCHED,,Heard a lot,Heard a little,Not really heard anything,,,,,,,,5.0,12.5,82.5,,,,,,,,VI-2026-07-01-Opinium-Observer-Web-Tables-1704.xlsx,PC1 (7)
"2,050 UK adults",1st - 3rd July 2026,,,,2050,,region,Northern Ireland,"Q:PC1. How much have you seen or heard about the following in the past week?
 Reported proposal to involve the public in asylum appeal decisions",UNMATCHED,,Heard a lot,Heard a little,Not really heard anything,,,,,,,,,24.4,75.6,,,,,,,,VI-2026-07-01-Opinium-Observer-Web-Tables-1704.xlsx,PC1 (7)
"2,050 UK adults",1st - 3rd July 2026,,,,2050,,total,Total,"Q:PC1. How much have you seen or heard about the following in the past week?
 King Charles reveals his personal tax bill",UNMATCHED,,Heard a lot,Heard a little,Not really heard anything,,,,,,,,20.6,44.8,34.6,,,,,,,,VI-2026-07-01-Opinium-Observer-Web-Tables-1704.xlsx,PC1 (8)
"2,050 UK adults",1st - 3rd July 2026,,,,2050,,current_vote,Con,"Q:PC1. How much have you seen or heard about the following in the past week?
 King Charles reveals his personal tax bill",UNMATCHED,,Heard a lot,Heard a little,Not really heard anything,,,,,,,,28.5,47.0,24.5,,,,,,,,VI-2026-07-01-Opinium-Observer-Web-Tables-1704.xlsx,PC1 (8)
"2,050 UK adults",1st - 3rd July 2026,,,,2050,,current_vote,Lab,"Q:PC1. How much have you seen or heard about the following in the past week?
 King Charles reveals his personal tax bill",UNMATCHED,,Heard a lot,Heard a little,Not really heard anything,,,,,,,,25.9,48.0,26.1,,,,,,,,VI-2026-07-01-Opinium-Observer-Web-Tables-1704.xlsx,PC1 (8)
"2,050 UK adults",1st - 3rd July 2026,,,,2050,,current_vote,Lib Dem,"Q:PC1. How much have you seen or heard about the following in the past week?
 King Charles reveals his personal tax bill",UNMATCHED,,Heard a lot,Heard a little,Not really heard anything,,,,,,,,26.1,51.2,22.8,,,,,,,,VI-2026-07-01-Opinium-Observer-Web-Tables-1704.xlsx,PC1 (8)
"2,050 UK adults",1st - 3rd July 2026,,,,2050,,current_vote,Reform,"Q:PC1. How much have you seen or heard about the following in the past week?
 King Charles reveals his personal tax bill",UNMATCHED,,Heard a lot,Heard a little,Not really heard anything,,,,,,,,22.2,46.4,31.4,,,,,,,,VI-2026-07-01-Opinium-Observer-Web-Tables-1704.xlsx,PC1 (8)
"2,050 UK adults",1st - 3rd July 2026,,,,2050,,current_vote,Green,"Q:PC1. How much have you seen or heard about the following in the past week?
 King Charles reveals his personal tax bill",UNMATCHED,,Heard a lot,Heard a little,Not really heard anything,,,,,,,,13.8,41.4,44.9,,,,,,,,VI-2026-07-01-Opinium-Observer-Web-Tables-1704.xlsx,PC1 (8)
"2,050 UK adults",1st - 3rd July 2026,,,,2050,,historic_vote,Con,"Q:PC1. How much have you seen or heard about the following in the past week?
 King Charles reveals his personal tax bill",UNMATCHED,,Heard a lot,Heard a little,Not really heard anything,,,,,,,,29.7,48.5,21.8,,,,,,,,VI-2026-07-01-Opinium-Observer-Web-Tables-1704.xlsx,PC1 (8)
"2,050 UK adults",1st - 3rd July 2026,,,,2050,,historic_vote,Lab,"Q:PC1. How much have you seen or heard about the following in the past week?
 King Charles reveals his personal tax bill",UNMATCHED,,Heard a lot,Heard a little,Not really heard anything,,,,,,,,21.6,48.2,30.2,,,,,,,,VI-2026-07-01-Opinium-Observer-Web-Tables-1704.xlsx,PC1 (8)
"2,050 UK adults",1st - 3rd July 2026,,,,2050,,historic_vote,Lib Dems,"Q:PC1. How much have you seen or heard about the following in the past week?
 King Charles reveals his personal tax bill",UNMATCHED,,Heard a lot,Heard a little,Not really heard anything,,,,,,,,24.5,59.0,16.5,,,,,,,,VI-2026-07-01-Opinium-Observer-Web-Tables-1704.xlsx,PC1 (8)
"2,050 UK adults",1st - 3rd July 2026,,,,2050,,historic_vote,Reform,"Q:PC1. How much have you seen or heard about the following in the past week?
 King Charles reveals his personal tax bill",UNMATCHED,,Heard a lot,Heard a little,Not really heard anything,,,,,,,,21.1,46.8,32.0,,,,,,,,VI-2026-07-01-Opinium-Observer-Web-Tables-1704.xlsx,PC1 (8)
"2,050 UK adults",1st - 3rd July 2026,,,,2050,,historic_vote,Green,"Q:PC1. How much have you seen or heard about the following in the past week?
 King Charles reveals his personal tax bill",UNMATCHED,,Heard a lot,Heard a little,Not really heard anything,,,,,,,,12.2,54.0,33.8,,,,,,,,VI-2026-07-01-Opinium-Observer-Web-Tables-1704.xlsx,PC1 (8)
"2,050 UK adults",1st - 3rd July 2026,,,,2050,,historic_vote,Con,"Q:PC1. How much have you seen or heard about the following in the past week?
 King Charles reveals his personal tax bill",UNMATCHED,,Heard a lot,Heard a little,Not really heard anything,,,,,,,,26.9,48.1,25.0,,,,,,,,VI-2026-07-01-Opinium-Observer-Web-Tables-1704.xlsx,PC1 (8)
"2,050 UK adults",1st - 3rd July 2026,,,,2050,,historic_vote,Lab,"Q:PC1. How much have you seen or heard about the following in the past week?
 King Charles reveals his personal tax bill",UNMATCHED,,Heard a lot,Heard a little,Not really heard anything,,,,,,,,20.4,49.3,30.3,,,,,,,,VI-2026-07-01-Opinium-Observer-Web-Tables-1704.xlsx,PC1 (8)
"2,050 UK adults",1st - 3rd July 2026,,,,2050,,historic_vote,Lib Dem,"Q:PC1. How much have you seen or heard about the following in the past week?
 King Charles reveals his personal tax bill",UNMATCHED,,Heard a lot,Heard a little,Not really heard anything,,,,,,,,25.5,55.4,19.1,,,,,,,,VI-2026-07-01-Opinium-Observer-Web-Tables-1704.xlsx,PC1 (8)
"2,050 UK adults",1st - 3rd July 2026,,,,2050,,historic_vote,Remain,"Q:PC1. How much have you seen or heard about the following in the past week?
 King Charles reveals his personal tax bill",UNMATCHED,,Heard a lot,Heard a little,Not really heard anything,,,,,,,,22.3,50.7,27.1,,,,,,,,VI-2026-07-01-Opinium-Observer-Web-Tables-1704.xlsx,PC1 (8)
"2,050 UK adults",1st - 3rd July 2026,,,,2050,,historic_vote,Leave,"Q:PC1. How much have you seen or heard about the following in the past week?
 King Charles reveals his personal tax bill",UNMATCHED,,Heard a lot,Heard a little,Not really heard anything,,,,,,,,22.3,48.7,29.0,,,,,,,,VI-2026-07-01-Opinium-Observer-Web-Tables-1704.xlsx,PC1 (8)
"2,050 UK adults",1st - 3rd July 2026,,,,2050,,gender,Male,"Q:PC1. How much have you seen or heard about the following in the past week?
 King Charles reveals his personal tax bill",UNMATCHED,,Heard a lot,Heard a little,Not really heard anything,,,,,,,,19.8,46.5,33.7,,,,,,,,VI-2026-07-01-Opinium-Observer-Web-Tables-1704.xlsx,PC1 (8)
"2,050 UK adults",1st - 3rd July 2026,,,,2050,,gender,Female,"Q:PC1. How much have you seen or heard about the following in the past week?
 King Charles reveals his personal tax bill",UNMATCHED,,Heard a lot,Heard a little,Not really heard anything,,,,,,,,21.3,43.4,35.3,,,,,,,,VI-2026-07-01-Opinium-Observer-Web-Tables-1704.xlsx,PC1 (8)
"2,050 UK adults",1st - 3rd July 2026,,,,2050,,age,18-34,"Q:PC1. How much have you seen or heard about the following in the past week?
 King Charles reveals his personal tax bill",UNMATCHED,,Heard a lot,Heard a little,Not really heard anything,,,,,,,,21.2,34.3,44.5,,,,,,,,VI-2026-07-01-Opinium-Observer-Web-Tables-1704.xlsx,PC1 (8)
"2,050 UK adults",1st - 3rd July 2026,,,,2050,,age,35-49,"Q:PC1. How much have you seen or heard about the following in the past week?
 King Charles reveals his personal tax bill",UNMATCHED,,Heard a lot,Heard a little,Not really heard anything,,,,,,,,17.8,39.4,42.9,,,,,,,,VI-2026-07-01-Opinium-Observer-Web-Tables-1704.xlsx,PC1 (8)
"2,050 UK adults",1st - 3rd July 2026,,,,2050,,age,50-64,"Q:PC1. How much have you seen or heard about the following in the past week?
 King Charles reveals his personal tax bill",UNMATCHED,,Heard a lot,Heard a little,Not really heard anything,,,,,,,,18.6,52.0,29.3,,,,,,,,VI-2026-07-01-Opinium-Observer-Web-Tables-1704.xlsx,PC1 (8)
"2,050 UK adults",1st - 3rd July 2026,,,,2050,,age,65+,"Q:PC1. How much have you seen or heard about the following in the past week?
 King Charles reveals his personal tax bill",UNMATCHED,,Heard a lot,Heard a little,Not really heard anything,,,,,,,,24.9,54.9,20.2,,,,,,,,VI-2026-07-01-Opinium-Observer-Web-Tables-1704.xlsx,PC1 (8)
"2,050 UK adults",1st - 3rd July 2026,,,,2050,,region,North,"Q:PC1. How much have you seen or heard about the following in the past week?
 King Charles reveals his personal tax bill",UNMATCHED,,Heard a lot,Heard a little,Not really heard anything,,,,,,,,22.6,41.0,36.5,,,,,,,,VI-2026-07-01-Opinium-Observer-Web-Tables-1704.xlsx,PC1 (8)
"2,050 UK adults",1st - 3rd July 2026,,,,2050,,region,Mids,"Q:PC1. How much have you seen or heard about the following in the past week?
 King Charles reveals his personal tax bill",UNMATCHED,,Heard a lot,Heard a little,Not really heard anything,,,,,,,,20.5,45.3,34.2,,,,,,,,VI-2026-07-01-Opinium-Observer-Web-Tables-1704.xlsx,PC1 (8)
"2,050 UK adults",1st - 3rd July 2026,,,,2050,,region,London,"Q:PC1. How much have you seen or heard about the following in the past week?
 King Charles reveals his personal tax bill",UNMATCHED,,Heard a lot,Heard a little,Not really heard anything,,,,,,,,23.2,47.1,29.7,,,,,,,,VI-2026-07-01-Opinium-Observer-Web-Tables-1704.xlsx,PC1 (8)
"2,050 UK adults",1st - 3rd July 2026,,,,2050,,region,South,"Q:PC1. How much have you seen or heard about the following in the past week?
 King Charles reveals his personal tax bill",UNMATCHED,,Heard a lot,Heard a little,Not really heard anything,,,,,,,,20.0,47.0,33.0,,,,,,,,VI-2026-07-01-Opinium-Observer-Web-Tables-1704.xlsx,PC1 (8)
"2,050 UK adults",1st - 3rd July 2026,,,,2050,,region,Wales,"Q:PC1. How much have you seen or heard about the following in the past week?
 King Charles reveals his personal tax bill",UNMATCHED,,Heard a lot,Heard a little,Not really heard anything,,,,,,,,20.7,42.5,36.7,,,,,,,,VI-2026-07-01-Opinium-Observer-Web-Tables-1704.xlsx,PC1 (8)
"2,050 UK adults",1st - 3rd July 2026,,,,2050,,region,Scotland,"Q:PC1. How much have you seen or heard about the following in the past week?
 King Charles reveals his personal tax bill",UNMATCHED,,Heard a lot,Heard a little,Not really heard anything,,,,,,,,14.2,45.8,40.0,,,,,,,,VI-2026-07-01-Opinium-Observer-Web-Tables-1704.xlsx,PC1 (8)
"2,050 UK adults",1st - 3rd July 2026,,,,2050,,region,Northern Ireland,"Q:PC1. How much have you seen or heard about the following in the past week?
 King Charles reveals his personal tax bill",UNMATCHED,,Heard a lot,Heard a little,Not really heard anything,,,,,,,,18.3,38.6,43.2,,,,,,,,VI-2026-07-01-Opinium-Observer-Web-Tables-1704.xlsx,PC1 (8)
"2,050 UK adults",1st - 3rd July 2026,,,,2050,,total,Total,"Q:PC1. How much have you seen or heard about the following in the past week?
 Harry styles 12 day residency at Wembley Stadium",UNMATCHED,,Heard a lot,Heard a little,Not really heard anything,,,,,,,,10.1,26.3,63.6,,,,,,,,VI-2026-07-01-Opinium-Observer-Web-Tables-1704.xlsx,PC1 (9)
"2,050 UK adults",1st - 3rd July 2026,,,,2050,,current_vote,Con,"Q:PC1. How much have you seen or heard about the following in the past week?
 Harry styles 12 day residency at Wembley Stadium",UNMATCHED,,Heard a lot,Heard a little,Not really heard anything,,,,,,,,12.5,32.4,55.1,,,,,,,,VI-2026-07-01-Opinium-Observer-Web-Tables-1704.xlsx,PC1 (9)
"2,050 UK adults",1st - 3rd July 2026,,,,2050,,current_vote,Lab,"Q:PC1. How much have you seen or heard about the following in the past week?
 Harry styles 12 day residency at Wembley Stadium",UNMATCHED,,Heard a lot,Heard a little,Not really heard anything,,,,,,,,16.9,30.7,52.5,,,,,,,,VI-2026-07-01-Opinium-Observer-Web-Tables-1704.xlsx,PC1 (9)
"2,050 UK adults",1st - 3rd July 2026,,,,2050,,current_vote,Lib Dem,"Q:PC1. How much have you seen or heard about the following in the past week?
 Harry styles 12 day residency at Wembley Stadium",UNMATCHED,,Heard a lot,Heard a little,Not really heard anything,,,,,,,,9.3,31.4,59.2,,,,,,,,VI-2026-07-01-Opinium-Observer-Web-Tables-1704.xlsx,PC1 (9)
"2,050 UK adults",1st - 3rd July 2026,,,,2050,,current_vote,Reform,"Q:PC1. How much have you seen or heard about the following in the past week?
 Harry styles 12 day residency at Wembley Stadium",UNMATCHED,,Heard a lot,Heard a little,Not really heard anything,,,,,,,,7.8,21.9,70.3,,,,,,,,VI-2026-07-01-Opinium-Observer-Web-Tables-1704.xlsx,PC1 (9)
"2,050 UK adults",1st - 3rd July 2026,,,,2050,,current_vote,Green,"Q:PC1. How much have you seen or heard about the following in the past week?
 Harry styles 12 day residency at Wembley Stadium",UNMATCHED,,Heard a lot,Heard a little,Not really heard anything,,,,,,,,11.9,24.7,63.4,,,,,,,,VI-2026-07-01-Opinium-Observer-Web-Tables-1704.xlsx,PC1 (9)
"2,050 UK adults",1st - 3rd July 2026,,,,2050,,historic_vote,Con,"Q:PC1. How much have you seen or heard about the following in the past week?
 Harry styles 12 day residency at Wembley Stadium",UNMATCHED,,Heard a lot,Heard a little,Not really heard anything,,,,,,,,9.5,23.9,66.6,,,,,,,,VI-2026-07-01-Opinium-Observer-Web-Tables-1704.xlsx,PC1 (9)
"2,050 UK adults",1st - 3rd July 2026,,,,2050,,historic_vote,Lab,"Q:PC1. How much have you seen or heard about the following in the past week?
 Harry styles 12 day residency at Wembley Stadium",UNMATCHED,,Heard a lot,Heard a little,Not really heard anything,,,,,,,,12.4,26.9,60.7,,,,,,,,VI-2026-07-01-Opinium-Observer-Web-Tables-1704.xlsx,PC1 (9)
"2,050 UK adults",1st - 3rd July 2026,,,,2050,,historic_vote,Lib Dems,"Q:PC1. How much have you seen or heard about the following in the past week?
 Harry styles 12 day residency at Wembley Stadium",UNMATCHED,,Heard a lot,Heard a little,Not really heard anything,,,,,,,,7.0,33.9,59.0,,,,,,,,VI-2026-07-01-Opinium-Observer-Web-Tables-1704.xlsx,PC1 (9)
"2,050 UK adults",1st - 3rd July 2026,,,,2050,,historic_vote,Reform,"Q:PC1. How much have you seen or heard about the following in the past week?
 Harry styles 12 day residency at Wembley Stadium",UNMATCHED,,Heard a lot,Heard a little,Not really heard anything,,,,,,,,8.1,26.5,65.4,,,,,,,,VI-2026-07-01-Opinium-Observer-Web-Tables-1704.xlsx,PC1 (9)
"2,050 UK adults",1st - 3rd July 2026,,,,2050,,historic_vote,Green,"Q:PC1. How much have you seen or heard about the following in the past week?
 Harry styles 12 day residency at Wembley Stadium",UNMATCHED,,Heard a lot,Heard a little,Not really heard anything,,,,,,,,8.8,26.3,64.9,,,,,,,,VI-2026-07-01-Opinium-Observer-Web-Tables-1704.xlsx,PC1 (9)
"2,050 UK adults",1st - 3rd July 2026,,,,2050,,historic_vote,Con,"Q:PC1. How much have you seen or heard about the following in the past week?
 Harry styles 12 day residency at Wembley Stadium",UNMATCHED,,Heard a lot,Heard a little,Not really heard anything,,,,,,,,8.6,26.1,65.4,,,,,,,,VI-2026-07-01-Opinium-Observer-Web-Tables-1704.xlsx,PC1 (9)
"2,050 UK adults",1st - 3rd July 2026,,,,2050,,historic_vote,Lab,"Q:PC1. How much have you seen or heard about the following in the past week?
 Harry styles 12 day residency at Wembley Stadium",UNMATCHED,,Heard a lot,Heard a little,Not really heard anything,,,,,,,,12.2,27.7,60.1,,,,,,,,VI-2026-07-01-Opinium-Observer-Web-Tables-1704.xlsx,PC1 (9)
"2,050 UK adults",1st - 3rd July 2026,,,,2050,,historic_vote,Lib Dem,"Q:PC1. How much have you seen or heard about the following in the past week?
 Harry styles 12 day residency at Wembley Stadium",UNMATCHED,,Heard a lot,Heard a little,Not really heard anything,,,,,,,,6.4,32.8,60.8,,,,,,,,VI-2026-07-01-Opinium-Observer-Web-Tables-1704.xlsx,PC1 (9)
"2,050 UK adults",1st - 3rd July 2026,,,,2050,,historic_vote,Remain,"Q:PC1. How much have you seen or heard about the following in the past week?
 Harry styles 12 day residency at Wembley Stadium",UNMATCHED,,Heard a lot,Heard a little,Not really heard anything,,,,,,,,11.4,28.6,60.0,,,,,,,,VI-2026-07-01-Opinium-Observer-Web-Tables-1704.xlsx,PC1 (9)
"2,050 UK adults",1st - 3rd July 2026,,,,2050,,historic_vote,Leave,"Q:PC1. How much have you seen or heard about the following in the past week?
 Harry styles 12 day residency at Wembley Stadium",UNMATCHED,,Heard a lot,Heard a little,Not really heard anything,,,,,,,,6.8,23.2,70.0,,,,,,,,VI-2026-07-01-Opinium-Observer-Web-Tables-1704.xlsx,PC1 (9)
"2,050 UK adults",1st - 3rd July 2026,,,,2050,,gender,Male,"Q:PC1. How much have you seen or heard about the following in the past week?
 Harry styles 12 day residency at Wembley Stadium",UNMATCHED,,Heard a lot,Heard a little,Not really heard anything,,,,,,,,8.5,22.5,69.1,,,,,,,,VI-2026-07-01-Opinium-Observer-Web-Tables-1704.xlsx,PC1 (9)
"2,050 UK adults",1st - 3rd July 2026,,,,2050,,gender,Female,"Q:PC1. How much have you seen or heard about the following in the past week?
 Harry styles 12 day residency at Wembley Stadium",UNMATCHED,,Heard a lot,Heard a little,Not really heard anything,,,,,,,,11.8,29.6,58.5,,,,,,,,VI-2026-07-01-Opinium-Observer-Web-Tables-1704.xlsx,PC1 (9)
"2,050 UK adults",1st - 3rd July 2026,,,,2050,,age,18-34,"Q:PC1. How much have you seen or heard about the following in the past week?
 Harry styles 12 day residency at Wembley Stadium",UNMATCHED,,Heard a lot,Heard a little,Not really heard anything,,,,,,,,17.5,33.5,49.0,,,,,,,,VI-2026-07-01-Opinium-Observer-Web-Tables-1704.xlsx,PC1 (9)
"2,050 UK adults",1st - 3rd July 2026,,,,2050,,age,35-49,"Q:PC1. How much have you seen or heard about the following in the past week?
 Harry styles 12 day residency at Wembley Stadium",UNMATCHED,,Heard a lot,Heard a little,Not really heard anything,,,,,,,,12.2,28.3,59.5,,,,,,,,VI-2026-07-01-Opinium-Observer-Web-Tables-1704.xlsx,PC1 (9)
"2,050 UK adults",1st - 3rd July 2026,,,,2050,,age,50-64,"Q:PC1. How much have you seen or heard about the following in the past week?
 Harry styles 12 day residency at Wembley Stadium",UNMATCHED,,Heard a lot,Heard a little,Not really heard anything,,,,,,,,6.0,25.1,68.9,,,,,,,,VI-2026-07-01-Opinium-Observer-Web-Tables-1704.xlsx,PC1 (9)
"2,050 UK adults",1st - 3rd July 2026,,,,2050,,age,65+,"Q:PC1. How much have you seen or heard about the following in the past week?
 Harry styles 12 day residency at Wembley Stadium",UNMATCHED,,Heard a lot,Heard a little,Not really heard anything,,,,,,,,3.8,17.0,79.2,,,,,,,,VI-2026-07-01-Opinium-Observer-Web-Tables-1704.xlsx,PC1 (9)
"2,050 UK adults",1st - 3rd July 2026,,,,2050,,region,North,"Q:PC1. How much have you seen or heard about the following in the past week?
 Harry styles 12 day residency at Wembley Stadium",UNMATCHED,,Heard a lot,Heard a little,Not really heard anything,,,,,,,,11.2,24.8,64.0,,,,,,,,VI-2026-07-01-Opinium-Observer-Web-Tables-1704.xlsx,PC1 (9)
"2,050 UK adults",1st - 3rd July 2026,,,,2050,,region,Mids,"Q:PC1. How much have you seen or heard about the following in the past week?
 Harry styles 12 day residency at Wembley Stadium",UNMATCHED,,Heard a lot,Heard a little,Not really heard anything,,,,,,,,10.2,22.8,67.0,,,,,,,,VI-2026-07-01-Opinium-Observer-Web-Tables-1704.xlsx,PC1 (9)
"2,050 UK adults",1st - 3rd July 2026,,,,2050,,region,London,"Q:PC1. How much have you seen or heard about the following in the past week?
 Harry styles 12 day residency at Wembley Stadium",UNMATCHED,,Heard a lot,Heard a little,Not really heard anything,,,,,,,,13.3,30.2,56.5,,,,,,,,VI-2026-07-01-Opinium-Observer-Web-Tables-1704.xlsx,PC1 (9)
"2,050 UK adults",1st - 3rd July 2026,,,,2050,,region,South,"Q:PC1. How much have you seen or heard about the following in the past week?
 Harry styles 12 day residency at Wembley Stadium",UNMATCHED,,Heard a lot,Heard a little,Not really heard anything,,,,,,,,10.0,29.3,60.7,,,,,,,,VI-2026-07-01-Opinium-Observer-Web-Tables-1704.xlsx,PC1 (9)
"2,050 UK adults",1st - 3rd July 2026,,,,2050,,region,Wales,"Q:PC1. How much have you seen or heard about the following in the past week?
 Harry styles 12 day residency at Wembley Stadium",UNMATCHED,,Heard a lot,Heard a little,Not really heard anything,,,,,,,,5.6,29.4,65.0,,,,,,,,VI-2026-07-01-Opinium-Observer-Web-Tables-1704.xlsx,PC1 (9)
"2,050 UK adults",1st - 3rd July 2026,,,,2050,,region,Scotland,"Q:PC1. How much have you seen or heard about the following in the past week?
 Harry styles 12 day residency at Wembley Stadium",UNMATCHED,,Heard a lot,Heard a little,Not really heard anything,,,,,,,,7.1,23.0,69.8,,,,,,,,VI-2026-07-01-Opinium-Observer-Web-Tables-1704.xlsx,PC1 (9)
"2,050 UK adults",1st - 3rd July 2026,,,,2050,,region,Northern Ireland,"Q:PC1. How much have you seen or heard about the following in the past week?
 Harry styles 12 day residency at Wembley Stadium",UNMATCHED,,Heard a lot,Heard a little,Not really heard anything,,,,,,,,3.6,9.3,87.1,,,,,,,,VI-2026-07-01-Opinium-Observer-Web-Tables-1704.xlsx,PC1 (9)
"2,050 UK adults",1st - 3rd July 2026,,,,2050,,total,Total,"Q:PC1. How much have you seen or heard about the following in the past week?
 Bad Bunny plays two days of sold out gigs in London",UNMATCHED,,Heard a lot,Heard a little,Not really heard anything,,,,,,,,6.0,14.9,79.0,,,,,,,,VI-2026-07-01-Opinium-Observer-Web-Tables-1704.xlsx,PC1 (10)
"2,050 UK adults",1st - 3rd July 2026,,,,2050,,current_vote,Con,"Q:PC1. How much have you seen or heard about the following in the past week?
 Bad Bunny plays two days of sold out gigs in London",UNMATCHED,,Heard a lot,Heard a little,Not really heard anything,,,,,,,,7.8,15.6,76.5,,,,,,,,VI-2026-07-01-Opinium-Observer-Web-Tables-1704.xlsx,PC1 (10)
"2,050 UK adults",1st - 3rd July 2026,,,,2050,,current_vote,Lab,"Q:PC1. How much have you seen or heard about the following in the past week?
 Bad Bunny plays two days of sold out gigs in London",UNMATCHED,,Heard a lot,Heard a little,Not really heard anything,,,,,,,,11.3,23.6,65.1,,,,,,,,VI-2026-07-01-Opinium-Observer-Web-Tables-1704.xlsx,PC1 (10)
"2,050 UK adults",1st - 3rd July 2026,,,,2050,,current_vote,Lib Dem,"Q:PC1. How much have you seen or heard about the following in the past week?
 Bad Bunny plays two days of sold out gigs in London",UNMATCHED,,Heard a lot,Heard a little,Not really heard anything,,,,,,,,2.8,17.7,79.5,,,,,,,,VI-2026-07-01-Opinium-Observer-Web-Tables-1704.xlsx,PC1 (10)
"2,050 UK adults",1st - 3rd July 2026,,,,2050,,current_vote,Reform,"Q:PC1. How much have you seen or heard about the following in the past week?
 Bad Bunny plays two days of sold out gigs in London",UNMATCHED,,Heard a lot,Heard a little,Not really heard anything,,,,,,,,6.2,11.4,82.4,,,,,,,,VI-2026-07-01-Opinium-Observer-Web-Tables-1704.xlsx,PC1 (10)
"2,050 UK adults",1st - 3rd July 2026,,,,2050,,current_vote,Green,"Q:PC1. How much have you seen or heard about the following in the past week?
 Bad Bunny plays two days of sold out gigs in London",UNMATCHED,,Heard a lot,Heard a little,Not really heard anything,,,,,,,,9.5,14.4,76.0,,,,,,,,VI-2026-07-01-Opinium-Observer-Web-Tables-1704.xlsx,PC1 (10)
"2,050 UK adults",1st - 3rd July 2026,,,,2050,,historic_vote,Con,"Q:PC1. How much have you seen or heard about the following in the past week?
 Bad Bunny plays two days of sold out gigs in London",UNMATCHED,,Heard a lot,Heard a little,Not really heard anything,,,,,,,,7.2,12.5,80.3,,,,,,,,VI-2026-07-01-Opinium-Observer-Web-Tables-1704.xlsx,PC1 (10)
"2,050 UK adults",1st - 3rd July 2026,,,,2050,,historic_vote,Lab,"Q:PC1. How much have you seen or heard about the following in the past week?
 Bad Bunny plays two days of sold out gigs in London",UNMATCHED,,Heard a lot,Heard a little,Not really heard anything,,,,,,,,7.3,18.2,74.5,,,,,,,,VI-2026-07-01-Opinium-Observer-Web-Tables-1704.xlsx,PC1 (10)
"2,050 UK adults",1st - 3rd July 2026,,,,2050,,historic_vote,Lib Dems,"Q:PC1. How much have you seen or heard about the following in the past week?
 Bad Bunny plays two days of sold out gigs in London",UNMATCHED,,Heard a lot,Heard a little,Not really heard anything,,,,,,,,2.4,12.2,85.4,,,,,,,,VI-2026-07-01-Opinium-Observer-Web-Tables-1704.xlsx,PC1 (10)
"2,050 UK adults",1st - 3rd July 2026,,,,2050,,historic_vote,Reform,"Q:PC1. How much have you seen or heard about the following in the past week?
 Bad Bunny plays two days of sold out gigs in London",UNMATCHED,,Heard a lot,Heard a little,Not really heard anything,,,,,,,,6.0,11.3,82.7,,,,,,,,VI-2026-07-01-Opinium-Observer-Web-Tables-1704.xlsx,PC1 (10)
"2,050 UK adults",1st - 3rd July 2026,,,,2050,,historic_vote,Green,"Q:PC1. How much have you seen or heard about the following in the past week?
 Bad Bunny plays two days of sold out gigs in London",UNMATCHED,,Heard a lot,Heard a little,Not really heard anything,,,,,,,,7.1,9.1,83.7,,,,,,,,VI-2026-07-01-Opinium-Observer-Web-Tables-1704.xlsx,PC1 (10)
"2,050 UK adults",1st - 3rd July 2026,,,,2050,,historic_vote,Con,"Q:PC1. How much have you seen or heard about the following in the past week?
 Bad Bunny plays two days of sold out gigs in London",UNMATCHED,,Heard a lot,Heard a little,Not really heard anything,,,,,,,,4.7,11.1,84.2,,,,,,,,VI-2026-07-01-Opinium-Observer-Web-Tables-1704.xlsx,PC1 (10)
"2,050 UK adults",1st - 3rd July 2026,,,,2050,,historic_vote,Lab,"Q:PC1. How much have you seen or heard about the following in the past week?
 Bad Bunny plays two days of sold out gigs in London",UNMATCHED,,Heard a lot,Heard a little,Not really heard anything,,,,,,,,7.2,20.6,72.2,,,,,,,,VI-2026-07-01-Opinium-Observer-Web-Tables-1704.xlsx,PC1 (10)
"2,050 UK adults",1st - 3rd July 2026,,,,2050,,historic_vote,Lib Dem,"Q:PC1. How much have you seen or heard about the following in the past week?
 Bad Bunny plays two days of sold out gigs in London",UNMATCHED,,Heard a lot,Heard a little,Not really heard anything,,,,,,,,4.2,13.6,82.2,,,,,,,,VI-2026-07-01-Opinium-Observer-Web-Tables-1704.xlsx,PC1 (10)
"2,050 UK adults",1st - 3rd July 2026,,,,2050,,historic_vote,Remain,"Q:PC1. How much have you seen or heard about the following in the past week?
 Bad Bunny plays two days of sold out gigs in London",UNMATCHED,,Heard a lot,Heard a little,Not really heard anything,,,,,,,,5.5,17.7,76.8,,,,,,,,VI-2026-07-01-Opinium-Observer-Web-Tables-1704.xlsx,PC1 (10)
"2,050 UK adults",1st - 3rd July 2026,,,,2050,,historic_vote,Leave,"Q:PC1. How much have you seen or heard about the following in the past week?
 Bad Bunny plays two days of sold out gigs in London",UNMATCHED,,Heard a lot,Heard a little,Not really heard anything,,,,,,,,4.0,8.9,87.0,,,,,,,,VI-2026-07-01-Opinium-Observer-Web-Tables-1704.xlsx,PC1 (10)
"2,050 UK adults",1st - 3rd July 2026,,,,2050,,gender,Male,"Q:PC1. How much have you seen or heard about the following in the past week?
 Bad Bunny plays two days of sold out gigs in London",UNMATCHED,,Heard a lot,Heard a little,Not really heard anything,,,,,,,,6.7,15.5,77.8,,,,,,,,VI-2026-07-01-Opinium-Observer-Web-Tables-1704.xlsx,PC1 (10)
"2,050 UK adults",1st - 3rd July 2026,,,,2050,,gender,Female,"Q:PC1. How much have you seen or heard about the following in the past week?
 Bad Bunny plays two days of sold out gigs in London",UNMATCHED,,Heard a lot,Heard a little,Not really heard anything,,,,,,,,5.5,14.5,80.1,,,,,,,,VI-2026-07-01-Opinium-Observer-Web-Tables-1704.xlsx,PC1 (10)
"2,050 UK adults",1st - 3rd July 2026,,,,2050,,age,18-34,"Q:PC1. How much have you seen or heard about the following in the past week?
 Bad Bunny plays two days of sold out gigs in London",UNMATCHED,,Heard a lot,Heard a little,Not really heard anything,,,,,,,,14.2,26.6,59.2,,,,,,,,VI-2026-07-01-Opinium-Observer-Web-Tables-1704.xlsx,PC1 (10)
"2,050 UK adults",1st - 3rd July 2026,,,,2050,,age,35-49,"Q:PC1. How much have you seen or heard about the following in the past week?
 Bad Bunny plays two days of sold out gigs in London",UNMATCHED,,Heard a lot,Heard a little,Not really heard anything,,,,,,,,6.3,16.5,77.1,,,,,,,,VI-2026-07-01-Opinium-Observer-Web-Tables-1704.xlsx,PC1 (10)
"2,050 UK adults",1st - 3rd July 2026,,,,2050,,age,50-64,"Q:PC1. How much have you seen or heard about the following in the past week?
 Bad Bunny plays two days of sold out gigs in London",UNMATCHED,,Heard a lot,Heard a little,Not really heard anything,,,,,,,,1.8,9.3,88.9,,,,,,,,VI-2026-07-01-Opinium-Observer-Web-Tables-1704.xlsx,PC1 (10)
"2,050 UK adults",1st - 3rd July 2026,,,,2050,,age,65+,"Q:PC1. How much have you seen or heard about the following in the past week?
 Bad Bunny plays two days of sold out gigs in London",UNMATCHED,,Heard a lot,Heard a little,Not really heard anything,,,,,,,,0.5,5.8,93.6,,,,,,,,VI-2026-07-01-Opinium-Observer-Web-Tables-1704.xlsx,PC1 (10)
"2,050 UK adults",1st - 3rd July 2026,,,,2050,,region,North,"Q:PC1. How much have you seen or heard about the following in the past week?
 Bad Bunny plays two days of sold out gigs in London",UNMATCHED,,Heard a lot,Heard a little,Not really heard anything,,,,,,,,6.3,16.3,77.4,,,,,,,,VI-2026-07-01-Opinium-Observer-Web-Tables-1704.xlsx,PC1 (10)
"2,050 UK adults",1st - 3rd July 2026,,,,2050,,region,Mids,"Q:PC1. How much have you seen or heard about the following in the past week?
 Bad Bunny plays two days of sold out gigs in London",UNMATCHED,,Heard a lot,Heard a little,Not really heard anything,,,,,,,,6.4,12.8,80.7,,,,,,,,VI-2026-07-01-Opinium-Observer-Web-Tables-1704.xlsx,PC1 (10)
"2,050 UK adults",1st - 3rd July 2026,,,,2050,,region,London,"Q:PC1. How much have you seen or heard about the following in the past week?
 Bad Bunny plays two days of sold out gigs in London",UNMATCHED,,Heard a lot,Heard a little,Not really heard anything,,,,,,,,13.1,20.6,66.3,,,,,,,,VI-2026-07-01-Opinium-Observer-Web-Tables-1704.xlsx,PC1 (10)
"2,050 UK adults",1st - 3rd July 2026,,,,2050,,region,South,"Q:PC1. How much have you seen or heard about the following in the past week?
 Bad Bunny plays two days of sold out gigs in London",UNMATCHED,,Heard a lot,Heard a little,Not really heard anything,,,,,,,,4.6,14.1,81.3,,,,,,,,VI-2026-07-01-Opinium-Observer-Web-Tables-1704.xlsx,PC1 (10)
"2,050 UK adults",1st - 3rd July 2026,,,,2050,,region,Wales,"Q:PC1. How much have you seen or heard about the following in the past week?
 Bad Bunny plays two days of sold out gigs in London",UNMATCHED,,Heard a lot,Heard a little,Not really heard anything,,,,,,,,5.4,14.9,79.7,,,,,,,,VI-2026-07-01-Opinium-Observer-Web-Tables-1704.xlsx,PC1 (10)
"2,050 UK adults",1st - 3rd July 2026,,,,2050,,region,Scotland,"Q:PC1. How much have you seen or heard about the following in the past week?
 Bad Bunny plays two days of sold out gigs in London",UNMATCHED,,Heard a lot,Heard a little,Not really heard anything,,,,,,,,1.2,10.4,88.4,,,,,,,,VI-2026-07-01-Opinium-Observer-Web-Tables-1704.xlsx,PC1 (10)
"2,050 UK adults",1st - 3rd July 2026,,,,2050,,region,Northern Ireland,"Q:PC1. How much have you seen or heard about the following in the past week?
 Bad Bunny plays two days of sold out gigs in London",UNMATCHED,,Heard a lot,Heard a little,Not really heard anything,,,,,,,,,12.3,87.7,,,,,,,,VI-2026-07-01-Opinium-Observer-Web-Tables-1704.xlsx,PC1 (10)
"2,050 UK adults",1st - 3rd July 2026,,,,2050,,total,Total,"Q:PC1. How much have you seen or heard about the following in the past week?
 Government inquiry finds education system failing white working-class children and sets out plans for reform",Best party on education,education,Heard a lot,Heard a little,Not really heard anything,,,,,,,,10.2,33.5,56.3,,,,,,,,VI-2026-07-01-Opinium-Observer-Web-Tables-1704.xlsx,PC1 (11)
"2,050 UK adults",1st - 3rd July 2026,,,,2050,,current_vote,Con,"Q:PC1. How much have you seen or heard about the following in the past week?
 Government inquiry finds education system failing white working-class children and sets out plans for reform",Best party on education,education,Heard a lot,Heard a little,Not really heard anything,,,,,,,,11.1,38.2,50.7,,,,,,,,VI-2026-07-01-Opinium-Observer-Web-Tables-1704.xlsx,PC1 (11)
"2,050 UK adults",1st - 3rd July 2026,,,,2050,,current_vote,Lab,"Q:PC1. How much have you seen or heard about the following in the past week?
 Government inquiry finds education system failing white working-class children and sets out plans for reform",Best party on education,education,Heard a lot,Heard a little,Not really heard anything,,,,,,,,13.2,40.3,46.6,,,,,,,,VI-2026-07-01-Opinium-Observer-Web-Tables-1704.xlsx,PC1 (11)
"2,050 UK adults",1st - 3rd July 2026,,,,2050,,current_vote,Lib Dem,"Q:PC1. How much have you seen or heard about the following in the past week?
 Government inquiry finds education system failing white working-class children and sets out plans for reform",Best party on education,education,Heard a lot,Heard a little,Not really heard anything,,,,,,,,14.0,40.6,45.4,,,,,,,,VI-2026-07-01-Opinium-Observer-Web-Tables-1704.xlsx,PC1 (11)
"2,050 UK adults",1st - 3rd July 2026,,,,2050,,current_vote,Reform,"Q:PC1. How much have you seen or heard about the following in the past week?
 Government inquiry finds education system failing white working-class children and sets out plans for reform",Best party on education,education,Heard a lot,Heard a little,Not really heard anything,,,,,,,,13.1,37.3,49.6,,,,,,,,VI-2026-07-01-Opinium-Observer-Web-Tables-1704.xlsx,PC1 (11)
"2,050 UK adults",1st - 3rd July 2026,,,,2050,,current_vote,Green,"Q:PC1. How much have you seen or heard about the following in the past week?
 Government inquiry finds education system failing white working-class children and sets out plans for reform",Best party on education,education,Heard a lot,Heard a little,Not really heard anything,,,,,,,,8.7,28.4,62.9,,,,,,,,VI-2026-07-01-Opinium-Observer-Web-Tables-1704.xlsx,PC1 (11)
"2,050 UK adults",1st - 3rd July 2026,,,,2050,,historic_vote,Con,"Q:PC1. How much have you seen or heard about the following in the past week?
 Government inquiry finds education system failing white working-class children and sets out plans for reform",Best party on education,education,Heard a lot,Heard a little,Not really heard anything,,,,,,,,12.2,40.4,47.4,,,,,,,,VI-2026-07-01-Opinium-Observer-Web-Tables-1704.xlsx,PC1 (11)
"2,050 UK adults",1st - 3rd July 2026,,,,2050,,historic_vote,Lab,"Q:PC1. How much have you seen or heard about the following in the past week?
 Government inquiry finds education system failing white working-class children and sets out plans for reform",Best party on education,education,Heard a lot,Heard a little,Not really heard anything,,,,,,,,11.9,34.8,53.3,,,,,,,,VI-2026-07-01-Opinium-Observer-Web-Tables-1704.xlsx,PC1 (11)
"2,050 UK adults",1st - 3rd July 2026,,,,2050,,historic_vote,Lib Dems,"Q:PC1. How much have you seen or heard about the following in the past week?
 Government inquiry finds education system failing white working-class children and sets out plans for reform",Best party on education,education,Heard a lot,Heard a little,Not really heard anything,,,,,,,,9.4,38.0,52.6,,,,,,,,VI-2026-07-01-Opinium-Observer-Web-Tables-1704.xlsx,PC1 (11)
"2,050 UK adults",1st - 3rd July 2026,,,,2050,,historic_vote,Reform,"Q:PC1. How much have you seen or heard about the following in the past week?
 Government inquiry finds education system failing white working-class children and sets out plans for reform",Best party on education,education,Heard a lot,Heard a little,Not really heard anything,,,,,,,,12.5,37.5,49.9,,,,,,,,VI-2026-07-01-Opinium-Observer-Web-Tables-1704.xlsx,PC1 (11)
"2,050 UK adults",1st - 3rd July 2026,,,,2050,,historic_vote,Green,"Q:PC1. How much have you seen or heard about the following in the past week?
 Government inquiry finds education system failing white working-class children and sets out plans for reform",Best party on education,education,Heard a lot,Heard a little,Not really heard anything,,,,,,,,2.9,38.9,58.2,,,,,,,,VI-2026-07-01-Opinium-Observer-Web-Tables-1704.xlsx,PC1 (11)
"2,050 UK adults",1st - 3rd July 2026,,,,2050,,historic_vote,Con,"Q:PC1. How much have you seen or heard about the following in the past week?
 Government inquiry finds education system failing white working-class children and sets out plans for reform",Best party on education,education,Heard a lot,Heard a little,Not really heard anything,,,,,,,,11.7,40.2,48.2,,,,,,,,VI-2026-07-01-Opinium-Observer-Web-Tables-1704.xlsx,PC1 (11)
"2,050 UK adults",1st - 3rd July 2026,,,,2050,,historic_vote,Lab,"Q:PC1. How much have you seen or heard about the following in the past week?
 Government inquiry finds education system failing white working-class children and sets out plans for reform",Best party on education,education,Heard a lot,Heard a little,Not really heard anything,,,,,,,,11.2,38.0,50.8,,,,,,,,VI-2026-07-01-Opinium-Observer-Web-Tables-1704.xlsx,PC1 (11)
"2,050 UK adults",1st - 3rd July 2026,,,,2050,,historic_vote,Lib Dem,"Q:PC1. How much have you seen or heard about the following in the past week?
 Government inquiry finds education system failing white working-class children and sets out plans for reform",Best party on education,education,Heard a lot,Heard a little,Not really heard anything,,,,,,,,8.7,36.4,54.9,,,,,,,,VI-2026-07-01-Opinium-Observer-Web-Tables-1704.xlsx,PC1 (11)
"2,050 UK adults",1st - 3rd July 2026,,,,2050,,historic_vote,Remain,"Q:PC1. How much have you seen or heard about the following in the past week?
 Government inquiry finds education system failing white working-class children and sets out plans for reform",Best party on education,education,Heard a lot,Heard a little,Not really heard anything,,,,,,,,10.9,37.5,51.6,,,,,,,,VI-2026-07-01-Opinium-Observer-Web-Tables-1704.xlsx,PC1 (11)
"2,050 UK adults",1st - 3rd July 2026,,,,2050,,historic_vote,Leave,"Q:PC1. How much have you seen or heard about the following in the past week?
 Government inquiry finds education system failing white working-class children and sets out plans for reform",Best party on education,education,Heard a lot,Heard a little,Not really heard anything,,,,,,,,9.0,36.9,54.1,,,,,,,,VI-2026-07-01-Opinium-Observer-Web-Tables-1704.xlsx,PC1 (11)
"2,050 UK adults",1st - 3rd July 2026,,,,2050,,gender,Male,"Q:PC1. How much have you seen or heard about the following in the past week?
 Government inquiry finds education system failing white working-class children and sets out plans for reform",Best party on education,education,Heard a lot,Heard a little,Not really heard anything,,,,,,,,11.6,34.8,53.5,,,,,,,,VI-2026-07-01-Opinium-Observer-Web-Tables-1704.xlsx,PC1 (11)
"2,050 UK adults",1st - 3rd July 2026,,,,2050,,gender,Female,"Q:PC1. How much have you seen or heard about the following in the past week?
 Government inquiry finds education system failing white working-class children and sets out plans for reform",Best party on education,education,Heard a lot,Heard a little,Not really heard anything,,,,,,,,8.9,32.2,58.9,,,,,,,,VI-2026-07-01-Opinium-Observer-Web-Tables-1704.xlsx,PC1 (11)
"2,050 UK adults",1st - 3rd July 2026,,,,2050,,age,18-34,"Q:PC1. How much have you seen or heard about the following in the past week?
 Government inquiry finds education system failing white working-class children and sets out plans for reform",Best party on education,education,Heard a lot,Heard a little,Not really heard anything,,,,,,,,16.9,30.5,52.5,,,,,,,,VI-2026-07-01-Opinium-Observer-Web-Tables-1704.xlsx,PC1 (11)
"2,050 UK adults",1st - 3rd July 2026,,,,2050,,age,35-49,"Q:PC1. How much have you seen or heard about the following in the past week?
 Government inquiry finds education system failing white working-class children and sets out plans for reform",Best party on education,education,Heard a lot,Heard a little,Not really heard anything,,,,,,,,10.7,30.0,59.3,,,,,,,,VI-2026-07-01-Opinium-Observer-Web-Tables-1704.xlsx,PC1 (11)
"2,050 UK adults",1st - 3rd July 2026,,,,2050,,age,50-64,"Q:PC1. How much have you seen or heard about the following in the past week?
 Government inquiry finds education system failing white working-class children and sets out plans for reform",Best party on education,education,Heard a lot,Heard a little,Not really heard anything,,,,,,,,4.7,33.9,61.4,,,,,,,,VI-2026-07-01-Opinium-Observer-Web-Tables-1704.xlsx,PC1 (11)
"2,050 UK adults",1st - 3rd July 2026,,,,2050,,age,65+,"Q:PC1. How much have you seen or heard about the following in the past week?
 Government inquiry finds education system failing white working-class children and sets out plans for reform",Best party on education,education,Heard a lot,Heard a little,Not really heard anything,,,,,,,,7.7,39.9,52.4,,,,,,,,VI-2026-07-01-Opinium-Observer-Web-Tables-1704.xlsx,PC1 (11)
"2,050 UK adults",1st - 3rd July 2026,,,,2050,,region,North,"Q:PC1. How much have you seen or heard about the following in the past week?
 Government inquiry finds education system failing white working-class children and sets out plans for reform",Best party on education,education,Heard a lot,Heard a little,Not really heard anything,,,,,,,,8.0,34.5,57.4,,,,,,,,VI-2026-07-01-Opinium-Observer-Web-Tables-1704.xlsx,PC1 (11)
"2,050 UK adults",1st - 3rd July 2026,,,,2050,,region,Mids,"Q:PC1. How much have you seen or heard about the following in the past week?
 Government inquiry finds education system failing white working-class children and sets out plans for reform",Best party on education,education,Heard a lot,Heard a little,Not really heard anything,,,,,,,,9.5,36.5,54.0,,,,,,,,VI-2026-07-01-Opinium-Observer-Web-Tables-1704.xlsx,PC1 (11)
"2,050 UK adults",1st - 3rd July 2026,,,,2050,,region,London,"Q:PC1. How much have you seen or heard about the following in the past week?
 Government inquiry finds education system failing white working-class children and sets out plans for reform",Best party on education,education,Heard a lot,Heard a little,Not really heard anything,,,,,,,,13.8,36.6,49.7,,,,,,,,VI-2026-07-01-Opinium-Observer-Web-Tables-1704.xlsx,PC1 (11)
"2,050 UK adults",1st - 3rd July 2026,,,,2050,,region,South,"Q:PC1. How much have you seen or heard about the following in the past week?
 Government inquiry finds education system failing white working-class children and sets out plans for reform",Best party on education,education,Heard a lot,Heard a little,Not really heard anything,,,,,,,,10.8,34.7,54.6,,,,,,,,VI-2026-07-01-Opinium-Observer-Web-Tables-1704.xlsx,PC1 (11)
"2,050 UK adults",1st - 3rd July 2026,,,,2050,,region,Wales,"Q:PC1. How much have you seen or heard about the following in the past week?
 Government inquiry finds education system failing white working-class children and sets out plans for reform",Best party on education,education,Heard a lot,Heard a little,Not really heard anything,,,,,,,,10.6,27.7,61.7,,,,,,,,VI-2026-07-01-Opinium-Observer-Web-Tables-1704.xlsx,PC1 (11)
"2,050 UK adults",1st - 3rd July 2026,,,,2050,,region,Scotland,"Q:PC1. How much have you seen or heard about the following in the past week?
 Government inquiry finds education system failing white working-class children and sets out plans for reform",Best party on education,education,Heard a lot,Heard a little,Not really heard anything,,,,,,,,9.4,24.3,66.3,,,,,,,,VI-2026-07-01-Opinium-Observer-Web-Tables-1704.xlsx,PC1 (11)
"2,050 UK adults",1st - 3rd July 2026,,,,2050,,region,Northern Ireland,"Q:PC1. How much have you seen or heard about the following in the past week?
 Government inquiry finds education system failing white working-class children and sets out plans for reform",Best party on education,education,Heard a lot,Heard a little,Not really heard anything,,,,,,,,11.2,16.3,72.4,,,,,,,,VI-2026-07-01-Opinium-Observer-Web-Tables-1704.xlsx,PC1 (11)
"2,050 UK adults",1st - 3rd July 2026,,,,2050,,total,Total,"Q:PC1. How much have you seen or heard about the following in the past week?
 Home Office plan to use more military bases to house asylum seekers",Best party on housing,hous,Heard a lot,Heard a little,Not really heard anything,,,,,,,,15.1,45.0,39.8,,,,,,,,VI-2026-07-01-Opinium-Observer-Web-Tables-1704.xlsx,PC1 (12)
"2,050 UK adults",1st - 3rd July 2026,,,,2050,,current_vote,Con,"Q:PC1. How much have you seen or heard about the following in the past week?
 Home Office plan to use more military bases to house asylum seekers",Best party on housing,hous,Heard a lot,Heard a little,Not really heard anything,,,,,,,,20.5,47.6,31.9,,,,,,,,VI-2026-07-01-Opinium-Observer-Web-Tables-1704.xlsx,PC1 (12)
"2,050 UK adults",1st - 3rd July 2026,,,,2050,,current_vote,Lab,"Q:PC1. How much have you seen or heard about the following in the past week?
 Home Office plan to use more military bases to house asylum seekers",Best party on housing,hous,Heard a lot,Heard a little,Not really heard anything,,,,,,,,16.9,46.8,36.3,,,,,,,,VI-2026-07-01-Opinium-Observer-Web-Tables-1704.xlsx,PC1 (12)
"2,050 UK adults",1st - 3rd July 2026,,,,2050,,current_vote,Lib Dem,"Q:PC1. How much have you seen or heard about the following in the past week?
 Home Office plan to use more military bases to house asylum seekers",Best party on housing,hous,Heard a lot,Heard a little,Not really heard anything,,,,,,,,12.0,53.0,34.9,,,,,,,,VI-2026-07-01-Opinium-Observer-Web-Tables-1704.xlsx,PC1 (12)
"2,050 UK adults",1st - 3rd July 2026,,,,2050,,current_vote,Reform,"Q:PC1. How much have you seen or heard about the following in the past week?
 Home Office plan to use more military bases to house asylum seekers",Best party on housing,hous,Heard a lot,Heard a little,Not really heard anything,,,,,,,,22.8,49.2,28.0,,,,,,,,VI-2026-07-01-Opinium-Observer-Web-Tables-1704.xlsx,PC1 (12)
"2,050 UK adults",1st - 3rd July 2026,,,,2050,,current_vote,Green,"Q:PC1. How much have you seen or heard about the following in the past week?
 Home Office plan to use more military bases to house asylum seekers",Best party on housing,hous,Heard a lot,Heard a little,Not really heard anything,,,,,,,,9.9,39.8,50.3,,,,,,,,VI-2026-07-01-Opinium-Observer-Web-Tables-1704.xlsx,PC1 (12)
"2,050 UK adults",1st - 3rd July 2026,,,,2050,,historic_vote,Con,"Q:PC1. How much have you seen or heard about the following in the past week?
 Home Office plan to use more military bases to house asylum seekers",Best party on housing,hous,Heard a lot,Heard a little,Not really heard anything,,,,,,,,21.9,50.3,27.9,,,,,,,,VI-2026-07-01-Opinium-Observer-Web-Tables-1704.xlsx,PC1 (12)
"2,050 UK adults",1st - 3rd July 2026,,,,2050,,historic_vote,Lab,"Q:PC1. How much have you seen or heard about the following in the past week?
 Home Office plan to use more military bases to house asylum seekers",Best party on housing,hous,Heard a lot,Heard a little,Not really heard anything,,,,,,,,13.9,51.8,34.3,,,,,,,,VI-2026-07-01-Opinium-Observer-Web-Tables-1704.xlsx,PC1 (12)
"2,050 UK adults",1st - 3rd July 2026,,,,2050,,historic_vote,Lib Dems,"Q:PC1. How much have you seen or heard about the following in the past week?
 Home Office plan to use more military bases to house asylum seekers",Best party on housing,hous,Heard a lot,Heard a little,Not really heard anything,,,,,,,,12.2,49.6,38.3,,,,,,,,VI-2026-07-01-Opinium-Observer-Web-Tables-1704.xlsx,PC1 (12)
"2,050 UK adults",1st - 3rd July 2026,,,,2050,,historic_vote,Reform,"Q:PC1. How much have you seen or heard about the following in the past week?
 Home Office plan to use more military bases to house asylum seekers",Best party on housing,hous,Heard a lot,Heard a little,Not really heard anything,,,,,,,,22.0,50.4,27.6,,,,,,,,VI-2026-07-01-Opinium-Observer-Web-Tables-1704.xlsx,PC1 (12)
"2,050 UK adults",1st - 3rd July 2026,,,,2050,,historic_vote,Green,"Q:PC1. How much have you seen or heard about the following in the past week?
 Home Office plan to use more military bases to house asylum seekers",Best party on housing,hous,Heard a lot,Heard a little,Not really heard anything,,,,,,,,7.8,35.0,57.2,,,,,,,,VI-2026-07-01-Opinium-Observer-Web-Tables-1704.xlsx,PC1 (12)
"2,050 UK adults",1st - 3rd July 2026,,,,2050,,historic_vote,Con,"Q:PC1. How much have you seen or heard about the following in the past week?
 Home Office plan to use more military bases to house asylum seekers",Best party on housing,hous,Heard a lot,Heard a little,Not really heard anything,,,,,,,,20.9,53.7,25.4,,,,,,,,VI-2026-07-01-Opinium-Observer-Web-Tables-1704.xlsx,PC1 (12)
"2,050 UK adults",1st - 3rd July 2026,,,,2050,,historic_vote,Lab,"Q:PC1. How much have you seen or heard about the following in the past week?
 Home Office plan to use more military bases to house asylum seekers",Best party on housing,hous,Heard a lot,Heard a little,Not really heard anything,,,,,,,,13.1,52.8,34.1,,,,,,,,VI-2026-07-01-Opinium-Observer-Web-Tables-1704.xlsx,PC1 (12)
"2,050 UK adults",1st - 3rd July 2026,,,,2050,,historic_vote,Lib Dem,"Q:PC1. How much have you seen or heard about the following in the past week?
 Home Office plan to use more military bases to house asylum seekers",Best party on housing,hous,Heard a lot,Heard a little,Not really heard anything,,,,,,,,14.3,42.8,42.9,,,,,,,,VI-2026-07-01-Opinium-Observer-Web-Tables-1704.xlsx,PC1 (12)
"2,050 UK adults",1st - 3rd July 2026,,,,2050,,historic_vote,Remain,"Q:PC1. How much have you seen or heard about the following in the past week?
 Home Office plan to use more military bases to house asylum seekers",Best party on housing,hous,Heard a lot,Heard a little,Not really heard anything,,,,,,,,12.3,49.0,38.7,,,,,,,,VI-2026-07-01-Opinium-Observer-Web-Tables-1704.xlsx,PC1 (12)
"2,050 UK adults",1st - 3rd July 2026,,,,2050,,historic_vote,Leave,"Q:PC1. How much have you seen or heard about the following in the past week?
 Home Office plan to use more military bases to house asylum seekers",Best party on housing,hous,Heard a lot,Heard a little,Not really heard anything,,,,,,,,20.2,50.5,29.3,,,,,,,,VI-2026-07-01-Opinium-Observer-Web-Tables-1704.xlsx,PC1 (12)
"2,050 UK adults",1st - 3rd July 2026,,,,2050,,gender,Male,"Q:PC1. How much have you seen or heard about the following in the past week?
 Home Office plan to use more military bases to house asylum seekers",Best party on housing,hous,Heard a lot,Heard a little,Not really heard anything,,,,,,,,16.5,48.3,35.2,,,,,,,,VI-2026-07-01-Opinium-Observer-Web-Tables-1704.xlsx,PC1 (12)
"2,050 UK adults",1st - 3rd July 2026,,,,2050,,gender,Female,"Q:PC1. How much have you seen or heard about the following in the past week?
 Home Office plan to use more military bases to house asylum seekers",Best party on housing,hous,Heard a lot,Heard a little,Not really heard anything,,,,,,,,13.8,42.2,44.0,,,,,,,,VI-2026-07-01-Opinium-Observer-Web-Tables-1704.xlsx,PC1 (12)
"2,050 UK adults",1st - 3rd July 2026,,,,2050,,age,18-34,"Q:PC1. How much have you seen or heard about the following in the past week?
 Home Office plan to use more military bases to house asylum seekers",Best party on housing,hous,Heard a lot,Heard a little,Not really heard anything,,,,,,,,16.6,35.9,47.5,,,,,,,,VI-2026-07-01-Opinium-Observer-Web-Tables-1704.xlsx,PC1 (12)
"2,050 UK adults",1st - 3rd July 2026,,,,2050,,age,35-49,"Q:PC1. How much have you seen or heard about the following in the past week?
 Home Office plan to use more military bases to house asylum seekers",Best party on housing,hous,Heard a lot,Heard a little,Not really heard anything,,,,,,,,14.3,41.5,44.2,,,,,,,,VI-2026-07-01-Opinium-Observer-Web-Tables-1704.xlsx,PC1 (12)
"2,050 UK adults",1st - 3rd July 2026,,,,2050,,age,50-64,"Q:PC1. How much have you seen or heard about the following in the past week?
 Home Office plan to use more military bases to house asylum seekers",Best party on housing,hous,Heard a lot,Heard a little,Not really heard anything,,,,,,,,10.2,49.4,40.4,,,,,,,,VI-2026-07-01-Opinium-Observer-Web-Tables-1704.xlsx,PC1 (12)
"2,050 UK adults",1st - 3rd July 2026,,,,2050,,age,65+,"Q:PC1. How much have you seen or heard about the following in the past week?
 Home Office plan to use more military bases to house asylum seekers",Best party on housing,hous,Heard a lot,Heard a little,Not really heard anything,,,,,,,,19.3,54.7,25.9,,,,,,,,VI-2026-07-01-Opinium-Observer-Web-Tables-1704.xlsx,PC1 (12)
"2,050 UK adults",1st - 3rd July 2026,,,,2050,,region,North,"Q:PC1. How much have you seen or heard about the following in the past week?
 Home Office plan to use more military bases to house asylum seekers",Best party on housing,hous,Heard a lot,Heard a little,Not really heard anything,,,,,,,,14.3,45.4,40.3,,,,,,,,VI-2026-07-01-Opinium-Observer-Web-Tables-1704.xlsx,PC1 (12)
"2,050 UK adults",1st - 3rd July 2026,,,,2050,,region,Mids,"Q:PC1. How much have you seen or heard about the following in the past week?
 Home Office plan to use more military bases to house asylum seekers",Best party on housing,hous,Heard a lot,Heard a little,Not really heard anything,,,,,,,,12.8,49.8,37.3,,,,,,,,VI-2026-07-01-Opinium-Observer-Web-Tables-1704.xlsx,PC1 (12)
"2,050 UK adults",1st - 3rd July 2026,,,,2050,,region,London,"Q:PC1. How much have you seen or heard about the following in the past week?
 Home Office plan to use more military bases to house asylum seekers",Best party on housing,hous,Heard a lot,Heard a little,Not really heard anything,,,,,,,,18.9,42.2,38.8,,,,,,,,VI-2026-07-01-Opinium-Observer-Web-Tables-1704.xlsx,PC1 (12)
"2,050 UK adults",1st - 3rd July 2026,,,,2050,,region,South,"Q:PC1. How much have you seen or heard about the following in the past week?
 Home Office plan to use more military bases to house asylum seekers",Best party on housing,hous,Heard a lot,Heard a little,Not really heard anything,,,,,,,,16.7,45.6,37.8,,,,,,,,VI-2026-07-01-Opinium-Observer-Web-Tables-1704.xlsx,PC1 (12)
"2,050 UK adults",1st - 3rd July 2026,,,,2050,,region,Wales,"Q:PC1. How much have you seen or heard about the following in the past week?
 Home Office plan to use more military bases to house asylum seekers",Best party on housing,hous,Heard a lot,Heard a little,Not really heard anything,,,,,,,,8.6,44.2,47.2,,,,,,,,VI-2026-07-01-Opinium-Observer-Web-Tables-1704.xlsx,PC1 (12)
"2,050 UK adults",1st - 3rd July 2026,,,,2050,,region,Scotland,"Q:PC1. How much have you seen or heard about the following in the past week?
 Home Office plan to use more military bases to house asylum seekers",Best party on housing,hous,Heard a lot,Heard a little,Not really heard anything,,,,,,,,12.3,43.8,43.9,,,,,,,,VI-2026-07-01-Opinium-Observer-Web-Tables-1704.xlsx,PC1 (12)
"2,050 UK adults",1st - 3rd July 2026,,,,2050,,region,Northern Ireland,"Q:PC1. How much have you seen or heard about the following in the past week?
 Home Office plan to use more military bases to house asylum seekers",Best party on housing,hous,Heard a lot,Heard a little,Not really heard anything,,,,,,,,19.2,25.6,55.2,,,,,,,,VI-2026-07-01-Opinium-Observer-Web-Tables-1704.xlsx,PC1 (12)
"2,050 UK adults",1st - 3rd July 2026,,,,2050,,total,Total,"Q:PC1. How much have you seen or heard about the following in the past week?
 Speculation on who Andy Burhnam would appoint as Chancellor of the Exchequer",UNMATCHED,,Heard a lot,Heard a little,Not really heard anything,,,,,,,,11.9,36.5,51.6,,,,,,,,VI-2026-07-01-Opinium-Observer-Web-Tables-1704.xlsx,PC1 (13)
"2,050 UK adults",1st - 3rd July 2026,,,,2050,,current_vote,Con,"Q:PC1. How much have you seen or heard about the following in the past week?
 Speculation on who Andy Burhnam would appoint as Chancellor of the Exchequer",UNMATCHED,,Heard a lot,Heard a little,Not really heard anything,,,,,,,,17.4,42.2,40.5,,,,,,,,VI-2026-07-01-Opinium-Observer-Web-Tables-1704.xlsx,PC1 (13)
"2,050 UK adults",1st - 3rd July 2026,,,,2050,,current_vote,Lab,"Q:PC1. How much have you seen or heard about the following in the past week?
 Speculation on who Andy Burhnam would appoint as Chancellor of the Exchequer",UNMATCHED,,Heard a lot,Heard a little,Not really heard anything,,,,,,,,20.0,41.9,38.1,,,,,,,,VI-2026-07-01-Opinium-Observer-Web-Tables-1704.xlsx,PC1 (13)
"2,050 UK adults",1st - 3rd July 2026,,,,2050,,current_vote,Lib Dem,"Q:PC1. How much have you seen or heard about the following in the past week?
 Speculation on who Andy Burhnam would appoint as Chancellor of the Exchequer",UNMATCHED,,Heard a lot,Heard a little,Not really heard anything,,,,,,,,7.7,47.2,45.2,,,,,,,,VI-2026-07-01-Opinium-Observer-Web-Tables-1704.xlsx,PC1 (13)
"2,050 UK adults",1st - 3rd July 2026,,,,2050,,current_vote,Reform,"Q:PC1. How much have you seen or heard about the following in the past week?
 Speculation on who Andy Burhnam would appoint as Chancellor of the Exchequer",UNMATCHED,,Heard a lot,Heard a little,Not really heard anything,,,,,,,,12.7,36.4,51.0,,,,,,,,VI-2026-07-01-Opinium-Observer-Web-Tables-1704.xlsx,PC1 (13)
"2,050 UK adults",1st - 3rd July 2026,,,,2050,,current_vote,Green,"Q:PC1. How much have you seen or heard about the following in the past week?
 Speculation on who Andy Burhnam would appoint as Chancellor of the Exchequer",UNMATCHED,,Heard a lot,Heard a little,Not really heard anything,,,,,,,,10.2,39.5,50.3,,,,,,,,VI-2026-07-01-Opinium-Observer-Web-Tables-1704.xlsx,PC1 (13)
"2,050 UK adults",1st - 3rd July 2026,,,,2050,,historic_vote,Con,"Q:PC1. How much have you seen or heard about the following in the past week?
 Speculation on who Andy Burhnam would appoint as Chancellor of the Exchequer",UNMATCHED,,Heard a lot,Heard a little,Not really heard anything,,,,,,,,20.6,35.9,43.5,,,,,,,,VI-2026-07-01-Opinium-Observer-Web-Tables-1704.xlsx,PC1 (13)
"2,050 UK adults",1st - 3rd July 2026,,,,2050,,historic_vote,Lab,"Q:PC1. How much have you seen or heard about the following in the past week?
 Speculation on who Andy Burhnam would appoint as Chancellor of the Exchequer",UNMATCHED,,Heard a lot,Heard a little,Not really heard anything,,,,,,,,14.4,41.8,43.8,,,,,,,,VI-2026-07-01-Opinium-Observer-Web-Tables-1704.xlsx,PC1 (13)
"2,050 UK adults",1st - 3rd July 2026,,,,2050,,historic_vote,Lib Dems,"Q:PC1. How much have you seen or heard about the following in the past week?
 Speculation on who Andy Burhnam would appoint as Chancellor of the Exchequer",UNMATCHED,,Heard a lot,Heard a little,Not really heard anything,,,,,,,,8.4,41.7,49.9,,,,,,,,VI-2026-07-01-Opinium-Observer-Web-Tables-1704.xlsx,PC1 (13)
"2,050 UK adults",1st - 3rd July 2026,,,,2050,,historic_vote,Reform,"Q:PC1. How much have you seen or heard about the following in the past week?
 Speculation on who Andy Burhnam would appoint as Chancellor of the Exchequer",UNMATCHED,,Heard a lot,Heard a little,Not really heard anything,,,,,,,,13.6,31.5,54.9,,,,,,,,VI-2026-07-01-Opinium-Observer-Web-Tables-1704.xlsx,PC1 (13)
"2,050 UK adults",1st - 3rd July 2026,,,,2050,,historic_vote,Green,"Q:PC1. How much have you seen or heard about the following in the past week?
 Speculation on who Andy Burhnam would appoint as Chancellor of the Exchequer",UNMATCHED,,Heard a lot,Heard a little,Not really heard anything,,,,,,,,9.8,40.2,50.0,,,,,,,,VI-2026-07-01-Opinium-Observer-Web-Tables-1704.xlsx,PC1 (13)
"2,050 UK adults",1st - 3rd July 2026,,,,2050,,historic_vote,Con,"Q:PC1. How much have you seen or heard about the following in the past week?
 Speculation on who Andy Burhnam would appoint as Chancellor of the Exchequer",UNMATCHED,,Heard a lot,Heard a little,Not really heard anything,,,,,,,,15.4,40.5,44.1,,,,,,,,VI-2026-07-01-Opinium-Observer-Web-Tables-1704.xlsx,PC1 (13)
"2,050 UK adults",1st - 3rd July 2026,,,,2050,,historic_vote,Lab,"Q:PC1. How much have you seen or heard about the following in the past week?
 Speculation on who Andy Burhnam would appoint as Chancellor of the Exchequer",UNMATCHED,,Heard a lot,Heard a little,Not really heard anything,,,,,,,,17.0,42.9,40.2,,,,,,,,VI-2026-07-01-Opinium-Observer-Web-Tables-1704.xlsx,PC1 (13)
"2,050 UK adults",1st - 3rd July 2026,,,,2050,,historic_vote,Lib Dem,"Q:PC1. How much have you seen or heard about the following in the past week?
 Speculation on who Andy Burhnam would appoint as Chancellor of the Exchequer",UNMATCHED,,Heard a lot,Heard a little,Not really heard anything,,,,,,,,11.5,39.6,48.9,,,,,,,,VI-2026-07-01-Opinium-Observer-Web-Tables-1704.xlsx,PC1 (13)
"2,050 UK adults",1st - 3rd July 2026,,,,2050,,historic_vote,Remain,"Q:PC1. How much have you seen or heard about the following in the past week?
 Speculation on who Andy Burhnam would appoint as Chancellor of the Exchequer",UNMATCHED,,Heard a lot,Heard a little,Not really heard anything,,,,,,,,13.1,43.7,43.2,,,,,,,,VI-2026-07-01-Opinium-Observer-Web-Tables-1704.xlsx,PC1 (13)
"2,050 UK adults",1st - 3rd July 2026,,,,2050,,historic_vote,Leave,"Q:PC1. How much have you seen or heard about the following in the past week?
 Speculation on who Andy Burhnam would appoint as Chancellor of the Exchequer",UNMATCHED,,Heard a lot,Heard a little,Not really heard anything,,,,,,,,13.5,35.2,51.3,,,,,,,,VI-2026-07-01-Opinium-Observer-Web-Tables-1704.xlsx,PC1 (13)
"2,050 UK adults",1st - 3rd July 2026,,,,2050,,gender,Male,"Q:PC1. How much have you seen or heard about the following in the past week?
 Speculation on who Andy Burhnam would appoint as Chancellor of the Exchequer",UNMATCHED,,Heard a lot,Heard a little,Not really heard anything,,,,,,,,13.7,38.8,47.5,,,,,,,,VI-2026-07-01-Opinium-Observer-Web-Tables-1704.xlsx,PC1 (13)
"2,050 UK adults",1st - 3rd July 2026,,,,2050,,gender,Female,"Q:PC1. How much have you seen or heard about the following in the past week?
 Speculation on who Andy Burhnam would appoint as Chancellor of the Exchequer",UNMATCHED,,Heard a lot,Heard a little,Not really heard anything,,,,,,,,10.3,34.3,55.5,,,,,,,,VI-2026-07-01-Opinium-Observer-Web-Tables-1704.xlsx,PC1 (13)
"2,050 UK adults",1st - 3rd July 2026,,,,2050,,age,18-34,"Q:PC1. How much have you seen or heard about the following in the past week?
 Speculation on who Andy Burhnam would appoint as Chancellor of the Exchequer",UNMATCHED,,Heard a lot,Heard a little,Not really heard anything,,,,,,,,14.3,34.0,51.8,,,,,,,,VI-2026-07-01-Opinium-Observer-Web-Tables-1704.xlsx,PC1 (13)
"2,050 UK adults",1st - 3rd July 2026,,,,2050,,age,35-49,"Q:PC1. How much have you seen or heard about the following in the past week?
 Speculation on who Andy Burhnam would appoint as Chancellor of the Exchequer",UNMATCHED,,Heard a lot,Heard a little,Not really heard anything,,,,,,,,11.6,38.9,49.5,,,,,,,,VI-2026-07-01-Opinium-Observer-Web-Tables-1704.xlsx,PC1 (13)
"2,050 UK adults",1st - 3rd July 2026,,,,2050,,age,50-64,"Q:PC1. How much have you seen or heard about the following in the past week?
 Speculation on who Andy Burhnam would appoint as Chancellor of the Exchequer",UNMATCHED,,Heard a lot,Heard a little,Not really heard anything,,,,,,,,9.2,36.3,54.5,,,,,,,,VI-2026-07-01-Opinium-Observer-Web-Tables-1704.xlsx,PC1 (13)
"2,050 UK adults",1st - 3rd July 2026,,,,2050,,age,65+,"Q:PC1. How much have you seen or heard about the following in the past week?
 Speculation on who Andy Burhnam would appoint as Chancellor of the Exchequer",UNMATCHED,,Heard a lot,Heard a little,Not really heard anything,,,,,,,,12.3,37.0,50.7,,,,,,,,VI-2026-07-01-Opinium-Observer-Web-Tables-1704.xlsx,PC1 (13)
"2,050 UK adults",1st - 3rd July 2026,,,,2050,,region,North,"Q:PC1. How much have you seen or heard about the following in the past week?
 Speculation on who Andy Burhnam would appoint as Chancellor of the Exchequer",UNMATCHED,,Heard a lot,Heard a little,Not really heard anything,,,,,,,,12.8,38.2,49.0,,,,,,,,VI-2026-07-01-Opinium-Observer-Web-Tables-1704.xlsx,PC1 (13)
"2,050 UK adults",1st - 3rd July 2026,,,,2050,,region,Mids,"Q:PC1. How much have you seen or heard about the following in the past week?
 Speculation on who Andy Burhnam would appoint as Chancellor of the Exchequer",UNMATCHED,,Heard a lot,Heard a little,Not really heard anything,,,,,,,,10.2,35.9,53.9,,,,,,,,VI-2026-07-01-Opinium-Observer-Web-Tables-1704.xlsx,PC1 (13)
"2,050 UK adults",1st - 3rd July 2026,,,,2050,,region,London,"Q:PC1. How much have you seen or heard about the following in the past week?
 Speculation on who Andy Burhnam would appoint as Chancellor of the Exchequer",UNMATCHED,,Heard a lot,Heard a little,Not really heard anything,,,,,,,,15.6,39.8,44.6,,,,,,,,VI-2026-07-01-Opinium-Observer-Web-Tables-1704.xlsx,PC1 (13)
"2,050 UK adults",1st - 3rd July 2026,,,,2050,,region,South,"Q:PC1. How much have you seen or heard about the following in the past week?
 Speculation on who Andy Burhnam would appoint as Chancellor of the Exchequer",UNMATCHED,,Heard a lot,Heard a little,Not really heard anything,,,,,,,,12.7,35.8,51.4,,,,,,,,VI-2026-07-01-Opinium-Observer-Web-Tables-1704.xlsx,PC1 (13)
"2,050 UK adults",1st - 3rd July 2026,,,,2050,,region,Wales,"Q:PC1. How much have you seen or heard about the following in the past week?
 Speculation on who Andy Burhnam would appoint as Chancellor of the Exchequer",UNMATCHED,,Heard a lot,Heard a little,Not really heard anything,,,,,,,,12.1,30.6,57.4,,,,,,,,VI-2026-07-01-Opinium-Observer-Web-Tables-1704.xlsx,PC1 (13)
"2,050 UK adults",1st - 3rd July 2026,,,,2050,,region,Scotland,"Q:PC1. How much have you seen or heard about the following in the past week?
 Speculation on who Andy Burhnam would appoint as Chancellor of the Exchequer",UNMATCHED,,Heard a lot,Heard a little,Not really heard anything,,,,,,,,5.7,38.6,55.7,,,,,,,,VI-2026-07-01-Opinium-Observer-Web-Tables-1704.xlsx,PC1 (13)
"2,050 UK adults",1st - 3rd July 2026,,,,2050,,region,Northern Ireland,"Q:PC1. How much have you seen or heard about the following in the past week?
 Speculation on who Andy Burhnam would appoint as Chancellor of the Exchequer",UNMATCHED,,Heard a lot,Heard a little,Not really heard anything,,,,,,,,5.7,19.6,74.8,,,,,,,,VI-2026-07-01-Opinium-Observer-Web-Tables-1704.xlsx,PC1 (13)
