Headline sample,Fieldwork dates,Fieldwork end date,Full fieldwork dates,Parliament,Sample size,Pollster,Subsample dimension,Subsample,Question detail,canonical_question,match_pattern,#1,#2,#3,#4,#5,#6,#7,#8,#9,#10,#1,#2,#3,#4,#5,#6,#7,#8,#9,#10,source_file,sheet
"2,050 UK adults",15th - 17th July 2026,,,,1815,,total,Total,"Q:V003. If there were a general election tomorrow, for which party would you vote?",Voting intention (Westminster),general election tomorrow,Conservative,Labour,Liberal Democrat,Green,Reform UK,Some other party / an independent candidate,,,,,16.6,18.6,9.5,12.1,18.8,4.4,,,,,VI-2026-07-15-Opinium-Observer-Web-Tables-1227.xlsx,V003
"2,050 UK adults",15th - 17th July 2026,,,,1815,,current_vote,Con,"Q:V003. If there were a general election tomorrow, for which party would you vote?",Voting intention (Westminster),general election tomorrow,Conservative,Labour,Liberal Democrat,Green,Reform UK,Some other party / an independent candidate,,,,,,,,,,,,,,,VI-2026-07-15-Opinium-Observer-Web-Tables-1227.xlsx,V003
"2,050 UK adults",15th - 17th July 2026,,,,1815,,current_vote,Lab,"Q:V003. If there were a general election tomorrow, for which party would you vote?",Voting intention (Westminster),general election tomorrow,Conservative,Labour,Liberal Democrat,Green,Reform UK,Some other party / an independent candidate,,,,,,,,,,,,,,,VI-2026-07-15-Opinium-Observer-Web-Tables-1227.xlsx,V003
"2,050 UK adults",15th - 17th July 2026,,,,1815,,current_vote,Lib Dem,"Q:V003. If there were a general election tomorrow, for which party would you vote?",Voting intention (Westminster),general election tomorrow,Conservative,Labour,Liberal Democrat,Green,Reform UK,Some other party / an independent candidate,,,,,,,,,,,,,,,VI-2026-07-15-Opinium-Observer-Web-Tables-1227.xlsx,V003
"2,050 UK adults",15th - 17th July 2026,,,,1815,,current_vote,Reform,"Q:V003. If there were a general election tomorrow, for which party would you vote?",Voting intention (Westminster),general election tomorrow,Conservative,Labour,Liberal Democrat,Green,Reform UK,Some other party / an independent candidate,,,,,,,,,100.0,,,,,,VI-2026-07-15-Opinium-Observer-Web-Tables-1227.xlsx,V003
"2,050 UK adults",15th - 17th July 2026,,,,1815,,current_vote,Green,"Q:V003. If there were a general election tomorrow, for which party would you vote?",Voting intention (Westminster),general election tomorrow,Conservative,Labour,Liberal Democrat,Green,Reform UK,Some other party / an independent candidate,,,,,,,,,,,,,,,VI-2026-07-15-Opinium-Observer-Web-Tables-1227.xlsx,V003
"2,050 UK adults",15th - 17th July 2026,,,,1815,,historic_vote,Conservative,"Q:V003. If there were a general election tomorrow, for which party would you vote?",Voting intention (Westminster),general election tomorrow,Conservative,Labour,Liberal Democrat,Green,Reform UK,Some other party / an independent candidate,,,,,66.5,2.1,1.6,0.2,16.8,4.7,,,,,VI-2026-07-15-Opinium-Observer-Web-Tables-1227.xlsx,V003
"2,050 UK adults",15th - 17th July 2026,,,,1815,,historic_vote,Labour,"Q:V003. If there were a general election tomorrow, for which party would you vote?",Voting intention (Westminster),general election tomorrow,Conservative,Labour,Liberal Democrat,Green,Reform UK,Some other party / an independent candidate,,,,,3.5,52.1,5.9,11.2,8.4,3.1,,,,,VI-2026-07-15-Opinium-Observer-Web-Tables-1227.xlsx,V003
"2,050 UK adults",15th - 17th July 2026,,,,1815,,historic_vote,Lib Dems,"Q:V003. If there were a general election tomorrow, for which party would you vote?",Voting intention (Westminster),general election tomorrow,Conservative,Labour,Liberal Democrat,Green,Reform UK,Some other party / an independent candidate,,,,,4.3,4.3,67.2,4.4,5.7,0.4,,,,,VI-2026-07-15-Opinium-Observer-Web-Tables-1227.xlsx,V003
"2,050 UK adults",15th - 17th July 2026,,,,1815,,historic_vote,Green,"Q:V003. If there were a general election tomorrow, for which party would you vote?",Voting intention (Westminster),general election tomorrow,Conservative,Labour,Liberal Democrat,Green,Reform UK,Some other party / an independent candidate,,,,,1.1,3.2,1.7,73.5,5.4,1.3,,,,,VI-2026-07-15-Opinium-Observer-Web-Tables-1227.xlsx,V003
"2,050 UK adults",15th - 17th July 2026,,,,1815,,historic_vote,Reform UK,"Q:V003. If there were a general election tomorrow, for which party would you vote?",Voting intention (Westminster),general election tomorrow,Conservative,Labour,Liberal Democrat,Green,Reform UK,Some other party / an independent candidate,,,,,3.0,1.8,,0.6,77.8,8.6,,,,,VI-2026-07-15-Opinium-Observer-Web-Tables-1227.xlsx,V003
"2,050 UK adults",15th - 17th July 2026,,,,1815,,historic_vote,Con,"Q:V003. If there were a general election tomorrow, for which party would you vote?",Voting intention (Westminster),general election tomorrow,Conservative,Labour,Liberal Democrat,Green,Reform UK,Some other party / an independent candidate,,,,,40.8,4.5,4.1,1.0,30.9,5.4,,,,,VI-2026-07-15-Opinium-Observer-Web-Tables-1227.xlsx,V003
"2,050 UK adults",15th - 17th July 2026,,,,1815,,historic_vote,Lab,"Q:V003. If there were a general election tomorrow, for which party would you vote?",Voting intention (Westminster),general election tomorrow,Conservative,Labour,Liberal Democrat,Green,Reform UK,Some other party / an independent candidate,,,,,3.6,47.7,6.2,15.9,7.2,3.8,,,,,VI-2026-07-15-Opinium-Observer-Web-Tables-1227.xlsx,V003
"2,050 UK adults",15th - 17th July 2026,,,,1815,,historic_vote,Lib Dem,"Q:V003. If there were a general election tomorrow, for which party would you vote?",Voting intention (Westminster),general election tomorrow,Conservative,Labour,Liberal Democrat,Green,Reform UK,Some other party / an independent candidate,,,,,3.8,12.5,56.3,5.9,4.0,1.7,,,,,VI-2026-07-15-Opinium-Observer-Web-Tables-1227.xlsx,V003
"2,050 UK adults",15th - 17th July 2026,,,,1815,,historic_vote,Remain,"Q:V003. If there were a general election tomorrow, for which party would you vote?",Voting intention (Westminster),general election tomorrow,Conservative,Labour,Liberal Democrat,Green,Reform UK,Some other party / an independent candidate,,,,,15.4,26.5,16.1,12.7,6.1,3.1,,,,,VI-2026-07-15-Opinium-Observer-Web-Tables-1227.xlsx,V003
"2,050 UK adults",15th - 17th July 2026,,,,1815,,historic_vote,Leave,"Q:V003. If there were a general election tomorrow, for which party would you vote?",Voting intention (Westminster),general election tomorrow,Conservative,Labour,Liberal Democrat,Green,Reform UK,Some other party / an independent candidate,,,,,22.4,10.2,4.5,3.7,35.4,6.2,,,,,VI-2026-07-15-Opinium-Observer-Web-Tables-1227.xlsx,V003
"2,050 UK adults",15th - 17th July 2026,,,,1815,,gender,Male,"Q:V003. If there were a general election tomorrow, for which party would you vote?",Voting intention (Westminster),general election tomorrow,Conservative,Labour,Liberal Democrat,Green,Reform UK,Some other party / an independent candidate,,,,,17.8,19.2,9.3,10.1,23.8,4.7,,,,,VI-2026-07-15-Opinium-Observer-Web-Tables-1227.xlsx,V003
"2,050 UK adults",15th - 17th July 2026,,,,1815,,gender,Female,"Q:V003. If there were a general election tomorrow, for which party would you vote?",Voting intention (Westminster),general election tomorrow,Conservative,Labour,Liberal Democrat,Green,Reform UK,Some other party / an independent candidate,,,,,15.8,18.1,9.8,13.4,14.2,3.9,,,,,VI-2026-07-15-Opinium-Observer-Web-Tables-1227.xlsx,V003
"2,050 UK adults",15th - 17th July 2026,,,,1815,,age,18-34,"Q:V003. If there were a general election tomorrow, for which party would you vote?",Voting intention (Westminster),general election tomorrow,Conservative,Labour,Liberal Democrat,Green,Reform UK,Some other party / an independent candidate,,,,,9.5,25.7,8.4,23.7,14.1,2.3,,,,,VI-2026-07-15-Opinium-Observer-Web-Tables-1227.xlsx,V003
"2,050 UK adults",15th - 17th July 2026,,,,1815,,age,35-49,"Q:V003. If there were a general election tomorrow, for which party would you vote?",Voting intention (Westminster),general election tomorrow,Conservative,Labour,Liberal Democrat,Green,Reform UK,Some other party / an independent candidate,,,,,13.8,20.0,7.9,13.6,18.8,4.1,,,,,VI-2026-07-15-Opinium-Observer-Web-Tables-1227.xlsx,V003
"2,050 UK adults",15th - 17th July 2026,,,,1815,,age,50-64,"Q:V003. If there were a general election tomorrow, for which party would you vote?",Voting intention (Westminster),general election tomorrow,Conservative,Labour,Liberal Democrat,Green,Reform UK,Some other party / an independent candidate,,,,,16.4,18.0,11.0,7.9,18.2,5.9,,,,,VI-2026-07-15-Opinium-Observer-Web-Tables-1227.xlsx,V003
"2,050 UK adults",15th - 17th July 2026,,,,1815,,age,65+,"Q:V003. If there were a general election tomorrow, for which party would you vote?",Voting intention (Westminster),general election tomorrow,Conservative,Labour,Liberal Democrat,Green,Reform UK,Some other party / an independent candidate,,,,,27.6,9.7,10.8,1.8,24.7,5.3,,,,,VI-2026-07-15-Opinium-Observer-Web-Tables-1227.xlsx,V003
"2,050 UK adults",15th - 17th July 2026,,,,1815,,region,North,"Q:V003. If there were a general election tomorrow, for which party would you vote?",Voting intention (Westminster),general election tomorrow,Conservative,Labour,Liberal Democrat,Green,Reform UK,Some other party / an independent candidate,,,,,18.3,23.7,8.1,10.1,18.4,4.8,,,,,VI-2026-07-15-Opinium-Observer-Web-Tables-1227.xlsx,V003
"2,050 UK adults",15th - 17th July 2026,,,,1815,,region,Mids,"Q:V003. If there were a general election tomorrow, for which party would you vote?",Voting intention (Westminster),general election tomorrow,Conservative,Labour,Liberal Democrat,Green,Reform UK,Some other party / an independent candidate,,,,,18.4,17.7,8.2,12.7,21.1,4.0,,,,,VI-2026-07-15-Opinium-Observer-Web-Tables-1227.xlsx,V003
"2,050 UK adults",15th - 17th July 2026,,,,1815,,region,London,"Q:V003. If there were a general election tomorrow, for which party would you vote?",Voting intention (Westminster),general election tomorrow,Conservative,Labour,Liberal Democrat,Green,Reform UK,Some other party / an independent candidate,,,,,15.5,25.4,9.8,12.9,16.7,3.6,,,,,VI-2026-07-15-Opinium-Observer-Web-Tables-1227.xlsx,V003
"2,050 UK adults",15th - 17th July 2026,,,,1815,,region,South,"Q:V003. If there were a general election tomorrow, for which party would you vote?",Voting intention (Westminster),general election tomorrow,Conservative,Labour,Liberal Democrat,Green,Reform UK,Some other party / an independent candidate,,,,,18.2,14.4,12.5,13.1,19.8,3.9,,,,,VI-2026-07-15-Opinium-Observer-Web-Tables-1227.xlsx,V003
"2,050 UK adults",15th - 17th July 2026,,,,1815,,region,Wales,"Q:V003. If there were a general election tomorrow, for which party would you vote?",Voting intention (Westminster),general election tomorrow,Conservative,Labour,Liberal Democrat,Green,Reform UK,Some other party / an independent candidate,,,,,12.3,17.5,6.6,9.9,16.8,5.7,,,,,VI-2026-07-15-Opinium-Observer-Web-Tables-1227.xlsx,V003
"2,050 UK adults",15th - 17th July 2026,,,,1815,,region,Scotland,"Q:V003. If there were a general election tomorrow, for which party would you vote?",Voting intention (Westminster),general election tomorrow,Conservative,Labour,Liberal Democrat,Green,Reform UK,Some other party / an independent candidate,,,,,6.4,11.6,5.6,12.6,15.9,6.0,,,,,VI-2026-07-15-Opinium-Observer-Web-Tables-1227.xlsx,V003
"2,050 UK adults",15th - 17th July 2026,,,,1815,,region,Northern Ireland,"Q:V003. If there were a general election tomorrow, for which party would you vote?",Voting intention (Westminster),general election tomorrow,Conservative,Labour,Liberal Democrat,Green,Reform UK,Some other party / an independent candidate,,,,,,,,,,,,,,,VI-2026-07-15-Opinium-Observer-Web-Tables-1227.xlsx,V003
"2,050 UK adults",15th - 17th July 2026,,,,79,,total,Total,"You mentioned you would vote for another party if there was a general election tomorrow. Which of the below, if any, would you vote for?",Voting intention (Westminster),general election tomorrow,Restore Britain,An independent candidate,Other (please specify),,,,,,,,59.9,18.1,7.3,,,,,,,,VI-2026-07-15-Opinium-Observer-Web-Tables-1227.xlsx,V003B
"2,050 UK adults",15th - 17th July 2026,,,,79,,current_vote,Con,"You mentioned you would vote for another party if there was a general election tomorrow. Which of the below, if any, would you vote for?",Voting intention (Westminster),general election tomorrow,Restore Britain,An independent candidate,Other (please specify),,,,,,,,,,,,,,,,,,VI-2026-07-15-Opinium-Observer-Web-Tables-1227.xlsx,V003B
"2,050 UK adults",15th - 17th July 2026,,,,79,,current_vote,Lab,"You mentioned you would vote for another party if there was a general election tomorrow. Which of the below, if any, would you vote for?",Voting intention (Westminster),general election tomorrow,Restore Britain,An independent candidate,Other (please specify),,,,,,,,,,,,,,,,,,VI-2026-07-15-Opinium-Observer-Web-Tables-1227.xlsx,V003B
"2,050 UK adults",15th - 17th July 2026,,,,79,,current_vote,Lib Dem,"You mentioned you would vote for another party if there was a general election tomorrow. Which of the below, if any, would you vote for?",Voting intention (Westminster),general election tomorrow,Restore Britain,An independent candidate,Other (please specify),,,,,,,,,,,,,,,,,,VI-2026-07-15-Opinium-Observer-Web-Tables-1227.xlsx,V003B
"2,050 UK adults",15th - 17th July 2026,,,,79,,current_vote,Reform,"You mentioned you would vote for another party if there was a general election tomorrow. Which of the below, if any, would you vote for?",Voting intention (Westminster),general election tomorrow,Restore Britain,An independent candidate,Other (please specify),,,,,,,,,,,,,,,,,,VI-2026-07-15-Opinium-Observer-Web-Tables-1227.xlsx,V003B
"2,050 UK adults",15th - 17th July 2026,,,,79,,current_vote,Green,"You mentioned you would vote for another party if there was a general election tomorrow. Which of the below, if any, would you vote for?",Voting intention (Westminster),general election tomorrow,Restore Britain,An independent candidate,Other (please specify),,,,,,,,,,,,,,,,,,VI-2026-07-15-Opinium-Observer-Web-Tables-1227.xlsx,V003B
"2,050 UK adults",15th - 17th July 2026,,,,79,,historic_vote,Conservative,"You mentioned you would vote for another party if there was a general election tomorrow. Which of the below, if any, would you vote for?",Voting intention (Westminster),general election tomorrow,Restore Britain,An independent candidate,Other (please specify),,,,,,,,64.2,21.1,7.8,,,,,,,,VI-2026-07-15-Opinium-Observer-Web-Tables-1227.xlsx,V003B
"2,050 UK adults",15th - 17th July 2026,,,,79,,historic_vote,Labour,"You mentioned you would vote for another party if there was a general election tomorrow. Which of the below, if any, would you vote for?",Voting intention (Westminster),general election tomorrow,Restore Britain,An independent candidate,Other (please specify),,,,,,,,40.8,20.9,13.9,,,,,,,,VI-2026-07-15-Opinium-Observer-Web-Tables-1227.xlsx,V003B
"2,050 UK adults",15th - 17th July 2026,,,,79,,historic_vote,Lib Dems,"You mentioned you would vote for another party if there was a general election tomorrow. Which of the below, if any, would you vote for?",Voting intention (Westminster),general election tomorrow,Restore Britain,An independent candidate,Other (please specify),,,,,,,,,,,,,,,,,,VI-2026-07-15-Opinium-Observer-Web-Tables-1227.xlsx,V003B
"2,050 UK adults",15th - 17th July 2026,,,,79,,historic_vote,Green,"You mentioned you would vote for another party if there was a general election tomorrow. Which of the below, if any, would you vote for?",Voting intention (Westminster),general election tomorrow,Restore Britain,An independent candidate,Other (please specify),,,,,,,,,,,,,,,,,,VI-2026-07-15-Opinium-Observer-Web-Tables-1227.xlsx,V003B
"2,050 UK adults",15th - 17th July 2026,,,,79,,historic_vote,Reform UK,"You mentioned you would vote for another party if there was a general election tomorrow. Which of the below, if any, would you vote for?",Voting intention (Westminster),general election tomorrow,Restore Britain,An independent candidate,Other (please specify),,,,,,,,91.8,8.2,,,,,,,,,VI-2026-07-15-Opinium-Observer-Web-Tables-1227.xlsx,V003B
"2,050 UK adults",15th - 17th July 2026,,,,79,,historic_vote,Con,"You mentioned you would vote for another party if there was a general election tomorrow. Which of the below, if any, would you vote for?",Voting intention (Westminster),general election tomorrow,Restore Britain,An independent candidate,Other (please specify),,,,,,,,80.3,9.7,4.1,,,,,,,,VI-2026-07-15-Opinium-Observer-Web-Tables-1227.xlsx,V003B
"2,050 UK adults",15th - 17th July 2026,,,,79,,historic_vote,Lab,"You mentioned you would vote for another party if there was a general election tomorrow. Which of the below, if any, would you vote for?",Voting intention (Westminster),general election tomorrow,Restore Britain,An independent candidate,Other (please specify),,,,,,,,41.5,19.3,12.8,,,,,,,,VI-2026-07-15-Opinium-Observer-Web-Tables-1227.xlsx,V003B
"2,050 UK adults",15th - 17th July 2026,,,,79,,historic_vote,Lib Dem,"You mentioned you would vote for another party if there was a general election tomorrow. Which of the below, if any, would you vote for?",Voting intention (Westminster),general election tomorrow,Restore Britain,An independent candidate,Other (please specify),,,,,,,,,26.0,,,,,,,,,VI-2026-07-15-Opinium-Observer-Web-Tables-1227.xlsx,V003B
"2,050 UK adults",15th - 17th July 2026,,,,79,,historic_vote,Remain,"You mentioned you would vote for another party if there was a general election tomorrow. Which of the below, if any, would you vote for?",Voting intention (Westminster),general election tomorrow,Restore Britain,An independent candidate,Other (please specify),,,,,,,,39.0,21.7,5.1,,,,,,,,VI-2026-07-15-Opinium-Observer-Web-Tables-1227.xlsx,V003B
"2,050 UK adults",15th - 17th July 2026,,,,79,,historic_vote,Leave,"You mentioned you would vote for another party if there was a general election tomorrow. Which of the below, if any, would you vote for?",Voting intention (Westminster),general election tomorrow,Restore Britain,An independent candidate,Other (please specify),,,,,,,,72.0,14.5,8.8,,,,,,,,VI-2026-07-15-Opinium-Observer-Web-Tables-1227.xlsx,V003B
"2,050 UK adults",15th - 17th July 2026,,,,79,,gender,Male,"You mentioned you would vote for another party if there was a general election tomorrow. Which of the below, if any, would you vote for?",Voting intention (Westminster),general election tomorrow,Restore Britain,An independent candidate,Other (please specify),,,,,,,,57.6,22.3,11.2,,,,,,,,VI-2026-07-15-Opinium-Observer-Web-Tables-1227.xlsx,V003B
"2,050 UK adults",15th - 17th July 2026,,,,79,,gender,Female,"You mentioned you would vote for another party if there was a general election tomorrow. Which of the below, if any, would you vote for?",Voting intention (Westminster),general election tomorrow,Restore Britain,An independent candidate,Other (please specify),,,,,,,,63.2,14.4,3.4,,,,,,,,VI-2026-07-15-Opinium-Observer-Web-Tables-1227.xlsx,V003B
"2,050 UK adults",15th - 17th July 2026,,,,79,,age,18-34,"You mentioned you would vote for another party if there was a general election tomorrow. Which of the below, if any, would you vote for?",Voting intention (Westminster),general election tomorrow,Restore Britain,An independent candidate,Other (please specify),,,,,,,,50.1,36.6,,,,,,,,,VI-2026-07-15-Opinium-Observer-Web-Tables-1227.xlsx,V003B
"2,050 UK adults",15th - 17th July 2026,,,,79,,age,35-49,"You mentioned you would vote for another party if there was a general election tomorrow. Which of the below, if any, would you vote for?",Voting intention (Westminster),general election tomorrow,Restore Britain,An independent candidate,Other (please specify),,,,,,,,46.6,21.8,19.4,,,,,,,,VI-2026-07-15-Opinium-Observer-Web-Tables-1227.xlsx,V003B
"2,050 UK adults",15th - 17th July 2026,,,,79,,age,50-64,"You mentioned you would vote for another party if there was a general election tomorrow. Which of the below, if any, would you vote for?",Voting intention (Westminster),general election tomorrow,Restore Britain,An independent candidate,Other (please specify),,,,,,,,78.8,8.3,,,,,,,,,VI-2026-07-15-Opinium-Observer-Web-Tables-1227.xlsx,V003B
"2,050 UK adults",15th - 17th July 2026,,,,79,,age,65+,"You mentioned you would vote for another party if there was a general election tomorrow. Which of the below, if any, would you vote for?",Voting intention (Westminster),general election tomorrow,Restore Britain,An independent candidate,Other (please specify),,,,,,,,53.6,17.2,10.0,,,,,,,,VI-2026-07-15-Opinium-Observer-Web-Tables-1227.xlsx,V003B
"2,050 UK adults",15th - 17th July 2026,,,,79,,region,North,"You mentioned you would vote for another party if there was a general election tomorrow. Which of the below, if any, would you vote for?",Voting intention (Westminster),general election tomorrow,Restore Britain,An independent candidate,Other (please specify),,,,,,,,59.1,15.1,5.0,,,,,,,,VI-2026-07-15-Opinium-Observer-Web-Tables-1227.xlsx,V003B
"2,050 UK adults",15th - 17th July 2026,,,,79,,region,Mids,"You mentioned you would vote for another party if there was a general election tomorrow. Which of the below, if any, would you vote for?",Voting intention (Westminster),general election tomorrow,Restore Britain,An independent candidate,Other (please specify),,,,,,,,60.5,4.3,8.6,,,,,,,,VI-2026-07-15-Opinium-Observer-Web-Tables-1227.xlsx,V003B
"2,050 UK adults",15th - 17th July 2026,,,,79,,region,London,"You mentioned you would vote for another party if there was a general election tomorrow. Which of the below, if any, would you vote for?",Voting intention (Westminster),general election tomorrow,Restore Britain,An independent candidate,Other (please specify),,,,,,,,25.2,41.5,,,,,,,,,VI-2026-07-15-Opinium-Observer-Web-Tables-1227.xlsx,V003B
"2,050 UK adults",15th - 17th July 2026,,,,79,,region,South,"You mentioned you would vote for another party if there was a general election tomorrow. Which of the below, if any, would you vote for?",Voting intention (Westminster),general election tomorrow,Restore Britain,An independent candidate,Other (please specify),,,,,,,,76.3,18.3,5.3,,,,,,,,VI-2026-07-15-Opinium-Observer-Web-Tables-1227.xlsx,V003B
"2,050 UK adults",15th - 17th July 2026,,,,79,,region,Wales,"You mentioned you would vote for another party if there was a general election tomorrow. Which of the below, if any, would you vote for?",Voting intention (Westminster),general election tomorrow,Restore Britain,An independent candidate,Other (please specify),,,,,,,,77.7,,,,,,,,,,VI-2026-07-15-Opinium-Observer-Web-Tables-1227.xlsx,V003B
"2,050 UK adults",15th - 17th July 2026,,,,79,,region,Scotland,"You mentioned you would vote for another party if there was a general election tomorrow. Which of the below, if any, would you vote for?",Voting intention (Westminster),general election tomorrow,Restore Britain,An independent candidate,Other (please specify),,,,,,,,44.5,28.9,26.6,,,,,,,,VI-2026-07-15-Opinium-Observer-Web-Tables-1227.xlsx,V003B
"2,050 UK adults",15th - 17th July 2026,,,,79,,region,Northern Ireland,"You mentioned you would vote for another party if there was a general election tomorrow. Which of the below, if any, would you vote for?",Voting intention (Westminster),general election tomorrow,Restore Britain,An independent candidate,Other (please specify),,,,,,,,,,,,,,,,,,VI-2026-07-15-Opinium-Observer-Web-Tables-1227.xlsx,V003B
"2,050 UK adults",15th - 17th July 2026,,,,1510,,total,Total,Q:HeadlineVI. Headline VI,Voting intention (Westminster),headline vi,Con,Lab,Lib Dem,Green,Reform,Other,,,,,19.9,22.3,11.4,14.5,22.6,5.2,,,,,VI-2026-07-15-Opinium-Observer-Web-Tables-1227.xlsx,HeadlineVI
"2,050 UK adults",15th - 17th July 2026,,,,1510,,current_vote,Con,Q:HeadlineVI. Headline VI,Voting intention (Westminster),headline vi,Con,Lab,Lib Dem,Green,Reform,Other,,,,,,,,,,,,,,,VI-2026-07-15-Opinium-Observer-Web-Tables-1227.xlsx,HeadlineVI
"2,050 UK adults",15th - 17th July 2026,,,,1510,,current_vote,Lab,Q:HeadlineVI. Headline VI,Voting intention (Westminster),headline vi,Con,Lab,Lib Dem,Green,Reform,Other,,,,,,,,,,,,,,,VI-2026-07-15-Opinium-Observer-Web-Tables-1227.xlsx,HeadlineVI
"2,050 UK adults",15th - 17th July 2026,,,,1510,,current_vote,Lib Dem,Q:HeadlineVI. Headline VI,Voting intention (Westminster),headline vi,Con,Lab,Lib Dem,Green,Reform,Other,,,,,,,,,,,,,,,VI-2026-07-15-Opinium-Observer-Web-Tables-1227.xlsx,HeadlineVI
"2,050 UK adults",15th - 17th July 2026,,,,1510,,current_vote,Reform,Q:HeadlineVI. Headline VI,Voting intention (Westminster),headline vi,Con,Lab,Lib Dem,Green,Reform,Other,,,,,,,,,100.0,,,,,,VI-2026-07-15-Opinium-Observer-Web-Tables-1227.xlsx,HeadlineVI
"2,050 UK adults",15th - 17th July 2026,,,,1510,,current_vote,Green,Q:HeadlineVI. Headline VI,Voting intention (Westminster),headline vi,Con,Lab,Lib Dem,Green,Reform,Other,,,,,,,,,,,,,,,VI-2026-07-15-Opinium-Observer-Web-Tables-1227.xlsx,HeadlineVI
"2,050 UK adults",15th - 17th July 2026,,,,1510,,historic_vote,Conservative,Q:HeadlineVI. Headline VI,Voting intention (Westminster),headline vi,Con,Lab,Lib Dem,Green,Reform,Other,,,,,72.0,2.3,1.8,0.3,18.2,5.1,,,,,VI-2026-07-15-Opinium-Observer-Web-Tables-1227.xlsx,HeadlineVI
"2,050 UK adults",15th - 17th July 2026,,,,1510,,historic_vote,Labour,Q:HeadlineVI. Headline VI,Voting intention (Westminster),headline vi,Con,Lab,Lib Dem,Green,Reform,Other,,,,,4.0,61.0,6.9,13.1,9.8,3.7,,,,,VI-2026-07-15-Opinium-Observer-Web-Tables-1227.xlsx,HeadlineVI
"2,050 UK adults",15th - 17th July 2026,,,,1510,,historic_vote,Lib Dems,Q:HeadlineVI. Headline VI,Voting intention (Westminster),headline vi,Con,Lab,Lib Dem,Green,Reform,Other,,,,,5.0,5.0,77.0,5.1,6.6,0.5,,,,,VI-2026-07-15-Opinium-Observer-Web-Tables-1227.xlsx,HeadlineVI
"2,050 UK adults",15th - 17th July 2026,,,,1510,,historic_vote,Green,Q:HeadlineVI. Headline VI,Voting intention (Westminster),headline vi,Con,Lab,Lib Dem,Green,Reform,Other,,,,,1.3,3.7,2.0,85.1,6.2,1.5,,,,,VI-2026-07-15-Opinium-Observer-Web-Tables-1227.xlsx,HeadlineVI
"2,050 UK adults",15th - 17th July 2026,,,,1510,,historic_vote,Reform UK,Q:HeadlineVI. Headline VI,Voting intention (Westminster),headline vi,Con,Lab,Lib Dem,Green,Reform,Other,,,,,3.3,2.0,,0.7,84.6,9.4,,,,,VI-2026-07-15-Opinium-Observer-Web-Tables-1227.xlsx,HeadlineVI
"2,050 UK adults",15th - 17th July 2026,,,,1510,,historic_vote,Con,Q:HeadlineVI. Headline VI,Voting intention (Westminster),headline vi,Con,Lab,Lib Dem,Green,Reform,Other,,,,,46.7,5.2,4.6,1.1,35.3,6.2,,,,,VI-2026-07-15-Opinium-Observer-Web-Tables-1227.xlsx,HeadlineVI
"2,050 UK adults",15th - 17th July 2026,,,,1510,,historic_vote,Lab,Q:HeadlineVI. Headline VI,Voting intention (Westminster),headline vi,Con,Lab,Lib Dem,Green,Reform,Other,,,,,4.2,55.3,7.2,18.4,8.3,4.4,,,,,VI-2026-07-15-Opinium-Observer-Web-Tables-1227.xlsx,HeadlineVI
"2,050 UK adults",15th - 17th July 2026,,,,1510,,historic_vote,Lib Dem,Q:HeadlineVI. Headline VI,Voting intention (Westminster),headline vi,Con,Lab,Lib Dem,Green,Reform,Other,,,,,4.5,14.9,66.8,7.0,4.7,2.0,,,,,VI-2026-07-15-Opinium-Observer-Web-Tables-1227.xlsx,HeadlineVI
"2,050 UK adults",15th - 17th July 2026,,,,1510,,historic_vote,Remain,Q:HeadlineVI. Headline VI,Voting intention (Westminster),headline vi,Con,Lab,Lib Dem,Green,Reform,Other,,,,,18.1,31.2,18.9,15.0,7.2,3.7,,,,,VI-2026-07-15-Opinium-Observer-Web-Tables-1227.xlsx,HeadlineVI
"2,050 UK adults",15th - 17th July 2026,,,,1510,,historic_vote,Leave,Q:HeadlineVI. Headline VI,Voting intention (Westminster),headline vi,Con,Lab,Lib Dem,Green,Reform,Other,,,,,26.7,12.1,5.4,4.4,42.0,7.4,,,,,VI-2026-07-15-Opinium-Observer-Web-Tables-1227.xlsx,HeadlineVI
"2,050 UK adults",15th - 17th July 2026,,,,1510,,gender,Male,Q:HeadlineVI. Headline VI,Voting intention (Westminster),headline vi,Con,Lab,Lib Dem,Green,Reform,Other,,,,,20.2,21.8,10.6,11.5,27.1,5.3,,,,,VI-2026-07-15-Opinium-Observer-Web-Tables-1227.xlsx,HeadlineVI
"2,050 UK adults",15th - 17th July 2026,,,,1510,,gender,Female,Q:HeadlineVI. Headline VI,Voting intention (Westminster),headline vi,Con,Lab,Lib Dem,Green,Reform,Other,,,,,20.1,23.1,12.4,17.0,18.0,5.0,,,,,VI-2026-07-15-Opinium-Observer-Web-Tables-1227.xlsx,HeadlineVI
"2,050 UK adults",15th - 17th July 2026,,,,1510,,age,18-34,Q:HeadlineVI. Headline VI,Voting intention (Westminster),headline vi,Con,Lab,Lib Dem,Green,Reform,Other,,,,,10.9,29.5,9.6,27.1,16.1,2.7,,,,,VI-2026-07-15-Opinium-Observer-Web-Tables-1227.xlsx,HeadlineVI
"2,050 UK adults",15th - 17th July 2026,,,,1510,,age,35-49,Q:HeadlineVI. Headline VI,Voting intention (Westminster),headline vi,Con,Lab,Lib Dem,Green,Reform,Other,,,,,16.9,24.5,9.7,16.6,23.1,5.1,,,,,VI-2026-07-15-Opinium-Observer-Web-Tables-1227.xlsx,HeadlineVI
"2,050 UK adults",15th - 17th July 2026,,,,1510,,age,50-64,Q:HeadlineVI. Headline VI,Voting intention (Westminster),headline vi,Con,Lab,Lib Dem,Green,Reform,Other,,,,,20.3,22.3,13.6,9.7,22.6,7.3,,,,,VI-2026-07-15-Opinium-Observer-Web-Tables-1227.xlsx,HeadlineVI
"2,050 UK adults",15th - 17th July 2026,,,,1510,,age,65+,Q:HeadlineVI. Headline VI,Voting intention (Westminster),headline vi,Con,Lab,Lib Dem,Green,Reform,Other,,,,,33.2,11.7,13.0,2.2,29.7,6.3,,,,,VI-2026-07-15-Opinium-Observer-Web-Tables-1227.xlsx,HeadlineVI
"2,050 UK adults",15th - 17th July 2026,,,,1510,,region,North,Q:HeadlineVI. Headline VI,Voting intention (Westminster),headline vi,Con,Lab,Lib Dem,Green,Reform,Other,,,,,21.9,28.5,9.7,12.1,22.1,5.8,,,,,VI-2026-07-15-Opinium-Observer-Web-Tables-1227.xlsx,HeadlineVI
"2,050 UK adults",15th - 17th July 2026,,,,1510,,region,Mids,Q:HeadlineVI. Headline VI,Voting intention (Westminster),headline vi,Con,Lab,Lib Dem,Green,Reform,Other,,,,,22.4,21.5,10.0,15.5,25.7,4.9,,,,,VI-2026-07-15-Opinium-Observer-Web-Tables-1227.xlsx,HeadlineVI
"2,050 UK adults",15th - 17th July 2026,,,,1510,,region,London,Q:HeadlineVI. Headline VI,Voting intention (Westminster),headline vi,Con,Lab,Lib Dem,Green,Reform,Other,,,,,18.5,30.3,11.6,15.4,19.9,4.3,,,,,VI-2026-07-15-Opinium-Observer-Web-Tables-1227.xlsx,HeadlineVI
"2,050 UK adults",15th - 17th July 2026,,,,1510,,region,South,Q:HeadlineVI. Headline VI,Voting intention (Westminster),headline vi,Con,Lab,Lib Dem,Green,Reform,Other,,,,,22.3,17.6,15.3,16.0,24.2,4.7,,,,,VI-2026-07-15-Opinium-Observer-Web-Tables-1227.xlsx,HeadlineVI
"2,050 UK adults",15th - 17th July 2026,,,,1510,,region,Wales,Q:HeadlineVI. Headline VI,Voting intention (Westminster),headline vi,Con,Lab,Lib Dem,Green,Reform,Other,,,,,13.7,19.5,7.3,11.0,18.7,6.3,,,,,VI-2026-07-15-Opinium-Observer-Web-Tables-1227.xlsx,HeadlineVI
"2,050 UK adults",15th - 17th July 2026,,,,1510,,region,Scotland,Q:HeadlineVI. Headline VI,Voting intention (Westminster),headline vi,Con,Lab,Lib Dem,Green,Reform,Other,,,,,7.4,13.5,6.6,14.7,18.5,7.0,,,,,VI-2026-07-15-Opinium-Observer-Web-Tables-1227.xlsx,HeadlineVI
"2,050 UK adults",15th - 17th July 2026,,,,1510,,region,Northern Ireland,Q:HeadlineVI. Headline VI,Voting intention (Westminster),headline vi,Con,Lab,Lib Dem,Green,Reform,Other,,,,,,,,,,,,,,,VI-2026-07-15-Opinium-Observer-Web-Tables-1227.xlsx,HeadlineVI
"2,050 UK adults",15th - 17th July 2026,,,,,,age,The way Nigel Farage is handling his job as leader of Reform UK,Q:V006. To what extent do you approve or disapprove of…,UNMATCHED,,Approve,Neither approve nor disapprove,Disapprove,,,,,,,,25.7,16.5,51.9,,,,,,,,VI-2026-07-15-Opinium-Observer-Web-Tables-1227.xlsx,Summary V006
"2,050 UK adults",15th - 17th July 2026,,,,2006,,total,Total,"Q:V006. To what extent do you approve or disapprove of…
 The way Keir Starmer is handling his job as Prime Minister",Leader favourability (Starmer),starmer,Approve,Neither approve nor disapprove,Disapprove,,,,,,,,20.2,16.6,57.5,,,,,,,,VI-2026-07-15-Opinium-Observer-Web-Tables-1227.xlsx,V006
"2,050 UK adults",15th - 17th July 2026,,,,2006,,current_vote,Con,"Q:V006. To what extent do you approve or disapprove of…
 The way Keir Starmer is handling his job as Prime Minister",Leader favourability (Starmer),starmer,Approve,Neither approve nor disapprove,Disapprove,,,,,,,,16.0,13.0,69.8,,,,,,,,VI-2026-07-15-Opinium-Observer-Web-Tables-1227.xlsx,V006
"2,050 UK adults",15th - 17th July 2026,,,,2006,,current_vote,Lab,"Q:V006. To what extent do you approve or disapprove of…
 The way Keir Starmer is handling his job as Prime Minister",Leader favourability (Starmer),starmer,Approve,Neither approve nor disapprove,Disapprove,,,,,,,,51.9,22.6,22.6,,,,,,,,VI-2026-07-15-Opinium-Observer-Web-Tables-1227.xlsx,V006
"2,050 UK adults",15th - 17th July 2026,,,,2006,,current_vote,Lib Dem,"Q:V006. To what extent do you approve or disapprove of…
 The way Keir Starmer is handling his job as Prime Minister",Leader favourability (Starmer),starmer,Approve,Neither approve nor disapprove,Disapprove,,,,,,,,22.1,18.1,55.8,,,,,,,,VI-2026-07-15-Opinium-Observer-Web-Tables-1227.xlsx,V006
"2,050 UK adults",15th - 17th July 2026,,,,2006,,current_vote,Reform,"Q:V006. To what extent do you approve or disapprove of…
 The way Keir Starmer is handling his job as Prime Minister",Leader favourability (Starmer),starmer,Approve,Neither approve nor disapprove,Disapprove,,,,,,,,7.3,6.0,84.5,,,,,,,,VI-2026-07-15-Opinium-Observer-Web-Tables-1227.xlsx,V006
"2,050 UK adults",15th - 17th July 2026,,,,2006,,current_vote,Green,"Q:V006. To what extent do you approve or disapprove of…
 The way Keir Starmer is handling his job as Prime Minister",Leader favourability (Starmer),starmer,Approve,Neither approve nor disapprove,Disapprove,,,,,,,,16.9,20.3,59.8,,,,,,,,VI-2026-07-15-Opinium-Observer-Web-Tables-1227.xlsx,V006
"2,050 UK adults",15th - 17th July 2026,,,,2006,,historic_vote,Conservative,"Q:V006. To what extent do you approve or disapprove of…
 The way Keir Starmer is handling his job as Prime Minister",Leader favourability (Starmer),starmer,Approve,Neither approve nor disapprove,Disapprove,,,,,,,,11.8,13.6,73.2,,,,,,,,VI-2026-07-15-Opinium-Observer-Web-Tables-1227.xlsx,V006
"2,050 UK adults",15th - 17th July 2026,,,,2006,,historic_vote,Labour,"Q:V006. To what extent do you approve or disapprove of…
 The way Keir Starmer is handling his job as Prime Minister",Leader favourability (Starmer),starmer,Approve,Neither approve nor disapprove,Disapprove,,,,,,,,41.5,16.2,40.5,,,,,,,,VI-2026-07-15-Opinium-Observer-Web-Tables-1227.xlsx,V006
"2,050 UK adults",15th - 17th July 2026,,,,2006,,historic_vote,Lib Dems,"Q:V006. To what extent do you approve or disapprove of…
 The way Keir Starmer is handling his job as Prime Minister",Leader favourability (Starmer),starmer,Approve,Neither approve nor disapprove,Disapprove,,,,,,,,24.0,23.3,50.3,,,,,,,,VI-2026-07-15-Opinium-Observer-Web-Tables-1227.xlsx,V006
"2,050 UK adults",15th - 17th July 2026,,,,2006,,historic_vote,Green,"Q:V006. To what extent do you approve or disapprove of…
 The way Keir Starmer is handling his job as Prime Minister",Leader favourability (Starmer),starmer,Approve,Neither approve nor disapprove,Disapprove,,,,,,,,15.6,19.6,57.3,,,,,,,,VI-2026-07-15-Opinium-Observer-Web-Tables-1227.xlsx,V006
"2,050 UK adults",15th - 17th July 2026,,,,2006,,historic_vote,Reform UK,"Q:V006. To what extent do you approve or disapprove of…
 The way Keir Starmer is handling his job as Prime Minister",Leader favourability (Starmer),starmer,Approve,Neither approve nor disapprove,Disapprove,,,,,,,,10.3,5.1,84.3,,,,,,,,VI-2026-07-15-Opinium-Observer-Web-Tables-1227.xlsx,V006
"2,050 UK adults",15th - 17th July 2026,,,,2006,,historic_vote,Con,"Q:V006. To what extent do you approve or disapprove of…
 The way Keir Starmer is handling his job as Prime Minister",Leader favourability (Starmer),starmer,Approve,Neither approve nor disapprove,Disapprove,,,,,,,,12.2,11.0,75.0,,,,,,,,VI-2026-07-15-Opinium-Observer-Web-Tables-1227.xlsx,V006
"2,050 UK adults",15th - 17th July 2026,,,,2006,,historic_vote,Lab,"Q:V006. To what extent do you approve or disapprove of…
 The way Keir Starmer is handling his job as Prime Minister",Leader favourability (Starmer),starmer,Approve,Neither approve nor disapprove,Disapprove,,,,,,,,37.5,16.0,43.6,,,,,,,,VI-2026-07-15-Opinium-Observer-Web-Tables-1227.xlsx,V006
"2,050 UK adults",15th - 17th July 2026,,,,2006,,historic_vote,Lib Dem,"Q:V006. To what extent do you approve or disapprove of…
 The way Keir Starmer is handling his job as Prime Minister",Leader favourability (Starmer),starmer,Approve,Neither approve nor disapprove,Disapprove,,,,,,,,32.1,22.9,42.9,,,,,,,,VI-2026-07-15-Opinium-Observer-Web-Tables-1227.xlsx,V006
"2,050 UK adults",15th - 17th July 2026,,,,2006,,historic_vote,Remain,"Q:V006. To what extent do you approve or disapprove of…
 The way Keir Starmer is handling his job as Prime Minister",Leader favourability (Starmer),starmer,Approve,Neither approve nor disapprove,Disapprove,,,,,,,,31.2,17.5,47.8,,,,,,,,VI-2026-07-15-Opinium-Observer-Web-Tables-1227.xlsx,V006
"2,050 UK adults",15th - 17th July 2026,,,,2006,,historic_vote,Leave,"Q:V006. To what extent do you approve or disapprove of…
 The way Keir Starmer is handling his job as Prime Minister",Leader favourability (Starmer),starmer,Approve,Neither approve nor disapprove,Disapprove,,,,,,,,11.4,12.0,74.0,,,,,,,,VI-2026-07-15-Opinium-Observer-Web-Tables-1227.xlsx,V006
"2,050 UK adults",15th - 17th July 2026,,,,2006,,gender,Male,"Q:V006. To what extent do you approve or disapprove of…
 The way Keir Starmer is handling his job as Prime Minister",Leader favourability (Starmer),starmer,Approve,Neither approve nor disapprove,Disapprove,,,,,,,,21.8,15.9,58.5,,,,,,,,VI-2026-07-15-Opinium-Observer-Web-Tables-1227.xlsx,V006
"2,050 UK adults",15th - 17th July 2026,,,,2006,,gender,Female,"Q:V006. To what extent do you approve or disapprove of…
 The way Keir Starmer is handling his job as Prime Minister",Leader favourability (Starmer),starmer,Approve,Neither approve nor disapprove,Disapprove,,,,,,,,19.0,17.2,56.6,,,,,,,,VI-2026-07-15-Opinium-Observer-Web-Tables-1227.xlsx,V006
"2,050 UK adults",15th - 17th July 2026,,,,2006,,age,18-34,"Q:V006. To what extent do you approve or disapprove of…
 The way Keir Starmer is handling his job as Prime Minister",Leader favourability (Starmer),starmer,Approve,Neither approve nor disapprove,Disapprove,,,,,,,,28.0,20.4,45.1,,,,,,,,VI-2026-07-15-Opinium-Observer-Web-Tables-1227.xlsx,V006
"2,050 UK adults",15th - 17th July 2026,,,,2006,,age,35-49,"Q:V006. To what extent do you approve or disapprove of…
 The way Keir Starmer is handling his job as Prime Minister",Leader favourability (Starmer),starmer,Approve,Neither approve nor disapprove,Disapprove,,,,,,,,21.2,16.1,55.8,,,,,,,,VI-2026-07-15-Opinium-Observer-Web-Tables-1227.xlsx,V006
"2,050 UK adults",15th - 17th July 2026,,,,2006,,age,50-64,"Q:V006. To what extent do you approve or disapprove of…
 The way Keir Starmer is handling his job as Prime Minister",Leader favourability (Starmer),starmer,Approve,Neither approve nor disapprove,Disapprove,,,,,,,,17.5,15.3,61.5,,,,,,,,VI-2026-07-15-Opinium-Observer-Web-Tables-1227.xlsx,V006
"2,050 UK adults",15th - 17th July 2026,,,,2006,,age,65+,"Q:V006. To what extent do you approve or disapprove of…
 The way Keir Starmer is handling his job as Prime Minister",Leader favourability (Starmer),starmer,Approve,Neither approve nor disapprove,Disapprove,,,,,,,,13.0,14.0,69.5,,,,,,,,VI-2026-07-15-Opinium-Observer-Web-Tables-1227.xlsx,V006
"2,050 UK adults",15th - 17th July 2026,,,,2006,,region,North,"Q:V006. To what extent do you approve or disapprove of…
 The way Keir Starmer is handling his job as Prime Minister",Leader favourability (Starmer),starmer,Approve,Neither approve nor disapprove,Disapprove,,,,,,,,22.5,16.7,55.0,,,,,,,,VI-2026-07-15-Opinium-Observer-Web-Tables-1227.xlsx,V006
"2,050 UK adults",15th - 17th July 2026,,,,2006,,region,Mids,"Q:V006. To what extent do you approve or disapprove of…
 The way Keir Starmer is handling his job as Prime Minister",Leader favourability (Starmer),starmer,Approve,Neither approve nor disapprove,Disapprove,,,,,,,,17.5,16.3,61.8,,,,,,,,VI-2026-07-15-Opinium-Observer-Web-Tables-1227.xlsx,V006
"2,050 UK adults",15th - 17th July 2026,,,,2006,,region,London,"Q:V006. To what extent do you approve or disapprove of…
 The way Keir Starmer is handling his job as Prime Minister",Leader favourability (Starmer),starmer,Approve,Neither approve nor disapprove,Disapprove,,,,,,,,26.1,18.4,51.9,,,,,,,,VI-2026-07-15-Opinium-Observer-Web-Tables-1227.xlsx,V006
"2,050 UK adults",15th - 17th July 2026,,,,2006,,region,South,"Q:V006. To what extent do you approve or disapprove of…
 The way Keir Starmer is handling his job as Prime Minister",Leader favourability (Starmer),starmer,Approve,Neither approve nor disapprove,Disapprove,,,,,,,,17.8,15.2,61.1,,,,,,,,VI-2026-07-15-Opinium-Observer-Web-Tables-1227.xlsx,V006
"2,050 UK adults",15th - 17th July 2026,,,,2006,,region,Wales,"Q:V006. To what extent do you approve or disapprove of…
 The way Keir Starmer is handling his job as Prime Minister",Leader favourability (Starmer),starmer,Approve,Neither approve nor disapprove,Disapprove,,,,,,,,17.5,21.4,54.6,,,,,,,,VI-2026-07-15-Opinium-Observer-Web-Tables-1227.xlsx,V006
"2,050 UK adults",15th - 17th July 2026,,,,2006,,region,Scotland,"Q:V006. To what extent do you approve or disapprove of…
 The way Keir Starmer is handling his job as Prime Minister",Leader favourability (Starmer),starmer,Approve,Neither approve nor disapprove,Disapprove,,,,,,,,19.9,16.4,52.6,,,,,,,,VI-2026-07-15-Opinium-Observer-Web-Tables-1227.xlsx,V006
"2,050 UK adults",15th - 17th July 2026,,,,2006,,region,Northern Ireland,"Q:V006. To what extent do you approve or disapprove of…
 The way Keir Starmer is handling his job as Prime Minister",Leader favourability (Starmer),starmer,Neither approve nor disapprove,,,,,,,,,,,,,,,,,,,,VI-2026-07-15-Opinium-Observer-Web-Tables-1227.xlsx,V006
"2,050 UK adults",15th - 17th July 2026,,,,2006,,total,Total,"Q:V006. To what extent do you approve or disapprove of…
 The way Kemi Badenoch is handling her job as leader of the Conservative Party",Leader favourability (Badenoch),badenoch,Approve,Neither approve nor disapprove,Disapprove,,,,,,,,32.6,25.4,30.3,,,,,,,,VI-2026-07-15-Opinium-Observer-Web-Tables-1227.xlsx,V006 (2)
"2,050 UK adults",15th - 17th July 2026,,,,2006,,current_vote,Con,"Q:V006. To what extent do you approve or disapprove of…
 The way Kemi Badenoch is handling her job as leader of the Conservative Party",Leader favourability (Badenoch),badenoch,Approve,Neither approve nor disapprove,Disapprove,,,,,,,,76.7,14.9,5.3,,,,,,,,VI-2026-07-15-Opinium-Observer-Web-Tables-1227.xlsx,V006 (2)
"2,050 UK adults",15th - 17th July 2026,,,,2006,,current_vote,Lab,"Q:V006. To what extent do you approve or disapprove of…
 The way Kemi Badenoch is handling her job as leader of the Conservative Party",Leader favourability (Badenoch),badenoch,Approve,Neither approve nor disapprove,Disapprove,,,,,,,,21.1,28.1,43.9,,,,,,,,VI-2026-07-15-Opinium-Observer-Web-Tables-1227.xlsx,V006 (2)
"2,050 UK adults",15th - 17th July 2026,,,,2006,,current_vote,Lib Dem,"Q:V006. To what extent do you approve or disapprove of…
 The way Kemi Badenoch is handling her job as leader of the Conservative Party",Leader favourability (Badenoch),badenoch,Approve,Neither approve nor disapprove,Disapprove,,,,,,,,25.0,31.1,38.4,,,,,,,,VI-2026-07-15-Opinium-Observer-Web-Tables-1227.xlsx,V006 (2)
"2,050 UK adults",15th - 17th July 2026,,,,2006,,current_vote,Reform,"Q:V006. To what extent do you approve or disapprove of…
 The way Kemi Badenoch is handling her job as leader of the Conservative Party",Leader favourability (Badenoch),badenoch,Approve,Neither approve nor disapprove,Disapprove,,,,,,,,44.9,28.8,21.7,,,,,,,,VI-2026-07-15-Opinium-Observer-Web-Tables-1227.xlsx,V006 (2)
"2,050 UK adults",15th - 17th July 2026,,,,2006,,current_vote,Green,"Q:V006. To what extent do you approve or disapprove of…
 The way Kemi Badenoch is handling her job as leader of the Conservative Party",Leader favourability (Badenoch),badenoch,Approve,Neither approve nor disapprove,Disapprove,,,,,,,,14.2,19.3,53.0,,,,,,,,VI-2026-07-15-Opinium-Observer-Web-Tables-1227.xlsx,V006 (2)
"2,050 UK adults",15th - 17th July 2026,,,,2006,,historic_vote,Conservative,"Q:V006. To what extent do you approve or disapprove of…
 The way Kemi Badenoch is handling her job as leader of the Conservative Party",Leader favourability (Badenoch),badenoch,Approve,Neither approve nor disapprove,Disapprove,,,,,,,,71.4,18.0,7.7,,,,,,,,VI-2026-07-15-Opinium-Observer-Web-Tables-1227.xlsx,V006 (2)
"2,050 UK adults",15th - 17th July 2026,,,,2006,,historic_vote,Labour,"Q:V006. To what extent do you approve or disapprove of…
 The way Kemi Badenoch is handling her job as leader of the Conservative Party",Leader favourability (Badenoch),badenoch,Approve,Neither approve nor disapprove,Disapprove,,,,,,,,23.0,21.7,47.3,,,,,,,,VI-2026-07-15-Opinium-Observer-Web-Tables-1227.xlsx,V006 (2)
"2,050 UK adults",15th - 17th July 2026,,,,2006,,historic_vote,Lib Dems,"Q:V006. To what extent do you approve or disapprove of…
 The way Kemi Badenoch is handling her job as leader of the Conservative Party",Leader favourability (Badenoch),badenoch,Approve,Neither approve nor disapprove,Disapprove,,,,,,,,34.9,29.7,30.3,,,,,,,,VI-2026-07-15-Opinium-Observer-Web-Tables-1227.xlsx,V006 (2)
"2,050 UK adults",15th - 17th July 2026,,,,2006,,historic_vote,Green,"Q:V006. To what extent do you approve or disapprove of…
 The way Kemi Badenoch is handling her job as leader of the Conservative Party",Leader favourability (Badenoch),badenoch,Approve,Neither approve nor disapprove,Disapprove,,,,,,,,17.7,26.1,44.8,,,,,,,,VI-2026-07-15-Opinium-Observer-Web-Tables-1227.xlsx,V006 (2)
"2,050 UK adults",15th - 17th July 2026,,,,2006,,historic_vote,Reform UK,"Q:V006. To what extent do you approve or disapprove of…
 The way Kemi Badenoch is handling her job as leader of the Conservative Party",Leader favourability (Badenoch),badenoch,Approve,Neither approve nor disapprove,Disapprove,,,,,,,,46.6,26.1,24.0,,,,,,,,VI-2026-07-15-Opinium-Observer-Web-Tables-1227.xlsx,V006 (2)
"2,050 UK adults",15th - 17th July 2026,,,,2006,,historic_vote,Con,"Q:V006. To what extent do you approve or disapprove of…
 The way Kemi Badenoch is handling her job as leader of the Conservative Party",Leader favourability (Badenoch),badenoch,Approve,Neither approve nor disapprove,Disapprove,,,,,,,,62.6,20.4,13.1,,,,,,,,VI-2026-07-15-Opinium-Observer-Web-Tables-1227.xlsx,V006 (2)
"2,050 UK adults",15th - 17th July 2026,,,,2006,,historic_vote,Lab,"Q:V006. To what extent do you approve or disapprove of…
 The way Kemi Badenoch is handling her job as leader of the Conservative Party",Leader favourability (Badenoch),badenoch,Approve,Neither approve nor disapprove,Disapprove,,,,,,,,16.8,22.4,53.1,,,,,,,,VI-2026-07-15-Opinium-Observer-Web-Tables-1227.xlsx,V006 (2)
"2,050 UK adults",15th - 17th July 2026,,,,2006,,historic_vote,Lib Dem,"Q:V006. To what extent do you approve or disapprove of…
 The way Kemi Badenoch is handling her job as leader of the Conservative Party",Leader favourability (Badenoch),badenoch,Approve,Neither approve nor disapprove,Disapprove,,,,,,,,25.0,30.0,40.7,,,,,,,,VI-2026-07-15-Opinium-Observer-Web-Tables-1227.xlsx,V006 (2)
"2,050 UK adults",15th - 17th July 2026,,,,2006,,historic_vote,Remain,"Q:V006. To what extent do you approve or disapprove of…
 The way Kemi Badenoch is handling her job as leader of the Conservative Party",Leader favourability (Badenoch),badenoch,Approve,Neither approve nor disapprove,Disapprove,,,,,,,,29.8,22.7,39.5,,,,,,,,VI-2026-07-15-Opinium-Observer-Web-Tables-1227.xlsx,V006 (2)
"2,050 UK adults",15th - 17th July 2026,,,,2006,,historic_vote,Leave,"Q:V006. To what extent do you approve or disapprove of…
 The way Kemi Badenoch is handling her job as leader of the Conservative Party",Leader favourability (Badenoch),badenoch,Approve,Neither approve nor disapprove,Disapprove,,,,,,,,45.1,24.4,23.0,,,,,,,,VI-2026-07-15-Opinium-Observer-Web-Tables-1227.xlsx,V006 (2)
"2,050 UK adults",15th - 17th July 2026,,,,2006,,gender,Male,"Q:V006. To what extent do you approve or disapprove of…
 The way Kemi Badenoch is handling her job as leader of the Conservative Party",Leader favourability (Badenoch),badenoch,Approve,Neither approve nor disapprove,Disapprove,,,,,,,,35.1,25.1,30.5,,,,,,,,VI-2026-07-15-Opinium-Observer-Web-Tables-1227.xlsx,V006 (2)
"2,050 UK adults",15th - 17th July 2026,,,,2006,,gender,Female,"Q:V006. To what extent do you approve or disapprove of…
 The way Kemi Badenoch is handling her job as leader of the Conservative Party",Leader favourability (Badenoch),badenoch,Approve,Neither approve nor disapprove,Disapprove,,,,,,,,30.5,25.6,30.0,,,,,,,,VI-2026-07-15-Opinium-Observer-Web-Tables-1227.xlsx,V006 (2)
"2,050 UK adults",15th - 17th July 2026,,,,2006,,age,18-34,"Q:V006. To what extent do you approve or disapprove of…
 The way Kemi Badenoch is handling her job as leader of the Conservative Party",Leader favourability (Badenoch),badenoch,Approve,Neither approve nor disapprove,Disapprove,,,,,,,,26.2,28.7,28.9,,,,,,,,VI-2026-07-15-Opinium-Observer-Web-Tables-1227.xlsx,V006 (2)
"2,050 UK adults",15th - 17th July 2026,,,,2006,,age,35-49,"Q:V006. To what extent do you approve or disapprove of…
 The way Kemi Badenoch is handling her job as leader of the Conservative Party",Leader favourability (Badenoch),badenoch,Approve,Neither approve nor disapprove,Disapprove,,,,,,,,27.4,22.2,35.5,,,,,,,,VI-2026-07-15-Opinium-Observer-Web-Tables-1227.xlsx,V006 (2)
"2,050 UK adults",15th - 17th July 2026,,,,2006,,age,50-64,"Q:V006. To what extent do you approve or disapprove of…
 The way Kemi Badenoch is handling her job as leader of the Conservative Party",Leader favourability (Badenoch),badenoch,Approve,Neither approve nor disapprove,Disapprove,,,,,,,,32.1,25.9,32.5,,,,,,,,VI-2026-07-15-Opinium-Observer-Web-Tables-1227.xlsx,V006 (2)
"2,050 UK adults",15th - 17th July 2026,,,,2006,,age,65+,"Q:V006. To what extent do you approve or disapprove of…
 The way Kemi Badenoch is handling her job as leader of the Conservative Party",Leader favourability (Badenoch),badenoch,Approve,Neither approve nor disapprove,Disapprove,,,,,,,,45.6,24.3,24.2,,,,,,,,VI-2026-07-15-Opinium-Observer-Web-Tables-1227.xlsx,V006 (2)
"2,050 UK adults",15th - 17th July 2026,,,,2006,,region,North,"Q:V006. To what extent do you approve or disapprove of…
 The way Kemi Badenoch is handling her job as leader of the Conservative Party",Leader favourability (Badenoch),badenoch,Approve,Neither approve nor disapprove,Disapprove,,,,,,,,34.8,25.3,29.0,,,,,,,,VI-2026-07-15-Opinium-Observer-Web-Tables-1227.xlsx,V006 (2)
"2,050 UK adults",15th - 17th July 2026,,,,2006,,region,Mids,"Q:V006. To what extent do you approve or disapprove of…
 The way Kemi Badenoch is handling her job as leader of the Conservative Party",Leader favourability (Badenoch),badenoch,Approve,Neither approve nor disapprove,Disapprove,,,,,,,,31.9,27.0,26.5,,,,,,,,VI-2026-07-15-Opinium-Observer-Web-Tables-1227.xlsx,V006 (2)
"2,050 UK adults",15th - 17th July 2026,,,,2006,,region,London,"Q:V006. To what extent do you approve or disapprove of…
 The way Kemi Badenoch is handling her job as leader of the Conservative Party",Leader favourability (Badenoch),badenoch,Approve,Neither approve nor disapprove,Disapprove,,,,,,,,28.7,31.3,30.6,,,,,,,,VI-2026-07-15-Opinium-Observer-Web-Tables-1227.xlsx,V006 (2)
"2,050 UK adults",15th - 17th July 2026,,,,2006,,region,South,"Q:V006. To what extent do you approve or disapprove of…
 The way Kemi Badenoch is handling her job as leader of the Conservative Party",Leader favourability (Badenoch),badenoch,Approve,Neither approve nor disapprove,Disapprove,,,,,,,,34.5,23.7,30.1,,,,,,,,VI-2026-07-15-Opinium-Observer-Web-Tables-1227.xlsx,V006 (2)
"2,050 UK adults",15th - 17th July 2026,,,,2006,,region,Wales,"Q:V006. To what extent do you approve or disapprove of…
 The way Kemi Badenoch is handling her job as leader of the Conservative Party",Leader favourability (Badenoch),badenoch,Approve,Neither approve nor disapprove,Disapprove,,,,,,,,28.9,25.8,34.0,,,,,,,,VI-2026-07-15-Opinium-Observer-Web-Tables-1227.xlsx,V006 (2)
"2,050 UK adults",15th - 17th July 2026,,,,2006,,region,Scotland,"Q:V006. To what extent do you approve or disapprove of…
 The way Kemi Badenoch is handling her job as leader of the Conservative Party",Leader favourability (Badenoch),badenoch,Approve,Neither approve nor disapprove,Disapprove,,,,,,,,28.1,19.7,39.2,,,,,,,,VI-2026-07-15-Opinium-Observer-Web-Tables-1227.xlsx,V006 (2)
"2,050 UK adults",15th - 17th July 2026,,,,2006,,region,Northern Ireland,"Q:V006. To what extent do you approve or disapprove of…
 The way Kemi Badenoch is handling her job as leader of the Conservative Party",Leader favourability (Badenoch),badenoch,Neither approve nor disapprove,,,,,,,,,,,,,,,,,,,,VI-2026-07-15-Opinium-Observer-Web-Tables-1227.xlsx,V006 (2)
"2,050 UK adults",15th - 17th July 2026,,,,2006,,total,Total,"Q:V006. To what extent do you approve or disapprove of…
 The way Ed Davey is handling his job as leader of the Liberal Democrats",Leader favourability (Davey),davey,Approve,Neither approve nor disapprove,Disapprove,,,,,,,,22.9,35.2,25.1,,,,,,,,VI-2026-07-15-Opinium-Observer-Web-Tables-1227.xlsx,V006 (3)
"2,050 UK adults",15th - 17th July 2026,,,,2006,,current_vote,Con,"Q:V006. To what extent do you approve or disapprove of…
 The way Ed Davey is handling his job as leader of the Liberal Democrats",Leader favourability (Davey),davey,Approve,Neither approve nor disapprove,Disapprove,,,,,,,,16.3,44.1,28.9,,,,,,,,VI-2026-07-15-Opinium-Observer-Web-Tables-1227.xlsx,V006 (3)
"2,050 UK adults",15th - 17th July 2026,,,,2006,,current_vote,Lab,"Q:V006. To what extent do you approve or disapprove of…
 The way Ed Davey is handling his job as leader of the Liberal Democrats",Leader favourability (Davey),davey,Approve,Neither approve nor disapprove,Disapprove,,,,,,,,33.5,43.3,14.0,,,,,,,,VI-2026-07-15-Opinium-Observer-Web-Tables-1227.xlsx,V006 (3)
"2,050 UK adults",15th - 17th July 2026,,,,2006,,current_vote,Lib Dem,"Q:V006. To what extent do you approve or disapprove of…
 The way Ed Davey is handling his job as leader of the Liberal Democrats",Leader favourability (Davey),davey,Approve,Neither approve nor disapprove,Disapprove,,,,,,,,65.1,20.0,7.0,,,,,,,,VI-2026-07-15-Opinium-Observer-Web-Tables-1227.xlsx,V006 (3)
"2,050 UK adults",15th - 17th July 2026,,,,2006,,current_vote,Reform,"Q:V006. To what extent do you approve or disapprove of…
 The way Ed Davey is handling his job as leader of the Liberal Democrats",Leader favourability (Davey),davey,Approve,Neither approve nor disapprove,Disapprove,,,,,,,,10.0,32.9,47.5,,,,,,,,VI-2026-07-15-Opinium-Observer-Web-Tables-1227.xlsx,V006 (3)
"2,050 UK adults",15th - 17th July 2026,,,,2006,,current_vote,Green,"Q:V006. To what extent do you approve or disapprove of…
 The way Ed Davey is handling his job as leader of the Liberal Democrats",Leader favourability (Davey),davey,Approve,Neither approve nor disapprove,Disapprove,,,,,,,,25.6,35.0,20.5,,,,,,,,VI-2026-07-15-Opinium-Observer-Web-Tables-1227.xlsx,V006 (3)
"2,050 UK adults",15th - 17th July 2026,,,,2006,,historic_vote,Conservative,"Q:V006. To what extent do you approve or disapprove of…
 The way Ed Davey is handling his job as leader of the Liberal Democrats",Leader favourability (Davey),davey,Approve,Neither approve nor disapprove,Disapprove,,,,,,,,15.6,41.1,33.9,,,,,,,,VI-2026-07-15-Opinium-Observer-Web-Tables-1227.xlsx,V006 (3)
"2,050 UK adults",15th - 17th July 2026,,,,2006,,historic_vote,Labour,"Q:V006. To what extent do you approve or disapprove of…
 The way Ed Davey is handling his job as leader of the Liberal Democrats",Leader favourability (Davey),davey,Approve,Neither approve nor disapprove,Disapprove,,,,,,,,33.6,36.9,16.2,,,,,,,,VI-2026-07-15-Opinium-Observer-Web-Tables-1227.xlsx,V006 (3)
"2,050 UK adults",15th - 17th July 2026,,,,2006,,historic_vote,Lib Dems,"Q:V006. To what extent do you approve or disapprove of…
 The way Ed Davey is handling his job as leader of the Liberal Democrats",Leader favourability (Davey),davey,Approve,Neither approve nor disapprove,Disapprove,,,,,,,,58.9,27.2,7.4,,,,,,,,VI-2026-07-15-Opinium-Observer-Web-Tables-1227.xlsx,V006 (3)
"2,050 UK adults",15th - 17th July 2026,,,,2006,,historic_vote,Green,"Q:V006. To what extent do you approve or disapprove of…
 The way Ed Davey is handling his job as leader of the Liberal Democrats",Leader favourability (Davey),davey,Approve,Neither approve nor disapprove,Disapprove,,,,,,,,17.7,46.2,19.8,,,,,,,,VI-2026-07-15-Opinium-Observer-Web-Tables-1227.xlsx,V006 (3)
"2,050 UK adults",15th - 17th July 2026,,,,2006,,historic_vote,Reform UK,"Q:V006. To what extent do you approve or disapprove of…
 The way Ed Davey is handling his job as leader of the Liberal Democrats",Leader favourability (Davey),davey,Approve,Neither approve nor disapprove,Disapprove,,,,,,,,10.8,26.6,52.9,,,,,,,,VI-2026-07-15-Opinium-Observer-Web-Tables-1227.xlsx,V006 (3)
"2,050 UK adults",15th - 17th July 2026,,,,2006,,historic_vote,Con,"Q:V006. To what extent do you approve or disapprove of…
 The way Ed Davey is handling his job as leader of the Liberal Democrats",Leader favourability (Davey),davey,Approve,Neither approve nor disapprove,Disapprove,,,,,,,,16.5,36.7,35.6,,,,,,,,VI-2026-07-15-Opinium-Observer-Web-Tables-1227.xlsx,V006 (3)
"2,050 UK adults",15th - 17th July 2026,,,,2006,,historic_vote,Lab,"Q:V006. To what extent do you approve or disapprove of…
 The way Ed Davey is handling his job as leader of the Liberal Democrats",Leader favourability (Davey),davey,Approve,Neither approve nor disapprove,Disapprove,,,,,,,,31.9,37.6,17.9,,,,,,,,VI-2026-07-15-Opinium-Observer-Web-Tables-1227.xlsx,V006 (3)
"2,050 UK adults",15th - 17th July 2026,,,,2006,,historic_vote,Lib Dem,"Q:V006. To what extent do you approve or disapprove of…
 The way Ed Davey is handling his job as leader of the Liberal Democrats",Leader favourability (Davey),davey,Approve,Neither approve nor disapprove,Disapprove,,,,,,,,53.6,30.5,7.1,,,,,,,,VI-2026-07-15-Opinium-Observer-Web-Tables-1227.xlsx,V006 (3)
"2,050 UK adults",15th - 17th July 2026,,,,2006,,historic_vote,Remain,"Q:V006. To what extent do you approve or disapprove of…
 The way Ed Davey is handling his job as leader of the Liberal Democrats",Leader favourability (Davey),davey,Approve,Neither approve nor disapprove,Disapprove,,,,,,,,35.7,35.4,14.8,,,,,,,,VI-2026-07-15-Opinium-Observer-Web-Tables-1227.xlsx,V006 (3)
"2,050 UK adults",15th - 17th July 2026,,,,2006,,historic_vote,Leave,"Q:V006. To what extent do you approve or disapprove of…
 The way Ed Davey is handling his job as leader of the Liberal Democrats",Leader favourability (Davey),davey,Approve,Neither approve nor disapprove,Disapprove,,,,,,,,13.1,35.5,38.1,,,,,,,,VI-2026-07-15-Opinium-Observer-Web-Tables-1227.xlsx,V006 (3)
"2,050 UK adults",15th - 17th July 2026,,,,2006,,gender,Male,"Q:V006. To what extent do you approve or disapprove of…
 The way Ed Davey is handling his job as leader of the Liberal Democrats",Leader favourability (Davey),davey,Approve,Neither approve nor disapprove,Disapprove,,,,,,,,23.4,33.3,30.9,,,,,,,,VI-2026-07-15-Opinium-Observer-Web-Tables-1227.xlsx,V006 (3)
"2,050 UK adults",15th - 17th July 2026,,,,2006,,gender,Female,"Q:V006. To what extent do you approve or disapprove of…
 The way Ed Davey is handling his job as leader of the Liberal Democrats",Leader favourability (Davey),davey,Approve,Neither approve nor disapprove,Disapprove,,,,,,,,22.6,36.8,20.0,,,,,,,,VI-2026-07-15-Opinium-Observer-Web-Tables-1227.xlsx,V006 (3)
"2,050 UK adults",15th - 17th July 2026,,,,2006,,age,18-34,"Q:V006. To what extent do you approve or disapprove of…
 The way Ed Davey is handling his job as leader of the Liberal Democrats",Leader favourability (Davey),davey,Approve,Neither approve nor disapprove,Disapprove,,,,,,,,28.4,35.7,18.7,,,,,,,,VI-2026-07-15-Opinium-Observer-Web-Tables-1227.xlsx,V006 (3)
"2,050 UK adults",15th - 17th July 2026,,,,2006,,age,35-49,"Q:V006. To what extent do you approve or disapprove of…
 The way Ed Davey is handling his job as leader of the Liberal Democrats",Leader favourability (Davey),davey,Approve,Neither approve nor disapprove,Disapprove,,,,,,,,22.4,33.4,24.3,,,,,,,,VI-2026-07-15-Opinium-Observer-Web-Tables-1227.xlsx,V006 (3)
"2,050 UK adults",15th - 17th July 2026,,,,2006,,age,50-64,"Q:V006. To what extent do you approve or disapprove of…
 The way Ed Davey is handling his job as leader of the Liberal Democrats",Leader favourability (Davey),davey,Approve,Neither approve nor disapprove,Disapprove,,,,,,,,20.7,35.4,27.9,,,,,,,,VI-2026-07-15-Opinium-Observer-Web-Tables-1227.xlsx,V006 (3)
"2,050 UK adults",15th - 17th July 2026,,,,2006,,age,65+,"Q:V006. To what extent do you approve or disapprove of…
 The way Ed Davey is handling his job as leader of the Liberal Democrats",Leader favourability (Davey),davey,Approve,Neither approve nor disapprove,Disapprove,,,,,,,,19.5,36.4,30.2,,,,,,,,VI-2026-07-15-Opinium-Observer-Web-Tables-1227.xlsx,V006 (3)
"2,050 UK adults",15th - 17th July 2026,,,,2006,,region,North,"Q:V006. To what extent do you approve or disapprove of…
 The way Ed Davey is handling his job as leader of the Liberal Democrats",Leader favourability (Davey),davey,Approve,Neither approve nor disapprove,Disapprove,,,,,,,,23.1,33.0,26.7,,,,,,,,VI-2026-07-15-Opinium-Observer-Web-Tables-1227.xlsx,V006 (3)
"2,050 UK adults",15th - 17th July 2026,,,,2006,,region,Mids,"Q:V006. To what extent do you approve or disapprove of…
 The way Ed Davey is handling his job as leader of the Liberal Democrats",Leader favourability (Davey),davey,Approve,Neither approve nor disapprove,Disapprove,,,,,,,,21.4,34.4,25.3,,,,,,,,VI-2026-07-15-Opinium-Observer-Web-Tables-1227.xlsx,V006 (3)
"2,050 UK adults",15th - 17th July 2026,,,,2006,,region,London,"Q:V006. To what extent do you approve or disapprove of…
 The way Ed Davey is handling his job as leader of the Liberal Democrats",Leader favourability (Davey),davey,Approve,Neither approve nor disapprove,Disapprove,,,,,,,,28.7,36.8,22.4,,,,,,,,VI-2026-07-15-Opinium-Observer-Web-Tables-1227.xlsx,V006 (3)
"2,050 UK adults",15th - 17th July 2026,,,,2006,,region,South,"Q:V006. To what extent do you approve or disapprove of…
 The way Ed Davey is handling his job as leader of the Liberal Democrats",Leader favourability (Davey),davey,Approve,Neither approve nor disapprove,Disapprove,,,,,,,,21.0,37.8,24.2,,,,,,,,VI-2026-07-15-Opinium-Observer-Web-Tables-1227.xlsx,V006 (3)
"2,050 UK adults",15th - 17th July 2026,,,,2006,,region,Wales,"Q:V006. To what extent do you approve or disapprove of…
 The way Ed Davey is handling his job as leader of the Liberal Democrats",Leader favourability (Davey),davey,Approve,Neither approve nor disapprove,Disapprove,,,,,,,,21.6,33.8,26.8,,,,,,,,VI-2026-07-15-Opinium-Observer-Web-Tables-1227.xlsx,V006 (3)
"2,050 UK adults",15th - 17th July 2026,,,,2006,,region,Scotland,"Q:V006. To what extent do you approve or disapprove of…
 The way Ed Davey is handling his job as leader of the Liberal Democrats",Leader favourability (Davey),davey,Approve,Neither approve nor disapprove,Disapprove,,,,,,,,23.4,31.6,26.9,,,,,,,,VI-2026-07-15-Opinium-Observer-Web-Tables-1227.xlsx,V006 (3)
"2,050 UK adults",15th - 17th July 2026,,,,2006,,region,Northern Ireland,"Q:V006. To what extent do you approve or disapprove of…
 The way Ed Davey is handling his job as leader of the Liberal Democrats",Leader favourability (Davey),davey,Neither approve nor disapprove,,,,,,,,,,,,,,,,,,,,VI-2026-07-15-Opinium-Observer-Web-Tables-1227.xlsx,V006 (3)
"2,050 UK adults",15th - 17th July 2026,,,,2006,,total,Total,"Q:V006. To what extent do you approve or disapprove of…
 The way Nigel Farage is handling his job as leader of Reform UK",Leader favourability (Farage),farage,Approve,Neither approve nor disapprove,Disapprove,,,,,,,,25.7,16.5,51.9,,,,,,,,VI-2026-07-15-Opinium-Observer-Web-Tables-1227.xlsx,V006 (4)
"2,050 UK adults",15th - 17th July 2026,,,,2006,,current_vote,Con,"Q:V006. To what extent do you approve or disapprove of…
 The way Nigel Farage is handling his job as leader of Reform UK",Leader favourability (Farage),farage,Approve,Neither approve nor disapprove,Disapprove,,,,,,,,25.9,23.2,47.8,,,,,,,,VI-2026-07-15-Opinium-Observer-Web-Tables-1227.xlsx,V006 (4)
"2,050 UK adults",15th - 17th July 2026,,,,2006,,current_vote,Lab,"Q:V006. To what extent do you approve or disapprove of…
 The way Nigel Farage is handling his job as leader of Reform UK",Leader favourability (Farage),farage,Approve,Neither approve nor disapprove,Disapprove,,,,,,,,13.1,13.6,70.3,,,,,,,,VI-2026-07-15-Opinium-Observer-Web-Tables-1227.xlsx,V006 (4)
"2,050 UK adults",15th - 17th July 2026,,,,2006,,current_vote,Lib Dem,"Q:V006. To what extent do you approve or disapprove of…
 The way Nigel Farage is handling his job as leader of Reform UK",Leader favourability (Farage),farage,Approve,Neither approve nor disapprove,Disapprove,,,,,,,,9.3,15.8,72.1,,,,,,,,VI-2026-07-15-Opinium-Observer-Web-Tables-1227.xlsx,V006 (4)
"2,050 UK adults",15th - 17th July 2026,,,,2006,,current_vote,Reform,"Q:V006. To what extent do you approve or disapprove of…
 The way Nigel Farage is handling his job as leader of Reform UK",Leader favourability (Farage),farage,Approve,Neither approve nor disapprove,Disapprove,,,,,,,,82.4,9.8,7.0,,,,,,,,VI-2026-07-15-Opinium-Observer-Web-Tables-1227.xlsx,V006 (4)
"2,050 UK adults",15th - 17th July 2026,,,,2006,,current_vote,Green,"Q:V006. To what extent do you approve or disapprove of…
 The way Nigel Farage is handling his job as leader of Reform UK",Leader favourability (Farage),farage,Approve,Neither approve nor disapprove,Disapprove,,,,,,,,4.1,6.1,87.2,,,,,,,,VI-2026-07-15-Opinium-Observer-Web-Tables-1227.xlsx,V006 (4)
"2,050 UK adults",15th - 17th July 2026,,,,2006,,historic_vote,Conservative,"Q:V006. To what extent do you approve or disapprove of…
 The way Nigel Farage is handling his job as leader of Reform UK",Leader favourability (Farage),farage,Approve,Neither approve nor disapprove,Disapprove,,,,,,,,35.7,20.5,41.0,,,,,,,,VI-2026-07-15-Opinium-Observer-Web-Tables-1227.xlsx,V006 (4)
"2,050 UK adults",15th - 17th July 2026,,,,2006,,historic_vote,Labour,"Q:V006. To what extent do you approve or disapprove of…
 The way Nigel Farage is handling his job as leader of Reform UK",Leader favourability (Farage),farage,Approve,Neither approve nor disapprove,Disapprove,,,,,,,,17.2,12.4,67.2,,,,,,,,VI-2026-07-15-Opinium-Observer-Web-Tables-1227.xlsx,V006 (4)
"2,050 UK adults",15th - 17th July 2026,,,,2006,,historic_vote,Lib Dems,"Q:V006. To what extent do you approve or disapprove of…
 The way Nigel Farage is handling his job as leader of Reform UK",Leader favourability (Farage),farage,Approve,Neither approve nor disapprove,Disapprove,,,,,,,,13.1,15.9,68.6,,,,,,,,VI-2026-07-15-Opinium-Observer-Web-Tables-1227.xlsx,V006 (4)
"2,050 UK adults",15th - 17th July 2026,,,,2006,,historic_vote,Green,"Q:V006. To what extent do you approve or disapprove of…
 The way Nigel Farage is handling his job as leader of Reform UK",Leader favourability (Farage),farage,Approve,Neither approve nor disapprove,Disapprove,,,,,,,,9.4,10.9,76.0,,,,,,,,VI-2026-07-15-Opinium-Observer-Web-Tables-1227.xlsx,V006 (4)
"2,050 UK adults",15th - 17th July 2026,,,,2006,,historic_vote,Reform UK,"Q:V006. To what extent do you approve or disapprove of…
 The way Nigel Farage is handling his job as leader of Reform UK",Leader favourability (Farage),farage,Approve,Neither approve nor disapprove,Disapprove,,,,,,,,73.0,13.0,12.8,,,,,,,,VI-2026-07-15-Opinium-Observer-Web-Tables-1227.xlsx,V006 (4)
"2,050 UK adults",15th - 17th July 2026,,,,2006,,historic_vote,Con,"Q:V006. To what extent do you approve or disapprove of…
 The way Nigel Farage is handling his job as leader of Reform UK",Leader favourability (Farage),farage,Approve,Neither approve nor disapprove,Disapprove,,,,,,,,41.8,18.7,37.4,,,,,,,,VI-2026-07-15-Opinium-Observer-Web-Tables-1227.xlsx,V006 (4)
"2,050 UK adults",15th - 17th July 2026,,,,2006,,historic_vote,Lab,"Q:V006. To what extent do you approve or disapprove of…
 The way Nigel Farage is handling his job as leader of Reform UK",Leader favourability (Farage),farage,Approve,Neither approve nor disapprove,Disapprove,,,,,,,,14.0,12.1,71.1,,,,,,,,VI-2026-07-15-Opinium-Observer-Web-Tables-1227.xlsx,V006 (4)
"2,050 UK adults",15th - 17th July 2026,,,,2006,,historic_vote,Lib Dem,"Q:V006. To what extent do you approve or disapprove of…
 The way Nigel Farage is handling his job as leader of Reform UK",Leader favourability (Farage),farage,Approve,Neither approve nor disapprove,Disapprove,,,,,,,,11.4,10.1,77.9,,,,,,,,VI-2026-07-15-Opinium-Observer-Web-Tables-1227.xlsx,V006 (4)
"2,050 UK adults",15th - 17th July 2026,,,,2006,,historic_vote,Remain,"Q:V006. To what extent do you approve or disapprove of…
 The way Nigel Farage is handling his job as leader of Reform UK",Leader favourability (Farage),farage,Approve,Neither approve nor disapprove,Disapprove,,,,,,,,11.8,14.1,71.0,,,,,,,,VI-2026-07-15-Opinium-Observer-Web-Tables-1227.xlsx,V006 (4)
"2,050 UK adults",15th - 17th July 2026,,,,2006,,historic_vote,Leave,"Q:V006. To what extent do you approve or disapprove of…
 The way Nigel Farage is handling his job as leader of Reform UK",Leader favourability (Farage),farage,Approve,Neither approve nor disapprove,Disapprove,,,,,,,,43.8,16.7,36.3,,,,,,,,VI-2026-07-15-Opinium-Observer-Web-Tables-1227.xlsx,V006 (4)
"2,050 UK adults",15th - 17th July 2026,,,,2006,,gender,Male,"Q:V006. To what extent do you approve or disapprove of…
 The way Nigel Farage is handling his job as leader of Reform UK",Leader favourability (Farage),farage,Approve,Neither approve nor disapprove,Disapprove,,,,,,,,30.9,17.1,47.9,,,,,,,,VI-2026-07-15-Opinium-Observer-Web-Tables-1227.xlsx,V006 (4)
"2,050 UK adults",15th - 17th July 2026,,,,2006,,gender,Female,"Q:V006. To what extent do you approve or disapprove of…
 The way Nigel Farage is handling his job as leader of Reform UK",Leader favourability (Farage),farage,Approve,Neither approve nor disapprove,Disapprove,,,,,,,,21.2,16.0,55.5,,,,,,,,VI-2026-07-15-Opinium-Observer-Web-Tables-1227.xlsx,V006 (4)
"2,050 UK adults",15th - 17th July 2026,,,,2006,,age,18-34,"Q:V006. To what extent do you approve or disapprove of…
 The way Nigel Farage is handling his job as leader of Reform UK",Leader favourability (Farage),farage,Approve,Neither approve nor disapprove,Disapprove,,,,,,,,26.0,18.0,50.4,,,,,,,,VI-2026-07-15-Opinium-Observer-Web-Tables-1227.xlsx,V006 (4)
"2,050 UK adults",15th - 17th July 2026,,,,2006,,age,35-49,"Q:V006. To what extent do you approve or disapprove of…
 The way Nigel Farage is handling his job as leader of Reform UK",Leader favourability (Farage),farage,Approve,Neither approve nor disapprove,Disapprove,,,,,,,,25.3,13.3,53.9,,,,,,,,VI-2026-07-15-Opinium-Observer-Web-Tables-1227.xlsx,V006 (4)
"2,050 UK adults",15th - 17th July 2026,,,,2006,,age,50-64,"Q:V006. To what extent do you approve or disapprove of…
 The way Nigel Farage is handling his job as leader of Reform UK",Leader favourability (Farage),farage,Approve,Neither approve nor disapprove,Disapprove,,,,,,,,22.9,19.0,51.6,,,,,,,,VI-2026-07-15-Opinium-Observer-Web-Tables-1227.xlsx,V006 (4)
"2,050 UK adults",15th - 17th July 2026,,,,2006,,age,65+,"Q:V006. To what extent do you approve or disapprove of…
 The way Nigel Farage is handling his job as leader of Reform UK",Leader favourability (Farage),farage,Approve,Neither approve nor disapprove,Disapprove,,,,,,,,29.0,15.1,51.7,,,,,,,,VI-2026-07-15-Opinium-Observer-Web-Tables-1227.xlsx,V006 (4)
"2,050 UK adults",15th - 17th July 2026,,,,2006,,region,North,"Q:V006. To what extent do you approve or disapprove of…
 The way Nigel Farage is handling his job as leader of Reform UK",Leader favourability (Farage),farage,Approve,Neither approve nor disapprove,Disapprove,,,,,,,,25.6,17.0,52.3,,,,,,,,VI-2026-07-15-Opinium-Observer-Web-Tables-1227.xlsx,V006 (4)
"2,050 UK adults",15th - 17th July 2026,,,,2006,,region,Mids,"Q:V006. To what extent do you approve or disapprove of…
 The way Nigel Farage is handling his job as leader of Reform UK",Leader favourability (Farage),farage,Approve,Neither approve nor disapprove,Disapprove,,,,,,,,25.3,21.0,48.2,,,,,,,,VI-2026-07-15-Opinium-Observer-Web-Tables-1227.xlsx,V006 (4)
"2,050 UK adults",15th - 17th July 2026,,,,2006,,region,London,"Q:V006. To what extent do you approve or disapprove of…
 The way Nigel Farage is handling his job as leader of Reform UK",Leader favourability (Farage),farage,Approve,Neither approve nor disapprove,Disapprove,,,,,,,,27.6,19.3,50.4,,,,,,,,VI-2026-07-15-Opinium-Observer-Web-Tables-1227.xlsx,V006 (4)
"2,050 UK adults",15th - 17th July 2026,,,,2006,,region,South,"Q:V006. To what extent do you approve or disapprove of…
 The way Nigel Farage is handling his job as leader of Reform UK",Leader favourability (Farage),farage,Approve,Neither approve nor disapprove,Disapprove,,,,,,,,26.0,14.4,53.2,,,,,,,,VI-2026-07-15-Opinium-Observer-Web-Tables-1227.xlsx,V006 (4)
"2,050 UK adults",15th - 17th July 2026,,,,2006,,region,Wales,"Q:V006. To what extent do you approve or disapprove of…
 The way Nigel Farage is handling his job as leader of Reform UK",Leader favourability (Farage),farage,Approve,Neither approve nor disapprove,Disapprove,,,,,,,,24.7,11.5,56.7,,,,,,,,VI-2026-07-15-Opinium-Observer-Web-Tables-1227.xlsx,V006 (4)
"2,050 UK adults",15th - 17th July 2026,,,,2006,,region,Scotland,"Q:V006. To what extent do you approve or disapprove of…
 The way Nigel Farage is handling his job as leader of Reform UK",Leader favourability (Farage),farage,Approve,Neither approve nor disapprove,Disapprove,,,,,,,,24.0,12.2,54.4,,,,,,,,VI-2026-07-15-Opinium-Observer-Web-Tables-1227.xlsx,V006 (4)
"2,050 UK adults",15th - 17th July 2026,,,,2006,,region,Northern Ireland,"Q:V006. To what extent do you approve or disapprove of…
 The way Nigel Farage is handling his job as leader of Reform UK",Leader favourability (Farage),farage,Neither approve nor disapprove,,,,,,,,,,,,,,,,,,,,VI-2026-07-15-Opinium-Observer-Web-Tables-1227.xlsx,V006 (4)
"2,050 UK adults",15th - 17th July 2026,,,,2006,,total,Total,"Q:V006. To what extent do you approve or disapprove of…
 The way Rachel Reeves is handling her job as Chancellor of the Exchequer",UNMATCHED,,Approve,Neither approve nor disapprove,Disapprove,,,,,,,,16.0,19.2,53.4,,,,,,,,VI-2026-07-15-Opinium-Observer-Web-Tables-1227.xlsx,V006 (5)
"2,050 UK adults",15th - 17th July 2026,,,,2006,,current_vote,Con,"Q:V006. To what extent do you approve or disapprove of…
 The way Rachel Reeves is handling her job as Chancellor of the Exchequer",UNMATCHED,,Approve,Neither approve nor disapprove,Disapprove,,,,,,,,12.6,13.7,70.1,,,,,,,,VI-2026-07-15-Opinium-Observer-Web-Tables-1227.xlsx,V006 (5)
"2,050 UK adults",15th - 17th July 2026,,,,2006,,current_vote,Lab,"Q:V006. To what extent do you approve or disapprove of…
 The way Rachel Reeves is handling her job as Chancellor of the Exchequer",UNMATCHED,,Approve,Neither approve nor disapprove,Disapprove,,,,,,,,39.5,28.6,24.3,,,,,,,,VI-2026-07-15-Opinium-Observer-Web-Tables-1227.xlsx,V006 (5)
"2,050 UK adults",15th - 17th July 2026,,,,2006,,current_vote,Lib Dem,"Q:V006. To what extent do you approve or disapprove of…
 The way Rachel Reeves is handling her job as Chancellor of the Exchequer",UNMATCHED,,Approve,Neither approve nor disapprove,Disapprove,,,,,,,,16.3,19.7,57.6,,,,,,,,VI-2026-07-15-Opinium-Observer-Web-Tables-1227.xlsx,V006 (5)
"2,050 UK adults",15th - 17th July 2026,,,,2006,,current_vote,Reform,"Q:V006. To what extent do you approve or disapprove of…
 The way Rachel Reeves is handling her job as Chancellor of the Exchequer",UNMATCHED,,Approve,Neither approve nor disapprove,Disapprove,,,,,,,,9.7,9.6,75.7,,,,,,,,VI-2026-07-15-Opinium-Observer-Web-Tables-1227.xlsx,V006 (5)
"2,050 UK adults",15th - 17th July 2026,,,,2006,,current_vote,Green,"Q:V006. To what extent do you approve or disapprove of…
 The way Rachel Reeves is handling her job as Chancellor of the Exchequer",UNMATCHED,,Approve,Neither approve nor disapprove,Disapprove,,,,,,,,14.6,22.2,46.6,,,,,,,,VI-2026-07-15-Opinium-Observer-Web-Tables-1227.xlsx,V006 (5)
"2,050 UK adults",15th - 17th July 2026,,,,2006,,historic_vote,Conservative,"Q:V006. To what extent do you approve or disapprove of…
 The way Rachel Reeves is handling her job as Chancellor of the Exchequer",UNMATCHED,,Approve,Neither approve nor disapprove,Disapprove,,,,,,,,9.1,10.7,77.3,,,,,,,,VI-2026-07-15-Opinium-Observer-Web-Tables-1227.xlsx,V006 (5)
"2,050 UK adults",15th - 17th July 2026,,,,2006,,historic_vote,Labour,"Q:V006. To what extent do you approve or disapprove of…
 The way Rachel Reeves is handling her job as Chancellor of the Exchequer",UNMATCHED,,Approve,Neither approve nor disapprove,Disapprove,,,,,,,,29.5,24.2,39.2,,,,,,,,VI-2026-07-15-Opinium-Observer-Web-Tables-1227.xlsx,V006 (5)
"2,050 UK adults",15th - 17th July 2026,,,,2006,,historic_vote,Lib Dems,"Q:V006. To what extent do you approve or disapprove of…
 The way Rachel Reeves is handling her job as Chancellor of the Exchequer",UNMATCHED,,Approve,Neither approve nor disapprove,Disapprove,,,,,,,,17.7,21.4,56.6,,,,,,,,VI-2026-07-15-Opinium-Observer-Web-Tables-1227.xlsx,V006 (5)
"2,050 UK adults",15th - 17th July 2026,,,,2006,,historic_vote,Green,"Q:V006. To what extent do you approve or disapprove of…
 The way Rachel Reeves is handling her job as Chancellor of the Exchequer",UNMATCHED,,Approve,Neither approve nor disapprove,Disapprove,,,,,,,,12.5,22.9,50.0,,,,,,,,VI-2026-07-15-Opinium-Observer-Web-Tables-1227.xlsx,V006 (5)
"2,050 UK adults",15th - 17th July 2026,,,,2006,,historic_vote,Reform UK,"Q:V006. To what extent do you approve or disapprove of…
 The way Rachel Reeves is handling her job as Chancellor of the Exchequer",UNMATCHED,,Approve,Neither approve nor disapprove,Disapprove,,,,,,,,10.3,8.5,77.5,,,,,,,,VI-2026-07-15-Opinium-Observer-Web-Tables-1227.xlsx,V006 (5)
"2,050 UK adults",15th - 17th July 2026,,,,2006,,historic_vote,Con,"Q:V006. To what extent do you approve or disapprove of…
 The way Rachel Reeves is handling her job as Chancellor of the Exchequer",UNMATCHED,,Approve,Neither approve nor disapprove,Disapprove,,,,,,,,8.3,10.2,77.7,,,,,,,,VI-2026-07-15-Opinium-Observer-Web-Tables-1227.xlsx,V006 (5)
"2,050 UK adults",15th - 17th July 2026,,,,2006,,historic_vote,Lab,"Q:V006. To what extent do you approve or disapprove of…
 The way Rachel Reeves is handling her job as Chancellor of the Exchequer",UNMATCHED,,Approve,Neither approve nor disapprove,Disapprove,,,,,,,,29.1,24.4,39.9,,,,,,,,VI-2026-07-15-Opinium-Observer-Web-Tables-1227.xlsx,V006 (5)
"2,050 UK adults",15th - 17th July 2026,,,,2006,,historic_vote,Lib Dem,"Q:V006. To what extent do you approve or disapprove of…
 The way Rachel Reeves is handling her job as Chancellor of the Exchequer",UNMATCHED,,Approve,Neither approve nor disapprove,Disapprove,,,,,,,,22.1,19.3,55.7,,,,,,,,VI-2026-07-15-Opinium-Observer-Web-Tables-1227.xlsx,V006 (5)
"2,050 UK adults",15th - 17th July 2026,,,,2006,,historic_vote,Remain,"Q:V006. To what extent do you approve or disapprove of…
 The way Rachel Reeves is handling her job as Chancellor of the Exchequer",UNMATCHED,,Approve,Neither approve nor disapprove,Disapprove,,,,,,,,22.4,22.4,48.3,,,,,,,,VI-2026-07-15-Opinium-Observer-Web-Tables-1227.xlsx,V006 (5)
"2,050 UK adults",15th - 17th July 2026,,,,2006,,historic_vote,Leave,"Q:V006. To what extent do you approve or disapprove of…
 The way Rachel Reeves is handling her job as Chancellor of the Exchequer",UNMATCHED,,Approve,Neither approve nor disapprove,Disapprove,,,,,,,,9.1,12.3,72.5,,,,,,,,VI-2026-07-15-Opinium-Observer-Web-Tables-1227.xlsx,V006 (5)
"2,050 UK adults",15th - 17th July 2026,,,,2006,,gender,Male,"Q:V006. To what extent do you approve or disapprove of…
 The way Rachel Reeves is handling her job as Chancellor of the Exchequer",UNMATCHED,,Approve,Neither approve nor disapprove,Disapprove,,,,,,,,20.1,17.3,54.5,,,,,,,,VI-2026-07-15-Opinium-Observer-Web-Tables-1227.xlsx,V006 (5)
"2,050 UK adults",15th - 17th July 2026,,,,2006,,gender,Female,"Q:V006. To what extent do you approve or disapprove of…
 The way Rachel Reeves is handling her job as Chancellor of the Exchequer",UNMATCHED,,Approve,Neither approve nor disapprove,Disapprove,,,,,,,,12.3,20.9,52.7,,,,,,,,VI-2026-07-15-Opinium-Observer-Web-Tables-1227.xlsx,V006 (5)
"2,050 UK adults",15th - 17th July 2026,,,,2006,,age,18-34,"Q:V006. To what extent do you approve or disapprove of…
 The way Rachel Reeves is handling her job as Chancellor of the Exchequer",UNMATCHED,,Approve,Neither approve nor disapprove,Disapprove,,,,,,,,27.3,25.3,28.9,,,,,,,,VI-2026-07-15-Opinium-Observer-Web-Tables-1227.xlsx,V006 (5)
"2,050 UK adults",15th - 17th July 2026,,,,2006,,age,35-49,"Q:V006. To what extent do you approve or disapprove of…
 The way Rachel Reeves is handling her job as Chancellor of the Exchequer",UNMATCHED,,Approve,Neither approve nor disapprove,Disapprove,,,,,,,,15.6,18.7,52.1,,,,,,,,VI-2026-07-15-Opinium-Observer-Web-Tables-1227.xlsx,V006 (5)
"2,050 UK adults",15th - 17th July 2026,,,,2006,,age,50-64,"Q:V006. To what extent do you approve or disapprove of…
 The way Rachel Reeves is handling her job as Chancellor of the Exchequer",UNMATCHED,,Approve,Neither approve nor disapprove,Disapprove,,,,,,,,12.0,20.2,60.0,,,,,,,,VI-2026-07-15-Opinium-Observer-Web-Tables-1227.xlsx,V006 (5)
"2,050 UK adults",15th - 17th July 2026,,,,2006,,age,65+,"Q:V006. To what extent do you approve or disapprove of…
 The way Rachel Reeves is handling her job as Chancellor of the Exchequer",UNMATCHED,,Approve,Neither approve nor disapprove,Disapprove,,,,,,,,6.9,11.5,76.3,,,,,,,,VI-2026-07-15-Opinium-Observer-Web-Tables-1227.xlsx,V006 (5)
"2,050 UK adults",15th - 17th July 2026,,,,2006,,region,North,"Q:V006. To what extent do you approve or disapprove of…
 The way Rachel Reeves is handling her job as Chancellor of the Exchequer",UNMATCHED,,Approve,Neither approve nor disapprove,Disapprove,,,,,,,,15.2,19.0,55.6,,,,,,,,VI-2026-07-15-Opinium-Observer-Web-Tables-1227.xlsx,V006 (5)
"2,050 UK adults",15th - 17th July 2026,,,,2006,,region,Mids,"Q:V006. To what extent do you approve or disapprove of…
 The way Rachel Reeves is handling her job as Chancellor of the Exchequer",UNMATCHED,,Approve,Neither approve nor disapprove,Disapprove,,,,,,,,13.6,20.4,53.9,,,,,,,,VI-2026-07-15-Opinium-Observer-Web-Tables-1227.xlsx,V006 (5)
"2,050 UK adults",15th - 17th July 2026,,,,2006,,region,London,"Q:V006. To what extent do you approve or disapprove of…
 The way Rachel Reeves is handling her job as Chancellor of the Exchequer",UNMATCHED,,Approve,Neither approve nor disapprove,Disapprove,,,,,,,,21.3,22.8,42.5,,,,,,,,VI-2026-07-15-Opinium-Observer-Web-Tables-1227.xlsx,V006 (5)
"2,050 UK adults",15th - 17th July 2026,,,,2006,,region,South,"Q:V006. To what extent do you approve or disapprove of…
 The way Rachel Reeves is handling her job as Chancellor of the Exchequer",UNMATCHED,,Approve,Neither approve nor disapprove,Disapprove,,,,,,,,14.0,18.6,55.8,,,,,,,,VI-2026-07-15-Opinium-Observer-Web-Tables-1227.xlsx,V006 (5)
"2,050 UK adults",15th - 17th July 2026,,,,2006,,region,Wales,"Q:V006. To what extent do you approve or disapprove of…
 The way Rachel Reeves is handling her job as Chancellor of the Exchequer",UNMATCHED,,Approve,Neither approve nor disapprove,Disapprove,,,,,,,,18.6,18.4,55.7,,,,,,,,VI-2026-07-15-Opinium-Observer-Web-Tables-1227.xlsx,V006 (5)
"2,050 UK adults",15th - 17th July 2026,,,,2006,,region,Scotland,"Q:V006. To what extent do you approve or disapprove of…
 The way Rachel Reeves is handling her job as Chancellor of the Exchequer",UNMATCHED,,Approve,Neither approve nor disapprove,Disapprove,,,,,,,,20.5,14.1,53.8,,,,,,,,VI-2026-07-15-Opinium-Observer-Web-Tables-1227.xlsx,V006 (5)
"2,050 UK adults",15th - 17th July 2026,,,,2006,,region,Northern Ireland,"Q:V006. To what extent do you approve or disapprove of…
 The way Rachel Reeves is handling her job as Chancellor of the Exchequer",UNMATCHED,,Neither approve nor disapprove,,,,,,,,,,,,,,,,,,,,VI-2026-07-15-Opinium-Observer-Web-Tables-1227.xlsx,V006 (5)
"2,050 UK adults",15th - 17th July 2026,,,,2006,,total,Total,"Q:V006. To what extent do you approve or disapprove of…
 The way Zack Polanski is handling his job as leader of the Green Party of England and Wales",Leader favourability (Polanski),polanski,Approve,Neither approve nor disapprove,Disapprove,,,,,,,,22.1,24.8,37.1,,,,,,,,VI-2026-07-15-Opinium-Observer-Web-Tables-1227.xlsx,V006 (6)
"2,050 UK adults",15th - 17th July 2026,,,,2006,,current_vote,Con,"Q:V006. To what extent do you approve or disapprove of…
 The way Zack Polanski is handling his job as leader of the Green Party of England and Wales",Leader favourability (Polanski),polanski,Approve,Neither approve nor disapprove,Disapprove,,,,,,,,10.3,25.3,51.8,,,,,,,,VI-2026-07-15-Opinium-Observer-Web-Tables-1227.xlsx,V006 (6)
"2,050 UK adults",15th - 17th July 2026,,,,2006,,current_vote,Lab,"Q:V006. To what extent do you approve or disapprove of…
 The way Zack Polanski is handling his job as leader of the Green Party of England and Wales",Leader favourability (Polanski),polanski,Approve,Neither approve nor disapprove,Disapprove,,,,,,,,31.8,33.1,22.3,,,,,,,,VI-2026-07-15-Opinium-Observer-Web-Tables-1227.xlsx,V006 (6)
"2,050 UK adults",15th - 17th July 2026,,,,2006,,current_vote,Lib Dem,"Q:V006. To what extent do you approve or disapprove of…
 The way Zack Polanski is handling his job as leader of the Green Party of England and Wales",Leader favourability (Polanski),polanski,Approve,Neither approve nor disapprove,Disapprove,,,,,,,,22.1,31.0,34.9,,,,,,,,VI-2026-07-15-Opinium-Observer-Web-Tables-1227.xlsx,V006 (6)
"2,050 UK adults",15th - 17th July 2026,,,,2006,,current_vote,Reform,"Q:V006. To what extent do you approve or disapprove of…
 The way Zack Polanski is handling his job as leader of the Green Party of England and Wales",Leader favourability (Polanski),polanski,Approve,Neither approve nor disapprove,Disapprove,,,,,,,,9.4,18.5,63.9,,,,,,,,VI-2026-07-15-Opinium-Observer-Web-Tables-1227.xlsx,V006 (6)
"2,050 UK adults",15th - 17th July 2026,,,,2006,,current_vote,Green,"Q:V006. To what extent do you approve or disapprove of…
 The way Zack Polanski is handling his job as leader of the Green Party of England and Wales",Leader favourability (Polanski),polanski,Approve,Neither approve nor disapprove,Disapprove,,,,,,,,73.5,17.4,5.0,,,,,,,,VI-2026-07-15-Opinium-Observer-Web-Tables-1227.xlsx,V006 (6)
"2,050 UK adults",15th - 17th July 2026,,,,2006,,historic_vote,Conservative,"Q:V006. To what extent do you approve or disapprove of…
 The way Zack Polanski is handling his job as leader of the Green Party of England and Wales",Leader favourability (Polanski),polanski,Approve,Neither approve nor disapprove,Disapprove,,,,,,,,8.0,21.7,59.3,,,,,,,,VI-2026-07-15-Opinium-Observer-Web-Tables-1227.xlsx,V006 (6)
"2,050 UK adults",15th - 17th July 2026,,,,2006,,historic_vote,Labour,"Q:V006. To what extent do you approve or disapprove of…
 The way Zack Polanski is handling his job as leader of the Green Party of England and Wales",Leader favourability (Polanski),polanski,Approve,Neither approve nor disapprove,Disapprove,,,,,,,,33.4,27.5,26.1,,,,,,,,VI-2026-07-15-Opinium-Observer-Web-Tables-1227.xlsx,V006 (6)
"2,050 UK adults",15th - 17th July 2026,,,,2006,,historic_vote,Lib Dems,"Q:V006. To what extent do you approve or disapprove of…
 The way Zack Polanski is handling his job as leader of the Green Party of England and Wales",Leader favourability (Polanski),polanski,Approve,Neither approve nor disapprove,Disapprove,,,,,,,,21.1,32.9,33.1,,,,,,,,VI-2026-07-15-Opinium-Observer-Web-Tables-1227.xlsx,V006 (6)
"2,050 UK adults",15th - 17th July 2026,,,,2006,,historic_vote,Green,"Q:V006. To what extent do you approve or disapprove of…
 The way Zack Polanski is handling his job as leader of the Green Party of England and Wales",Leader favourability (Polanski),polanski,Approve,Neither approve nor disapprove,Disapprove,,,,,,,,57.3,18.8,15.6,,,,,,,,VI-2026-07-15-Opinium-Observer-Web-Tables-1227.xlsx,V006 (6)
"2,050 UK adults",15th - 17th July 2026,,,,2006,,historic_vote,Reform UK,"Q:V006. To what extent do you approve or disapprove of…
 The way Zack Polanski is handling his job as leader of the Green Party of England and Wales",Leader favourability (Polanski),polanski,Approve,Neither approve nor disapprove,Disapprove,,,,,,,,9.8,16.3,67.7,,,,,,,,VI-2026-07-15-Opinium-Observer-Web-Tables-1227.xlsx,V006 (6)
"2,050 UK adults",15th - 17th July 2026,,,,2006,,historic_vote,Con,"Q:V006. To what extent do you approve or disapprove of…
 The way Zack Polanski is handling his job as leader of the Green Party of England and Wales",Leader favourability (Polanski),polanski,Approve,Neither approve nor disapprove,Disapprove,,,,,,,,8.3,18.9,61.4,,,,,,,,VI-2026-07-15-Opinium-Observer-Web-Tables-1227.xlsx,V006 (6)
"2,050 UK adults",15th - 17th July 2026,,,,2006,,historic_vote,Lab,"Q:V006. To what extent do you approve or disapprove of…
 The way Zack Polanski is handling his job as leader of the Green Party of England and Wales",Leader favourability (Polanski),polanski,Approve,Neither approve nor disapprove,Disapprove,,,,,,,,37.8,28.3,22.1,,,,,,,,VI-2026-07-15-Opinium-Observer-Web-Tables-1227.xlsx,V006 (6)
"2,050 UK adults",15th - 17th July 2026,,,,2006,,historic_vote,Lib Dem,"Q:V006. To what extent do you approve or disapprove of…
 The way Zack Polanski is handling his job as leader of the Green Party of England and Wales",Leader favourability (Polanski),polanski,Approve,Neither approve nor disapprove,Disapprove,,,,,,,,24.3,27.7,36.4,,,,,,,,VI-2026-07-15-Opinium-Observer-Web-Tables-1227.xlsx,V006 (6)
"2,050 UK adults",15th - 17th July 2026,,,,2006,,historic_vote,Remain,"Q:V006. To what extent do you approve or disapprove of…
 The way Zack Polanski is handling his job as leader of the Green Party of England and Wales",Leader favourability (Polanski),polanski,Approve,Neither approve nor disapprove,Disapprove,,,,,,,,29.6,28.7,27.4,,,,,,,,VI-2026-07-15-Opinium-Observer-Web-Tables-1227.xlsx,V006 (6)
"2,050 UK adults",15th - 17th July 2026,,,,2006,,historic_vote,Leave,"Q:V006. To what extent do you approve or disapprove of…
 The way Zack Polanski is handling his job as leader of the Green Party of England and Wales",Leader favourability (Polanski),polanski,Approve,Neither approve nor disapprove,Disapprove,,,,,,,,9.8,18.4,58.0,,,,,,,,VI-2026-07-15-Opinium-Observer-Web-Tables-1227.xlsx,V006 (6)
"2,050 UK adults",15th - 17th July 2026,,,,2006,,gender,Male,"Q:V006. To what extent do you approve or disapprove of…
 The way Zack Polanski is handling his job as leader of the Green Party of England and Wales",Leader favourability (Polanski),polanski,Approve,Neither approve nor disapprove,Disapprove,,,,,,,,21.4,23.4,43.6,,,,,,,,VI-2026-07-15-Opinium-Observer-Web-Tables-1227.xlsx,V006 (6)
"2,050 UK adults",15th - 17th July 2026,,,,2006,,gender,Female,"Q:V006. To what extent do you approve or disapprove of…
 The way Zack Polanski is handling his job as leader of the Green Party of England and Wales",Leader favourability (Polanski),polanski,Approve,Neither approve nor disapprove,Disapprove,,,,,,,,22.4,26.0,31.3,,,,,,,,VI-2026-07-15-Opinium-Observer-Web-Tables-1227.xlsx,V006 (6)
"2,050 UK adults",15th - 17th July 2026,,,,2006,,age,18-34,"Q:V006. To what extent do you approve or disapprove of…
 The way Zack Polanski is handling his job as leader of the Green Party of England and Wales",Leader favourability (Polanski),polanski,Approve,Neither approve nor disapprove,Disapprove,,,,,,,,38.9,27.9,17.8,,,,,,,,VI-2026-07-15-Opinium-Observer-Web-Tables-1227.xlsx,V006 (6)
"2,050 UK adults",15th - 17th July 2026,,,,2006,,age,35-49,"Q:V006. To what extent do you approve or disapprove of…
 The way Zack Polanski is handling his job as leader of the Green Party of England and Wales",Leader favourability (Polanski),polanski,Approve,Neither approve nor disapprove,Disapprove,,,,,,,,26.4,23.8,33.0,,,,,,,,VI-2026-07-15-Opinium-Observer-Web-Tables-1227.xlsx,V006 (6)
"2,050 UK adults",15th - 17th July 2026,,,,2006,,age,50-64,"Q:V006. To what extent do you approve or disapprove of…
 The way Zack Polanski is handling his job as leader of the Green Party of England and Wales",Leader favourability (Polanski),polanski,Approve,Neither approve nor disapprove,Disapprove,,,,,,,,15.5,24.0,45.4,,,,,,,,VI-2026-07-15-Opinium-Observer-Web-Tables-1227.xlsx,V006 (6)
"2,050 UK adults",15th - 17th July 2026,,,,2006,,age,65+,"Q:V006. To what extent do you approve or disapprove of…
 The way Zack Polanski is handling his job as leader of the Green Party of England and Wales",Leader favourability (Polanski),polanski,Approve,Neither approve nor disapprove,Disapprove,,,,,,,,5.2,22.9,54.6,,,,,,,,VI-2026-07-15-Opinium-Observer-Web-Tables-1227.xlsx,V006 (6)
"2,050 UK adults",15th - 17th July 2026,,,,2006,,region,North,"Q:V006. To what extent do you approve or disapprove of…
 The way Zack Polanski is handling his job as leader of the Green Party of England and Wales",Leader favourability (Polanski),polanski,Approve,Neither approve nor disapprove,Disapprove,,,,,,,,22.7,23.8,38.3,,,,,,,,VI-2026-07-15-Opinium-Observer-Web-Tables-1227.xlsx,V006 (6)
"2,050 UK adults",15th - 17th July 2026,,,,2006,,region,Mids,"Q:V006. To what extent do you approve or disapprove of…
 The way Zack Polanski is handling his job as leader of the Green Party of England and Wales",Leader favourability (Polanski),polanski,Approve,Neither approve nor disapprove,Disapprove,,,,,,,,20.5,26.8,34.0,,,,,,,,VI-2026-07-15-Opinium-Observer-Web-Tables-1227.xlsx,V006 (6)
"2,050 UK adults",15th - 17th July 2026,,,,2006,,region,London,"Q:V006. To what extent do you approve or disapprove of…
 The way Zack Polanski is handling his job as leader of the Green Party of England and Wales",Leader favourability (Polanski),polanski,Approve,Neither approve nor disapprove,Disapprove,,,,,,,,31.0,25.0,30.2,,,,,,,,VI-2026-07-15-Opinium-Observer-Web-Tables-1227.xlsx,V006 (6)
"2,050 UK adults",15th - 17th July 2026,,,,2006,,region,South,"Q:V006. To what extent do you approve or disapprove of…
 The way Zack Polanski is handling his job as leader of the Green Party of England and Wales",Leader favourability (Polanski),polanski,Approve,Neither approve nor disapprove,Disapprove,,,,,,,,19.1,27.0,39.5,,,,,,,,VI-2026-07-15-Opinium-Observer-Web-Tables-1227.xlsx,V006 (6)
"2,050 UK adults",15th - 17th July 2026,,,,2006,,region,Wales,"Q:V006. To what extent do you approve or disapprove of…
 The way Zack Polanski is handling his job as leader of the Green Party of England and Wales",Leader favourability (Polanski),polanski,Approve,Neither approve nor disapprove,Disapprove,,,,,,,,20.6,26.8,33.0,,,,,,,,VI-2026-07-15-Opinium-Observer-Web-Tables-1227.xlsx,V006 (6)
"2,050 UK adults",15th - 17th July 2026,,,,2006,,region,Scotland,"Q:V006. To what extent do you approve or disapprove of…
 The way Zack Polanski is handling his job as leader of the Green Party of England and Wales",Leader favourability (Polanski),polanski,Approve,Neither approve nor disapprove,Disapprove,,,,,,,,21.1,13.4,43.9,,,,,,,,VI-2026-07-15-Opinium-Observer-Web-Tables-1227.xlsx,V006 (6)
"2,050 UK adults",15th - 17th July 2026,,,,2006,,region,Northern Ireland,"Q:V006. To what extent do you approve or disapprove of…
 The way Zack Polanski is handling his job as leader of the Green Party of England and Wales",Leader favourability (Polanski),polanski,Neither approve nor disapprove,,,,,,,,,,,,,,,,,,,,VI-2026-07-15-Opinium-Observer-Web-Tables-1227.xlsx,V006 (6)
"2,050 UK adults",15th - 17th July 2026,,,,2006,,total,Total,"Q:V006. To what extent do you approve or disapprove of…
 The way David Lammy is handling his job as Deputy Prime Minister",UNMATCHED,,Approve,Neither approve nor disapprove,Disapprove,,,,,,,,14.3,29.8,37.3,,,,,,,,VI-2026-07-15-Opinium-Observer-Web-Tables-1227.xlsx,V006 (7)
"2,050 UK adults",15th - 17th July 2026,,,,2006,,current_vote,Con,"Q:V006. To what extent do you approve or disapprove of…
 The way David Lammy is handling his job as Deputy Prime Minister",UNMATCHED,,Approve,Neither approve nor disapprove,Disapprove,,,,,,,,14.9,22.0,50.8,,,,,,,,VI-2026-07-15-Opinium-Observer-Web-Tables-1227.xlsx,V006 (7)
"2,050 UK adults",15th - 17th July 2026,,,,2006,,current_vote,Lab,"Q:V006. To what extent do you approve or disapprove of…
 The way David Lammy is handling his job as Deputy Prime Minister",UNMATCHED,,Approve,Neither approve nor disapprove,Disapprove,,,,,,,,31.4,42.3,12.2,,,,,,,,VI-2026-07-15-Opinium-Observer-Web-Tables-1227.xlsx,V006 (7)
"2,050 UK adults",15th - 17th July 2026,,,,2006,,current_vote,Lib Dem,"Q:V006. To what extent do you approve or disapprove of…
 The way David Lammy is handling his job as Deputy Prime Minister",UNMATCHED,,Approve,Neither approve nor disapprove,Disapprove,,,,,,,,18.0,43.3,23.3,,,,,,,,VI-2026-07-15-Opinium-Observer-Web-Tables-1227.xlsx,V006 (7)
"2,050 UK adults",15th - 17th July 2026,,,,2006,,current_vote,Reform,"Q:V006. To what extent do you approve or disapprove of…
 The way David Lammy is handling his job as Deputy Prime Minister",UNMATCHED,,Approve,Neither approve nor disapprove,Disapprove,,,,,,,,9.1,19.0,64.5,,,,,,,,VI-2026-07-15-Opinium-Observer-Web-Tables-1227.xlsx,V006 (7)
"2,050 UK adults",15th - 17th July 2026,,,,2006,,current_vote,Green,"Q:V006. To what extent do you approve or disapprove of…
 The way David Lammy is handling his job as Deputy Prime Minister",UNMATCHED,,Approve,Neither approve nor disapprove,Disapprove,,,,,,,,13.2,31.1,32.4,,,,,,,,VI-2026-07-15-Opinium-Observer-Web-Tables-1227.xlsx,V006 (7)
"2,050 UK adults",15th - 17th July 2026,,,,2006,,historic_vote,Conservative,"Q:V006. To what extent do you approve or disapprove of…
 The way David Lammy is handling his job as Deputy Prime Minister",UNMATCHED,,Approve,Neither approve nor disapprove,Disapprove,,,,,,,,12.4,22.6,53.4,,,,,,,,VI-2026-07-15-Opinium-Observer-Web-Tables-1227.xlsx,V006 (7)
"2,050 UK adults",15th - 17th July 2026,,,,2006,,historic_vote,Labour,"Q:V006. To what extent do you approve or disapprove of…
 The way David Lammy is handling his job as Deputy Prime Minister",UNMATCHED,,Approve,Neither approve nor disapprove,Disapprove,,,,,,,,25.5,35.0,23.6,,,,,,,,VI-2026-07-15-Opinium-Observer-Web-Tables-1227.xlsx,V006 (7)
"2,050 UK adults",15th - 17th July 2026,,,,2006,,historic_vote,Lib Dems,"Q:V006. To what extent do you approve or disapprove of…
 The way David Lammy is handling his job as Deputy Prime Minister",UNMATCHED,,Approve,Neither approve nor disapprove,Disapprove,,,,,,,,19.4,39.5,25.1,,,,,,,,VI-2026-07-15-Opinium-Observer-Web-Tables-1227.xlsx,V006 (7)
"2,050 UK adults",15th - 17th July 2026,,,,2006,,historic_vote,Green,"Q:V006. To what extent do you approve or disapprove of…
 The way David Lammy is handling his job as Deputy Prime Minister",UNMATCHED,,Approve,Neither approve nor disapprove,Disapprove,,,,,,,,10.4,32.2,41.7,,,,,,,,VI-2026-07-15-Opinium-Observer-Web-Tables-1227.xlsx,V006 (7)
"2,050 UK adults",15th - 17th July 2026,,,,2006,,historic_vote,Reform UK,"Q:V006. To what extent do you approve or disapprove of…
 The way David Lammy is handling his job as Deputy Prime Minister",UNMATCHED,,Approve,Neither approve nor disapprove,Disapprove,,,,,,,,9.8,16.9,65.7,,,,,,,,VI-2026-07-15-Opinium-Observer-Web-Tables-1227.xlsx,V006 (7)
"2,050 UK adults",15th - 17th July 2026,,,,2006,,historic_vote,Con,"Q:V006. To what extent do you approve or disapprove of…
 The way David Lammy is handling his job as Deputy Prime Minister",UNMATCHED,,Approve,Neither approve nor disapprove,Disapprove,,,,,,,,9.7,23.5,55.2,,,,,,,,VI-2026-07-15-Opinium-Observer-Web-Tables-1227.xlsx,V006 (7)
"2,050 UK adults",15th - 17th July 2026,,,,2006,,historic_vote,Lab,"Q:V006. To what extent do you approve or disapprove of…
 The way David Lammy is handling his job as Deputy Prime Minister",UNMATCHED,,Approve,Neither approve nor disapprove,Disapprove,,,,,,,,24.5,34.4,27.5,,,,,,,,VI-2026-07-15-Opinium-Observer-Web-Tables-1227.xlsx,V006 (7)
"2,050 UK adults",15th - 17th July 2026,,,,2006,,historic_vote,Lib Dem,"Q:V006. To what extent do you approve or disapprove of…
 The way David Lammy is handling his job as Deputy Prime Minister",UNMATCHED,,Approve,Neither approve nor disapprove,Disapprove,,,,,,,,23.6,37.2,21.4,,,,,,,,VI-2026-07-15-Opinium-Observer-Web-Tables-1227.xlsx,V006 (7)
"2,050 UK adults",15th - 17th July 2026,,,,2006,,historic_vote,Remain,"Q:V006. To what extent do you approve or disapprove of…
 The way David Lammy is handling his job as Deputy Prime Minister",UNMATCHED,,Approve,Neither approve nor disapprove,Disapprove,,,,,,,,21.6,33.7,28.2,,,,,,,,VI-2026-07-15-Opinium-Observer-Web-Tables-1227.xlsx,V006 (7)
"2,050 UK adults",15th - 17th July 2026,,,,2006,,historic_vote,Leave,"Q:V006. To what extent do you approve or disapprove of…
 The way David Lammy is handling his job as Deputy Prime Minister",UNMATCHED,,Approve,Neither approve nor disapprove,Disapprove,,,,,,,,8.0,24.1,54.5,,,,,,,,VI-2026-07-15-Opinium-Observer-Web-Tables-1227.xlsx,V006 (7)
"2,050 UK adults",15th - 17th July 2026,,,,2006,,gender,Male,"Q:V006. To what extent do you approve or disapprove of…
 The way David Lammy is handling his job as Deputy Prime Minister",UNMATCHED,,Approve,Neither approve nor disapprove,Disapprove,,,,,,,,17.4,28.9,39.8,,,,,,,,VI-2026-07-15-Opinium-Observer-Web-Tables-1227.xlsx,V006 (7)
"2,050 UK adults",15th - 17th July 2026,,,,2006,,gender,Female,"Q:V006. To what extent do you approve or disapprove of…
 The way David Lammy is handling his job as Deputy Prime Minister",UNMATCHED,,Approve,Neither approve nor disapprove,Disapprove,,,,,,,,11.6,30.8,35.0,,,,,,,,VI-2026-07-15-Opinium-Observer-Web-Tables-1227.xlsx,V006 (7)
"2,050 UK adults",15th - 17th July 2026,,,,2006,,age,18-34,"Q:V006. To what extent do you approve or disapprove of…
 The way David Lammy is handling his job as Deputy Prime Minister",UNMATCHED,,Approve,Neither approve nor disapprove,Disapprove,,,,,,,,22.6,32.2,24.4,,,,,,,,VI-2026-07-15-Opinium-Observer-Web-Tables-1227.xlsx,V006 (7)
"2,050 UK adults",15th - 17th July 2026,,,,2006,,age,35-49,"Q:V006. To what extent do you approve or disapprove of…
 The way David Lammy is handling his job as Deputy Prime Minister",UNMATCHED,,Approve,Neither approve nor disapprove,Disapprove,,,,,,,,15.2,30.1,33.2,,,,,,,,VI-2026-07-15-Opinium-Observer-Web-Tables-1227.xlsx,V006 (7)
"2,050 UK adults",15th - 17th July 2026,,,,2006,,age,50-64,"Q:V006. To what extent do you approve or disapprove of…
 The way David Lammy is handling his job as Deputy Prime Minister",UNMATCHED,,Approve,Neither approve nor disapprove,Disapprove,,,,,,,,10.6,28.8,43.4,,,,,,,,VI-2026-07-15-Opinium-Observer-Web-Tables-1227.xlsx,V006 (7)
"2,050 UK adults",15th - 17th July 2026,,,,2006,,age,65+,"Q:V006. To what extent do you approve or disapprove of…
 The way David Lammy is handling his job as Deputy Prime Minister",UNMATCHED,,Approve,Neither approve nor disapprove,Disapprove,,,,,,,,7.8,27.5,49.6,,,,,,,,VI-2026-07-15-Opinium-Observer-Web-Tables-1227.xlsx,V006 (7)
"2,050 UK adults",15th - 17th July 2026,,,,2006,,region,North,"Q:V006. To what extent do you approve or disapprove of…
 The way David Lammy is handling his job as Deputy Prime Minister",UNMATCHED,,Approve,Neither approve nor disapprove,Disapprove,,,,,,,,13.8,28.4,39.2,,,,,,,,VI-2026-07-15-Opinium-Observer-Web-Tables-1227.xlsx,V006 (7)
"2,050 UK adults",15th - 17th July 2026,,,,2006,,region,Mids,"Q:V006. To what extent do you approve or disapprove of…
 The way David Lammy is handling his job as Deputy Prime Minister",UNMATCHED,,Approve,Neither approve nor disapprove,Disapprove,,,,,,,,12.0,31.8,34.0,,,,,,,,VI-2026-07-15-Opinium-Observer-Web-Tables-1227.xlsx,V006 (7)
"2,050 UK adults",15th - 17th July 2026,,,,2006,,region,London,"Q:V006. To what extent do you approve or disapprove of…
 The way David Lammy is handling his job as Deputy Prime Minister",UNMATCHED,,Approve,Neither approve nor disapprove,Disapprove,,,,,,,,22.4,34.1,31.3,,,,,,,,VI-2026-07-15-Opinium-Observer-Web-Tables-1227.xlsx,V006 (7)
"2,050 UK adults",15th - 17th July 2026,,,,2006,,region,South,"Q:V006. To what extent do you approve or disapprove of…
 The way David Lammy is handling his job as Deputy Prime Minister",UNMATCHED,,Approve,Neither approve nor disapprove,Disapprove,,,,,,,,12.3,28.6,39.7,,,,,,,,VI-2026-07-15-Opinium-Observer-Web-Tables-1227.xlsx,V006 (7)
"2,050 UK adults",15th - 17th July 2026,,,,2006,,region,Wales,"Q:V006. To what extent do you approve or disapprove of…
 The way David Lammy is handling his job as Deputy Prime Minister",UNMATCHED,,Approve,Neither approve nor disapprove,Disapprove,,,,,,,,12.4,34.2,37.1,,,,,,,,VI-2026-07-15-Opinium-Observer-Web-Tables-1227.xlsx,V006 (7)
"2,050 UK adults",15th - 17th July 2026,,,,2006,,region,Scotland,"Q:V006. To what extent do you approve or disapprove of…
 The way David Lammy is handling his job as Deputy Prime Minister",UNMATCHED,,Approve,Neither approve nor disapprove,Disapprove,,,,,,,,16.4,24.8,38.0,,,,,,,,VI-2026-07-15-Opinium-Observer-Web-Tables-1227.xlsx,V006 (7)
"2,050 UK adults",15th - 17th July 2026,,,,2006,,region,Northern Ireland,"Q:V006. To what extent do you approve or disapprove of…
 The way David Lammy is handling his job as Deputy Prime Minister",UNMATCHED,,Neither approve nor disapprove,,,,,,,,,,,,,,,,,,,,VI-2026-07-15-Opinium-Observer-Web-Tables-1227.xlsx,V006 (7)
"2,050 UK adults",15th - 17th July 2026,,,,2006,,total,Total,"Q:V006. To what extent do you approve or disapprove of…
 The way Yvette Cooper is handling her job as Foreign Secretary",UNMATCHED,,Approve,Neither approve nor disapprove,Disapprove,,,,,,,,16.4,30.5,32.5,,,,,,,,VI-2026-07-15-Opinium-Observer-Web-Tables-1227.xlsx,V006 (8)
"2,050 UK adults",15th - 17th July 2026,,,,2006,,current_vote,Con,"Q:V006. To what extent do you approve or disapprove of…
 The way Yvette Cooper is handling her job as Foreign Secretary",UNMATCHED,,Approve,Neither approve nor disapprove,Disapprove,,,,,,,,16.6,33.0,36.9,,,,,,,,VI-2026-07-15-Opinium-Observer-Web-Tables-1227.xlsx,V006 (8)
"2,050 UK adults",15th - 17th July 2026,,,,2006,,current_vote,Lab,"Q:V006. To what extent do you approve or disapprove of…
 The way Yvette Cooper is handling her job as Foreign Secretary",UNMATCHED,,Approve,Neither approve nor disapprove,Disapprove,,,,,,,,41.5,34.0,12.2,,,,,,,,VI-2026-07-15-Opinium-Observer-Web-Tables-1227.xlsx,V006 (8)
"2,050 UK adults",15th - 17th July 2026,,,,2006,,current_vote,Lib Dem,"Q:V006. To what extent do you approve or disapprove of…
 The way Yvette Cooper is handling her job as Foreign Secretary",UNMATCHED,,Approve,Neither approve nor disapprove,Disapprove,,,,,,,,21.5,41.2,25.0,,,,,,,,VI-2026-07-15-Opinium-Observer-Web-Tables-1227.xlsx,V006 (8)
"2,050 UK adults",15th - 17th July 2026,,,,2006,,current_vote,Reform,"Q:V006. To what extent do you approve or disapprove of…
 The way Yvette Cooper is handling her job as Foreign Secretary",UNMATCHED,,Approve,Neither approve nor disapprove,Disapprove,,,,,,,,10.8,22.6,57.2,,,,,,,,VI-2026-07-15-Opinium-Observer-Web-Tables-1227.xlsx,V006 (8)
"2,050 UK adults",15th - 17th July 2026,,,,2006,,current_vote,Green,"Q:V006. To what extent do you approve or disapprove of…
 The way Yvette Cooper is handling her job as Foreign Secretary",UNMATCHED,,Approve,Neither approve nor disapprove,Disapprove,,,,,,,,11.9,30.1,31.1,,,,,,,,VI-2026-07-15-Opinium-Observer-Web-Tables-1227.xlsx,V006 (8)
"2,050 UK adults",15th - 17th July 2026,,,,2006,,historic_vote,Conservative,"Q:V006. To what extent do you approve or disapprove of…
 The way Yvette Cooper is handling her job as Foreign Secretary",UNMATCHED,,Approve,Neither approve nor disapprove,Disapprove,,,,,,,,13.6,33.2,42.8,,,,,,,,VI-2026-07-15-Opinium-Observer-Web-Tables-1227.xlsx,V006 (8)
"2,050 UK adults",15th - 17th July 2026,,,,2006,,historic_vote,Labour,"Q:V006. To what extent do you approve or disapprove of…
 The way Yvette Cooper is handling her job as Foreign Secretary",UNMATCHED,,Approve,Neither approve nor disapprove,Disapprove,,,,,,,,32.8,29.9,20.9,,,,,,,,VI-2026-07-15-Opinium-Observer-Web-Tables-1227.xlsx,V006 (8)
"2,050 UK adults",15th - 17th July 2026,,,,2006,,historic_vote,Lib Dems,"Q:V006. To what extent do you approve or disapprove of…
 The way Yvette Cooper is handling her job as Foreign Secretary",UNMATCHED,,Approve,Neither approve nor disapprove,Disapprove,,,,,,,,22.3,40.0,22.9,,,,,,,,VI-2026-07-15-Opinium-Observer-Web-Tables-1227.xlsx,V006 (8)
"2,050 UK adults",15th - 17th July 2026,,,,2006,,historic_vote,Green,"Q:V006. To what extent do you approve or disapprove of…
 The way Yvette Cooper is handling her job as Foreign Secretary",UNMATCHED,,Approve,Neither approve nor disapprove,Disapprove,,,,,,,,9.4,40.5,32.3,,,,,,,,VI-2026-07-15-Opinium-Observer-Web-Tables-1227.xlsx,V006 (8)
"2,050 UK adults",15th - 17th July 2026,,,,2006,,historic_vote,Reform UK,"Q:V006. To what extent do you approve or disapprove of…
 The way Yvette Cooper is handling her job as Foreign Secretary",UNMATCHED,,Approve,Neither approve nor disapprove,Disapprove,,,,,,,,9.3,19.0,61.3,,,,,,,,VI-2026-07-15-Opinium-Observer-Web-Tables-1227.xlsx,V006 (8)
"2,050 UK adults",15th - 17th July 2026,,,,2006,,historic_vote,Con,"Q:V006. To what extent do you approve or disapprove of…
 The way Yvette Cooper is handling her job as Foreign Secretary",UNMATCHED,,Approve,Neither approve nor disapprove,Disapprove,,,,,,,,13.5,30.2,42.6,,,,,,,,VI-2026-07-15-Opinium-Observer-Web-Tables-1227.xlsx,V006 (8)
"2,050 UK adults",15th - 17th July 2026,,,,2006,,historic_vote,Lab,"Q:V006. To what extent do you approve or disapprove of…
 The way Yvette Cooper is handling her job as Foreign Secretary",UNMATCHED,,Approve,Neither approve nor disapprove,Disapprove,,,,,,,,27.5,32.9,23.5,,,,,,,,VI-2026-07-15-Opinium-Observer-Web-Tables-1227.xlsx,V006 (8)
"2,050 UK adults",15th - 17th July 2026,,,,2006,,historic_vote,Lib Dem,"Q:V006. To what extent do you approve or disapprove of…
 The way Yvette Cooper is handling her job as Foreign Secretary",UNMATCHED,,Approve,Neither approve nor disapprove,Disapprove,,,,,,,,23.6,35.8,25.0,,,,,,,,VI-2026-07-15-Opinium-Observer-Web-Tables-1227.xlsx,V006 (8)
"2,050 UK adults",15th - 17th July 2026,,,,2006,,historic_vote,Remain,"Q:V006. To what extent do you approve or disapprove of…
 The way Yvette Cooper is handling her job as Foreign Secretary",UNMATCHED,,Approve,Neither approve nor disapprove,Disapprove,,,,,,,,25.1,33.5,23.5,,,,,,,,VI-2026-07-15-Opinium-Observer-Web-Tables-1227.xlsx,V006 (8)
"2,050 UK adults",15th - 17th July 2026,,,,2006,,historic_vote,Leave,"Q:V006. To what extent do you approve or disapprove of…
 The way Yvette Cooper is handling her job as Foreign Secretary",UNMATCHED,,Approve,Neither approve nor disapprove,Disapprove,,,,,,,,11.4,26.9,45.7,,,,,,,,VI-2026-07-15-Opinium-Observer-Web-Tables-1227.xlsx,V006 (8)
"2,050 UK adults",15th - 17th July 2026,,,,2006,,gender,Male,"Q:V006. To what extent do you approve or disapprove of…
 The way Yvette Cooper is handling her job as Foreign Secretary",UNMATCHED,,Approve,Neither approve nor disapprove,Disapprove,,,,,,,,20.1,29.9,35.4,,,,,,,,VI-2026-07-15-Opinium-Observer-Web-Tables-1227.xlsx,V006 (8)
"2,050 UK adults",15th - 17th July 2026,,,,2006,,gender,Female,"Q:V006. To what extent do you approve or disapprove of…
 The way Yvette Cooper is handling her job as Foreign Secretary",UNMATCHED,,Approve,Neither approve nor disapprove,Disapprove,,,,,,,,13.1,31.4,29.6,,,,,,,,VI-2026-07-15-Opinium-Observer-Web-Tables-1227.xlsx,V006 (8)
"2,050 UK adults",15th - 17th July 2026,,,,2006,,age,18-34,"Q:V006. To what extent do you approve or disapprove of…
 The way Yvette Cooper is handling her job as Foreign Secretary",UNMATCHED,,Approve,Neither approve nor disapprove,Disapprove,,,,,,,,19.6,34.2,24.4,,,,,,,,VI-2026-07-15-Opinium-Observer-Web-Tables-1227.xlsx,V006 (8)
"2,050 UK adults",15th - 17th July 2026,,,,2006,,age,35-49,"Q:V006. To what extent do you approve or disapprove of…
 The way Yvette Cooper is handling her job as Foreign Secretary",UNMATCHED,,Approve,Neither approve nor disapprove,Disapprove,,,,,,,,17.2,25.4,31.1,,,,,,,,VI-2026-07-15-Opinium-Observer-Web-Tables-1227.xlsx,V006 (8)
"2,050 UK adults",15th - 17th July 2026,,,,2006,,age,50-64,"Q:V006. To what extent do you approve or disapprove of…
 The way Yvette Cooper is handling her job as Foreign Secretary",UNMATCHED,,Approve,Neither approve nor disapprove,Disapprove,,,,,,,,15.7,31.1,36.4,,,,,,,,VI-2026-07-15-Opinium-Observer-Web-Tables-1227.xlsx,V006 (8)
"2,050 UK adults",15th - 17th July 2026,,,,2006,,age,65+,"Q:V006. To what extent do you approve or disapprove of…
 The way Yvette Cooper is handling her job as Foreign Secretary",UNMATCHED,,Approve,Neither approve nor disapprove,Disapprove,,,,,,,,12.4,30.9,39.3,,,,,,,,VI-2026-07-15-Opinium-Observer-Web-Tables-1227.xlsx,V006 (8)
"2,050 UK adults",15th - 17th July 2026,,,,2006,,region,North,"Q:V006. To what extent do you approve or disapprove of…
 The way Yvette Cooper is handling her job as Foreign Secretary",UNMATCHED,,Approve,Neither approve nor disapprove,Disapprove,,,,,,,,16.7,27.5,35.0,,,,,,,,VI-2026-07-15-Opinium-Observer-Web-Tables-1227.xlsx,V006 (8)
"2,050 UK adults",15th - 17th July 2026,,,,2006,,region,Mids,"Q:V006. To what extent do you approve or disapprove of…
 The way Yvette Cooper is handling her job as Foreign Secretary",UNMATCHED,,Approve,Neither approve nor disapprove,Disapprove,,,,,,,,15.4,31.0,32.5,,,,,,,,VI-2026-07-15-Opinium-Observer-Web-Tables-1227.xlsx,V006 (8)
"2,050 UK adults",15th - 17th July 2026,,,,2006,,region,London,"Q:V006. To what extent do you approve or disapprove of…
 The way Yvette Cooper is handling her job as Foreign Secretary",UNMATCHED,,Approve,Neither approve nor disapprove,Disapprove,,,,,,,,22.0,35.3,25.4,,,,,,,,VI-2026-07-15-Opinium-Observer-Web-Tables-1227.xlsx,V006 (8)
"2,050 UK adults",15th - 17th July 2026,,,,2006,,region,South,"Q:V006. To what extent do you approve or disapprove of…
 The way Yvette Cooper is handling her job as Foreign Secretary",UNMATCHED,,Approve,Neither approve nor disapprove,Disapprove,,,,,,,,14.4,32.9,33.0,,,,,,,,VI-2026-07-15-Opinium-Observer-Web-Tables-1227.xlsx,V006 (8)
"2,050 UK adults",15th - 17th July 2026,,,,2006,,region,Wales,"Q:V006. To what extent do you approve or disapprove of…
 The way Yvette Cooper is handling her job as Foreign Secretary",UNMATCHED,,Approve,Neither approve nor disapprove,Disapprove,,,,,,,,12.4,33.5,28.9,,,,,,,,VI-2026-07-15-Opinium-Observer-Web-Tables-1227.xlsx,V006 (8)
"2,050 UK adults",15th - 17th July 2026,,,,2006,,region,Scotland,"Q:V006. To what extent do you approve or disapprove of…
 The way Yvette Cooper is handling her job as Foreign Secretary",UNMATCHED,,Approve,Neither approve nor disapprove,Disapprove,,,,,,,,18.7,20.1,37.4,,,,,,,,VI-2026-07-15-Opinium-Observer-Web-Tables-1227.xlsx,V006 (8)
"2,050 UK adults",15th - 17th July 2026,,,,2006,,region,Northern Ireland,"Q:V006. To what extent do you approve or disapprove of…
 The way Yvette Cooper is handling her job as Foreign Secretary",UNMATCHED,,Neither approve nor disapprove,,,,,,,,,,,,,,,,,,,,VI-2026-07-15-Opinium-Observer-Web-Tables-1227.xlsx,V006 (8)
"2,050 UK adults",15th - 17th July 2026,,,,2006,,total,Total,"Q:V006. To what extent do you approve or disapprove of…
 The way Shabana Mahmood is handling her job as Home Secretary",Leader favourability (Mahmood),mahmood,Approve,Neither approve nor disapprove,Disapprove,,,,,,,,18.4,29.1,34.0,,,,,,,,VI-2026-07-15-Opinium-Observer-Web-Tables-1227.xlsx,V006 (9)
"2,050 UK adults",15th - 17th July 2026,,,,2006,,current_vote,Con,"Q:V006. To what extent do you approve or disapprove of…
 The way Shabana Mahmood is handling her job as Home Secretary",Leader favourability (Mahmood),mahmood,Approve,Neither approve nor disapprove,Disapprove,,,,,,,,22.6,30.1,34.9,,,,,,,,VI-2026-07-15-Opinium-Observer-Web-Tables-1227.xlsx,V006 (9)
"2,050 UK adults",15th - 17th July 2026,,,,2006,,current_vote,Lab,"Q:V006. To what extent do you approve or disapprove of…
 The way Shabana Mahmood is handling her job as Home Secretary",Leader favourability (Mahmood),mahmood,Approve,Neither approve nor disapprove,Disapprove,,,,,,,,34.4,34.5,16.9,,,,,,,,VI-2026-07-15-Opinium-Observer-Web-Tables-1227.xlsx,V006 (9)
"2,050 UK adults",15th - 17th July 2026,,,,2006,,current_vote,Lib Dem,"Q:V006. To what extent do you approve or disapprove of…
 The way Shabana Mahmood is handling her job as Home Secretary",Leader favourability (Mahmood),mahmood,Approve,Neither approve nor disapprove,Disapprove,,,,,,,,16.9,35.0,38.4,,,,,,,,VI-2026-07-15-Opinium-Observer-Web-Tables-1227.xlsx,V006 (9)
"2,050 UK adults",15th - 17th July 2026,,,,2006,,current_vote,Reform,"Q:V006. To what extent do you approve or disapprove of…
 The way Shabana Mahmood is handling her job as Home Secretary",Leader favourability (Mahmood),mahmood,Approve,Neither approve nor disapprove,Disapprove,,,,,,,,16.7,25.2,50.7,,,,,,,,VI-2026-07-15-Opinium-Observer-Web-Tables-1227.xlsx,V006 (9)
"2,050 UK adults",15th - 17th July 2026,,,,2006,,current_vote,Green,"Q:V006. To what extent do you approve or disapprove of…
 The way Shabana Mahmood is handling her job as Home Secretary",Leader favourability (Mahmood),mahmood,Approve,Neither approve nor disapprove,Disapprove,,,,,,,,13.2,29.9,36.5,,,,,,,,VI-2026-07-15-Opinium-Observer-Web-Tables-1227.xlsx,V006 (9)
"2,050 UK adults",15th - 17th July 2026,,,,2006,,historic_vote,Conservative,"Q:V006. To what extent do you approve or disapprove of…
 The way Shabana Mahmood is handling her job as Home Secretary",Leader favourability (Mahmood),mahmood,Approve,Neither approve nor disapprove,Disapprove,,,,,,,,21.5,30.3,39.2,,,,,,,,VI-2026-07-15-Opinium-Observer-Web-Tables-1227.xlsx,V006 (9)
"2,050 UK adults",15th - 17th July 2026,,,,2006,,historic_vote,Labour,"Q:V006. To what extent do you approve or disapprove of…
 The way Shabana Mahmood is handling her job as Home Secretary",Leader favourability (Mahmood),mahmood,Approve,Neither approve nor disapprove,Disapprove,,,,,,,,25.5,33.3,24.5,,,,,,,,VI-2026-07-15-Opinium-Observer-Web-Tables-1227.xlsx,V006 (9)
"2,050 UK adults",15th - 17th July 2026,,,,2006,,historic_vote,Lib Dems,"Q:V006. To what extent do you approve or disapprove of…
 The way Shabana Mahmood is handling her job as Home Secretary",Leader favourability (Mahmood),mahmood,Approve,Neither approve nor disapprove,Disapprove,,,,,,,,21.7,34.2,33.1,,,,,,,,VI-2026-07-15-Opinium-Observer-Web-Tables-1227.xlsx,V006 (9)
"2,050 UK adults",15th - 17th July 2026,,,,2006,,historic_vote,Green,"Q:V006. To what extent do you approve or disapprove of…
 The way Shabana Mahmood is handling her job as Home Secretary",Leader favourability (Mahmood),mahmood,Approve,Neither approve nor disapprove,Disapprove,,,,,,,,10.4,29.5,40.6,,,,,,,,VI-2026-07-15-Opinium-Observer-Web-Tables-1227.xlsx,V006 (9)
"2,050 UK adults",15th - 17th July 2026,,,,2006,,historic_vote,Reform UK,"Q:V006. To what extent do you approve or disapprove of…
 The way Shabana Mahmood is handling her job as Home Secretary",Leader favourability (Mahmood),mahmood,Approve,Neither approve nor disapprove,Disapprove,,,,,,,,17.6,22.4,53.4,,,,,,,,VI-2026-07-15-Opinium-Observer-Web-Tables-1227.xlsx,V006 (9)
"2,050 UK adults",15th - 17th July 2026,,,,2006,,historic_vote,Con,"Q:V006. To what extent do you approve or disapprove of…
 The way Shabana Mahmood is handling her job as Home Secretary",Leader favourability (Mahmood),mahmood,Approve,Neither approve nor disapprove,Disapprove,,,,,,,,19.5,30.0,39.3,,,,,,,,VI-2026-07-15-Opinium-Observer-Web-Tables-1227.xlsx,V006 (9)
"2,050 UK adults",15th - 17th July 2026,,,,2006,,historic_vote,Lab,"Q:V006. To what extent do you approve or disapprove of…
 The way Shabana Mahmood is handling her job as Home Secretary",Leader favourability (Mahmood),mahmood,Approve,Neither approve nor disapprove,Disapprove,,,,,,,,24.5,29.9,30.3,,,,,,,,VI-2026-07-15-Opinium-Observer-Web-Tables-1227.xlsx,V006 (9)
"2,050 UK adults",15th - 17th July 2026,,,,2006,,historic_vote,Lib Dem,"Q:V006. To what extent do you approve or disapprove of…
 The way Shabana Mahmood is handling her job as Home Secretary",Leader favourability (Mahmood),mahmood,Approve,Neither approve nor disapprove,Disapprove,,,,,,,,24.3,28.7,32.9,,,,,,,,VI-2026-07-15-Opinium-Observer-Web-Tables-1227.xlsx,V006 (9)
"2,050 UK adults",15th - 17th July 2026,,,,2006,,historic_vote,Remain,"Q:V006. To what extent do you approve or disapprove of…
 The way Shabana Mahmood is handling her job as Home Secretary",Leader favourability (Mahmood),mahmood,Approve,Neither approve nor disapprove,Disapprove,,,,,,,,24.1,31.5,28.7,,,,,,,,VI-2026-07-15-Opinium-Observer-Web-Tables-1227.xlsx,V006 (9)
"2,050 UK adults",15th - 17th July 2026,,,,2006,,historic_vote,Leave,"Q:V006. To what extent do you approve or disapprove of…
 The way Shabana Mahmood is handling her job as Home Secretary",Leader favourability (Mahmood),mahmood,Approve,Neither approve nor disapprove,Disapprove,,,,,,,,16.4,26.1,43.4,,,,,,,,VI-2026-07-15-Opinium-Observer-Web-Tables-1227.xlsx,V006 (9)
"2,050 UK adults",15th - 17th July 2026,,,,2006,,gender,Male,"Q:V006. To what extent do you approve or disapprove of…
 The way Shabana Mahmood is handling her job as Home Secretary",Leader favourability (Mahmood),mahmood,Approve,Neither approve nor disapprove,Disapprove,,,,,,,,21.4,29.2,37.1,,,,,,,,VI-2026-07-15-Opinium-Observer-Web-Tables-1227.xlsx,V006 (9)
"2,050 UK adults",15th - 17th July 2026,,,,2006,,gender,Female,"Q:V006. To what extent do you approve or disapprove of…
 The way Shabana Mahmood is handling her job as Home Secretary",Leader favourability (Mahmood),mahmood,Approve,Neither approve nor disapprove,Disapprove,,,,,,,,15.9,29.3,30.5,,,,,,,,VI-2026-07-15-Opinium-Observer-Web-Tables-1227.xlsx,V006 (9)
"2,050 UK adults",15th - 17th July 2026,,,,2006,,age,18-34,"Q:V006. To what extent do you approve or disapprove of…
 The way Shabana Mahmood is handling her job as Home Secretary",Leader favourability (Mahmood),mahmood,Approve,Neither approve nor disapprove,Disapprove,,,,,,,,22.4,30.5,25.8,,,,,,,,VI-2026-07-15-Opinium-Observer-Web-Tables-1227.xlsx,V006 (9)
"2,050 UK adults",15th - 17th July 2026,,,,2006,,age,35-49,"Q:V006. To what extent do you approve or disapprove of…
 The way Shabana Mahmood is handling her job as Home Secretary",Leader favourability (Mahmood),mahmood,Approve,Neither approve nor disapprove,Disapprove,,,,,,,,15.8,27.4,34.8,,,,,,,,VI-2026-07-15-Opinium-Observer-Web-Tables-1227.xlsx,V006 (9)
"2,050 UK adults",15th - 17th July 2026,,,,2006,,age,50-64,"Q:V006. To what extent do you approve or disapprove of…
 The way Shabana Mahmood is handling her job as Home Secretary",Leader favourability (Mahmood),mahmood,Approve,Neither approve nor disapprove,Disapprove,,,,,,,,15.9,29.1,40.4,,,,,,,,VI-2026-07-15-Opinium-Observer-Web-Tables-1227.xlsx,V006 (9)
"2,050 UK adults",15th - 17th July 2026,,,,2006,,age,65+,"Q:V006. To what extent do you approve or disapprove of…
 The way Shabana Mahmood is handling her job as Home Secretary",Leader favourability (Mahmood),mahmood,Approve,Neither approve nor disapprove,Disapprove,,,,,,,,19.5,29.1,35.7,,,,,,,,VI-2026-07-15-Opinium-Observer-Web-Tables-1227.xlsx,V006 (9)
"2,050 UK adults",15th - 17th July 2026,,,,2006,,region,North,"Q:V006. To what extent do you approve or disapprove of…
 The way Shabana Mahmood is handling her job as Home Secretary",Leader favourability (Mahmood),mahmood,Approve,Neither approve nor disapprove,Disapprove,,,,,,,,17.3,29.0,33.8,,,,,,,,VI-2026-07-15-Opinium-Observer-Web-Tables-1227.xlsx,V006 (9)
"2,050 UK adults",15th - 17th July 2026,,,,2006,,region,Mids,"Q:V006. To what extent do you approve or disapprove of…
 The way Shabana Mahmood is handling her job as Home Secretary",Leader favourability (Mahmood),mahmood,Approve,Neither approve nor disapprove,Disapprove,,,,,,,,17.8,29.9,32.2,,,,,,,,VI-2026-07-15-Opinium-Observer-Web-Tables-1227.xlsx,V006 (9)
"2,050 UK adults",15th - 17th July 2026,,,,2006,,region,London,"Q:V006. To what extent do you approve or disapprove of…
 The way Shabana Mahmood is handling her job as Home Secretary",Leader favourability (Mahmood),mahmood,Approve,Neither approve nor disapprove,Disapprove,,,,,,,,25.4,31.4,31.3,,,,,,,,VI-2026-07-15-Opinium-Observer-Web-Tables-1227.xlsx,V006 (9)
"2,050 UK adults",15th - 17th July 2026,,,,2006,,region,South,"Q:V006. To what extent do you approve or disapprove of…
 The way Shabana Mahmood is handling her job as Home Secretary",Leader favourability (Mahmood),mahmood,Approve,Neither approve nor disapprove,Disapprove,,,,,,,,16.9,29.3,35.7,,,,,,,,VI-2026-07-15-Opinium-Observer-Web-Tables-1227.xlsx,V006 (9)
"2,050 UK adults",15th - 17th July 2026,,,,2006,,region,Wales,"Q:V006. To what extent do you approve or disapprove of…
 The way Shabana Mahmood is handling her job as Home Secretary",Leader favourability (Mahmood),mahmood,Approve,Neither approve nor disapprove,Disapprove,,,,,,,,15.5,32.8,33.0,,,,,,,,VI-2026-07-15-Opinium-Observer-Web-Tables-1227.xlsx,V006 (9)
"2,050 UK adults",15th - 17th July 2026,,,,2006,,region,Scotland,"Q:V006. To what extent do you approve or disapprove of…
 The way Shabana Mahmood is handling her job as Home Secretary",Leader favourability (Mahmood),mahmood,Approve,Neither approve nor disapprove,Disapprove,,,,,,,,20.5,21.7,35.7,,,,,,,,VI-2026-07-15-Opinium-Observer-Web-Tables-1227.xlsx,V006 (9)
"2,050 UK adults",15th - 17th July 2026,,,,2006,,region,Northern Ireland,"Q:V006. To what extent do you approve or disapprove of…
 The way Shabana Mahmood is handling her job as Home Secretary",Leader favourability (Mahmood),mahmood,Neither approve nor disapprove,,,,,,,,,,,,,,,,,,,,VI-2026-07-15-Opinium-Observer-Web-Tables-1227.xlsx,V006 (9)
"2,050 UK adults",15th - 17th July 2026,,,,2006,,total,Total,"Q:V006. To what extent do you approve or disapprove of…
 The way Ed Miliband is handling his job as Secretary of State for Energy Security and Net Zero",Best party on energy,energy,Approve,Neither approve nor disapprove,Disapprove,,,,,,,,17.1,24.9,40.7,,,,,,,,VI-2026-07-15-Opinium-Observer-Web-Tables-1227.xlsx,V006 (10)
"2,050 UK adults",15th - 17th July 2026,,,,2006,,current_vote,Con,"Q:V006. To what extent do you approve or disapprove of…
 The way Ed Miliband is handling his job as Secretary of State for Energy Security and Net Zero",Best party on energy,energy,Approve,Neither approve nor disapprove,Disapprove,,,,,,,,11.6,22.1,56.5,,,,,,,,VI-2026-07-15-Opinium-Observer-Web-Tables-1227.xlsx,V006 (10)
"2,050 UK adults",15th - 17th July 2026,,,,2006,,current_vote,Lab,"Q:V006. To what extent do you approve or disapprove of…
 The way Ed Miliband is handling his job as Secretary of State for Energy Security and Net Zero",Best party on energy,energy,Approve,Neither approve nor disapprove,Disapprove,,,,,,,,39.8,31.2,15.4,,,,,,,,VI-2026-07-15-Opinium-Observer-Web-Tables-1227.xlsx,V006 (10)
"2,050 UK adults",15th - 17th July 2026,,,,2006,,current_vote,Lib Dem,"Q:V006. To what extent do you approve or disapprove of…
 The way Ed Miliband is handling his job as Secretary of State for Energy Security and Net Zero",Best party on energy,energy,Approve,Neither approve nor disapprove,Disapprove,,,,,,,,25.6,32.9,30.2,,,,,,,,VI-2026-07-15-Opinium-Observer-Web-Tables-1227.xlsx,V006 (10)
"2,050 UK adults",15th - 17th July 2026,,,,2006,,current_vote,Reform,"Q:V006. To what extent do you approve or disapprove of…
 The way Ed Miliband is handling his job as Secretary of State for Energy Security and Net Zero",Best party on energy,energy,Approve,Neither approve nor disapprove,Disapprove,,,,,,,,7.6,16.2,68.3,,,,,,,,VI-2026-07-15-Opinium-Observer-Web-Tables-1227.xlsx,V006 (10)
"2,050 UK adults",15th - 17th July 2026,,,,2006,,current_vote,Green,"Q:V006. To what extent do you approve or disapprove of…
 The way Ed Miliband is handling his job as Secretary of State for Energy Security and Net Zero",Best party on energy,energy,Approve,Neither approve nor disapprove,Disapprove,,,,,,,,19.2,30.2,30.6,,,,,,,,VI-2026-07-15-Opinium-Observer-Web-Tables-1227.xlsx,V006 (10)
"2,050 UK adults",15th - 17th July 2026,,,,2006,,historic_vote,Conservative,"Q:V006. To what extent do you approve or disapprove of…
 The way Ed Miliband is handling his job as Secretary of State for Energy Security and Net Zero",Best party on energy,energy,Approve,Neither approve nor disapprove,Disapprove,,,,,,,,9.4,19.3,62.5,,,,,,,,VI-2026-07-15-Opinium-Observer-Web-Tables-1227.xlsx,V006 (10)
"2,050 UK adults",15th - 17th July 2026,,,,2006,,historic_vote,Labour,"Q:V006. To what extent do you approve or disapprove of…
 The way Ed Miliband is handling his job as Secretary of State for Energy Security and Net Zero",Best party on energy,energy,Approve,Neither approve nor disapprove,Disapprove,,,,,,,,31.5,28.6,24.5,,,,,,,,VI-2026-07-15-Opinium-Observer-Web-Tables-1227.xlsx,V006 (10)
"2,050 UK adults",15th - 17th July 2026,,,,2006,,historic_vote,Lib Dems,"Q:V006. To what extent do you approve or disapprove of…
 The way Ed Miliband is handling his job as Secretary of State for Energy Security and Net Zero",Best party on energy,energy,Approve,Neither approve nor disapprove,Disapprove,,,,,,,,26.3,28.9,34.3,,,,,,,,VI-2026-07-15-Opinium-Observer-Web-Tables-1227.xlsx,V006 (10)
"2,050 UK adults",15th - 17th July 2026,,,,2006,,historic_vote,Green,"Q:V006. To what extent do you approve or disapprove of…
 The way Ed Miliband is handling his job as Secretary of State for Energy Security and Net Zero",Best party on energy,energy,Approve,Neither approve nor disapprove,Disapprove,,,,,,,,22.9,31.2,28.1,,,,,,,,VI-2026-07-15-Opinium-Observer-Web-Tables-1227.xlsx,V006 (10)
"2,050 UK adults",15th - 17th July 2026,,,,2006,,historic_vote,Reform UK,"Q:V006. To what extent do you approve or disapprove of…
 The way Ed Miliband is handling his job as Secretary of State for Energy Security and Net Zero",Best party on energy,energy,Approve,Neither approve nor disapprove,Disapprove,,,,,,,,9.3,12.4,72.1,,,,,,,,VI-2026-07-15-Opinium-Observer-Web-Tables-1227.xlsx,V006 (10)
"2,050 UK adults",15th - 17th July 2026,,,,2006,,historic_vote,Con,"Q:V006. To what extent do you approve or disapprove of…
 The way Ed Miliband is handling his job as Secretary of State for Energy Security and Net Zero",Best party on energy,energy,Approve,Neither approve nor disapprove,Disapprove,,,,,,,,7.6,17.9,64.4,,,,,,,,VI-2026-07-15-Opinium-Observer-Web-Tables-1227.xlsx,V006 (10)
"2,050 UK adults",15th - 17th July 2026,,,,2006,,historic_vote,Lab,"Q:V006. To what extent do you approve or disapprove of…
 The way Ed Miliband is handling his job as Secretary of State for Energy Security and Net Zero",Best party on energy,energy,Approve,Neither approve nor disapprove,Disapprove,,,,,,,,31.9,26.8,25.6,,,,,,,,VI-2026-07-15-Opinium-Observer-Web-Tables-1227.xlsx,V006 (10)
"2,050 UK adults",15th - 17th July 2026,,,,2006,,historic_vote,Lib Dem,"Q:V006. To what extent do you approve or disapprove of…
 The way Ed Miliband is handling his job as Secretary of State for Energy Security and Net Zero",Best party on energy,energy,Approve,Neither approve nor disapprove,Disapprove,,,,,,,,28.6,28.5,31.4,,,,,,,,VI-2026-07-15-Opinium-Observer-Web-Tables-1227.xlsx,V006 (10)
"2,050 UK adults",15th - 17th July 2026,,,,2006,,historic_vote,Remain,"Q:V006. To what extent do you approve or disapprove of…
 The way Ed Miliband is handling his job as Secretary of State for Energy Security and Net Zero",Best party on energy,energy,Approve,Neither approve nor disapprove,Disapprove,,,,,,,,26.7,26.8,31.8,,,,,,,,VI-2026-07-15-Opinium-Observer-Web-Tables-1227.xlsx,V006 (10)
"2,050 UK adults",15th - 17th July 2026,,,,2006,,historic_vote,Leave,"Q:V006. To what extent do you approve or disapprove of…
 The way Ed Miliband is handling his job as Secretary of State for Energy Security and Net Zero",Best party on energy,energy,Approve,Neither approve nor disapprove,Disapprove,,,,,,,,7.2,19.6,59.9,,,,,,,,VI-2026-07-15-Opinium-Observer-Web-Tables-1227.xlsx,V006 (10)
"2,050 UK adults",15th - 17th July 2026,,,,2006,,gender,Male,"Q:V006. To what extent do you approve or disapprove of…
 The way Ed Miliband is handling his job as Secretary of State for Energy Security and Net Zero",Best party on energy,energy,Approve,Neither approve nor disapprove,Disapprove,,,,,,,,20.5,20.7,47.5,,,,,,,,VI-2026-07-15-Opinium-Observer-Web-Tables-1227.xlsx,V006 (10)
"2,050 UK adults",15th - 17th July 2026,,,,2006,,gender,Female,"Q:V006. To what extent do you approve or disapprove of…
 The way Ed Miliband is handling his job as Secretary of State for Energy Security and Net Zero",Best party on energy,energy,Approve,Neither approve nor disapprove,Disapprove,,,,,,,,13.7,28.9,34.3,,,,,,,,VI-2026-07-15-Opinium-Observer-Web-Tables-1227.xlsx,V006 (10)
"2,050 UK adults",15th - 17th July 2026,,,,2006,,age,18-34,"Q:V006. To what extent do you approve or disapprove of…
 The way Ed Miliband is handling his job as Secretary of State for Energy Security and Net Zero",Best party on energy,energy,Approve,Neither approve nor disapprove,Disapprove,,,,,,,,28.7,28.2,23.8,,,,,,,,VI-2026-07-15-Opinium-Observer-Web-Tables-1227.xlsx,V006 (10)
"2,050 UK adults",15th - 17th July 2026,,,,2006,,age,35-49,"Q:V006. To what extent do you approve or disapprove of…
 The way Ed Miliband is handling his job as Secretary of State for Energy Security and Net Zero",Best party on energy,energy,Approve,Neither approve nor disapprove,Disapprove,,,,,,,,17.4,25.8,34.2,,,,,,,,VI-2026-07-15-Opinium-Observer-Web-Tables-1227.xlsx,V006 (10)
"2,050 UK adults",15th - 17th July 2026,,,,2006,,age,50-64,"Q:V006. To what extent do you approve or disapprove of…
 The way Ed Miliband is handling his job as Secretary of State for Energy Security and Net Zero",Best party on energy,energy,Approve,Neither approve nor disapprove,Disapprove,,,,,,,,12.8,25.6,47.2,,,,,,,,VI-2026-07-15-Opinium-Observer-Web-Tables-1227.xlsx,V006 (10)
"2,050 UK adults",15th - 17th July 2026,,,,2006,,age,65+,"Q:V006. To what extent do you approve or disapprove of…
 The way Ed Miliband is handling his job as Secretary of State for Energy Security and Net Zero",Best party on energy,energy,Approve,Neither approve nor disapprove,Disapprove,,,,,,,,7.1,19.2,60.1,,,,,,,,VI-2026-07-15-Opinium-Observer-Web-Tables-1227.xlsx,V006 (10)
"2,050 UK adults",15th - 17th July 2026,,,,2006,,region,North,"Q:V006. To what extent do you approve or disapprove of…
 The way Ed Miliband is handling his job as Secretary of State for Energy Security and Net Zero",Best party on energy,energy,Approve,Neither approve nor disapprove,Disapprove,,,,,,,,19.4,21.0,43.3,,,,,,,,VI-2026-07-15-Opinium-Observer-Web-Tables-1227.xlsx,V006 (10)
"2,050 UK adults",15th - 17th July 2026,,,,2006,,region,Mids,"Q:V006. To what extent do you approve or disapprove of…
 The way Ed Miliband is handling his job as Secretary of State for Energy Security and Net Zero",Best party on energy,energy,Approve,Neither approve nor disapprove,Disapprove,,,,,,,,15.7,27.6,38.2,,,,,,,,VI-2026-07-15-Opinium-Observer-Web-Tables-1227.xlsx,V006 (10)
"2,050 UK adults",15th - 17th July 2026,,,,2006,,region,London,"Q:V006. To what extent do you approve or disapprove of…
 The way Ed Miliband is handling his job as Secretary of State for Energy Security and Net Zero",Best party on energy,energy,Approve,Neither approve nor disapprove,Disapprove,,,,,,,,23.9,29.7,31.3,,,,,,,,VI-2026-07-15-Opinium-Observer-Web-Tables-1227.xlsx,V006 (10)
"2,050 UK adults",15th - 17th July 2026,,,,2006,,region,South,"Q:V006. To what extent do you approve or disapprove of…
 The way Ed Miliband is handling his job as Secretary of State for Energy Security and Net Zero",Best party on energy,energy,Approve,Neither approve nor disapprove,Disapprove,,,,,,,,14.6,23.6,42.9,,,,,,,,VI-2026-07-15-Opinium-Observer-Web-Tables-1227.xlsx,V006 (10)
"2,050 UK adults",15th - 17th July 2026,,,,2006,,region,Wales,"Q:V006. To what extent do you approve or disapprove of…
 The way Ed Miliband is handling his job as Secretary of State for Energy Security and Net Zero",Best party on energy,energy,Approve,Neither approve nor disapprove,Disapprove,,,,,,,,10.3,29.2,42.3,,,,,,,,VI-2026-07-15-Opinium-Observer-Web-Tables-1227.xlsx,V006 (10)
"2,050 UK adults",15th - 17th July 2026,,,,2006,,region,Scotland,"Q:V006. To what extent do you approve or disapprove of…
 The way Ed Miliband is handling his job as Secretary of State for Energy Security and Net Zero",Best party on energy,energy,Approve,Neither approve nor disapprove,Disapprove,,,,,,,,15.8,25.2,43.3,,,,,,,,VI-2026-07-15-Opinium-Observer-Web-Tables-1227.xlsx,V006 (10)
"2,050 UK adults",15th - 17th July 2026,,,,2006,,region,Northern Ireland,"Q:V006. To what extent do you approve or disapprove of…
 The way Ed Miliband is handling his job as Secretary of State for Energy Security and Net Zero",Best party on energy,energy,Neither approve nor disapprove,,,,,,,,,,,,,,,,,,,,VI-2026-07-15-Opinium-Observer-Web-Tables-1227.xlsx,V006 (10)
"2,050 UK adults",15th - 17th July 2026,,,,2006,,total,Total,"Q:V006. To what extent do you approve or disapprove of…
 The way James Murray is handling his job as Secretary of State for Health and Social Care",UNMATCHED,,Approve,Neither approve nor disapprove,Disapprove,,,,,,,,11.6,32.3,26.5,,,,,,,,VI-2026-07-15-Opinium-Observer-Web-Tables-1227.xlsx,V006 (11)
"2,050 UK adults",15th - 17th July 2026,,,,2006,,current_vote,Con,"Q:V006. To what extent do you approve or disapprove of…
 The way James Murray is handling his job as Secretary of State for Health and Social Care",UNMATCHED,,Approve,Neither approve nor disapprove,Disapprove,,,,,,,,12.3,36.5,28.2,,,,,,,,VI-2026-07-15-Opinium-Observer-Web-Tables-1227.xlsx,V006 (11)
"2,050 UK adults",15th - 17th July 2026,,,,2006,,current_vote,Lab,"Q:V006. To what extent do you approve or disapprove of…
 The way James Murray is handling his job as Secretary of State for Health and Social Care",UNMATCHED,,Approve,Neither approve nor disapprove,Disapprove,,,,,,,,25.8,40.2,12.8,,,,,,,,VI-2026-07-15-Opinium-Observer-Web-Tables-1227.xlsx,V006 (11)
"2,050 UK adults",15th - 17th July 2026,,,,2006,,current_vote,Lib Dem,"Q:V006. To what extent do you approve or disapprove of…
 The way James Murray is handling his job as Secretary of State for Health and Social Care",UNMATCHED,,Approve,Neither approve nor disapprove,Disapprove,,,,,,,,10.5,37.7,22.7,,,,,,,,VI-2026-07-15-Opinium-Observer-Web-Tables-1227.xlsx,V006 (11)
"2,050 UK adults",15th - 17th July 2026,,,,2006,,current_vote,Reform,"Q:V006. To what extent do you approve or disapprove of…
 The way James Murray is handling his job as Secretary of State for Health and Social Care",UNMATCHED,,Approve,Neither approve nor disapprove,Disapprove,,,,,,,,9.7,23.4,46.0,,,,,,,,VI-2026-07-15-Opinium-Observer-Web-Tables-1227.xlsx,V006 (11)
"2,050 UK adults",15th - 17th July 2026,,,,2006,,current_vote,Green,"Q:V006. To what extent do you approve or disapprove of…
 The way James Murray is handling his job as Secretary of State for Health and Social Care",UNMATCHED,,Approve,Neither approve nor disapprove,Disapprove,,,,,,,,11.9,34.2,24.7,,,,,,,,VI-2026-07-15-Opinium-Observer-Web-Tables-1227.xlsx,V006 (11)
"2,050 UK adults",15th - 17th July 2026,,,,2006,,historic_vote,Conservative,"Q:V006. To what extent do you approve or disapprove of…
 The way James Murray is handling his job as Secretary of State for Health and Social Care",UNMATCHED,,Approve,Neither approve nor disapprove,Disapprove,,,,,,,,10.9,32.4,33.0,,,,,,,,VI-2026-07-15-Opinium-Observer-Web-Tables-1227.xlsx,V006 (11)
"2,050 UK adults",15th - 17th July 2026,,,,2006,,historic_vote,Labour,"Q:V006. To what extent do you approve or disapprove of…
 The way James Murray is handling his job as Secretary of State for Health and Social Care",UNMATCHED,,Approve,Neither approve nor disapprove,Disapprove,,,,,,,,20.8,34.6,17.2,,,,,,,,VI-2026-07-15-Opinium-Observer-Web-Tables-1227.xlsx,V006 (11)
"2,050 UK adults",15th - 17th July 2026,,,,2006,,historic_vote,Lib Dems,"Q:V006. To what extent do you approve or disapprove of…
 The way James Murray is handling his job as Secretary of State for Health and Social Care",UNMATCHED,,Approve,Neither approve nor disapprove,Disapprove,,,,,,,,10.9,40.2,19.4,,,,,,,,VI-2026-07-15-Opinium-Observer-Web-Tables-1227.xlsx,V006 (11)
"2,050 UK adults",15th - 17th July 2026,,,,2006,,historic_vote,Green,"Q:V006. To what extent do you approve or disapprove of…
 The way James Murray is handling his job as Secretary of State for Health and Social Care",UNMATCHED,,Approve,Neither approve nor disapprove,Disapprove,,,,,,,,8.3,38.0,26.0,,,,,,,,VI-2026-07-15-Opinium-Observer-Web-Tables-1227.xlsx,V006 (11)
"2,050 UK adults",15th - 17th July 2026,,,,2006,,historic_vote,Reform UK,"Q:V006. To what extent do you approve or disapprove of…
 The way James Murray is handling his job as Secretary of State for Health and Social Care",UNMATCHED,,Approve,Neither approve nor disapprove,Disapprove,,,,,,,,8.8,18.2,48.0,,,,,,,,VI-2026-07-15-Opinium-Observer-Web-Tables-1227.xlsx,V006 (11)
"2,050 UK adults",15th - 17th July 2026,,,,2006,,historic_vote,Con,"Q:V006. To what extent do you approve or disapprove of…
 The way James Murray is handling his job as Secretary of State for Health and Social Care",UNMATCHED,,Approve,Neither approve nor disapprove,Disapprove,,,,,,,,8.7,30.2,33.3,,,,,,,,VI-2026-07-15-Opinium-Observer-Web-Tables-1227.xlsx,V006 (11)
"2,050 UK adults",15th - 17th July 2026,,,,2006,,historic_vote,Lab,"Q:V006. To what extent do you approve or disapprove of…
 The way James Murray is handling his job as Secretary of State for Health and Social Care",UNMATCHED,,Approve,Neither approve nor disapprove,Disapprove,,,,,,,,18.6,34.5,19.8,,,,,,,,VI-2026-07-15-Opinium-Observer-Web-Tables-1227.xlsx,V006 (11)
"2,050 UK adults",15th - 17th July 2026,,,,2006,,historic_vote,Lib Dem,"Q:V006. To what extent do you approve or disapprove of…
 The way James Murray is handling his job as Secretary of State for Health and Social Care",UNMATCHED,,Approve,Neither approve nor disapprove,Disapprove,,,,,,,,13.6,38.8,16.4,,,,,,,,VI-2026-07-15-Opinium-Observer-Web-Tables-1227.xlsx,V006 (11)
"2,050 UK adults",15th - 17th July 2026,,,,2006,,historic_vote,Remain,"Q:V006. To what extent do you approve or disapprove of…
 The way James Murray is handling his job as Secretary of State for Health and Social Care",UNMATCHED,,Approve,Neither approve nor disapprove,Disapprove,,,,,,,,13.9,37.3,18.4,,,,,,,,VI-2026-07-15-Opinium-Observer-Web-Tables-1227.xlsx,V006 (11)
"2,050 UK adults",15th - 17th July 2026,,,,2006,,historic_vote,Leave,"Q:V006. To what extent do you approve or disapprove of…
 The way James Murray is handling his job as Secretary of State for Health and Social Care",UNMATCHED,,Approve,Neither approve nor disapprove,Disapprove,,,,,,,,7.2,26.8,36.3,,,,,,,,VI-2026-07-15-Opinium-Observer-Web-Tables-1227.xlsx,V006 (11)
"2,050 UK adults",15th - 17th July 2026,,,,2006,,gender,Male,"Q:V006. To what extent do you approve or disapprove of…
 The way James Murray is handling his job as Secretary of State for Health and Social Care",UNMATCHED,,Approve,Neither approve nor disapprove,Disapprove,,,,,,,,15.2,31.4,28.4,,,,,,,,VI-2026-07-15-Opinium-Observer-Web-Tables-1227.xlsx,V006 (11)
"2,050 UK adults",15th - 17th July 2026,,,,2006,,gender,Female,"Q:V006. To what extent do you approve or disapprove of…
 The way James Murray is handling his job as Secretary of State for Health and Social Care",UNMATCHED,,Approve,Neither approve nor disapprove,Disapprove,,,,,,,,8.4,33.2,24.6,,,,,,,,VI-2026-07-15-Opinium-Observer-Web-Tables-1227.xlsx,V006 (11)
"2,050 UK adults",15th - 17th July 2026,,,,2006,,age,18-34,"Q:V006. To what extent do you approve or disapprove of…
 The way James Murray is handling his job as Secretary of State for Health and Social Care",UNMATCHED,,Approve,Neither approve nor disapprove,Disapprove,,,,,,,,21.8,37.1,21.4,,,,,,,,VI-2026-07-15-Opinium-Observer-Web-Tables-1227.xlsx,V006 (11)
"2,050 UK adults",15th - 17th July 2026,,,,2006,,age,35-49,"Q:V006. To what extent do you approve or disapprove of…
 The way James Murray is handling his job as Secretary of State for Health and Social Care",UNMATCHED,,Approve,Neither approve nor disapprove,Disapprove,,,,,,,,12.0,28.3,27.2,,,,,,,,VI-2026-07-15-Opinium-Observer-Web-Tables-1227.xlsx,V006 (11)
"2,050 UK adults",15th - 17th July 2026,,,,2006,,age,50-64,"Q:V006. To what extent do you approve or disapprove of…
 The way James Murray is handling his job as Secretary of State for Health and Social Care",UNMATCHED,,Approve,Neither approve nor disapprove,Disapprove,,,,,,,,6.6,30.9,27.3,,,,,,,,VI-2026-07-15-Opinium-Observer-Web-Tables-1227.xlsx,V006 (11)
"2,050 UK adults",15th - 17th July 2026,,,,2006,,age,65+,"Q:V006. To what extent do you approve or disapprove of…
 The way James Murray is handling his job as Secretary of State for Health and Social Care",UNMATCHED,,Approve,Neither approve nor disapprove,Disapprove,,,,,,,,5.0,32.2,30.7,,,,,,,,VI-2026-07-15-Opinium-Observer-Web-Tables-1227.xlsx,V006 (11)
"2,050 UK adults",15th - 17th July 2026,,,,2006,,region,North,"Q:V006. To what extent do you approve or disapprove of…
 The way James Murray is handling his job as Secretary of State for Health and Social Care",UNMATCHED,,Approve,Neither approve nor disapprove,Disapprove,,,,,,,,10.4,32.3,26.9,,,,,,,,VI-2026-07-15-Opinium-Observer-Web-Tables-1227.xlsx,V006 (11)
"2,050 UK adults",15th - 17th July 2026,,,,2006,,region,Mids,"Q:V006. To what extent do you approve or disapprove of…
 The way James Murray is handling his job as Secretary of State for Health and Social Care",UNMATCHED,,Approve,Neither approve nor disapprove,Disapprove,,,,,,,,11.8,32.2,25.3,,,,,,,,VI-2026-07-15-Opinium-Observer-Web-Tables-1227.xlsx,V006 (11)
"2,050 UK adults",15th - 17th July 2026,,,,2006,,region,London,"Q:V006. To what extent do you approve or disapprove of…
 The way James Murray is handling his job as Secretary of State for Health and Social Care",UNMATCHED,,Approve,Neither approve nor disapprove,Disapprove,,,,,,,,20.2,34.9,20.5,,,,,,,,VI-2026-07-15-Opinium-Observer-Web-Tables-1227.xlsx,V006 (11)
"2,050 UK adults",15th - 17th July 2026,,,,2006,,region,South,"Q:V006. To what extent do you approve or disapprove of…
 The way James Murray is handling his job as Secretary of State for Health and Social Care",UNMATCHED,,Approve,Neither approve nor disapprove,Disapprove,,,,,,,,10.2,33.2,27.7,,,,,,,,VI-2026-07-15-Opinium-Observer-Web-Tables-1227.xlsx,V006 (11)
"2,050 UK adults",15th - 17th July 2026,,,,2006,,region,Wales,"Q:V006. To what extent do you approve or disapprove of…
 The way James Murray is handling his job as Secretary of State for Health and Social Care",UNMATCHED,,Approve,Neither approve nor disapprove,Disapprove,,,,,,,,9.3,25.4,36.1,,,,,,,,VI-2026-07-15-Opinium-Observer-Web-Tables-1227.xlsx,V006 (11)
"2,050 UK adults",15th - 17th July 2026,,,,2006,,region,Scotland,"Q:V006. To what extent do you approve or disapprove of…
 The way James Murray is handling his job as Secretary of State for Health and Social Care",UNMATCHED,,Approve,Neither approve nor disapprove,Disapprove,,,,,,,,7.6,28.3,26.9,,,,,,,,VI-2026-07-15-Opinium-Observer-Web-Tables-1227.xlsx,V006 (11)
"2,050 UK adults",15th - 17th July 2026,,,,2006,,region,Northern Ireland,"Q:V006. To what extent do you approve or disapprove of…
 The way James Murray is handling his job as Secretary of State for Health and Social Care",UNMATCHED,,Neither approve nor disapprove,,,,,,,,,,,,,,,,,,,,VI-2026-07-15-Opinium-Observer-Web-Tables-1227.xlsx,V006 (11)
"2,050 UK adults",15th - 17th July 2026,,,,2006,,total,Total,"Q:V006. To what extent do you approve or disapprove of…
 Andy Burnham",Leader favourability (Burnham),burnham,Approve,Neither approve nor disapprove,Disapprove,,,,,,,,27.2,27.7,30.6,,,,,,,,VI-2026-07-15-Opinium-Observer-Web-Tables-1227.xlsx,V006 (12)
"2,050 UK adults",15th - 17th July 2026,,,,2006,,current_vote,Con,"Q:V006. To what extent do you approve or disapprove of…
 Andy Burnham",Leader favourability (Burnham),burnham,Approve,Neither approve nor disapprove,Disapprove,,,,,,,,16.3,28.5,45.9,,,,,,,,VI-2026-07-15-Opinium-Observer-Web-Tables-1227.xlsx,V006 (12)
"2,050 UK adults",15th - 17th July 2026,,,,2006,,current_vote,Lab,"Q:V006. To what extent do you approve or disapprove of…
 Andy Burnham",Leader favourability (Burnham),burnham,Approve,Neither approve nor disapprove,Disapprove,,,,,,,,60.8,21.5,8.6,,,,,,,,VI-2026-07-15-Opinium-Observer-Web-Tables-1227.xlsx,V006 (12)
"2,050 UK adults",15th - 17th July 2026,,,,2006,,current_vote,Lib Dem,"Q:V006. To what extent do you approve or disapprove of…
 Andy Burnham",Leader favourability (Burnham),burnham,Approve,Neither approve nor disapprove,Disapprove,,,,,,,,37.8,36.9,14.0,,,,,,,,VI-2026-07-15-Opinium-Observer-Web-Tables-1227.xlsx,V006 (12)
"2,050 UK adults",15th - 17th July 2026,,,,2006,,current_vote,Reform,"Q:V006. To what extent do you approve or disapprove of…
 Andy Burnham",Leader favourability (Burnham),burnham,Approve,Neither approve nor disapprove,Disapprove,,,,,,,,11.7,25.0,57.2,,,,,,,,VI-2026-07-15-Opinium-Observer-Web-Tables-1227.xlsx,V006 (12)
"2,050 UK adults",15th - 17th July 2026,,,,2006,,current_vote,Green,"Q:V006. To what extent do you approve or disapprove of…
 Andy Burnham",Leader favourability (Burnham),burnham,Approve,Neither approve nor disapprove,Disapprove,,,,,,,,33.3,27.2,22.4,,,,,,,,VI-2026-07-15-Opinium-Observer-Web-Tables-1227.xlsx,V006 (12)
"2,050 UK adults",15th - 17th July 2026,,,,2006,,historic_vote,Conservative,"Q:V006. To what extent do you approve or disapprove of…
 Andy Burnham",Leader favourability (Burnham),burnham,Approve,Neither approve nor disapprove,Disapprove,,,,,,,,16.5,24.8,50.7,,,,,,,,VI-2026-07-15-Opinium-Observer-Web-Tables-1227.xlsx,V006 (12)
"2,050 UK adults",15th - 17th July 2026,,,,2006,,historic_vote,Labour,"Q:V006. To what extent do you approve or disapprove of…
 Andy Burnham",Leader favourability (Burnham),burnham,Approve,Neither approve nor disapprove,Disapprove,,,,,,,,51.7,23.8,15.8,,,,,,,,VI-2026-07-15-Opinium-Observer-Web-Tables-1227.xlsx,V006 (12)
"2,050 UK adults",15th - 17th July 2026,,,,2006,,historic_vote,Lib Dems,"Q:V006. To what extent do you approve or disapprove of…
 Andy Burnham",Leader favourability (Burnham),burnham,Approve,Neither approve nor disapprove,Disapprove,,,,,,,,32.6,42.7,18.3,,,,,,,,VI-2026-07-15-Opinium-Observer-Web-Tables-1227.xlsx,V006 (12)
"2,050 UK adults",15th - 17th July 2026,,,,2006,,historic_vote,Green,"Q:V006. To what extent do you approve or disapprove of…
 Andy Burnham",Leader favourability (Burnham),burnham,Approve,Neither approve nor disapprove,Disapprove,,,,,,,,27.1,33.8,24.0,,,,,,,,VI-2026-07-15-Opinium-Observer-Web-Tables-1227.xlsx,V006 (12)
"2,050 UK adults",15th - 17th July 2026,,,,2006,,historic_vote,Reform UK,"Q:V006. To what extent do you approve or disapprove of…
 Andy Burnham",Leader favourability (Burnham),burnham,Approve,Neither approve nor disapprove,Disapprove,,,,,,,,11.8,23.4,59.3,,,,,,,,VI-2026-07-15-Opinium-Observer-Web-Tables-1227.xlsx,V006 (12)
"2,050 UK adults",15th - 17th July 2026,,,,2006,,historic_vote,Con,"Q:V006. To what extent do you approve or disapprove of…
 Andy Burnham",Leader favourability (Burnham),burnham,Approve,Neither approve nor disapprove,Disapprove,,,,,,,,16.1,26.6,48.3,,,,,,,,VI-2026-07-15-Opinium-Observer-Web-Tables-1227.xlsx,V006 (12)
"2,050 UK adults",15th - 17th July 2026,,,,2006,,historic_vote,Lab,"Q:V006. To what extent do you approve or disapprove of…
 Andy Burnham",Leader favourability (Burnham),burnham,Approve,Neither approve nor disapprove,Disapprove,,,,,,,,50.8,23.0,18.2,,,,,,,,VI-2026-07-15-Opinium-Observer-Web-Tables-1227.xlsx,V006 (12)
"2,050 UK adults",15th - 17th July 2026,,,,2006,,historic_vote,Lib Dem,"Q:V006. To what extent do you approve or disapprove of…
 Andy Burnham",Leader favourability (Burnham),burnham,Approve,Neither approve nor disapprove,Disapprove,,,,,,,,31.4,39.6,20.7,,,,,,,,VI-2026-07-15-Opinium-Observer-Web-Tables-1227.xlsx,V006 (12)
"2,050 UK adults",15th - 17th July 2026,,,,2006,,historic_vote,Remain,"Q:V006. To what extent do you approve or disapprove of…
 Andy Burnham",Leader favourability (Burnham),burnham,Approve,Neither approve nor disapprove,Disapprove,,,,,,,,39.9,29.7,20.9,,,,,,,,VI-2026-07-15-Opinium-Observer-Web-Tables-1227.xlsx,V006 (12)
"2,050 UK adults",15th - 17th July 2026,,,,2006,,historic_vote,Leave,"Q:V006. To what extent do you approve or disapprove of…
 Andy Burnham",Leader favourability (Burnham),burnham,Approve,Neither approve nor disapprove,Disapprove,,,,,,,,19.2,24.4,46.8,,,,,,,,VI-2026-07-15-Opinium-Observer-Web-Tables-1227.xlsx,V006 (12)
"2,050 UK adults",15th - 17th July 2026,,,,2006,,gender,Male,"Q:V006. To what extent do you approve or disapprove of…
 Andy Burnham",Leader favourability (Burnham),burnham,Approve,Neither approve nor disapprove,Disapprove,,,,,,,,28.1,26.6,33.8,,,,,,,,VI-2026-07-15-Opinium-Observer-Web-Tables-1227.xlsx,V006 (12)
"2,050 UK adults",15th - 17th July 2026,,,,2006,,gender,Female,"Q:V006. To what extent do you approve or disapprove of…
 Andy Burnham",Leader favourability (Burnham),burnham,Approve,Neither approve nor disapprove,Disapprove,,,,,,,,26.3,29.3,27.4,,,,,,,,VI-2026-07-15-Opinium-Observer-Web-Tables-1227.xlsx,V006 (12)
"2,050 UK adults",15th - 17th July 2026,,,,2006,,age,18-34,"Q:V006. To what extent do you approve or disapprove of…
 Andy Burnham",Leader favourability (Burnham),burnham,Approve,Neither approve nor disapprove,Disapprove,,,,,,,,33.1,27.6,18.9,,,,,,,,VI-2026-07-15-Opinium-Observer-Web-Tables-1227.xlsx,V006 (12)
"2,050 UK adults",15th - 17th July 2026,,,,2006,,age,35-49,"Q:V006. To what extent do you approve or disapprove of…
 Andy Burnham",Leader favourability (Burnham),burnham,Approve,Neither approve nor disapprove,Disapprove,,,,,,,,29.0,28.6,29.7,,,,,,,,VI-2026-07-15-Opinium-Observer-Web-Tables-1227.xlsx,V006 (12)
"2,050 UK adults",15th - 17th July 2026,,,,2006,,age,50-64,"Q:V006. To what extent do you approve or disapprove of…
 Andy Burnham",Leader favourability (Burnham),burnham,Approve,Neither approve nor disapprove,Disapprove,,,,,,,,25.5,28.5,33.9,,,,,,,,VI-2026-07-15-Opinium-Observer-Web-Tables-1227.xlsx,V006 (12)
"2,050 UK adults",15th - 17th July 2026,,,,2006,,age,65+,"Q:V006. To what extent do you approve or disapprove of…
 Andy Burnham",Leader favourability (Burnham),burnham,Approve,Neither approve nor disapprove,Disapprove,,,,,,,,20.6,26.3,41.8,,,,,,,,VI-2026-07-15-Opinium-Observer-Web-Tables-1227.xlsx,V006 (12)
"2,050 UK adults",15th - 17th July 2026,,,,2006,,region,North,"Q:V006. To what extent do you approve or disapprove of…
 Andy Burnham",Leader favourability (Burnham),burnham,Approve,Neither approve nor disapprove,Disapprove,,,,,,,,34.4,25.8,27.7,,,,,,,,VI-2026-07-15-Opinium-Observer-Web-Tables-1227.xlsx,V006 (12)
"2,050 UK adults",15th - 17th July 2026,,,,2006,,region,Mids,"Q:V006. To what extent do you approve or disapprove of…
 Andy Burnham",Leader favourability (Burnham),burnham,Approve,Neither approve nor disapprove,Disapprove,,,,,,,,22.6,27.5,32.8,,,,,,,,VI-2026-07-15-Opinium-Observer-Web-Tables-1227.xlsx,V006 (12)
"2,050 UK adults",15th - 17th July 2026,,,,2006,,region,London,"Q:V006. To what extent do you approve or disapprove of…
 Andy Burnham",Leader favourability (Burnham),burnham,Approve,Neither approve nor disapprove,Disapprove,,,,,,,,31.3,30.3,24.6,,,,,,,,VI-2026-07-15-Opinium-Observer-Web-Tables-1227.xlsx,V006 (12)
"2,050 UK adults",15th - 17th July 2026,,,,2006,,region,South,"Q:V006. To what extent do you approve or disapprove of…
 Andy Burnham",Leader favourability (Burnham),burnham,Approve,Neither approve nor disapprove,Disapprove,,,,,,,,22.5,28.0,34.4,,,,,,,,VI-2026-07-15-Opinium-Observer-Web-Tables-1227.xlsx,V006 (12)
"2,050 UK adults",15th - 17th July 2026,,,,2006,,region,Wales,"Q:V006. To what extent do you approve or disapprove of…
 Andy Burnham",Leader favourability (Burnham),burnham,Approve,Neither approve nor disapprove,Disapprove,,,,,,,,27.8,25.1,35.0,,,,,,,,VI-2026-07-15-Opinium-Observer-Web-Tables-1227.xlsx,V006 (12)
"2,050 UK adults",15th - 17th July 2026,,,,2006,,region,Scotland,"Q:V006. To what extent do you approve or disapprove of…
 Andy Burnham",Leader favourability (Burnham),burnham,Approve,Neither approve nor disapprove,Disapprove,,,,,,,,26.9,30.0,26.9,,,,,,,,VI-2026-07-15-Opinium-Observer-Web-Tables-1227.xlsx,V006 (12)
"2,050 UK adults",15th - 17th July 2026,,,,2006,,region,Northern Ireland,"Q:V006. To what extent do you approve or disapprove of…
 Andy Burnham",Leader favourability (Burnham),burnham,Neither approve nor disapprove,,,,,,,,,,,,,,,,,,,,VI-2026-07-15-Opinium-Observer-Web-Tables-1227.xlsx,V006 (12)
"2,050 UK adults",15th - 17th July 2026,,,,2006,,total,Total,"Q:V007. Which, if any, of the following people do you think would be the best prime minister?",Preferred Prime Minister,best prime minister,Andy Burnham,Kemi Badenoch,,,,,,,,,30.3,25.1,,,,,,,,,VI-2026-07-15-Opinium-Observer-Web-Tables-1227.xlsx,V007
"2,050 UK adults",15th - 17th July 2026,,,,2006,,current_vote,Con,"Q:V007. Which, if any, of the following people do you think would be the best prime minister?",Preferred Prime Minister,best prime minister,Andy Burnham,Kemi Badenoch,,,,,,,,,9.4,71.0,,,,,,,,,VI-2026-07-15-Opinium-Observer-Web-Tables-1227.xlsx,V007
"2,050 UK adults",15th - 17th July 2026,,,,2006,,current_vote,Lab,"Q:V007. Which, if any, of the following people do you think would be the best prime minister?",Preferred Prime Minister,best prime minister,Andy Burnham,Kemi Badenoch,,,,,,,,,67.9,10.7,,,,,,,,,VI-2026-07-15-Opinium-Observer-Web-Tables-1227.xlsx,V007
"2,050 UK adults",15th - 17th July 2026,,,,2006,,current_vote,Lib Dem,"Q:V007. Which, if any, of the following people do you think would be the best prime minister?",Preferred Prime Minister,best prime minister,Andy Burnham,Kemi Badenoch,,,,,,,,,46.6,14.2,,,,,,,,,VI-2026-07-15-Opinium-Observer-Web-Tables-1227.xlsx,V007
"2,050 UK adults",15th - 17th July 2026,,,,2006,,current_vote,Reform,"Q:V007. Which, if any, of the following people do you think would be the best prime minister?",Preferred Prime Minister,best prime minister,Andy Burnham,Kemi Badenoch,,,,,,,,,10.2,40.7,,,,,,,,,VI-2026-07-15-Opinium-Observer-Web-Tables-1227.xlsx,V007
"2,050 UK adults",15th - 17th July 2026,,,,2006,,current_vote,Green,"Q:V007. Which, if any, of the following people do you think would be the best prime minister?",Preferred Prime Minister,best prime minister,Andy Burnham,Kemi Badenoch,,,,,,,,,46.3,7.0,,,,,,,,,VI-2026-07-15-Opinium-Observer-Web-Tables-1227.xlsx,V007
"2,050 UK adults",15th - 17th July 2026,,,,2006,,historic_vote,Conservative,"Q:V007. Which, if any, of the following people do you think would be the best prime minister?",Preferred Prime Minister,best prime minister,Andy Burnham,Kemi Badenoch,,,,,,,,,9.7,62.9,,,,,,,,,VI-2026-07-15-Opinium-Observer-Web-Tables-1227.xlsx,V007
"2,050 UK adults",15th - 17th July 2026,,,,2006,,historic_vote,Labour,"Q:V007. Which, if any, of the following people do you think would be the best prime minister?",Preferred Prime Minister,best prime minister,Andy Burnham,Kemi Badenoch,,,,,,,,,58.1,12.0,,,,,,,,,VI-2026-07-15-Opinium-Observer-Web-Tables-1227.xlsx,V007
"2,050 UK adults",15th - 17th July 2026,,,,2006,,historic_vote,Lib Dems,"Q:V007. Which, if any, of the following people do you think would be the best prime minister?",Preferred Prime Minister,best prime minister,Andy Burnham,Kemi Badenoch,,,,,,,,,37.5,20.8,,,,,,,,,VI-2026-07-15-Opinium-Observer-Web-Tables-1227.xlsx,V007
"2,050 UK adults",15th - 17th July 2026,,,,2006,,historic_vote,Green,"Q:V007. Which, if any, of the following people do you think would be the best prime minister?",Preferred Prime Minister,best prime minister,Andy Burnham,Kemi Badenoch,,,,,,,,,48.0,10.1,,,,,,,,,VI-2026-07-15-Opinium-Observer-Web-Tables-1227.xlsx,V007
"2,050 UK adults",15th - 17th July 2026,,,,2006,,historic_vote,Reform UK,"Q:V007. Which, if any, of the following people do you think would be the best prime minister?",Preferred Prime Minister,best prime minister,Andy Burnham,Kemi Badenoch,,,,,,,,,11.6,41.3,,,,,,,,,VI-2026-07-15-Opinium-Observer-Web-Tables-1227.xlsx,V007
"2,050 UK adults",15th - 17th July 2026,,,,2006,,historic_vote,Con,"Q:V007. Which, if any, of the following people do you think would be the best prime minister?",Preferred Prime Minister,best prime minister,Andy Burnham,Kemi Badenoch,,,,,,,,,12.8,51.7,,,,,,,,,VI-2026-07-15-Opinium-Observer-Web-Tables-1227.xlsx,V007
"2,050 UK adults",15th - 17th July 2026,,,,2006,,historic_vote,Lab,"Q:V007. Which, if any, of the following people do you think would be the best prime minister?",Preferred Prime Minister,best prime minister,Andy Burnham,Kemi Badenoch,,,,,,,,,58.4,10.6,,,,,,,,,VI-2026-07-15-Opinium-Observer-Web-Tables-1227.xlsx,V007
"2,050 UK adults",15th - 17th July 2026,,,,2006,,historic_vote,Lib Dem,"Q:V007. Which, if any, of the following people do you think would be the best prime minister?",Preferred Prime Minister,best prime minister,Andy Burnham,Kemi Badenoch,,,,,,,,,42.9,16.2,,,,,,,,,VI-2026-07-15-Opinium-Observer-Web-Tables-1227.xlsx,V007
"2,050 UK adults",15th - 17th July 2026,,,,2006,,historic_vote,Remain,"Q:V007. Which, if any, of the following people do you think would be the best prime minister?",Preferred Prime Minister,best prime minister,Andy Burnham,Kemi Badenoch,,,,,,,,,45.5,21.0,,,,,,,,,VI-2026-07-15-Opinium-Observer-Web-Tables-1227.xlsx,V007
"2,050 UK adults",15th - 17th July 2026,,,,2006,,historic_vote,Leave,"Q:V007. Which, if any, of the following people do you think would be the best prime minister?",Preferred Prime Minister,best prime minister,Andy Burnham,Kemi Badenoch,,,,,,,,,18.7,38.0,,,,,,,,,VI-2026-07-15-Opinium-Observer-Web-Tables-1227.xlsx,V007
"2,050 UK adults",15th - 17th July 2026,,,,2006,,gender,Male,"Q:V007. Which, if any, of the following people do you think would be the best prime minister?",Preferred Prime Minister,best prime minister,Andy Burnham,Kemi Badenoch,,,,,,,,,32.4,27.5,,,,,,,,,VI-2026-07-15-Opinium-Observer-Web-Tables-1227.xlsx,V007
"2,050 UK adults",15th - 17th July 2026,,,,2006,,gender,Female,"Q:V007. Which, if any, of the following people do you think would be the best prime minister?",Preferred Prime Minister,best prime minister,Andy Burnham,Kemi Badenoch,,,,,,,,,28.5,23.0,,,,,,,,,VI-2026-07-15-Opinium-Observer-Web-Tables-1227.xlsx,V007
"2,050 UK adults",15th - 17th July 2026,,,,2006,,age,18-34,"Q:V007. Which, if any, of the following people do you think would be the best prime minister?",Preferred Prime Minister,best prime minister,Andy Burnham,Kemi Badenoch,,,,,,,,,35.1,20.8,,,,,,,,,VI-2026-07-15-Opinium-Observer-Web-Tables-1227.xlsx,V007
"2,050 UK adults",15th - 17th July 2026,,,,2006,,age,35-49,"Q:V007. Which, if any, of the following people do you think would be the best prime minister?",Preferred Prime Minister,best prime minister,Andy Burnham,Kemi Badenoch,,,,,,,,,32.6,20.2,,,,,,,,,VI-2026-07-15-Opinium-Observer-Web-Tables-1227.xlsx,V007
"2,050 UK adults",15th - 17th July 2026,,,,2006,,age,50-64,"Q:V007. Which, if any, of the following people do you think would be the best prime minister?",Preferred Prime Minister,best prime minister,Andy Burnham,Kemi Badenoch,,,,,,,,,31.5,24.5,,,,,,,,,VI-2026-07-15-Opinium-Observer-Web-Tables-1227.xlsx,V007
"2,050 UK adults",15th - 17th July 2026,,,,2006,,age,65+,"Q:V007. Which, if any, of the following people do you think would be the best prime minister?",Preferred Prime Minister,best prime minister,Andy Burnham,Kemi Badenoch,,,,,,,,,21.3,35.7,,,,,,,,,VI-2026-07-15-Opinium-Observer-Web-Tables-1227.xlsx,V007
"2,050 UK adults",15th - 17th July 2026,,,,2006,,region,North,"Q:V007. Which, if any, of the following people do you think would be the best prime minister?",Preferred Prime Minister,best prime minister,Andy Burnham,Kemi Badenoch,,,,,,,,,36.1,27.5,,,,,,,,,VI-2026-07-15-Opinium-Observer-Web-Tables-1227.xlsx,V007
"2,050 UK adults",15th - 17th July 2026,,,,2006,,region,Mids,"Q:V007. Which, if any, of the following people do you think would be the best prime minister?",Preferred Prime Minister,best prime minister,Andy Burnham,Kemi Badenoch,,,,,,,,,26.0,26.0,,,,,,,,,VI-2026-07-15-Opinium-Observer-Web-Tables-1227.xlsx,V007
"2,050 UK adults",15th - 17th July 2026,,,,2006,,region,London,"Q:V007. Which, if any, of the following people do you think would be the best prime minister?",Preferred Prime Minister,best prime minister,Andy Burnham,Kemi Badenoch,,,,,,,,,32.5,23.9,,,,,,,,,VI-2026-07-15-Opinium-Observer-Web-Tables-1227.xlsx,V007
"2,050 UK adults",15th - 17th July 2026,,,,2006,,region,South,"Q:V007. Which, if any, of the following people do you think would be the best prime minister?",Preferred Prime Minister,best prime minister,Andy Burnham,Kemi Badenoch,,,,,,,,,26.3,26.2,,,,,,,,,VI-2026-07-15-Opinium-Observer-Web-Tables-1227.xlsx,V007
"2,050 UK adults",15th - 17th July 2026,,,,2006,,region,Wales,"Q:V007. Which, if any, of the following people do you think would be the best prime minister?",Preferred Prime Minister,best prime minister,Andy Burnham,Kemi Badenoch,,,,,,,,,32.2,22.9,,,,,,,,,VI-2026-07-15-Opinium-Observer-Web-Tables-1227.xlsx,V007
"2,050 UK adults",15th - 17th July 2026,,,,2006,,region,Scotland,"Q:V007. Which, if any, of the following people do you think would be the best prime minister?",Preferred Prime Minister,best prime minister,Andy Burnham,Kemi Badenoch,,,,,,,,,33.8,15.5,,,,,,,,,VI-2026-07-15-Opinium-Observer-Web-Tables-1227.xlsx,V007
"2,050 UK adults",15th - 17th July 2026,,,,2006,,region,Northern Ireland,"Q:V007. Which, if any, of the following people do you think would be the best prime minister?",Preferred Prime Minister,best prime minister,Andy Burnham,Kemi Badenoch,,,,,,,,,,,,,,,,,,,VI-2026-07-15-Opinium-Observer-Web-Tables-1227.xlsx,V007
"2,050 UK adults",15th - 17th July 2026,,,,2006,,total,Total,"Q:V007_KF. Which, if any, of the following people do you think would be the best prime minister?",Preferred Prime Minister,best prime minister,Andy Burnham,Nigel Farage,,,,,,,,,37.9,24.6,,,,,,,,,VI-2026-07-15-Opinium-Observer-Web-Tables-1227.xlsx,V007_KF
"2,050 UK adults",15th - 17th July 2026,,,,2006,,current_vote,Con,"Q:V007_KF. Which, if any, of the following people do you think would be the best prime minister?",Preferred Prime Minister,best prime minister,Andy Burnham,Nigel Farage,,,,,,,,,23.6,23.0,,,,,,,,,VI-2026-07-15-Opinium-Observer-Web-Tables-1227.xlsx,V007_KF
"2,050 UK adults",15th - 17th July 2026,,,,2006,,current_vote,Lab,"Q:V007_KF. Which, if any, of the following people do you think would be the best prime minister?",Preferred Prime Minister,best prime minister,Andy Burnham,Nigel Farage,,,,,,,,,74.1,8.7,,,,,,,,,VI-2026-07-15-Opinium-Observer-Web-Tables-1227.xlsx,V007_KF
"2,050 UK adults",15th - 17th July 2026,,,,2006,,current_vote,Lib Dem,"Q:V007_KF. Which, if any, of the following people do you think would be the best prime minister?",Preferred Prime Minister,best prime minister,Andy Burnham,Nigel Farage,,,,,,,,,62.0,6.9,,,,,,,,,VI-2026-07-15-Opinium-Observer-Web-Tables-1227.xlsx,V007_KF
"2,050 UK adults",15th - 17th July 2026,,,,2006,,current_vote,Reform,"Q:V007_KF. Which, if any, of the following people do you think would be the best prime minister?",Preferred Prime Minister,best prime minister,Andy Burnham,Nigel Farage,,,,,,,,,5.0,84.8,,,,,,,,,VI-2026-07-15-Opinium-Observer-Web-Tables-1227.xlsx,V007_KF
"2,050 UK adults",15th - 17th July 2026,,,,2006,,current_vote,Green,"Q:V007_KF. Which, if any, of the following people do you think would be the best prime minister?",Preferred Prime Minister,best prime minister,Andy Burnham,Nigel Farage,,,,,,,,,57.2,2.4,,,,,,,,,VI-2026-07-15-Opinium-Observer-Web-Tables-1227.xlsx,V007_KF
"2,050 UK adults",15th - 17th July 2026,,,,2006,,historic_vote,Conservative,"Q:V007_KF. Which, if any, of the following people do you think would be the best prime minister?",Preferred Prime Minister,best prime minister,Andy Burnham,Nigel Farage,,,,,,,,,20.5,31.3,,,,,,,,,VI-2026-07-15-Opinium-Observer-Web-Tables-1227.xlsx,V007_KF
"2,050 UK adults",15th - 17th July 2026,,,,2006,,historic_vote,Labour,"Q:V007_KF. Which, if any, of the following people do you think would be the best prime minister?",Preferred Prime Minister,best prime minister,Andy Burnham,Nigel Farage,,,,,,,,,65.6,13.3,,,,,,,,,VI-2026-07-15-Opinium-Observer-Web-Tables-1227.xlsx,V007_KF
"2,050 UK adults",15th - 17th July 2026,,,,2006,,historic_vote,Lib Dems,"Q:V007_KF. Which, if any, of the following people do you think would be the best prime minister?",Preferred Prime Minister,best prime minister,Andy Burnham,Nigel Farage,,,,,,,,,54.2,13.2,,,,,,,,,VI-2026-07-15-Opinium-Observer-Web-Tables-1227.xlsx,V007_KF
"2,050 UK adults",15th - 17th July 2026,,,,2006,,historic_vote,Green,"Q:V007_KF. Which, if any, of the following people do you think would be the best prime minister?",Preferred Prime Minister,best prime minister,Andy Burnham,Nigel Farage,,,,,,,,,57.8,6.9,,,,,,,,,VI-2026-07-15-Opinium-Observer-Web-Tables-1227.xlsx,V007_KF
"2,050 UK adults",15th - 17th July 2026,,,,2006,,historic_vote,Reform UK,"Q:V007_KF. Which, if any, of the following people do you think would be the best prime minister?",Preferred Prime Minister,best prime minister,Andy Burnham,Nigel Farage,,,,,,,,,7.7,78.2,,,,,,,,,VI-2026-07-15-Opinium-Observer-Web-Tables-1227.xlsx,V007_KF
"2,050 UK adults",15th - 17th July 2026,,,,2006,,historic_vote,Con,"Q:V007_KF. Which, if any, of the following people do you think would be the best prime minister?",Preferred Prime Minister,best prime minister,Andy Burnham,Nigel Farage,,,,,,,,,22.1,40.8,,,,,,,,,VI-2026-07-15-Opinium-Observer-Web-Tables-1227.xlsx,V007_KF
"2,050 UK adults",15th - 17th July 2026,,,,2006,,historic_vote,Lab,"Q:V007_KF. Which, if any, of the following people do you think would be the best prime minister?",Preferred Prime Minister,best prime minister,Andy Burnham,Nigel Farage,,,,,,,,,65.4,12.2,,,,,,,,,VI-2026-07-15-Opinium-Observer-Web-Tables-1227.xlsx,V007_KF
"2,050 UK adults",15th - 17th July 2026,,,,2006,,historic_vote,Lib Dem,"Q:V007_KF. Which, if any, of the following people do you think would be the best prime minister?",Preferred Prime Minister,best prime minister,Andy Burnham,Nigel Farage,,,,,,,,,54.5,10.6,,,,,,,,,VI-2026-07-15-Opinium-Observer-Web-Tables-1227.xlsx,V007_KF
"2,050 UK adults",15th - 17th July 2026,,,,2006,,historic_vote,Remain,"Q:V007_KF. Which, if any, of the following people do you think would be the best prime minister?",Preferred Prime Minister,best prime minister,Andy Burnham,Nigel Farage,,,,,,,,,58.4,10.6,,,,,,,,,VI-2026-07-15-Opinium-Observer-Web-Tables-1227.xlsx,V007_KF
"2,050 UK adults",15th - 17th July 2026,,,,2006,,historic_vote,Leave,"Q:V007_KF. Which, if any, of the following people do you think would be the best prime minister?",Preferred Prime Minister,best prime minister,Andy Burnham,Nigel Farage,,,,,,,,,22.4,41.9,,,,,,,,,VI-2026-07-15-Opinium-Observer-Web-Tables-1227.xlsx,V007_KF
"2,050 UK adults",15th - 17th July 2026,,,,2006,,gender,Male,"Q:V007_KF. Which, if any, of the following people do you think would be the best prime minister?",Preferred Prime Minister,best prime minister,Andy Burnham,Nigel Farage,,,,,,,,,37.1,31.9,,,,,,,,,VI-2026-07-15-Opinium-Observer-Web-Tables-1227.xlsx,V007_KF
"2,050 UK adults",15th - 17th July 2026,,,,2006,,gender,Female,"Q:V007_KF. Which, if any, of the following people do you think would be the best prime minister?",Preferred Prime Minister,best prime minister,Andy Burnham,Nigel Farage,,,,,,,,,38.7,18.1,,,,,,,,,VI-2026-07-15-Opinium-Observer-Web-Tables-1227.xlsx,V007_KF
"2,050 UK adults",15th - 17th July 2026,,,,2006,,age,18-34,"Q:V007_KF. Which, if any, of the following people do you think would be the best prime minister?",Preferred Prime Minister,best prime minister,Andy Burnham,Nigel Farage,,,,,,,,,42.2,23.8,,,,,,,,,VI-2026-07-15-Opinium-Observer-Web-Tables-1227.xlsx,V007_KF
"2,050 UK adults",15th - 17th July 2026,,,,2006,,age,35-49,"Q:V007_KF. Which, if any, of the following people do you think would be the best prime minister?",Preferred Prime Minister,best prime minister,Andy Burnham,Nigel Farage,,,,,,,,,40.3,23.8,,,,,,,,,VI-2026-07-15-Opinium-Observer-Web-Tables-1227.xlsx,V007_KF
"2,050 UK adults",15th - 17th July 2026,,,,2006,,age,50-64,"Q:V007_KF. Which, if any, of the following people do you think would be the best prime minister?",Preferred Prime Minister,best prime minister,Andy Burnham,Nigel Farage,,,,,,,,,39.4,23.2,,,,,,,,,VI-2026-07-15-Opinium-Observer-Web-Tables-1227.xlsx,V007_KF
"2,050 UK adults",15th - 17th July 2026,,,,2006,,age,65+,"Q:V007_KF. Which, if any, of the following people do you think would be the best prime minister?",Preferred Prime Minister,best prime minister,Andy Burnham,Nigel Farage,,,,,,,,,28.8,27.7,,,,,,,,,VI-2026-07-15-Opinium-Observer-Web-Tables-1227.xlsx,V007_KF
"2,050 UK adults",15th - 17th July 2026,,,,2006,,region,North,"Q:V007_KF. Which, if any, of the following people do you think would be the best prime minister?",Preferred Prime Minister,best prime minister,Andy Burnham,Nigel Farage,,,,,,,,,40.9,23.5,,,,,,,,,VI-2026-07-15-Opinium-Observer-Web-Tables-1227.xlsx,V007_KF
"2,050 UK adults",15th - 17th July 2026,,,,2006,,region,Mids,"Q:V007_KF. Which, if any, of the following people do you think would be the best prime minister?",Preferred Prime Minister,best prime minister,Andy Burnham,Nigel Farage,,,,,,,,,36.7,23.3,,,,,,,,,VI-2026-07-15-Opinium-Observer-Web-Tables-1227.xlsx,V007_KF
"2,050 UK adults",15th - 17th July 2026,,,,2006,,region,London,"Q:V007_KF. Which, if any, of the following people do you think would be the best prime minister?",Preferred Prime Minister,best prime minister,Andy Burnham,Nigel Farage,,,,,,,,,38.2,27.9,,,,,,,,,VI-2026-07-15-Opinium-Observer-Web-Tables-1227.xlsx,V007_KF
"2,050 UK adults",15th - 17th July 2026,,,,2006,,region,South,"Q:V007_KF. Which, if any, of the following people do you think would be the best prime minister?",Preferred Prime Minister,best prime minister,Andy Burnham,Nigel Farage,,,,,,,,,34.9,25.9,,,,,,,,,VI-2026-07-15-Opinium-Observer-Web-Tables-1227.xlsx,V007_KF
"2,050 UK adults",15th - 17th July 2026,,,,2006,,region,Wales,"Q:V007_KF. Which, if any, of the following people do you think would be the best prime minister?",Preferred Prime Minister,best prime minister,Andy Burnham,Nigel Farage,,,,,,,,,43.5,22.0,,,,,,,,,VI-2026-07-15-Opinium-Observer-Web-Tables-1227.xlsx,V007_KF
"2,050 UK adults",15th - 17th July 2026,,,,2006,,region,Scotland,"Q:V007_KF. Which, if any, of the following people do you think would be the best prime minister?",Preferred Prime Minister,best prime minister,Andy Burnham,Nigel Farage,,,,,,,,,39.2,21.4,,,,,,,,,VI-2026-07-15-Opinium-Observer-Web-Tables-1227.xlsx,V007_KF
"2,050 UK adults",15th - 17th July 2026,,,,2006,,region,Northern Ireland,"Q:V007_KF. Which, if any, of the following people do you think would be the best prime minister?",Preferred Prime Minister,best prime minister,Andy Burnham,Nigel Farage,,,,,,,,,,,,,,,,,,,VI-2026-07-15-Opinium-Observer-Web-Tables-1227.xlsx,V007_KF
"2,050 UK adults",15th - 17th July 2026,,,,1655,,total,Total,"Q:VI3. Regardless of how you will vote at the next election, would you ever consider voting for each of the following parties in future?
 Conservative Party",UNMATCHED,,Would definitely consider voting for them,Would probably consider voting for them,Might consider voting for them,Would probably not consider voting for them,Would definitely not consider voting for them,,,,,,4.9,11.4,20.5,16.5,40.8,,,,,,VI-2026-07-15-Opinium-Observer-Web-Tables-1227.xlsx,VI3
"2,050 UK adults",15th - 17th July 2026,,,,1655,,current_vote,Con,"Q:VI3. Regardless of how you will vote at the next election, would you ever consider voting for each of the following parties in future?
 Conservative Party",UNMATCHED,,Would definitely consider voting for them,Would probably consider voting for them,Might consider voting for them,Would probably not consider voting for them,Would definitely not consider voting for them,,,,,,,,,,,,,,,,VI-2026-07-15-Opinium-Observer-Web-Tables-1227.xlsx,VI3
"2,050 UK adults",15th - 17th July 2026,,,,1655,,current_vote,Lab,"Q:VI3. Regardless of how you will vote at the next election, would you ever consider voting for each of the following parties in future?
 Conservative Party",UNMATCHED,,Would definitely consider voting for them,Would probably consider voting for them,Might consider voting for them,Would probably not consider voting for them,Would definitely not consider voting for them,,,,,,3.0,10.6,16.3,17.6,49.6,,,,,,VI-2026-07-15-Opinium-Observer-Web-Tables-1227.xlsx,VI3
"2,050 UK adults",15th - 17th July 2026,,,,1655,,current_vote,Lib Dem,"Q:VI3. Regardless of how you will vote at the next election, would you ever consider voting for each of the following parties in future?
 Conservative Party",UNMATCHED,,Would definitely consider voting for them,Would probably consider voting for them,Might consider voting for them,Would probably not consider voting for them,Would definitely not consider voting for them,,,,,,4.8,11.1,23.9,18.1,38.8,,,,,,VI-2026-07-15-Opinium-Observer-Web-Tables-1227.xlsx,VI3
"2,050 UK adults",15th - 17th July 2026,,,,1655,,current_vote,Reform,"Q:VI3. Regardless of how you will vote at the next election, would you ever consider voting for each of the following parties in future?
 Conservative Party",UNMATCHED,,Would definitely consider voting for them,Would probably consider voting for them,Might consider voting for them,Would probably not consider voting for them,Would definitely not consider voting for them,,,,,,7.9,19.1,28.0,13.5,29.1,,,,,,VI-2026-07-15-Opinium-Observer-Web-Tables-1227.xlsx,VI3
"2,050 UK adults",15th - 17th July 2026,,,,1655,,current_vote,Green,"Q:VI3. Regardless of how you will vote at the next election, would you ever consider voting for each of the following parties in future?
 Conservative Party",UNMATCHED,,Would definitely consider voting for them,Would probably consider voting for them,Might consider voting for them,Would probably not consider voting for them,Would definitely not consider voting for them,,,,,,0.9,7.6,12.9,21.7,55.7,,,,,,VI-2026-07-15-Opinium-Observer-Web-Tables-1227.xlsx,VI3
"2,050 UK adults",15th - 17th July 2026,,,,1655,,historic_vote,Conservative,"Q:VI3. Regardless of how you will vote at the next election, would you ever consider voting for each of the following parties in future?
 Conservative Party",UNMATCHED,,Would definitely consider voting for them,Would probably consider voting for them,Might consider voting for them,Would probably not consider voting for them,Would definitely not consider voting for them,,,,,,17.0,27.4,37.5,7.0,8.1,,,,,,VI-2026-07-15-Opinium-Observer-Web-Tables-1227.xlsx,VI3
"2,050 UK adults",15th - 17th July 2026,,,,1655,,historic_vote,Labour,"Q:VI3. Regardless of how you will vote at the next election, would you ever consider voting for each of the following parties in future?
 Conservative Party",UNMATCHED,,Would definitely consider voting for them,Would probably consider voting for them,Might consider voting for them,Would probably not consider voting for them,Would definitely not consider voting for them,,,,,,4.5,7.8,14.3,15.9,55.7,,,,,,VI-2026-07-15-Opinium-Observer-Web-Tables-1227.xlsx,VI3
"2,050 UK adults",15th - 17th July 2026,,,,1655,,historic_vote,Lib Dems,"Q:VI3. Regardless of how you will vote at the next election, would you ever consider voting for each of the following parties in future?
 Conservative Party",UNMATCHED,,Would definitely consider voting for them,Would probably consider voting for them,Might consider voting for them,Would probably not consider voting for them,Would definitely not consider voting for them,,,,,,1.8,17.1,26.5,16.3,35.6,,,,,,VI-2026-07-15-Opinium-Observer-Web-Tables-1227.xlsx,VI3
"2,050 UK adults",15th - 17th July 2026,,,,1655,,historic_vote,Green,"Q:VI3. Regardless of how you will vote at the next election, would you ever consider voting for each of the following parties in future?
 Conservative Party",UNMATCHED,,Would definitely consider voting for them,Would probably consider voting for them,Might consider voting for them,Would probably not consider voting for them,Would definitely not consider voting for them,,,,,,4.0,8.6,6.9,24.6,52.8,,,,,,VI-2026-07-15-Opinium-Observer-Web-Tables-1227.xlsx,VI3
"2,050 UK adults",15th - 17th July 2026,,,,1655,,historic_vote,Reform UK,"Q:VI3. Regardless of how you will vote at the next election, would you ever consider voting for each of the following parties in future?
 Conservative Party",UNMATCHED,,Would definitely consider voting for them,Would probably consider voting for them,Might consider voting for them,Would probably not consider voting for them,Would definitely not consider voting for them,,,,,,7.7,19.2,30.3,14.5,27.0,,,,,,VI-2026-07-15-Opinium-Observer-Web-Tables-1227.xlsx,VI3
"2,050 UK adults",15th - 17th July 2026,,,,1655,,historic_vote,Con,"Q:VI3. Regardless of how you will vote at the next election, would you ever consider voting for each of the following parties in future?
 Conservative Party",UNMATCHED,,Would definitely consider voting for them,Would probably consider voting for them,Might consider voting for them,Would probably not consider voting for them,Would definitely not consider voting for them,,,,,,12.6,24.4,33.2,10.2,17.0,,,,,,VI-2026-07-15-Opinium-Observer-Web-Tables-1227.xlsx,VI3
"2,050 UK adults",15th - 17th July 2026,,,,1655,,historic_vote,Lab,"Q:VI3. Regardless of how you will vote at the next election, would you ever consider voting for each of the following parties in future?
 Conservative Party",UNMATCHED,,Would definitely consider voting for them,Would probably consider voting for them,Might consider voting for them,Would probably not consider voting for them,Would definitely not consider voting for them,,,,,,3.5,4.5,11.6,15.4,62.8,,,,,,VI-2026-07-15-Opinium-Observer-Web-Tables-1227.xlsx,VI3
"2,050 UK adults",15th - 17th July 2026,,,,1655,,historic_vote,Lib Dem,"Q:VI3. Regardless of how you will vote at the next election, would you ever consider voting for each of the following parties in future?
 Conservative Party",UNMATCHED,,Would definitely consider voting for them,Would probably consider voting for them,Might consider voting for them,Would probably not consider voting for them,Would definitely not consider voting for them,,,,,,0.7,13.6,19.9,20.9,42.0,,,,,,VI-2026-07-15-Opinium-Observer-Web-Tables-1227.xlsx,VI3
"2,050 UK adults",15th - 17th July 2026,,,,1655,,historic_vote,Remain,"Q:VI3. Regardless of how you will vote at the next election, would you ever consider voting for each of the following parties in future?
 Conservative Party",UNMATCHED,,Would definitely consider voting for them,Would probably consider voting for them,Might consider voting for them,Would probably not consider voting for them,Would definitely not consider voting for them,,,,,,3.6,8.4,17.6,17.7,50.1,,,,,,VI-2026-07-15-Opinium-Observer-Web-Tables-1227.xlsx,VI3
"2,050 UK adults",15th - 17th July 2026,,,,1655,,historic_vote,Leave,"Q:VI3. Regardless of how you will vote at the next election, would you ever consider voting for each of the following parties in future?
 Conservative Party",UNMATCHED,,Would definitely consider voting for them,Would probably consider voting for them,Might consider voting for them,Would probably not consider voting for them,Would definitely not consider voting for them,,,,,,7.2,16.8,25.0,12.0,35.7,,,,,,VI-2026-07-15-Opinium-Observer-Web-Tables-1227.xlsx,VI3
"2,050 UK adults",15th - 17th July 2026,,,,1655,,gender,Male,"Q:VI3. Regardless of how you will vote at the next election, would you ever consider voting for each of the following parties in future?
 Conservative Party",UNMATCHED,,Would definitely consider voting for them,Would probably consider voting for them,Might consider voting for them,Would probably not consider voting for them,Would definitely not consider voting for them,,,,,,5.6,12.7,20.5,15.9,40.2,,,,,,VI-2026-07-15-Opinium-Observer-Web-Tables-1227.xlsx,VI3
"2,050 UK adults",15th - 17th July 2026,,,,1655,,gender,Female,"Q:VI3. Regardless of how you will vote at the next election, would you ever consider voting for each of the following parties in future?
 Conservative Party",UNMATCHED,,Would definitely consider voting for them,Would probably consider voting for them,Might consider voting for them,Would probably not consider voting for them,Would definitely not consider voting for them,,,,,,4.2,10.4,20.7,17.2,40.9,,,,,,VI-2026-07-15-Opinium-Observer-Web-Tables-1227.xlsx,VI3
"2,050 UK adults",15th - 17th July 2026,,,,1655,,age,18-34,"Q:VI3. Regardless of how you will vote at the next election, would you ever consider voting for each of the following parties in future?
 Conservative Party",UNMATCHED,,Would definitely consider voting for them,Would probably consider voting for them,Might consider voting for them,Would probably not consider voting for them,Would definitely not consider voting for them,,,,,,4.0,12.0,23.4,22.7,29.8,,,,,,VI-2026-07-15-Opinium-Observer-Web-Tables-1227.xlsx,VI3
"2,050 UK adults",15th - 17th July 2026,,,,1655,,age,35-49,"Q:VI3. Regardless of how you will vote at the next election, would you ever consider voting for each of the following parties in future?
 Conservative Party",UNMATCHED,,Would definitely consider voting for them,Would probably consider voting for them,Might consider voting for them,Would probably not consider voting for them,Would definitely not consider voting for them,,,,,,4.8,9.5,14.0,16.8,50.0,,,,,,VI-2026-07-15-Opinium-Observer-Web-Tables-1227.xlsx,VI3
"2,050 UK adults",15th - 17th July 2026,,,,1655,,age,50-64,"Q:VI3. Regardless of how you will vote at the next election, would you ever consider voting for each of the following parties in future?
 Conservative Party",UNMATCHED,,Would definitely consider voting for them,Would probably consider voting for them,Might consider voting for them,Would probably not consider voting for them,Would definitely not consider voting for them,,,,,,4.8,9.1,17.7,13.3,49.7,,,,,,VI-2026-07-15-Opinium-Observer-Web-Tables-1227.xlsx,VI3
"2,050 UK adults",15th - 17th July 2026,,,,1655,,age,65+,"Q:VI3. Regardless of how you will vote at the next election, would you ever consider voting for each of the following parties in future?
 Conservative Party",UNMATCHED,,Would definitely consider voting for them,Would probably consider voting for them,Might consider voting for them,Would probably not consider voting for them,Would definitely not consider voting for them,,,,,,6.4,15.7,27.5,11.0,35.2,,,,,,VI-2026-07-15-Opinium-Observer-Web-Tables-1227.xlsx,VI3
"2,050 UK adults",15th - 17th July 2026,,,,1655,,region,North,"Q:VI3. Regardless of how you will vote at the next election, would you ever consider voting for each of the following parties in future?
 Conservative Party",UNMATCHED,,Would definitely consider voting for them,Would probably consider voting for them,Might consider voting for them,Would probably not consider voting for them,Would definitely not consider voting for them,,,,,,3.1,10.0,20.8,18.1,43.7,,,,,,VI-2026-07-15-Opinium-Observer-Web-Tables-1227.xlsx,VI3
"2,050 UK adults",15th - 17th July 2026,,,,1655,,region,Mids,"Q:VI3. Regardless of how you will vote at the next election, would you ever consider voting for each of the following parties in future?
 Conservative Party",UNMATCHED,,Would definitely consider voting for them,Would probably consider voting for them,Might consider voting for them,Would probably not consider voting for them,Would definitely not consider voting for them,,,,,,7.1,10.7,21.0,18.5,34.6,,,,,,VI-2026-07-15-Opinium-Observer-Web-Tables-1227.xlsx,VI3
"2,050 UK adults",15th - 17th July 2026,,,,1655,,region,London,"Q:VI3. Regardless of how you will vote at the next election, would you ever consider voting for each of the following parties in future?
 Conservative Party",UNMATCHED,,Would definitely consider voting for them,Would probably consider voting for them,Might consider voting for them,Would probably not consider voting for them,Would definitely not consider voting for them,,,,,,5.6,15.1,24.6,13.7,36.3,,,,,,VI-2026-07-15-Opinium-Observer-Web-Tables-1227.xlsx,VI3
"2,050 UK adults",15th - 17th July 2026,,,,1655,,region,South,"Q:VI3. Regardless of how you will vote at the next election, would you ever consider voting for each of the following parties in future?
 Conservative Party",UNMATCHED,,Would definitely consider voting for them,Would probably consider voting for them,Might consider voting for them,Would probably not consider voting for them,Would definitely not consider voting for them,,,,,,4.2,12.0,21.7,16.2,39.3,,,,,,VI-2026-07-15-Opinium-Observer-Web-Tables-1227.xlsx,VI3
"2,050 UK adults",15th - 17th July 2026,,,,1655,,region,Wales,"Q:VI3. Regardless of how you will vote at the next election, would you ever consider voting for each of the following parties in future?
 Conservative Party",UNMATCHED,,Would definitely consider voting for them,Would probably consider voting for them,Might consider voting for them,Would probably not consider voting for them,Would definitely not consider voting for them,,,,,,5.6,12.7,6.8,21.3,47.4,,,,,,VI-2026-07-15-Opinium-Observer-Web-Tables-1227.xlsx,VI3
"2,050 UK adults",15th - 17th July 2026,,,,1655,,region,Scotland,"Q:VI3. Regardless of how you will vote at the next election, would you ever consider voting for each of the following parties in future?
 Conservative Party",UNMATCHED,,Would definitely consider voting for them,Would probably consider voting for them,Might consider voting for them,Would probably not consider voting for them,Would definitely not consider voting for them,,,,,,6.0,8.5,16.2,11.2,52.3,,,,,,VI-2026-07-15-Opinium-Observer-Web-Tables-1227.xlsx,VI3
"2,050 UK adults",15th - 17th July 2026,,,,1655,,region,Northern Ireland,"Q:VI3. Regardless of how you will vote at the next election, would you ever consider voting for each of the following parties in future?
 Conservative Party",UNMATCHED,,Would definitely consider voting for them,Would probably consider voting for them,Might consider voting for them,Would probably not consider voting for them,Would definitely not consider voting for them,,,,,,,,,,,,,,,,VI-2026-07-15-Opinium-Observer-Web-Tables-1227.xlsx,VI3
"2,050 UK adults",15th - 17th July 2026,,,,1620,,total,Total,"Q:VI3. Regardless of how you will vote at the next election, would you ever consider voting for each of the following parties in future?
 Labour Party",UNMATCHED,,Would definitely consider voting for them,Would probably consider voting for them,Might consider voting for them,Would probably not consider voting for them,Would definitely not consider voting for them,,,,,,4.7,8.5,19.7,16.5,45.2,,,,,,VI-2026-07-15-Opinium-Observer-Web-Tables-1227.xlsx,VI3 (2)
"2,050 UK adults",15th - 17th July 2026,,,,1620,,current_vote,Con,"Q:VI3. Regardless of how you will vote at the next election, would you ever consider voting for each of the following parties in future?
 Labour Party",UNMATCHED,,Would definitely consider voting for them,Would probably consider voting for them,Might consider voting for them,Would probably not consider voting for them,Would definitely not consider voting for them,,,,,,3.1,4.9,14.8,17.7,58.6,,,,,,VI-2026-07-15-Opinium-Observer-Web-Tables-1227.xlsx,VI3 (2)
"2,050 UK adults",15th - 17th July 2026,,,,1620,,current_vote,Lab,"Q:VI3. Regardless of how you will vote at the next election, would you ever consider voting for each of the following parties in future?
 Labour Party",UNMATCHED,,Would definitely consider voting for them,Would probably consider voting for them,Might consider voting for them,Would probably not consider voting for them,Would definitely not consider voting for them,,,,,,,,,,,,,,,,VI-2026-07-15-Opinium-Observer-Web-Tables-1227.xlsx,VI3 (2)
"2,050 UK adults",15th - 17th July 2026,,,,1620,,current_vote,Lib Dem,"Q:VI3. Regardless of how you will vote at the next election, would you ever consider voting for each of the following parties in future?
 Labour Party",UNMATCHED,,Would definitely consider voting for them,Would probably consider voting for them,Might consider voting for them,Would probably not consider voting for them,Would definitely not consider voting for them,,,,,,8.1,11.9,32.0,22.5,23.0,,,,,,VI-2026-07-15-Opinium-Observer-Web-Tables-1227.xlsx,VI3 (2)
"2,050 UK adults",15th - 17th July 2026,,,,1620,,current_vote,Reform,"Q:VI3. Regardless of how you will vote at the next election, would you ever consider voting for each of the following parties in future?
 Labour Party",UNMATCHED,,Would definitely consider voting for them,Would probably consider voting for them,Might consider voting for them,Would probably not consider voting for them,Would definitely not consider voting for them,,,,,,2.5,2.8,9.5,12.0,71.6,,,,,,VI-2026-07-15-Opinium-Observer-Web-Tables-1227.xlsx,VI3 (2)
"2,050 UK adults",15th - 17th July 2026,,,,1620,,current_vote,Green,"Q:VI3. Regardless of how you will vote at the next election, would you ever consider voting for each of the following parties in future?
 Labour Party",UNMATCHED,,Would definitely consider voting for them,Would probably consider voting for them,Might consider voting for them,Would probably not consider voting for them,Would definitely not consider voting for them,,,,,,7.6,21.5,31.4,17.2,20.5,,,,,,VI-2026-07-15-Opinium-Observer-Web-Tables-1227.xlsx,VI3 (2)
"2,050 UK adults",15th - 17th July 2026,,,,1620,,historic_vote,Conservative,"Q:VI3. Regardless of how you will vote at the next election, would you ever consider voting for each of the following parties in future?
 Labour Party",UNMATCHED,,Would definitely consider voting for them,Would probably consider voting for them,Might consider voting for them,Would probably not consider voting for them,Would definitely not consider voting for them,,,,,,1.2,3.6,11.7,14.4,67.9,,,,,,VI-2026-07-15-Opinium-Observer-Web-Tables-1227.xlsx,VI3 (2)
"2,050 UK adults",15th - 17th July 2026,,,,1620,,historic_vote,Labour,"Q:VI3. Regardless of how you will vote at the next election, would you ever consider voting for each of the following parties in future?
 Labour Party",UNMATCHED,,Would definitely consider voting for them,Would probably consider voting for them,Might consider voting for them,Would probably not consider voting for them,Would definitely not consider voting for them,,,,,,14.9,16.0,30.0,11.9,21.8,,,,,,VI-2026-07-15-Opinium-Observer-Web-Tables-1227.xlsx,VI3 (2)
"2,050 UK adults",15th - 17th July 2026,,,,1620,,historic_vote,Lib Dems,"Q:VI3. Regardless of how you will vote at the next election, would you ever consider voting for each of the following parties in future?
 Labour Party",UNMATCHED,,Would definitely consider voting for them,Would probably consider voting for them,Might consider voting for them,Would probably not consider voting for them,Would definitely not consider voting for them,,,,,,5.6,10.6,27.1,23.7,29.6,,,,,,VI-2026-07-15-Opinium-Observer-Web-Tables-1227.xlsx,VI3 (2)
"2,050 UK adults",15th - 17th July 2026,,,,1620,,historic_vote,Green,"Q:VI3. Regardless of how you will vote at the next election, would you ever consider voting for each of the following parties in future?
 Labour Party",UNMATCHED,,Would definitely consider voting for them,Would probably consider voting for them,Might consider voting for them,Would probably not consider voting for them,Would definitely not consider voting for them,,,,,,6.5,19.2,32.8,18.7,19.8,,,,,,VI-2026-07-15-Opinium-Observer-Web-Tables-1227.xlsx,VI3 (2)
"2,050 UK adults",15th - 17th July 2026,,,,1620,,historic_vote,Reform UK,"Q:VI3. Regardless of how you will vote at the next election, would you ever consider voting for each of the following parties in future?
 Labour Party",UNMATCHED,,Would definitely consider voting for them,Would probably consider voting for them,Might consider voting for them,Would probably not consider voting for them,Would definitely not consider voting for them,,,,,,2.2,2.7,6.0,16.6,71.9,,,,,,VI-2026-07-15-Opinium-Observer-Web-Tables-1227.xlsx,VI3 (2)
"2,050 UK adults",15th - 17th July 2026,,,,1620,,historic_vote,Con,"Q:VI3. Regardless of how you will vote at the next election, would you ever consider voting for each of the following parties in future?
 Labour Party",UNMATCHED,,Would definitely consider voting for them,Would probably consider voting for them,Might consider voting for them,Would probably not consider voting for them,Would definitely not consider voting for them,,,,,,1.4,3.6,11.4,14.6,67.3,,,,,,VI-2026-07-15-Opinium-Observer-Web-Tables-1227.xlsx,VI3 (2)
"2,050 UK adults",15th - 17th July 2026,,,,1620,,historic_vote,Lab,"Q:VI3. Regardless of how you will vote at the next election, would you ever consider voting for each of the following parties in future?
 Labour Party",UNMATCHED,,Would definitely consider voting for them,Would probably consider voting for them,Might consider voting for them,Would probably not consider voting for them,Would definitely not consider voting for them,,,,,,15.0,19.2,29.3,13.6,19.2,,,,,,VI-2026-07-15-Opinium-Observer-Web-Tables-1227.xlsx,VI3 (2)
"2,050 UK adults",15th - 17th July 2026,,,,1620,,historic_vote,Lib Dem,"Q:VI3. Regardless of how you will vote at the next election, would you ever consider voting for each of the following parties in future?
 Labour Party",UNMATCHED,,Would definitely consider voting for them,Would probably consider voting for them,Might consider voting for them,Would probably not consider voting for them,Would definitely not consider voting for them,,,,,,8.0,7.9,32.9,19.2,27.0,,,,,,VI-2026-07-15-Opinium-Observer-Web-Tables-1227.xlsx,VI3 (2)
"2,050 UK adults",15th - 17th July 2026,,,,1620,,historic_vote,Remain,"Q:VI3. Regardless of how you will vote at the next election, would you ever consider voting for each of the following parties in future?
 Labour Party",UNMATCHED,,Would definitely consider voting for them,Would probably consider voting for them,Might consider voting for them,Would probably not consider voting for them,Would definitely not consider voting for them,,,,,,7.5,11.6,26.4,20.3,31.2,,,,,,VI-2026-07-15-Opinium-Observer-Web-Tables-1227.xlsx,VI3 (2)
"2,050 UK adults",15th - 17th July 2026,,,,1620,,historic_vote,Leave,"Q:VI3. Regardless of how you will vote at the next election, would you ever consider voting for each of the following parties in future?
 Labour Party",UNMATCHED,,Would definitely consider voting for them,Would probably consider voting for them,Might consider voting for them,Would probably not consider voting for them,Would definitely not consider voting for them,,,,,,1.7,3.6,12.3,12.9,66.6,,,,,,VI-2026-07-15-Opinium-Observer-Web-Tables-1227.xlsx,VI3 (2)
"2,050 UK adults",15th - 17th July 2026,,,,1620,,gender,Male,"Q:VI3. Regardless of how you will vote at the next election, would you ever consider voting for each of the following parties in future?
 Labour Party",UNMATCHED,,Would definitely consider voting for them,Would probably consider voting for them,Might consider voting for them,Would probably not consider voting for them,Would definitely not consider voting for them,,,,,,4.1,8.8,18.9,15.2,48.7,,,,,,VI-2026-07-15-Opinium-Observer-Web-Tables-1227.xlsx,VI3 (2)
"2,050 UK adults",15th - 17th July 2026,,,,1620,,gender,Female,"Q:VI3. Regardless of how you will vote at the next election, would you ever consider voting for each of the following parties in future?
 Labour Party",UNMATCHED,,Would definitely consider voting for them,Would probably consider voting for them,Might consider voting for them,Would probably not consider voting for them,Would definitely not consider voting for them,,,,,,5.1,8.3,20.5,17.6,41.9,,,,,,VI-2026-07-15-Opinium-Observer-Web-Tables-1227.xlsx,VI3 (2)
"2,050 UK adults",15th - 17th July 2026,,,,1620,,age,18-34,"Q:VI3. Regardless of how you will vote at the next election, would you ever consider voting for each of the following parties in future?
 Labour Party",UNMATCHED,,Would definitely consider voting for them,Would probably consider voting for them,Might consider voting for them,Would probably not consider voting for them,Would definitely not consider voting for them,,,,,,6.4,14.4,26.6,20.4,24.8,,,,,,VI-2026-07-15-Opinium-Observer-Web-Tables-1227.xlsx,VI3 (2)
"2,050 UK adults",15th - 17th July 2026,,,,1620,,age,35-49,"Q:VI3. Regardless of how you will vote at the next election, would you ever consider voting for each of the following parties in future?
 Labour Party",UNMATCHED,,Would definitely consider voting for them,Would probably consider voting for them,Might consider voting for them,Would probably not consider voting for them,Would definitely not consider voting for them,,,,,,5.3,10.8,22.9,14.8,40.2,,,,,,VI-2026-07-15-Opinium-Observer-Web-Tables-1227.xlsx,VI3 (2)
"2,050 UK adults",15th - 17th July 2026,,,,1620,,age,50-64,"Q:VI3. Regardless of how you will vote at the next election, would you ever consider voting for each of the following parties in future?
 Labour Party",UNMATCHED,,Would definitely consider voting for them,Would probably consider voting for them,Might consider voting for them,Would probably not consider voting for them,Would definitely not consider voting for them,,,,,,6.3,4.3,16.9,16.3,50.7,,,,,,VI-2026-07-15-Opinium-Observer-Web-Tables-1227.xlsx,VI3 (2)
"2,050 UK adults",15th - 17th July 2026,,,,1620,,age,65+,"Q:VI3. Regardless of how you will vote at the next election, would you ever consider voting for each of the following parties in future?
 Labour Party",UNMATCHED,,Would definitely consider voting for them,Would probably consider voting for them,Might consider voting for them,Would probably not consider voting for them,Would definitely not consider voting for them,,,,,,0.9,4.5,12.8,14.4,64.3,,,,,,VI-2026-07-15-Opinium-Observer-Web-Tables-1227.xlsx,VI3 (2)
"2,050 UK adults",15th - 17th July 2026,,,,1620,,region,North,"Q:VI3. Regardless of how you will vote at the next election, would you ever consider voting for each of the following parties in future?
 Labour Party",UNMATCHED,,Would definitely consider voting for them,Would probably consider voting for them,Might consider voting for them,Would probably not consider voting for them,Would definitely not consider voting for them,,,,,,3.2,13.2,17.0,17.6,44.3,,,,,,VI-2026-07-15-Opinium-Observer-Web-Tables-1227.xlsx,VI3 (2)
"2,050 UK adults",15th - 17th July 2026,,,,1620,,region,Mids,"Q:VI3. Regardless of how you will vote at the next election, would you ever consider voting for each of the following parties in future?
 Labour Party",UNMATCHED,,Would definitely consider voting for them,Would probably consider voting for them,Might consider voting for them,Would probably not consider voting for them,Would definitely not consider voting for them,,,,,,2.0,8.3,17.3,16.9,48.2,,,,,,VI-2026-07-15-Opinium-Observer-Web-Tables-1227.xlsx,VI3 (2)
"2,050 UK adults",15th - 17th July 2026,,,,1620,,region,London,"Q:VI3. Regardless of how you will vote at the next election, would you ever consider voting for each of the following parties in future?
 Labour Party",UNMATCHED,,Would definitely consider voting for them,Would probably consider voting for them,Might consider voting for them,Would probably not consider voting for them,Would definitely not consider voting for them,,,,,,4.2,7.9,28.7,16.7,38.3,,,,,,VI-2026-07-15-Opinium-Observer-Web-Tables-1227.xlsx,VI3 (2)
"2,050 UK adults",15th - 17th July 2026,,,,1620,,region,South,"Q:VI3. Regardless of how you will vote at the next election, would you ever consider voting for each of the following parties in future?
 Labour Party",UNMATCHED,,Would definitely consider voting for them,Would probably consider voting for them,Might consider voting for them,Would probably not consider voting for them,Would definitely not consider voting for them,,,,,,6.6,5.8,19.2,14.9,47.8,,,,,,VI-2026-07-15-Opinium-Observer-Web-Tables-1227.xlsx,VI3 (2)
"2,050 UK adults",15th - 17th July 2026,,,,1620,,region,Wales,"Q:VI3. Regardless of how you will vote at the next election, would you ever consider voting for each of the following parties in future?
 Labour Party",UNMATCHED,,Would definitely consider voting for them,Would probably consider voting for them,Might consider voting for them,Would probably not consider voting for them,Would definitely not consider voting for them,,,,,,4.0,8.0,19.7,18.1,46.4,,,,,,VI-2026-07-15-Opinium-Observer-Web-Tables-1227.xlsx,VI3 (2)
"2,050 UK adults",15th - 17th July 2026,,,,1620,,region,Scotland,"Q:VI3. Regardless of how you will vote at the next election, would you ever consider voting for each of the following parties in future?
 Labour Party",UNMATCHED,,Would definitely consider voting for them,Would probably consider voting for them,Might consider voting for them,Would probably not consider voting for them,Would definitely not consider voting for them,,,,,,6.8,7.9,20.5,18.0,40.8,,,,,,VI-2026-07-15-Opinium-Observer-Web-Tables-1227.xlsx,VI3 (2)
"2,050 UK adults",15th - 17th July 2026,,,,1620,,region,Northern Ireland,"Q:VI3. Regardless of how you will vote at the next election, would you ever consider voting for each of the following parties in future?
 Labour Party",UNMATCHED,,Would definitely consider voting for them,Would probably consider voting for them,Might consider voting for them,Would probably not consider voting for them,Would definitely not consider voting for them,,,,,,,,,,,,,,,,VI-2026-07-15-Opinium-Observer-Web-Tables-1227.xlsx,VI3 (2)
"2,050 UK adults",15th - 17th July 2026,,,,1784,,total,Total,"Q:VI3. Regardless of how you will vote at the next election, would you ever consider voting for each of the following parties in future?
 Liberal Democrats",UNMATCHED,,Would definitely consider voting for them,Would probably consider voting for them,Might consider voting for them,Would probably not consider voting for them,Would definitely not consider voting for them,,,,,,3.7,11.5,26.0,20.2,32.6,,,,,,VI-2026-07-15-Opinium-Observer-Web-Tables-1227.xlsx,VI3 (3)
"2,050 UK adults",15th - 17th July 2026,,,,1784,,current_vote,Con,"Q:VI3. Regardless of how you will vote at the next election, would you ever consider voting for each of the following parties in future?
 Liberal Democrats",UNMATCHED,,Would definitely consider voting for them,Would probably consider voting for them,Might consider voting for them,Would probably not consider voting for them,Would definitely not consider voting for them,,,,,,2.2,6.5,28.0,26.9,34.6,,,,,,VI-2026-07-15-Opinium-Observer-Web-Tables-1227.xlsx,VI3 (3)
"2,050 UK adults",15th - 17th July 2026,,,,1784,,current_vote,Lab,"Q:VI3. Regardless of how you will vote at the next election, would you ever consider voting for each of the following parties in future?
 Liberal Democrats",UNMATCHED,,Would definitely consider voting for them,Would probably consider voting for them,Might consider voting for them,Would probably not consider voting for them,Would definitely not consider voting for them,,,,,,5.4,20.4,35.2,18.2,17.0,,,,,,VI-2026-07-15-Opinium-Observer-Web-Tables-1227.xlsx,VI3 (3)
"2,050 UK adults",15th - 17th July 2026,,,,1784,,current_vote,Lib Dem,"Q:VI3. Regardless of how you will vote at the next election, would you ever consider voting for each of the following parties in future?
 Liberal Democrats",UNMATCHED,,Would definitely consider voting for them,Would probably consider voting for them,Might consider voting for them,Would probably not consider voting for them,Would definitely not consider voting for them,,,,,,,,,,,,,,,,VI-2026-07-15-Opinium-Observer-Web-Tables-1227.xlsx,VI3 (3)
"2,050 UK adults",15th - 17th July 2026,,,,1784,,current_vote,Reform,"Q:VI3. Regardless of how you will vote at the next election, would you ever consider voting for each of the following parties in future?
 Liberal Democrats",UNMATCHED,,Would definitely consider voting for them,Would probably consider voting for them,Might consider voting for them,Would probably not consider voting for them,Would definitely not consider voting for them,,,,,,2.2,4.5,13.1,20.3,57.7,,,,,,VI-2026-07-15-Opinium-Observer-Web-Tables-1227.xlsx,VI3 (3)
"2,050 UK adults",15th - 17th July 2026,,,,1784,,current_vote,Green,"Q:VI3. Regardless of how you will vote at the next election, would you ever consider voting for each of the following parties in future?
 Liberal Democrats",UNMATCHED,,Would definitely consider voting for them,Would probably consider voting for them,Might consider voting for them,Would probably not consider voting for them,Would definitely not consider voting for them,,,,,,7.0,17.9,34.0,20.0,18.3,,,,,,VI-2026-07-15-Opinium-Observer-Web-Tables-1227.xlsx,VI3 (3)
"2,050 UK adults",15th - 17th July 2026,,,,1784,,historic_vote,Conservative,"Q:VI3. Regardless of how you will vote at the next election, would you ever consider voting for each of the following parties in future?
 Liberal Democrats",UNMATCHED,,Would definitely consider voting for them,Would probably consider voting for them,Might consider voting for them,Would probably not consider voting for them,Would definitely not consider voting for them,,,,,,0.7,5.6,24.1,26.5,41.5,,,,,,VI-2026-07-15-Opinium-Observer-Web-Tables-1227.xlsx,VI3 (3)
"2,050 UK adults",15th - 17th July 2026,,,,1784,,historic_vote,Labour,"Q:VI3. Regardless of how you will vote at the next election, would you ever consider voting for each of the following parties in future?
 Liberal Democrats",UNMATCHED,,Would definitely consider voting for them,Would probably consider voting for them,Might consider voting for them,Would probably not consider voting for them,Would definitely not consider voting for them,,,,,,5.9,16.7,34.0,18.1,22.3,,,,,,VI-2026-07-15-Opinium-Observer-Web-Tables-1227.xlsx,VI3 (3)
"2,050 UK adults",15th - 17th July 2026,,,,1784,,historic_vote,Lib Dems,"Q:VI3. Regardless of how you will vote at the next election, would you ever consider voting for each of the following parties in future?
 Liberal Democrats",UNMATCHED,,Would definitely consider voting for them,Would probably consider voting for them,Might consider voting for them,Would probably not consider voting for them,Would definitely not consider voting for them,,,,,,10.9,40.1,31.8,7.5,6.8,,,,,,VI-2026-07-15-Opinium-Observer-Web-Tables-1227.xlsx,VI3 (3)
"2,050 UK adults",15th - 17th July 2026,,,,1784,,historic_vote,Green,"Q:VI3. Regardless of how you will vote at the next election, would you ever consider voting for each of the following parties in future?
 Liberal Democrats",UNMATCHED,,Would definitely consider voting for them,Would probably consider voting for them,Might consider voting for them,Would probably not consider voting for them,Would definitely not consider voting for them,,,,,,2.5,21.8,32.8,22.1,17.7,,,,,,VI-2026-07-15-Opinium-Observer-Web-Tables-1227.xlsx,VI3 (3)
"2,050 UK adults",15th - 17th July 2026,,,,1784,,historic_vote,Reform UK,"Q:VI3. Regardless of how you will vote at the next election, would you ever consider voting for each of the following parties in future?
 Liberal Democrats",UNMATCHED,,Would definitely consider voting for them,Would probably consider voting for them,Might consider voting for them,Would probably not consider voting for them,Would definitely not consider voting for them,,,,,,2.9,5.3,10.7,18.5,60.4,,,,,,VI-2026-07-15-Opinium-Observer-Web-Tables-1227.xlsx,VI3 (3)
"2,050 UK adults",15th - 17th July 2026,,,,1784,,historic_vote,Con,"Q:VI3. Regardless of how you will vote at the next election, would you ever consider voting for each of the following parties in future?
 Liberal Democrats",UNMATCHED,,Would definitely consider voting for them,Would probably consider voting for them,Might consider voting for them,Would probably not consider voting for them,Would definitely not consider voting for them,,,,,,1.6,6.6,20.6,22.9,46.3,,,,,,VI-2026-07-15-Opinium-Observer-Web-Tables-1227.xlsx,VI3 (3)
"2,050 UK adults",15th - 17th July 2026,,,,1784,,historic_vote,Lab,"Q:VI3. Regardless of how you will vote at the next election, would you ever consider voting for each of the following parties in future?
 Liberal Democrats",UNMATCHED,,Would definitely consider voting for them,Would probably consider voting for them,Might consider voting for them,Would probably not consider voting for them,Would definitely not consider voting for them,,,,,,5.4,15.2,33.3,21.2,21.8,,,,,,VI-2026-07-15-Opinium-Observer-Web-Tables-1227.xlsx,VI3 (3)
"2,050 UK adults",15th - 17th July 2026,,,,1784,,historic_vote,Lib Dem,"Q:VI3. Regardless of how you will vote at the next election, would you ever consider voting for each of the following parties in future?
 Liberal Democrats",UNMATCHED,,Would definitely consider voting for them,Would probably consider voting for them,Might consider voting for them,Would probably not consider voting for them,Would definitely not consider voting for them,,,,,,19.3,37.9,28.5,5.7,5.7,,,,,,VI-2026-07-15-Opinium-Observer-Web-Tables-1227.xlsx,VI3 (3)
"2,050 UK adults",15th - 17th July 2026,,,,1784,,historic_vote,Remain,"Q:VI3. Regardless of how you will vote at the next election, would you ever consider voting for each of the following parties in future?
 Liberal Democrats",UNMATCHED,,Would definitely consider voting for them,Would probably consider voting for them,Might consider voting for them,Would probably not consider voting for them,Would definitely not consider voting for them,,,,,,6.4,16.2,36.1,19.4,19.6,,,,,,VI-2026-07-15-Opinium-Observer-Web-Tables-1227.xlsx,VI3 (3)
"2,050 UK adults",15th - 17th July 2026,,,,1784,,historic_vote,Leave,"Q:VI3. Regardless of how you will vote at the next election, would you ever consider voting for each of the following parties in future?
 Liberal Democrats",UNMATCHED,,Would definitely consider voting for them,Would probably consider voting for them,Might consider voting for them,Would probably not consider voting for them,Would definitely not consider voting for them,,,,,,1.2,6.2,17.3,21.2,50.5,,,,,,VI-2026-07-15-Opinium-Observer-Web-Tables-1227.xlsx,VI3 (3)
"2,050 UK adults",15th - 17th July 2026,,,,1784,,gender,Male,"Q:VI3. Regardless of how you will vote at the next election, would you ever consider voting for each of the following parties in future?
 Liberal Democrats",UNMATCHED,,Would definitely consider voting for them,Would probably consider voting for them,Might consider voting for them,Would probably not consider voting for them,Would definitely not consider voting for them,,,,,,3.7,11.2,24.1,19.2,37.5,,,,,,VI-2026-07-15-Opinium-Observer-Web-Tables-1227.xlsx,VI3 (3)
"2,050 UK adults",15th - 17th July 2026,,,,1784,,gender,Female,"Q:VI3. Regardless of how you will vote at the next election, would you ever consider voting for each of the following parties in future?
 Liberal Democrats",UNMATCHED,,Would definitely consider voting for them,Would probably consider voting for them,Might consider voting for them,Would probably not consider voting for them,Would definitely not consider voting for them,,,,,,3.7,11.8,27.7,21.3,27.9,,,,,,VI-2026-07-15-Opinium-Observer-Web-Tables-1227.xlsx,VI3 (3)
"2,050 UK adults",15th - 17th July 2026,,,,1784,,age,18-34,"Q:VI3. Regardless of how you will vote at the next election, would you ever consider voting for each of the following parties in future?
 Liberal Democrats",UNMATCHED,,Would definitely consider voting for them,Would probably consider voting for them,Might consider voting for them,Would probably not consider voting for them,Would definitely not consider voting for them,,,,,,5.8,16.1,33.0,18.3,18.2,,,,,,VI-2026-07-15-Opinium-Observer-Web-Tables-1227.xlsx,VI3 (3)
"2,050 UK adults",15th - 17th July 2026,,,,1784,,age,35-49,"Q:VI3. Regardless of how you will vote at the next election, would you ever consider voting for each of the following parties in future?
 Liberal Democrats",UNMATCHED,,Would definitely consider voting for them,Would probably consider voting for them,Might consider voting for them,Would probably not consider voting for them,Would definitely not consider voting for them,,,,,,5.6,13.9,25.8,18.2,30.3,,,,,,VI-2026-07-15-Opinium-Observer-Web-Tables-1227.xlsx,VI3 (3)
"2,050 UK adults",15th - 17th July 2026,,,,1784,,age,50-64,"Q:VI3. Regardless of how you will vote at the next election, would you ever consider voting for each of the following parties in future?
 Liberal Democrats",UNMATCHED,,Would definitely consider voting for them,Would probably consider voting for them,Might consider voting for them,Would probably not consider voting for them,Would definitely not consider voting for them,,,,,,2.2,7.6,23.6,21.8,39.4,,,,,,VI-2026-07-15-Opinium-Observer-Web-Tables-1227.xlsx,VI3 (3)
"2,050 UK adults",15th - 17th July 2026,,,,1784,,age,65+,"Q:VI3. Regardless of how you will vote at the next election, would you ever consider voting for each of the following parties in future?
 Liberal Democrats",UNMATCHED,,Would definitely consider voting for them,Would probably consider voting for them,Might consider voting for them,Would probably not consider voting for them,Would definitely not consider voting for them,,,,,,1.0,7.7,20.2,22.7,45.1,,,,,,VI-2026-07-15-Opinium-Observer-Web-Tables-1227.xlsx,VI3 (3)
"2,050 UK adults",15th - 17th July 2026,,,,1784,,region,North,"Q:VI3. Regardless of how you will vote at the next election, would you ever consider voting for each of the following parties in future?
 Liberal Democrats",UNMATCHED,,Would definitely consider voting for them,Would probably consider voting for them,Might consider voting for them,Would probably not consider voting for them,Would definitely not consider voting for them,,,,,,4.0,10.5,25.6,21.4,34.9,,,,,,VI-2026-07-15-Opinium-Observer-Web-Tables-1227.xlsx,VI3 (3)
"2,050 UK adults",15th - 17th July 2026,,,,1784,,region,Mids,"Q:VI3. Regardless of how you will vote at the next election, would you ever consider voting for each of the following parties in future?
 Liberal Democrats",UNMATCHED,,Would definitely consider voting for them,Would probably consider voting for them,Might consider voting for them,Would probably not consider voting for them,Would definitely not consider voting for them,,,,,,3.6,12.0,26.0,18.7,31.6,,,,,,VI-2026-07-15-Opinium-Observer-Web-Tables-1227.xlsx,VI3 (3)
"2,050 UK adults",15th - 17th July 2026,,,,1784,,region,London,"Q:VI3. Regardless of how you will vote at the next election, would you ever consider voting for each of the following parties in future?
 Liberal Democrats",UNMATCHED,,Would definitely consider voting for them,Would probably consider voting for them,Might consider voting for them,Would probably not consider voting for them,Would definitely not consider voting for them,,,,,,4.0,15.4,31.7,16.7,25.9,,,,,,VI-2026-07-15-Opinium-Observer-Web-Tables-1227.xlsx,VI3 (3)
"2,050 UK adults",15th - 17th July 2026,,,,1784,,region,South,"Q:VI3. Regardless of how you will vote at the next election, would you ever consider voting for each of the following parties in future?
 Liberal Democrats",UNMATCHED,,Would definitely consider voting for them,Would probably consider voting for them,Might consider voting for them,Would probably not consider voting for them,Would definitely not consider voting for them,,,,,,2.9,11.9,25.5,20.4,32.3,,,,,,VI-2026-07-15-Opinium-Observer-Web-Tables-1227.xlsx,VI3 (3)
"2,050 UK adults",15th - 17th July 2026,,,,1784,,region,Wales,"Q:VI3. Regardless of how you will vote at the next election, would you ever consider voting for each of the following parties in future?
 Liberal Democrats",UNMATCHED,,Would definitely consider voting for them,Would probably consider voting for them,Might consider voting for them,Would probably not consider voting for them,Would definitely not consider voting for them,,,,,,5.1,8.4,29.1,18.1,35.8,,,,,,VI-2026-07-15-Opinium-Observer-Web-Tables-1227.xlsx,VI3 (3)
"2,050 UK adults",15th - 17th July 2026,,,,1784,,region,Scotland,"Q:VI3. Regardless of how you will vote at the next election, would you ever consider voting for each of the following parties in future?
 Liberal Democrats",UNMATCHED,,Would definitely consider voting for them,Would probably consider voting for them,Might consider voting for them,Would probably not consider voting for them,Would definitely not consider voting for them,,,,,,4.9,8.2,18.1,25.1,37.7,,,,,,VI-2026-07-15-Opinium-Observer-Web-Tables-1227.xlsx,VI3 (3)
"2,050 UK adults",15th - 17th July 2026,,,,1784,,region,Northern Ireland,"Q:VI3. Regardless of how you will vote at the next election, would you ever consider voting for each of the following parties in future?
 Liberal Democrats",UNMATCHED,,Would definitely consider voting for them,Would probably consider voting for them,Might consider voting for them,Would probably not consider voting for them,Would definitely not consider voting for them,,,,,,,,,,,,,,,,VI-2026-07-15-Opinium-Observer-Web-Tables-1227.xlsx,VI3 (3)
"2,050 UK adults",15th - 17th July 2026,,,,1738,,total,Total,"Q:VI3. Regardless of how you will vote at the next election, would you ever consider voting for each of the following parties in future?
 Green Party",UNMATCHED,,Would definitely consider voting for them,Would probably consider voting for them,Might consider voting for them,Would probably not consider voting for them,Would definitely not consider voting for them,,,,,,4.8,7.8,21.3,16.7,43.4,,,,,,VI-2026-07-15-Opinium-Observer-Web-Tables-1227.xlsx,VI3 (4)
"2,050 UK adults",15th - 17th July 2026,,,,1738,,current_vote,Con,"Q:VI3. Regardless of how you will vote at the next election, would you ever consider voting for each of the following parties in future?
 Green Party",UNMATCHED,,Would definitely consider voting for them,Would probably consider voting for them,Might consider voting for them,Would probably not consider voting for them,Would definitely not consider voting for them,,,,,,3.2,3.2,14.7,20.1,57.2,,,,,,VI-2026-07-15-Opinium-Observer-Web-Tables-1227.xlsx,VI3 (4)
"2,050 UK adults",15th - 17th July 2026,,,,1738,,current_vote,Lab,"Q:VI3. Regardless of how you will vote at the next election, would you ever consider voting for each of the following parties in future?
 Green Party",UNMATCHED,,Would definitely consider voting for them,Would probably consider voting for them,Might consider voting for them,Would probably not consider voting for them,Would definitely not consider voting for them,,,,,,6.1,12.3,36.7,19.5,22.3,,,,,,VI-2026-07-15-Opinium-Observer-Web-Tables-1227.xlsx,VI3 (4)
"2,050 UK adults",15th - 17th July 2026,,,,1738,,current_vote,Lib Dem,"Q:VI3. Regardless of how you will vote at the next election, would you ever consider voting for each of the following parties in future?
 Green Party",UNMATCHED,,Would definitely consider voting for them,Would probably consider voting for them,Might consider voting for them,Would probably not consider voting for them,Would definitely not consider voting for them,,,,,,7.4,15.1,26.6,22.2,26.0,,,,,,VI-2026-07-15-Opinium-Observer-Web-Tables-1227.xlsx,VI3 (4)
"2,050 UK adults",15th - 17th July 2026,,,,1738,,current_vote,Reform,"Q:VI3. Regardless of how you will vote at the next election, would you ever consider voting for each of the following parties in future?
 Green Party",UNMATCHED,,Would definitely consider voting for them,Would probably consider voting for them,Might consider voting for them,Would probably not consider voting for them,Would definitely not consider voting for them,,,,,,1.2,3.3,11.5,12.1,69.7,,,,,,VI-2026-07-15-Opinium-Observer-Web-Tables-1227.xlsx,VI3 (4)
"2,050 UK adults",15th - 17th July 2026,,,,1738,,current_vote,Green,"Q:VI3. Regardless of how you will vote at the next election, would you ever consider voting for each of the following parties in future?
 Green Party",UNMATCHED,,Would definitely consider voting for them,Would probably consider voting for them,Might consider voting for them,Would probably not consider voting for them,Would definitely not consider voting for them,,,,,,,,,,,,,,,,VI-2026-07-15-Opinium-Observer-Web-Tables-1227.xlsx,VI3 (4)
"2,050 UK adults",15th - 17th July 2026,,,,1738,,historic_vote,Conservative,"Q:VI3. Regardless of how you will vote at the next election, would you ever consider voting for each of the following parties in future?
 Green Party",UNMATCHED,,Would definitely consider voting for them,Would probably consider voting for them,Might consider voting for them,Would probably not consider voting for them,Would definitely not consider voting for them,,,,,,1.6,3.1,11.9,17.9,63.9,,,,,,VI-2026-07-15-Opinium-Observer-Web-Tables-1227.xlsx,VI3 (4)
"2,050 UK adults",15th - 17th July 2026,,,,1738,,historic_vote,Labour,"Q:VI3. Regardless of how you will vote at the next election, would you ever consider voting for each of the following parties in future?
 Green Party",UNMATCHED,,Would definitely consider voting for them,Would probably consider voting for them,Might consider voting for them,Would probably not consider voting for them,Would definitely not consider voting for them,,,,,,8.2,11.1,29.8,18.1,30.3,,,,,,VI-2026-07-15-Opinium-Observer-Web-Tables-1227.xlsx,VI3 (4)
"2,050 UK adults",15th - 17th July 2026,,,,1738,,historic_vote,Lib Dems,"Q:VI3. Regardless of how you will vote at the next election, would you ever consider voting for each of the following parties in future?
 Green Party",UNMATCHED,,Would definitely consider voting for them,Would probably consider voting for them,Might consider voting for them,Would probably not consider voting for them,Would definitely not consider voting for them,,,,,,5.1,10.5,28.7,24.2,29.2,,,,,,VI-2026-07-15-Opinium-Observer-Web-Tables-1227.xlsx,VI3 (4)
"2,050 UK adults",15th - 17th July 2026,,,,1738,,historic_vote,Green,"Q:VI3. Regardless of how you will vote at the next election, would you ever consider voting for each of the following parties in future?
 Green Party",UNMATCHED,,Would definitely consider voting for them,Would probably consider voting for them,Might consider voting for them,Would probably not consider voting for them,Would definitely not consider voting for them,,,,,,18.8,16.6,38.0,5.8,10.4,,,,,,VI-2026-07-15-Opinium-Observer-Web-Tables-1227.xlsx,VI3 (4)
"2,050 UK adults",15th - 17th July 2026,,,,1738,,historic_vote,Reform UK,"Q:VI3. Regardless of how you will vote at the next election, would you ever consider voting for each of the following parties in future?
 Green Party",UNMATCHED,,Would definitely consider voting for them,Would probably consider voting for them,Might consider voting for them,Would probably not consider voting for them,Would definitely not consider voting for them,,,,,,1.7,2.5,8.5,12.5,73.2,,,,,,VI-2026-07-15-Opinium-Observer-Web-Tables-1227.xlsx,VI3 (4)
"2,050 UK adults",15th - 17th July 2026,,,,1738,,historic_vote,Con,"Q:VI3. Regardless of how you will vote at the next election, would you ever consider voting for each of the following parties in future?
 Green Party",UNMATCHED,,Would definitely consider voting for them,Would probably consider voting for them,Might consider voting for them,Would probably not consider voting for them,Would definitely not consider voting for them,,,,,,1.0,2.9,12.0,15.2,66.4,,,,,,VI-2026-07-15-Opinium-Observer-Web-Tables-1227.xlsx,VI3 (4)
"2,050 UK adults",15th - 17th July 2026,,,,1738,,historic_vote,Lab,"Q:VI3. Regardless of how you will vote at the next election, would you ever consider voting for each of the following parties in future?
 Green Party",UNMATCHED,,Would definitely consider voting for them,Would probably consider voting for them,Might consider voting for them,Would probably not consider voting for them,Would definitely not consider voting for them,,,,,,10.2,13.5,32.4,15.6,25.4,,,,,,VI-2026-07-15-Opinium-Observer-Web-Tables-1227.xlsx,VI3 (4)
"2,050 UK adults",15th - 17th July 2026,,,,1738,,historic_vote,Lib Dem,"Q:VI3. Regardless of how you will vote at the next election, would you ever consider voting for each of the following parties in future?
 Green Party",UNMATCHED,,Would definitely consider voting for them,Would probably consider voting for them,Might consider voting for them,Would probably not consider voting for them,Would definitely not consider voting for them,,,,,,6.1,9.0,31.9,23.9,26.8,,,,,,VI-2026-07-15-Opinium-Observer-Web-Tables-1227.xlsx,VI3 (4)
"2,050 UK adults",15th - 17th July 2026,,,,1738,,historic_vote,Remain,"Q:VI3. Regardless of how you will vote at the next election, would you ever consider voting for each of the following parties in future?
 Green Party",UNMATCHED,,Would definitely consider voting for them,Would probably consider voting for them,Might consider voting for them,Would probably not consider voting for them,Would definitely not consider voting for them,,,,,,7.9,10.1,28.8,20.6,30.4,,,,,,VI-2026-07-15-Opinium-Observer-Web-Tables-1227.xlsx,VI3 (4)
"2,050 UK adults",15th - 17th July 2026,,,,1738,,historic_vote,Leave,"Q:VI3. Regardless of how you will vote at the next election, would you ever consider voting for each of the following parties in future?
 Green Party",UNMATCHED,,Would definitely consider voting for them,Would probably consider voting for them,Might consider voting for them,Would probably not consider voting for them,Would definitely not consider voting for them,,,,,,1.4,4.4,11.8,13.7,65.1,,,,,,VI-2026-07-15-Opinium-Observer-Web-Tables-1227.xlsx,VI3 (4)
"2,050 UK adults",15th - 17th July 2026,,,,1738,,gender,Male,"Q:VI3. Regardless of how you will vote at the next election, would you ever consider voting for each of the following parties in future?
 Green Party",UNMATCHED,,Would definitely consider voting for them,Would probably consider voting for them,Might consider voting for them,Would probably not consider voting for them,Would definitely not consider voting for them,,,,,,3.8,6.7,22.7,14.7,47.5,,,,,,VI-2026-07-15-Opinium-Observer-Web-Tables-1227.xlsx,VI3 (4)
"2,050 UK adults",15th - 17th July 2026,,,,1738,,gender,Female,"Q:VI3. Regardless of how you will vote at the next election, would you ever consider voting for each of the following parties in future?
 Green Party",UNMATCHED,,Would definitely consider voting for them,Would probably consider voting for them,Might consider voting for them,Would probably not consider voting for them,Would definitely not consider voting for them,,,,,,6.0,9.0,19.8,18.9,39.4,,,,,,VI-2026-07-15-Opinium-Observer-Web-Tables-1227.xlsx,VI3 (4)
"2,050 UK adults",15th - 17th July 2026,,,,1738,,age,18-34,"Q:VI3. Regardless of how you will vote at the next election, would you ever consider voting for each of the following parties in future?
 Green Party",UNMATCHED,,Would definitely consider voting for them,Would probably consider voting for them,Might consider voting for them,Would probably not consider voting for them,Would definitely not consider voting for them,,,,,,7.0,13.8,31.6,17.9,20.5,,,,,,VI-2026-07-15-Opinium-Observer-Web-Tables-1227.xlsx,VI3 (4)
"2,050 UK adults",15th - 17th July 2026,,,,1738,,age,35-49,"Q:VI3. Regardless of how you will vote at the next election, would you ever consider voting for each of the following parties in future?
 Green Party",UNMATCHED,,Would definitely consider voting for them,Would probably consider voting for them,Might consider voting for them,Would probably not consider voting for them,Would definitely not consider voting for them,,,,,,7.5,9.6,23.0,16.4,37.7,,,,,,VI-2026-07-15-Opinium-Observer-Web-Tables-1227.xlsx,VI3 (4)
"2,050 UK adults",15th - 17th July 2026,,,,1738,,age,50-64,"Q:VI3. Regardless of how you will vote at the next election, would you ever consider voting for each of the following parties in future?
 Green Party",UNMATCHED,,Would definitely consider voting for them,Would probably consider voting for them,Might consider voting for them,Would probably not consider voting for them,Would definitely not consider voting for them,,,,,,3.7,5.8,19.0,15.1,51.6,,,,,,VI-2026-07-15-Opinium-Observer-Web-Tables-1227.xlsx,VI3 (4)
"2,050 UK adults",15th - 17th July 2026,,,,1738,,age,65+,"Q:VI3. Regardless of how you will vote at the next election, would you ever consider voting for each of the following parties in future?
 Green Party",UNMATCHED,,Would definitely consider voting for them,Would probably consider voting for them,Might consider voting for them,Would probably not consider voting for them,Would definitely not consider voting for them,,,,,,1.6,2.7,12.4,17.7,61.7,,,,,,VI-2026-07-15-Opinium-Observer-Web-Tables-1227.xlsx,VI3 (4)
"2,050 UK adults",15th - 17th July 2026,,,,1738,,region,North,"Q:VI3. Regardless of how you will vote at the next election, would you ever consider voting for each of the following parties in future?
 Green Party",UNMATCHED,,Would definitely consider voting for them,Would probably consider voting for them,Might consider voting for them,Would probably not consider voting for them,Would definitely not consider voting for them,,,,,,3.6,8.7,19.6,16.3,47.4,,,,,,VI-2026-07-15-Opinium-Observer-Web-Tables-1227.xlsx,VI3 (4)
"2,050 UK adults",15th - 17th July 2026,,,,1738,,region,Mids,"Q:VI3. Regardless of how you will vote at the next election, would you ever consider voting for each of the following parties in future?
 Green Party",UNMATCHED,,Would definitely consider voting for them,Would probably consider voting for them,Might consider voting for them,Would probably not consider voting for them,Would definitely not consider voting for them,,,,,,4.2,7.7,23.5,15.7,40.4,,,,,,VI-2026-07-15-Opinium-Observer-Web-Tables-1227.xlsx,VI3 (4)
"2,050 UK adults",15th - 17th July 2026,,,,1738,,region,London,"Q:VI3. Regardless of how you will vote at the next election, would you ever consider voting for each of the following parties in future?
 Green Party",UNMATCHED,,Would definitely consider voting for them,Would probably consider voting for them,Might consider voting for them,Would probably not consider voting for them,Would definitely not consider voting for them,,,,,,6.5,8.2,31.0,16.9,32.2,,,,,,VI-2026-07-15-Opinium-Observer-Web-Tables-1227.xlsx,VI3 (4)
"2,050 UK adults",15th - 17th July 2026,,,,1738,,region,South,"Q:VI3. Regardless of how you will vote at the next election, would you ever consider voting for each of the following parties in future?
 Green Party",UNMATCHED,,Would definitely consider voting for them,Would probably consider voting for them,Might consider voting for them,Would probably not consider voting for them,Would definitely not consider voting for them,,,,,,4.3,8.1,19.0,19.1,43.8,,,,,,VI-2026-07-15-Opinium-Observer-Web-Tables-1227.xlsx,VI3 (4)
"2,050 UK adults",15th - 17th July 2026,,,,1738,,region,Wales,"Q:VI3. Regardless of how you will vote at the next election, would you ever consider voting for each of the following parties in future?
 Green Party",UNMATCHED,,Would definitely consider voting for them,Would probably consider voting for them,Might consider voting for them,Would probably not consider voting for them,Would definitely not consider voting for them,,,,,,9.8,4.1,23.5,14.5,43.4,,,,,,VI-2026-07-15-Opinium-Observer-Web-Tables-1227.xlsx,VI3 (4)
"2,050 UK adults",15th - 17th July 2026,,,,1738,,region,Scotland,"Q:VI3. Regardless of how you will vote at the next election, would you ever consider voting for each of the following parties in future?
 Green Party",UNMATCHED,,Would definitely consider voting for them,Would probably consider voting for them,Might consider voting for them,Would probably not consider voting for them,Would definitely not consider voting for them,,,,,,6.2,6.0,13.9,12.3,54.3,,,,,,VI-2026-07-15-Opinium-Observer-Web-Tables-1227.xlsx,VI3 (4)
"2,050 UK adults",15th - 17th July 2026,,,,1738,,region,Northern Ireland,"Q:VI3. Regardless of how you will vote at the next election, would you ever consider voting for each of the following parties in future?
 Green Party",UNMATCHED,,Would definitely consider voting for them,Would probably consider voting for them,Might consider voting for them,Would probably not consider voting for them,Would definitely not consider voting for them,,,,,,,,,,,,,,,,VI-2026-07-15-Opinium-Observer-Web-Tables-1227.xlsx,VI3 (4)
"2,050 UK adults",15th - 17th July 2026,,,,1616,,total,Total,"Q:VI3. Regardless of how you will vote at the next election, would you ever consider voting for each of the following parties in future?
 Reform UK",UNMATCHED,,Would definitely consider voting for them,Would probably consider voting for them,Might consider voting for them,Would probably not consider voting for them,Would definitely not consider voting for them,,,,,,4.5,7.5,13.5,10.5,58.6,,,,,,VI-2026-07-15-Opinium-Observer-Web-Tables-1227.xlsx,VI3 (5)
"2,050 UK adults",15th - 17th July 2026,,,,1616,,current_vote,Con,"Q:VI3. Regardless of how you will vote at the next election, would you ever consider voting for each of the following parties in future?
 Reform UK",UNMATCHED,,Would definitely consider voting for them,Would probably consider voting for them,Might consider voting for them,Would probably not consider voting for them,Would definitely not consider voting for them,,,,,,3.7,12.8,25.3,17.2,38.4,,,,,,VI-2026-07-15-Opinium-Observer-Web-Tables-1227.xlsx,VI3 (5)
"2,050 UK adults",15th - 17th July 2026,,,,1616,,current_vote,Lab,"Q:VI3. Regardless of how you will vote at the next election, would you ever consider voting for each of the following parties in future?
 Reform UK",UNMATCHED,,Would definitely consider voting for them,Would probably consider voting for them,Might consider voting for them,Would probably not consider voting for them,Would definitely not consider voting for them,,,,,,4.0,6.1,9.9,8.1,69.4,,,,,,VI-2026-07-15-Opinium-Observer-Web-Tables-1227.xlsx,VI3 (5)
"2,050 UK adults",15th - 17th July 2026,,,,1616,,current_vote,Lib Dem,"Q:VI3. Regardless of how you will vote at the next election, would you ever consider voting for each of the following parties in future?
 Reform UK",UNMATCHED,,Would definitely consider voting for them,Would probably consider voting for them,Might consider voting for them,Would probably not consider voting for them,Would definitely not consider voting for them,,,,,,1.7,5.1,4.8,11.9,74.9,,,,,,VI-2026-07-15-Opinium-Observer-Web-Tables-1227.xlsx,VI3 (5)
"2,050 UK adults",15th - 17th July 2026,,,,1616,,current_vote,Reform,"Q:VI3. Regardless of how you will vote at the next election, would you ever consider voting for each of the following parties in future?
 Reform UK",UNMATCHED,,Would definitely consider voting for them,Would probably consider voting for them,Might consider voting for them,Would probably not consider voting for them,Would definitely not consider voting for them,,,,,,,,,,,,,,,,VI-2026-07-15-Opinium-Observer-Web-Tables-1227.xlsx,VI3 (5)
"2,050 UK adults",15th - 17th July 2026,,,,1616,,current_vote,Green,"Q:VI3. Regardless of how you will vote at the next election, would you ever consider voting for each of the following parties in future?
 Reform UK",UNMATCHED,,Would definitely consider voting for them,Would probably consider voting for them,Might consider voting for them,Would probably not consider voting for them,Would definitely not consider voting for them,,,,,,2.2,1.9,5.6,4.5,85.0,,,,,,VI-2026-07-15-Opinium-Observer-Web-Tables-1227.xlsx,VI3 (5)
"2,050 UK adults",15th - 17th July 2026,,,,1616,,historic_vote,Conservative,"Q:VI3. Regardless of how you will vote at the next election, would you ever consider voting for each of the following parties in future?
 Reform UK",UNMATCHED,,Would definitely consider voting for them,Would probably consider voting for them,Might consider voting for them,Would probably not consider voting for them,Would definitely not consider voting for them,,,,,,4.8,12.8,22.9,16.3,41.1,,,,,,VI-2026-07-15-Opinium-Observer-Web-Tables-1227.xlsx,VI3 (5)
"2,050 UK adults",15th - 17th July 2026,,,,1616,,historic_vote,Labour,"Q:VI3. Regardless of how you will vote at the next election, would you ever consider voting for each of the following parties in future?
 Reform UK",UNMATCHED,,Would definitely consider voting for them,Would probably consider voting for them,Might consider voting for them,Would probably not consider voting for them,Would definitely not consider voting for them,,,,,,2.5,5.3,8.1,8.9,74.1,,,,,,VI-2026-07-15-Opinium-Observer-Web-Tables-1227.xlsx,VI3 (5)
"2,050 UK adults",15th - 17th July 2026,,,,1616,,historic_vote,Lib Dems,"Q:VI3. Regardless of how you will vote at the next election, would you ever consider voting for each of the following parties in future?
 Reform UK",UNMATCHED,,Would definitely consider voting for them,Would probably consider voting for them,Might consider voting for them,Would probably not consider voting for them,Would definitely not consider voting for them,,,,,,1.4,6.1,7.0,9.6,73.4,,,,,,VI-2026-07-15-Opinium-Observer-Web-Tables-1227.xlsx,VI3 (5)
"2,050 UK adults",15th - 17th July 2026,,,,1616,,historic_vote,Green,"Q:VI3. Regardless of how you will vote at the next election, would you ever consider voting for each of the following parties in future?
 Reform UK",UNMATCHED,,Would definitely consider voting for them,Would probably consider voting for them,Might consider voting for them,Would probably not consider voting for them,Would definitely not consider voting for them,,,,,,3.5,5.0,4.2,5.4,78.8,,,,,,VI-2026-07-15-Opinium-Observer-Web-Tables-1227.xlsx,VI3 (5)
"2,050 UK adults",15th - 17th July 2026,,,,1616,,historic_vote,Reform UK,"Q:VI3. Regardless of how you will vote at the next election, would you ever consider voting for each of the following parties in future?
 Reform UK",UNMATCHED,,Would definitely consider voting for them,Would probably consider voting for them,Might consider voting for them,Would probably not consider voting for them,Would definitely not consider voting for them,,,,,,21.4,25.1,35.0,3.8,9.8,,,,,,VI-2026-07-15-Opinium-Observer-Web-Tables-1227.xlsx,VI3 (5)
"2,050 UK adults",15th - 17th July 2026,,,,1616,,historic_vote,Con,"Q:VI3. Regardless of how you will vote at the next election, would you ever consider voting for each of the following parties in future?
 Reform UK",UNMATCHED,,Would definitely consider voting for them,Would probably consider voting for them,Might consider voting for them,Would probably not consider voting for them,Would definitely not consider voting for them,,,,,,6.0,11.9,22.0,17.7,40.5,,,,,,VI-2026-07-15-Opinium-Observer-Web-Tables-1227.xlsx,VI3 (5)
"2,050 UK adults",15th - 17th July 2026,,,,1616,,historic_vote,Lab,"Q:VI3. Regardless of how you will vote at the next election, would you ever consider voting for each of the following parties in future?
 Reform UK",UNMATCHED,,Would definitely consider voting for them,Would probably consider voting for them,Might consider voting for them,Would probably not consider voting for them,Would definitely not consider voting for them,,,,,,3.0,6.0,7.1,5.0,77.1,,,,,,VI-2026-07-15-Opinium-Observer-Web-Tables-1227.xlsx,VI3 (5)
"2,050 UK adults",15th - 17th July 2026,,,,1616,,historic_vote,Lib Dem,"Q:VI3. Regardless of how you will vote at the next election, would you ever consider voting for each of the following parties in future?
 Reform UK",UNMATCHED,,Would definitely consider voting for them,Would probably consider voting for them,Might consider voting for them,Would probably not consider voting for them,Would definitely not consider voting for them,,,,,,1.7,5.9,4.6,7.7,77.1,,,,,,VI-2026-07-15-Opinium-Observer-Web-Tables-1227.xlsx,VI3 (5)
"2,050 UK adults",15th - 17th July 2026,,,,1616,,historic_vote,Remain,"Q:VI3. Regardless of how you will vote at the next election, would you ever consider voting for each of the following parties in future?
 Reform UK",UNMATCHED,,Would definitely consider voting for them,Would probably consider voting for them,Might consider voting for them,Would probably not consider voting for them,Would definitely not consider voting for them,,,,,,3.0,3.6,7.8,10.6,73.4,,,,,,VI-2026-07-15-Opinium-Observer-Web-Tables-1227.xlsx,VI3 (5)
"2,050 UK adults",15th - 17th July 2026,,,,1616,,historic_vote,Leave,"Q:VI3. Regardless of how you will vote at the next election, would you ever consider voting for each of the following parties in future?
 Reform UK",UNMATCHED,,Would definitely consider voting for them,Would probably consider voting for them,Might consider voting for them,Would probably not consider voting for them,Would definitely not consider voting for them,,,,,,5.8,13.9,20.8,10.5,45.3,,,,,,VI-2026-07-15-Opinium-Observer-Web-Tables-1227.xlsx,VI3 (5)
"2,050 UK adults",15th - 17th July 2026,,,,1616,,gender,Male,"Q:VI3. Regardless of how you will vote at the next election, would you ever consider voting for each of the following parties in future?
 Reform UK",UNMATCHED,,Would definitely consider voting for them,Would probably consider voting for them,Might consider voting for them,Would probably not consider voting for them,Would definitely not consider voting for them,,,,,,5.4,9.2,14.3,11.3,55.6,,,,,,VI-2026-07-15-Opinium-Observer-Web-Tables-1227.xlsx,VI3 (5)
"2,050 UK adults",15th - 17th July 2026,,,,1616,,gender,Female,"Q:VI3. Regardless of how you will vote at the next election, would you ever consider voting for each of the following parties in future?
 Reform UK",UNMATCHED,,Would definitely consider voting for them,Would probably consider voting for them,Might consider voting for them,Would probably not consider voting for them,Would definitely not consider voting for them,,,,,,3.9,6.2,13.0,9.9,60.6,,,,,,VI-2026-07-15-Opinium-Observer-Web-Tables-1227.xlsx,VI3 (5)
"2,050 UK adults",15th - 17th July 2026,,,,1616,,age,18-34,"Q:VI3. Regardless of how you will vote at the next election, would you ever consider voting for each of the following parties in future?
 Reform UK",UNMATCHED,,Would definitely consider voting for them,Would probably consider voting for them,Might consider voting for them,Would probably not consider voting for them,Would definitely not consider voting for them,,,,,,5.3,9.2,15.4,10.2,52.3,,,,,,VI-2026-07-15-Opinium-Observer-Web-Tables-1227.xlsx,VI3 (5)
"2,050 UK adults",15th - 17th July 2026,,,,1616,,age,35-49,"Q:VI3. Regardless of how you will vote at the next election, would you ever consider voting for each of the following parties in future?
 Reform UK",UNMATCHED,,Would definitely consider voting for them,Would probably consider voting for them,Might consider voting for them,Would probably not consider voting for them,Would definitely not consider voting for them,,,,,,5.5,6.6,12.4,7.9,63.0,,,,,,VI-2026-07-15-Opinium-Observer-Web-Tables-1227.xlsx,VI3 (5)
"2,050 UK adults",15th - 17th July 2026,,,,1616,,age,50-64,"Q:VI3. Regardless of how you will vote at the next election, would you ever consider voting for each of the following parties in future?
 Reform UK",UNMATCHED,,Would definitely consider voting for them,Would probably consider voting for them,Might consider voting for them,Would probably not consider voting for them,Would definitely not consider voting for them,,,,,,4.2,8.8,11.5,13.5,56.6,,,,,,VI-2026-07-15-Opinium-Observer-Web-Tables-1227.xlsx,VI3 (5)
"2,050 UK adults",15th - 17th July 2026,,,,1616,,age,65+,"Q:VI3. Regardless of how you will vote at the next election, would you ever consider voting for each of the following parties in future?
 Reform UK",UNMATCHED,,Would definitely consider voting for them,Would probably consider voting for them,Might consider voting for them,Would probably not consider voting for them,Would definitely not consider voting for them,,,,,,2.8,4.8,14.3,10.4,64.5,,,,,,VI-2026-07-15-Opinium-Observer-Web-Tables-1227.xlsx,VI3 (5)
"2,050 UK adults",15th - 17th July 2026,,,,1616,,region,North,"Q:VI3. Regardless of how you will vote at the next election, would you ever consider voting for each of the following parties in future?
 Reform UK",UNMATCHED,,Would definitely consider voting for them,Would probably consider voting for them,Might consider voting for them,Would probably not consider voting for them,Would definitely not consider voting for them,,,,,,4.1,9.5,15.3,10.4,56.5,,,,,,VI-2026-07-15-Opinium-Observer-Web-Tables-1227.xlsx,VI3 (5)
"2,050 UK adults",15th - 17th July 2026,,,,1616,,region,Mids,"Q:VI3. Regardless of how you will vote at the next election, would you ever consider voting for each of the following parties in future?
 Reform UK",UNMATCHED,,Would definitely consider voting for them,Would probably consider voting for them,Might consider voting for them,Would probably not consider voting for them,Would definitely not consider voting for them,,,,,,7.3,5.7,14.2,12.0,53.3,,,,,,VI-2026-07-15-Opinium-Observer-Web-Tables-1227.xlsx,VI3 (5)
"2,050 UK adults",15th - 17th July 2026,,,,1616,,region,London,"Q:VI3. Regardless of how you will vote at the next election, would you ever consider voting for each of the following parties in future?
 Reform UK",UNMATCHED,,Would definitely consider voting for them,Would probably consider voting for them,Might consider voting for them,Would probably not consider voting for them,Would definitely not consider voting for them,,,,,,5.6,11.0,14.3,11.4,51.9,,,,,,VI-2026-07-15-Opinium-Observer-Web-Tables-1227.xlsx,VI3 (5)
"2,050 UK adults",15th - 17th July 2026,,,,1616,,region,South,"Q:VI3. Regardless of how you will vote at the next election, would you ever consider voting for each of the following parties in future?
 Reform UK",UNMATCHED,,Would definitely consider voting for them,Would probably consider voting for them,Might consider voting for them,Would probably not consider voting for them,Would definitely not consider voting for them,,,,,,2.9,6.2,12.2,11.1,62.5,,,,,,VI-2026-07-15-Opinium-Observer-Web-Tables-1227.xlsx,VI3 (5)
"2,050 UK adults",15th - 17th July 2026,,,,1616,,region,Wales,"Q:VI3. Regardless of how you will vote at the next election, would you ever consider voting for each of the following parties in future?
 Reform UK",UNMATCHED,,Would definitely consider voting for them,Would probably consider voting for them,Might consider voting for them,Would probably not consider voting for them,Would definitely not consider voting for them,,,,,,3.7,7.8,7.0,6.0,73.3,,,,,,VI-2026-07-15-Opinium-Observer-Web-Tables-1227.xlsx,VI3 (5)
"2,050 UK adults",15th - 17th July 2026,,,,1616,,region,Scotland,"Q:VI3. Regardless of how you will vote at the next election, would you ever consider voting for each of the following parties in future?
 Reform UK",UNMATCHED,,Would definitely consider voting for them,Would probably consider voting for them,Might consider voting for them,Would probably not consider voting for them,Would definitely not consider voting for them,,,,,,5.5,4.5,14.3,7.3,62.1,,,,,,VI-2026-07-15-Opinium-Observer-Web-Tables-1227.xlsx,VI3 (5)
"2,050 UK adults",15th - 17th July 2026,,,,1616,,region,Northern Ireland,"Q:VI3. Regardless of how you will vote at the next election, would you ever consider voting for each of the following parties in future?
 Reform UK",UNMATCHED,,Would definitely consider voting for them,Would probably consider voting for them,Might consider voting for them,Would probably not consider voting for them,Would definitely not consider voting for them,,,,,,,,,,,,,,,,VI-2026-07-15-Opinium-Observer-Web-Tables-1227.xlsx,VI3 (5)
"2,050 UK adults",15th - 17th July 2026,,,,2006,,total,Total,Q:CC1. Which of the following comes closest to your view?,UNMATCHED,,"Man-made climate change is a real issue, and it is as bad as often described","Man-made climate change is a real issue, but the effects of it are often exaggerated",Man-made climate change is not a real issue,,,,,,,,57.2,27.0,8.2,,,,,,,,VI-2026-07-15-Opinium-Observer-Web-Tables-1227.xlsx,CC1
"2,050 UK adults",15th - 17th July 2026,,,,2006,,current_vote,Con,Q:CC1. Which of the following comes closest to your view?,UNMATCHED,,"Man-made climate change is a real issue, and it is as bad as often described","Man-made climate change is a real issue, but the effects of it are often exaggerated",Man-made climate change is not a real issue,,,,,,,,52.7,35.2,7.3,,,,,,,,VI-2026-07-15-Opinium-Observer-Web-Tables-1227.xlsx,CC1
"2,050 UK adults",15th - 17th July 2026,,,,2006,,current_vote,Lab,Q:CC1. Which of the following comes closest to your view?,UNMATCHED,,"Man-made climate change is a real issue, and it is as bad as often described","Man-made climate change is a real issue, but the effects of it are often exaggerated",Man-made climate change is not a real issue,,,,,,,,70.3,22.4,3.8,,,,,,,,VI-2026-07-15-Opinium-Observer-Web-Tables-1227.xlsx,CC1
"2,050 UK adults",15th - 17th July 2026,,,,2006,,current_vote,Lib Dem,Q:CC1. Which of the following comes closest to your view?,UNMATCHED,,"Man-made climate change is a real issue, and it is as bad as often described","Man-made climate change is a real issue, but the effects of it are often exaggerated",Man-made climate change is not a real issue,,,,,,,,72.9,17.5,3.0,,,,,,,,VI-2026-07-15-Opinium-Observer-Web-Tables-1227.xlsx,CC1
"2,050 UK adults",15th - 17th July 2026,,,,2006,,current_vote,Reform,Q:CC1. Which of the following comes closest to your view?,UNMATCHED,,"Man-made climate change is a real issue, and it is as bad as often described","Man-made climate change is a real issue, but the effects of it are often exaggerated",Man-made climate change is not a real issue,,,,,,,,35.7,35.3,21.6,,,,,,,,VI-2026-07-15-Opinium-Observer-Web-Tables-1227.xlsx,CC1
"2,050 UK adults",15th - 17th July 2026,,,,2006,,current_vote,Green,Q:CC1. Which of the following comes closest to your view?,UNMATCHED,,"Man-made climate change is a real issue, and it is as bad as often described","Man-made climate change is a real issue, but the effects of it are often exaggerated",Man-made climate change is not a real issue,,,,,,,,78.3,16.6,1.3,,,,,,,,VI-2026-07-15-Opinium-Observer-Web-Tables-1227.xlsx,CC1
"2,050 UK adults",15th - 17th July 2026,,,,2006,,historic_vote,Conservative,Q:CC1. Which of the following comes closest to your view?,UNMATCHED,,"Man-made climate change is a real issue, and it is as bad as often described","Man-made climate change is a real issue, but the effects of it are often exaggerated",Man-made climate change is not a real issue,,,,,,,,50.5,35.2,10.2,,,,,,,,VI-2026-07-15-Opinium-Observer-Web-Tables-1227.xlsx,CC1
"2,050 UK adults",15th - 17th July 2026,,,,2006,,historic_vote,Labour,Q:CC1. Which of the following comes closest to your view?,UNMATCHED,,"Man-made climate change is a real issue, and it is as bad as often described","Man-made climate change is a real issue, but the effects of it are often exaggerated",Man-made climate change is not a real issue,,,,,,,,74.1,19.6,2.9,,,,,,,,VI-2026-07-15-Opinium-Observer-Web-Tables-1227.xlsx,CC1
"2,050 UK adults",15th - 17th July 2026,,,,2006,,historic_vote,Lib Dems,Q:CC1. Which of the following comes closest to your view?,UNMATCHED,,"Man-made climate change is a real issue, and it is as bad as often described","Man-made climate change is a real issue, but the effects of it are often exaggerated",Man-made climate change is not a real issue,,,,,,,,71.0,19.3,3.7,,,,,,,,VI-2026-07-15-Opinium-Observer-Web-Tables-1227.xlsx,CC1
"2,050 UK adults",15th - 17th July 2026,,,,2006,,historic_vote,Green,Q:CC1. Which of the following comes closest to your view?,UNMATCHED,,"Man-made climate change is a real issue, and it is as bad as often described","Man-made climate change is a real issue, but the effects of it are often exaggerated",Man-made climate change is not a real issue,,,,,,,,79.2,12.6,3.8,,,,,,,,VI-2026-07-15-Opinium-Observer-Web-Tables-1227.xlsx,CC1
"2,050 UK adults",15th - 17th July 2026,,,,2006,,historic_vote,Reform UK,Q:CC1. Which of the following comes closest to your view?,UNMATCHED,,"Man-made climate change is a real issue, and it is as bad as often described","Man-made climate change is a real issue, but the effects of it are often exaggerated",Man-made climate change is not a real issue,,,,,,,,32.3,37.9,25.3,,,,,,,,VI-2026-07-15-Opinium-Observer-Web-Tables-1227.xlsx,CC1
"2,050 UK adults",15th - 17th July 2026,,,,2006,,historic_vote,Con,Q:CC1. Which of the following comes closest to your view?,UNMATCHED,,"Man-made climate change is a real issue, and it is as bad as often described","Man-made climate change is a real issue, but the effects of it are often exaggerated",Man-made climate change is not a real issue,,,,,,,,49.4,34.6,12.2,,,,,,,,VI-2026-07-15-Opinium-Observer-Web-Tables-1227.xlsx,CC1
"2,050 UK adults",15th - 17th July 2026,,,,2006,,historic_vote,Lab,Q:CC1. Which of the following comes closest to your view?,UNMATCHED,,"Man-made climate change is a real issue, and it is as bad as often described","Man-made climate change is a real issue, but the effects of it are often exaggerated",Man-made climate change is not a real issue,,,,,,,,71.5,19.7,4.5,,,,,,,,VI-2026-07-15-Opinium-Observer-Web-Tables-1227.xlsx,CC1
"2,050 UK adults",15th - 17th July 2026,,,,2006,,historic_vote,Lib Dem,Q:CC1. Which of the following comes closest to your view?,UNMATCHED,,"Man-made climate change is a real issue, and it is as bad as often described","Man-made climate change is a real issue, but the effects of it are often exaggerated",Man-made climate change is not a real issue,,,,,,,,70.5,19.8,3.8,,,,,,,,VI-2026-07-15-Opinium-Observer-Web-Tables-1227.xlsx,CC1
"2,050 UK adults",15th - 17th July 2026,,,,2006,,historic_vote,Remain,Q:CC1. Which of the following comes closest to your view?,UNMATCHED,,"Man-made climate change is a real issue, and it is as bad as often described","Man-made climate change is a real issue, but the effects of it are often exaggerated",Man-made climate change is not a real issue,,,,,,,,73.2,18.8,3.2,,,,,,,,VI-2026-07-15-Opinium-Observer-Web-Tables-1227.xlsx,CC1
"2,050 UK adults",15th - 17th July 2026,,,,2006,,historic_vote,Leave,Q:CC1. Which of the following comes closest to your view?,UNMATCHED,,"Man-made climate change is a real issue, and it is as bad as often described","Man-made climate change is a real issue, but the effects of it are often exaggerated",Man-made climate change is not a real issue,,,,,,,,47.0,33.0,14.6,,,,,,,,VI-2026-07-15-Opinium-Observer-Web-Tables-1227.xlsx,CC1
"2,050 UK adults",15th - 17th July 2026,,,,2006,,gender,Male,Q:CC1. Which of the following comes closest to your view?,UNMATCHED,,"Man-made climate change is a real issue, and it is as bad as often described","Man-made climate change is a real issue, but the effects of it are often exaggerated",Man-made climate change is not a real issue,,,,,,,,51.3,32.7,10.3,,,,,,,,VI-2026-07-15-Opinium-Observer-Web-Tables-1227.xlsx,CC1
"2,050 UK adults",15th - 17th July 2026,,,,2006,,gender,Female,Q:CC1. Which of the following comes closest to your view?,UNMATCHED,,"Man-made climate change is a real issue, and it is as bad as often described","Man-made climate change is a real issue, but the effects of it are often exaggerated",Man-made climate change is not a real issue,,,,,,,,62.6,21.9,6.3,,,,,,,,VI-2026-07-15-Opinium-Observer-Web-Tables-1227.xlsx,CC1
"2,050 UK adults",15th - 17th July 2026,,,,2006,,age,18-34,Q:CC1. Which of the following comes closest to your view?,UNMATCHED,,"Man-made climate change is a real issue, and it is as bad as often described","Man-made climate change is a real issue, but the effects of it are often exaggerated",Man-made climate change is not a real issue,,,,,,,,57.5,27.2,6.4,,,,,,,,VI-2026-07-15-Opinium-Observer-Web-Tables-1227.xlsx,CC1
"2,050 UK adults",15th - 17th July 2026,,,,2006,,age,35-49,Q:CC1. Which of the following comes closest to your view?,UNMATCHED,,"Man-made climate change is a real issue, and it is as bad as often described","Man-made climate change is a real issue, but the effects of it are often exaggerated",Man-made climate change is not a real issue,,,,,,,,56.1,27.6,6.8,,,,,,,,VI-2026-07-15-Opinium-Observer-Web-Tables-1227.xlsx,CC1
"2,050 UK adults",15th - 17th July 2026,,,,2006,,age,50-64,Q:CC1. Which of the following comes closest to your view?,UNMATCHED,,"Man-made climate change is a real issue, and it is as bad as often described","Man-made climate change is a real issue, but the effects of it are often exaggerated",Man-made climate change is not a real issue,,,,,,,,55.7,27.1,10.6,,,,,,,,VI-2026-07-15-Opinium-Observer-Web-Tables-1227.xlsx,CC1
"2,050 UK adults",15th - 17th July 2026,,,,2006,,age,65+,Q:CC1. Which of the following comes closest to your view?,UNMATCHED,,"Man-made climate change is a real issue, and it is as bad as often described","Man-made climate change is a real issue, but the effects of it are often exaggerated",Man-made climate change is not a real issue,,,,,,,,59.5,25.9,9.4,,,,,,,,VI-2026-07-15-Opinium-Observer-Web-Tables-1227.xlsx,CC1
"2,050 UK adults",15th - 17th July 2026,,,,2006,,region,North,Q:CC1. Which of the following comes closest to your view?,UNMATCHED,,"Man-made climate change is a real issue, and it is as bad as often described","Man-made climate change is a real issue, but the effects of it are often exaggerated",Man-made climate change is not a real issue,,,,,,,,54.0,31.0,7.3,,,,,,,,VI-2026-07-15-Opinium-Observer-Web-Tables-1227.xlsx,CC1
"2,050 UK adults",15th - 17th July 2026,,,,2006,,region,Mids,Q:CC1. Which of the following comes closest to your view?,UNMATCHED,,"Man-made climate change is a real issue, and it is as bad as often described","Man-made climate change is a real issue, but the effects of it are often exaggerated",Man-made climate change is not a real issue,,,,,,,,54.5,27.7,8.6,,,,,,,,VI-2026-07-15-Opinium-Observer-Web-Tables-1227.xlsx,CC1
"2,050 UK adults",15th - 17th July 2026,,,,2006,,region,London,Q:CC1. Which of the following comes closest to your view?,UNMATCHED,,"Man-made climate change is a real issue, and it is as bad as often described","Man-made climate change is a real issue, but the effects of it are often exaggerated",Man-made climate change is not a real issue,,,,,,,,58.2,22.0,11.1,,,,,,,,VI-2026-07-15-Opinium-Observer-Web-Tables-1227.xlsx,CC1
"2,050 UK adults",15th - 17th July 2026,,,,2006,,region,South,Q:CC1. Which of the following comes closest to your view?,UNMATCHED,,"Man-made climate change is a real issue, and it is as bad as often described","Man-made climate change is a real issue, but the effects of it are often exaggerated",Man-made climate change is not a real issue,,,,,,,,61.6,24.6,7.1,,,,,,,,VI-2026-07-15-Opinium-Observer-Web-Tables-1227.xlsx,CC1
"2,050 UK adults",15th - 17th July 2026,,,,2006,,region,Wales,Q:CC1. Which of the following comes closest to your view?,UNMATCHED,,"Man-made climate change is a real issue, and it is as bad as often described","Man-made climate change is a real issue, but the effects of it are often exaggerated",Man-made climate change is not a real issue,,,,,,,,56.3,24.7,14.5,,,,,,,,VI-2026-07-15-Opinium-Observer-Web-Tables-1227.xlsx,CC1
"2,050 UK adults",15th - 17th July 2026,,,,2006,,region,Scotland,Q:CC1. Which of the following comes closest to your view?,UNMATCHED,,"Man-made climate change is a real issue, and it is as bad as often described","Man-made climate change is a real issue, but the effects of it are often exaggerated",Man-made climate change is not a real issue,,,,,,,,53.3,32.4,6.3,,,,,,,,VI-2026-07-15-Opinium-Observer-Web-Tables-1227.xlsx,CC1
"2,050 UK adults",15th - 17th July 2026,,,,2006,,region,Northern Ireland,Q:CC1. Which of the following comes closest to your view?,UNMATCHED,,"Man-made climate change is a real issue, and it is as bad as often described","Man-made climate change is a real issue, but the effects of it are often exaggerated",Man-made climate change is not a real issue,,,,,,,,,,,,,,,,,,VI-2026-07-15-Opinium-Observer-Web-Tables-1227.xlsx,CC1
"2,050 UK adults",15th - 17th July 2026,,,,2006,,total,Total,"Q:CC2. Do you think the UK government are currently underreacting or overreacting to climate change, or are they getting the balance about right?",Best party on environment/climate,climate change,Underreacting,Overreacting,Getting the balance about right,,,,,,,,39.0,21.8,21.4,,,,,,,,VI-2026-07-15-Opinium-Observer-Web-Tables-1227.xlsx,CC2
"2,050 UK adults",15th - 17th July 2026,,,,2006,,current_vote,Con,"Q:CC2. Do you think the UK government are currently underreacting or overreacting to climate change, or are they getting the balance about right?",Best party on environment/climate,climate change,Underreacting,Overreacting,Getting the balance about right,,,,,,,,27.9,27.6,28.7,,,,,,,,VI-2026-07-15-Opinium-Observer-Web-Tables-1227.xlsx,CC2
"2,050 UK adults",15th - 17th July 2026,,,,2006,,current_vote,Lab,"Q:CC2. Do you think the UK government are currently underreacting or overreacting to climate change, or are they getting the balance about right?",Best party on environment/climate,climate change,Underreacting,Overreacting,Getting the balance about right,,,,,,,,45.2,8.1,34.8,,,,,,,,VI-2026-07-15-Opinium-Observer-Web-Tables-1227.xlsx,CC2
"2,050 UK adults",15th - 17th July 2026,,,,2006,,current_vote,Lib Dem,"Q:CC2. Do you think the UK government are currently underreacting or overreacting to climate change, or are they getting the balance about right?",Best party on environment/climate,climate change,Underreacting,Overreacting,Getting the balance about right,,,,,,,,53.3,7.2,23.1,,,,,,,,VI-2026-07-15-Opinium-Observer-Web-Tables-1227.xlsx,CC2
"2,050 UK adults",15th - 17th July 2026,,,,2006,,current_vote,Reform,"Q:CC2. Do you think the UK government are currently underreacting or overreacting to climate change, or are they getting the balance about right?",Best party on environment/climate,climate change,Underreacting,Overreacting,Getting the balance about right,,,,,,,,20.1,49.2,18.2,,,,,,,,VI-2026-07-15-Opinium-Observer-Web-Tables-1227.xlsx,CC2
"2,050 UK adults",15th - 17th July 2026,,,,2006,,current_vote,Green,"Q:CC2. Do you think the UK government are currently underreacting or overreacting to climate change, or are they getting the balance about right?",Best party on environment/climate,climate change,Underreacting,Overreacting,Getting the balance about right,,,,,,,,73.1,3.8,15.8,,,,,,,,VI-2026-07-15-Opinium-Observer-Web-Tables-1227.xlsx,CC2
"2,050 UK adults",15th - 17th July 2026,,,,2006,,historic_vote,Conservative,"Q:CC2. Do you think the UK government are currently underreacting or overreacting to climate change, or are they getting the balance about right?",Best party on environment/climate,climate change,Underreacting,Overreacting,Getting the balance about right,,,,,,,,27.3,31.2,23.8,,,,,,,,VI-2026-07-15-Opinium-Observer-Web-Tables-1227.xlsx,CC2
"2,050 UK adults",15th - 17th July 2026,,,,2006,,historic_vote,Labour,"Q:CC2. Do you think the UK government are currently underreacting or overreacting to climate change, or are they getting the balance about right?",Best party on environment/climate,climate change,Underreacting,Overreacting,Getting the balance about right,,,,,,,,50.9,10.8,24.1,,,,,,,,VI-2026-07-15-Opinium-Observer-Web-Tables-1227.xlsx,CC2
"2,050 UK adults",15th - 17th July 2026,,,,2006,,historic_vote,Lib Dems,"Q:CC2. Do you think the UK government are currently underreacting or overreacting to climate change, or are they getting the balance about right?",Best party on environment/climate,climate change,Underreacting,Overreacting,Getting the balance about right,,,,,,,,48.6,8.6,25.1,,,,,,,,VI-2026-07-15-Opinium-Observer-Web-Tables-1227.xlsx,CC2
"2,050 UK adults",15th - 17th July 2026,,,,2006,,historic_vote,Green,"Q:CC2. Do you think the UK government are currently underreacting or overreacting to climate change, or are they getting the balance about right?",Best party on environment/climate,climate change,Underreacting,Overreacting,Getting the balance about right,,,,,,,,67.4,5.8,13.9,,,,,,,,VI-2026-07-15-Opinium-Observer-Web-Tables-1227.xlsx,CC2
"2,050 UK adults",15th - 17th July 2026,,,,2006,,historic_vote,Reform UK,"Q:CC2. Do you think the UK government are currently underreacting or overreacting to climate change, or are they getting the balance about right?",Best party on environment/climate,climate change,Underreacting,Overreacting,Getting the balance about right,,,,,,,,14.9,57.4,21.5,,,,,,,,VI-2026-07-15-Opinium-Observer-Web-Tables-1227.xlsx,CC2
"2,050 UK adults",15th - 17th July 2026,,,,2006,,historic_vote,Con,"Q:CC2. Do you think the UK government are currently underreacting or overreacting to climate change, or are they getting the balance about right?",Best party on environment/climate,climate change,Underreacting,Overreacting,Getting the balance about right,,,,,,,,25.3,35.4,23.6,,,,,,,,VI-2026-07-15-Opinium-Observer-Web-Tables-1227.xlsx,CC2
"2,050 UK adults",15th - 17th July 2026,,,,2006,,historic_vote,Lab,"Q:CC2. Do you think the UK government are currently underreacting or overreacting to climate change, or are they getting the balance about right?",Best party on environment/climate,climate change,Underreacting,Overreacting,Getting the balance about right,,,,,,,,51.5,11.9,22.6,,,,,,,,VI-2026-07-15-Opinium-Observer-Web-Tables-1227.xlsx,CC2
"2,050 UK adults",15th - 17th July 2026,,,,2006,,historic_vote,Lib Dem,"Q:CC2. Do you think the UK government are currently underreacting or overreacting to climate change, or are they getting the balance about right?",Best party on environment/climate,climate change,Underreacting,Overreacting,Getting the balance about right,,,,,,,,50.8,6.8,24.7,,,,,,,,VI-2026-07-15-Opinium-Observer-Web-Tables-1227.xlsx,CC2
"2,050 UK adults",15th - 17th July 2026,,,,2006,,historic_vote,Remain,"Q:CC2. Do you think the UK government are currently underreacting or overreacting to climate change, or are they getting the balance about right?",Best party on environment/climate,climate change,Underreacting,Overreacting,Getting the balance about right,,,,,,,,49.8,9.3,23.1,,,,,,,,VI-2026-07-15-Opinium-Observer-Web-Tables-1227.xlsx,CC2
"2,050 UK adults",15th - 17th July 2026,,,,2006,,historic_vote,Leave,"Q:CC2. Do you think the UK government are currently underreacting or overreacting to climate change, or are they getting the balance about right?",Best party on environment/climate,climate change,Underreacting,Overreacting,Getting the balance about right,,,,,,,,27.4,38.4,19.5,,,,,,,,VI-2026-07-15-Opinium-Observer-Web-Tables-1227.xlsx,CC2
"2,050 UK adults",15th - 17th July 2026,,,,2006,,gender,Male,"Q:CC2. Do you think the UK government are currently underreacting or overreacting to climate change, or are they getting the balance about right?",Best party on environment/climate,climate change,Underreacting,Overreacting,Getting the balance about right,,,,,,,,34.4,28.1,24.3,,,,,,,,VI-2026-07-15-Opinium-Observer-Web-Tables-1227.xlsx,CC2
"2,050 UK adults",15th - 17th July 2026,,,,2006,,gender,Female,"Q:CC2. Do you think the UK government are currently underreacting or overreacting to climate change, or are they getting the balance about right?",Best party on environment/climate,climate change,Underreacting,Overreacting,Getting the balance about right,,,,,,,,43.1,16.0,18.9,,,,,,,,VI-2026-07-15-Opinium-Observer-Web-Tables-1227.xlsx,CC2
"2,050 UK adults",15th - 17th July 2026,,,,2006,,age,18-34,"Q:CC2. Do you think the UK government are currently underreacting or overreacting to climate change, or are they getting the balance about right?",Best party on environment/climate,climate change,Underreacting,Overreacting,Getting the balance about right,,,,,,,,45.3,12.8,27.6,,,,,,,,VI-2026-07-15-Opinium-Observer-Web-Tables-1227.xlsx,CC2
"2,050 UK adults",15th - 17th July 2026,,,,2006,,age,35-49,"Q:CC2. Do you think the UK government are currently underreacting or overreacting to climate change, or are they getting the balance about right?",Best party on environment/climate,climate change,Underreacting,Overreacting,Getting the balance about right,,,,,,,,41.2,19.5,20.0,,,,,,,,VI-2026-07-15-Opinium-Observer-Web-Tables-1227.xlsx,CC2
"2,050 UK adults",15th - 17th July 2026,,,,2006,,age,50-64,"Q:CC2. Do you think the UK government are currently underreacting or overreacting to climate change, or are they getting the balance about right?",Best party on environment/climate,climate change,Underreacting,Overreacting,Getting the balance about right,,,,,,,,34.5,25.6,21.0,,,,,,,,VI-2026-07-15-Opinium-Observer-Web-Tables-1227.xlsx,CC2
"2,050 UK adults",15th - 17th July 2026,,,,2006,,age,65+,"Q:CC2. Do you think the UK government are currently underreacting or overreacting to climate change, or are they getting the balance about right?",Best party on environment/climate,climate change,Underreacting,Overreacting,Getting the balance about right,,,,,,,,34.1,30.3,16.0,,,,,,,,VI-2026-07-15-Opinium-Observer-Web-Tables-1227.xlsx,CC2
"2,050 UK adults",15th - 17th July 2026,,,,2006,,region,North,"Q:CC2. Do you think the UK government are currently underreacting or overreacting to climate change, or are they getting the balance about right?",Best party on environment/climate,climate change,Underreacting,Overreacting,Getting the balance about right,,,,,,,,39.1,21.3,19.2,,,,,,,,VI-2026-07-15-Opinium-Observer-Web-Tables-1227.xlsx,CC2
"2,050 UK adults",15th - 17th July 2026,,,,2006,,region,Mids,"Q:CC2. Do you think the UK government are currently underreacting or overreacting to climate change, or are they getting the balance about right?",Best party on environment/climate,climate change,Underreacting,Overreacting,Getting the balance about right,,,,,,,,31.2,22.4,26.1,,,,,,,,VI-2026-07-15-Opinium-Observer-Web-Tables-1227.xlsx,CC2
"2,050 UK adults",15th - 17th July 2026,,,,2006,,region,London,"Q:CC2. Do you think the UK government are currently underreacting or overreacting to climate change, or are they getting the balance about right?",Best party on environment/climate,climate change,Underreacting,Overreacting,Getting the balance about right,,,,,,,,40.9,16.7,25.7,,,,,,,,VI-2026-07-15-Opinium-Observer-Web-Tables-1227.xlsx,CC2
"2,050 UK adults",15th - 17th July 2026,,,,2006,,region,South,"Q:CC2. Do you think the UK government are currently underreacting or overreacting to climate change, or are they getting the balance about right?",Best party on environment/climate,climate change,Underreacting,Overreacting,Getting the balance about right,,,,,,,,39.9,22.6,20.5,,,,,,,,VI-2026-07-15-Opinium-Observer-Web-Tables-1227.xlsx,CC2
"2,050 UK adults",15th - 17th July 2026,,,,2006,,region,Wales,"Q:CC2. Do you think the UK government are currently underreacting or overreacting to climate change, or are they getting the balance about right?",Best party on environment/climate,climate change,Underreacting,Overreacting,Getting the balance about right,,,,,,,,43.7,24.6,23.5,,,,,,,,VI-2026-07-15-Opinium-Observer-Web-Tables-1227.xlsx,CC2
"2,050 UK adults",15th - 17th July 2026,,,,2006,,region,Scotland,"Q:CC2. Do you think the UK government are currently underreacting or overreacting to climate change, or are they getting the balance about right?",Best party on environment/climate,climate change,Underreacting,Overreacting,Getting the balance about right,,,,,,,,44.6,25.2,13.5,,,,,,,,VI-2026-07-15-Opinium-Observer-Web-Tables-1227.xlsx,CC2
"2,050 UK adults",15th - 17th July 2026,,,,2006,,region,Northern Ireland,"Q:CC2. Do you think the UK government are currently underreacting or overreacting to climate change, or are they getting the balance about right?",Best party on environment/climate,climate change,Underreacting,Overreacting,Getting the balance about right,,,,,,,,,,,,,,,,,,VI-2026-07-15-Opinium-Observer-Web-Tables-1227.xlsx,CC2
"2,050 UK adults",15th - 17th July 2026,,,,2006,,total,They limited the amount of times you were allowed to fly abroad each year,Q:CC3. Would you support or oppose policies to combat climate change if…?,Best party on environment/climate,climate change,Support,Neither support nor oppose,Oppose,,,,,,,,40.5,30.9,28.5,,,,,,,,VI-2026-07-15-Opinium-Observer-Web-Tables-1227.xlsx,Summary CC3
"2,050 UK adults",15th - 17th July 2026,,,,2006,,total,Total,"Q:CC3. Would you support or oppose policies to combat climate change if…?
 They had a negative impact on the economy",Best party on environment/climate,climate change,Support,Neither support nor oppose,Oppose,,,,,,,,21.1,35.4,43.5,,,,,,,,VI-2026-07-15-Opinium-Observer-Web-Tables-1227.xlsx,CC3
"2,050 UK adults",15th - 17th July 2026,,,,2006,,current_vote,Con,"Q:CC3. Would you support or oppose policies to combat climate change if…?
 They had a negative impact on the economy",Best party on environment/climate,climate change,Support,Neither support nor oppose,Oppose,,,,,,,,16.3,31.4,52.8,,,,,,,,VI-2026-07-15-Opinium-Observer-Web-Tables-1227.xlsx,CC3
"2,050 UK adults",15th - 17th July 2026,,,,2006,,current_vote,Lab,"Q:CC3. Would you support or oppose policies to combat climate change if…?
 They had a negative impact on the economy",Best party on environment/climate,climate change,Support,Neither support nor oppose,Oppose,,,,,,,,27.9,35.6,36.2,,,,,,,,VI-2026-07-15-Opinium-Observer-Web-Tables-1227.xlsx,CC3
"2,050 UK adults",15th - 17th July 2026,,,,2006,,current_vote,Lib Dem,"Q:CC3. Would you support or oppose policies to combat climate change if…?
 They had a negative impact on the economy",Best party on environment/climate,climate change,Support,Neither support nor oppose,Oppose,,,,,,,,26.2,31.8,41.9,,,,,,,,VI-2026-07-15-Opinium-Observer-Web-Tables-1227.xlsx,CC3
"2,050 UK adults",15th - 17th July 2026,,,,2006,,current_vote,Reform,"Q:CC3. Would you support or oppose policies to combat climate change if…?
 They had a negative impact on the economy",Best party on environment/climate,climate change,Support,Neither support nor oppose,Oppose,,,,,,,,14.4,25.0,60.7,,,,,,,,VI-2026-07-15-Opinium-Observer-Web-Tables-1227.xlsx,CC3
"2,050 UK adults",15th - 17th July 2026,,,,2006,,current_vote,Green,"Q:CC3. Would you support or oppose policies to combat climate change if…?
 They had a negative impact on the economy",Best party on environment/climate,climate change,Support,Neither support nor oppose,Oppose,,,,,,,,42.0,33.9,24.2,,,,,,,,VI-2026-07-15-Opinium-Observer-Web-Tables-1227.xlsx,CC3
"2,050 UK adults",15th - 17th July 2026,,,,2006,,historic_vote,Conservative,"Q:CC3. Would you support or oppose policies to combat climate change if…?
 They had a negative impact on the economy",Best party on environment/climate,climate change,Support,Neither support nor oppose,Oppose,,,,,,,,14.8,31.6,53.4,,,,,,,,VI-2026-07-15-Opinium-Observer-Web-Tables-1227.xlsx,CC3
"2,050 UK adults",15th - 17th July 2026,,,,2006,,historic_vote,Labour,"Q:CC3. Would you support or oppose policies to combat climate change if…?
 They had a negative impact on the economy",Best party on environment/climate,climate change,Support,Neither support nor oppose,Oppose,,,,,,,,27.8,35.6,36.7,,,,,,,,VI-2026-07-15-Opinium-Observer-Web-Tables-1227.xlsx,CC3
"2,050 UK adults",15th - 17th July 2026,,,,2006,,historic_vote,Lib Dems,"Q:CC3. Would you support or oppose policies to combat climate change if…?
 They had a negative impact on the economy",Best party on environment/climate,climate change,Support,Neither support nor oppose,Oppose,,,,,,,,28.0,36.5,35.4,,,,,,,,VI-2026-07-15-Opinium-Observer-Web-Tables-1227.xlsx,CC3
"2,050 UK adults",15th - 17th July 2026,,,,2006,,historic_vote,Green,"Q:CC3. Would you support or oppose policies to combat climate change if…?
 They had a negative impact on the economy",Best party on environment/climate,climate change,Support,Neither support nor oppose,Oppose,,,,,,,,43.8,37.5,18.8,,,,,,,,VI-2026-07-15-Opinium-Observer-Web-Tables-1227.xlsx,CC3
"2,050 UK adults",15th - 17th July 2026,,,,2006,,historic_vote,Reform UK,"Q:CC3. Would you support or oppose policies to combat climate change if…?
 They had a negative impact on the economy",Best party on environment/climate,climate change,Support,Neither support nor oppose,Oppose,,,,,,,,9.8,21.4,69.1,,,,,,,,VI-2026-07-15-Opinium-Observer-Web-Tables-1227.xlsx,CC3
"2,050 UK adults",15th - 17th July 2026,,,,2006,,historic_vote,Con,"Q:CC3. Would you support or oppose policies to combat climate change if…?
 They had a negative impact on the economy",Best party on environment/climate,climate change,Support,Neither support nor oppose,Oppose,,,,,,,,13.3,28.4,58.2,,,,,,,,VI-2026-07-15-Opinium-Observer-Web-Tables-1227.xlsx,CC3
"2,050 UK adults",15th - 17th July 2026,,,,2006,,historic_vote,Lab,"Q:CC3. Would you support or oppose policies to combat climate change if…?
 They had a negative impact on the economy",Best party on environment/climate,climate change,Support,Neither support nor oppose,Oppose,,,,,,,,32.4,35.0,32.6,,,,,,,,VI-2026-07-15-Opinium-Observer-Web-Tables-1227.xlsx,CC3
"2,050 UK adults",15th - 17th July 2026,,,,2006,,historic_vote,Lib Dem,"Q:CC3. Would you support or oppose policies to combat climate change if…?
 They had a negative impact on the economy",Best party on environment/climate,climate change,Support,Neither support nor oppose,Oppose,,,,,,,,26.4,35.0,39.3,,,,,,,,VI-2026-07-15-Opinium-Observer-Web-Tables-1227.xlsx,CC3
"2,050 UK adults",15th - 17th July 2026,,,,2006,,historic_vote,Remain,"Q:CC3. Would you support or oppose policies to combat climate change if…?
 They had a negative impact on the economy",Best party on environment/climate,climate change,Support,Neither support nor oppose,Oppose,,,,,,,,28.7,35.5,35.6,,,,,,,,VI-2026-07-15-Opinium-Observer-Web-Tables-1227.xlsx,CC3
"2,050 UK adults",15th - 17th July 2026,,,,2006,,historic_vote,Leave,"Q:CC3. Would you support or oppose policies to combat climate change if…?
 They had a negative impact on the economy",Best party on environment/climate,climate change,Support,Neither support nor oppose,Oppose,,,,,,,,13.4,30.5,56.2,,,,,,,,VI-2026-07-15-Opinium-Observer-Web-Tables-1227.xlsx,CC3
"2,050 UK adults",15th - 17th July 2026,,,,2006,,gender,Male,"Q:CC3. Would you support or oppose policies to combat climate change if…?
 They had a negative impact on the economy",Best party on environment/climate,climate change,Support,Neither support nor oppose,Oppose,,,,,,,,22.1,31.7,46.3,,,,,,,,VI-2026-07-15-Opinium-Observer-Web-Tables-1227.xlsx,CC3
"2,050 UK adults",15th - 17th July 2026,,,,2006,,gender,Female,"Q:CC3. Would you support or oppose policies to combat climate change if…?
 They had a negative impact on the economy",Best party on environment/climate,climate change,Support,Neither support nor oppose,Oppose,,,,,,,,20.2,38.5,41.3,,,,,,,,VI-2026-07-15-Opinium-Observer-Web-Tables-1227.xlsx,CC3
"2,050 UK adults",15th - 17th July 2026,,,,2006,,age,18-34,"Q:CC3. Would you support or oppose policies to combat climate change if…?
 They had a negative impact on the economy",Best party on environment/climate,climate change,Support,Neither support nor oppose,Oppose,,,,,,,,29.4,36.0,34.5,,,,,,,,VI-2026-07-15-Opinium-Observer-Web-Tables-1227.xlsx,CC3
"2,050 UK adults",15th - 17th July 2026,,,,2006,,age,35-49,"Q:CC3. Would you support or oppose policies to combat climate change if…?
 They had a negative impact on the economy",Best party on environment/climate,climate change,Support,Neither support nor oppose,Oppose,,,,,,,,21.2,32.3,46.5,,,,,,,,VI-2026-07-15-Opinium-Observer-Web-Tables-1227.xlsx,CC3
"2,050 UK adults",15th - 17th July 2026,,,,2006,,age,50-64,"Q:CC3. Would you support or oppose policies to combat climate change if…?
 They had a negative impact on the economy",Best party on environment/climate,climate change,Support,Neither support nor oppose,Oppose,,,,,,,,16.7,39.3,44.2,,,,,,,,VI-2026-07-15-Opinium-Observer-Web-Tables-1227.xlsx,CC3
"2,050 UK adults",15th - 17th July 2026,,,,2006,,age,65+,"Q:CC3. Would you support or oppose policies to combat climate change if…?
 They had a negative impact on the economy",Best party on environment/climate,climate change,Support,Neither support nor oppose,Oppose,,,,,,,,15.8,34.0,50.2,,,,,,,,VI-2026-07-15-Opinium-Observer-Web-Tables-1227.xlsx,CC3
"2,050 UK adults",15th - 17th July 2026,,,,2006,,region,North,"Q:CC3. Would you support or oppose policies to combat climate change if…?
 They had a negative impact on the economy",Best party on environment/climate,climate change,Support,Neither support nor oppose,Oppose,,,,,,,,21.9,33.2,45.0,,,,,,,,VI-2026-07-15-Opinium-Observer-Web-Tables-1227.xlsx,CC3
"2,050 UK adults",15th - 17th July 2026,,,,2006,,region,Mids,"Q:CC3. Would you support or oppose policies to combat climate change if…?
 They had a negative impact on the economy",Best party on environment/climate,climate change,Support,Neither support nor oppose,Oppose,,,,,,,,17.8,40.1,42.2,,,,,,,,VI-2026-07-15-Opinium-Observer-Web-Tables-1227.xlsx,CC3
"2,050 UK adults",15th - 17th July 2026,,,,2006,,region,London,"Q:CC3. Would you support or oppose policies to combat climate change if…?
 They had a negative impact on the economy",Best party on environment/climate,climate change,Support,Neither support nor oppose,Oppose,,,,,,,,25.8,33.0,41.4,,,,,,,,VI-2026-07-15-Opinium-Observer-Web-Tables-1227.xlsx,CC3
"2,050 UK adults",15th - 17th July 2026,,,,2006,,region,South,"Q:CC3. Would you support or oppose policies to combat climate change if…?
 They had a negative impact on the economy",Best party on environment/climate,climate change,Support,Neither support nor oppose,Oppose,,,,,,,,20.1,35.7,44.2,,,,,,,,VI-2026-07-15-Opinium-Observer-Web-Tables-1227.xlsx,CC3
"2,050 UK adults",15th - 17th July 2026,,,,2006,,region,Wales,"Q:CC3. Would you support or oppose policies to combat climate change if…?
 They had a negative impact on the economy",Best party on environment/climate,climate change,Support,Neither support nor oppose,Oppose,,,,,,,,23.7,35.4,41.2,,,,,,,,VI-2026-07-15-Opinium-Observer-Web-Tables-1227.xlsx,CC3
"2,050 UK adults",15th - 17th July 2026,,,,2006,,region,Scotland,"Q:CC3. Would you support or oppose policies to combat climate change if…?
 They had a negative impact on the economy",Best party on environment/climate,climate change,Support,Neither support nor oppose,Oppose,,,,,,,,21.6,35.7,42.7,,,,,,,,VI-2026-07-15-Opinium-Observer-Web-Tables-1227.xlsx,CC3
"2,050 UK adults",15th - 17th July 2026,,,,2006,,region,Northern Ireland,"Q:CC3. Would you support or oppose policies to combat climate change if…?
 They had a negative impact on the economy",Best party on environment/climate,climate change,Neither support nor oppose,,,,,,,,,,,,,,,,,,,,VI-2026-07-15-Opinium-Observer-Web-Tables-1227.xlsx,CC3
"2,050 UK adults",15th - 17th July 2026,,,,2006,,total,Total,"Q:CC3. Would you support or oppose policies to combat climate change if…?
 They had a negative impact on your personal finances",Best party on environment/climate,climate change,Support,Neither support nor oppose,Oppose,,,,,,,,18.7,33.3,48.1,,,,,,,,VI-2026-07-15-Opinium-Observer-Web-Tables-1227.xlsx,CC3 (2)
"2,050 UK adults",15th - 17th July 2026,,,,2006,,current_vote,Con,"Q:CC3. Would you support or oppose policies to combat climate change if…?
 They had a negative impact on your personal finances",Best party on environment/climate,climate change,Support,Neither support nor oppose,Oppose,,,,,,,,16.6,27.2,56.1,,,,,,,,VI-2026-07-15-Opinium-Observer-Web-Tables-1227.xlsx,CC3 (2)
"2,050 UK adults",15th - 17th July 2026,,,,2006,,current_vote,Lab,"Q:CC3. Would you support or oppose policies to combat climate change if…?
 They had a negative impact on your personal finances",Best party on environment/climate,climate change,Support,Neither support nor oppose,Oppose,,,,,,,,27.0,34.4,38.9,,,,,,,,VI-2026-07-15-Opinium-Observer-Web-Tables-1227.xlsx,CC3 (2)
"2,050 UK adults",15th - 17th July 2026,,,,2006,,current_vote,Lib Dem,"Q:CC3. Would you support or oppose policies to combat climate change if…?
 They had a negative impact on your personal finances",Best party on environment/climate,climate change,Support,Neither support nor oppose,Oppose,,,,,,,,23.8,33.8,42.4,,,,,,,,VI-2026-07-15-Opinium-Observer-Web-Tables-1227.xlsx,CC3 (2)
"2,050 UK adults",15th - 17th July 2026,,,,2006,,current_vote,Reform,"Q:CC3. Would you support or oppose policies to combat climate change if…?
 They had a negative impact on your personal finances",Best party on environment/climate,climate change,Support,Neither support nor oppose,Oppose,,,,,,,,10.0,25.0,65.1,,,,,,,,VI-2026-07-15-Opinium-Observer-Web-Tables-1227.xlsx,CC3 (2)
"2,050 UK adults",15th - 17th July 2026,,,,2006,,current_vote,Green,"Q:CC3. Would you support or oppose policies to combat climate change if…?
 They had a negative impact on your personal finances",Best party on environment/climate,climate change,Support,Neither support nor oppose,Oppose,,,,,,,,31.5,35.0,33.8,,,,,,,,VI-2026-07-15-Opinium-Observer-Web-Tables-1227.xlsx,CC3 (2)
"2,050 UK adults",15th - 17th July 2026,,,,2006,,historic_vote,Conservative,"Q:CC3. Would you support or oppose policies to combat climate change if…?
 They had a negative impact on your personal finances",Best party on environment/climate,climate change,Support,Neither support nor oppose,Oppose,,,,,,,,13.3,27.9,58.7,,,,,,,,VI-2026-07-15-Opinium-Observer-Web-Tables-1227.xlsx,CC3 (2)
"2,050 UK adults",15th - 17th July 2026,,,,2006,,historic_vote,Labour,"Q:CC3. Would you support or oppose policies to combat climate change if…?
 They had a negative impact on your personal finances",Best party on environment/climate,climate change,Support,Neither support nor oppose,Oppose,,,,,,,,25.3,32.3,42.5,,,,,,,,VI-2026-07-15-Opinium-Observer-Web-Tables-1227.xlsx,CC3 (2)
"2,050 UK adults",15th - 17th July 2026,,,,2006,,historic_vote,Lib Dems,"Q:CC3. Would you support or oppose policies to combat climate change if…?
 They had a negative impact on your personal finances",Best party on environment/climate,climate change,Support,Neither support nor oppose,Oppose,,,,,,,,20.6,40.0,38.9,,,,,,,,VI-2026-07-15-Opinium-Observer-Web-Tables-1227.xlsx,CC3 (2)
"2,050 UK adults",15th - 17th July 2026,,,,2006,,historic_vote,Green,"Q:CC3. Would you support or oppose policies to combat climate change if…?
 They had a negative impact on your personal finances",Best party on environment/climate,climate change,Support,Neither support nor oppose,Oppose,,,,,,,,36.5,40.4,22.9,,,,,,,,VI-2026-07-15-Opinium-Observer-Web-Tables-1227.xlsx,CC3 (2)
"2,050 UK adults",15th - 17th July 2026,,,,2006,,historic_vote,Reform UK,"Q:CC3. Would you support or oppose policies to combat climate change if…?
 They had a negative impact on your personal finances",Best party on environment/climate,climate change,Support,Neither support nor oppose,Oppose,,,,,,,,10.8,20.7,69.1,,,,,,,,VI-2026-07-15-Opinium-Observer-Web-Tables-1227.xlsx,CC3 (2)
"2,050 UK adults",15th - 17th July 2026,,,,2006,,historic_vote,Con,"Q:CC3. Would you support or oppose policies to combat climate change if…?
 They had a negative impact on your personal finances",Best party on environment/climate,climate change,Support,Neither support nor oppose,Oppose,,,,,,,,12.0,29.1,59.1,,,,,,,,VI-2026-07-15-Opinium-Observer-Web-Tables-1227.xlsx,CC3 (2)
"2,050 UK adults",15th - 17th July 2026,,,,2006,,historic_vote,Lab,"Q:CC3. Would you support or oppose policies to combat climate change if…?
 They had a negative impact on your personal finances",Best party on environment/climate,climate change,Support,Neither support nor oppose,Oppose,,,,,,,,29.4,31.2,39.4,,,,,,,,VI-2026-07-15-Opinium-Observer-Web-Tables-1227.xlsx,CC3 (2)
"2,050 UK adults",15th - 17th July 2026,,,,2006,,historic_vote,Lib Dem,"Q:CC3. Would you support or oppose policies to combat climate change if…?
 They had a negative impact on your personal finances",Best party on environment/climate,climate change,Support,Neither support nor oppose,Oppose,,,,,,,,24.3,31.5,44.3,,,,,,,,VI-2026-07-15-Opinium-Observer-Web-Tables-1227.xlsx,CC3 (2)
"2,050 UK adults",15th - 17th July 2026,,,,2006,,historic_vote,Remain,"Q:CC3. Would you support or oppose policies to combat climate change if…?
 They had a negative impact on your personal finances",Best party on environment/climate,climate change,Support,Neither support nor oppose,Oppose,,,,,,,,24.4,34.1,41.4,,,,,,,,VI-2026-07-15-Opinium-Observer-Web-Tables-1227.xlsx,CC3 (2)
"2,050 UK adults",15th - 17th July 2026,,,,2006,,historic_vote,Leave,"Q:CC3. Would you support or oppose policies to combat climate change if…?
 They had a negative impact on your personal finances",Best party on environment/climate,climate change,Support,Neither support nor oppose,Oppose,,,,,,,,13.1,29.1,57.8,,,,,,,,VI-2026-07-15-Opinium-Observer-Web-Tables-1227.xlsx,CC3 (2)
"2,050 UK adults",15th - 17th July 2026,,,,2006,,gender,Male,"Q:CC3. Would you support or oppose policies to combat climate change if…?
 They had a negative impact on your personal finances",Best party on environment/climate,climate change,Support,Neither support nor oppose,Oppose,,,,,,,,19.0,30.9,50.2,,,,,,,,VI-2026-07-15-Opinium-Observer-Web-Tables-1227.xlsx,CC3 (2)
"2,050 UK adults",15th - 17th July 2026,,,,2006,,gender,Female,"Q:CC3. Would you support or oppose policies to combat climate change if…?
 They had a negative impact on your personal finances",Best party on environment/climate,climate change,Support,Neither support nor oppose,Oppose,,,,,,,,18.2,35.1,46.5,,,,,,,,VI-2026-07-15-Opinium-Observer-Web-Tables-1227.xlsx,CC3 (2)
"2,050 UK adults",15th - 17th July 2026,,,,2006,,age,18-34,"Q:CC3. Would you support or oppose policies to combat climate change if…?
 They had a negative impact on your personal finances",Best party on environment/climate,climate change,Support,Neither support nor oppose,Oppose,,,,,,,,24.0,35.1,40.7,,,,,,,,VI-2026-07-15-Opinium-Observer-Web-Tables-1227.xlsx,CC3 (2)
"2,050 UK adults",15th - 17th July 2026,,,,2006,,age,35-49,"Q:CC3. Would you support or oppose policies to combat climate change if…?
 They had a negative impact on your personal finances",Best party on environment/climate,climate change,Support,Neither support nor oppose,Oppose,,,,,,,,19.3,28.0,52.7,,,,,,,,VI-2026-07-15-Opinium-Observer-Web-Tables-1227.xlsx,CC3 (2)
"2,050 UK adults",15th - 17th July 2026,,,,2006,,age,50-64,"Q:CC3. Would you support or oppose policies to combat climate change if…?
 They had a negative impact on your personal finances",Best party on environment/climate,climate change,Support,Neither support nor oppose,Oppose,,,,,,,,16.9,36.2,46.8,,,,,,,,VI-2026-07-15-Opinium-Observer-Web-Tables-1227.xlsx,CC3 (2)
"2,050 UK adults",15th - 17th July 2026,,,,2006,,age,65+,"Q:CC3. Would you support or oppose policies to combat climate change if…?
 They had a negative impact on your personal finances",Best party on environment/climate,climate change,Support,Neither support nor oppose,Oppose,,,,,,,,13.7,33.3,52.9,,,,,,,,VI-2026-07-15-Opinium-Observer-Web-Tables-1227.xlsx,CC3 (2)
"2,050 UK adults",15th - 17th July 2026,,,,2006,,region,North,"Q:CC3. Would you support or oppose policies to combat climate change if…?
 They had a negative impact on your personal finances",Best party on environment/climate,climate change,Support,Neither support nor oppose,Oppose,,,,,,,,19.8,31.7,48.5,,,,,,,,VI-2026-07-15-Opinium-Observer-Web-Tables-1227.xlsx,CC3 (2)
"2,050 UK adults",15th - 17th July 2026,,,,2006,,region,Mids,"Q:CC3. Would you support or oppose policies to combat climate change if…?
 They had a negative impact on your personal finances",Best party on environment/climate,climate change,Support,Neither support nor oppose,Oppose,,,,,,,,14.2,34.9,51.2,,,,,,,,VI-2026-07-15-Opinium-Observer-Web-Tables-1227.xlsx,CC3 (2)
"2,050 UK adults",15th - 17th July 2026,,,,2006,,region,London,"Q:CC3. Would you support or oppose policies to combat climate change if…?
 They had a negative impact on your personal finances",Best party on environment/climate,climate change,Support,Neither support nor oppose,Oppose,,,,,,,,17.2,40.0,42.9,,,,,,,,VI-2026-07-15-Opinium-Observer-Web-Tables-1227.xlsx,CC3 (2)
"2,050 UK adults",15th - 17th July 2026,,,,2006,,region,South,"Q:CC3. Would you support or oppose policies to combat climate change if…?
 They had a negative impact on your personal finances",Best party on environment/climate,climate change,Support,Neither support nor oppose,Oppose,,,,,,,,19.8,30.7,49.5,,,,,,,,VI-2026-07-15-Opinium-Observer-Web-Tables-1227.xlsx,CC3 (2)
"2,050 UK adults",15th - 17th July 2026,,,,2006,,region,Wales,"Q:CC3. Would you support or oppose policies to combat climate change if…?
 They had a negative impact on your personal finances",Best party on environment/climate,climate change,Support,Neither support nor oppose,Oppose,,,,,,,,21.6,33.7,45.4,,,,,,,,VI-2026-07-15-Opinium-Observer-Web-Tables-1227.xlsx,CC3 (2)
"2,050 UK adults",15th - 17th July 2026,,,,2006,,region,Scotland,"Q:CC3. Would you support or oppose policies to combat climate change if…?
 They had a negative impact on your personal finances",Best party on environment/climate,climate change,Support,Neither support nor oppose,Oppose,,,,,,,,21.6,33.3,45.0,,,,,,,,VI-2026-07-15-Opinium-Observer-Web-Tables-1227.xlsx,CC3 (2)
"2,050 UK adults",15th - 17th July 2026,,,,2006,,region,Northern Ireland,"Q:CC3. Would you support or oppose policies to combat climate change if…?
 They had a negative impact on your personal finances",Best party on environment/climate,climate change,Neither support nor oppose,,,,,,,,,,,,,,,,,,,,VI-2026-07-15-Opinium-Observer-Web-Tables-1227.xlsx,CC3 (2)
"2,050 UK adults",15th - 17th July 2026,,,,2006,,total,Total,"Q:CC3. Would you support or oppose policies to combat climate change if…?
 They limited the amount of times you were allowed to fly abroad each year",Best party on environment/climate,climate change,Support,Neither support nor oppose,Oppose,,,,,,,,40.5,30.9,28.5,,,,,,,,VI-2026-07-15-Opinium-Observer-Web-Tables-1227.xlsx,CC3 (3)
"2,050 UK adults",15th - 17th July 2026,,,,2006,,current_vote,Con,"Q:CC3. Would you support or oppose policies to combat climate change if…?
 They limited the amount of times you were allowed to fly abroad each year",Best party on environment/climate,climate change,Support,Neither support nor oppose,Oppose,,,,,,,,40.5,29.6,29.9,,,,,,,,VI-2026-07-15-Opinium-Observer-Web-Tables-1227.xlsx,CC3 (3)
"2,050 UK adults",15th - 17th July 2026,,,,2006,,current_vote,Lab,"Q:CC3. Would you support or oppose policies to combat climate change if…?
 They limited the amount of times you were allowed to fly abroad each year",Best party on environment/climate,climate change,Support,Neither support nor oppose,Oppose,,,,,,,,49.3,28.7,22.0,,,,,,,,VI-2026-07-15-Opinium-Observer-Web-Tables-1227.xlsx,CC3 (3)
"2,050 UK adults",15th - 17th July 2026,,,,2006,,current_vote,Lib Dem,"Q:CC3. Would you support or oppose policies to combat climate change if…?
 They limited the amount of times you were allowed to fly abroad each year",Best party on environment/climate,climate change,Support,Neither support nor oppose,Oppose,,,,,,,,57.0,25.3,18.0,,,,,,,,VI-2026-07-15-Opinium-Observer-Web-Tables-1227.xlsx,CC3 (3)
"2,050 UK adults",15th - 17th July 2026,,,,2006,,current_vote,Reform,"Q:CC3. Would you support or oppose policies to combat climate change if…?
 They limited the amount of times you were allowed to fly abroad each year",Best party on environment/climate,climate change,Support,Neither support nor oppose,Oppose,,,,,,,,23.8,29.9,46.3,,,,,,,,VI-2026-07-15-Opinium-Observer-Web-Tables-1227.xlsx,CC3 (3)
"2,050 UK adults",15th - 17th July 2026,,,,2006,,current_vote,Green,"Q:CC3. Would you support or oppose policies to combat climate change if…?
 They limited the amount of times you were allowed to fly abroad each year",Best party on environment/climate,climate change,Support,Neither support nor oppose,Oppose,,,,,,,,63.5,20.6,15.5,,,,,,,,VI-2026-07-15-Opinium-Observer-Web-Tables-1227.xlsx,CC3 (3)
"2,050 UK adults",15th - 17th July 2026,,,,2006,,historic_vote,Conservative,"Q:CC3. Would you support or oppose policies to combat climate change if…?
 They limited the amount of times you were allowed to fly abroad each year",Best party on environment/climate,climate change,Support,Neither support nor oppose,Oppose,,,,,,,,38.6,30.0,31.3,,,,,,,,VI-2026-07-15-Opinium-Observer-Web-Tables-1227.xlsx,CC3 (3)
"2,050 UK adults",15th - 17th July 2026,,,,2006,,historic_vote,Labour,"Q:CC3. Would you support or oppose policies to combat climate change if…?
 They limited the amount of times you were allowed to fly abroad each year",Best party on environment/climate,climate change,Support,Neither support nor oppose,Oppose,,,,,,,,49.6,29.0,21.6,,,,,,,,VI-2026-07-15-Opinium-Observer-Web-Tables-1227.xlsx,CC3 (3)
"2,050 UK adults",15th - 17th July 2026,,,,2006,,historic_vote,Lib Dems,"Q:CC3. Would you support or oppose policies to combat climate change if…?
 They limited the amount of times you were allowed to fly abroad each year",Best party on environment/climate,climate change,Support,Neither support nor oppose,Oppose,,,,,,,,54.9,27.5,17.7,,,,,,,,VI-2026-07-15-Opinium-Observer-Web-Tables-1227.xlsx,CC3 (3)
"2,050 UK adults",15th - 17th July 2026,,,,2006,,historic_vote,Green,"Q:CC3. Would you support or oppose policies to combat climate change if…?
 They limited the amount of times you were allowed to fly abroad each year",Best party on environment/climate,climate change,Support,Neither support nor oppose,Oppose,,,,,,,,66.7,19.9,14.6,,,,,,,,VI-2026-07-15-Opinium-Observer-Web-Tables-1227.xlsx,CC3 (3)
"2,050 UK adults",15th - 17th July 2026,,,,2006,,historic_vote,Reform UK,"Q:CC3. Would you support or oppose policies to combat climate change if…?
 They limited the amount of times you were allowed to fly abroad each year",Best party on environment/climate,climate change,Support,Neither support nor oppose,Oppose,,,,,,,,24.0,23.3,52.9,,,,,,,,VI-2026-07-15-Opinium-Observer-Web-Tables-1227.xlsx,CC3 (3)
"2,050 UK adults",15th - 17th July 2026,,,,2006,,historic_vote,Con,"Q:CC3. Would you support or oppose policies to combat climate change if…?
 They limited the amount of times you were allowed to fly abroad each year",Best party on environment/climate,climate change,Support,Neither support nor oppose,Oppose,,,,,,,,35.2,31.1,33.8,,,,,,,,VI-2026-07-15-Opinium-Observer-Web-Tables-1227.xlsx,CC3 (3)
"2,050 UK adults",15th - 17th July 2026,,,,2006,,historic_vote,Lab,"Q:CC3. Would you support or oppose policies to combat climate change if…?
 They limited the amount of times you were allowed to fly abroad each year",Best party on environment/climate,climate change,Support,Neither support nor oppose,Oppose,,,,,,,,49.4,28.2,22.6,,,,,,,,VI-2026-07-15-Opinium-Observer-Web-Tables-1227.xlsx,CC3 (3)
"2,050 UK adults",15th - 17th July 2026,,,,2006,,historic_vote,Lib Dem,"Q:CC3. Would you support or oppose policies to combat climate change if…?
 They limited the amount of times you were allowed to fly abroad each year",Best party on environment/climate,climate change,Support,Neither support nor oppose,Oppose,,,,,,,,57.9,23.3,19.3,,,,,,,,VI-2026-07-15-Opinium-Observer-Web-Tables-1227.xlsx,CC3 (3)
"2,050 UK adults",15th - 17th July 2026,,,,2006,,historic_vote,Remain,"Q:CC3. Would you support or oppose policies to combat climate change if…?
 They limited the amount of times you were allowed to fly abroad each year",Best party on environment/climate,climate change,Support,Neither support nor oppose,Oppose,,,,,,,,51.4,25.9,22.6,,,,,,,,VI-2026-07-15-Opinium-Observer-Web-Tables-1227.xlsx,CC3 (3)
"2,050 UK adults",15th - 17th July 2026,,,,2006,,historic_vote,Leave,"Q:CC3. Would you support or oppose policies to combat climate change if…?
 They limited the amount of times you were allowed to fly abroad each year",Best party on environment/climate,climate change,Support,Neither support nor oppose,Oppose,,,,,,,,32.1,33.2,34.6,,,,,,,,VI-2026-07-15-Opinium-Observer-Web-Tables-1227.xlsx,CC3 (3)
"2,050 UK adults",15th - 17th July 2026,,,,2006,,gender,Male,"Q:CC3. Would you support or oppose policies to combat climate change if…?
 They limited the amount of times you were allowed to fly abroad each year",Best party on environment/climate,climate change,Support,Neither support nor oppose,Oppose,,,,,,,,38.7,29.9,31.4,,,,,,,,VI-2026-07-15-Opinium-Observer-Web-Tables-1227.xlsx,CC3 (3)
"2,050 UK adults",15th - 17th July 2026,,,,2006,,gender,Female,"Q:CC3. Would you support or oppose policies to combat climate change if…?
 They limited the amount of times you were allowed to fly abroad each year",Best party on environment/climate,climate change,Support,Neither support nor oppose,Oppose,,,,,,,,42.1,31.7,26.2,,,,,,,,VI-2026-07-15-Opinium-Observer-Web-Tables-1227.xlsx,CC3 (3)
"2,050 UK adults",15th - 17th July 2026,,,,2006,,age,18-34,"Q:CC3. Would you support or oppose policies to combat climate change if…?
 They limited the amount of times you were allowed to fly abroad each year",Best party on environment/climate,climate change,Support,Neither support nor oppose,Oppose,,,,,,,,42.9,27.2,29.8,,,,,,,,VI-2026-07-15-Opinium-Observer-Web-Tables-1227.xlsx,CC3 (3)
"2,050 UK adults",15th - 17th July 2026,,,,2006,,age,35-49,"Q:CC3. Would you support or oppose policies to combat climate change if…?
 They limited the amount of times you were allowed to fly abroad each year",Best party on environment/climate,climate change,Support,Neither support nor oppose,Oppose,,,,,,,,38.6,30.7,30.9,,,,,,,,VI-2026-07-15-Opinium-Observer-Web-Tables-1227.xlsx,CC3 (3)
"2,050 UK adults",15th - 17th July 2026,,,,2006,,age,50-64,"Q:CC3. Would you support or oppose policies to combat climate change if…?
 They limited the amount of times you were allowed to fly abroad each year",Best party on environment/climate,climate change,Support,Neither support nor oppose,Oppose,,,,,,,,40.0,32.5,27.5,,,,,,,,VI-2026-07-15-Opinium-Observer-Web-Tables-1227.xlsx,CC3 (3)
"2,050 UK adults",15th - 17th July 2026,,,,2006,,age,65+,"Q:CC3. Would you support or oppose policies to combat climate change if…?
 They limited the amount of times you were allowed to fly abroad each year",Best party on environment/climate,climate change,Support,Neither support nor oppose,Oppose,,,,,,,,40.6,33.8,25.4,,,,,,,,VI-2026-07-15-Opinium-Observer-Web-Tables-1227.xlsx,CC3 (3)
"2,050 UK adults",15th - 17th July 2026,,,,2006,,region,North,"Q:CC3. Would you support or oppose policies to combat climate change if…?
 They limited the amount of times you were allowed to fly abroad each year",Best party on environment/climate,climate change,Support,Neither support nor oppose,Oppose,,,,,,,,39.0,33.3,27.9,,,,,,,,VI-2026-07-15-Opinium-Observer-Web-Tables-1227.xlsx,CC3 (3)
"2,050 UK adults",15th - 17th July 2026,,,,2006,,region,Mids,"Q:CC3. Would you support or oppose policies to combat climate change if…?
 They limited the amount of times you were allowed to fly abroad each year",Best party on environment/climate,climate change,Support,Neither support nor oppose,Oppose,,,,,,,,40.4,33.9,25.9,,,,,,,,VI-2026-07-15-Opinium-Observer-Web-Tables-1227.xlsx,CC3 (3)
"2,050 UK adults",15th - 17th July 2026,,,,2006,,region,London,"Q:CC3. Would you support or oppose policies to combat climate change if…?
 They limited the amount of times you were allowed to fly abroad each year",Best party on environment/climate,climate change,Support,Neither support nor oppose,Oppose,,,,,,,,34.7,33.1,32.1,,,,,,,,VI-2026-07-15-Opinium-Observer-Web-Tables-1227.xlsx,CC3 (3)
"2,050 UK adults",15th - 17th July 2026,,,,2006,,region,South,"Q:CC3. Would you support or oppose policies to combat climate change if…?
 They limited the amount of times you were allowed to fly abroad each year",Best party on environment/climate,climate change,Support,Neither support nor oppose,Oppose,,,,,,,,43.6,28.5,28.0,,,,,,,,VI-2026-07-15-Opinium-Observer-Web-Tables-1227.xlsx,CC3 (3)
"2,050 UK adults",15th - 17th July 2026,,,,2006,,region,Wales,"Q:CC3. Would you support or oppose policies to combat climate change if…?
 They limited the amount of times you were allowed to fly abroad each year",Best party on environment/climate,climate change,Support,Neither support nor oppose,Oppose,,,,,,,,48.4,28.7,22.7,,,,,,,,VI-2026-07-15-Opinium-Observer-Web-Tables-1227.xlsx,CC3 (3)
"2,050 UK adults",15th - 17th July 2026,,,,2006,,region,Scotland,"Q:CC3. Would you support or oppose policies to combat climate change if…?
 They limited the amount of times you were allowed to fly abroad each year",Best party on environment/climate,climate change,Support,Neither support nor oppose,Oppose,,,,,,,,38.6,25.7,35.7,,,,,,,,VI-2026-07-15-Opinium-Observer-Web-Tables-1227.xlsx,CC3 (3)
"2,050 UK adults",15th - 17th July 2026,,,,2006,,region,Northern Ireland,"Q:CC3. Would you support or oppose policies to combat climate change if…?
 They limited the amount of times you were allowed to fly abroad each year",Best party on environment/climate,climate change,Neither support nor oppose,,,,,,,,,,,,,,,,,,,,VI-2026-07-15-Opinium-Observer-Web-Tables-1227.xlsx,CC3 (3)
"2,050 UK adults",15th - 17th July 2026,,,,2006,,total,Total,"Q:CC3. Would you support or oppose policies to combat climate change if…?
 It meant limiting the amount of meat you could consume",Best party on environment/climate,climate change,Support,Neither support nor oppose,Oppose,,,,,,,,35.2,27.8,36.9,,,,,,,,VI-2026-07-15-Opinium-Observer-Web-Tables-1227.xlsx,CC3 (4)
"2,050 UK adults",15th - 17th July 2026,,,,2006,,current_vote,Con,"Q:CC3. Would you support or oppose policies to combat climate change if…?
 It meant limiting the amount of meat you could consume",Best party on environment/climate,climate change,Support,Neither support nor oppose,Oppose,,,,,,,,32.6,31.0,36.5,,,,,,,,VI-2026-07-15-Opinium-Observer-Web-Tables-1227.xlsx,CC3 (4)
"2,050 UK adults",15th - 17th July 2026,,,,2006,,current_vote,Lab,"Q:CC3. Would you support or oppose policies to combat climate change if…?
 It meant limiting the amount of meat you could consume",Best party on environment/climate,climate change,Support,Neither support nor oppose,Oppose,,,,,,,,46.6,24.0,29.1,,,,,,,,VI-2026-07-15-Opinium-Observer-Web-Tables-1227.xlsx,CC3 (4)
"2,050 UK adults",15th - 17th July 2026,,,,2006,,current_vote,Lib Dem,"Q:CC3. Would you support or oppose policies to combat climate change if…?
 It meant limiting the amount of meat you could consume",Best party on environment/climate,climate change,Support,Neither support nor oppose,Oppose,,,,,,,,54.6,24.3,21.5,,,,,,,,VI-2026-07-15-Opinium-Observer-Web-Tables-1227.xlsx,CC3 (4)
"2,050 UK adults",15th - 17th July 2026,,,,2006,,current_vote,Reform,"Q:CC3. Would you support or oppose policies to combat climate change if…?
 It meant limiting the amount of meat you could consume",Best party on environment/climate,climate change,Support,Neither support nor oppose,Oppose,,,,,,,,17.3,23.3,59.5,,,,,,,,VI-2026-07-15-Opinium-Observer-Web-Tables-1227.xlsx,CC3 (4)
"2,050 UK adults",15th - 17th July 2026,,,,2006,,current_vote,Green,"Q:CC3. Would you support or oppose policies to combat climate change if…?
 It meant limiting the amount of meat you could consume",Best party on environment/climate,climate change,Support,Neither support nor oppose,Oppose,,,,,,,,59.8,23.0,17.3,,,,,,,,VI-2026-07-15-Opinium-Observer-Web-Tables-1227.xlsx,CC3 (4)
"2,050 UK adults",15th - 17th July 2026,,,,2006,,historic_vote,Conservative,"Q:CC3. Would you support or oppose policies to combat climate change if…?
 It meant limiting the amount of meat you could consume",Best party on environment/climate,climate change,Support,Neither support nor oppose,Oppose,,,,,,,,30.1,29.0,41.0,,,,,,,,VI-2026-07-15-Opinium-Observer-Web-Tables-1227.xlsx,CC3 (4)
"2,050 UK adults",15th - 17th July 2026,,,,2006,,historic_vote,Labour,"Q:CC3. Would you support or oppose policies to combat climate change if…?
 It meant limiting the amount of meat you could consume",Best party on environment/climate,climate change,Support,Neither support nor oppose,Oppose,,,,,,,,46.7,24.8,28.6,,,,,,,,VI-2026-07-15-Opinium-Observer-Web-Tables-1227.xlsx,CC3 (4)
"2,050 UK adults",15th - 17th July 2026,,,,2006,,historic_vote,Lib Dems,"Q:CC3. Would you support or oppose policies to combat climate change if…?
 It meant limiting the amount of meat you could consume",Best party on environment/climate,climate change,Support,Neither support nor oppose,Oppose,,,,,,,,53.7,24.5,21.7,,,,,,,,VI-2026-07-15-Opinium-Observer-Web-Tables-1227.xlsx,CC3 (4)
"2,050 UK adults",15th - 17th July 2026,,,,2006,,historic_vote,Green,"Q:CC3. Would you support or oppose policies to combat climate change if…?
 It meant limiting the amount of meat you could consume",Best party on environment/climate,climate change,Support,Neither support nor oppose,Oppose,,,,,,,,57.3,25.2,17.7,,,,,,,,VI-2026-07-15-Opinium-Observer-Web-Tables-1227.xlsx,CC3 (4)
"2,050 UK adults",15th - 17th July 2026,,,,2006,,historic_vote,Reform UK,"Q:CC3. Would you support or oppose policies to combat climate change if…?
 It meant limiting the amount of meat you could consume",Best party on environment/climate,climate change,Support,Neither support nor oppose,Oppose,,,,,,,,21.1,16.6,62.3,,,,,,,,VI-2026-07-15-Opinium-Observer-Web-Tables-1227.xlsx,CC3 (4)
"2,050 UK adults",15th - 17th July 2026,,,,2006,,historic_vote,Con,"Q:CC3. Would you support or oppose policies to combat climate change if…?
 It meant limiting the amount of meat you could consume",Best party on environment/climate,climate change,Support,Neither support nor oppose,Oppose,,,,,,,,28.8,26.7,44.4,,,,,,,,VI-2026-07-15-Opinium-Observer-Web-Tables-1227.xlsx,CC3 (4)
"2,050 UK adults",15th - 17th July 2026,,,,2006,,historic_vote,Lab,"Q:CC3. Would you support or oppose policies to combat climate change if…?
 It meant limiting the amount of meat you could consume",Best party on environment/climate,climate change,Support,Neither support nor oppose,Oppose,,,,,,,,51.0,20.9,28.0,,,,,,,,VI-2026-07-15-Opinium-Observer-Web-Tables-1227.xlsx,CC3 (4)
"2,050 UK adults",15th - 17th July 2026,,,,2006,,historic_vote,Lib Dem,"Q:CC3. Would you support or oppose policies to combat climate change if…?
 It meant limiting the amount of meat you could consume",Best party on environment/climate,climate change,Support,Neither support nor oppose,Oppose,,,,,,,,48.6,25.0,27.1,,,,,,,,VI-2026-07-15-Opinium-Observer-Web-Tables-1227.xlsx,CC3 (4)
"2,050 UK adults",15th - 17th July 2026,,,,2006,,historic_vote,Remain,"Q:CC3. Would you support or oppose policies to combat climate change if…?
 It meant limiting the amount of meat you could consume",Best party on environment/climate,climate change,Support,Neither support nor oppose,Oppose,,,,,,,,50.2,23.5,26.3,,,,,,,,VI-2026-07-15-Opinium-Observer-Web-Tables-1227.xlsx,CC3 (4)
"2,050 UK adults",15th - 17th July 2026,,,,2006,,historic_vote,Leave,"Q:CC3. Would you support or oppose policies to combat climate change if…?
 It meant limiting the amount of meat you could consume",Best party on environment/climate,climate change,Support,Neither support nor oppose,Oppose,,,,,,,,25.0,27.7,47.2,,,,,,,,VI-2026-07-15-Opinium-Observer-Web-Tables-1227.xlsx,CC3 (4)
"2,050 UK adults",15th - 17th July 2026,,,,2006,,gender,Male,"Q:CC3. Would you support or oppose policies to combat climate change if…?
 It meant limiting the amount of meat you could consume",Best party on environment/climate,climate change,Support,Neither support nor oppose,Oppose,,,,,,,,29.8,26.7,43.6,,,,,,,,VI-2026-07-15-Opinium-Observer-Web-Tables-1227.xlsx,CC3 (4)
"2,050 UK adults",15th - 17th July 2026,,,,2006,,gender,Female,"Q:CC3. Would you support or oppose policies to combat climate change if…?
 It meant limiting the amount of meat you could consume",Best party on environment/climate,climate change,Support,Neither support nor oppose,Oppose,,,,,,,,40.3,28.6,31.1,,,,,,,,VI-2026-07-15-Opinium-Observer-Web-Tables-1227.xlsx,CC3 (4)
"2,050 UK adults",15th - 17th July 2026,,,,2006,,age,18-34,"Q:CC3. Would you support or oppose policies to combat climate change if…?
 It meant limiting the amount of meat you could consume",Best party on environment/climate,climate change,Support,Neither support nor oppose,Oppose,,,,,,,,37.8,29.0,33.3,,,,,,,,VI-2026-07-15-Opinium-Observer-Web-Tables-1227.xlsx,CC3 (4)
"2,050 UK adults",15th - 17th July 2026,,,,2006,,age,35-49,"Q:CC3. Would you support or oppose policies to combat climate change if…?
 It meant limiting the amount of meat you could consume",Best party on environment/climate,climate change,Support,Neither support nor oppose,Oppose,,,,,,,,37.3,24.7,38.0,,,,,,,,VI-2026-07-15-Opinium-Observer-Web-Tables-1227.xlsx,CC3 (4)
"2,050 UK adults",15th - 17th July 2026,,,,2006,,age,50-64,"Q:CC3. Would you support or oppose policies to combat climate change if…?
 It meant limiting the amount of meat you could consume",Best party on environment/climate,climate change,Support,Neither support nor oppose,Oppose,,,,,,,,36.4,28.4,35.1,,,,,,,,VI-2026-07-15-Opinium-Observer-Web-Tables-1227.xlsx,CC3 (4)
"2,050 UK adults",15th - 17th July 2026,,,,2006,,age,65+,"Q:CC3. Would you support or oppose policies to combat climate change if…?
 It meant limiting the amount of meat you could consume",Best party on environment/climate,climate change,Support,Neither support nor oppose,Oppose,,,,,,,,29.0,29.2,41.8,,,,,,,,VI-2026-07-15-Opinium-Observer-Web-Tables-1227.xlsx,CC3 (4)
"2,050 UK adults",15th - 17th July 2026,,,,2006,,region,North,"Q:CC3. Would you support or oppose policies to combat climate change if…?
 It meant limiting the amount of meat you could consume",Best party on environment/climate,climate change,Support,Neither support nor oppose,Oppose,,,,,,,,32.9,27.4,39.6,,,,,,,,VI-2026-07-15-Opinium-Observer-Web-Tables-1227.xlsx,CC3 (4)
"2,050 UK adults",15th - 17th July 2026,,,,2006,,region,Mids,"Q:CC3. Would you support or oppose policies to combat climate change if…?
 It meant limiting the amount of meat you could consume",Best party on environment/climate,climate change,Support,Neither support nor oppose,Oppose,,,,,,,,29.8,32.7,37.6,,,,,,,,VI-2026-07-15-Opinium-Observer-Web-Tables-1227.xlsx,CC3 (4)
"2,050 UK adults",15th - 17th July 2026,,,,2006,,region,London,"Q:CC3. Would you support or oppose policies to combat climate change if…?
 It meant limiting the amount of meat you could consume",Best party on environment/climate,climate change,Support,Neither support nor oppose,Oppose,,,,,,,,34.7,28.2,36.9,,,,,,,,VI-2026-07-15-Opinium-Observer-Web-Tables-1227.xlsx,CC3 (4)
"2,050 UK adults",15th - 17th July 2026,,,,2006,,region,South,"Q:CC3. Would you support or oppose policies to combat climate change if…?
 It meant limiting the amount of meat you could consume",Best party on environment/climate,climate change,Support,Neither support nor oppose,Oppose,,,,,,,,40.3,24.6,35.1,,,,,,,,VI-2026-07-15-Opinium-Observer-Web-Tables-1227.xlsx,CC3 (4)
"2,050 UK adults",15th - 17th July 2026,,,,2006,,region,Wales,"Q:CC3. Would you support or oppose policies to combat climate change if…?
 It meant limiting the amount of meat you could consume",Best party on environment/climate,climate change,Support,Neither support nor oppose,Oppose,,,,,,,,34.0,29.2,37.1,,,,,,,,VI-2026-07-15-Opinium-Observer-Web-Tables-1227.xlsx,CC3 (4)
"2,050 UK adults",15th - 17th July 2026,,,,2006,,region,Scotland,"Q:CC3. Would you support or oppose policies to combat climate change if…?
 It meant limiting the amount of meat you could consume",Best party on environment/climate,climate change,Support,Neither support nor oppose,Oppose,,,,,,,,33.9,30.7,35.1,,,,,,,,VI-2026-07-15-Opinium-Observer-Web-Tables-1227.xlsx,CC3 (4)
"2,050 UK adults",15th - 17th July 2026,,,,2006,,region,Northern Ireland,"Q:CC3. Would you support or oppose policies to combat climate change if…?
 It meant limiting the amount of meat you could consume",Best party on environment/climate,climate change,Neither support nor oppose,,,,,,,,,,,,,,,,,,,,VI-2026-07-15-Opinium-Observer-Web-Tables-1227.xlsx,CC3 (4)
"2,050 UK adults",15th - 17th July 2026,,,,2006,,total,Total,Q:CC4. Do you think the UK is currently doing more or less than other countries to combat climate change?,Best party on environment/climate,climate change,More,Less,About the same,,,,,,,,31.3,19.9,25.1,,,,,,,,VI-2026-07-15-Opinium-Observer-Web-Tables-1227.xlsx,CC4
"2,050 UK adults",15th - 17th July 2026,,,,2006,,current_vote,Con,Q:CC4. Do you think the UK is currently doing more or less than other countries to combat climate change?,Best party on environment/climate,climate change,More,Less,About the same,,,,,,,,39.6,14.6,21.7,,,,,,,,VI-2026-07-15-Opinium-Observer-Web-Tables-1227.xlsx,CC4
"2,050 UK adults",15th - 17th July 2026,,,,2006,,current_vote,Lab,Q:CC4. Do you think the UK is currently doing more or less than other countries to combat climate change?,Best party on environment/climate,climate change,More,Less,About the same,,,,,,,,27.0,20.6,34.3,,,,,,,,VI-2026-07-15-Opinium-Observer-Web-Tables-1227.xlsx,CC4
"2,050 UK adults",15th - 17th July 2026,,,,2006,,current_vote,Lib Dem,Q:CC4. Do you think the UK is currently doing more or less than other countries to combat climate change?,Best party on environment/climate,climate change,More,Less,About the same,,,,,,,,24.2,23.9,28.5,,,,,,,,VI-2026-07-15-Opinium-Observer-Web-Tables-1227.xlsx,CC4
"2,050 UK adults",15th - 17th July 2026,,,,2006,,current_vote,Reform,Q:CC4. Do you think the UK is currently doing more or less than other countries to combat climate change?,Best party on environment/climate,climate change,More,Less,About the same,,,,,,,,52.7,11.5,20.1,,,,,,,,VI-2026-07-15-Opinium-Observer-Web-Tables-1227.xlsx,CC4
"2,050 UK adults",15th - 17th July 2026,,,,2006,,current_vote,Green,Q:CC4. Do you think the UK is currently doing more or less than other countries to combat climate change?,Best party on environment/climate,climate change,More,Less,About the same,,,,,,,,15.9,40.3,27.8,,,,,,,,VI-2026-07-15-Opinium-Observer-Web-Tables-1227.xlsx,CC4
"2,050 UK adults",15th - 17th July 2026,,,,2006,,historic_vote,Conservative,Q:CC4. Do you think the UK is currently doing more or less than other countries to combat climate change?,Best party on environment/climate,climate change,More,Less,About the same,,,,,,,,44.8,12.8,21.3,,,,,,,,VI-2026-07-15-Opinium-Observer-Web-Tables-1227.xlsx,CC4
"2,050 UK adults",15th - 17th July 2026,,,,2006,,historic_vote,Labour,Q:CC4. Do you think the UK is currently doing more or less than other countries to combat climate change?,Best party on environment/climate,climate change,More,Less,About the same,,,,,,,,28.3,22.5,29.5,,,,,,,,VI-2026-07-15-Opinium-Observer-Web-Tables-1227.xlsx,CC4
"2,050 UK adults",15th - 17th July 2026,,,,2006,,historic_vote,Lib Dems,Q:CC4. Do you think the UK is currently doing more or less than other countries to combat climate change?,Best party on environment/climate,climate change,More,Less,About the same,,,,,,,,26.7,21.5,25.7,,,,,,,,VI-2026-07-15-Opinium-Observer-Web-Tables-1227.xlsx,CC4
"2,050 UK adults",15th - 17th July 2026,,,,2006,,historic_vote,Green,Q:CC4. Do you think the UK is currently doing more or less than other countries to combat climate change?,Best party on environment/climate,climate change,More,Less,About the same,,,,,,,,17.4,41.0,25.8,,,,,,,,VI-2026-07-15-Opinium-Observer-Web-Tables-1227.xlsx,CC4
"2,050 UK adults",15th - 17th July 2026,,,,2006,,historic_vote,Reform UK,Q:CC4. Do you think the UK is currently doing more or less than other countries to combat climate change?,Best party on environment/climate,climate change,More,Less,About the same,,,,,,,,54.8,8.0,22.2,,,,,,,,VI-2026-07-15-Opinium-Observer-Web-Tables-1227.xlsx,CC4
"2,050 UK adults",15th - 17th July 2026,,,,2006,,historic_vote,Con,Q:CC4. Do you think the UK is currently doing more or less than other countries to combat climate change?,Best party on environment/climate,climate change,More,Less,About the same,,,,,,,,49.0,10.9,19.0,,,,,,,,VI-2026-07-15-Opinium-Observer-Web-Tables-1227.xlsx,CC4
"2,050 UK adults",15th - 17th July 2026,,,,2006,,historic_vote,Lab,Q:CC4. Do you think the UK is currently doing more or less than other countries to combat climate change?,Best party on environment/climate,climate change,More,Less,About the same,,,,,,,,24.8,24.6,30.9,,,,,,,,VI-2026-07-15-Opinium-Observer-Web-Tables-1227.xlsx,CC4
"2,050 UK adults",15th - 17th July 2026,,,,2006,,historic_vote,Lib Dem,Q:CC4. Do you think the UK is currently doing more or less than other countries to combat climate change?,Best party on environment/climate,climate change,More,Less,About the same,,,,,,,,27.9,23.3,26.4,,,,,,,,VI-2026-07-15-Opinium-Observer-Web-Tables-1227.xlsx,CC4
"2,050 UK adults",15th - 17th July 2026,,,,2006,,historic_vote,Remain,Q:CC4. Do you think the UK is currently doing more or less than other countries to combat climate change?,Best party on environment/climate,climate change,More,Less,About the same,,,,,,,,25.9,22.4,28.4,,,,,,,,VI-2026-07-15-Opinium-Observer-Web-Tables-1227.xlsx,CC4
"2,050 UK adults",15th - 17th July 2026,,,,2006,,historic_vote,Leave,Q:CC4. Do you think the UK is currently doing more or less than other countries to combat climate change?,Best party on environment/climate,climate change,More,Less,About the same,,,,,,,,45.4,12.0,20.2,,,,,,,,VI-2026-07-15-Opinium-Observer-Web-Tables-1227.xlsx,CC4
"2,050 UK adults",15th - 17th July 2026,,,,2006,,gender,Male,Q:CC4. Do you think the UK is currently doing more or less than other countries to combat climate change?,Best party on environment/climate,climate change,More,Less,About the same,,,,,,,,39.7,16.0,25.8,,,,,,,,VI-2026-07-15-Opinium-Observer-Web-Tables-1227.xlsx,CC4
"2,050 UK adults",15th - 17th July 2026,,,,2006,,gender,Female,Q:CC4. Do you think the UK is currently doing more or less than other countries to combat climate change?,Best party on environment/climate,climate change,More,Less,About the same,,,,,,,,23.4,23.7,24.4,,,,,,,,VI-2026-07-15-Opinium-Observer-Web-Tables-1227.xlsx,CC4
"2,050 UK adults",15th - 17th July 2026,,,,2006,,age,18-34,Q:CC4. Do you think the UK is currently doing more or less than other countries to combat climate change?,Best party on environment/climate,climate change,More,Less,About the same,,,,,,,,23.4,31.6,30.5,,,,,,,,VI-2026-07-15-Opinium-Observer-Web-Tables-1227.xlsx,CC4
"2,050 UK adults",15th - 17th July 2026,,,,2006,,age,35-49,Q:CC4. Do you think the UK is currently doing more or less than other countries to combat climate change?,Best party on environment/climate,climate change,More,Less,About the same,,,,,,,,28.5,20.9,25.8,,,,,,,,VI-2026-07-15-Opinium-Observer-Web-Tables-1227.xlsx,CC4
"2,050 UK adults",15th - 17th July 2026,,,,2006,,age,50-64,Q:CC4. Do you think the UK is currently doing more or less than other countries to combat climate change?,Best party on environment/climate,climate change,More,Less,About the same,,,,,,,,33.8,15.7,23.8,,,,,,,,VI-2026-07-15-Opinium-Observer-Web-Tables-1227.xlsx,CC4
"2,050 UK adults",15th - 17th July 2026,,,,2006,,age,65+,Q:CC4. Do you think the UK is currently doing more or less than other countries to combat climate change?,Best party on environment/climate,climate change,More,Less,About the same,,,,,,,,40.5,9.8,19.4,,,,,,,,VI-2026-07-15-Opinium-Observer-Web-Tables-1227.xlsx,CC4
"2,050 UK adults",15th - 17th July 2026,,,,2006,,region,North,Q:CC4. Do you think the UK is currently doing more or less than other countries to combat climate change?,Best party on environment/climate,climate change,More,Less,About the same,,,,,,,,31.4,21.7,21.3,,,,,,,,VI-2026-07-15-Opinium-Observer-Web-Tables-1227.xlsx,CC4
"2,050 UK adults",15th - 17th July 2026,,,,2006,,region,Mids,Q:CC4. Do you think the UK is currently doing more or less than other countries to combat climate change?,Best party on environment/climate,climate change,More,Less,About the same,,,,,,,,30.4,16.8,27.9,,,,,,,,VI-2026-07-15-Opinium-Observer-Web-Tables-1227.xlsx,CC4
"2,050 UK adults",15th - 17th July 2026,,,,2006,,region,London,Q:CC4. Do you think the UK is currently doing more or less than other countries to combat climate change?,Best party on environment/climate,climate change,More,Less,About the same,,,,,,,,24.9,22.7,30.7,,,,,,,,VI-2026-07-15-Opinium-Observer-Web-Tables-1227.xlsx,CC4
"2,050 UK adults",15th - 17th July 2026,,,,2006,,region,South,Q:CC4. Do you think the UK is currently doing more or less than other countries to combat climate change?,Best party on environment/climate,climate change,More,Less,About the same,,,,,,,,34.4,17.9,24.4,,,,,,,,VI-2026-07-15-Opinium-Observer-Web-Tables-1227.xlsx,CC4
"2,050 UK adults",15th - 17th July 2026,,,,2006,,region,Wales,Q:CC4. Do you think the UK is currently doing more or less than other countries to combat climate change?,Best party on environment/climate,climate change,More,Less,About the same,,,,,,,,27.4,29.8,22.4,,,,,,,,VI-2026-07-15-Opinium-Observer-Web-Tables-1227.xlsx,CC4
"2,050 UK adults",15th - 17th July 2026,,,,2006,,region,Scotland,Q:CC4. Do you think the UK is currently doing more or less than other countries to combat climate change?,Best party on environment/climate,climate change,More,Less,About the same,,,,,,,,32.7,18.7,25.6,,,,,,,,VI-2026-07-15-Opinium-Observer-Web-Tables-1227.xlsx,CC4
"2,050 UK adults",15th - 17th July 2026,,,,2006,,region,Northern Ireland,Q:CC4. Do you think the UK is currently doing more or less than other countries to combat climate change?,Best party on environment/climate,climate change,More,Less,About the same,,,,,,,,,,,,,,,,,,VI-2026-07-15-Opinium-Observer-Web-Tables-1227.xlsx,CC4
"2,050 UK adults",15th - 17th July 2026,,,,2006,,total,Total,"Q:EN1. And which government do you think would be best at handling…?
 The UK’s response to climate change",Best party on environment/climate,climate change,A Labour government,A Conservative government,Neither,,,,,,,,23.9,17.1,37.4,,,,,,,,VI-2026-07-15-Opinium-Observer-Web-Tables-1227.xlsx,EN1
"2,050 UK adults",15th - 17th July 2026,,,,2006,,current_vote,Con,"Q:EN1. And which government do you think would be best at handling…?
 The UK’s response to climate change",Best party on environment/climate,climate change,A Labour government,A Conservative government,Neither,,,,,,,,5.2,58.2,19.5,,,,,,,,VI-2026-07-15-Opinium-Observer-Web-Tables-1227.xlsx,EN1
"2,050 UK adults",15th - 17th July 2026,,,,2006,,current_vote,Lab,"Q:EN1. And which government do you think would be best at handling…?
 The UK’s response to climate change",Best party on environment/climate,climate change,A Labour government,A Conservative government,Neither,,,,,,,,68.9,2.7,18.5,,,,,,,,VI-2026-07-15-Opinium-Observer-Web-Tables-1227.xlsx,EN1
"2,050 UK adults",15th - 17th July 2026,,,,2006,,current_vote,Lib Dem,"Q:EN1. And which government do you think would be best at handling…?
 The UK’s response to climate change",Best party on environment/climate,climate change,A Labour government,A Conservative government,Neither,,,,,,,,31.5,6.0,38.6,,,,,,,,VI-2026-07-15-Opinium-Observer-Web-Tables-1227.xlsx,EN1
"2,050 UK adults",15th - 17th July 2026,,,,2006,,current_vote,Reform,"Q:EN1. And which government do you think would be best at handling…?
 The UK’s response to climate change",Best party on environment/climate,climate change,A Labour government,A Conservative government,Neither,,,,,,,,6.0,24.5,52.7,,,,,,,,VI-2026-07-15-Opinium-Observer-Web-Tables-1227.xlsx,EN1
"2,050 UK adults",15th - 17th July 2026,,,,2006,,current_vote,Green,"Q:EN1. And which government do you think would be best at handling…?
 The UK’s response to climate change",Best party on environment/climate,climate change,A Labour government,A Conservative government,Neither,,,,,,,,38.8,8.1,42.3,,,,,,,,VI-2026-07-15-Opinium-Observer-Web-Tables-1227.xlsx,EN1
"2,050 UK adults",15th - 17th July 2026,,,,2006,,historic_vote,Conservative,"Q:EN1. And which government do you think would be best at handling…?
 The UK’s response to climate change",Best party on environment/climate,climate change,A Labour government,A Conservative government,Neither,,,,,,,,3.9,52.1,26.1,,,,,,,,VI-2026-07-15-Opinium-Observer-Web-Tables-1227.xlsx,EN1
"2,050 UK adults",15th - 17th July 2026,,,,2006,,historic_vote,Labour,"Q:EN1. And which government do you think would be best at handling…?
 The UK’s response to climate change",Best party on environment/climate,climate change,A Labour government,A Conservative government,Neither,,,,,,,,55.0,4.0,25.7,,,,,,,,VI-2026-07-15-Opinium-Observer-Web-Tables-1227.xlsx,EN1
"2,050 UK adults",15th - 17th July 2026,,,,2006,,historic_vote,Lib Dems,"Q:EN1. And which government do you think would be best at handling…?
 The UK’s response to climate change",Best party on environment/climate,climate change,A Labour government,A Conservative government,Neither,,,,,,,,29.0,8.4,36.5,,,,,,,,VI-2026-07-15-Opinium-Observer-Web-Tables-1227.xlsx,EN1
"2,050 UK adults",15th - 17th July 2026,,,,2006,,historic_vote,Green,"Q:EN1. And which government do you think would be best at handling…?
 The UK’s response to climate change",Best party on environment/climate,climate change,A Labour government,A Conservative government,Neither,,,,,,,,35.0,11.6,38.3,,,,,,,,VI-2026-07-15-Opinium-Observer-Web-Tables-1227.xlsx,EN1
"2,050 UK adults",15th - 17th July 2026,,,,2006,,historic_vote,Reform UK,"Q:EN1. And which government do you think would be best at handling…?
 The UK’s response to climate change",Best party on environment/climate,climate change,A Labour government,A Conservative government,Neither,,,,,,,,8.2,26.2,52.4,,,,,,,,VI-2026-07-15-Opinium-Observer-Web-Tables-1227.xlsx,EN1
"2,050 UK adults",15th - 17th July 2026,,,,2006,,historic_vote,Con,"Q:EN1. And which government do you think would be best at handling…?
 The UK’s response to climate change",Best party on environment/climate,climate change,A Labour government,A Conservative government,Neither,,,,,,,,6.4,37.6,36.4,,,,,,,,VI-2026-07-15-Opinium-Observer-Web-Tables-1227.xlsx,EN1
"2,050 UK adults",15th - 17th July 2026,,,,2006,,historic_vote,Lab,"Q:EN1. And which government do you think would be best at handling…?
 The UK’s response to climate change",Best party on environment/climate,climate change,A Labour government,A Conservative government,Neither,,,,,,,,52.5,4.2,30.7,,,,,,,,VI-2026-07-15-Opinium-Observer-Web-Tables-1227.xlsx,EN1
"2,050 UK adults",15th - 17th July 2026,,,,2006,,historic_vote,Lib Dem,"Q:EN1. And which government do you think would be best at handling…?
 The UK’s response to climate change",Best party on environment/climate,climate change,A Labour government,A Conservative government,Neither,,,,,,,,32.2,7.5,33.2,,,,,,,,VI-2026-07-15-Opinium-Observer-Web-Tables-1227.xlsx,EN1
"2,050 UK adults",15th - 17th July 2026,,,,2006,,historic_vote,Remain,"Q:EN1. And which government do you think would be best at handling…?
 The UK’s response to climate change",Best party on environment/climate,climate change,A Labour government,A Conservative government,Neither,,,,,,,,38.3,13.4,29.5,,,,,,,,VI-2026-07-15-Opinium-Observer-Web-Tables-1227.xlsx,EN1
"2,050 UK adults",15th - 17th July 2026,,,,2006,,historic_vote,Leave,"Q:EN1. And which government do you think would be best at handling…?
 The UK’s response to climate change",Best party on environment/climate,climate change,A Labour government,A Conservative government,Neither,,,,,,,,10.3,25.5,43.9,,,,,,,,VI-2026-07-15-Opinium-Observer-Web-Tables-1227.xlsx,EN1
"2,050 UK adults",15th - 17th July 2026,,,,2006,,gender,Male,"Q:EN1. And which government do you think would be best at handling…?
 The UK’s response to climate change",Best party on environment/climate,climate change,A Labour government,A Conservative government,Neither,,,,,,,,25.0,19.5,38.6,,,,,,,,VI-2026-07-15-Opinium-Observer-Web-Tables-1227.xlsx,EN1
"2,050 UK adults",15th - 17th July 2026,,,,2006,,gender,Female,"Q:EN1. And which government do you think would be best at handling…?
 The UK’s response to climate change",Best party on environment/climate,climate change,A Labour government,A Conservative government,Neither,,,,,,,,22.6,15.2,36.3,,,,,,,,VI-2026-07-15-Opinium-Observer-Web-Tables-1227.xlsx,EN1
"2,050 UK adults",15th - 17th July 2026,,,,2006,,age,18-34,"Q:EN1. And which government do you think would be best at handling…?
 The UK’s response to climate change",Best party on environment/climate,climate change,A Labour government,A Conservative government,Neither,,,,,,,,32.7,16.1,34.2,,,,,,,,VI-2026-07-15-Opinium-Observer-Web-Tables-1227.xlsx,EN1
"2,050 UK adults",15th - 17th July 2026,,,,2006,,age,35-49,"Q:EN1. And which government do you think would be best at handling…?
 The UK’s response to climate change",Best party on environment/climate,climate change,A Labour government,A Conservative government,Neither,,,,,,,,28.1,14.2,38.2,,,,,,,,VI-2026-07-15-Opinium-Observer-Web-Tables-1227.xlsx,EN1
"2,050 UK adults",15th - 17th July 2026,,,,2006,,age,50-64,"Q:EN1. And which government do you think would be best at handling…?
 The UK’s response to climate change",Best party on environment/climate,climate change,A Labour government,A Conservative government,Neither,,,,,,,,20.6,14.6,39.5,,,,,,,,VI-2026-07-15-Opinium-Observer-Web-Tables-1227.xlsx,EN1
"2,050 UK adults",15th - 17th July 2026,,,,2006,,age,65+,"Q:EN1. And which government do you think would be best at handling…?
 The UK’s response to climate change",Best party on environment/climate,climate change,A Labour government,A Conservative government,Neither,,,,,,,,12.7,24.0,38.0,,,,,,,,VI-2026-07-15-Opinium-Observer-Web-Tables-1227.xlsx,EN1
"2,050 UK adults",15th - 17th July 2026,,,,2006,,region,North,"Q:EN1. And which government do you think would be best at handling…?
 The UK’s response to climate change",Best party on environment/climate,climate change,A Labour government,A Conservative government,Neither,,,,,,,,27.7,16.8,32.1,,,,,,,,VI-2026-07-15-Opinium-Observer-Web-Tables-1227.xlsx,EN1
"2,050 UK adults",15th - 17th July 2026,,,,2006,,region,Mids,"Q:EN1. And which government do you think would be best at handling…?
 The UK’s response to climate change",Best party on environment/climate,climate change,A Labour government,A Conservative government,Neither,,,,,,,,20.6,18.1,38.0,,,,,,,,VI-2026-07-15-Opinium-Observer-Web-Tables-1227.xlsx,EN1
"2,050 UK adults",15th - 17th July 2026,,,,2006,,region,London,"Q:EN1. And which government do you think would be best at handling…?
 The UK’s response to climate change",Best party on environment/climate,climate change,A Labour government,A Conservative government,Neither,,,,,,,,26.2,16.2,37.3,,,,,,,,VI-2026-07-15-Opinium-Observer-Web-Tables-1227.xlsx,EN1
"2,050 UK adults",15th - 17th July 2026,,,,2006,,region,South,"Q:EN1. And which government do you think would be best at handling…?
 The UK’s response to climate change",Best party on environment/climate,climate change,A Labour government,A Conservative government,Neither,,,,,,,,21.8,18.4,38.6,,,,,,,,VI-2026-07-15-Opinium-Observer-Web-Tables-1227.xlsx,EN1
"2,050 UK adults",15th - 17th July 2026,,,,2006,,region,Wales,"Q:EN1. And which government do you think would be best at handling…?
 The UK’s response to climate change",Best party on environment/climate,climate change,A Labour government,A Conservative government,Neither,,,,,,,,25.8,12.8,43.7,,,,,,,,VI-2026-07-15-Opinium-Observer-Web-Tables-1227.xlsx,EN1
"2,050 UK adults",15th - 17th July 2026,,,,2006,,region,Scotland,"Q:EN1. And which government do you think would be best at handling…?
 The UK’s response to climate change",Best party on environment/climate,climate change,A Labour government,A Conservative government,Neither,,,,,,,,22.5,15.5,42.7,,,,,,,,VI-2026-07-15-Opinium-Observer-Web-Tables-1227.xlsx,EN1
"2,050 UK adults",15th - 17th July 2026,,,,2006,,region,Northern Ireland,"Q:EN1. And which government do you think would be best at handling…?
 The UK’s response to climate change",Best party on environment/climate,climate change,A Labour government,A Conservative government,Neither,,,,,,,,,,,,,,,,,,VI-2026-07-15-Opinium-Observer-Web-Tables-1227.xlsx,EN1
"2,050 UK adults",15th - 17th July 2026,,,,2006,,total,Total,"Q:EN1. And which government do you think would be best at handling…?
 Investing in future ways of generating energy",Best party on energy,energy,A Labour government,A Conservative government,Neither,,,,,,,,25.8,19.8,32.2,,,,,,,,VI-2026-07-15-Opinium-Observer-Web-Tables-1227.xlsx,EN1 (2)
"2,050 UK adults",15th - 17th July 2026,,,,2006,,current_vote,Con,"Q:EN1. And which government do you think would be best at handling…?
 Investing in future ways of generating energy",Best party on energy,energy,A Labour government,A Conservative government,Neither,,,,,,,,5.0,62.8,14.5,,,,,,,,VI-2026-07-15-Opinium-Observer-Web-Tables-1227.xlsx,EN1 (2)
"2,050 UK adults",15th - 17th July 2026,,,,2006,,current_vote,Lab,"Q:EN1. And which government do you think would be best at handling…?
 Investing in future ways of generating energy",Best party on energy,energy,A Labour government,A Conservative government,Neither,,,,,,,,70.2,5.2,13.3,,,,,,,,VI-2026-07-15-Opinium-Observer-Web-Tables-1227.xlsx,EN1 (2)
"2,050 UK adults",15th - 17th July 2026,,,,2006,,current_vote,Lib Dem,"Q:EN1. And which government do you think would be best at handling…?
 Investing in future ways of generating energy",Best party on energy,energy,A Labour government,A Conservative government,Neither,,,,,,,,34.3,8.2,35.5,,,,,,,,VI-2026-07-15-Opinium-Observer-Web-Tables-1227.xlsx,EN1 (2)
"2,050 UK adults",15th - 17th July 2026,,,,2006,,current_vote,Reform,"Q:EN1. And which government do you think would be best at handling…?
 Investing in future ways of generating energy",Best party on energy,energy,A Labour government,A Conservative government,Neither,,,,,,,,7.6,27.5,47.2,,,,,,,,VI-2026-07-15-Opinium-Observer-Web-Tables-1227.xlsx,EN1 (2)
"2,050 UK adults",15th - 17th July 2026,,,,2006,,current_vote,Green,"Q:EN1. And which government do you think would be best at handling…?
 Investing in future ways of generating energy",Best party on energy,energy,A Labour government,A Conservative government,Neither,,,,,,,,37.9,9.6,40.7,,,,,,,,VI-2026-07-15-Opinium-Observer-Web-Tables-1227.xlsx,EN1 (2)
"2,050 UK adults",15th - 17th July 2026,,,,2006,,historic_vote,Conservative,"Q:EN1. And which government do you think would be best at handling…?
 Investing in future ways of generating energy",Best party on energy,energy,A Labour government,A Conservative government,Neither,,,,,,,,4.5,56.4,20.4,,,,,,,,VI-2026-07-15-Opinium-Observer-Web-Tables-1227.xlsx,EN1 (2)
"2,050 UK adults",15th - 17th July 2026,,,,2006,,historic_vote,Labour,"Q:EN1. And which government do you think would be best at handling…?
 Investing in future ways of generating energy",Best party on energy,energy,A Labour government,A Conservative government,Neither,,,,,,,,55.4,7.2,21.7,,,,,,,,VI-2026-07-15-Opinium-Observer-Web-Tables-1227.xlsx,EN1 (2)
"2,050 UK adults",15th - 17th July 2026,,,,2006,,historic_vote,Lib Dems,"Q:EN1. And which government do you think would be best at handling…?
 Investing in future ways of generating energy",Best party on energy,energy,A Labour government,A Conservative government,Neither,,,,,,,,34.2,10.4,28.1,,,,,,,,VI-2026-07-15-Opinium-Observer-Web-Tables-1227.xlsx,EN1 (2)
"2,050 UK adults",15th - 17th July 2026,,,,2006,,historic_vote,Green,"Q:EN1. And which government do you think would be best at handling…?
 Investing in future ways of generating energy",Best party on energy,energy,A Labour government,A Conservative government,Neither,,,,,,,,32.4,14.3,37.3,,,,,,,,VI-2026-07-15-Opinium-Observer-Web-Tables-1227.xlsx,EN1 (2)
"2,050 UK adults",15th - 17th July 2026,,,,2006,,historic_vote,Reform UK,"Q:EN1. And which government do you think would be best at handling…?
 Investing in future ways of generating energy",Best party on energy,energy,A Labour government,A Conservative government,Neither,,,,,,,,6.1,29.0,49.8,,,,,,,,VI-2026-07-15-Opinium-Observer-Web-Tables-1227.xlsx,EN1 (2)
"2,050 UK adults",15th - 17th July 2026,,,,2006,,historic_vote,Con,"Q:EN1. And which government do you think would be best at handling…?
 Investing in future ways of generating energy",Best party on energy,energy,A Labour government,A Conservative government,Neither,,,,,,,,7.6,42.8,28.8,,,,,,,,VI-2026-07-15-Opinium-Observer-Web-Tables-1227.xlsx,EN1 (2)
"2,050 UK adults",15th - 17th July 2026,,,,2006,,historic_vote,Lab,"Q:EN1. And which government do you think would be best at handling…?
 Investing in future ways of generating energy",Best party on energy,energy,A Labour government,A Conservative government,Neither,,,,,,,,53.8,5.7,27.5,,,,,,,,VI-2026-07-15-Opinium-Observer-Web-Tables-1227.xlsx,EN1 (2)
"2,050 UK adults",15th - 17th July 2026,,,,2006,,historic_vote,Lib Dem,"Q:EN1. And which government do you think would be best at handling…?
 Investing in future ways of generating energy",Best party on energy,energy,A Labour government,A Conservative government,Neither,,,,,,,,37.8,8.5,30.4,,,,,,,,VI-2026-07-15-Opinium-Observer-Web-Tables-1227.xlsx,EN1 (2)
"2,050 UK adults",15th - 17th July 2026,,,,2006,,historic_vote,Remain,"Q:EN1. And which government do you think would be best at handling…?
 Investing in future ways of generating energy",Best party on energy,energy,A Labour government,A Conservative government,Neither,,,,,,,,36.7,16.9,27.2,,,,,,,,VI-2026-07-15-Opinium-Observer-Web-Tables-1227.xlsx,EN1 (2)
"2,050 UK adults",15th - 17th July 2026,,,,2006,,historic_vote,Leave,"Q:EN1. And which government do you think would be best at handling…?
 Investing in future ways of generating energy",Best party on energy,energy,A Labour government,A Conservative government,Neither,,,,,,,,14.9,26.5,37.1,,,,,,,,VI-2026-07-15-Opinium-Observer-Web-Tables-1227.xlsx,EN1 (2)
"2,050 UK adults",15th - 17th July 2026,,,,2006,,gender,Male,"Q:EN1. And which government do you think would be best at handling…?
 Investing in future ways of generating energy",Best party on energy,energy,A Labour government,A Conservative government,Neither,,,,,,,,28.0,23.3,32.2,,,,,,,,VI-2026-07-15-Opinium-Observer-Web-Tables-1227.xlsx,EN1 (2)
"2,050 UK adults",15th - 17th July 2026,,,,2006,,gender,Female,"Q:EN1. And which government do you think would be best at handling…?
 Investing in future ways of generating energy",Best party on energy,energy,A Labour government,A Conservative government,Neither,,,,,,,,23.7,17.0,32.1,,,,,,,,VI-2026-07-15-Opinium-Observer-Web-Tables-1227.xlsx,EN1 (2)
"2,050 UK adults",15th - 17th July 2026,,,,2006,,age,18-34,"Q:EN1. And which government do you think would be best at handling…?
 Investing in future ways of generating energy",Best party on energy,energy,A Labour government,A Conservative government,Neither,,,,,,,,34.8,19.7,28.1,,,,,,,,VI-2026-07-15-Opinium-Observer-Web-Tables-1227.xlsx,EN1 (2)
"2,050 UK adults",15th - 17th July 2026,,,,2006,,age,35-49,"Q:EN1. And which government do you think would be best at handling…?
 Investing in future ways of generating energy",Best party on energy,energy,A Labour government,A Conservative government,Neither,,,,,,,,29.9,16.0,35.9,,,,,,,,VI-2026-07-15-Opinium-Observer-Web-Tables-1227.xlsx,EN1 (2)
"2,050 UK adults",15th - 17th July 2026,,,,2006,,age,50-64,"Q:EN1. And which government do you think would be best at handling…?
 Investing in future ways of generating energy",Best party on energy,energy,A Labour government,A Conservative government,Neither,,,,,,,,22.7,16.3,34.6,,,,,,,,VI-2026-07-15-Opinium-Observer-Web-Tables-1227.xlsx,EN1 (2)
"2,050 UK adults",15th - 17th July 2026,,,,2006,,age,65+,"Q:EN1. And which government do you think would be best at handling…?
 Investing in future ways of generating energy",Best party on energy,energy,A Labour government,A Conservative government,Neither,,,,,,,,14.5,27.7,31.0,,,,,,,,VI-2026-07-15-Opinium-Observer-Web-Tables-1227.xlsx,EN1 (2)
"2,050 UK adults",15th - 17th July 2026,,,,2006,,region,North,"Q:EN1. And which government do you think would be best at handling…?
 Investing in future ways of generating energy",Best party on energy,energy,A Labour government,A Conservative government,Neither,,,,,,,,27.2,20.1,28.4,,,,,,,,VI-2026-07-15-Opinium-Observer-Web-Tables-1227.xlsx,EN1 (2)
"2,050 UK adults",15th - 17th July 2026,,,,2006,,region,Mids,"Q:EN1. And which government do you think would be best at handling…?
 Investing in future ways of generating energy",Best party on energy,energy,A Labour government,A Conservative government,Neither,,,,,,,,22.0,22.6,30.7,,,,,,,,VI-2026-07-15-Opinium-Observer-Web-Tables-1227.xlsx,EN1 (2)
"2,050 UK adults",15th - 17th July 2026,,,,2006,,region,London,"Q:EN1. And which government do you think would be best at handling…?
 Investing in future ways of generating energy",Best party on energy,energy,A Labour government,A Conservative government,Neither,,,,,,,,34.0,16.2,33.1,,,,,,,,VI-2026-07-15-Opinium-Observer-Web-Tables-1227.xlsx,EN1 (2)
"2,050 UK adults",15th - 17th July 2026,,,,2006,,region,South,"Q:EN1. And which government do you think would be best at handling…?
 Investing in future ways of generating energy",Best party on energy,energy,A Labour government,A Conservative government,Neither,,,,,,,,22.2,21.3,34.1,,,,,,,,VI-2026-07-15-Opinium-Observer-Web-Tables-1227.xlsx,EN1 (2)
"2,050 UK adults",15th - 17th July 2026,,,,2006,,region,Wales,"Q:EN1. And which government do you think would be best at handling…?
 Investing in future ways of generating energy",Best party on energy,energy,A Labour government,A Conservative government,Neither,,,,,,,,30.0,18.3,32.8,,,,,,,,VI-2026-07-15-Opinium-Observer-Web-Tables-1227.xlsx,EN1 (2)
"2,050 UK adults",15th - 17th July 2026,,,,2006,,region,Scotland,"Q:EN1. And which government do you think would be best at handling…?
 Investing in future ways of generating energy",Best party on energy,energy,A Labour government,A Conservative government,Neither,,,,,,,,27.7,14.8,37.3,,,,,,,,VI-2026-07-15-Opinium-Observer-Web-Tables-1227.xlsx,EN1 (2)
"2,050 UK adults",15th - 17th July 2026,,,,2006,,region,Northern Ireland,"Q:EN1. And which government do you think would be best at handling…?
 Investing in future ways of generating energy",Best party on energy,energy,A Labour government,A Conservative government,Neither,,,,,,,,,,,,,,,,,,VI-2026-07-15-Opinium-Observer-Web-Tables-1227.xlsx,EN1 (2)
"2,050 UK adults",15th - 17th July 2026,,,,2006,,total,Total,"Q:EN1. And which government do you think would be best at handling…?
 Reducing energy bills",Best party on energy,energy,A Labour government,A Conservative government,Neither,,,,,,,,22.1,19.8,39.5,,,,,,,,VI-2026-07-15-Opinium-Observer-Web-Tables-1227.xlsx,EN1 (3)
"2,050 UK adults",15th - 17th July 2026,,,,2006,,current_vote,Con,"Q:EN1. And which government do you think would be best at handling…?
 Reducing energy bills",Best party on energy,energy,A Labour government,A Conservative government,Neither,,,,,,,,4.0,62.6,21.1,,,,,,,,VI-2026-07-15-Opinium-Observer-Web-Tables-1227.xlsx,EN1 (3)
"2,050 UK adults",15th - 17th July 2026,,,,2006,,current_vote,Lab,"Q:EN1. And which government do you think would be best at handling…?
 Reducing energy bills",Best party on energy,energy,A Labour government,A Conservative government,Neither,,,,,,,,66.5,5.0,17.2,,,,,,,,VI-2026-07-15-Opinium-Observer-Web-Tables-1227.xlsx,EN1 (3)
"2,050 UK adults",15th - 17th July 2026,,,,2006,,current_vote,Lib Dem,"Q:EN1. And which government do you think would be best at handling…?
 Reducing energy bills",Best party on energy,energy,A Labour government,A Conservative government,Neither,,,,,,,,23.5,11.5,45.2,,,,,,,,VI-2026-07-15-Opinium-Observer-Web-Tables-1227.xlsx,EN1 (3)
"2,050 UK adults",15th - 17th July 2026,,,,2006,,current_vote,Reform,"Q:EN1. And which government do you think would be best at handling…?
 Reducing energy bills",Best party on energy,energy,A Labour government,A Conservative government,Neither,,,,,,,,4.4,27.6,55.7,,,,,,,,VI-2026-07-15-Opinium-Observer-Web-Tables-1227.xlsx,EN1 (3)
"2,050 UK adults",15th - 17th July 2026,,,,2006,,current_vote,Green,"Q:EN1. And which government do you think would be best at handling…?
 Reducing energy bills",Best party on energy,energy,A Labour government,A Conservative government,Neither,,,,,,,,31.2,6.2,50.8,,,,,,,,VI-2026-07-15-Opinium-Observer-Web-Tables-1227.xlsx,EN1 (3)
"2,050 UK adults",15th - 17th July 2026,,,,2006,,historic_vote,Conservative,"Q:EN1. And which government do you think would be best at handling…?
 Reducing energy bills",Best party on energy,energy,A Labour government,A Conservative government,Neither,,,,,,,,2.6,52.9,30.0,,,,,,,,VI-2026-07-15-Opinium-Observer-Web-Tables-1227.xlsx,EN1 (3)
"2,050 UK adults",15th - 17th July 2026,,,,2006,,historic_vote,Labour,"Q:EN1. And which government do you think would be best at handling…?
 Reducing energy bills",Best party on energy,energy,A Labour government,A Conservative government,Neither,,,,,,,,49.8,6.1,29.2,,,,,,,,VI-2026-07-15-Opinium-Observer-Web-Tables-1227.xlsx,EN1 (3)
"2,050 UK adults",15th - 17th July 2026,,,,2006,,historic_vote,Lib Dems,"Q:EN1. And which government do you think would be best at handling…?
 Reducing energy bills",Best party on energy,energy,A Labour government,A Conservative government,Neither,,,,,,,,25.4,14.1,40.4,,,,,,,,VI-2026-07-15-Opinium-Observer-Web-Tables-1227.xlsx,EN1 (3)
"2,050 UK adults",15th - 17th July 2026,,,,2006,,historic_vote,Green,"Q:EN1. And which government do you think would be best at handling…?
 Reducing energy bills",Best party on energy,energy,A Labour government,A Conservative government,Neither,,,,,,,,32.0,11.7,43.2,,,,,,,,VI-2026-07-15-Opinium-Observer-Web-Tables-1227.xlsx,EN1 (3)
"2,050 UK adults",15th - 17th July 2026,,,,2006,,historic_vote,Reform UK,"Q:EN1. And which government do you think would be best at handling…?
 Reducing energy bills",Best party on energy,energy,A Labour government,A Conservative government,Neither,,,,,,,,5.2,31.0,55.9,,,,,,,,VI-2026-07-15-Opinium-Observer-Web-Tables-1227.xlsx,EN1 (3)
"2,050 UK adults",15th - 17th July 2026,,,,2006,,historic_vote,Con,"Q:EN1. And which government do you think would be best at handling…?
 Reducing energy bills",Best party on energy,energy,A Labour government,A Conservative government,Neither,,,,,,,,4.2,41.1,37.1,,,,,,,,VI-2026-07-15-Opinium-Observer-Web-Tables-1227.xlsx,EN1 (3)
"2,050 UK adults",15th - 17th July 2026,,,,2006,,historic_vote,Lab,"Q:EN1. And which government do you think would be best at handling…?
 Reducing energy bills",Best party on energy,energy,A Labour government,A Conservative government,Neither,,,,,,,,47.6,6.5,35.7,,,,,,,,VI-2026-07-15-Opinium-Observer-Web-Tables-1227.xlsx,EN1 (3)
"2,050 UK adults",15th - 17th July 2026,,,,2006,,historic_vote,Lib Dem,"Q:EN1. And which government do you think would be best at handling…?
 Reducing energy bills",Best party on energy,energy,A Labour government,A Conservative government,Neither,,,,,,,,29.7,11.7,38.7,,,,,,,,VI-2026-07-15-Opinium-Observer-Web-Tables-1227.xlsx,EN1 (3)
"2,050 UK adults",15th - 17th July 2026,,,,2006,,historic_vote,Remain,"Q:EN1. And which government do you think would be best at handling…?
 Reducing energy bills",Best party on energy,energy,A Labour government,A Conservative government,Neither,,,,,,,,31.6,17.2,35.5,,,,,,,,VI-2026-07-15-Opinium-Observer-Web-Tables-1227.xlsx,EN1 (3)
"2,050 UK adults",15th - 17th July 2026,,,,2006,,historic_vote,Leave,"Q:EN1. And which government do you think would be best at handling…?
 Reducing energy bills",Best party on energy,energy,A Labour government,A Conservative government,Neither,,,,,,,,10.3,27.0,45.7,,,,,,,,VI-2026-07-15-Opinium-Observer-Web-Tables-1227.xlsx,EN1 (3)
"2,050 UK adults",15th - 17th July 2026,,,,2006,,gender,Male,"Q:EN1. And which government do you think would be best at handling…?
 Reducing energy bills",Best party on energy,energy,A Labour government,A Conservative government,Neither,,,,,,,,22.9,23.8,39.4,,,,,,,,VI-2026-07-15-Opinium-Observer-Web-Tables-1227.xlsx,EN1 (3)
"2,050 UK adults",15th - 17th July 2026,,,,2006,,gender,Female,"Q:EN1. And which government do you think would be best at handling…?
 Reducing energy bills",Best party on energy,energy,A Labour government,A Conservative government,Neither,,,,,,,,21.2,16.4,39.2,,,,,,,,VI-2026-07-15-Opinium-Observer-Web-Tables-1227.xlsx,EN1 (3)
"2,050 UK adults",15th - 17th July 2026,,,,2006,,age,18-34,"Q:EN1. And which government do you think would be best at handling…?
 Reducing energy bills",Best party on energy,energy,A Labour government,A Conservative government,Neither,,,,,,,,32.4,19.7,32.6,,,,,,,,VI-2026-07-15-Opinium-Observer-Web-Tables-1227.xlsx,EN1 (3)
"2,050 UK adults",15th - 17th July 2026,,,,2006,,age,35-49,"Q:EN1. And which government do you think would be best at handling…?
 Reducing energy bills",Best party on energy,energy,A Labour government,A Conservative government,Neither,,,,,,,,23.9,15.9,41.2,,,,,,,,VI-2026-07-15-Opinium-Observer-Web-Tables-1227.xlsx,EN1 (3)
"2,050 UK adults",15th - 17th July 2026,,,,2006,,age,50-64,"Q:EN1. And which government do you think would be best at handling…?
 Reducing energy bills",Best party on energy,energy,A Labour government,A Conservative government,Neither,,,,,,,,18.8,17.8,42.6,,,,,,,,VI-2026-07-15-Opinium-Observer-Web-Tables-1227.xlsx,EN1 (3)
"2,050 UK adults",15th - 17th July 2026,,,,2006,,age,65+,"Q:EN1. And which government do you think would be best at handling…?
 Reducing energy bills",Best party on energy,energy,A Labour government,A Conservative government,Neither,,,,,,,,11.7,26.1,42.3,,,,,,,,VI-2026-07-15-Opinium-Observer-Web-Tables-1227.xlsx,EN1 (3)
"2,050 UK adults",15th - 17th July 2026,,,,2006,,region,North,"Q:EN1. And which government do you think would be best at handling…?
 Reducing energy bills",Best party on energy,energy,A Labour government,A Conservative government,Neither,,,,,,,,24.5,17.8,39.3,,,,,,,,VI-2026-07-15-Opinium-Observer-Web-Tables-1227.xlsx,EN1 (3)
"2,050 UK adults",15th - 17th July 2026,,,,2006,,region,Mids,"Q:EN1. And which government do you think would be best at handling…?
 Reducing energy bills",Best party on energy,energy,A Labour government,A Conservative government,Neither,,,,,,,,18.8,18.9,40.4,,,,,,,,VI-2026-07-15-Opinium-Observer-Web-Tables-1227.xlsx,EN1 (3)
"2,050 UK adults",15th - 17th July 2026,,,,2006,,region,London,"Q:EN1. And which government do you think would be best at handling…?
 Reducing energy bills",Best party on energy,energy,A Labour government,A Conservative government,Neither,,,,,,,,22.5,25.3,34.7,,,,,,,,VI-2026-07-15-Opinium-Observer-Web-Tables-1227.xlsx,EN1 (3)
"2,050 UK adults",15th - 17th July 2026,,,,2006,,region,South,"Q:EN1. And which government do you think would be best at handling…?
 Reducing energy bills",Best party on energy,energy,A Labour government,A Conservative government,Neither,,,,,,,,20.8,21.3,38.6,,,,,,,,VI-2026-07-15-Opinium-Observer-Web-Tables-1227.xlsx,EN1 (3)
"2,050 UK adults",15th - 17th July 2026,,,,2006,,region,Wales,"Q:EN1. And which government do you think would be best at handling…?
 Reducing energy bills",Best party on energy,energy,A Labour government,A Conservative government,Neither,,,,,,,,24.4,21.0,39.6,,,,,,,,VI-2026-07-15-Opinium-Observer-Web-Tables-1227.xlsx,EN1 (3)
"2,050 UK adults",15th - 17th July 2026,,,,2006,,region,Scotland,"Q:EN1. And which government do you think would be best at handling…?
 Reducing energy bills",Best party on energy,energy,A Labour government,A Conservative government,Neither,,,,,,,,24.2,12.1,48.6,,,,,,,,VI-2026-07-15-Opinium-Observer-Web-Tables-1227.xlsx,EN1 (3)
"2,050 UK adults",15th - 17th July 2026,,,,2006,,region,Northern Ireland,"Q:EN1. And which government do you think would be best at handling…?
 Reducing energy bills",Best party on energy,energy,A Labour government,A Conservative government,Neither,,,,,,,,,,,,,,,,,,VI-2026-07-15-Opinium-Observer-Web-Tables-1227.xlsx,EN1 (3)
"2,050 UK adults",15th - 17th July 2026,,,,2006,,total,Total,"Q:EN1. And which government do you think would be best at handling…?
 Reducing environmental pollution",Best party on environment/climate,environment,A Labour government,A Conservative government,Neither,,,,,,,,23.2,14.9,38.4,,,,,,,,VI-2026-07-15-Opinium-Observer-Web-Tables-1227.xlsx,EN1 (4)
"2,050 UK adults",15th - 17th July 2026,,,,2006,,current_vote,Con,"Q:EN1. And which government do you think would be best at handling…?
 Reducing environmental pollution",Best party on environment/climate,environment,A Labour government,A Conservative government,Neither,,,,,,,,5.7,49.1,23.5,,,,,,,,VI-2026-07-15-Opinium-Observer-Web-Tables-1227.xlsx,EN1 (4)
"2,050 UK adults",15th - 17th July 2026,,,,2006,,current_vote,Lab,"Q:EN1. And which government do you think would be best at handling…?
 Reducing environmental pollution",Best party on environment/climate,environment,A Labour government,A Conservative government,Neither,,,,,,,,66.8,4.4,16.6,,,,,,,,VI-2026-07-15-Opinium-Observer-Web-Tables-1227.xlsx,EN1 (4)
"2,050 UK adults",15th - 17th July 2026,,,,2006,,current_vote,Lib Dem,"Q:EN1. And which government do you think would be best at handling…?
 Reducing environmental pollution",Best party on environment/climate,environment,A Labour government,A Conservative government,Neither,,,,,,,,31.4,7.1,36.7,,,,,,,,VI-2026-07-15-Opinium-Observer-Web-Tables-1227.xlsx,EN1 (4)
"2,050 UK adults",15th - 17th July 2026,,,,2006,,current_vote,Reform,"Q:EN1. And which government do you think would be best at handling…?
 Reducing environmental pollution",Best party on environment/climate,environment,A Labour government,A Conservative government,Neither,,,,,,,,5.7,18.8,58.2,,,,,,,,VI-2026-07-15-Opinium-Observer-Web-Tables-1227.xlsx,EN1 (4)
"2,050 UK adults",15th - 17th July 2026,,,,2006,,current_vote,Green,"Q:EN1. And which government do you think would be best at handling…?
 Reducing environmental pollution",Best party on environment/climate,environment,A Labour government,A Conservative government,Neither,,,,,,,,37.3,7.2,44.2,,,,,,,,VI-2026-07-15-Opinium-Observer-Web-Tables-1227.xlsx,EN1 (4)
"2,050 UK adults",15th - 17th July 2026,,,,2006,,historic_vote,Conservative,"Q:EN1. And which government do you think would be best at handling…?
 Reducing environmental pollution",Best party on environment/climate,environment,A Labour government,A Conservative government,Neither,,,,,,,,5.0,45.3,27.5,,,,,,,,VI-2026-07-15-Opinium-Observer-Web-Tables-1227.xlsx,EN1 (4)
"2,050 UK adults",15th - 17th July 2026,,,,2006,,historic_vote,Labour,"Q:EN1. And which government do you think would be best at handling…?
 Reducing environmental pollution",Best party on environment/climate,environment,A Labour government,A Conservative government,Neither,,,,,,,,52.2,4.4,27.9,,,,,,,,VI-2026-07-15-Opinium-Observer-Web-Tables-1227.xlsx,EN1 (4)
"2,050 UK adults",15th - 17th July 2026,,,,2006,,historic_vote,Lib Dems,"Q:EN1. And which government do you think would be best at handling…?
 Reducing environmental pollution",Best party on environment/climate,environment,A Labour government,A Conservative government,Neither,,,,,,,,28.0,9.4,34.7,,,,,,,,VI-2026-07-15-Opinium-Observer-Web-Tables-1227.xlsx,EN1 (4)
"2,050 UK adults",15th - 17th July 2026,,,,2006,,historic_vote,Green,"Q:EN1. And which government do you think would be best at handling…?
 Reducing environmental pollution",Best party on environment/climate,environment,A Labour government,A Conservative government,Neither,,,,,,,,30.9,9.1,43.7,,,,,,,,VI-2026-07-15-Opinium-Observer-Web-Tables-1227.xlsx,EN1 (4)
"2,050 UK adults",15th - 17th July 2026,,,,2006,,historic_vote,Reform UK,"Q:EN1. And which government do you think would be best at handling…?
 Reducing environmental pollution",Best party on environment/climate,environment,A Labour government,A Conservative government,Neither,,,,,,,,7.2,21.0,57.2,,,,,,,,VI-2026-07-15-Opinium-Observer-Web-Tables-1227.xlsx,EN1 (4)
"2,050 UK adults",15th - 17th July 2026,,,,2006,,historic_vote,Con,"Q:EN1. And which government do you think would be best at handling…?
 Reducing environmental pollution",Best party on environment/climate,environment,A Labour government,A Conservative government,Neither,,,,,,,,6.2,31.7,38.0,,,,,,,,VI-2026-07-15-Opinium-Observer-Web-Tables-1227.xlsx,EN1 (4)
"2,050 UK adults",15th - 17th July 2026,,,,2006,,historic_vote,Lab,"Q:EN1. And which government do you think would be best at handling…?
 Reducing environmental pollution",Best party on environment/climate,environment,A Labour government,A Conservative government,Neither,,,,,,,,49.0,5.1,34.2,,,,,,,,VI-2026-07-15-Opinium-Observer-Web-Tables-1227.xlsx,EN1 (4)
"2,050 UK adults",15th - 17th July 2026,,,,2006,,historic_vote,Lib Dem,"Q:EN1. And which government do you think would be best at handling…?
 Reducing environmental pollution",Best party on environment/climate,environment,A Labour government,A Conservative government,Neither,,,,,,,,32.4,6.8,36.1,,,,,,,,VI-2026-07-15-Opinium-Observer-Web-Tables-1227.xlsx,EN1 (4)
"2,050 UK adults",15th - 17th July 2026,,,,2006,,historic_vote,Remain,"Q:EN1. And which government do you think would be best at handling…?
 Reducing environmental pollution",Best party on environment/climate,environment,A Labour government,A Conservative government,Neither,,,,,,,,36.1,10.4,32.8,,,,,,,,VI-2026-07-15-Opinium-Observer-Web-Tables-1227.xlsx,EN1 (4)
"2,050 UK adults",15th - 17th July 2026,,,,2006,,historic_vote,Leave,"Q:EN1. And which government do you think would be best at handling…?
 Reducing environmental pollution",Best party on environment/climate,environment,A Labour government,A Conservative government,Neither,,,,,,,,10.2,21.0,46.7,,,,,,,,VI-2026-07-15-Opinium-Observer-Web-Tables-1227.xlsx,EN1 (4)
"2,050 UK adults",15th - 17th July 2026,,,,2006,,gender,Male,"Q:EN1. And which government do you think would be best at handling…?
 Reducing environmental pollution",Best party on environment/climate,environment,A Labour government,A Conservative government,Neither,,,,,,,,24.8,16.1,40.7,,,,,,,,VI-2026-07-15-Opinium-Observer-Web-Tables-1227.xlsx,EN1 (4)
"2,050 UK adults",15th - 17th July 2026,,,,2006,,gender,Female,"Q:EN1. And which government do you think would be best at handling…?
 Reducing environmental pollution",Best party on environment/climate,environment,A Labour government,A Conservative government,Neither,,,,,,,,21.6,14.0,36.3,,,,,,,,VI-2026-07-15-Opinium-Observer-Web-Tables-1227.xlsx,EN1 (4)
"2,050 UK adults",15th - 17th July 2026,,,,2006,,age,18-34,"Q:EN1. And which government do you think would be best at handling…?
 Reducing environmental pollution",Best party on environment/climate,environment,A Labour government,A Conservative government,Neither,,,,,,,,31.9,17.6,32.6,,,,,,,,VI-2026-07-15-Opinium-Observer-Web-Tables-1227.xlsx,EN1 (4)
"2,050 UK adults",15th - 17th July 2026,,,,2006,,age,35-49,"Q:EN1. And which government do you think would be best at handling…?
 Reducing environmental pollution",Best party on environment/climate,environment,A Labour government,A Conservative government,Neither,,,,,,,,27.6,11.7,38.4,,,,,,,,VI-2026-07-15-Opinium-Observer-Web-Tables-1227.xlsx,EN1 (4)
"2,050 UK adults",15th - 17th July 2026,,,,2006,,age,50-64,"Q:EN1. And which government do you think would be best at handling…?
 Reducing environmental pollution",Best party on environment/climate,environment,A Labour government,A Conservative government,Neither,,,,,,,,20.2,10.5,41.6,,,,,,,,VI-2026-07-15-Opinium-Observer-Web-Tables-1227.xlsx,EN1 (4)
"2,050 UK adults",15th - 17th July 2026,,,,2006,,age,65+,"Q:EN1. And which government do you think would be best at handling…?
 Reducing environmental pollution",Best party on environment/climate,environment,A Labour government,A Conservative government,Neither,,,,,,,,11.9,19.5,41.8,,,,,,,,VI-2026-07-15-Opinium-Observer-Web-Tables-1227.xlsx,EN1 (4)
"2,050 UK adults",15th - 17th July 2026,,,,2006,,region,North,"Q:EN1. And which government do you think would be best at handling…?
 Reducing environmental pollution",Best party on environment/climate,environment,A Labour government,A Conservative government,Neither,,,,,,,,26.1,14.7,35.1,,,,,,,,VI-2026-07-15-Opinium-Observer-Web-Tables-1227.xlsx,EN1 (4)
"2,050 UK adults",15th - 17th July 2026,,,,2006,,region,Mids,"Q:EN1. And which government do you think would be best at handling…?
 Reducing environmental pollution",Best party on environment/climate,environment,A Labour government,A Conservative government,Neither,,,,,,,,18.4,13.8,40.1,,,,,,,,VI-2026-07-15-Opinium-Observer-Web-Tables-1227.xlsx,EN1 (4)
"2,050 UK adults",15th - 17th July 2026,,,,2006,,region,London,"Q:EN1. And which government do you think would be best at handling…?
 Reducing environmental pollution",Best party on environment/climate,environment,A Labour government,A Conservative government,Neither,,,,,,,,26.3,15.8,37.7,,,,,,,,VI-2026-07-15-Opinium-Observer-Web-Tables-1227.xlsx,EN1 (4)
"2,050 UK adults",15th - 17th July 2026,,,,2006,,region,South,"Q:EN1. And which government do you think would be best at handling…?
 Reducing environmental pollution",Best party on environment/climate,environment,A Labour government,A Conservative government,Neither,,,,,,,,22.3,16.9,37.4,,,,,,,,VI-2026-07-15-Opinium-Observer-Web-Tables-1227.xlsx,EN1 (4)
"2,050 UK adults",15th - 17th July 2026,,,,2006,,region,Wales,"Q:EN1. And which government do you think would be best at handling…?
 Reducing environmental pollution",Best party on environment/climate,environment,A Labour government,A Conservative government,Neither,,,,,,,,23.4,8.5,48.0,,,,,,,,VI-2026-07-15-Opinium-Observer-Web-Tables-1227.xlsx,EN1 (4)
"2,050 UK adults",15th - 17th July 2026,,,,2006,,region,Scotland,"Q:EN1. And which government do you think would be best at handling…?
 Reducing environmental pollution",Best party on environment/climate,environment,A Labour government,A Conservative government,Neither,,,,,,,,23.0,12.0,44.1,,,,,,,,VI-2026-07-15-Opinium-Observer-Web-Tables-1227.xlsx,EN1 (4)
"2,050 UK adults",15th - 17th July 2026,,,,2006,,region,Northern Ireland,"Q:EN1. And which government do you think would be best at handling…?
 Reducing environmental pollution",Best party on environment/climate,environment,A Labour government,A Conservative government,Neither,,,,,,,,,,,,,,,,,,VI-2026-07-15-Opinium-Observer-Web-Tables-1227.xlsx,EN1 (4)
"2,050 UK adults",15th - 17th July 2026,,,,2050,,total,Total,"Q:STA1. Thinking about his time as Prime Minister, would you say your opinion of Keir Starmer has become more positive or negative since he became Prime Minister?",Leader favourability (Starmer),starmer,Much more positive,A little more positive,A little more negative,Much more negative,No change – was positive before and positive now,No change – was negative before and negative now,,,,,4.8,10.5,16.4,31.1,6.9,20.1,,,,,VI-2026-07-15-Opinium-Observer-Web-Tables-1227.xlsx,STA1
"2,050 UK adults",15th - 17th July 2026,,,,2050,,current_vote,Con,"Q:STA1. Thinking about his time as Prime Minister, would you say your opinion of Keir Starmer has become more positive or negative since he became Prime Minister?",Leader favourability (Starmer),starmer,Much more positive,A little more positive,A little more negative,Much more negative,No change – was positive before and positive now,No change – was negative before and negative now,,,,,4.7,8.4,14.7,37.3,2.6,28.6,,,,,VI-2026-07-15-Opinium-Observer-Web-Tables-1227.xlsx,STA1
"2,050 UK adults",15th - 17th July 2026,,,,2050,,current_vote,Lab,"Q:STA1. Thinking about his time as Prime Minister, would you say your opinion of Keir Starmer has become more positive or negative since he became Prime Minister?",Leader favourability (Starmer),starmer,Much more positive,A little more positive,A little more negative,Much more negative,No change – was positive before and positive now,No change – was negative before and negative now,,,,,13.8,21.1,19.6,12.5,20.6,6.1,,,,,VI-2026-07-15-Opinium-Observer-Web-Tables-1227.xlsx,STA1
"2,050 UK adults",15th - 17th July 2026,,,,2050,,current_vote,Lib Dem,"Q:STA1. Thinking about his time as Prime Minister, would you say your opinion of Keir Starmer has become more positive or negative since he became Prime Minister?",Leader favourability (Starmer),starmer,Much more positive,A little more positive,A little more negative,Much more negative,No change – was positive before and positive now,No change – was negative before and negative now,,,,,2.4,15.2,28.0,20.6,11.8,17.2,,,,,VI-2026-07-15-Opinium-Observer-Web-Tables-1227.xlsx,STA1
"2,050 UK adults",15th - 17th July 2026,,,,2050,,current_vote,Reform,"Q:STA1. Thinking about his time as Prime Minister, would you say your opinion of Keir Starmer has become more positive or negative since he became Prime Minister?",Leader favourability (Starmer),starmer,Much more positive,A little more positive,A little more negative,Much more negative,No change – was positive before and positive now,No change – was negative before and negative now,,,,,2.8,3.8,9.5,53.4,1.6,26.2,,,,,VI-2026-07-15-Opinium-Observer-Web-Tables-1227.xlsx,STA1
"2,050 UK adults",15th - 17th July 2026,,,,2050,,current_vote,Green,"Q:STA1. Thinking about his time as Prime Minister, would you say your opinion of Keir Starmer has become more positive or negative since he became Prime Minister?",Leader favourability (Starmer),starmer,Much more positive,A little more positive,A little more negative,Much more negative,No change – was positive before and positive now,No change – was negative before and negative now,,,,,3.1,12.9,25.0,29.8,3.1,16.7,,,,,VI-2026-07-15-Opinium-Observer-Web-Tables-1227.xlsx,STA1
"2,050 UK adults",15th - 17th July 2026,,,,2050,,historic_vote,Conservative,"Q:STA1. Thinking about his time as Prime Minister, would you say your opinion of Keir Starmer has become more positive or negative since he became Prime Minister?",Leader favourability (Starmer),starmer,Much more positive,A little more positive,A little more negative,Much more negative,No change – was positive before and positive now,No change – was negative before and negative now,,,,,4.5,7.6,11.6,37.2,3.0,32.3,,,,,VI-2026-07-15-Opinium-Observer-Web-Tables-1227.xlsx,STA1
"2,050 UK adults",15th - 17th July 2026,,,,2050,,historic_vote,Labour,"Q:STA1. Thinking about his time as Prime Minister, would you say your opinion of Keir Starmer has become more positive or negative since he became Prime Minister?",Leader favourability (Starmer),starmer,Much more positive,A little more positive,A little more negative,Much more negative,No change – was positive before and positive now,No change – was negative before and negative now,,,,,8.7,13.6,23.2,23.5,15.8,7.4,,,,,VI-2026-07-15-Opinium-Observer-Web-Tables-1227.xlsx,STA1
"2,050 UK adults",15th - 17th July 2026,,,,2050,,historic_vote,Lib Dems,"Q:STA1. Thinking about his time as Prime Minister, would you say your opinion of Keir Starmer has become more positive or negative since he became Prime Minister?",Leader favourability (Starmer),starmer,Much more positive,A little more positive,A little more negative,Much more negative,No change – was positive before and positive now,No change – was negative before and negative now,,,,,3.8,18.3,22.3,21.9,9.9,18.5,,,,,VI-2026-07-15-Opinium-Observer-Web-Tables-1227.xlsx,STA1
"2,050 UK adults",15th - 17th July 2026,,,,2050,,historic_vote,Green,"Q:STA1. Thinking about his time as Prime Minister, would you say your opinion of Keir Starmer has become more positive or negative since he became Prime Minister?",Leader favourability (Starmer),starmer,Much more positive,A little more positive,A little more negative,Much more negative,No change – was positive before and positive now,No change – was negative before and negative now,,,,,7.0,9.9,25.8,27.9,1.7,18.0,,,,,VI-2026-07-15-Opinium-Observer-Web-Tables-1227.xlsx,STA1
"2,050 UK adults",15th - 17th July 2026,,,,2050,,historic_vote,Reform UK,"Q:STA1. Thinking about his time as Prime Minister, would you say your opinion of Keir Starmer has become more positive or negative since he became Prime Minister?",Leader favourability (Starmer),starmer,Much more positive,A little more positive,A little more negative,Much more negative,No change – was positive before and positive now,No change – was negative before and negative now,,,,,1.7,5.9,8.7,52.2,2.2,27.4,,,,,VI-2026-07-15-Opinium-Observer-Web-Tables-1227.xlsx,STA1
"2,050 UK adults",15th - 17th July 2026,,,,2050,,historic_vote,Con,"Q:STA1. Thinking about his time as Prime Minister, would you say your opinion of Keir Starmer has become more positive or negative since he became Prime Minister?",Leader favourability (Starmer),starmer,Much more positive,A little more positive,A little more negative,Much more negative,No change – was positive before and positive now,No change – was negative before and negative now,,,,,3.0,6.3,11.8,43.1,4.2,28.1,,,,,VI-2026-07-15-Opinium-Observer-Web-Tables-1227.xlsx,STA1
"2,050 UK adults",15th - 17th July 2026,,,,2050,,historic_vote,Lab,"Q:STA1. Thinking about his time as Prime Minister, would you say your opinion of Keir Starmer has become more positive or negative since he became Prime Minister?",Leader favourability (Starmer),starmer,Much more positive,A little more positive,A little more negative,Much more negative,No change – was positive before and positive now,No change – was negative before and negative now,,,,,8.0,14.7,20.2,24.2,13.2,11.5,,,,,VI-2026-07-15-Opinium-Observer-Web-Tables-1227.xlsx,STA1
"2,050 UK adults",15th - 17th July 2026,,,,2050,,historic_vote,Lib Dem,"Q:STA1. Thinking about his time as Prime Minister, would you say your opinion of Keir Starmer has become more positive or negative since he became Prime Minister?",Leader favourability (Starmer),starmer,Much more positive,A little more positive,A little more negative,Much more negative,No change – was positive before and positive now,No change – was negative before and negative now,,,,,5.9,14.8,27.7,18.8,15.1,13.2,,,,,VI-2026-07-15-Opinium-Observer-Web-Tables-1227.xlsx,STA1
"2,050 UK adults",15th - 17th July 2026,,,,2050,,historic_vote,Remain,"Q:STA1. Thinking about his time as Prime Minister, would you say your opinion of Keir Starmer has become more positive or negative since he became Prime Minister?",Leader favourability (Starmer),starmer,Much more positive,A little more positive,A little more negative,Much more negative,No change – was positive before and positive now,No change – was negative before and negative now,,,,,6.5,14.2,20.1,24.6,9.4,16.4,,,,,VI-2026-07-15-Opinium-Observer-Web-Tables-1227.xlsx,STA1
"2,050 UK adults",15th - 17th July 2026,,,,2050,,historic_vote,Leave,"Q:STA1. Thinking about his time as Prime Minister, would you say your opinion of Keir Starmer has become more positive or negative since he became Prime Minister?",Leader favourability (Starmer),starmer,Much more positive,A little more positive,A little more negative,Much more negative,No change – was positive before and positive now,No change – was negative before and negative now,,,,,2.7,5.2,12.2,42.1,4.8,27.6,,,,,VI-2026-07-15-Opinium-Observer-Web-Tables-1227.xlsx,STA1
"2,050 UK adults",15th - 17th July 2026,,,,2050,,gender,Male,"Q:STA1. Thinking about his time as Prime Minister, would you say your opinion of Keir Starmer has become more positive or negative since he became Prime Minister?",Leader favourability (Starmer),starmer,Much more positive,A little more positive,A little more negative,Much more negative,No change – was positive before and positive now,No change – was negative before and negative now,,,,,5.7,10.0,16.8,33.8,6.5,19.3,,,,,VI-2026-07-15-Opinium-Observer-Web-Tables-1227.xlsx,STA1
"2,050 UK adults",15th - 17th July 2026,,,,2050,,gender,Female,"Q:STA1. Thinking about his time as Prime Minister, would you say your opinion of Keir Starmer has become more positive or negative since he became Prime Minister?",Leader favourability (Starmer),starmer,Much more positive,A little more positive,A little more negative,Much more negative,No change – was positive before and positive now,No change – was negative before and negative now,,,,,4.0,11.2,16.0,28.4,7.4,20.8,,,,,VI-2026-07-15-Opinium-Observer-Web-Tables-1227.xlsx,STA1
"2,050 UK adults",15th - 17th July 2026,,,,2050,,age,18-34,"Q:STA1. Thinking about his time as Prime Minister, would you say your opinion of Keir Starmer has become more positive or negative since he became Prime Minister?",Leader favourability (Starmer),starmer,Much more positive,A little more positive,A little more negative,Much more negative,No change – was positive before and positive now,No change – was negative before and negative now,,,,,10.0,16.8,21.1,22.4,5.1,12.6,,,,,VI-2026-07-15-Opinium-Observer-Web-Tables-1227.xlsx,STA1
"2,050 UK adults",15th - 17th July 2026,,,,2050,,age,35-49,"Q:STA1. Thinking about his time as Prime Minister, would you say your opinion of Keir Starmer has become more positive or negative since he became Prime Minister?",Leader favourability (Starmer),starmer,Much more positive,A little more positive,A little more negative,Much more negative,No change – was positive before and positive now,No change – was negative before and negative now,,,,,3.6,12.3,18.0,29.9,7.2,17.6,,,,,VI-2026-07-15-Opinium-Observer-Web-Tables-1227.xlsx,STA1
"2,050 UK adults",15th - 17th July 2026,,,,2050,,age,50-64,"Q:STA1. Thinking about his time as Prime Minister, would you say your opinion of Keir Starmer has become more positive or negative since he became Prime Minister?",Leader favourability (Starmer),starmer,Much more positive,A little more positive,A little more negative,Much more negative,No change – was positive before and positive now,No change – was negative before and negative now,,,,,2.4,5.9,13.7,38.0,9.7,20.7,,,,,VI-2026-07-15-Opinium-Observer-Web-Tables-1227.xlsx,STA1
"2,050 UK adults",15th - 17th July 2026,,,,2050,,age,65+,"Q:STA1. Thinking about his time as Prime Minister, would you say your opinion of Keir Starmer has become more positive or negative since he became Prime Minister?",Leader favourability (Starmer),starmer,Much more positive,A little more positive,A little more negative,Much more negative,No change – was positive before and positive now,No change – was negative before and negative now,,,,,2.3,6.4,12.3,35.3,5.9,30.5,,,,,VI-2026-07-15-Opinium-Observer-Web-Tables-1227.xlsx,STA1
"2,050 UK adults",15th - 17th July 2026,,,,2050,,region,North,"Q:STA1. Thinking about his time as Prime Minister, would you say your opinion of Keir Starmer has become more positive or negative since he became Prime Minister?",Leader favourability (Starmer),starmer,Much more positive,A little more positive,A little more negative,Much more negative,No change – was positive before and positive now,No change – was negative before and negative now,,,,,6.9,9.3,14.7,32.2,8.0,19.2,,,,,VI-2026-07-15-Opinium-Observer-Web-Tables-1227.xlsx,STA1
"2,050 UK adults",15th - 17th July 2026,,,,2050,,region,Mids,"Q:STA1. Thinking about his time as Prime Minister, would you say your opinion of Keir Starmer has become more positive or negative since he became Prime Minister?",Leader favourability (Starmer),starmer,Much more positive,A little more positive,A little more negative,Much more negative,No change – was positive before and positive now,No change – was negative before and negative now,,,,,3.3,11.3,16.7,31.6,6.4,20.5,,,,,VI-2026-07-15-Opinium-Observer-Web-Tables-1227.xlsx,STA1
"2,050 UK adults",15th - 17th July 2026,,,,2050,,region,London,"Q:STA1. Thinking about his time as Prime Minister, would you say your opinion of Keir Starmer has become more positive or negative since he became Prime Minister?",Leader favourability (Starmer),starmer,Much more positive,A little more positive,A little more negative,Much more negative,No change – was positive before and positive now,No change – was negative before and negative now,,,,,4.7,15.3,21.1,26.2,8.6,14.0,,,,,VI-2026-07-15-Opinium-Observer-Web-Tables-1227.xlsx,STA1
"2,050 UK adults",15th - 17th July 2026,,,,2050,,region,South,"Q:STA1. Thinking about his time as Prime Minister, would you say your opinion of Keir Starmer has become more positive or negative since he became Prime Minister?",Leader favourability (Starmer),starmer,Much more positive,A little more positive,A little more negative,Much more negative,No change – was positive before and positive now,No change – was negative before and negative now,,,,,3.1,9.6,16.3,33.0,6.5,21.5,,,,,VI-2026-07-15-Opinium-Observer-Web-Tables-1227.xlsx,STA1
"2,050 UK adults",15th - 17th July 2026,,,,2050,,region,Wales,"Q:STA1. Thinking about his time as Prime Minister, would you say your opinion of Keir Starmer has become more positive or negative since he became Prime Minister?",Leader favourability (Starmer),starmer,Much more positive,A little more positive,A little more negative,Much more negative,No change – was positive before and positive now,No change – was negative before and negative now,,,,,6.3,8.9,15.3,26.5,9.9,21.6,,,,,VI-2026-07-15-Opinium-Observer-Web-Tables-1227.xlsx,STA1
"2,050 UK adults",15th - 17th July 2026,,,,2050,,region,Scotland,"Q:STA1. Thinking about his time as Prime Minister, would you say your opinion of Keir Starmer has become more positive or negative since he became Prime Minister?",Leader favourability (Starmer),starmer,Much more positive,A little more positive,A little more negative,Much more negative,No change – was positive before and positive now,No change – was negative before and negative now,,,,,8.9,11.0,14.7,28.0,3.4,23.9,,,,,VI-2026-07-15-Opinium-Observer-Web-Tables-1227.xlsx,STA1
"2,050 UK adults",15th - 17th July 2026,,,,2050,,region,Northern Ireland,"Q:STA1. Thinking about his time as Prime Minister, would you say your opinion of Keir Starmer has become more positive or negative since he became Prime Minister?",Leader favourability (Starmer),starmer,Much more positive,A little more positive,A little more negative,Much more negative,No change – was positive before and positive now,No change – was negative before and negative now,,,,,,5.6,16.3,38.4,3.6,23.8,,,,,VI-2026-07-15-Opinium-Observer-Web-Tables-1227.xlsx,STA1
"2,050 UK adults",15th - 17th July 2026,,,,2050,,total,Total,"Q:STA2. And again, thinking about Labour’s government under Keir Starmer, would you say your opinion of the Labour Party has become more positive or negative since they formed a government?",Leader favourability (Starmer),starmer,Much more positive,A little more positive,A little more negative,Much more negative,No change – was positive before and positive now,No change – was negative before and negative now,,,,,3.8,9.2,17.6,30.8,7.5,19.8,,,,,VI-2026-07-15-Opinium-Observer-Web-Tables-1227.xlsx,STA2
"2,050 UK adults",15th - 17th July 2026,,,,2050,,current_vote,Con,"Q:STA2. And again, thinking about Labour’s government under Keir Starmer, would you say your opinion of the Labour Party has become more positive or negative since they formed a government?",Leader favourability (Starmer),starmer,Much more positive,A little more positive,A little more negative,Much more negative,No change – was positive before and positive now,No change – was negative before and negative now,,,,,2.6,7.9,13.3,39.9,2.2,30.8,,,,,VI-2026-07-15-Opinium-Observer-Web-Tables-1227.xlsx,STA2
"2,050 UK adults",15th - 17th July 2026,,,,2050,,current_vote,Lab,"Q:STA2. And again, thinking about Labour’s government under Keir Starmer, would you say your opinion of the Labour Party has become more positive or negative since they formed a government?",Leader favourability (Starmer),starmer,Much more positive,A little more positive,A little more negative,Much more negative,No change – was positive before and positive now,No change – was negative before and negative now,,,,,11.2,21.5,20.9,8.8,26.5,2.4,,,,,VI-2026-07-15-Opinium-Observer-Web-Tables-1227.xlsx,STA2
"2,050 UK adults",15th - 17th July 2026,,,,2050,,current_vote,Lib Dem,"Q:STA2. And again, thinking about Labour’s government under Keir Starmer, would you say your opinion of the Labour Party has become more positive or negative since they formed a government?",Leader favourability (Starmer),starmer,Much more positive,A little more positive,A little more negative,Much more negative,No change – was positive before and positive now,No change – was negative before and negative now,,,,,1.1,11.2,33.2,21.2,9.5,14.7,,,,,VI-2026-07-15-Opinium-Observer-Web-Tables-1227.xlsx,STA2
"2,050 UK adults",15th - 17th July 2026,,,,2050,,current_vote,Reform,"Q:STA2. And again, thinking about Labour’s government under Keir Starmer, would you say your opinion of the Labour Party has become more positive or negative since they formed a government?",Leader favourability (Starmer),starmer,Much more positive,A little more positive,A little more negative,Much more negative,No change – was positive before and positive now,No change – was negative before and negative now,,,,,2.6,4.8,8.2,52.3,1.6,26.8,,,,,VI-2026-07-15-Opinium-Observer-Web-Tables-1227.xlsx,STA2
"2,050 UK adults",15th - 17th July 2026,,,,2050,,current_vote,Green,"Q:STA2. And again, thinking about Labour’s government under Keir Starmer, would you say your opinion of the Labour Party has become more positive or negative since they formed a government?",Leader favourability (Starmer),starmer,Much more positive,A little more positive,A little more negative,Much more negative,No change – was positive before and positive now,No change – was negative before and negative now,,,,,4.8,10.1,28.9,30.6,4.2,11.4,,,,,VI-2026-07-15-Opinium-Observer-Web-Tables-1227.xlsx,STA2
"2,050 UK adults",15th - 17th July 2026,,,,2050,,historic_vote,Conservative,"Q:STA2. And again, thinking about Labour’s government under Keir Starmer, would you say your opinion of the Labour Party has become more positive or negative since they formed a government?",Leader favourability (Starmer),starmer,Much more positive,A little more positive,A little more negative,Much more negative,No change – was positive before and positive now,No change – was negative before and negative now,,,,,1.9,6.9,10.0,40.2,2.6,35.6,,,,,VI-2026-07-15-Opinium-Observer-Web-Tables-1227.xlsx,STA2
"2,050 UK adults",15th - 17th July 2026,,,,2050,,historic_vote,Labour,"Q:STA2. And again, thinking about Labour’s government under Keir Starmer, would you say your opinion of the Labour Party has become more positive or negative since they formed a government?",Leader favourability (Starmer),starmer,Much more positive,A little more positive,A little more negative,Much more negative,No change – was positive before and positive now,No change – was negative before and negative now,,,,,7.3,13.4,25.0,23.2,18.3,4.4,,,,,VI-2026-07-15-Opinium-Observer-Web-Tables-1227.xlsx,STA2
"2,050 UK adults",15th - 17th July 2026,,,,2050,,historic_vote,Lib Dems,"Q:STA2. And again, thinking about Labour’s government under Keir Starmer, would you say your opinion of the Labour Party has become more positive or negative since they formed a government?",Leader favourability (Starmer),starmer,Much more positive,A little more positive,A little more negative,Much more negative,No change – was positive before and positive now,No change – was negative before and negative now,,,,,1.8,12.6,29.4,22.7,8.3,16.2,,,,,VI-2026-07-15-Opinium-Observer-Web-Tables-1227.xlsx,STA2
"2,050 UK adults",15th - 17th July 2026,,,,2050,,historic_vote,Green,"Q:STA2. And again, thinking about Labour’s government under Keir Starmer, would you say your opinion of the Labour Party has become more positive or negative since they formed a government?",Leader favourability (Starmer),starmer,Much more positive,A little more positive,A little more negative,Much more negative,No change – was positive before and positive now,No change – was negative before and negative now,,,,,4.9,8.8,29.1,31.8,1.6,10.6,,,,,VI-2026-07-15-Opinium-Observer-Web-Tables-1227.xlsx,STA2
"2,050 UK adults",15th - 17th July 2026,,,,2050,,historic_vote,Reform UK,"Q:STA2. And again, thinking about Labour’s government under Keir Starmer, would you say your opinion of the Labour Party has become more positive or negative since they formed a government?",Leader favourability (Starmer),starmer,Much more positive,A little more positive,A little more negative,Much more negative,No change – was positive before and positive now,No change – was negative before and negative now,,,,,1.6,6.3,6.5,51.0,2.3,29.8,,,,,VI-2026-07-15-Opinium-Observer-Web-Tables-1227.xlsx,STA2
"2,050 UK adults",15th - 17th July 2026,,,,2050,,historic_vote,Con,"Q:STA2. And again, thinking about Labour’s government under Keir Starmer, would you say your opinion of the Labour Party has become more positive or negative since they formed a government?",Leader favourability (Starmer),starmer,Much more positive,A little more positive,A little more negative,Much more negative,No change – was positive before and positive now,No change – was negative before and negative now,,,,,2.1,5.6,12.7,43.3,2.2,31.0,,,,,VI-2026-07-15-Opinium-Observer-Web-Tables-1227.xlsx,STA2
"2,050 UK adults",15th - 17th July 2026,,,,2050,,historic_vote,Lab,"Q:STA2. And again, thinking about Labour’s government under Keir Starmer, would you say your opinion of the Labour Party has become more positive or negative since they formed a government?",Leader favourability (Starmer),starmer,Much more positive,A little more positive,A little more negative,Much more negative,No change – was positive before and positive now,No change – was negative before and negative now,,,,,6.5,12.7,20.5,26.3,18.5,6.4,,,,,VI-2026-07-15-Opinium-Observer-Web-Tables-1227.xlsx,STA2
"2,050 UK adults",15th - 17th July 2026,,,,2050,,historic_vote,Lib Dem,"Q:STA2. And again, thinking about Labour’s government under Keir Starmer, would you say your opinion of the Labour Party has become more positive or negative since they formed a government?",Leader favourability (Starmer),starmer,Much more positive,A little more positive,A little more negative,Much more negative,No change – was positive before and positive now,No change – was negative before and negative now,,,,,2.6,11.7,30.4,21.6,13.2,12.4,,,,,VI-2026-07-15-Opinium-Observer-Web-Tables-1227.xlsx,STA2
"2,050 UK adults",15th - 17th July 2026,,,,2050,,historic_vote,Remain,"Q:STA2. And again, thinking about Labour’s government under Keir Starmer, would you say your opinion of the Labour Party has become more positive or negative since they formed a government?",Leader favourability (Starmer),starmer,Much more positive,A little more positive,A little more negative,Much more negative,No change – was positive before and positive now,No change – was negative before and negative now,,,,,3.7,11.7,21.8,25.7,12.2,14.6,,,,,VI-2026-07-15-Opinium-Observer-Web-Tables-1227.xlsx,STA2
"2,050 UK adults",15th - 17th July 2026,,,,2050,,historic_vote,Leave,"Q:STA2. And again, thinking about Labour’s government under Keir Starmer, would you say your opinion of the Labour Party has become more positive or negative since they formed a government?",Leader favourability (Starmer),starmer,Much more positive,A little more positive,A little more negative,Much more negative,No change – was positive before and positive now,No change – was negative before and negative now,,,,,2.7,4.9,12.9,43.8,3.3,26.7,,,,,VI-2026-07-15-Opinium-Observer-Web-Tables-1227.xlsx,STA2
"2,050 UK adults",15th - 17th July 2026,,,,2050,,gender,Male,"Q:STA2. And again, thinking about Labour’s government under Keir Starmer, would you say your opinion of the Labour Party has become more positive or negative since they formed a government?",Leader favourability (Starmer),starmer,Much more positive,A little more positive,A little more negative,Much more negative,No change – was positive before and positive now,No change – was negative before and negative now,,,,,3.8,9.5,17.6,32.8,8.2,19.3,,,,,VI-2026-07-15-Opinium-Observer-Web-Tables-1227.xlsx,STA2
"2,050 UK adults",15th - 17th July 2026,,,,2050,,gender,Female,"Q:STA2. And again, thinking about Labour’s government under Keir Starmer, would you say your opinion of the Labour Party has become more positive or negative since they formed a government?",Leader favourability (Starmer),starmer,Much more positive,A little more positive,A little more negative,Much more negative,No change – was positive before and positive now,No change – was negative before and negative now,,,,,3.8,9.2,17.5,28.6,7.0,20.4,,,,,VI-2026-07-15-Opinium-Observer-Web-Tables-1227.xlsx,STA2
"2,050 UK adults",15th - 17th July 2026,,,,2050,,age,18-34,"Q:STA2. And again, thinking about Labour’s government under Keir Starmer, would you say your opinion of the Labour Party has become more positive or negative since they formed a government?",Leader favourability (Starmer),starmer,Much more positive,A little more positive,A little more negative,Much more negative,No change – was positive before and positive now,No change – was negative before and negative now,,,,,8.1,15.8,20.5,21.2,8.5,12.2,,,,,VI-2026-07-15-Opinium-Observer-Web-Tables-1227.xlsx,STA2
"2,050 UK adults",15th - 17th July 2026,,,,2050,,age,35-49,"Q:STA2. And again, thinking about Labour’s government under Keir Starmer, would you say your opinion of the Labour Party has become more positive or negative since they formed a government?",Leader favourability (Starmer),starmer,Much more positive,A little more positive,A little more negative,Much more negative,No change – was positive before and positive now,No change – was negative before and negative now,,,,,3.6,9.2,20.8,29.8,7.2,16.8,,,,,VI-2026-07-15-Opinium-Observer-Web-Tables-1227.xlsx,STA2
"2,050 UK adults",15th - 17th July 2026,,,,2050,,age,50-64,"Q:STA2. And again, thinking about Labour’s government under Keir Starmer, would you say your opinion of the Labour Party has become more positive or negative since they formed a government?",Leader favourability (Starmer),starmer,Much more positive,A little more positive,A little more negative,Much more negative,No change – was positive before and positive now,No change – was negative before and negative now,,,,,1.8,6.3,15.2,35.9,9.2,20.9,,,,,VI-2026-07-15-Opinium-Observer-Web-Tables-1227.xlsx,STA2
"2,050 UK adults",15th - 17th July 2026,,,,2050,,age,65+,"Q:STA2. And again, thinking about Labour’s government under Keir Starmer, would you say your opinion of the Labour Party has become more positive or negative since they formed a government?",Leader favourability (Starmer),starmer,Much more positive,A little more positive,A little more negative,Much more negative,No change – was positive before and positive now,No change – was negative before and negative now,,,,,0.9,4.8,13.4,37.3,4.8,30.5,,,,,VI-2026-07-15-Opinium-Observer-Web-Tables-1227.xlsx,STA2
"2,050 UK adults",15th - 17th July 2026,,,,2050,,region,North,"Q:STA2. And again, thinking about Labour’s government under Keir Starmer, would you say your opinion of the Labour Party has become more positive or negative since they formed a government?",Leader favourability (Starmer),starmer,Much more positive,A little more positive,A little more negative,Much more negative,No change – was positive before and positive now,No change – was negative before and negative now,,,,,4.2,8.6,17.6,31.9,8.4,18.8,,,,,VI-2026-07-15-Opinium-Observer-Web-Tables-1227.xlsx,STA2
"2,050 UK adults",15th - 17th July 2026,,,,2050,,region,Mids,"Q:STA2. And again, thinking about Labour’s government under Keir Starmer, would you say your opinion of the Labour Party has become more positive or negative since they formed a government?",Leader favourability (Starmer),starmer,Much more positive,A little more positive,A little more negative,Much more negative,No change – was positive before and positive now,No change – was negative before and negative now,,,,,3.8,8.4,19.3,30.6,7.4,18.5,,,,,VI-2026-07-15-Opinium-Observer-Web-Tables-1227.xlsx,STA2
"2,050 UK adults",15th - 17th July 2026,,,,2050,,region,London,"Q:STA2. And again, thinking about Labour’s government under Keir Starmer, would you say your opinion of the Labour Party has become more positive or negative since they formed a government?",Leader favourability (Starmer),starmer,Much more positive,A little more positive,A little more negative,Much more negative,No change – was positive before and positive now,No change – was negative before and negative now,,,,,4.0,16.3,17.9,26.8,6.9,16.7,,,,,VI-2026-07-15-Opinium-Observer-Web-Tables-1227.xlsx,STA2
"2,050 UK adults",15th - 17th July 2026,,,,2050,,region,South,"Q:STA2. And again, thinking about Labour’s government under Keir Starmer, would you say your opinion of the Labour Party has become more positive or negative since they formed a government?",Leader favourability (Starmer),starmer,Much more positive,A little more positive,A little more negative,Much more negative,No change – was positive before and positive now,No change – was negative before and negative now,,,,,3.3,8.0,16.0,33.1,7.3,20.6,,,,,VI-2026-07-15-Opinium-Observer-Web-Tables-1227.xlsx,STA2
"2,050 UK adults",15th - 17th July 2026,,,,2050,,region,Wales,"Q:STA2. And again, thinking about Labour’s government under Keir Starmer, would you say your opinion of the Labour Party has become more positive or negative since they formed a government?",Leader favourability (Starmer),starmer,Much more positive,A little more positive,A little more negative,Much more negative,No change – was positive before and positive now,No change – was negative before and negative now,,,,,5.7,9.3,21.4,23.7,5.3,21.7,,,,,VI-2026-07-15-Opinium-Observer-Web-Tables-1227.xlsx,STA2
"2,050 UK adults",15th - 17th July 2026,,,,2050,,region,Scotland,"Q:STA2. And again, thinking about Labour’s government under Keir Starmer, would you say your opinion of the Labour Party has become more positive or negative since they formed a government?",Leader favourability (Starmer),starmer,Much more positive,A little more positive,A little more negative,Much more negative,No change – was positive before and positive now,No change – was negative before and negative now,,,,,3.8,8.7,18.0,26.7,9.7,24.5,,,,,VI-2026-07-15-Opinium-Observer-Web-Tables-1227.xlsx,STA2
"2,050 UK adults",15th - 17th July 2026,,,,2050,,region,Northern Ireland,"Q:STA2. And again, thinking about Labour’s government under Keir Starmer, would you say your opinion of the Labour Party has become more positive or negative since they formed a government?",Leader favourability (Starmer),starmer,Much more positive,A little more positive,A little more negative,Much more negative,No change – was positive before and positive now,No change – was negative before and negative now,,,,,,2.2,16.6,37.7,1.4,24.3,,,,,VI-2026-07-15-Opinium-Observer-Web-Tables-1227.xlsx,STA2
"2,050 UK adults",15th - 17th July 2026,,,,2050,,total,Total,"Q:STA3. Overall, would you say the government led by Keir Starmer and the Labour Party has been a success?",Leader favourability (Starmer),starmer,Yes – definitely,Yes – probably,No – probably not,No – definitely not,,,,,,,4.5,16.2,25.3,43.7,,,,,,,VI-2026-07-15-Opinium-Observer-Web-Tables-1227.xlsx,STA3
"2,050 UK adults",15th - 17th July 2026,,,,2050,,current_vote,Con,"Q:STA3. Overall, would you say the government led by Keir Starmer and the Labour Party has been a success?",Leader favourability (Starmer),starmer,Yes – definitely,Yes – probably,No – probably not,No – definitely not,,,,,,,2.8,8.4,24.1,60.6,,,,,,,VI-2026-07-15-Opinium-Observer-Web-Tables-1227.xlsx,STA3
"2,050 UK adults",15th - 17th July 2026,,,,2050,,current_vote,Lab,"Q:STA3. Overall, would you say the government led by Keir Starmer and the Labour Party has been a success?",Leader favourability (Starmer),starmer,Yes – definitely,Yes – probably,No – probably not,No – definitely not,,,,,,,17.0,43.7,24.7,8.0,,,,,,,VI-2026-07-15-Opinium-Observer-Web-Tables-1227.xlsx,STA3
"2,050 UK adults",15th - 17th July 2026,,,,2050,,current_vote,Lib Dem,"Q:STA3. Overall, would you say the government led by Keir Starmer and the Labour Party has been a success?",Leader favourability (Starmer),starmer,Yes – definitely,Yes – probably,No – probably not,No – definitely not,,,,,,,3.0,19.6,34.4,32.7,,,,,,,VI-2026-07-15-Opinium-Observer-Web-Tables-1227.xlsx,STA3
"2,050 UK adults",15th - 17th July 2026,,,,2050,,current_vote,Reform,"Q:STA3. Overall, would you say the government led by Keir Starmer and the Labour Party has been a success?",Leader favourability (Starmer),starmer,Yes – definitely,Yes – probably,No – probably not,No – definitely not,,,,,,,1.6,5.6,9.9,79.5,,,,,,,VI-2026-07-15-Opinium-Observer-Web-Tables-1227.xlsx,STA3
"2,050 UK adults",15th - 17th July 2026,,,,2050,,current_vote,Green,"Q:STA3. Overall, would you say the government led by Keir Starmer and the Labour Party has been a success?",Leader favourability (Starmer),starmer,Yes – definitely,Yes – probably,No – probably not,No – definitely not,,,,,,,2.7,19.9,38.7,29.9,,,,,,,VI-2026-07-15-Opinium-Observer-Web-Tables-1227.xlsx,STA3
"2,050 UK adults",15th - 17th July 2026,,,,2050,,historic_vote,Conservative,"Q:STA3. Overall, would you say the government led by Keir Starmer and the Labour Party has been a success?",Leader favourability (Starmer),starmer,Yes – definitely,Yes – probably,No – probably not,No – definitely not,,,,,,,2.8,7.1,22.0,65.3,,,,,,,VI-2026-07-15-Opinium-Observer-Web-Tables-1227.xlsx,STA3
"2,050 UK adults",15th - 17th July 2026,,,,2050,,historic_vote,Labour,"Q:STA3. Overall, would you say the government led by Keir Starmer and the Labour Party has been a success?",Leader favourability (Starmer),starmer,Yes – definitely,Yes – probably,No – probably not,No – definitely not,,,,,,,11.6,30.3,29.4,22.6,,,,,,,VI-2026-07-15-Opinium-Observer-Web-Tables-1227.xlsx,STA3
"2,050 UK adults",15th - 17th July 2026,,,,2050,,historic_vote,Lib Dems,"Q:STA3. Overall, would you say the government led by Keir Starmer and the Labour Party has been a success?",Leader favourability (Starmer),starmer,Yes – definitely,Yes – probably,No – probably not,No – definitely not,,,,,,,3.7,21.6,31.9,33.5,,,,,,,VI-2026-07-15-Opinium-Observer-Web-Tables-1227.xlsx,STA3
"2,050 UK adults",15th - 17th July 2026,,,,2050,,historic_vote,Green,"Q:STA3. Overall, would you say the government led by Keir Starmer and the Labour Party has been a success?",Leader favourability (Starmer),starmer,Yes – definitely,Yes – probably,No – probably not,No – definitely not,,,,,,,4.1,11.9,37.9,32.1,,,,,,,VI-2026-07-15-Opinium-Observer-Web-Tables-1227.xlsx,STA3
"2,050 UK adults",15th - 17th July 2026,,,,2050,,historic_vote,Reform UK,"Q:STA3. Overall, would you say the government led by Keir Starmer and the Labour Party has been a success?",Leader favourability (Starmer),starmer,Yes – definitely,Yes – probably,No – probably not,No – definitely not,,,,,,,1.4,8.3,10.2,77.4,,,,,,,VI-2026-07-15-Opinium-Observer-Web-Tables-1227.xlsx,STA3
"2,050 UK adults",15th - 17th July 2026,,,,2050,,historic_vote,Con,"Q:STA3. Overall, would you say the government led by Keir Starmer and the Labour Party has been a success?",Leader favourability (Starmer),starmer,Yes – definitely,Yes – probably,No – probably not,No – definitely not,,,,,,,2.5,6.7,20.0,67.0,,,,,,,VI-2026-07-15-Opinium-Observer-Web-Tables-1227.xlsx,STA3
"2,050 UK adults",15th - 17th July 2026,,,,2050,,historic_vote,Lab,"Q:STA3. Overall, would you say the government led by Keir Starmer and the Labour Party has been a success?",Leader favourability (Starmer),starmer,Yes – definitely,Yes – probably,No – probably not,No – definitely not,,,,,,,10.7,28.7,27.0,26.0,,,,,,,VI-2026-07-15-Opinium-Observer-Web-Tables-1227.xlsx,STA3
"2,050 UK adults",15th - 17th July 2026,,,,2050,,historic_vote,Lib Dem,"Q:STA3. Overall, would you say the government led by Keir Starmer and the Labour Party has been a success?",Leader favourability (Starmer),starmer,Yes – definitely,Yes – probably,No – probably not,No – definitely not,,,,,,,5.6,25.5,33.9,26.6,,,,,,,VI-2026-07-15-Opinium-Observer-Web-Tables-1227.xlsx,STA3
"2,050 UK adults",15th - 17th July 2026,,,,2050,,historic_vote,Remain,"Q:STA3. Overall, would you say the government led by Keir Starmer and the Labour Party has been a success?",Leader favourability (Starmer),starmer,Yes – definitely,Yes – probably,No – probably not,No – definitely not,,,,,,,7.0,21.7,31.5,31.2,,,,,,,VI-2026-07-15-Opinium-Observer-Web-Tables-1227.xlsx,STA3
"2,050 UK adults",15th - 17th July 2026,,,,2050,,historic_vote,Leave,"Q:STA3. Overall, would you say the government led by Keir Starmer and the Labour Party has been a success?",Leader favourability (Starmer),starmer,Yes – definitely,Yes – probably,No – probably not,No – definitely not,,,,,,,2.2,9.3,17.9,66.1,,,,,,,VI-2026-07-15-Opinium-Observer-Web-Tables-1227.xlsx,STA3
"2,050 UK adults",15th - 17th July 2026,,,,2050,,gender,Male,"Q:STA3. Overall, would you say the government led by Keir Starmer and the Labour Party has been a success?",Leader favourability (Starmer),starmer,Yes – definitely,Yes – probably,No – probably not,No – definitely not,,,,,,,4.5,17.7,22.3,47.6,,,,,,,VI-2026-07-15-Opinium-Observer-Web-Tables-1227.xlsx,STA3
"2,050 UK adults",15th - 17th July 2026,,,,2050,,gender,Female,"Q:STA3. Overall, would you say the government led by Keir Starmer and the Labour Party has been a success?",Leader favourability (Starmer),starmer,Yes – definitely,Yes – probably,No – probably not,No – definitely not,,,,,,,4.6,15.2,27.7,40.3,,,,,,,VI-2026-07-15-Opinium-Observer-Web-Tables-1227.xlsx,STA3
"2,050 UK adults",15th - 17th July 2026,,,,2050,,age,18-34,"Q:STA3. Overall, would you say the government led by Keir Starmer and the Labour Party has been a success?",Leader favourability (Starmer),starmer,Yes – definitely,Yes – probably,No – probably not,No – definitely not,,,,,,,7.4,24.7,27.3,27.2,,,,,,,VI-2026-07-15-Opinium-Observer-Web-Tables-1227.xlsx,STA3
"2,050 UK adults",15th - 17th July 2026,,,,2050,,age,35-49,"Q:STA3. Overall, would you say the government led by Keir Starmer and the Labour Party has been a success?",Leader favourability (Starmer),starmer,Yes – definitely,Yes – probably,No – probably not,No – definitely not,,,,,,,4.8,18.1,24.8,40.9,,,,,,,VI-2026-07-15-Opinium-Observer-Web-Tables-1227.xlsx,STA3
"2,050 UK adults",15th - 17th July 2026,,,,2050,,age,50-64,"Q:STA3. Overall, would you say the government led by Keir Starmer and the Labour Party has been a success?",Leader favourability (Starmer),starmer,Yes – definitely,Yes – probably,No – probably not,No – definitely not,,,,,,,3.1,13.1,24.8,49.3,,,,,,,VI-2026-07-15-Opinium-Observer-Web-Tables-1227.xlsx,STA3
"2,050 UK adults",15th - 17th July 2026,,,,2050,,age,65+,"Q:STA3. Overall, would you say the government led by Keir Starmer and the Labour Party has been a success?",Leader favourability (Starmer),starmer,Yes – definitely,Yes – probably,No – probably not,No – definitely not,,,,,,,2.5,7.9,24.0,59.9,,,,,,,VI-2026-07-15-Opinium-Observer-Web-Tables-1227.xlsx,STA3
"2,050 UK adults",15th - 17th July 2026,,,,2050,,region,North,"Q:STA3. Overall, would you say the government led by Keir Starmer and the Labour Party has been a success?",Leader favourability (Starmer),starmer,Yes – definitely,Yes – probably,No – probably not,No – definitely not,,,,,,,6.2,18.1,20.7,45.0,,,,,,,VI-2026-07-15-Opinium-Observer-Web-Tables-1227.xlsx,STA3
"2,050 UK adults",15th - 17th July 2026,,,,2050,,region,Mids,"Q:STA3. Overall, would you say the government led by Keir Starmer and the Labour Party has been a success?",Leader favourability (Starmer),starmer,Yes – definitely,Yes – probably,No – probably not,No – definitely not,,,,,,,3.2,16.1,25.0,44.9,,,,,,,VI-2026-07-15-Opinium-Observer-Web-Tables-1227.xlsx,STA3
"2,050 UK adults",15th - 17th July 2026,,,,2050,,region,London,"Q:STA3. Overall, would you say the government led by Keir Starmer and the Labour Party has been a success?",Leader favourability (Starmer),starmer,Yes – definitely,Yes – probably,No – probably not,No – definitely not,,,,,,,5.4,20.1,29.3,32.4,,,,,,,VI-2026-07-15-Opinium-Observer-Web-Tables-1227.xlsx,STA3
"2,050 UK adults",15th - 17th July 2026,,,,2050,,region,South,"Q:STA3. Overall, would you say the government led by Keir Starmer and the Labour Party has been a success?",Leader favourability (Starmer),starmer,Yes – definitely,Yes – probably,No – probably not,No – definitely not,,,,,,,4.0,13.4,26.2,45.6,,,,,,,VI-2026-07-15-Opinium-Observer-Web-Tables-1227.xlsx,STA3
"2,050 UK adults",15th - 17th July 2026,,,,2050,,region,Wales,"Q:STA3. Overall, would you say the government led by Keir Starmer and the Labour Party has been a success?",Leader favourability (Starmer),starmer,Yes – definitely,Yes – probably,No – probably not,No – definitely not,,,,,,,3.3,19.3,29.5,40.3,,,,,,,VI-2026-07-15-Opinium-Observer-Web-Tables-1227.xlsx,STA3
"2,050 UK adults",15th - 17th July 2026,,,,2050,,region,Scotland,"Q:STA3. Overall, would you say the government led by Keir Starmer and the Labour Party has been a success?",Leader favourability (Starmer),starmer,Yes – definitely,Yes – probably,No – probably not,No – definitely not,,,,,,,5.3,18.0,25.3,45.0,,,,,,,VI-2026-07-15-Opinium-Observer-Web-Tables-1227.xlsx,STA3
"2,050 UK adults",15th - 17th July 2026,,,,2050,,region,Northern Ireland,"Q:STA3. Overall, would you say the government led by Keir Starmer and the Labour Party has been a success?",Leader favourability (Starmer),starmer,Yes – definitely,Yes – probably,No – probably not,No – definitely not,,,,,,,,4.6,29.0,59.8,,,,,,,VI-2026-07-15-Opinium-Observer-Web-Tables-1227.xlsx,STA3
"2,050 UK adults",15th - 17th July 2026,,,,2050,,total,Total,"Q:STA4A. Thinking about the Labour government under Keir Starmer so far, what do you think has been its greatest success, if anything?",Leader favourability (Starmer),starmer,There have been no notable successes,,,,,,,,,,51.0,,,,,,,,,,VI-2026-07-15-Opinium-Observer-Web-Tables-1227.xlsx,STA4A
"2,050 UK adults",15th - 17th July 2026,,,,2050,,current_vote,Con,"Q:STA4A. Thinking about the Labour government under Keir Starmer so far, what do you think has been its greatest success, if anything?",Leader favourability (Starmer),starmer,There have been no notable successes,,,,,,,,,,67.2,,,,,,,,,,VI-2026-07-15-Opinium-Observer-Web-Tables-1227.xlsx,STA4A
"2,050 UK adults",15th - 17th July 2026,,,,2050,,current_vote,Lab,"Q:STA4A. Thinking about the Labour government under Keir Starmer so far, what do you think has been its greatest success, if anything?",Leader favourability (Starmer),starmer,There have been no notable successes,,,,,,,,,,26.3,,,,,,,,,,VI-2026-07-15-Opinium-Observer-Web-Tables-1227.xlsx,STA4A
"2,050 UK adults",15th - 17th July 2026,,,,2050,,current_vote,Lib Dem,"Q:STA4A. Thinking about the Labour government under Keir Starmer so far, what do you think has been its greatest success, if anything?",Leader favourability (Starmer),starmer,There have been no notable successes,,,,,,,,,,44.7,,,,,,,,,,VI-2026-07-15-Opinium-Observer-Web-Tables-1227.xlsx,STA4A
"2,050 UK adults",15th - 17th July 2026,,,,2050,,current_vote,Reform,"Q:STA4A. Thinking about the Labour government under Keir Starmer so far, what do you think has been its greatest success, if anything?",Leader favourability (Starmer),starmer,There have been no notable successes,,,,,,,,,,71.5,,,,,,,,,,VI-2026-07-15-Opinium-Observer-Web-Tables-1227.xlsx,STA4A
"2,050 UK adults",15th - 17th July 2026,,,,2050,,current_vote,Green,"Q:STA4A. Thinking about the Labour government under Keir Starmer so far, what do you think has been its greatest success, if anything?",Leader favourability (Starmer),starmer,There have been no notable successes,,,,,,,,,,44.3,,,,,,,,,,VI-2026-07-15-Opinium-Observer-Web-Tables-1227.xlsx,STA4A
"2,050 UK adults",15th - 17th July 2026,,,,2050,,historic_vote,Conservative,"Q:STA4A. Thinking about the Labour government under Keir Starmer so far, what do you think has been its greatest success, if anything?",Leader favourability (Starmer),starmer,There have been no notable successes,,,,,,,,,,71.7,,,,,,,,,,VI-2026-07-15-Opinium-Observer-Web-Tables-1227.xlsx,STA4A
"2,050 UK adults",15th - 17th July 2026,,,,2050,,historic_vote,Labour,"Q:STA4A. Thinking about the Labour government under Keir Starmer so far, what do you think has been its greatest success, if anything?",Leader favourability (Starmer),starmer,There have been no notable successes,,,,,,,,,,37.4,,,,,,,,,,VI-2026-07-15-Opinium-Observer-Web-Tables-1227.xlsx,STA4A
"2,050 UK adults",15th - 17th July 2026,,,,2050,,historic_vote,Lib Dems,"Q:STA4A. Thinking about the Labour government under Keir Starmer so far, what do you think has been its greatest success, if anything?",Leader favourability (Starmer),starmer,There have been no notable successes,,,,,,,,,,41.4,,,,,,,,,,VI-2026-07-15-Opinium-Observer-Web-Tables-1227.xlsx,STA4A
"2,050 UK adults",15th - 17th July 2026,,,,2050,,historic_vote,Green,"Q:STA4A. Thinking about the Labour government under Keir Starmer so far, what do you think has been its greatest success, if anything?",Leader favourability (Starmer),starmer,There have been no notable successes,,,,,,,,,,44.0,,,,,,,,,,VI-2026-07-15-Opinium-Observer-Web-Tables-1227.xlsx,STA4A
"2,050 UK adults",15th - 17th July 2026,,,,2050,,historic_vote,Reform UK,"Q:STA4A. Thinking about the Labour government under Keir Starmer so far, what do you think has been its greatest success, if anything?",Leader favourability (Starmer),starmer,There have been no notable successes,,,,,,,,,,69.3,,,,,,,,,,VI-2026-07-15-Opinium-Observer-Web-Tables-1227.xlsx,STA4A
"2,050 UK adults",15th - 17th July 2026,,,,2050,,historic_vote,Con,"Q:STA4A. Thinking about the Labour government under Keir Starmer so far, what do you think has been its greatest success, if anything?",Leader favourability (Starmer),starmer,There have been no notable successes,,,,,,,,,,68.5,,,,,,,,,,VI-2026-07-15-Opinium-Observer-Web-Tables-1227.xlsx,STA4A
"2,050 UK adults",15th - 17th July 2026,,,,2050,,historic_vote,Lab,"Q:STA4A. Thinking about the Labour government under Keir Starmer so far, what do you think has been its greatest success, if anything?",Leader favourability (Starmer),starmer,There have been no notable successes,,,,,,,,,,34.6,,,,,,,,,,VI-2026-07-15-Opinium-Observer-Web-Tables-1227.xlsx,STA4A
"2,050 UK adults",15th - 17th July 2026,,,,2050,,historic_vote,Lib Dem,"Q:STA4A. Thinking about the Labour government under Keir Starmer so far, what do you think has been its greatest success, if anything?",Leader favourability (Starmer),starmer,There have been no notable successes,,,,,,,,,,39.0,,,,,,,,,,VI-2026-07-15-Opinium-Observer-Web-Tables-1227.xlsx,STA4A
"2,050 UK adults",15th - 17th July 2026,,,,2050,,historic_vote,Remain,"Q:STA4A. Thinking about the Labour government under Keir Starmer so far, what do you think has been its greatest success, if anything?",Leader favourability (Starmer),starmer,There have been no notable successes,,,,,,,,,,42.1,,,,,,,,,,VI-2026-07-15-Opinium-Observer-Web-Tables-1227.xlsx,STA4A
"2,050 UK adults",15th - 17th July 2026,,,,2050,,historic_vote,Leave,"Q:STA4A. Thinking about the Labour government under Keir Starmer so far, what do you think has been its greatest success, if anything?",Leader favourability (Starmer),starmer,There have been no notable successes,,,,,,,,,,64.0,,,,,,,,,,VI-2026-07-15-Opinium-Observer-Web-Tables-1227.xlsx,STA4A
"2,050 UK adults",15th - 17th July 2026,,,,2050,,gender,Male,"Q:STA4A. Thinking about the Labour government under Keir Starmer so far, what do you think has been its greatest success, if anything?",Leader favourability (Starmer),starmer,There have been no notable successes,,,,,,,,,,51.8,,,,,,,,,,VI-2026-07-15-Opinium-Observer-Web-Tables-1227.xlsx,STA4A
"2,050 UK adults",15th - 17th July 2026,,,,2050,,gender,Female,"Q:STA4A. Thinking about the Labour government under Keir Starmer so far, what do you think has been its greatest success, if anything?",Leader favourability (Starmer),starmer,There have been no notable successes,,,,,,,,,,50.6,,,,,,,,,,VI-2026-07-15-Opinium-Observer-Web-Tables-1227.xlsx,STA4A
"2,050 UK adults",15th - 17th July 2026,,,,2050,,age,18-34,"Q:STA4A. Thinking about the Labour government under Keir Starmer so far, what do you think has been its greatest success, if anything?",Leader favourability (Starmer),starmer,There have been no notable successes,,,,,,,,,,45.1,,,,,,,,,,VI-2026-07-15-Opinium-Observer-Web-Tables-1227.xlsx,STA4A
"2,050 UK adults",15th - 17th July 2026,,,,2050,,age,35-49,"Q:STA4A. Thinking about the Labour government under Keir Starmer so far, what do you think has been its greatest success, if anything?",Leader favourability (Starmer),starmer,There have been no notable successes,,,,,,,,,,47.0,,,,,,,,,,VI-2026-07-15-Opinium-Observer-Web-Tables-1227.xlsx,STA4A
"2,050 UK adults",15th - 17th July 2026,,,,2050,,age,50-64,"Q:STA4A. Thinking about the Labour government under Keir Starmer so far, what do you think has been its greatest success, if anything?",Leader favourability (Starmer),starmer,There have been no notable successes,,,,,,,,,,52.8,,,,,,,,,,VI-2026-07-15-Opinium-Observer-Web-Tables-1227.xlsx,STA4A
"2,050 UK adults",15th - 17th July 2026,,,,2050,,age,65+,"Q:STA4A. Thinking about the Labour government under Keir Starmer so far, what do you think has been its greatest success, if anything?",Leader favourability (Starmer),starmer,There have been no notable successes,,,,,,,,,,59.9,,,,,,,,,,VI-2026-07-15-Opinium-Observer-Web-Tables-1227.xlsx,STA4A
"2,050 UK adults",15th - 17th July 2026,,,,2050,,region,North,"Q:STA4A. Thinking about the Labour government under Keir Starmer so far, what do you think has been its greatest success, if anything?",Leader favourability (Starmer),starmer,There have been no notable successes,,,,,,,,,,52.1,,,,,,,,,,VI-2026-07-15-Opinium-Observer-Web-Tables-1227.xlsx,STA4A
"2,050 UK adults",15th - 17th July 2026,,,,2050,,region,Mids,"Q:STA4A. Thinking about the Labour government under Keir Starmer so far, what do you think has been its greatest success, if anything?",Leader favourability (Starmer),starmer,There have been no notable successes,,,,,,,,,,49.5,,,,,,,,,,VI-2026-07-15-Opinium-Observer-Web-Tables-1227.xlsx,STA4A
"2,050 UK adults",15th - 17th July 2026,,,,2050,,region,London,"Q:STA4A. Thinking about the Labour government under Keir Starmer so far, what do you think has been its greatest success, if anything?",Leader favourability (Starmer),starmer,There have been no notable successes,,,,,,,,,,47.5,,,,,,,,,,VI-2026-07-15-Opinium-Observer-Web-Tables-1227.xlsx,STA4A
"2,050 UK adults",15th - 17th July 2026,,,,2050,,region,South,"Q:STA4A. Thinking about the Labour government under Keir Starmer so far, what do you think has been its greatest success, if anything?",Leader favourability (Starmer),starmer,There have been no notable successes,,,,,,,,,,50.9,,,,,,,,,,VI-2026-07-15-Opinium-Observer-Web-Tables-1227.xlsx,STA4A
"2,050 UK adults",15th - 17th July 2026,,,,2050,,region,Wales,"Q:STA4A. Thinking about the Labour government under Keir Starmer so far, what do you think has been its greatest success, if anything?",Leader favourability (Starmer),starmer,There have been no notable successes,,,,,,,,,,50.2,,,,,,,,,,VI-2026-07-15-Opinium-Observer-Web-Tables-1227.xlsx,STA4A
"2,050 UK adults",15th - 17th July 2026,,,,2050,,region,Scotland,"Q:STA4A. Thinking about the Labour government under Keir Starmer so far, what do you think has been its greatest success, if anything?",Leader favourability (Starmer),starmer,There have been no notable successes,,,,,,,,,,55.6,,,,,,,,,,VI-2026-07-15-Opinium-Observer-Web-Tables-1227.xlsx,STA4A
"2,050 UK adults",15th - 17th July 2026,,,,2050,,region,Northern Ireland,"Q:STA4A. Thinking about the Labour government under Keir Starmer so far, what do you think has been its greatest success, if anything?",Leader favourability (Starmer),starmer,There have been no notable successes,,,,,,,,,,55.1,,,,,,,,,,VI-2026-07-15-Opinium-Observer-Web-Tables-1227.xlsx,STA4A
"2,050 UK adults",15th - 17th July 2026,,,,2050,,total,Total,"Q:STA4B. And what do you think has been the Labour government led by Keir Starmer's greatest failure, if anything?",Leader favourability (Starmer),starmer,There have been no notable failures,,,,,,,,,,13.9,,,,,,,,,,VI-2026-07-15-Opinium-Observer-Web-Tables-1227.xlsx,STA4B
"2,050 UK adults",15th - 17th July 2026,,,,2050,,current_vote,Con,"Q:STA4B. And what do you think has been the Labour government led by Keir Starmer's greatest failure, if anything?",Leader favourability (Starmer),starmer,There have been no notable failures,,,,,,,,,,10.7,,,,,,,,,,VI-2026-07-15-Opinium-Observer-Web-Tables-1227.xlsx,STA4B
"2,050 UK adults",15th - 17th July 2026,,,,2050,,current_vote,Lab,"Q:STA4B. And what do you think has been the Labour government led by Keir Starmer's greatest failure, if anything?",Leader favourability (Starmer),starmer,There have been no notable failures,,,,,,,,,,25.6,,,,,,,,,,VI-2026-07-15-Opinium-Observer-Web-Tables-1227.xlsx,STA4B
"2,050 UK adults",15th - 17th July 2026,,,,2050,,current_vote,Lib Dem,"Q:STA4B. And what do you think has been the Labour government led by Keir Starmer's greatest failure, if anything?",Leader favourability (Starmer),starmer,There have been no notable failures,,,,,,,,,,10.8,,,,,,,,,,VI-2026-07-15-Opinium-Observer-Web-Tables-1227.xlsx,STA4B
"2,050 UK adults",15th - 17th July 2026,,,,2050,,current_vote,Reform,"Q:STA4B. And what do you think has been the Labour government led by Keir Starmer's greatest failure, if anything?",Leader favourability (Starmer),starmer,There have been no notable failures,,,,,,,,,,11.4,,,,,,,,,,VI-2026-07-15-Opinium-Observer-Web-Tables-1227.xlsx,STA4B
"2,050 UK adults",15th - 17th July 2026,,,,2050,,current_vote,Green,"Q:STA4B. And what do you think has been the Labour government led by Keir Starmer's greatest failure, if anything?",Leader favourability (Starmer),starmer,There have been no notable failures,,,,,,,,,,16.7,,,,,,,,,,VI-2026-07-15-Opinium-Observer-Web-Tables-1227.xlsx,STA4B
"2,050 UK adults",15th - 17th July 2026,,,,2050,,historic_vote,Conservative,"Q:STA4B. And what do you think has been the Labour government led by Keir Starmer's greatest failure, if anything?",Leader favourability (Starmer),starmer,There have been no notable failures,,,,,,,,,,7.3,,,,,,,,,,VI-2026-07-15-Opinium-Observer-Web-Tables-1227.xlsx,STA4B
"2,050 UK adults",15th - 17th July 2026,,,,2050,,historic_vote,Labour,"Q:STA4B. And what do you think has been the Labour government led by Keir Starmer's greatest failure, if anything?",Leader favourability (Starmer),starmer,There have been no notable failures,,,,,,,,,,19.4,,,,,,,,,,VI-2026-07-15-Opinium-Observer-Web-Tables-1227.xlsx,STA4B
"2,050 UK adults",15th - 17th July 2026,,,,2050,,historic_vote,Lib Dems,"Q:STA4B. And what do you think has been the Labour government led by Keir Starmer's greatest failure, if anything?",Leader favourability (Starmer),starmer,There have been no notable failures,,,,,,,,,,11.4,,,,,,,,,,VI-2026-07-15-Opinium-Observer-Web-Tables-1227.xlsx,STA4B
"2,050 UK adults",15th - 17th July 2026,,,,2050,,historic_vote,Green,"Q:STA4B. And what do you think has been the Labour government led by Keir Starmer's greatest failure, if anything?",Leader favourability (Starmer),starmer,There have been no notable failures,,,,,,,,,,16.1,,,,,,,,,,VI-2026-07-15-Opinium-Observer-Web-Tables-1227.xlsx,STA4B
"2,050 UK adults",15th - 17th July 2026,,,,2050,,historic_vote,Reform UK,"Q:STA4B. And what do you think has been the Labour government led by Keir Starmer's greatest failure, if anything?",Leader favourability (Starmer),starmer,There have been no notable failures,,,,,,,,,,9.8,,,,,,,,,,VI-2026-07-15-Opinium-Observer-Web-Tables-1227.xlsx,STA4B
"2,050 UK adults",15th - 17th July 2026,,,,2050,,historic_vote,Con,"Q:STA4B. And what do you think has been the Labour government led by Keir Starmer's greatest failure, if anything?",Leader favourability (Starmer),starmer,There have been no notable failures,,,,,,,,,,8.7,,,,,,,,,,VI-2026-07-15-Opinium-Observer-Web-Tables-1227.xlsx,STA4B
"2,050 UK adults",15th - 17th July 2026,,,,2050,,historic_vote,Lab,"Q:STA4B. And what do you think has been the Labour government led by Keir Starmer's greatest failure, if anything?",Leader favourability (Starmer),starmer,There have been no notable failures,,,,,,,,,,16.7,,,,,,,,,,VI-2026-07-15-Opinium-Observer-Web-Tables-1227.xlsx,STA4B
"2,050 UK adults",15th - 17th July 2026,,,,2050,,historic_vote,Lib Dem,"Q:STA4B. And what do you think has been the Labour government led by Keir Starmer's greatest failure, if anything?",Leader favourability (Starmer),starmer,There have been no notable failures,,,,,,,,,,12.5,,,,,,,,,,VI-2026-07-15-Opinium-Observer-Web-Tables-1227.xlsx,STA4B
"2,050 UK adults",15th - 17th July 2026,,,,2050,,historic_vote,Remain,"Q:STA4B. And what do you think has been the Labour government led by Keir Starmer's greatest failure, if anything?",Leader favourability (Starmer),starmer,There have been no notable failures,,,,,,,,,,13.0,,,,,,,,,,VI-2026-07-15-Opinium-Observer-Web-Tables-1227.xlsx,STA4B
"2,050 UK adults",15th - 17th July 2026,,,,2050,,historic_vote,Leave,"Q:STA4B. And what do you think has been the Labour government led by Keir Starmer's greatest failure, if anything?",Leader favourability (Starmer),starmer,There have been no notable failures,,,,,,,,,,9.7,,,,,,,,,,VI-2026-07-15-Opinium-Observer-Web-Tables-1227.xlsx,STA4B
"2,050 UK adults",15th - 17th July 2026,,,,2050,,gender,Male,"Q:STA4B. And what do you think has been the Labour government led by Keir Starmer's greatest failure, if anything?",Leader favourability (Starmer),starmer,There have been no notable failures,,,,,,,,,,14.3,,,,,,,,,,VI-2026-07-15-Opinium-Observer-Web-Tables-1227.xlsx,STA4B
"2,050 UK adults",15th - 17th July 2026,,,,2050,,gender,Female,"Q:STA4B. And what do you think has been the Labour government led by Keir Starmer's greatest failure, if anything?",Leader favourability (Starmer),starmer,There have been no notable failures,,,,,,,,,,13.6,,,,,,,,,,VI-2026-07-15-Opinium-Observer-Web-Tables-1227.xlsx,STA4B
"2,050 UK adults",15th - 17th July 2026,,,,2050,,age,18-34,"Q:STA4B. And what do you think has been the Labour government led by Keir Starmer's greatest failure, if anything?",Leader favourability (Starmer),starmer,There have been no notable failures,,,,,,,,,,24.2,,,,,,,,,,VI-2026-07-15-Opinium-Observer-Web-Tables-1227.xlsx,STA4B
"2,050 UK adults",15th - 17th July 2026,,,,2050,,age,35-49,"Q:STA4B. And what do you think has been the Labour government led by Keir Starmer's greatest failure, if anything?",Leader favourability (Starmer),starmer,There have been no notable failures,,,,,,,,,,11.9,,,,,,,,,,VI-2026-07-15-Opinium-Observer-Web-Tables-1227.xlsx,STA4B
"2,050 UK adults",15th - 17th July 2026,,,,2050,,age,50-64,"Q:STA4B. And what do you think has been the Labour government led by Keir Starmer's greatest failure, if anything?",Leader favourability (Starmer),starmer,There have been no notable failures,,,,,,,,,,10.9,,,,,,,,,,VI-2026-07-15-Opinium-Observer-Web-Tables-1227.xlsx,STA4B
"2,050 UK adults",15th - 17th July 2026,,,,2050,,age,65+,"Q:STA4B. And what do you think has been the Labour government led by Keir Starmer's greatest failure, if anything?",Leader favourability (Starmer),starmer,There have been no notable failures,,,,,,,,,,7.2,,,,,,,,,,VI-2026-07-15-Opinium-Observer-Web-Tables-1227.xlsx,STA4B
"2,050 UK adults",15th - 17th July 2026,,,,2050,,region,North,"Q:STA4B. And what do you think has been the Labour government led by Keir Starmer's greatest failure, if anything?",Leader favourability (Starmer),starmer,There have been no notable failures,,,,,,,,,,16.5,,,,,,,,,,VI-2026-07-15-Opinium-Observer-Web-Tables-1227.xlsx,STA4B
"2,050 UK adults",15th - 17th July 2026,,,,2050,,region,Mids,"Q:STA4B. And what do you think has been the Labour government led by Keir Starmer's greatest failure, if anything?",Leader favourability (Starmer),starmer,There have been no notable failures,,,,,,,,,,12.6,,,,,,,,,,VI-2026-07-15-Opinium-Observer-Web-Tables-1227.xlsx,STA4B
"2,050 UK adults",15th - 17th July 2026,,,,2050,,region,London,"Q:STA4B. And what do you think has been the Labour government led by Keir Starmer's greatest failure, if anything?",Leader favourability (Starmer),starmer,There have been no notable failures,,,,,,,,,,18.2,,,,,,,,,,VI-2026-07-15-Opinium-Observer-Web-Tables-1227.xlsx,STA4B
"2,050 UK adults",15th - 17th July 2026,,,,2050,,region,South,"Q:STA4B. And what do you think has been the Labour government led by Keir Starmer's greatest failure, if anything?",Leader favourability (Starmer),starmer,There have been no notable failures,,,,,,,,,,11.0,,,,,,,,,,VI-2026-07-15-Opinium-Observer-Web-Tables-1227.xlsx,STA4B
"2,050 UK adults",15th - 17th July 2026,,,,2050,,region,Wales,"Q:STA4B. And what do you think has been the Labour government led by Keir Starmer's greatest failure, if anything?",Leader favourability (Starmer),starmer,There have been no notable failures,,,,,,,,,,10.7,,,,,,,,,,VI-2026-07-15-Opinium-Observer-Web-Tables-1227.xlsx,STA4B
"2,050 UK adults",15th - 17th July 2026,,,,2050,,region,Scotland,"Q:STA4B. And what do you think has been the Labour government led by Keir Starmer's greatest failure, if anything?",Leader favourability (Starmer),starmer,There have been no notable failures,,,,,,,,,,18.3,,,,,,,,,,VI-2026-07-15-Opinium-Observer-Web-Tables-1227.xlsx,STA4B
"2,050 UK adults",15th - 17th July 2026,,,,2050,,region,Northern Ireland,"Q:STA4B. And what do you think has been the Labour government led by Keir Starmer's greatest failure, if anything?",Leader favourability (Starmer),starmer,There have been no notable failures,,,,,,,,,,3.8,,,,,,,,,,VI-2026-07-15-Opinium-Observer-Web-Tables-1227.xlsx,STA4B
"2,050 UK adults",15th - 17th July 2026,,,,2050,,total,Total,Q:LAB1. Would you say the current Labour government under Keir Starmer is better or worse than the last Conservative government under Rishi Sunak?,Leader favourability (Starmer),starmer,Much better,A little better,About the same,A little worse,Much worse,,,,,,9.5,15.1,25.8,13.4,27.1,,,,,,VI-2026-07-15-Opinium-Observer-Web-Tables-1227.xlsx,LAB1
"2,050 UK adults",15th - 17th July 2026,,,,2050,,current_vote,Con,Q:LAB1. Would you say the current Labour government under Keir Starmer is better or worse than the last Conservative government under Rishi Sunak?,Leader favourability (Starmer),starmer,Much better,A little better,About the same,A little worse,Much worse,,,,,,1.5,6.7,15.4,22.7,49.2,,,,,,VI-2026-07-15-Opinium-Observer-Web-Tables-1227.xlsx,LAB1
"2,050 UK adults",15th - 17th July 2026,,,,2050,,current_vote,Lab,Q:LAB1. Would you say the current Labour government under Keir Starmer is better or worse than the last Conservative government under Rishi Sunak?,Leader favourability (Starmer),starmer,Much better,A little better,About the same,A little worse,Much worse,,,,,,34.7,29.9,21.0,6.0,3.3,,,,,,VI-2026-07-15-Opinium-Observer-Web-Tables-1227.xlsx,LAB1
"2,050 UK adults",15th - 17th July 2026,,,,2050,,current_vote,Lib Dem,Q:LAB1. Would you say the current Labour government under Keir Starmer is better or worse than the last Conservative government under Rishi Sunak?,Leader favourability (Starmer),starmer,Much better,A little better,About the same,A little worse,Much worse,,,,,,10.0,23.3,30.4,21.0,10.9,,,,,,VI-2026-07-15-Opinium-Observer-Web-Tables-1227.xlsx,LAB1
"2,050 UK adults",15th - 17th July 2026,,,,2050,,current_vote,Reform,Q:LAB1. Would you say the current Labour government under Keir Starmer is better or worse than the last Conservative government under Rishi Sunak?,Leader favourability (Starmer),starmer,Much better,A little better,About the same,A little worse,Much worse,,,,,,1.5,4.1,20.0,12.2,58.3,,,,,,VI-2026-07-15-Opinium-Observer-Web-Tables-1227.xlsx,LAB1
"2,050 UK adults",15th - 17th July 2026,,,,2050,,current_vote,Green,Q:LAB1. Would you say the current Labour government under Keir Starmer is better or worse than the last Conservative government under Rishi Sunak?,Leader favourability (Starmer),starmer,Much better,A little better,About the same,A little worse,Much worse,,,,,,9.0,27.5,37.7,10.0,9.4,,,,,,VI-2026-07-15-Opinium-Observer-Web-Tables-1227.xlsx,LAB1
"2,050 UK adults",15th - 17th July 2026,,,,2050,,historic_vote,Conservative,Q:LAB1. Would you say the current Labour government under Keir Starmer is better or worse than the last Conservative government under Rishi Sunak?,Leader favourability (Starmer),starmer,Much better,A little better,About the same,A little worse,Much worse,,,,,,1.0,5.5,13.6,19.6,55.8,,,,,,VI-2026-07-15-Opinium-Observer-Web-Tables-1227.xlsx,LAB1
"2,050 UK adults",15th - 17th July 2026,,,,2050,,historic_vote,Labour,Q:LAB1. Would you say the current Labour government under Keir Starmer is better or worse than the last Conservative government under Rishi Sunak?,Leader favourability (Starmer),starmer,Much better,A little better,About the same,A little worse,Much worse,,,,,,27.1,26.8,23.6,8.6,8.7,,,,,,VI-2026-07-15-Opinium-Observer-Web-Tables-1227.xlsx,LAB1
"2,050 UK adults",15th - 17th July 2026,,,,2050,,historic_vote,Lib Dems,Q:LAB1. Would you say the current Labour government under Keir Starmer is better or worse than the last Conservative government under Rishi Sunak?,Leader favourability (Starmer),starmer,Much better,A little better,About the same,A little worse,Much worse,,,,,,7.7,20.3,33.7,17.5,15.3,,,,,,VI-2026-07-15-Opinium-Observer-Web-Tables-1227.xlsx,LAB1
"2,050 UK adults",15th - 17th July 2026,,,,2050,,historic_vote,Green,Q:LAB1. Would you say the current Labour government under Keir Starmer is better or worse than the last Conservative government under Rishi Sunak?,Leader favourability (Starmer),starmer,Much better,A little better,About the same,A little worse,Much worse,,,,,,9.5,26.1,36.5,15.6,8.4,,,,,,VI-2026-07-15-Opinium-Observer-Web-Tables-1227.xlsx,LAB1
"2,050 UK adults",15th - 17th July 2026,,,,2050,,historic_vote,Reform UK,Q:LAB1. Would you say the current Labour government under Keir Starmer is better or worse than the last Conservative government under Rishi Sunak?,Leader favourability (Starmer),starmer,Much better,A little better,About the same,A little worse,Much worse,,,,,,1.1,6.6,20.0,13.8,56.6,,,,,,VI-2026-07-15-Opinium-Observer-Web-Tables-1227.xlsx,LAB1
"2,050 UK adults",15th - 17th July 2026,,,,2050,,historic_vote,Con,Q:LAB1. Would you say the current Labour government under Keir Starmer is better or worse than the last Conservative government under Rishi Sunak?,Leader favourability (Starmer),starmer,Much better,A little better,About the same,A little worse,Much worse,,,,,,2.4,6.3,16.1,18.4,51.8,,,,,,VI-2026-07-15-Opinium-Observer-Web-Tables-1227.xlsx,LAB1
"2,050 UK adults",15th - 17th July 2026,,,,2050,,historic_vote,Lab,Q:LAB1. Would you say the current Labour government under Keir Starmer is better or worse than the last Conservative government under Rishi Sunak?,Leader favourability (Starmer),starmer,Much better,A little better,About the same,A little worse,Much worse,,,,,,25.5,29.2,23.9,8.9,8.3,,,,,,VI-2026-07-15-Opinium-Observer-Web-Tables-1227.xlsx,LAB1
"2,050 UK adults",15th - 17th July 2026,,,,2050,,historic_vote,Lib Dem,Q:LAB1. Would you say the current Labour government under Keir Starmer is better or worse than the last Conservative government under Rishi Sunak?,Leader favourability (Starmer),starmer,Much better,A little better,About the same,A little worse,Much worse,,,,,,17.9,20.1,28.0,17.0,12.3,,,,,,VI-2026-07-15-Opinium-Observer-Web-Tables-1227.xlsx,LAB1
"2,050 UK adults",15th - 17th July 2026,,,,2050,,historic_vote,Remain,Q:LAB1. Would you say the current Labour government under Keir Starmer is better or worse than the last Conservative government under Rishi Sunak?,Leader favourability (Starmer),starmer,Much better,A little better,About the same,A little worse,Much worse,,,,,,16.5,23.2,26.6,13.0,15.1,,,,,,VI-2026-07-15-Opinium-Observer-Web-Tables-1227.xlsx,LAB1
"2,050 UK adults",15th - 17th July 2026,,,,2050,,historic_vote,Leave,Q:LAB1. Would you say the current Labour government under Keir Starmer is better or worse than the last Conservative government under Rishi Sunak?,Leader favourability (Starmer),starmer,Much better,A little better,About the same,A little worse,Much worse,,,,,,5.0,7.6,19.3,15.5,47.2,,,,,,VI-2026-07-15-Opinium-Observer-Web-Tables-1227.xlsx,LAB1
"2,050 UK adults",15th - 17th July 2026,,,,2050,,gender,Male,Q:LAB1. Would you say the current Labour government under Keir Starmer is better or worse than the last Conservative government under Rishi Sunak?,Leader favourability (Starmer),starmer,Much better,A little better,About the same,A little worse,Much worse,,,,,,9.9,14.0,23.8,16.1,28.9,,,,,,VI-2026-07-15-Opinium-Observer-Web-Tables-1227.xlsx,LAB1
"2,050 UK adults",15th - 17th July 2026,,,,2050,,gender,Female,Q:LAB1. Would you say the current Labour government under Keir Starmer is better or worse than the last Conservative government under Rishi Sunak?,Leader favourability (Starmer),starmer,Much better,A little better,About the same,A little worse,Much worse,,,,,,9.2,16.1,27.6,11.1,25.5,,,,,,VI-2026-07-15-Opinium-Observer-Web-Tables-1227.xlsx,LAB1
"2,050 UK adults",15th - 17th July 2026,,,,2050,,age,18-34,Q:LAB1. Would you say the current Labour government under Keir Starmer is better or worse than the last Conservative government under Rishi Sunak?,Leader favourability (Starmer),starmer,Much better,A little better,About the same,A little worse,Much worse,,,,,,8.7,20.8,32.3,13.9,13.8,,,,,,VI-2026-07-15-Opinium-Observer-Web-Tables-1227.xlsx,LAB1
"2,050 UK adults",15th - 17th July 2026,,,,2050,,age,35-49,Q:LAB1. Would you say the current Labour government under Keir Starmer is better or worse than the last Conservative government under Rishi Sunak?,Leader favourability (Starmer),starmer,Much better,A little better,About the same,A little worse,Much worse,,,,,,13.3,17.1,25.2,11.8,21.1,,,,,,VI-2026-07-15-Opinium-Observer-Web-Tables-1227.xlsx,LAB1
"2,050 UK adults",15th - 17th July 2026,,,,2050,,age,50-64,Q:LAB1. Would you say the current Labour government under Keir Starmer is better or worse than the last Conservative government under Rishi Sunak?,Leader favourability (Starmer),starmer,Much better,A little better,About the same,A little worse,Much worse,,,,,,10.2,12.0,25.7,13.2,30.0,,,,,,VI-2026-07-15-Opinium-Observer-Web-Tables-1227.xlsx,LAB1
"2,050 UK adults",15th - 17th July 2026,,,,2050,,age,65+,Q:LAB1. Would you say the current Labour government under Keir Starmer is better or worse than the last Conservative government under Rishi Sunak?,Leader favourability (Starmer),starmer,Much better,A little better,About the same,A little worse,Much worse,,,,,,6.0,9.6,19.0,14.7,45.6,,,,,,VI-2026-07-15-Opinium-Observer-Web-Tables-1227.xlsx,LAB1
"2,050 UK adults",15th - 17th July 2026,,,,2050,,region,North,Q:LAB1. Would you say the current Labour government under Keir Starmer is better or worse than the last Conservative government under Rishi Sunak?,Leader favourability (Starmer),starmer,Much better,A little better,About the same,A little worse,Much worse,,,,,,10.4,16.7,21.3,14.8,26.8,,,,,,VI-2026-07-15-Opinium-Observer-Web-Tables-1227.xlsx,LAB1
"2,050 UK adults",15th - 17th July 2026,,,,2050,,region,Mids,Q:LAB1. Would you say the current Labour government under Keir Starmer is better or worse than the last Conservative government under Rishi Sunak?,Leader favourability (Starmer),starmer,Much better,A little better,About the same,A little worse,Much worse,,,,,,7.9,12.7,28.2,11.7,28.7,,,,,,VI-2026-07-15-Opinium-Observer-Web-Tables-1227.xlsx,LAB1
"2,050 UK adults",15th - 17th July 2026,,,,2050,,region,London,Q:LAB1. Would you say the current Labour government under Keir Starmer is better or worse than the last Conservative government under Rishi Sunak?,Leader favourability (Starmer),starmer,Much better,A little better,About the same,A little worse,Much worse,,,,,,6.5,17.8,33.9,12.6,18.4,,,,,,VI-2026-07-15-Opinium-Observer-Web-Tables-1227.xlsx,LAB1
"2,050 UK adults",15th - 17th July 2026,,,,2050,,region,South,Q:LAB1. Would you say the current Labour government under Keir Starmer is better or worse than the last Conservative government under Rishi Sunak?,Leader favourability (Starmer),starmer,Much better,A little better,About the same,A little worse,Much worse,,,,,,10.4,13.0,24.8,13.0,31.0,,,,,,VI-2026-07-15-Opinium-Observer-Web-Tables-1227.xlsx,LAB1
"2,050 UK adults",15th - 17th July 2026,,,,2050,,region,Wales,Q:LAB1. Would you say the current Labour government under Keir Starmer is better or worse than the last Conservative government under Rishi Sunak?,Leader favourability (Starmer),starmer,Much better,A little better,About the same,A little worse,Much worse,,,,,,17.5,18.1,19.8,11.9,30.8,,,,,,VI-2026-07-15-Opinium-Observer-Web-Tables-1227.xlsx,LAB1
"2,050 UK adults",15th - 17th July 2026,,,,2050,,region,Scotland,Q:LAB1. Would you say the current Labour government under Keir Starmer is better or worse than the last Conservative government under Rishi Sunak?,Leader favourability (Starmer),starmer,Much better,A little better,About the same,A little worse,Much worse,,,,,,10.4,20.5,26.9,12.4,21.4,,,,,,VI-2026-07-15-Opinium-Observer-Web-Tables-1227.xlsx,LAB1
"2,050 UK adults",15th - 17th July 2026,,,,2050,,region,Northern Ireland,Q:LAB1. Would you say the current Labour government under Keir Starmer is better or worse than the last Conservative government under Rishi Sunak?,Leader favourability (Starmer),starmer,Much better,A little better,About the same,A little worse,Much worse,,,,,,,4.7,29.8,26.6,28.6,,,,,,VI-2026-07-15-Opinium-Observer-Web-Tables-1227.xlsx,LAB1
"2,050 UK adults",15th - 17th July 2026,,,,2050,,total,Total,"Q:LAN0. Thinking about the amount of money the government raises in taxes and then spends on public services (such as health and education), do you think they should…?",Best party on education,education,Increase taxes and spend more on public services,Reduce taxes and spend less on public services,Keep taxes and spending on public services about where they are now,,,,,,,,24.7,24.7,31.7,,,,,,,,VI-2026-07-15-Opinium-Observer-Web-Tables-1227.xlsx,LAN0
"2,050 UK adults",15th - 17th July 2026,,,,2050,,current_vote,Con,"Q:LAN0. Thinking about the amount of money the government raises in taxes and then spends on public services (such as health and education), do you think they should…?",Best party on education,education,Increase taxes and spend more on public services,Reduce taxes and spend less on public services,Keep taxes and spending on public services about where they are now,,,,,,,,16.0,36.5,35.7,,,,,,,,VI-2026-07-15-Opinium-Observer-Web-Tables-1227.xlsx,LAN0
"2,050 UK adults",15th - 17th July 2026,,,,2050,,current_vote,Lab,"Q:LAN0. Thinking about the amount of money the government raises in taxes and then spends on public services (such as health and education), do you think they should…?",Best party on education,education,Increase taxes and spend more on public services,Reduce taxes and spend less on public services,Keep taxes and spending on public services about where they are now,,,,,,,,37.0,16.2,35.1,,,,,,,,VI-2026-07-15-Opinium-Observer-Web-Tables-1227.xlsx,LAN0
"2,050 UK adults",15th - 17th July 2026,,,,2050,,current_vote,Lib Dem,"Q:LAN0. Thinking about the amount of money the government raises in taxes and then spends on public services (such as health and education), do you think they should…?",Best party on education,education,Increase taxes and spend more on public services,Reduce taxes and spend less on public services,Keep taxes and spending on public services about where they are now,,,,,,,,35.7,11.8,38.7,,,,,,,,VI-2026-07-15-Opinium-Observer-Web-Tables-1227.xlsx,LAN0
"2,050 UK adults",15th - 17th July 2026,,,,2050,,current_vote,Reform,"Q:LAN0. Thinking about the amount of money the government raises in taxes and then spends on public services (such as health and education), do you think they should…?",Best party on education,education,Increase taxes and spend more on public services,Reduce taxes and spend less on public services,Keep taxes and spending on public services about where they are now,,,,,,,,14.6,39.3,28.4,,,,,,,,VI-2026-07-15-Opinium-Observer-Web-Tables-1227.xlsx,LAN0
"2,050 UK adults",15th - 17th July 2026,,,,2050,,current_vote,Green,"Q:LAN0. Thinking about the amount of money the government raises in taxes and then spends on public services (such as health and education), do you think they should…?",Best party on education,education,Increase taxes and spend more on public services,Reduce taxes and spend less on public services,Keep taxes and spending on public services about where they are now,,,,,,,,46.5,14.6,28.9,,,,,,,,VI-2026-07-15-Opinium-Observer-Web-Tables-1227.xlsx,LAN0
"2,050 UK adults",15th - 17th July 2026,,,,2050,,historic_vote,Conservative,"Q:LAN0. Thinking about the amount of money the government raises in taxes and then spends on public services (such as health and education), do you think they should…?",Best party on education,education,Increase taxes and spend more on public services,Reduce taxes and spend less on public services,Keep taxes and spending on public services about where they are now,,,,,,,,16.0,35.6,36.1,,,,,,,,VI-2026-07-15-Opinium-Observer-Web-Tables-1227.xlsx,LAN0
"2,050 UK adults",15th - 17th July 2026,,,,2050,,historic_vote,Labour,"Q:LAN0. Thinking about the amount of money the government raises in taxes and then spends on public services (such as health and education), do you think they should…?",Best party on education,education,Increase taxes and spend more on public services,Reduce taxes and spend less on public services,Keep taxes and spending on public services about where they are now,,,,,,,,38.0,15.4,33.4,,,,,,,,VI-2026-07-15-Opinium-Observer-Web-Tables-1227.xlsx,LAN0
"2,050 UK adults",15th - 17th July 2026,,,,2050,,historic_vote,Lib Dems,"Q:LAN0. Thinking about the amount of money the government raises in taxes and then spends on public services (such as health and education), do you think they should…?",Best party on education,education,Increase taxes and spend more on public services,Reduce taxes and spend less on public services,Keep taxes and spending on public services about where they are now,,,,,,,,36.4,11.7,36.5,,,,,,,,VI-2026-07-15-Opinium-Observer-Web-Tables-1227.xlsx,LAN0
"2,050 UK adults",15th - 17th July 2026,,,,2050,,historic_vote,Green,"Q:LAN0. Thinking about the amount of money the government raises in taxes and then spends on public services (such as health and education), do you think they should…?",Best party on education,education,Increase taxes and spend more on public services,Reduce taxes and spend less on public services,Keep taxes and spending on public services about where they are now,,,,,,,,46.8,15.8,23.7,,,,,,,,VI-2026-07-15-Opinium-Observer-Web-Tables-1227.xlsx,LAN0
"2,050 UK adults",15th - 17th July 2026,,,,2050,,historic_vote,Reform UK,"Q:LAN0. Thinking about the amount of money the government raises in taxes and then spends on public services (such as health and education), do you think they should…?",Best party on education,education,Increase taxes and spend more on public services,Reduce taxes and spend less on public services,Keep taxes and spending on public services about where they are now,,,,,,,,14.8,42.6,30.4,,,,,,,,VI-2026-07-15-Opinium-Observer-Web-Tables-1227.xlsx,LAN0
"2,050 UK adults",15th - 17th July 2026,,,,2050,,historic_vote,Con,"Q:LAN0. Thinking about the amount of money the government raises in taxes and then spends on public services (such as health and education), do you think they should…?",Best party on education,education,Increase taxes and spend more on public services,Reduce taxes and spend less on public services,Keep taxes and spending on public services about where they are now,,,,,,,,18.3,33.4,33.4,,,,,,,,VI-2026-07-15-Opinium-Observer-Web-Tables-1227.xlsx,LAN0
"2,050 UK adults",15th - 17th July 2026,,,,2050,,historic_vote,Lab,"Q:LAN0. Thinking about the amount of money the government raises in taxes and then spends on public services (such as health and education), do you think they should…?",Best party on education,education,Increase taxes and spend more on public services,Reduce taxes and spend less on public services,Keep taxes and spending on public services about where they are now,,,,,,,,40.4,14.1,31.7,,,,,,,,VI-2026-07-15-Opinium-Observer-Web-Tables-1227.xlsx,LAN0
"2,050 UK adults",15th - 17th July 2026,,,,2050,,historic_vote,Lib Dem,"Q:LAN0. Thinking about the amount of money the government raises in taxes and then spends on public services (such as health and education), do you think they should…?",Best party on education,education,Increase taxes and spend more on public services,Reduce taxes and spend less on public services,Keep taxes and spending on public services about where they are now,,,,,,,,32.3,13.4,39.8,,,,,,,,VI-2026-07-15-Opinium-Observer-Web-Tables-1227.xlsx,LAN0
"2,050 UK adults",15th - 17th July 2026,,,,2050,,historic_vote,Remain,"Q:LAN0. Thinking about the amount of money the government raises in taxes and then spends on public services (such as health and education), do you think they should…?",Best party on education,education,Increase taxes and spend more on public services,Reduce taxes and spend less on public services,Keep taxes and spending on public services about where they are now,,,,,,,,34.8,17.4,31.8,,,,,,,,VI-2026-07-15-Opinium-Observer-Web-Tables-1227.xlsx,LAN0
"2,050 UK adults",15th - 17th July 2026,,,,2050,,historic_vote,Leave,"Q:LAN0. Thinking about the amount of money the government raises in taxes and then spends on public services (such as health and education), do you think they should…?",Best party on education,education,Increase taxes and spend more on public services,Reduce taxes and spend less on public services,Keep taxes and spending on public services about where they are now,,,,,,,,17.9,30.3,34.2,,,,,,,,VI-2026-07-15-Opinium-Observer-Web-Tables-1227.xlsx,LAN0
"2,050 UK adults",15th - 17th July 2026,,,,2050,,gender,Male,"Q:LAN0. Thinking about the amount of money the government raises in taxes and then spends on public services (such as health and education), do you think they should…?",Best party on education,education,Increase taxes and spend more on public services,Reduce taxes and spend less on public services,Keep taxes and spending on public services about where they are now,,,,,,,,25.9,30.1,30.9,,,,,,,,VI-2026-07-15-Opinium-Observer-Web-Tables-1227.xlsx,LAN0
"2,050 UK adults",15th - 17th July 2026,,,,2050,,gender,Female,"Q:LAN0. Thinking about the amount of money the government raises in taxes and then spends on public services (such as health and education), do you think they should…?",Best party on education,education,Increase taxes and spend more on public services,Reduce taxes and spend less on public services,Keep taxes and spending on public services about where they are now,,,,,,,,23.5,19.6,33.1,,,,,,,,VI-2026-07-15-Opinium-Observer-Web-Tables-1227.xlsx,LAN0
"2,050 UK adults",15th - 17th July 2026,,,,2050,,age,18-34,"Q:LAN0. Thinking about the amount of money the government raises in taxes and then spends on public services (such as health and education), do you think they should…?",Best party on education,education,Increase taxes and spend more on public services,Reduce taxes and spend less on public services,Keep taxes and spending on public services about where they are now,,,,,,,,25.8,28.0,30.8,,,,,,,,VI-2026-07-15-Opinium-Observer-Web-Tables-1227.xlsx,LAN0
"2,050 UK adults",15th - 17th July 2026,,,,2050,,age,35-49,"Q:LAN0. Thinking about the amount of money the government raises in taxes and then spends on public services (such as health and education), do you think they should…?",Best party on education,education,Increase taxes and spend more on public services,Reduce taxes and spend less on public services,Keep taxes and spending on public services about where they are now,,,,,,,,23.8,25.6,28.7,,,,,,,,VI-2026-07-15-Opinium-Observer-Web-Tables-1227.xlsx,LAN0
"2,050 UK adults",15th - 17th July 2026,,,,2050,,age,50-64,"Q:LAN0. Thinking about the amount of money the government raises in taxes and then spends on public services (such as health and education), do you think they should…?",Best party on education,education,Increase taxes and spend more on public services,Reduce taxes and spend less on public services,Keep taxes and spending on public services about where they are now,,,,,,,,27.6,21.6,29.4,,,,,,,,VI-2026-07-15-Opinium-Observer-Web-Tables-1227.xlsx,LAN0
"2,050 UK adults",15th - 17th July 2026,,,,2050,,age,65+,"Q:LAN0. Thinking about the amount of money the government raises in taxes and then spends on public services (such as health and education), do you think they should…?",Best party on education,education,Increase taxes and spend more on public services,Reduce taxes and spend less on public services,Keep taxes and spending on public services about where they are now,,,,,,,,21.3,23.0,38.3,,,,,,,,VI-2026-07-15-Opinium-Observer-Web-Tables-1227.xlsx,LAN0
"2,050 UK adults",15th - 17th July 2026,,,,2050,,region,North,"Q:LAN0. Thinking about the amount of money the government raises in taxes and then spends on public services (such as health and education), do you think they should…?",Best party on education,education,Increase taxes and spend more on public services,Reduce taxes and spend less on public services,Keep taxes and spending on public services about where they are now,,,,,,,,22.0,25.1,32.7,,,,,,,,VI-2026-07-15-Opinium-Observer-Web-Tables-1227.xlsx,LAN0
"2,050 UK adults",15th - 17th July 2026,,,,2050,,region,Mids,"Q:LAN0. Thinking about the amount of money the government raises in taxes and then spends on public services (such as health and education), do you think they should…?",Best party on education,education,Increase taxes and spend more on public services,Reduce taxes and spend less on public services,Keep taxes and spending on public services about where they are now,,,,,,,,21.7,24.7,33.5,,,,,,,,VI-2026-07-15-Opinium-Observer-Web-Tables-1227.xlsx,LAN0
"2,050 UK adults",15th - 17th July 2026,,,,2050,,region,London,"Q:LAN0. Thinking about the amount of money the government raises in taxes and then spends on public services (such as health and education), do you think they should…?",Best party on education,education,Increase taxes and spend more on public services,Reduce taxes and spend less on public services,Keep taxes and spending on public services about where they are now,,,,,,,,25.4,25.8,33.8,,,,,,,,VI-2026-07-15-Opinium-Observer-Web-Tables-1227.xlsx,LAN0
"2,050 UK adults",15th - 17th July 2026,,,,2050,,region,South,"Q:LAN0. Thinking about the amount of money the government raises in taxes and then spends on public services (such as health and education), do you think they should…?",Best party on education,education,Increase taxes and spend more on public services,Reduce taxes and spend less on public services,Keep taxes and spending on public services about where they are now,,,,,,,,24.7,25.6,31.0,,,,,,,,VI-2026-07-15-Opinium-Observer-Web-Tables-1227.xlsx,LAN0
"2,050 UK adults",15th - 17th July 2026,,,,2050,,region,Wales,"Q:LAN0. Thinking about the amount of money the government raises in taxes and then spends on public services (such as health and education), do you think they should…?",Best party on education,education,Increase taxes and spend more on public services,Reduce taxes and spend less on public services,Keep taxes and spending on public services about where they are now,,,,,,,,36.7,24.0,26.1,,,,,,,,VI-2026-07-15-Opinium-Observer-Web-Tables-1227.xlsx,LAN0
"2,050 UK adults",15th - 17th July 2026,,,,2050,,region,Scotland,"Q:LAN0. Thinking about the amount of money the government raises in taxes and then spends on public services (such as health and education), do you think they should…?",Best party on education,education,Increase taxes and spend more on public services,Reduce taxes and spend less on public services,Keep taxes and spending on public services about where they are now,,,,,,,,34.6,15.9,26.6,,,,,,,,VI-2026-07-15-Opinium-Observer-Web-Tables-1227.xlsx,LAN0
"2,050 UK adults",15th - 17th July 2026,,,,2050,,region,Northern Ireland,"Q:LAN0. Thinking about the amount of money the government raises in taxes and then spends on public services (such as health and education), do you think they should…?",Best party on education,education,Increase taxes and spend more on public services,Reduce taxes and spend less on public services,Keep taxes and spending on public services about where they are now,,,,,,,,11.6,32.2,36.6,,,,,,,,VI-2026-07-15-Opinium-Observer-Web-Tables-1227.xlsx,LAN0
"2,050 UK adults",15th - 17th July 2026,,,,,,income,Basic rate of income tax,"Q:LAN1A. Now we would like to ask you about some of the different types of taxes currently levied in the UK. Which of the following do you think are set at the right level, or do you think they are currently set too high or too low?",UNMATCHED,,Currently too high,Currently too low,Currently about the right level,,,,,,,,38.8,10.4,33.8,,,,,,,,VI-2026-07-15-Opinium-Observer-Web-Tables-1227.xlsx,Summary LAN1A
"2,050 UK adults",15th - 17th July 2026,,,,,,income,Higher rate of income tax,"Q:LAN1A. Now we would like to ask you about some of the different types of taxes currently levied in the UK. Which of the following do you think are set at the right level, or do you think they are currently set too high or too low?",UNMATCHED,,Currently too high,Currently too low,Currently about the right level,,,,,,,,28.2,23.3,26.7,,,,,,,,VI-2026-07-15-Opinium-Observer-Web-Tables-1227.xlsx,Summary LAN1A
"2,050 UK adults",15th - 17th July 2026,,,,,,income,Top rate of income tax,"Q:LAN1A. Now we would like to ask you about some of the different types of taxes currently levied in the UK. Which of the following do you think are set at the right level, or do you think they are currently set too high or too low?",UNMATCHED,,Currently too high,Currently too low,Currently about the right level,,,,,,,,22.9,32.0,20.2,,,,,,,,VI-2026-07-15-Opinium-Observer-Web-Tables-1227.xlsx,Summary LAN1A
"2,050 UK adults",15th - 17th July 2026,,,,,,region,Employee National Insurance,"Q:LAN1A. Now we would like to ask you about some of the different types of taxes currently levied in the UK. Which of the following do you think are set at the right level, or do you think they are currently set too high or too low?",UNMATCHED,,Currently too high,Currently too low,Currently about the right level,,,,,,,,36.4,6.6,35.1,,,,,,,,VI-2026-07-15-Opinium-Observer-Web-Tables-1227.xlsx,Summary LAN1A
"2,050 UK adults",15th - 17th July 2026,,,,2050,,total,Total,"Q:LAN1A. Now we would like to ask you about some of the different types of taxes currently levied in the UK. Which of the following do you think are set at the right level, or do you think they are currently set too high or too low?
 Basic rate of income tax",UNMATCHED,,Currently too high,Currently too low,Currently about the right level,,,,,,,,38.8,10.4,33.8,,,,,,,,VI-2026-07-15-Opinium-Observer-Web-Tables-1227.xlsx,LAN1A
"2,050 UK adults",15th - 17th July 2026,,,,2050,,current_vote,Con,"Q:LAN1A. Now we would like to ask you about some of the different types of taxes currently levied in the UK. Which of the following do you think are set at the right level, or do you think they are currently set too high or too low?
 Basic rate of income tax",UNMATCHED,,Currently too high,Currently too low,Currently about the right level,,,,,,,,41.8,7.7,39.8,,,,,,,,VI-2026-07-15-Opinium-Observer-Web-Tables-1227.xlsx,LAN1A
"2,050 UK adults",15th - 17th July 2026,,,,2050,,current_vote,Lab,"Q:LAN1A. Now we would like to ask you about some of the different types of taxes currently levied in the UK. Which of the following do you think are set at the right level, or do you think they are currently set too high or too low?
 Basic rate of income tax",UNMATCHED,,Currently too high,Currently too low,Currently about the right level,,,,,,,,30.5,14.4,40.1,,,,,,,,VI-2026-07-15-Opinium-Observer-Web-Tables-1227.xlsx,LAN1A
"2,050 UK adults",15th - 17th July 2026,,,,2050,,current_vote,Lib Dem,"Q:LAN1A. Now we would like to ask you about some of the different types of taxes currently levied in the UK. Which of the following do you think are set at the right level, or do you think they are currently set too high or too low?
 Basic rate of income tax",UNMATCHED,,Currently too high,Currently too low,Currently about the right level,,,,,,,,27.8,11.6,44.9,,,,,,,,VI-2026-07-15-Opinium-Observer-Web-Tables-1227.xlsx,LAN1A
"2,050 UK adults",15th - 17th July 2026,,,,2050,,current_vote,Reform,"Q:LAN1A. Now we would like to ask you about some of the different types of taxes currently levied in the UK. Which of the following do you think are set at the right level, or do you think they are currently set too high or too low?
 Basic rate of income tax",UNMATCHED,,Currently too high,Currently too low,Currently about the right level,,,,,,,,46.4,8.9,32.1,,,,,,,,VI-2026-07-15-Opinium-Observer-Web-Tables-1227.xlsx,LAN1A
"2,050 UK adults",15th - 17th July 2026,,,,2050,,current_vote,Green,"Q:LAN1A. Now we would like to ask you about some of the different types of taxes currently levied in the UK. Which of the following do you think are set at the right level, or do you think they are currently set too high or too low?
 Basic rate of income tax",UNMATCHED,,Currently too high,Currently too low,Currently about the right level,,,,,,,,40.4,12.0,36.1,,,,,,,,VI-2026-07-15-Opinium-Observer-Web-Tables-1227.xlsx,LAN1A
"2,050 UK adults",15th - 17th July 2026,,,,2050,,historic_vote,Conservative,"Q:LAN1A. Now we would like to ask you about some of the different types of taxes currently levied in the UK. Which of the following do you think are set at the right level, or do you think they are currently set too high or too low?
 Basic rate of income tax",UNMATCHED,,Currently too high,Currently too low,Currently about the right level,,,,,,,,40.4,8.0,40.6,,,,,,,,VI-2026-07-15-Opinium-Observer-Web-Tables-1227.xlsx,LAN1A
"2,050 UK adults",15th - 17th July 2026,,,,2050,,historic_vote,Labour,"Q:LAN1A. Now we would like to ask you about some of the different types of taxes currently levied in the UK. Which of the following do you think are set at the right level, or do you think they are currently set too high or too low?
 Basic rate of income tax",UNMATCHED,,Currently too high,Currently too low,Currently about the right level,,,,,,,,32.9,11.6,38.5,,,,,,,,VI-2026-07-15-Opinium-Observer-Web-Tables-1227.xlsx,LAN1A
"2,050 UK adults",15th - 17th July 2026,,,,2050,,historic_vote,Lib Dems,"Q:LAN1A. Now we would like to ask you about some of the different types of taxes currently levied in the UK. Which of the following do you think are set at the right level, or do you think they are currently set too high or too low?
 Basic rate of income tax",UNMATCHED,,Currently too high,Currently too low,Currently about the right level,,,,,,,,29.4,10.0,46.9,,,,,,,,VI-2026-07-15-Opinium-Observer-Web-Tables-1227.xlsx,LAN1A
"2,050 UK adults",15th - 17th July 2026,,,,2050,,historic_vote,Green,"Q:LAN1A. Now we would like to ask you about some of the different types of taxes currently levied in the UK. Which of the following do you think are set at the right level, or do you think they are currently set too high or too low?
 Basic rate of income tax",UNMATCHED,,Currently too high,Currently too low,Currently about the right level,,,,,,,,36.1,11.1,42.6,,,,,,,,VI-2026-07-15-Opinium-Observer-Web-Tables-1227.xlsx,LAN1A
"2,050 UK adults",15th - 17th July 2026,,,,2050,,historic_vote,Reform UK,"Q:LAN1A. Now we would like to ask you about some of the different types of taxes currently levied in the UK. Which of the following do you think are set at the right level, or do you think they are currently set too high or too low?
 Basic rate of income tax",UNMATCHED,,Currently too high,Currently too low,Currently about the right level,,,,,,,,48.0,7.1,34.7,,,,,,,,VI-2026-07-15-Opinium-Observer-Web-Tables-1227.xlsx,LAN1A
"2,050 UK adults",15th - 17th July 2026,,,,2050,,historic_vote,Con,"Q:LAN1A. Now we would like to ask you about some of the different types of taxes currently levied in the UK. Which of the following do you think are set at the right level, or do you think they are currently set too high or too low?
 Basic rate of income tax",UNMATCHED,,Currently too high,Currently too low,Currently about the right level,,,,,,,,40.6,7.9,41.2,,,,,,,,VI-2026-07-15-Opinium-Observer-Web-Tables-1227.xlsx,LAN1A
"2,050 UK adults",15th - 17th July 2026,,,,2050,,historic_vote,Lab,"Q:LAN1A. Now we would like to ask you about some of the different types of taxes currently levied in the UK. Which of the following do you think are set at the right level, or do you think they are currently set too high or too low?
 Basic rate of income tax",UNMATCHED,,Currently too high,Currently too low,Currently about the right level,,,,,,,,32.9,11.2,37.4,,,,,,,,VI-2026-07-15-Opinium-Observer-Web-Tables-1227.xlsx,LAN1A
"2,050 UK adults",15th - 17th July 2026,,,,2050,,historic_vote,Lib Dem,"Q:LAN1A. Now we would like to ask you about some of the different types of taxes currently levied in the UK. Which of the following do you think are set at the right level, or do you think they are currently set too high or too low?
 Basic rate of income tax",UNMATCHED,,Currently too high,Currently too low,Currently about the right level,,,,,,,,22.6,8.9,49.2,,,,,,,,VI-2026-07-15-Opinium-Observer-Web-Tables-1227.xlsx,LAN1A
"2,050 UK adults",15th - 17th July 2026,,,,2050,,historic_vote,Remain,"Q:LAN1A. Now we would like to ask you about some of the different types of taxes currently levied in the UK. Which of the following do you think are set at the right level, or do you think they are currently set too high or too low?
 Basic rate of income tax",UNMATCHED,,Currently too high,Currently too low,Currently about the right level,,,,,,,,32.5,8.0,44.4,,,,,,,,VI-2026-07-15-Opinium-Observer-Web-Tables-1227.xlsx,LAN1A
"2,050 UK adults",15th - 17th July 2026,,,,2050,,historic_vote,Leave,"Q:LAN1A. Now we would like to ask you about some of the different types of taxes currently levied in the UK. Which of the following do you think are set at the right level, or do you think they are currently set too high or too low?
 Basic rate of income tax",UNMATCHED,,Currently too high,Currently too low,Currently about the right level,,,,,,,,41.9,8.5,33.5,,,,,,,,VI-2026-07-15-Opinium-Observer-Web-Tables-1227.xlsx,LAN1A
"2,050 UK adults",15th - 17th July 2026,,,,2050,,gender,Male,"Q:LAN1A. Now we would like to ask you about some of the different types of taxes currently levied in the UK. Which of the following do you think are set at the right level, or do you think they are currently set too high or too low?
 Basic rate of income tax",UNMATCHED,,Currently too high,Currently too low,Currently about the right level,,,,,,,,42.0,13.0,34.7,,,,,,,,VI-2026-07-15-Opinium-Observer-Web-Tables-1227.xlsx,LAN1A
"2,050 UK adults",15th - 17th July 2026,,,,2050,,gender,Female,"Q:LAN1A. Now we would like to ask you about some of the different types of taxes currently levied in the UK. Which of the following do you think are set at the right level, or do you think they are currently set too high or too low?
 Basic rate of income tax",UNMATCHED,,Currently too high,Currently too low,Currently about the right level,,,,,,,,36.0,8.1,32.9,,,,,,,,VI-2026-07-15-Opinium-Observer-Web-Tables-1227.xlsx,LAN1A
"2,050 UK adults",15th - 17th July 2026,,,,2050,,age,18-34,"Q:LAN1A. Now we would like to ask you about some of the different types of taxes currently levied in the UK. Which of the following do you think are set at the right level, or do you think they are currently set too high or too low?
 Basic rate of income tax",UNMATCHED,,Currently too high,Currently too low,Currently about the right level,,,,,,,,47.9,14.7,24.0,,,,,,,,VI-2026-07-15-Opinium-Observer-Web-Tables-1227.xlsx,LAN1A
"2,050 UK adults",15th - 17th July 2026,,,,2050,,age,35-49,"Q:LAN1A. Now we would like to ask you about some of the different types of taxes currently levied in the UK. Which of the following do you think are set at the right level, or do you think they are currently set too high or too low?
 Basic rate of income tax",UNMATCHED,,Currently too high,Currently too low,Currently about the right level,,,,,,,,39.8,11.1,29.4,,,,,,,,VI-2026-07-15-Opinium-Observer-Web-Tables-1227.xlsx,LAN1A
"2,050 UK adults",15th - 17th July 2026,,,,2050,,age,50-64,"Q:LAN1A. Now we would like to ask you about some of the different types of taxes currently levied in the UK. Which of the following do you think are set at the right level, or do you think they are currently set too high or too low?
 Basic rate of income tax",UNMATCHED,,Currently too high,Currently too low,Currently about the right level,,,,,,,,31.9,9.1,40.6,,,,,,,,VI-2026-07-15-Opinium-Observer-Web-Tables-1227.xlsx,LAN1A
"2,050 UK adults",15th - 17th July 2026,,,,2050,,age,65+,"Q:LAN1A. Now we would like to ask you about some of the different types of taxes currently levied in the UK. Which of the following do you think are set at the right level, or do you think they are currently set too high or too low?
 Basic rate of income tax",UNMATCHED,,Currently too high,Currently too low,Currently about the right level,,,,,,,,34.6,6.3,42.6,,,,,,,,VI-2026-07-15-Opinium-Observer-Web-Tables-1227.xlsx,LAN1A
"2,050 UK adults",15th - 17th July 2026,,,,2050,,region,North,"Q:LAN1A. Now we would like to ask you about some of the different types of taxes currently levied in the UK. Which of the following do you think are set at the right level, or do you think they are currently set too high or too low?
 Basic rate of income tax",UNMATCHED,,Currently too high,Currently too low,Currently about the right level,,,,,,,,35.4,9.4,37.6,,,,,,,,VI-2026-07-15-Opinium-Observer-Web-Tables-1227.xlsx,LAN1A
"2,050 UK adults",15th - 17th July 2026,,,,2050,,region,Mids,"Q:LAN1A. Now we would like to ask you about some of the different types of taxes currently levied in the UK. Which of the following do you think are set at the right level, or do you think they are currently set too high or too low?
 Basic rate of income tax",UNMATCHED,,Currently too high,Currently too low,Currently about the right level,,,,,,,,33.9,11.9,34.7,,,,,,,,VI-2026-07-15-Opinium-Observer-Web-Tables-1227.xlsx,LAN1A
"2,050 UK adults",15th - 17th July 2026,,,,2050,,region,London,"Q:LAN1A. Now we would like to ask you about some of the different types of taxes currently levied in the UK. Which of the following do you think are set at the right level, or do you think they are currently set too high or too low?
 Basic rate of income tax",UNMATCHED,,Currently too high,Currently too low,Currently about the right level,,,,,,,,38.9,14.8,33.8,,,,,,,,VI-2026-07-15-Opinium-Observer-Web-Tables-1227.xlsx,LAN1A
"2,050 UK adults",15th - 17th July 2026,,,,2050,,region,South,"Q:LAN1A. Now we would like to ask you about some of the different types of taxes currently levied in the UK. Which of the following do you think are set at the right level, or do you think they are currently set too high or too low?
 Basic rate of income tax",UNMATCHED,,Currently too high,Currently too low,Currently about the right level,,,,,,,,41.1,9.7,32.0,,,,,,,,VI-2026-07-15-Opinium-Observer-Web-Tables-1227.xlsx,LAN1A
"2,050 UK adults",15th - 17th July 2026,,,,2050,,region,Wales,"Q:LAN1A. Now we would like to ask you about some of the different types of taxes currently levied in the UK. Which of the following do you think are set at the right level, or do you think they are currently set too high or too low?
 Basic rate of income tax",UNMATCHED,,Currently too high,Currently too low,Currently about the right level,,,,,,,,38.3,14.1,29.2,,,,,,,,VI-2026-07-15-Opinium-Observer-Web-Tables-1227.xlsx,LAN1A
"2,050 UK adults",15th - 17th July 2026,,,,2050,,region,Scotland,"Q:LAN1A. Now we would like to ask you about some of the different types of taxes currently levied in the UK. Which of the following do you think are set at the right level, or do you think they are currently set too high or too low?
 Basic rate of income tax",UNMATCHED,,Currently too high,Currently too low,Currently about the right level,,,,,,,,45.2,7.3,31.3,,,,,,,,VI-2026-07-15-Opinium-Observer-Web-Tables-1227.xlsx,LAN1A
"2,050 UK adults",15th - 17th July 2026,,,,2050,,region,Northern Ireland,"Q:LAN1A. Now we would like to ask you about some of the different types of taxes currently levied in the UK. Which of the following do you think are set at the right level, or do you think they are currently set too high or too low?
 Basic rate of income tax",UNMATCHED,,Currently too high,Currently too low,Currently about the right level,,,,,,,,52.3,1.8,34.5,,,,,,,,VI-2026-07-15-Opinium-Observer-Web-Tables-1227.xlsx,LAN1A
"2,050 UK adults",15th - 17th July 2026,,,,2050,,total,Total,"Q:LAN1A. Now we would like to ask you about some of the different types of taxes currently levied in the UK. Which of the following do you think are set at the right level, or do you think they are currently set too high or too low?
 Higher rate of income tax",UNMATCHED,,Currently too high,Currently too low,Currently about the right level,,,,,,,,28.2,23.3,26.7,,,,,,,,VI-2026-07-15-Opinium-Observer-Web-Tables-1227.xlsx,LAN1A (2)
"2,050 UK adults",15th - 17th July 2026,,,,2050,,current_vote,Con,"Q:LAN1A. Now we would like to ask you about some of the different types of taxes currently levied in the UK. Which of the following do you think are set at the right level, or do you think they are currently set too high or too low?
 Higher rate of income tax",UNMATCHED,,Currently too high,Currently too low,Currently about the right level,,,,,,,,32.6,15.7,37.7,,,,,,,,VI-2026-07-15-Opinium-Observer-Web-Tables-1227.xlsx,LAN1A (2)
"2,050 UK adults",15th - 17th July 2026,,,,2050,,current_vote,Lab,"Q:LAN1A. Now we would like to ask you about some of the different types of taxes currently levied in the UK. Which of the following do you think are set at the right level, or do you think they are currently set too high or too low?
 Higher rate of income tax",UNMATCHED,,Currently too high,Currently too low,Currently about the right level,,,,,,,,23.9,32.5,25.1,,,,,,,,VI-2026-07-15-Opinium-Observer-Web-Tables-1227.xlsx,LAN1A (2)
"2,050 UK adults",15th - 17th July 2026,,,,2050,,current_vote,Lib Dem,"Q:LAN1A. Now we would like to ask you about some of the different types of taxes currently levied in the UK. Which of the following do you think are set at the right level, or do you think they are currently set too high or too low?
 Higher rate of income tax",UNMATCHED,,Currently too high,Currently too low,Currently about the right level,,,,,,,,14.3,30.4,37.1,,,,,,,,VI-2026-07-15-Opinium-Observer-Web-Tables-1227.xlsx,LAN1A (2)
"2,050 UK adults",15th - 17th July 2026,,,,2050,,current_vote,Reform,"Q:LAN1A. Now we would like to ask you about some of the different types of taxes currently levied in the UK. Which of the following do you think are set at the right level, or do you think they are currently set too high or too low?
 Higher rate of income tax",UNMATCHED,,Currently too high,Currently too low,Currently about the right level,,,,,,,,38.8,20.2,24.7,,,,,,,,VI-2026-07-15-Opinium-Observer-Web-Tables-1227.xlsx,LAN1A (2)
"2,050 UK adults",15th - 17th July 2026,,,,2050,,current_vote,Green,"Q:LAN1A. Now we would like to ask you about some of the different types of taxes currently levied in the UK. Which of the following do you think are set at the right level, or do you think they are currently set too high or too low?
 Higher rate of income tax",UNMATCHED,,Currently too high,Currently too low,Currently about the right level,,,,,,,,24.6,33.7,24.0,,,,,,,,VI-2026-07-15-Opinium-Observer-Web-Tables-1227.xlsx,LAN1A (2)
"2,050 UK adults",15th - 17th July 2026,,,,2050,,historic_vote,Conservative,"Q:LAN1A. Now we would like to ask you about some of the different types of taxes currently levied in the UK. Which of the following do you think are set at the right level, or do you think they are currently set too high or too low?
 Higher rate of income tax",UNMATCHED,,Currently too high,Currently too low,Currently about the right level,,,,,,,,32.0,18.1,35.9,,,,,,,,VI-2026-07-15-Opinium-Observer-Web-Tables-1227.xlsx,LAN1A (2)
"2,050 UK adults",15th - 17th July 2026,,,,2050,,historic_vote,Labour,"Q:LAN1A. Now we would like to ask you about some of the different types of taxes currently levied in the UK. Which of the following do you think are set at the right level, or do you think they are currently set too high or too low?
 Higher rate of income tax",UNMATCHED,,Currently too high,Currently too low,Currently about the right level,,,,,,,,22.2,33.0,24.5,,,,,,,,VI-2026-07-15-Opinium-Observer-Web-Tables-1227.xlsx,LAN1A (2)
"2,050 UK adults",15th - 17th July 2026,,,,2050,,historic_vote,Lib Dems,"Q:LAN1A. Now we would like to ask you about some of the different types of taxes currently levied in the UK. Which of the following do you think are set at the right level, or do you think they are currently set too high or too low?
 Higher rate of income tax",UNMATCHED,,Currently too high,Currently too low,Currently about the right level,,,,,,,,10.8,29.5,43.0,,,,,,,,VI-2026-07-15-Opinium-Observer-Web-Tables-1227.xlsx,LAN1A (2)
"2,050 UK adults",15th - 17th July 2026,,,,2050,,historic_vote,Green,"Q:LAN1A. Now we would like to ask you about some of the different types of taxes currently levied in the UK. Which of the following do you think are set at the right level, or do you think they are currently set too high or too low?
 Higher rate of income tax",UNMATCHED,,Currently too high,Currently too low,Currently about the right level,,,,,,,,24.3,34.6,23.2,,,,,,,,VI-2026-07-15-Opinium-Observer-Web-Tables-1227.xlsx,LAN1A (2)
"2,050 UK adults",15th - 17th July 2026,,,,2050,,historic_vote,Reform UK,"Q:LAN1A. Now we would like to ask you about some of the different types of taxes currently levied in the UK. Which of the following do you think are set at the right level, or do you think they are currently set too high or too low?
 Higher rate of income tax",UNMATCHED,,Currently too high,Currently too low,Currently about the right level,,,,,,,,39.7,20.0,25.1,,,,,,,,VI-2026-07-15-Opinium-Observer-Web-Tables-1227.xlsx,LAN1A (2)
"2,050 UK adults",15th - 17th July 2026,,,,2050,,historic_vote,Con,"Q:LAN1A. Now we would like to ask you about some of the different types of taxes currently levied in the UK. Which of the following do you think are set at the right level, or do you think they are currently set too high or too low?
 Higher rate of income tax",UNMATCHED,,Currently too high,Currently too low,Currently about the right level,,,,,,,,31.2,19.0,35.9,,,,,,,,VI-2026-07-15-Opinium-Observer-Web-Tables-1227.xlsx,LAN1A (2)
"2,050 UK adults",15th - 17th July 2026,,,,2050,,historic_vote,Lab,"Q:LAN1A. Now we would like to ask you about some of the different types of taxes currently levied in the UK. Which of the following do you think are set at the right level, or do you think they are currently set too high or too low?
 Higher rate of income tax",UNMATCHED,,Currently too high,Currently too low,Currently about the right level,,,,,,,,22.1,34.9,20.7,,,,,,,,VI-2026-07-15-Opinium-Observer-Web-Tables-1227.xlsx,LAN1A (2)
"2,050 UK adults",15th - 17th July 2026,,,,2050,,historic_vote,Lib Dem,"Q:LAN1A. Now we would like to ask you about some of the different types of taxes currently levied in the UK. Which of the following do you think are set at the right level, or do you think they are currently set too high or too low?
 Higher rate of income tax",UNMATCHED,,Currently too high,Currently too low,Currently about the right level,,,,,,,,11.0,34.1,36.8,,,,,,,,VI-2026-07-15-Opinium-Observer-Web-Tables-1227.xlsx,LAN1A (2)
"2,050 UK adults",15th - 17th July 2026,,,,2050,,historic_vote,Remain,"Q:LAN1A. Now we would like to ask you about some of the different types of taxes currently levied in the UK. Which of the following do you think are set at the right level, or do you think they are currently set too high or too low?
 Higher rate of income tax",UNMATCHED,,Currently too high,Currently too low,Currently about the right level,,,,,,,,22.2,31.4,29.6,,,,,,,,VI-2026-07-15-Opinium-Observer-Web-Tables-1227.xlsx,LAN1A (2)
"2,050 UK adults",15th - 17th July 2026,,,,2050,,historic_vote,Leave,"Q:LAN1A. Now we would like to ask you about some of the different types of taxes currently levied in the UK. Which of the following do you think are set at the right level, or do you think they are currently set too high or too low?
 Higher rate of income tax",UNMATCHED,,Currently too high,Currently too low,Currently about the right level,,,,,,,,28.7,21.8,28.1,,,,,,,,VI-2026-07-15-Opinium-Observer-Web-Tables-1227.xlsx,LAN1A (2)
"2,050 UK adults",15th - 17th July 2026,,,,2050,,gender,Male,"Q:LAN1A. Now we would like to ask you about some of the different types of taxes currently levied in the UK. Which of the following do you think are set at the right level, or do you think they are currently set too high or too low?
 Higher rate of income tax",UNMATCHED,,Currently too high,Currently too low,Currently about the right level,,,,,,,,30.3,26.8,28.9,,,,,,,,VI-2026-07-15-Opinium-Observer-Web-Tables-1227.xlsx,LAN1A (2)
"2,050 UK adults",15th - 17th July 2026,,,,2050,,gender,Female,"Q:LAN1A. Now we would like to ask you about some of the different types of taxes currently levied in the UK. Which of the following do you think are set at the right level, or do you think they are currently set too high or too low?
 Higher rate of income tax",UNMATCHED,,Currently too high,Currently too low,Currently about the right level,,,,,,,,26.5,20.1,24.7,,,,,,,,VI-2026-07-15-Opinium-Observer-Web-Tables-1227.xlsx,LAN1A (2)
"2,050 UK adults",15th - 17th July 2026,,,,2050,,age,18-34,"Q:LAN1A. Now we would like to ask you about some of the different types of taxes currently levied in the UK. Which of the following do you think are set at the right level, or do you think they are currently set too high or too low?
 Higher rate of income tax",UNMATCHED,,Currently too high,Currently too low,Currently about the right level,,,,,,,,39.4,19.6,21.4,,,,,,,,VI-2026-07-15-Opinium-Observer-Web-Tables-1227.xlsx,LAN1A (2)
"2,050 UK adults",15th - 17th July 2026,,,,2050,,age,35-49,"Q:LAN1A. Now we would like to ask you about some of the different types of taxes currently levied in the UK. Which of the following do you think are set at the right level, or do you think they are currently set too high or too low?
 Higher rate of income tax",UNMATCHED,,Currently too high,Currently too low,Currently about the right level,,,,,,,,31.4,23.9,23.6,,,,,,,,VI-2026-07-15-Opinium-Observer-Web-Tables-1227.xlsx,LAN1A (2)
"2,050 UK adults",15th - 17th July 2026,,,,2050,,age,50-64,"Q:LAN1A. Now we would like to ask you about some of the different types of taxes currently levied in the UK. Which of the following do you think are set at the right level, or do you think they are currently set too high or too low?
 Higher rate of income tax",UNMATCHED,,Currently too high,Currently too low,Currently about the right level,,,,,,,,20.1,27.2,29.3,,,,,,,,VI-2026-07-15-Opinium-Observer-Web-Tables-1227.xlsx,LAN1A (2)
"2,050 UK adults",15th - 17th July 2026,,,,2050,,age,65+,"Q:LAN1A. Now we would like to ask you about some of the different types of taxes currently levied in the UK. Which of the following do you think are set at the right level, or do you think they are currently set too high or too low?
 Higher rate of income tax",UNMATCHED,,Currently too high,Currently too low,Currently about the right level,,,,,,,,20.3,23.0,33.2,,,,,,,,VI-2026-07-15-Opinium-Observer-Web-Tables-1227.xlsx,LAN1A (2)
"2,050 UK adults",15th - 17th July 2026,,,,2050,,region,North,"Q:LAN1A. Now we would like to ask you about some of the different types of taxes currently levied in the UK. Which of the following do you think are set at the right level, or do you think they are currently set too high or too low?
 Higher rate of income tax",UNMATCHED,,Currently too high,Currently too low,Currently about the right level,,,,,,,,26.5,22.8,27.4,,,,,,,,VI-2026-07-15-Opinium-Observer-Web-Tables-1227.xlsx,LAN1A (2)
"2,050 UK adults",15th - 17th July 2026,,,,2050,,region,Mids,"Q:LAN1A. Now we would like to ask you about some of the different types of taxes currently levied in the UK. Which of the following do you think are set at the right level, or do you think they are currently set too high or too low?
 Higher rate of income tax",UNMATCHED,,Currently too high,Currently too low,Currently about the right level,,,,,,,,27.5,24.4,24.4,,,,,,,,VI-2026-07-15-Opinium-Observer-Web-Tables-1227.xlsx,LAN1A (2)
"2,050 UK adults",15th - 17th July 2026,,,,2050,,region,London,"Q:LAN1A. Now we would like to ask you about some of the different types of taxes currently levied in the UK. Which of the following do you think are set at the right level, or do you think they are currently set too high or too low?
 Higher rate of income tax",UNMATCHED,,Currently too high,Currently too low,Currently about the right level,,,,,,,,40.0,19.0,22.9,,,,,,,,VI-2026-07-15-Opinium-Observer-Web-Tables-1227.xlsx,LAN1A (2)
"2,050 UK adults",15th - 17th July 2026,,,,2050,,region,South,"Q:LAN1A. Now we would like to ask you about some of the different types of taxes currently levied in the UK. Which of the following do you think are set at the right level, or do you think they are currently set too high or too low?
 Higher rate of income tax",UNMATCHED,,Currently too high,Currently too low,Currently about the right level,,,,,,,,25.3,24.6,28.3,,,,,,,,VI-2026-07-15-Opinium-Observer-Web-Tables-1227.xlsx,LAN1A (2)
"2,050 UK adults",15th - 17th July 2026,,,,2050,,region,Wales,"Q:LAN1A. Now we would like to ask you about some of the different types of taxes currently levied in the UK. Which of the following do you think are set at the right level, or do you think they are currently set too high or too low?
 Higher rate of income tax",UNMATCHED,,Currently too high,Currently too low,Currently about the right level,,,,,,,,16.6,33.3,31.8,,,,,,,,VI-2026-07-15-Opinium-Observer-Web-Tables-1227.xlsx,LAN1A (2)
"2,050 UK adults",15th - 17th July 2026,,,,2050,,region,Scotland,"Q:LAN1A. Now we would like to ask you about some of the different types of taxes currently levied in the UK. Which of the following do you think are set at the right level, or do you think they are currently set too high or too low?
 Higher rate of income tax",UNMATCHED,,Currently too high,Currently too low,Currently about the right level,,,,,,,,29.0,22.9,28.3,,,,,,,,VI-2026-07-15-Opinium-Observer-Web-Tables-1227.xlsx,LAN1A (2)
"2,050 UK adults",15th - 17th July 2026,,,,2050,,region,Northern Ireland,"Q:LAN1A. Now we would like to ask you about some of the different types of taxes currently levied in the UK. Which of the following do you think are set at the right level, or do you think they are currently set too high or too low?
 Higher rate of income tax",UNMATCHED,,Currently too high,Currently too low,Currently about the right level,,,,,,,,40.9,11.3,20.1,,,,,,,,VI-2026-07-15-Opinium-Observer-Web-Tables-1227.xlsx,LAN1A (2)
"2,050 UK adults",15th - 17th July 2026,,,,2050,,total,Total,"Q:LAN1A. Now we would like to ask you about some of the different types of taxes currently levied in the UK. Which of the following do you think are set at the right level, or do you think they are currently set too high or too low?
 Top rate of income tax",UNMATCHED,,Currently too high,Currently too low,Currently about the right level,,,,,,,,22.9,32.0,20.2,,,,,,,,VI-2026-07-15-Opinium-Observer-Web-Tables-1227.xlsx,LAN1A (3)
"2,050 UK adults",15th - 17th July 2026,,,,2050,,current_vote,Con,"Q:LAN1A. Now we would like to ask you about some of the different types of taxes currently levied in the UK. Which of the following do you think are set at the right level, or do you think they are currently set too high or too low?
 Top rate of income tax",UNMATCHED,,Currently too high,Currently too low,Currently about the right level,,,,,,,,29.1,23.3,28.9,,,,,,,,VI-2026-07-15-Opinium-Observer-Web-Tables-1227.xlsx,LAN1A (3)
"2,050 UK adults",15th - 17th July 2026,,,,2050,,current_vote,Lab,"Q:LAN1A. Now we would like to ask you about some of the different types of taxes currently levied in the UK. Which of the following do you think are set at the right level, or do you think they are currently set too high or too low?
 Top rate of income tax",UNMATCHED,,Currently too high,Currently too low,Currently about the right level,,,,,,,,18.8,40.3,21.3,,,,,,,,VI-2026-07-15-Opinium-Observer-Web-Tables-1227.xlsx,LAN1A (3)
"2,050 UK adults",15th - 17th July 2026,,,,2050,,current_vote,Lib Dem,"Q:LAN1A. Now we would like to ask you about some of the different types of taxes currently levied in the UK. Which of the following do you think are set at the right level, or do you think they are currently set too high or too low?
 Top rate of income tax",UNMATCHED,,Currently too high,Currently too low,Currently about the right level,,,,,,,,13.5,39.9,25.7,,,,,,,,VI-2026-07-15-Opinium-Observer-Web-Tables-1227.xlsx,LAN1A (3)
"2,050 UK adults",15th - 17th July 2026,,,,2050,,current_vote,Reform,"Q:LAN1A. Now we would like to ask you about some of the different types of taxes currently levied in the UK. Which of the following do you think are set at the right level, or do you think they are currently set too high or too low?
 Top rate of income tax",UNMATCHED,,Currently too high,Currently too low,Currently about the right level,,,,,,,,32.5,24.6,22.8,,,,,,,,VI-2026-07-15-Opinium-Observer-Web-Tables-1227.xlsx,LAN1A (3)
"2,050 UK adults",15th - 17th July 2026,,,,2050,,current_vote,Green,"Q:LAN1A. Now we would like to ask you about some of the different types of taxes currently levied in the UK. Which of the following do you think are set at the right level, or do you think they are currently set too high or too low?
 Top rate of income tax",UNMATCHED,,Currently too high,Currently too low,Currently about the right level,,,,,,,,16.1,50.6,16.4,,,,,,,,VI-2026-07-15-Opinium-Observer-Web-Tables-1227.xlsx,LAN1A (3)
"2,050 UK adults",15th - 17th July 2026,,,,2050,,historic_vote,Conservative,"Q:LAN1A. Now we would like to ask you about some of the different types of taxes currently levied in the UK. Which of the following do you think are set at the right level, or do you think they are currently set too high or too low?
 Top rate of income tax",UNMATCHED,,Currently too high,Currently too low,Currently about the right level,,,,,,,,28.0,25.2,28.4,,,,,,,,VI-2026-07-15-Opinium-Observer-Web-Tables-1227.xlsx,LAN1A (3)
"2,050 UK adults",15th - 17th July 2026,,,,2050,,historic_vote,Labour,"Q:LAN1A. Now we would like to ask you about some of the different types of taxes currently levied in the UK. Which of the following do you think are set at the right level, or do you think they are currently set too high or too low?
 Top rate of income tax",UNMATCHED,,Currently too high,Currently too low,Currently about the right level,,,,,,,,16.5,42.7,18.5,,,,,,,,VI-2026-07-15-Opinium-Observer-Web-Tables-1227.xlsx,LAN1A (3)
"2,050 UK adults",15th - 17th July 2026,,,,2050,,historic_vote,Lib Dems,"Q:LAN1A. Now we would like to ask you about some of the different types of taxes currently levied in the UK. Which of the following do you think are set at the right level, or do you think they are currently set too high or too low?
 Top rate of income tax",UNMATCHED,,Currently too high,Currently too low,Currently about the right level,,,,,,,,10.6,39.5,31.2,,,,,,,,VI-2026-07-15-Opinium-Observer-Web-Tables-1227.xlsx,LAN1A (3)
"2,050 UK adults",15th - 17th July 2026,,,,2050,,historic_vote,Green,"Q:LAN1A. Now we would like to ask you about some of the different types of taxes currently levied in the UK. Which of the following do you think are set at the right level, or do you think they are currently set too high or too low?
 Top rate of income tax",UNMATCHED,,Currently too high,Currently too low,Currently about the right level,,,,,,,,18.2,55.9,12.3,,,,,,,,VI-2026-07-15-Opinium-Observer-Web-Tables-1227.xlsx,LAN1A (3)
"2,050 UK adults",15th - 17th July 2026,,,,2050,,historic_vote,Reform UK,"Q:LAN1A. Now we would like to ask you about some of the different types of taxes currently levied in the UK. Which of the following do you think are set at the right level, or do you think they are currently set too high or too low?
 Top rate of income tax",UNMATCHED,,Currently too high,Currently too low,Currently about the right level,,,,,,,,35.1,21.9,23.2,,,,,,,,VI-2026-07-15-Opinium-Observer-Web-Tables-1227.xlsx,LAN1A (3)
"2,050 UK adults",15th - 17th July 2026,,,,2050,,historic_vote,Con,"Q:LAN1A. Now we would like to ask you about some of the different types of taxes currently levied in the UK. Which of the following do you think are set at the right level, or do you think they are currently set too high or too low?
 Top rate of income tax",UNMATCHED,,Currently too high,Currently too low,Currently about the right level,,,,,,,,26.6,26.7,28.1,,,,,,,,VI-2026-07-15-Opinium-Observer-Web-Tables-1227.xlsx,LAN1A (3)
"2,050 UK adults",15th - 17th July 2026,,,,2050,,historic_vote,Lab,"Q:LAN1A. Now we would like to ask you about some of the different types of taxes currently levied in the UK. Which of the following do you think are set at the right level, or do you think they are currently set too high or too low?
 Top rate of income tax",UNMATCHED,,Currently too high,Currently too low,Currently about the right level,,,,,,,,16.2,46.3,15.9,,,,,,,,VI-2026-07-15-Opinium-Observer-Web-Tables-1227.xlsx,LAN1A (3)
"2,050 UK adults",15th - 17th July 2026,,,,2050,,historic_vote,Lib Dem,"Q:LAN1A. Now we would like to ask you about some of the different types of taxes currently levied in the UK. Which of the following do you think are set at the right level, or do you think they are currently set too high or too low?
 Top rate of income tax",UNMATCHED,,Currently too high,Currently too low,Currently about the right level,,,,,,,,7.0,43.1,26.1,,,,,,,,VI-2026-07-15-Opinium-Observer-Web-Tables-1227.xlsx,LAN1A (3)
"2,050 UK adults",15th - 17th July 2026,,,,2050,,historic_vote,Remain,"Q:LAN1A. Now we would like to ask you about some of the different types of taxes currently levied in the UK. Which of the following do you think are set at the right level, or do you think they are currently set too high or too low?
 Top rate of income tax",UNMATCHED,,Currently too high,Currently too low,Currently about the right level,,,,,,,,16.5,42.3,21.2,,,,,,,,VI-2026-07-15-Opinium-Observer-Web-Tables-1227.xlsx,LAN1A (3)
"2,050 UK adults",15th - 17th July 2026,,,,2050,,historic_vote,Leave,"Q:LAN1A. Now we would like to ask you about some of the different types of taxes currently levied in the UK. Which of the following do you think are set at the right level, or do you think they are currently set too high or too low?
 Top rate of income tax",UNMATCHED,,Currently too high,Currently too low,Currently about the right level,,,,,,,,24.3,27.8,22.3,,,,,,,,VI-2026-07-15-Opinium-Observer-Web-Tables-1227.xlsx,LAN1A (3)
"2,050 UK adults",15th - 17th July 2026,,,,2050,,gender,Male,"Q:LAN1A. Now we would like to ask you about some of the different types of taxes currently levied in the UK. Which of the following do you think are set at the right level, or do you think they are currently set too high or too low?
 Top rate of income tax",UNMATCHED,,Currently too high,Currently too low,Currently about the right level,,,,,,,,25.5,35.7,22.2,,,,,,,,VI-2026-07-15-Opinium-Observer-Web-Tables-1227.xlsx,LAN1A (3)
"2,050 UK adults",15th - 17th July 2026,,,,2050,,gender,Female,"Q:LAN1A. Now we would like to ask you about some of the different types of taxes currently levied in the UK. Which of the following do you think are set at the right level, or do you think they are currently set too high or too low?
 Top rate of income tax",UNMATCHED,,Currently too high,Currently too low,Currently about the right level,,,,,,,,20.6,28.4,18.4,,,,,,,,VI-2026-07-15-Opinium-Observer-Web-Tables-1227.xlsx,LAN1A (3)
"2,050 UK adults",15th - 17th July 2026,,,,2050,,age,18-34,"Q:LAN1A. Now we would like to ask you about some of the different types of taxes currently levied in the UK. Which of the following do you think are set at the right level, or do you think they are currently set too high or too low?
 Top rate of income tax",UNMATCHED,,Currently too high,Currently too low,Currently about the right level,,,,,,,,31.8,27.6,17.7,,,,,,,,VI-2026-07-15-Opinium-Observer-Web-Tables-1227.xlsx,LAN1A (3)
"2,050 UK adults",15th - 17th July 2026,,,,2050,,age,35-49,"Q:LAN1A. Now we would like to ask you about some of the different types of taxes currently levied in the UK. Which of the following do you think are set at the right level, or do you think they are currently set too high or too low?
 Top rate of income tax",UNMATCHED,,Currently too high,Currently too low,Currently about the right level,,,,,,,,26.1,31.1,17.7,,,,,,,,VI-2026-07-15-Opinium-Observer-Web-Tables-1227.xlsx,LAN1A (3)
"2,050 UK adults",15th - 17th July 2026,,,,2050,,age,50-64,"Q:LAN1A. Now we would like to ask you about some of the different types of taxes currently levied in the UK. Which of the following do you think are set at the right level, or do you think they are currently set too high or too low?
 Top rate of income tax",UNMATCHED,,Currently too high,Currently too low,Currently about the right level,,,,,,,,15.1,38.8,21.0,,,,,,,,VI-2026-07-15-Opinium-Observer-Web-Tables-1227.xlsx,LAN1A (3)
"2,050 UK adults",15th - 17th July 2026,,,,2050,,age,65+,"Q:LAN1A. Now we would like to ask you about some of the different types of taxes currently levied in the UK. Which of the following do you think are set at the right level, or do you think they are currently set too high or too low?
 Top rate of income tax",UNMATCHED,,Currently too high,Currently too low,Currently about the right level,,,,,,,,17.4,31.0,24.6,,,,,,,,VI-2026-07-15-Opinium-Observer-Web-Tables-1227.xlsx,LAN1A (3)
"2,050 UK adults",15th - 17th July 2026,,,,2050,,region,North,"Q:LAN1A. Now we would like to ask you about some of the different types of taxes currently levied in the UK. Which of the following do you think are set at the right level, or do you think they are currently set too high or too low?
 Top rate of income tax",UNMATCHED,,Currently too high,Currently too low,Currently about the right level,,,,,,,,23.5,29.9,20.8,,,,,,,,VI-2026-07-15-Opinium-Observer-Web-Tables-1227.xlsx,LAN1A (3)
"2,050 UK adults",15th - 17th July 2026,,,,2050,,region,Mids,"Q:LAN1A. Now we would like to ask you about some of the different types of taxes currently levied in the UK. Which of the following do you think are set at the right level, or do you think they are currently set too high or too low?
 Top rate of income tax",UNMATCHED,,Currently too high,Currently too low,Currently about the right level,,,,,,,,21.1,31.8,20.6,,,,,,,,VI-2026-07-15-Opinium-Observer-Web-Tables-1227.xlsx,LAN1A (3)
"2,050 UK adults",15th - 17th July 2026,,,,2050,,region,London,"Q:LAN1A. Now we would like to ask you about some of the different types of taxes currently levied in the UK. Which of the following do you think are set at the right level, or do you think they are currently set too high or too low?
 Top rate of income tax",UNMATCHED,,Currently too high,Currently too low,Currently about the right level,,,,,,,,27.4,28.0,21.7,,,,,,,,VI-2026-07-15-Opinium-Observer-Web-Tables-1227.xlsx,LAN1A (3)
"2,050 UK adults",15th - 17th July 2026,,,,2050,,region,South,"Q:LAN1A. Now we would like to ask you about some of the different types of taxes currently levied in the UK. Which of the following do you think are set at the right level, or do you think they are currently set too high or too low?
 Top rate of income tax",UNMATCHED,,Currently too high,Currently too low,Currently about the right level,,,,,,,,21.6,33.9,19.7,,,,,,,,VI-2026-07-15-Opinium-Observer-Web-Tables-1227.xlsx,LAN1A (3)
"2,050 UK adults",15th - 17th July 2026,,,,2050,,region,Wales,"Q:LAN1A. Now we would like to ask you about some of the different types of taxes currently levied in the UK. Which of the following do you think are set at the right level, or do you think they are currently set too high or too low?
 Top rate of income tax",UNMATCHED,,Currently too high,Currently too low,Currently about the right level,,,,,,,,19.2,42.3,12.7,,,,,,,,VI-2026-07-15-Opinium-Observer-Web-Tables-1227.xlsx,LAN1A (3)
"2,050 UK adults",15th - 17th July 2026,,,,2050,,region,Scotland,"Q:LAN1A. Now we would like to ask you about some of the different types of taxes currently levied in the UK. Which of the following do you think are set at the right level, or do you think they are currently set too high or too low?
 Top rate of income tax",UNMATCHED,,Currently too high,Currently too low,Currently about the right level,,,,,,,,23.5,35.0,19.7,,,,,,,,VI-2026-07-15-Opinium-Observer-Web-Tables-1227.xlsx,LAN1A (3)
"2,050 UK adults",15th - 17th July 2026,,,,2050,,region,Northern Ireland,"Q:LAN1A. Now we would like to ask you about some of the different types of taxes currently levied in the UK. Which of the following do you think are set at the right level, or do you think they are currently set too high or too low?
 Top rate of income tax",UNMATCHED,,Currently too high,Currently too low,Currently about the right level,,,,,,,,26.2,21.8,24.2,,,,,,,,VI-2026-07-15-Opinium-Observer-Web-Tables-1227.xlsx,LAN1A (3)
"2,050 UK adults",15th - 17th July 2026,,,,2050,,total,Total,"Q:LAN1A. Now we would like to ask you about some of the different types of taxes currently levied in the UK. Which of the following do you think are set at the right level, or do you think they are currently set too high or too low?
 Employee National Insurance",UNMATCHED,,Currently too high,Currently too low,Currently about the right level,,,,,,,,36.4,6.6,35.1,,,,,,,,VI-2026-07-15-Opinium-Observer-Web-Tables-1227.xlsx,LAN1A (4)
"2,050 UK adults",15th - 17th July 2026,,,,2050,,current_vote,Con,"Q:LAN1A. Now we would like to ask you about some of the different types of taxes currently levied in the UK. Which of the following do you think are set at the right level, or do you think they are currently set too high or too low?
 Employee National Insurance",UNMATCHED,,Currently too high,Currently too low,Currently about the right level,,,,,,,,46.0,6.9,34.3,,,,,,,,VI-2026-07-15-Opinium-Observer-Web-Tables-1227.xlsx,LAN1A (4)
"2,050 UK adults",15th - 17th July 2026,,,,2050,,current_vote,Lab,"Q:LAN1A. Now we would like to ask you about some of the different types of taxes currently levied in the UK. Which of the following do you think are set at the right level, or do you think they are currently set too high or too low?
 Employee National Insurance",UNMATCHED,,Currently too high,Currently too low,Currently about the right level,,,,,,,,27.0,6.8,46.2,,,,,,,,VI-2026-07-15-Opinium-Observer-Web-Tables-1227.xlsx,LAN1A (4)
"2,050 UK adults",15th - 17th July 2026,,,,2050,,current_vote,Lib Dem,"Q:LAN1A. Now we would like to ask you about some of the different types of taxes currently levied in the UK. Which of the following do you think are set at the right level, or do you think they are currently set too high or too low?
 Employee National Insurance",UNMATCHED,,Currently too high,Currently too low,Currently about the right level,,,,,,,,28.5,9.6,44.2,,,,,,,,VI-2026-07-15-Opinium-Observer-Web-Tables-1227.xlsx,LAN1A (4)
"2,050 UK adults",15th - 17th July 2026,,,,2050,,current_vote,Reform,"Q:LAN1A. Now we would like to ask you about some of the different types of taxes currently levied in the UK. Which of the following do you think are set at the right level, or do you think they are currently set too high or too low?
 Employee National Insurance",UNMATCHED,,Currently too high,Currently too low,Currently about the right level,,,,,,,,47.0,5.7,31.3,,,,,,,,VI-2026-07-15-Opinium-Observer-Web-Tables-1227.xlsx,LAN1A (4)
"2,050 UK adults",15th - 17th July 2026,,,,2050,,current_vote,Green,"Q:LAN1A. Now we would like to ask you about some of the different types of taxes currently levied in the UK. Which of the following do you think are set at the right level, or do you think they are currently set too high or too low?
 Employee National Insurance",UNMATCHED,,Currently too high,Currently too low,Currently about the right level,,,,,,,,28.4,8.5,41.0,,,,,,,,VI-2026-07-15-Opinium-Observer-Web-Tables-1227.xlsx,LAN1A (4)
"2,050 UK adults",15th - 17th July 2026,,,,2050,,historic_vote,Conservative,"Q:LAN1A. Now we would like to ask you about some of the different types of taxes currently levied in the UK. Which of the following do you think are set at the right level, or do you think they are currently set too high or too low?
 Employee National Insurance",UNMATCHED,,Currently too high,Currently too low,Currently about the right level,,,,,,,,47.4,7.2,32.7,,,,,,,,VI-2026-07-15-Opinium-Observer-Web-Tables-1227.xlsx,LAN1A (4)
"2,050 UK adults",15th - 17th July 2026,,,,2050,,historic_vote,Labour,"Q:LAN1A. Now we would like to ask you about some of the different types of taxes currently levied in the UK. Which of the following do you think are set at the right level, or do you think they are currently set too high or too low?
 Employee National Insurance",UNMATCHED,,Currently too high,Currently too low,Currently about the right level,,,,,,,,28.0,6.3,44.6,,,,,,,,VI-2026-07-15-Opinium-Observer-Web-Tables-1227.xlsx,LAN1A (4)
"2,050 UK adults",15th - 17th July 2026,,,,2050,,historic_vote,Lib Dems,"Q:LAN1A. Now we would like to ask you about some of the different types of taxes currently levied in the UK. Which of the following do you think are set at the right level, or do you think they are currently set too high or too low?
 Employee National Insurance",UNMATCHED,,Currently too high,Currently too low,Currently about the right level,,,,,,,,27.2,10.0,43.8,,,,,,,,VI-2026-07-15-Opinium-Observer-Web-Tables-1227.xlsx,LAN1A (4)
"2,050 UK adults",15th - 17th July 2026,,,,2050,,historic_vote,Green,"Q:LAN1A. Now we would like to ask you about some of the different types of taxes currently levied in the UK. Which of the following do you think are set at the right level, or do you think they are currently set too high or too low?
 Employee National Insurance",UNMATCHED,,Currently too high,Currently too low,Currently about the right level,,,,,,,,30.7,10.7,44.1,,,,,,,,VI-2026-07-15-Opinium-Observer-Web-Tables-1227.xlsx,LAN1A (4)
"2,050 UK adults",15th - 17th July 2026,,,,2050,,historic_vote,Reform UK,"Q:LAN1A. Now we would like to ask you about some of the different types of taxes currently levied in the UK. Which of the following do you think are set at the right level, or do you think they are currently set too high or too low?
 Employee National Insurance",UNMATCHED,,Currently too high,Currently too low,Currently about the right level,,,,,,,,48.2,5.7,32.4,,,,,,,,VI-2026-07-15-Opinium-Observer-Web-Tables-1227.xlsx,LAN1A (4)
"2,050 UK adults",15th - 17th July 2026,,,,2050,,historic_vote,Con,"Q:LAN1A. Now we would like to ask you about some of the different types of taxes currently levied in the UK. Which of the following do you think are set at the right level, or do you think they are currently set too high or too low?
 Employee National Insurance",UNMATCHED,,Currently too high,Currently too low,Currently about the right level,,,,,,,,45.2,5.3,35.6,,,,,,,,VI-2026-07-15-Opinium-Observer-Web-Tables-1227.xlsx,LAN1A (4)
"2,050 UK adults",15th - 17th July 2026,,,,2050,,historic_vote,Lab,"Q:LAN1A. Now we would like to ask you about some of the different types of taxes currently levied in the UK. Which of the following do you think are set at the right level, or do you think they are currently set too high or too low?
 Employee National Insurance",UNMATCHED,,Currently too high,Currently too low,Currently about the right level,,,,,,,,27.3,7.8,44.6,,,,,,,,VI-2026-07-15-Opinium-Observer-Web-Tables-1227.xlsx,LAN1A (4)
"2,050 UK adults",15th - 17th July 2026,,,,2050,,historic_vote,Lib Dem,"Q:LAN1A. Now we would like to ask you about some of the different types of taxes currently levied in the UK. Which of the following do you think are set at the right level, or do you think they are currently set too high or too low?
 Employee National Insurance",UNMATCHED,,Currently too high,Currently too low,Currently about the right level,,,,,,,,26.5,7.7,43.3,,,,,,,,VI-2026-07-15-Opinium-Observer-Web-Tables-1227.xlsx,LAN1A (4)
"2,050 UK adults",15th - 17th July 2026,,,,2050,,historic_vote,Remain,"Q:LAN1A. Now we would like to ask you about some of the different types of taxes currently levied in the UK. Which of the following do you think are set at the right level, or do you think they are currently set too high or too low?
 Employee National Insurance",UNMATCHED,,Currently too high,Currently too low,Currently about the right level,,,,,,,,31.2,7.0,43.2,,,,,,,,VI-2026-07-15-Opinium-Observer-Web-Tables-1227.xlsx,LAN1A (4)
"2,050 UK adults",15th - 17th July 2026,,,,2050,,historic_vote,Leave,"Q:LAN1A. Now we would like to ask you about some of the different types of taxes currently levied in the UK. Which of the following do you think are set at the right level, or do you think they are currently set too high or too low?
 Employee National Insurance",UNMATCHED,,Currently too high,Currently too low,Currently about the right level,,,,,,,,42.8,4.5,32.6,,,,,,,,VI-2026-07-15-Opinium-Observer-Web-Tables-1227.xlsx,LAN1A (4)
"2,050 UK adults",15th - 17th July 2026,,,,2050,,gender,Male,"Q:LAN1A. Now we would like to ask you about some of the different types of taxes currently levied in the UK. Which of the following do you think are set at the right level, or do you think they are currently set too high or too low?
 Employee National Insurance",UNMATCHED,,Currently too high,Currently too low,Currently about the right level,,,,,,,,42.4,6.9,34.5,,,,,,,,VI-2026-07-15-Opinium-Observer-Web-Tables-1227.xlsx,LAN1A (4)
"2,050 UK adults",15th - 17th July 2026,,,,2050,,gender,Female,"Q:LAN1A. Now we would like to ask you about some of the different types of taxes currently levied in the UK. Which of the following do you think are set at the right level, or do you think they are currently set too high or too low?
 Employee National Insurance",UNMATCHED,,Currently too high,Currently too low,Currently about the right level,,,,,,,,31.3,6.4,35.5,,,,,,,,VI-2026-07-15-Opinium-Observer-Web-Tables-1227.xlsx,LAN1A (4)
"2,050 UK adults",15th - 17th July 2026,,,,2050,,age,18-34,"Q:LAN1A. Now we would like to ask you about some of the different types of taxes currently levied in the UK. Which of the following do you think are set at the right level, or do you think they are currently set too high or too low?
 Employee National Insurance",UNMATCHED,,Currently too high,Currently too low,Currently about the right level,,,,,,,,34.5,11.4,32.1,,,,,,,,VI-2026-07-15-Opinium-Observer-Web-Tables-1227.xlsx,LAN1A (4)
"2,050 UK adults",15th - 17th July 2026,,,,2050,,age,35-49,"Q:LAN1A. Now we would like to ask you about some of the different types of taxes currently levied in the UK. Which of the following do you think are set at the right level, or do you think they are currently set too high or too low?
 Employee National Insurance",UNMATCHED,,Currently too high,Currently too low,Currently about the right level,,,,,,,,35.9,7.1,34.3,,,,,,,,VI-2026-07-15-Opinium-Observer-Web-Tables-1227.xlsx,LAN1A (4)
"2,050 UK adults",15th - 17th July 2026,,,,2050,,age,50-64,"Q:LAN1A. Now we would like to ask you about some of the different types of taxes currently levied in the UK. Which of the following do you think are set at the right level, or do you think they are currently set too high or too low?
 Employee National Insurance",UNMATCHED,,Currently too high,Currently too low,Currently about the right level,,,,,,,,37.2,4.2,38.9,,,,,,,,VI-2026-07-15-Opinium-Observer-Web-Tables-1227.xlsx,LAN1A (4)
"2,050 UK adults",15th - 17th July 2026,,,,2050,,age,65+,"Q:LAN1A. Now we would like to ask you about some of the different types of taxes currently levied in the UK. Which of the following do you think are set at the right level, or do you think they are currently set too high or too low?
 Employee National Insurance",UNMATCHED,,Currently too high,Currently too low,Currently about the right level,,,,,,,,38.4,3.1,35.2,,,,,,,,VI-2026-07-15-Opinium-Observer-Web-Tables-1227.xlsx,LAN1A (4)
"2,050 UK adults",15th - 17th July 2026,,,,2050,,region,North,"Q:LAN1A. Now we would like to ask you about some of the different types of taxes currently levied in the UK. Which of the following do you think are set at the right level, or do you think they are currently set too high or too low?
 Employee National Insurance",UNMATCHED,,Currently too high,Currently too low,Currently about the right level,,,,,,,,34.8,6.9,33.9,,,,,,,,VI-2026-07-15-Opinium-Observer-Web-Tables-1227.xlsx,LAN1A (4)
"2,050 UK adults",15th - 17th July 2026,,,,2050,,region,Mids,"Q:LAN1A. Now we would like to ask you about some of the different types of taxes currently levied in the UK. Which of the following do you think are set at the right level, or do you think they are currently set too high or too low?
 Employee National Insurance",UNMATCHED,,Currently too high,Currently too low,Currently about the right level,,,,,,,,36.4,8.1,32.4,,,,,,,,VI-2026-07-15-Opinium-Observer-Web-Tables-1227.xlsx,LAN1A (4)
"2,050 UK adults",15th - 17th July 2026,,,,2050,,region,London,"Q:LAN1A. Now we would like to ask you about some of the different types of taxes currently levied in the UK. Which of the following do you think are set at the right level, or do you think they are currently set too high or too low?
 Employee National Insurance",UNMATCHED,,Currently too high,Currently too low,Currently about the right level,,,,,,,,36.2,6.3,37.1,,,,,,,,VI-2026-07-15-Opinium-Observer-Web-Tables-1227.xlsx,LAN1A (4)
"2,050 UK adults",15th - 17th July 2026,,,,2050,,region,South,"Q:LAN1A. Now we would like to ask you about some of the different types of taxes currently levied in the UK. Which of the following do you think are set at the right level, or do you think they are currently set too high or too low?
 Employee National Insurance",UNMATCHED,,Currently too high,Currently too low,Currently about the right level,,,,,,,,36.7,6.5,35.5,,,,,,,,VI-2026-07-15-Opinium-Observer-Web-Tables-1227.xlsx,LAN1A (4)
"2,050 UK adults",15th - 17th July 2026,,,,2050,,region,Wales,"Q:LAN1A. Now we would like to ask you about some of the different types of taxes currently levied in the UK. Which of the following do you think are set at the right level, or do you think they are currently set too high or too low?
 Employee National Insurance",UNMATCHED,,Currently too high,Currently too low,Currently about the right level,,,,,,,,33.4,5.8,39.8,,,,,,,,VI-2026-07-15-Opinium-Observer-Web-Tables-1227.xlsx,LAN1A (4)
"2,050 UK adults",15th - 17th July 2026,,,,2050,,region,Scotland,"Q:LAN1A. Now we would like to ask you about some of the different types of taxes currently levied in the UK. Which of the following do you think are set at the right level, or do you think they are currently set too high or too low?
 Employee National Insurance",UNMATCHED,,Currently too high,Currently too low,Currently about the right level,,,,,,,,38.8,6.4,35.6,,,,,,,,VI-2026-07-15-Opinium-Observer-Web-Tables-1227.xlsx,LAN1A (4)
"2,050 UK adults",15th - 17th July 2026,,,,2050,,region,Northern Ireland,"Q:LAN1A. Now we would like to ask you about some of the different types of taxes currently levied in the UK. Which of the following do you think are set at the right level, or do you think they are currently set too high or too low?
 Employee National Insurance",UNMATCHED,,Currently too high,Currently too low,Currently about the right level,,,,,,,,47.1,,35.0,,,,,,,,VI-2026-07-15-Opinium-Observer-Web-Tables-1227.xlsx,LAN1A (4)
"2,050 UK adults",15th - 17th July 2026,,,,2050,,total,Total,"Q:LAN1A. Now we would like to ask you about some of the different types of taxes currently levied in the UK. Which of the following do you think are set at the right level, or do you think they are currently set too high or too low?
 Fuel duty",UNMATCHED,,Currently too high,Currently too low,Currently about the right level,,,,,,,,54.7,7.6,15.6,,,,,,,,VI-2026-07-15-Opinium-Observer-Web-Tables-1227.xlsx,LAN1A (5)
"2,050 UK adults",15th - 17th July 2026,,,,2050,,current_vote,Con,"Q:LAN1A. Now we would like to ask you about some of the different types of taxes currently levied in the UK. Which of the following do you think are set at the right level, or do you think they are currently set too high or too low?
 Fuel duty",UNMATCHED,,Currently too high,Currently too low,Currently about the right level,,,,,,,,65.4,6.7,16.0,,,,,,,,VI-2026-07-15-Opinium-Observer-Web-Tables-1227.xlsx,LAN1A (5)
"2,050 UK adults",15th - 17th July 2026,,,,2050,,current_vote,Lab,"Q:LAN1A. Now we would like to ask you about some of the different types of taxes currently levied in the UK. Which of the following do you think are set at the right level, or do you think they are currently set too high or too low?
 Fuel duty",UNMATCHED,,Currently too high,Currently too low,Currently about the right level,,,,,,,,42.1,11.8,28.7,,,,,,,,VI-2026-07-15-Opinium-Observer-Web-Tables-1227.xlsx,LAN1A (5)
"2,050 UK adults",15th - 17th July 2026,,,,2050,,current_vote,Lib Dem,"Q:LAN1A. Now we would like to ask you about some of the different types of taxes currently levied in the UK. Which of the following do you think are set at the right level, or do you think they are currently set too high or too low?
 Fuel duty",UNMATCHED,,Currently too high,Currently too low,Currently about the right level,,,,,,,,54.9,7.1,20.4,,,,,,,,VI-2026-07-15-Opinium-Observer-Web-Tables-1227.xlsx,LAN1A (5)
"2,050 UK adults",15th - 17th July 2026,,,,2050,,current_vote,Reform,"Q:LAN1A. Now we would like to ask you about some of the different types of taxes currently levied in the UK. Which of the following do you think are set at the right level, or do you think they are currently set too high or too low?
 Fuel duty",UNMATCHED,,Currently too high,Currently too low,Currently about the right level,,,,,,,,72.8,5.6,8.2,,,,,,,,VI-2026-07-15-Opinium-Observer-Web-Tables-1227.xlsx,LAN1A (5)
"2,050 UK adults",15th - 17th July 2026,,,,2050,,current_vote,Green,"Q:LAN1A. Now we would like to ask you about some of the different types of taxes currently levied in the UK. Which of the following do you think are set at the right level, or do you think they are currently set too high or too low?
 Fuel duty",UNMATCHED,,Currently too high,Currently too low,Currently about the right level,,,,,,,,41.3,13.5,18.5,,,,,,,,VI-2026-07-15-Opinium-Observer-Web-Tables-1227.xlsx,LAN1A (5)
"2,050 UK adults",15th - 17th July 2026,,,,2050,,historic_vote,Conservative,"Q:LAN1A. Now we would like to ask you about some of the different types of taxes currently levied in the UK. Which of the following do you think are set at the right level, or do you think they are currently set too high or too low?
 Fuel duty",UNMATCHED,,Currently too high,Currently too low,Currently about the right level,,,,,,,,70.0,5.6,14.2,,,,,,,,VI-2026-07-15-Opinium-Observer-Web-Tables-1227.xlsx,LAN1A (5)
"2,050 UK adults",15th - 17th July 2026,,,,2050,,historic_vote,Labour,"Q:LAN1A. Now we would like to ask you about some of the different types of taxes currently levied in the UK. Which of the following do you think are set at the right level, or do you think they are currently set too high or too low?
 Fuel duty",UNMATCHED,,Currently too high,Currently too low,Currently about the right level,,,,,,,,48.3,9.7,21.5,,,,,,,,VI-2026-07-15-Opinium-Observer-Web-Tables-1227.xlsx,LAN1A (5)
"2,050 UK adults",15th - 17th July 2026,,,,2050,,historic_vote,Lib Dems,"Q:LAN1A. Now we would like to ask you about some of the different types of taxes currently levied in the UK. Which of the following do you think are set at the right level, or do you think they are currently set too high or too low?
 Fuel duty",UNMATCHED,,Currently too high,Currently too low,Currently about the right level,,,,,,,,55.3,6.7,20.7,,,,,,,,VI-2026-07-15-Opinium-Observer-Web-Tables-1227.xlsx,LAN1A (5)
"2,050 UK adults",15th - 17th July 2026,,,,2050,,historic_vote,Green,"Q:LAN1A. Now we would like to ask you about some of the different types of taxes currently levied in the UK. Which of the following do you think are set at the right level, or do you think they are currently set too high or too low?
 Fuel duty",UNMATCHED,,Currently too high,Currently too low,Currently about the right level,,,,,,,,47.7,14.4,20.3,,,,,,,,VI-2026-07-15-Opinium-Observer-Web-Tables-1227.xlsx,LAN1A (5)
"2,050 UK adults",15th - 17th July 2026,,,,2050,,historic_vote,Reform UK,"Q:LAN1A. Now we would like to ask you about some of the different types of taxes currently levied in the UK. Which of the following do you think are set at the right level, or do you think they are currently set too high or too low?
 Fuel duty",UNMATCHED,,Currently too high,Currently too low,Currently about the right level,,,,,,,,76.4,4.8,7.0,,,,,,,,VI-2026-07-15-Opinium-Observer-Web-Tables-1227.xlsx,LAN1A (5)
"2,050 UK adults",15th - 17th July 2026,,,,2050,,historic_vote,Con,"Q:LAN1A. Now we would like to ask you about some of the different types of taxes currently levied in the UK. Which of the following do you think are set at the right level, or do you think they are currently set too high or too low?
 Fuel duty",UNMATCHED,,Currently too high,Currently too low,Currently about the right level,,,,,,,,70.8,4.8,11.6,,,,,,,,VI-2026-07-15-Opinium-Observer-Web-Tables-1227.xlsx,LAN1A (5)
"2,050 UK adults",15th - 17th July 2026,,,,2050,,historic_vote,Lab,"Q:LAN1A. Now we would like to ask you about some of the different types of taxes currently levied in the UK. Which of the following do you think are set at the right level, or do you think they are currently set too high or too low?
 Fuel duty",UNMATCHED,,Currently too high,Currently too low,Currently about the right level,,,,,,,,48.8,9.0,20.3,,,,,,,,VI-2026-07-15-Opinium-Observer-Web-Tables-1227.xlsx,LAN1A (5)
"2,050 UK adults",15th - 17th July 2026,,,,2050,,historic_vote,Lib Dem,"Q:LAN1A. Now we would like to ask you about some of the different types of taxes currently levied in the UK. Which of the following do you think are set at the right level, or do you think they are currently set too high or too low?
 Fuel duty",UNMATCHED,,Currently too high,Currently too low,Currently about the right level,,,,,,,,49.1,7.8,22.7,,,,,,,,VI-2026-07-15-Opinium-Observer-Web-Tables-1227.xlsx,LAN1A (5)
"2,050 UK adults",15th - 17th July 2026,,,,2050,,historic_vote,Remain,"Q:LAN1A. Now we would like to ask you about some of the different types of taxes currently levied in the UK. Which of the following do you think are set at the right level, or do you think they are currently set too high or too low?
 Fuel duty",UNMATCHED,,Currently too high,Currently too low,Currently about the right level,,,,,,,,50.2,8.2,21.3,,,,,,,,VI-2026-07-15-Opinium-Observer-Web-Tables-1227.xlsx,LAN1A (5)
"2,050 UK adults",15th - 17th July 2026,,,,2050,,historic_vote,Leave,"Q:LAN1A. Now we would like to ask you about some of the different types of taxes currently levied in the UK. Which of the following do you think are set at the right level, or do you think they are currently set too high or too low?
 Fuel duty",UNMATCHED,,Currently too high,Currently too low,Currently about the right level,,,,,,,,67.4,4.6,11.1,,,,,,,,VI-2026-07-15-Opinium-Observer-Web-Tables-1227.xlsx,LAN1A (5)
"2,050 UK adults",15th - 17th July 2026,,,,2050,,gender,Male,"Q:LAN1A. Now we would like to ask you about some of the different types of taxes currently levied in the UK. Which of the following do you think are set at the right level, or do you think they are currently set too high or too low?
 Fuel duty",UNMATCHED,,Currently too high,Currently too low,Currently about the right level,,,,,,,,58.6,9.3,17.1,,,,,,,,VI-2026-07-15-Opinium-Observer-Web-Tables-1227.xlsx,LAN1A (5)
"2,050 UK adults",15th - 17th July 2026,,,,2050,,gender,Female,"Q:LAN1A. Now we would like to ask you about some of the different types of taxes currently levied in the UK. Which of the following do you think are set at the right level, or do you think they are currently set too high or too low?
 Fuel duty",UNMATCHED,,Currently too high,Currently too low,Currently about the right level,,,,,,,,51.6,6.0,14.3,,,,,,,,VI-2026-07-15-Opinium-Observer-Web-Tables-1227.xlsx,LAN1A (5)
"2,050 UK adults",15th - 17th July 2026,,,,2050,,age,18-34,"Q:LAN1A. Now we would like to ask you about some of the different types of taxes currently levied in the UK. Which of the following do you think are set at the right level, or do you think they are currently set too high or too low?
 Fuel duty",UNMATCHED,,Currently too high,Currently too low,Currently about the right level,,,,,,,,44.0,11.0,18.5,,,,,,,,VI-2026-07-15-Opinium-Observer-Web-Tables-1227.xlsx,LAN1A (5)
"2,050 UK adults",15th - 17th July 2026,,,,2050,,age,35-49,"Q:LAN1A. Now we would like to ask you about some of the different types of taxes currently levied in the UK. Which of the following do you think are set at the right level, or do you think they are currently set too high or too low?
 Fuel duty",UNMATCHED,,Currently too high,Currently too low,Currently about the right level,,,,,,,,50.7,8.7,15.3,,,,,,,,VI-2026-07-15-Opinium-Observer-Web-Tables-1227.xlsx,LAN1A (5)
"2,050 UK adults",15th - 17th July 2026,,,,2050,,age,50-64,"Q:LAN1A. Now we would like to ask you about some of the different types of taxes currently levied in the UK. Which of the following do you think are set at the right level, or do you think they are currently set too high or too low?
 Fuel duty",UNMATCHED,,Currently too high,Currently too low,Currently about the right level,,,,,,,,59.4,5.7,15.0,,,,,,,,VI-2026-07-15-Opinium-Observer-Web-Tables-1227.xlsx,LAN1A (5)
"2,050 UK adults",15th - 17th July 2026,,,,2050,,age,65+,"Q:LAN1A. Now we would like to ask you about some of the different types of taxes currently levied in the UK. Which of the following do you think are set at the right level, or do you think they are currently set too high or too low?
 Fuel duty",UNMATCHED,,Currently too high,Currently too low,Currently about the right level,,,,,,,,66.0,4.4,13.0,,,,,,,,VI-2026-07-15-Opinium-Observer-Web-Tables-1227.xlsx,LAN1A (5)
"2,050 UK adults",15th - 17th July 2026,,,,2050,,region,North,"Q:LAN1A. Now we would like to ask you about some of the different types of taxes currently levied in the UK. Which of the following do you think are set at the right level, or do you think they are currently set too high or too low?
 Fuel duty",UNMATCHED,,Currently too high,Currently too low,Currently about the right level,,,,,,,,54.9,8.0,14.7,,,,,,,,VI-2026-07-15-Opinium-Observer-Web-Tables-1227.xlsx,LAN1A (5)
"2,050 UK adults",15th - 17th July 2026,,,,2050,,region,Mids,"Q:LAN1A. Now we would like to ask you about some of the different types of taxes currently levied in the UK. Which of the following do you think are set at the right level, or do you think they are currently set too high or too low?
 Fuel duty",UNMATCHED,,Currently too high,Currently too low,Currently about the right level,,,,,,,,58.3,6.8,14.1,,,,,,,,VI-2026-07-15-Opinium-Observer-Web-Tables-1227.xlsx,LAN1A (5)
"2,050 UK adults",15th - 17th July 2026,,,,2050,,region,London,"Q:LAN1A. Now we would like to ask you about some of the different types of taxes currently levied in the UK. Which of the following do you think are set at the right level, or do you think they are currently set too high or too low?
 Fuel duty",UNMATCHED,,Currently too high,Currently too low,Currently about the right level,,,,,,,,38.5,14.3,19.7,,,,,,,,VI-2026-07-15-Opinium-Observer-Web-Tables-1227.xlsx,LAN1A (5)
"2,050 UK adults",15th - 17th July 2026,,,,2050,,region,South,"Q:LAN1A. Now we would like to ask you about some of the different types of taxes currently levied in the UK. Which of the following do you think are set at the right level, or do you think they are currently set too high or too low?
 Fuel duty",UNMATCHED,,Currently too high,Currently too low,Currently about the right level,,,,,,,,56.9,6.4,15.0,,,,,,,,VI-2026-07-15-Opinium-Observer-Web-Tables-1227.xlsx,LAN1A (5)
"2,050 UK adults",15th - 17th July 2026,,,,2050,,region,Wales,"Q:LAN1A. Now we would like to ask you about some of the different types of taxes currently levied in the UK. Which of the following do you think are set at the right level, or do you think they are currently set too high or too low?
 Fuel duty",UNMATCHED,,Currently too high,Currently too low,Currently about the right level,,,,,,,,61.3,4.4,9.2,,,,,,,,VI-2026-07-15-Opinium-Observer-Web-Tables-1227.xlsx,LAN1A (5)
"2,050 UK adults",15th - 17th July 2026,,,,2050,,region,Scotland,"Q:LAN1A. Now we would like to ask you about some of the different types of taxes currently levied in the UK. Which of the following do you think are set at the right level, or do you think they are currently set too high or too low?
 Fuel duty",UNMATCHED,,Currently too high,Currently too low,Currently about the right level,,,,,,,,54.9,6.3,20.8,,,,,,,,VI-2026-07-15-Opinium-Observer-Web-Tables-1227.xlsx,LAN1A (5)
"2,050 UK adults",15th - 17th July 2026,,,,2050,,region,Northern Ireland,"Q:LAN1A. Now we would like to ask you about some of the different types of taxes currently levied in the UK. Which of the following do you think are set at the right level, or do you think they are currently set too high or too low?
 Fuel duty",UNMATCHED,,Currently too high,Currently too low,Currently about the right level,,,,,,,,68.4,,12.9,,,,,,,,VI-2026-07-15-Opinium-Observer-Web-Tables-1227.xlsx,LAN1A (5)
"2,050 UK adults",15th - 17th July 2026,,,,2050,,total,Total,"Q:LAN1A. Now we would like to ask you about some of the different types of taxes currently levied in the UK. Which of the following do you think are set at the right level, or do you think they are currently set too high or too low?
 Capital gains tax",UNMATCHED,,Currently too high,Currently too low,Currently about the right level,,,,,,,,33.0,11.7,16.9,,,,,,,,VI-2026-07-15-Opinium-Observer-Web-Tables-1227.xlsx,LAN1A (6)
"2,050 UK adults",15th - 17th July 2026,,,,2050,,current_vote,Con,"Q:LAN1A. Now we would like to ask you about some of the different types of taxes currently levied in the UK. Which of the following do you think are set at the right level, or do you think they are currently set too high or too low?
 Capital gains tax",UNMATCHED,,Currently too high,Currently too low,Currently about the right level,,,,,,,,37.1,7.5,24.4,,,,,,,,VI-2026-07-15-Opinium-Observer-Web-Tables-1227.xlsx,LAN1A (6)
"2,050 UK adults",15th - 17th July 2026,,,,2050,,current_vote,Lab,"Q:LAN1A. Now we would like to ask you about some of the different types of taxes currently levied in the UK. Which of the following do you think are set at the right level, or do you think they are currently set too high or too low?
 Capital gains tax",UNMATCHED,,Currently too high,Currently too low,Currently about the right level,,,,,,,,29.0,15.9,22.0,,,,,,,,VI-2026-07-15-Opinium-Observer-Web-Tables-1227.xlsx,LAN1A (6)
"2,050 UK adults",15th - 17th July 2026,,,,2050,,current_vote,Lib Dem,"Q:LAN1A. Now we would like to ask you about some of the different types of taxes currently levied in the UK. Which of the following do you think are set at the right level, or do you think they are currently set too high or too low?
 Capital gains tax",UNMATCHED,,Currently too high,Currently too low,Currently about the right level,,,,,,,,26.0,17.4,17.6,,,,,,,,VI-2026-07-15-Opinium-Observer-Web-Tables-1227.xlsx,LAN1A (6)
"2,050 UK adults",15th - 17th July 2026,,,,2050,,current_vote,Reform,"Q:LAN1A. Now we would like to ask you about some of the different types of taxes currently levied in the UK. Which of the following do you think are set at the right level, or do you think they are currently set too high or too low?
 Capital gains tax",UNMATCHED,,Currently too high,Currently too low,Currently about the right level,,,,,,,,46.6,7.4,15.8,,,,,,,,VI-2026-07-15-Opinium-Observer-Web-Tables-1227.xlsx,LAN1A (6)
"2,050 UK adults",15th - 17th July 2026,,,,2050,,current_vote,Green,"Q:LAN1A. Now we would like to ask you about some of the different types of taxes currently levied in the UK. Which of the following do you think are set at the right level, or do you think they are currently set too high or too low?
 Capital gains tax",UNMATCHED,,Currently too high,Currently too low,Currently about the right level,,,,,,,,26.3,25.0,14.4,,,,,,,,VI-2026-07-15-Opinium-Observer-Web-Tables-1227.xlsx,LAN1A (6)
"2,050 UK adults",15th - 17th July 2026,,,,2050,,historic_vote,Conservative,"Q:LAN1A. Now we would like to ask you about some of the different types of taxes currently levied in the UK. Which of the following do you think are set at the right level, or do you think they are currently set too high or too low?
 Capital gains tax",UNMATCHED,,Currently too high,Currently too low,Currently about the right level,,,,,,,,40.1,6.5,23.6,,,,,,,,VI-2026-07-15-Opinium-Observer-Web-Tables-1227.xlsx,LAN1A (6)
"2,050 UK adults",15th - 17th July 2026,,,,2050,,historic_vote,Labour,"Q:LAN1A. Now we would like to ask you about some of the different types of taxes currently levied in the UK. Which of the following do you think are set at the right level, or do you think they are currently set too high or too low?
 Capital gains tax",UNMATCHED,,Currently too high,Currently too low,Currently about the right level,,,,,,,,26.7,17.1,20.0,,,,,,,,VI-2026-07-15-Opinium-Observer-Web-Tables-1227.xlsx,LAN1A (6)
"2,050 UK adults",15th - 17th July 2026,,,,2050,,historic_vote,Lib Dems,"Q:LAN1A. Now we would like to ask you about some of the different types of taxes currently levied in the UK. Which of the following do you think are set at the right level, or do you think they are currently set too high or too low?
 Capital gains tax",UNMATCHED,,Currently too high,Currently too low,Currently about the right level,,,,,,,,27.9,12.9,18.4,,,,,,,,VI-2026-07-15-Opinium-Observer-Web-Tables-1227.xlsx,LAN1A (6)
"2,050 UK adults",15th - 17th July 2026,,,,2050,,historic_vote,Green,"Q:LAN1A. Now we would like to ask you about some of the different types of taxes currently levied in the UK. Which of the following do you think are set at the right level, or do you think they are currently set too high or too low?
 Capital gains tax",UNMATCHED,,Currently too high,Currently too low,Currently about the right level,,,,,,,,28.6,25.2,16.5,,,,,,,,VI-2026-07-15-Opinium-Observer-Web-Tables-1227.xlsx,LAN1A (6)
"2,050 UK adults",15th - 17th July 2026,,,,2050,,historic_vote,Reform UK,"Q:LAN1A. Now we would like to ask you about some of the different types of taxes currently levied in the UK. Which of the following do you think are set at the right level, or do you think they are currently set too high or too low?
 Capital gains tax",UNMATCHED,,Currently too high,Currently too low,Currently about the right level,,,,,,,,49.9,8.7,13.5,,,,,,,,VI-2026-07-15-Opinium-Observer-Web-Tables-1227.xlsx,LAN1A (6)
"2,050 UK adults",15th - 17th July 2026,,,,2050,,historic_vote,Con,"Q:LAN1A. Now we would like to ask you about some of the different types of taxes currently levied in the UK. Which of the following do you think are set at the right level, or do you think they are currently set too high or too low?
 Capital gains tax",UNMATCHED,,Currently too high,Currently too low,Currently about the right level,,,,,,,,42.1,6.2,20.0,,,,,,,,VI-2026-07-15-Opinium-Observer-Web-Tables-1227.xlsx,LAN1A (6)
"2,050 UK adults",15th - 17th July 2026,,,,2050,,historic_vote,Lab,"Q:LAN1A. Now we would like to ask you about some of the different types of taxes currently levied in the UK. Which of the following do you think are set at the right level, or do you think they are currently set too high or too low?
 Capital gains tax",UNMATCHED,,Currently too high,Currently too low,Currently about the right level,,,,,,,,24.6,19.7,17.7,,,,,,,,VI-2026-07-15-Opinium-Observer-Web-Tables-1227.xlsx,LAN1A (6)
"2,050 UK adults",15th - 17th July 2026,,,,2050,,historic_vote,Lib Dem,"Q:LAN1A. Now we would like to ask you about some of the different types of taxes currently levied in the UK. Which of the following do you think are set at the right level, or do you think they are currently set too high or too low?
 Capital gains tax",UNMATCHED,,Currently too high,Currently too low,Currently about the right level,,,,,,,,27.6,17.1,22.4,,,,,,,,VI-2026-07-15-Opinium-Observer-Web-Tables-1227.xlsx,LAN1A (6)
"2,050 UK adults",15th - 17th July 2026,,,,2050,,historic_vote,Remain,"Q:LAN1A. Now we would like to ask you about some of the different types of taxes currently levied in the UK. Which of the following do you think are set at the right level, or do you think they are currently set too high or too low?
 Capital gains tax",UNMATCHED,,Currently too high,Currently too low,Currently about the right level,,,,,,,,28.3,16.6,18.1,,,,,,,,VI-2026-07-15-Opinium-Observer-Web-Tables-1227.xlsx,LAN1A (6)
"2,050 UK adults",15th - 17th July 2026,,,,2050,,historic_vote,Leave,"Q:LAN1A. Now we would like to ask you about some of the different types of taxes currently levied in the UK. Which of the following do you think are set at the right level, or do you think they are currently set too high or too low?
 Capital gains tax",UNMATCHED,,Currently too high,Currently too low,Currently about the right level,,,,,,,,37.3,8.3,17.2,,,,,,,,VI-2026-07-15-Opinium-Observer-Web-Tables-1227.xlsx,LAN1A (6)
"2,050 UK adults",15th - 17th July 2026,,,,2050,,gender,Male,"Q:LAN1A. Now we would like to ask you about some of the different types of taxes currently levied in the UK. Which of the following do you think are set at the right level, or do you think they are currently set too high or too low?
 Capital gains tax",UNMATCHED,,Currently too high,Currently too low,Currently about the right level,,,,,,,,37.5,13.8,20.8,,,,,,,,VI-2026-07-15-Opinium-Observer-Web-Tables-1227.xlsx,LAN1A (6)
"2,050 UK adults",15th - 17th July 2026,,,,2050,,gender,Female,"Q:LAN1A. Now we would like to ask you about some of the different types of taxes currently levied in the UK. Which of the following do you think are set at the right level, or do you think they are currently set too high or too low?
 Capital gains tax",UNMATCHED,,Currently too high,Currently too low,Currently about the right level,,,,,,,,29.1,9.6,13.3,,,,,,,,VI-2026-07-15-Opinium-Observer-Web-Tables-1227.xlsx,LAN1A (6)
"2,050 UK adults",15th - 17th July 2026,,,,2050,,age,18-34,"Q:LAN1A. Now we would like to ask you about some of the different types of taxes currently levied in the UK. Which of the following do you think are set at the right level, or do you think they are currently set too high or too low?
 Capital gains tax",UNMATCHED,,Currently too high,Currently too low,Currently about the right level,,,,,,,,35.0,12.9,18.6,,,,,,,,VI-2026-07-15-Opinium-Observer-Web-Tables-1227.xlsx,LAN1A (6)
"2,050 UK adults",15th - 17th July 2026,,,,2050,,age,35-49,"Q:LAN1A. Now we would like to ask you about some of the different types of taxes currently levied in the UK. Which of the following do you think are set at the right level, or do you think they are currently set too high or too low?
 Capital gains tax",UNMATCHED,,Currently too high,Currently too low,Currently about the right level,,,,,,,,32.6,13.2,16.0,,,,,,,,VI-2026-07-15-Opinium-Observer-Web-Tables-1227.xlsx,LAN1A (6)
"2,050 UK adults",15th - 17th July 2026,,,,2050,,age,50-64,"Q:LAN1A. Now we would like to ask you about some of the different types of taxes currently levied in the UK. Which of the following do you think are set at the right level, or do you think they are currently set too high or too low?
 Capital gains tax",UNMATCHED,,Currently too high,Currently too low,Currently about the right level,,,,,,,,32.1,11.9,17.9,,,,,,,,VI-2026-07-15-Opinium-Observer-Web-Tables-1227.xlsx,LAN1A (6)
"2,050 UK adults",15th - 17th July 2026,,,,2050,,age,65+,"Q:LAN1A. Now we would like to ask you about some of the different types of taxes currently levied in the UK. Which of the following do you think are set at the right level, or do you think they are currently set too high or too low?
 Capital gains tax",UNMATCHED,,Currently too high,Currently too low,Currently about the right level,,,,,,,,31.9,8.7,14.8,,,,,,,,VI-2026-07-15-Opinium-Observer-Web-Tables-1227.xlsx,LAN1A (6)
"2,050 UK adults",15th - 17th July 2026,,,,2050,,region,North,"Q:LAN1A. Now we would like to ask you about some of the different types of taxes currently levied in the UK. Which of the following do you think are set at the right level, or do you think they are currently set too high or too low?
 Capital gains tax",UNMATCHED,,Currently too high,Currently too low,Currently about the right level,,,,,,,,32.4,10.7,17.1,,,,,,,,VI-2026-07-15-Opinium-Observer-Web-Tables-1227.xlsx,LAN1A (6)
"2,050 UK adults",15th - 17th July 2026,,,,2050,,region,Mids,"Q:LAN1A. Now we would like to ask you about some of the different types of taxes currently levied in the UK. Which of the following do you think are set at the right level, or do you think they are currently set too high or too low?
 Capital gains tax",UNMATCHED,,Currently too high,Currently too low,Currently about the right level,,,,,,,,34.0,10.0,15.7,,,,,,,,VI-2026-07-15-Opinium-Observer-Web-Tables-1227.xlsx,LAN1A (6)
"2,050 UK adults",15th - 17th July 2026,,,,2050,,region,London,"Q:LAN1A. Now we would like to ask you about some of the different types of taxes currently levied in the UK. Which of the following do you think are set at the right level, or do you think they are currently set too high or too low?
 Capital gains tax",UNMATCHED,,Currently too high,Currently too low,Currently about the right level,,,,,,,,34.6,13.0,17.2,,,,,,,,VI-2026-07-15-Opinium-Observer-Web-Tables-1227.xlsx,LAN1A (6)
"2,050 UK adults",15th - 17th July 2026,,,,2050,,region,South,"Q:LAN1A. Now we would like to ask you about some of the different types of taxes currently levied in the UK. Which of the following do you think are set at the right level, or do you think they are currently set too high or too low?
 Capital gains tax",UNMATCHED,,Currently too high,Currently too low,Currently about the right level,,,,,,,,34.4,13.8,15.2,,,,,,,,VI-2026-07-15-Opinium-Observer-Web-Tables-1227.xlsx,LAN1A (6)
"2,050 UK adults",15th - 17th July 2026,,,,2050,,region,Wales,"Q:LAN1A. Now we would like to ask you about some of the different types of taxes currently levied in the UK. Which of the following do you think are set at the right level, or do you think they are currently set too high or too low?
 Capital gains tax",UNMATCHED,,Currently too high,Currently too low,Currently about the right level,,,,,,,,27.7,8.9,21.8,,,,,,,,VI-2026-07-15-Opinium-Observer-Web-Tables-1227.xlsx,LAN1A (6)
"2,050 UK adults",15th - 17th July 2026,,,,2050,,region,Scotland,"Q:LAN1A. Now we would like to ask you about some of the different types of taxes currently levied in the UK. Which of the following do you think are set at the right level, or do you think they are currently set too high or too low?
 Capital gains tax",UNMATCHED,,Currently too high,Currently too low,Currently about the right level,,,,,,,,25.5,11.5,21.8,,,,,,,,VI-2026-07-15-Opinium-Observer-Web-Tables-1227.xlsx,LAN1A (6)
"2,050 UK adults",15th - 17th July 2026,,,,2050,,region,Northern Ireland,"Q:LAN1A. Now we would like to ask you about some of the different types of taxes currently levied in the UK. Which of the following do you think are set at the right level, or do you think they are currently set too high or too low?
 Capital gains tax",UNMATCHED,,Currently too high,Currently too low,Currently about the right level,,,,,,,,40.0,5.2,17.3,,,,,,,,VI-2026-07-15-Opinium-Observer-Web-Tables-1227.xlsx,LAN1A (6)
"2,050 UK adults",15th - 17th July 2026,,,,2050,,total,Total,"Q:LAN1A. Now we would like to ask you about some of the different types of taxes currently levied in the UK. Which of the following do you think are set at the right level, or do you think they are currently set too high or too low?
 Corporation tax",UNMATCHED,,Currently too high,Currently too low,Currently about the right level,,,,,,,,23.5,19.9,16.3,,,,,,,,VI-2026-07-15-Opinium-Observer-Web-Tables-1227.xlsx,LAN1A (7)
"2,050 UK adults",15th - 17th July 2026,,,,2050,,current_vote,Con,"Q:LAN1A. Now we would like to ask you about some of the different types of taxes currently levied in the UK. Which of the following do you think are set at the right level, or do you think they are currently set too high or too low?
 Corporation tax",UNMATCHED,,Currently too high,Currently too low,Currently about the right level,,,,,,,,30.1,10.8,21.8,,,,,,,,VI-2026-07-15-Opinium-Observer-Web-Tables-1227.xlsx,LAN1A (7)
"2,050 UK adults",15th - 17th July 2026,,,,2050,,current_vote,Lab,"Q:LAN1A. Now we would like to ask you about some of the different types of taxes currently levied in the UK. Which of the following do you think are set at the right level, or do you think they are currently set too high or too low?
 Corporation tax",UNMATCHED,,Currently too high,Currently too low,Currently about the right level,,,,,,,,19.7,26.0,21.1,,,,,,,,VI-2026-07-15-Opinium-Observer-Web-Tables-1227.xlsx,LAN1A (7)
"2,050 UK adults",15th - 17th July 2026,,,,2050,,current_vote,Lib Dem,"Q:LAN1A. Now we would like to ask you about some of the different types of taxes currently levied in the UK. Which of the following do you think are set at the right level, or do you think they are currently set too high or too low?
 Corporation tax",UNMATCHED,,Currently too high,Currently too low,Currently about the right level,,,,,,,,18.2,21.8,17.9,,,,,,,,VI-2026-07-15-Opinium-Observer-Web-Tables-1227.xlsx,LAN1A (7)
"2,050 UK adults",15th - 17th July 2026,,,,2050,,current_vote,Reform,"Q:LAN1A. Now we would like to ask you about some of the different types of taxes currently levied in the UK. Which of the following do you think are set at the right level, or do you think they are currently set too high or too low?
 Corporation tax",UNMATCHED,,Currently too high,Currently too low,Currently about the right level,,,,,,,,32.9,16.4,13.6,,,,,,,,VI-2026-07-15-Opinium-Observer-Web-Tables-1227.xlsx,LAN1A (7)
"2,050 UK adults",15th - 17th July 2026,,,,2050,,current_vote,Green,"Q:LAN1A. Now we would like to ask you about some of the different types of taxes currently levied in the UK. Which of the following do you think are set at the right level, or do you think they are currently set too high or too low?
 Corporation tax",UNMATCHED,,Currently too high,Currently too low,Currently about the right level,,,,,,,,14.1,41.3,15.3,,,,,,,,VI-2026-07-15-Opinium-Observer-Web-Tables-1227.xlsx,LAN1A (7)
"2,050 UK adults",15th - 17th July 2026,,,,2050,,historic_vote,Conservative,"Q:LAN1A. Now we would like to ask you about some of the different types of taxes currently levied in the UK. Which of the following do you think are set at the right level, or do you think they are currently set too high or too low?
 Corporation tax",UNMATCHED,,Currently too high,Currently too low,Currently about the right level,,,,,,,,32.1,11.8,19.8,,,,,,,,VI-2026-07-15-Opinium-Observer-Web-Tables-1227.xlsx,LAN1A (7)
"2,050 UK adults",15th - 17th July 2026,,,,2050,,historic_vote,Labour,"Q:LAN1A. Now we would like to ask you about some of the different types of taxes currently levied in the UK. Which of the following do you think are set at the right level, or do you think they are currently set too high or too low?
 Corporation tax",UNMATCHED,,Currently too high,Currently too low,Currently about the right level,,,,,,,,16.8,28.0,17.8,,,,,,,,VI-2026-07-15-Opinium-Observer-Web-Tables-1227.xlsx,LAN1A (7)
"2,050 UK adults",15th - 17th July 2026,,,,2050,,historic_vote,Lib Dems,"Q:LAN1A. Now we would like to ask you about some of the different types of taxes currently levied in the UK. Which of the following do you think are set at the right level, or do you think they are currently set too high or too low?
 Corporation tax",UNMATCHED,,Currently too high,Currently too low,Currently about the right level,,,,,,,,18.5,20.6,19.2,,,,,,,,VI-2026-07-15-Opinium-Observer-Web-Tables-1227.xlsx,LAN1A (7)
"2,050 UK adults",15th - 17th July 2026,,,,2050,,historic_vote,Green,"Q:LAN1A. Now we would like to ask you about some of the different types of taxes currently levied in the UK. Which of the following do you think are set at the right level, or do you think they are currently set too high or too low?
 Corporation tax",UNMATCHED,,Currently too high,Currently too low,Currently about the right level,,,,,,,,20.1,42.0,11.7,,,,,,,,VI-2026-07-15-Opinium-Observer-Web-Tables-1227.xlsx,LAN1A (7)
"2,050 UK adults",15th - 17th July 2026,,,,2050,,historic_vote,Reform UK,"Q:LAN1A. Now we would like to ask you about some of the different types of taxes currently levied in the UK. Which of the following do you think are set at the right level, or do you think they are currently set too high or too low?
 Corporation tax",UNMATCHED,,Currently too high,Currently too low,Currently about the right level,,,,,,,,36.1,16.8,13.8,,,,,,,,VI-2026-07-15-Opinium-Observer-Web-Tables-1227.xlsx,LAN1A (7)
"2,050 UK adults",15th - 17th July 2026,,,,2050,,historic_vote,Con,"Q:LAN1A. Now we would like to ask you about some of the different types of taxes currently levied in the UK. Which of the following do you think are set at the right level, or do you think they are currently set too high or too low?
 Corporation tax",UNMATCHED,,Currently too high,Currently too low,Currently about the right level,,,,,,,,29.6,12.3,18.8,,,,,,,,VI-2026-07-15-Opinium-Observer-Web-Tables-1227.xlsx,LAN1A (7)
"2,050 UK adults",15th - 17th July 2026,,,,2050,,historic_vote,Lab,"Q:LAN1A. Now we would like to ask you about some of the different types of taxes currently levied in the UK. Which of the following do you think are set at the right level, or do you think they are currently set too high or too low?
 Corporation tax",UNMATCHED,,Currently too high,Currently too low,Currently about the right level,,,,,,,,15.8,32.8,13.2,,,,,,,,VI-2026-07-15-Opinium-Observer-Web-Tables-1227.xlsx,LAN1A (7)
"2,050 UK adults",15th - 17th July 2026,,,,2050,,historic_vote,Lib Dem,"Q:LAN1A. Now we would like to ask you about some of the different types of taxes currently levied in the UK. Which of the following do you think are set at the right level, or do you think they are currently set too high or too low?
 Corporation tax",UNMATCHED,,Currently too high,Currently too low,Currently about the right level,,,,,,,,17.9,25.3,21.8,,,,,,,,VI-2026-07-15-Opinium-Observer-Web-Tables-1227.xlsx,LAN1A (7)
"2,050 UK adults",15th - 17th July 2026,,,,2050,,historic_vote,Remain,"Q:LAN1A. Now we would like to ask you about some of the different types of taxes currently levied in the UK. Which of the following do you think are set at the right level, or do you think they are currently set too high or too low?
 Corporation tax",UNMATCHED,,Currently too high,Currently too low,Currently about the right level,,,,,,,,17.1,25.6,17.9,,,,,,,,VI-2026-07-15-Opinium-Observer-Web-Tables-1227.xlsx,LAN1A (7)
"2,050 UK adults",15th - 17th July 2026,,,,2050,,historic_vote,Leave,"Q:LAN1A. Now we would like to ask you about some of the different types of taxes currently levied in the UK. Which of the following do you think are set at the right level, or do you think they are currently set too high or too low?
 Corporation tax",UNMATCHED,,Currently too high,Currently too low,Currently about the right level,,,,,,,,26.0,16.3,15.3,,,,,,,,VI-2026-07-15-Opinium-Observer-Web-Tables-1227.xlsx,LAN1A (7)
"2,050 UK adults",15th - 17th July 2026,,,,2050,,gender,Male,"Q:LAN1A. Now we would like to ask you about some of the different types of taxes currently levied in the UK. Which of the following do you think are set at the right level, or do you think they are currently set too high or too low?
 Corporation tax",UNMATCHED,,Currently too high,Currently too low,Currently about the right level,,,,,,,,27.1,21.9,19.5,,,,,,,,VI-2026-07-15-Opinium-Observer-Web-Tables-1227.xlsx,LAN1A (7)
"2,050 UK adults",15th - 17th July 2026,,,,2050,,gender,Female,"Q:LAN1A. Now we would like to ask you about some of the different types of taxes currently levied in the UK. Which of the following do you think are set at the right level, or do you think they are currently set too high or too low?
 Corporation tax",UNMATCHED,,Currently too high,Currently too low,Currently about the right level,,,,,,,,20.3,17.9,13.3,,,,,,,,VI-2026-07-15-Opinium-Observer-Web-Tables-1227.xlsx,LAN1A (7)
"2,050 UK adults",15th - 17th July 2026,,,,2050,,age,18-34,"Q:LAN1A. Now we would like to ask you about some of the different types of taxes currently levied in the UK. Which of the following do you think are set at the right level, or do you think they are currently set too high or too low?
 Corporation tax",UNMATCHED,,Currently too high,Currently too low,Currently about the right level,,,,,,,,31.4,20.2,19.0,,,,,,,,VI-2026-07-15-Opinium-Observer-Web-Tables-1227.xlsx,LAN1A (7)
"2,050 UK adults",15th - 17th July 2026,,,,2050,,age,35-49,"Q:LAN1A. Now we would like to ask you about some of the different types of taxes currently levied in the UK. Which of the following do you think are set at the right level, or do you think they are currently set too high or too low?
 Corporation tax",UNMATCHED,,Currently too high,Currently too low,Currently about the right level,,,,,,,,19.7,27.2,14.7,,,,,,,,VI-2026-07-15-Opinium-Observer-Web-Tables-1227.xlsx,LAN1A (7)
"2,050 UK adults",15th - 17th July 2026,,,,2050,,age,50-64,"Q:LAN1A. Now we would like to ask you about some of the different types of taxes currently levied in the UK. Which of the following do you think are set at the right level, or do you think they are currently set too high or too low?
 Corporation tax",UNMATCHED,,Currently too high,Currently too low,Currently about the right level,,,,,,,,19.8,20.7,17.2,,,,,,,,VI-2026-07-15-Opinium-Observer-Web-Tables-1227.xlsx,LAN1A (7)
"2,050 UK adults",15th - 17th July 2026,,,,2050,,age,65+,"Q:LAN1A. Now we would like to ask you about some of the different types of taxes currently levied in the UK. Which of the following do you think are set at the right level, or do you think they are currently set too high or too low?
 Corporation tax",UNMATCHED,,Currently too high,Currently too low,Currently about the right level,,,,,,,,21.9,11.2,13.9,,,,,,,,VI-2026-07-15-Opinium-Observer-Web-Tables-1227.xlsx,LAN1A (7)
"2,050 UK adults",15th - 17th July 2026,,,,2050,,region,North,"Q:LAN1A. Now we would like to ask you about some of the different types of taxes currently levied in the UK. Which of the following do you think are set at the right level, or do you think they are currently set too high or too low?
 Corporation tax",UNMATCHED,,Currently too high,Currently too low,Currently about the right level,,,,,,,,26.3,17.2,13.0,,,,,,,,VI-2026-07-15-Opinium-Observer-Web-Tables-1227.xlsx,LAN1A (7)
"2,050 UK adults",15th - 17th July 2026,,,,2050,,region,Mids,"Q:LAN1A. Now we would like to ask you about some of the different types of taxes currently levied in the UK. Which of the following do you think are set at the right level, or do you think they are currently set too high or too low?
 Corporation tax",UNMATCHED,,Currently too high,Currently too low,Currently about the right level,,,,,,,,21.6,19.8,16.9,,,,,,,,VI-2026-07-15-Opinium-Observer-Web-Tables-1227.xlsx,LAN1A (7)
"2,050 UK adults",15th - 17th July 2026,,,,2050,,region,London,"Q:LAN1A. Now we would like to ask you about some of the different types of taxes currently levied in the UK. Which of the following do you think are set at the right level, or do you think they are currently set too high or too low?
 Corporation tax",UNMATCHED,,Currently too high,Currently too low,Currently about the right level,,,,,,,,26.8,20.8,22.4,,,,,,,,VI-2026-07-15-Opinium-Observer-Web-Tables-1227.xlsx,LAN1A (7)
"2,050 UK adults",15th - 17th July 2026,,,,2050,,region,South,"Q:LAN1A. Now we would like to ask you about some of the different types of taxes currently levied in the UK. Which of the following do you think are set at the right level, or do you think they are currently set too high or too low?
 Corporation tax",UNMATCHED,,Currently too high,Currently too low,Currently about the right level,,,,,,,,21.8,22.8,14.4,,,,,,,,VI-2026-07-15-Opinium-Observer-Web-Tables-1227.xlsx,LAN1A (7)
"2,050 UK adults",15th - 17th July 2026,,,,2050,,region,Wales,"Q:LAN1A. Now we would like to ask you about some of the different types of taxes currently levied in the UK. Which of the following do you think are set at the right level, or do you think they are currently set too high or too low?
 Corporation tax",UNMATCHED,,Currently too high,Currently too low,Currently about the right level,,,,,,,,19.8,22.7,17.9,,,,,,,,VI-2026-07-15-Opinium-Observer-Web-Tables-1227.xlsx,LAN1A (7)
"2,050 UK adults",15th - 17th July 2026,,,,2050,,region,Scotland,"Q:LAN1A. Now we would like to ask you about some of the different types of taxes currently levied in the UK. Which of the following do you think are set at the right level, or do you think they are currently set too high or too low?
 Corporation tax",UNMATCHED,,Currently too high,Currently too low,Currently about the right level,,,,,,,,17.0,17.9,20.2,,,,,,,,VI-2026-07-15-Opinium-Observer-Web-Tables-1227.xlsx,LAN1A (7)
"2,050 UK adults",15th - 17th July 2026,,,,2050,,region,Northern Ireland,"Q:LAN1A. Now we would like to ask you about some of the different types of taxes currently levied in the UK. Which of the following do you think are set at the right level, or do you think they are currently set too high or too low?
 Corporation tax",UNMATCHED,,Currently too high,Currently too low,Currently about the right level,,,,,,,,40.2,5.1,20.1,,,,,,,,VI-2026-07-15-Opinium-Observer-Web-Tables-1227.xlsx,LAN1A (7)
"2,050 UK adults",15th - 17th July 2026,,,,2050,,total,Total,"Q:LAN1A. Now we would like to ask you about some of the different types of taxes currently levied in the UK. Which of the following do you think are set at the right level, or do you think they are currently set too high or too low?
 Inheritance tax",UNMATCHED,,Currently too high,Currently too low,Currently about the right level,,,,,,,,49.6,9.0,15.5,,,,,,,,VI-2026-07-15-Opinium-Observer-Web-Tables-1227.xlsx,LAN1A (8)
"2,050 UK adults",15th - 17th July 2026,,,,2050,,current_vote,Con,"Q:LAN1A. Now we would like to ask you about some of the different types of taxes currently levied in the UK. Which of the following do you think are set at the right level, or do you think they are currently set too high or too low?
 Inheritance tax",UNMATCHED,,Currently too high,Currently too low,Currently about the right level,,,,,,,,60.4,6.6,16.2,,,,,,,,VI-2026-07-15-Opinium-Observer-Web-Tables-1227.xlsx,LAN1A (8)
"2,050 UK adults",15th - 17th July 2026,,,,2050,,current_vote,Lab,"Q:LAN1A. Now we would like to ask you about some of the different types of taxes currently levied in the UK. Which of the following do you think are set at the right level, or do you think they are currently set too high or too low?
 Inheritance tax",UNMATCHED,,Currently too high,Currently too low,Currently about the right level,,,,,,,,38.6,14.2,23.4,,,,,,,,VI-2026-07-15-Opinium-Observer-Web-Tables-1227.xlsx,LAN1A (8)
"2,050 UK adults",15th - 17th July 2026,,,,2050,,current_vote,Lib Dem,"Q:LAN1A. Now we would like to ask you about some of the different types of taxes currently levied in the UK. Which of the following do you think are set at the right level, or do you think they are currently set too high or too low?
 Inheritance tax",UNMATCHED,,Currently too high,Currently too low,Currently about the right level,,,,,,,,47.4,11.6,17.9,,,,,,,,VI-2026-07-15-Opinium-Observer-Web-Tables-1227.xlsx,LAN1A (8)
"2,050 UK adults",15th - 17th July 2026,,,,2050,,current_vote,Reform,"Q:LAN1A. Now we would like to ask you about some of the different types of taxes currently levied in the UK. Which of the following do you think are set at the right level, or do you think they are currently set too high or too low?
 Inheritance tax",UNMATCHED,,Currently too high,Currently too low,Currently about the right level,,,,,,,,65.8,4.8,13.2,,,,,,,,VI-2026-07-15-Opinium-Observer-Web-Tables-1227.xlsx,LAN1A (8)
"2,050 UK adults",15th - 17th July 2026,,,,2050,,current_vote,Green,"Q:LAN1A. Now we would like to ask you about some of the different types of taxes currently levied in the UK. Which of the following do you think are set at the right level, or do you think they are currently set too high or too low?
 Inheritance tax",UNMATCHED,,Currently too high,Currently too low,Currently about the right level,,,,,,,,37.1,19.2,16.4,,,,,,,,VI-2026-07-15-Opinium-Observer-Web-Tables-1227.xlsx,LAN1A (8)
"2,050 UK adults",15th - 17th July 2026,,,,2050,,historic_vote,Conservative,"Q:LAN1A. Now we would like to ask you about some of the different types of taxes currently levied in the UK. Which of the following do you think are set at the right level, or do you think they are currently set too high or too low?
 Inheritance tax",UNMATCHED,,Currently too high,Currently too low,Currently about the right level,,,,,,,,63.0,6.0,14.5,,,,,,,,VI-2026-07-15-Opinium-Observer-Web-Tables-1227.xlsx,LAN1A (8)
"2,050 UK adults",15th - 17th July 2026,,,,2050,,historic_vote,Labour,"Q:LAN1A. Now we would like to ask you about some of the different types of taxes currently levied in the UK. Which of the following do you think are set at the right level, or do you think they are currently set too high or too low?
 Inheritance tax",UNMATCHED,,Currently too high,Currently too low,Currently about the right level,,,,,,,,38.7,12.2,23.3,,,,,,,,VI-2026-07-15-Opinium-Observer-Web-Tables-1227.xlsx,LAN1A (8)
"2,050 UK adults",15th - 17th July 2026,,,,2050,,historic_vote,Lib Dems,"Q:LAN1A. Now we would like to ask you about some of the different types of taxes currently levied in the UK. Which of the following do you think are set at the right level, or do you think they are currently set too high or too low?
 Inheritance tax",UNMATCHED,,Currently too high,Currently too low,Currently about the right level,,,,,,,,50.8,11.2,14.3,,,,,,,,VI-2026-07-15-Opinium-Observer-Web-Tables-1227.xlsx,LAN1A (8)
"2,050 UK adults",15th - 17th July 2026,,,,2050,,historic_vote,Green,"Q:LAN1A. Now we would like to ask you about some of the different types of taxes currently levied in the UK. Which of the following do you think are set at the right level, or do you think they are currently set too high or too low?
 Inheritance tax",UNMATCHED,,Currently too high,Currently too low,Currently about the right level,,,,,,,,41.6,21.3,14.2,,,,,,,,VI-2026-07-15-Opinium-Observer-Web-Tables-1227.xlsx,LAN1A (8)
"2,050 UK adults",15th - 17th July 2026,,,,2050,,historic_vote,Reform UK,"Q:LAN1A. Now we would like to ask you about some of the different types of taxes currently levied in the UK. Which of the following do you think are set at the right level, or do you think they are currently set too high or too low?
 Inheritance tax",UNMATCHED,,Currently too high,Currently too low,Currently about the right level,,,,,,,,70.3,5.6,12.1,,,,,,,,VI-2026-07-15-Opinium-Observer-Web-Tables-1227.xlsx,LAN1A (8)
"2,050 UK adults",15th - 17th July 2026,,,,2050,,historic_vote,Con,"Q:LAN1A. Now we would like to ask you about some of the different types of taxes currently levied in the UK. Which of the following do you think are set at the right level, or do you think they are currently set too high or too low?
 Inheritance tax",UNMATCHED,,Currently too high,Currently too low,Currently about the right level,,,,,,,,62.4,5.3,15.6,,,,,,,,VI-2026-07-15-Opinium-Observer-Web-Tables-1227.xlsx,LAN1A (8)
"2,050 UK adults",15th - 17th July 2026,,,,2050,,historic_vote,Lab,"Q:LAN1A. Now we would like to ask you about some of the different types of taxes currently levied in the UK. Which of the following do you think are set at the right level, or do you think they are currently set too high or too low?
 Inheritance tax",UNMATCHED,,Currently too high,Currently too low,Currently about the right level,,,,,,,,37.6,14.5,19.8,,,,,,,,VI-2026-07-15-Opinium-Observer-Web-Tables-1227.xlsx,LAN1A (8)
"2,050 UK adults",15th - 17th July 2026,,,,2050,,historic_vote,Lib Dem,"Q:LAN1A. Now we would like to ask you about some of the different types of taxes currently levied in the UK. Which of the following do you think are set at the right level, or do you think they are currently set too high or too low?
 Inheritance tax",UNMATCHED,,Currently too high,Currently too low,Currently about the right level,,,,,,,,46.8,13.0,17.6,,,,,,,,VI-2026-07-15-Opinium-Observer-Web-Tables-1227.xlsx,LAN1A (8)
"2,050 UK adults",15th - 17th July 2026,,,,2050,,historic_vote,Remain,"Q:LAN1A. Now we would like to ask you about some of the different types of taxes currently levied in the UK. Which of the following do you think are set at the right level, or do you think they are currently set too high or too low?
 Inheritance tax",UNMATCHED,,Currently too high,Currently too low,Currently about the right level,,,,,,,,47.1,12.6,17.9,,,,,,,,VI-2026-07-15-Opinium-Observer-Web-Tables-1227.xlsx,LAN1A (8)
"2,050 UK adults",15th - 17th July 2026,,,,2050,,historic_vote,Leave,"Q:LAN1A. Now we would like to ask you about some of the different types of taxes currently levied in the UK. Which of the following do you think are set at the right level, or do you think they are currently set too high or too low?
 Inheritance tax",UNMATCHED,,Currently too high,Currently too low,Currently about the right level,,,,,,,,56.6,5.6,14.0,,,,,,,,VI-2026-07-15-Opinium-Observer-Web-Tables-1227.xlsx,LAN1A (8)
"2,050 UK adults",15th - 17th July 2026,,,,2050,,gender,Male,"Q:LAN1A. Now we would like to ask you about some of the different types of taxes currently levied in the UK. Which of the following do you think are set at the right level, or do you think they are currently set too high or too low?
 Inheritance tax",UNMATCHED,,Currently too high,Currently too low,Currently about the right level,,,,,,,,52.2,10.9,16.4,,,,,,,,VI-2026-07-15-Opinium-Observer-Web-Tables-1227.xlsx,LAN1A (8)
"2,050 UK adults",15th - 17th July 2026,,,,2050,,gender,Female,"Q:LAN1A. Now we would like to ask you about some of the different types of taxes currently levied in the UK. Which of the following do you think are set at the right level, or do you think they are currently set too high or too low?
 Inheritance tax",UNMATCHED,,Currently too high,Currently too low,Currently about the right level,,,,,,,,47.7,7.1,14.6,,,,,,,,VI-2026-07-15-Opinium-Observer-Web-Tables-1227.xlsx,LAN1A (8)
"2,050 UK adults",15th - 17th July 2026,,,,2050,,age,18-34,"Q:LAN1A. Now we would like to ask you about some of the different types of taxes currently levied in the UK. Which of the following do you think are set at the right level, or do you think they are currently set too high or too low?
 Inheritance tax",UNMATCHED,,Currently too high,Currently too low,Currently about the right level,,,,,,,,49.0,10.9,16.5,,,,,,,,VI-2026-07-15-Opinium-Observer-Web-Tables-1227.xlsx,LAN1A (8)
"2,050 UK adults",15th - 17th July 2026,,,,2050,,age,35-49,"Q:LAN1A. Now we would like to ask you about some of the different types of taxes currently levied in the UK. Which of the following do you think are set at the right level, or do you think they are currently set too high or too low?
 Inheritance tax",UNMATCHED,,Currently too high,Currently too low,Currently about the right level,,,,,,,,49.4,10.0,15.3,,,,,,,,VI-2026-07-15-Opinium-Observer-Web-Tables-1227.xlsx,LAN1A (8)
"2,050 UK adults",15th - 17th July 2026,,,,2050,,age,50-64,"Q:LAN1A. Now we would like to ask you about some of the different types of taxes currently levied in the UK. Which of the following do you think are set at the right level, or do you think they are currently set too high or too low?
 Inheritance tax",UNMATCHED,,Currently too high,Currently too low,Currently about the right level,,,,,,,,46.0,8.9,18.9,,,,,,,,VI-2026-07-15-Opinium-Observer-Web-Tables-1227.xlsx,LAN1A (8)
"2,050 UK adults",15th - 17th July 2026,,,,2050,,age,65+,"Q:LAN1A. Now we would like to ask you about some of the different types of taxes currently levied in the UK. Which of the following do you think are set at the right level, or do you think they are currently set too high or too low?
 Inheritance tax",UNMATCHED,,Currently too high,Currently too low,Currently about the right level,,,,,,,,54.2,5.9,10.9,,,,,,,,VI-2026-07-15-Opinium-Observer-Web-Tables-1227.xlsx,LAN1A (8)
"2,050 UK adults",15th - 17th July 2026,,,,2050,,region,North,"Q:LAN1A. Now we would like to ask you about some of the different types of taxes currently levied in the UK. Which of the following do you think are set at the right level, or do you think they are currently set too high or too low?
 Inheritance tax",UNMATCHED,,Currently too high,Currently too low,Currently about the right level,,,,,,,,44.3,9.8,15.7,,,,,,,,VI-2026-07-15-Opinium-Observer-Web-Tables-1227.xlsx,LAN1A (8)
"2,050 UK adults",15th - 17th July 2026,,,,2050,,region,Mids,"Q:LAN1A. Now we would like to ask you about some of the different types of taxes currently levied in the UK. Which of the following do you think are set at the right level, or do you think they are currently set too high or too low?
 Inheritance tax",UNMATCHED,,Currently too high,Currently too low,Currently about the right level,,,,,,,,52.1,7.7,14.9,,,,,,,,VI-2026-07-15-Opinium-Observer-Web-Tables-1227.xlsx,LAN1A (8)
"2,050 UK adults",15th - 17th July 2026,,,,2050,,region,London,"Q:LAN1A. Now we would like to ask you about some of the different types of taxes currently levied in the UK. Which of the following do you think are set at the right level, or do you think they are currently set too high or too low?
 Inheritance tax",UNMATCHED,,Currently too high,Currently too low,Currently about the right level,,,,,,,,51.4,10.0,16.8,,,,,,,,VI-2026-07-15-Opinium-Observer-Web-Tables-1227.xlsx,LAN1A (8)
"2,050 UK adults",15th - 17th July 2026,,,,2050,,region,South,"Q:LAN1A. Now we would like to ask you about some of the different types of taxes currently levied in the UK. Which of the following do you think are set at the right level, or do you think they are currently set too high or too low?
 Inheritance tax",UNMATCHED,,Currently too high,Currently too low,Currently about the right level,,,,,,,,53.3,9.0,13.6,,,,,,,,VI-2026-07-15-Opinium-Observer-Web-Tables-1227.xlsx,LAN1A (8)
"2,050 UK adults",15th - 17th July 2026,,,,2050,,region,Wales,"Q:LAN1A. Now we would like to ask you about some of the different types of taxes currently levied in the UK. Which of the following do you think are set at the right level, or do you think they are currently set too high or too low?
 Inheritance tax",UNMATCHED,,Currently too high,Currently too low,Currently about the right level,,,,,,,,48.0,9.4,18.1,,,,,,,,VI-2026-07-15-Opinium-Observer-Web-Tables-1227.xlsx,LAN1A (8)
"2,050 UK adults",15th - 17th July 2026,,,,2050,,region,Scotland,"Q:LAN1A. Now we would like to ask you about some of the different types of taxes currently levied in the UK. Which of the following do you think are set at the right level, or do you think they are currently set too high or too low?
 Inheritance tax",UNMATCHED,,Currently too high,Currently too low,Currently about the right level,,,,,,,,37.9,9.3,21.4,,,,,,,,VI-2026-07-15-Opinium-Observer-Web-Tables-1227.xlsx,LAN1A (8)
"2,050 UK adults",15th - 17th July 2026,,,,2050,,region,Northern Ireland,"Q:LAN1A. Now we would like to ask you about some of the different types of taxes currently levied in the UK. Which of the following do you think are set at the right level, or do you think they are currently set too high or too low?
 Inheritance tax",UNMATCHED,,Currently too high,Currently too low,Currently about the right level,,,,,,,,66.5,4.3,10.2,,,,,,,,VI-2026-07-15-Opinium-Observer-Web-Tables-1227.xlsx,LAN1A (8)
"2,050 UK adults",15th - 17th July 2026,,,,2050,,total,Total,"Q:LAN1A. Now we would like to ask you about some of the different types of taxes currently levied in the UK. Which of the following do you think are set at the right level, or do you think they are currently set too high or too low?
 Council tax",UNMATCHED,,Currently too high,Currently too low,Currently about the right level,,,,,,,,63.7,3.4,19.6,,,,,,,,VI-2026-07-15-Opinium-Observer-Web-Tables-1227.xlsx,LAN1A (9)
"2,050 UK adults",15th - 17th July 2026,,,,2050,,current_vote,Con,"Q:LAN1A. Now we would like to ask you about some of the different types of taxes currently levied in the UK. Which of the following do you think are set at the right level, or do you think they are currently set too high or too low?
 Council tax",UNMATCHED,,Currently too high,Currently too low,Currently about the right level,,,,,,,,71.5,4.5,18.7,,,,,,,,VI-2026-07-15-Opinium-Observer-Web-Tables-1227.xlsx,LAN1A (9)
"2,050 UK adults",15th - 17th July 2026,,,,2050,,current_vote,Lab,"Q:LAN1A. Now we would like to ask you about some of the different types of taxes currently levied in the UK. Which of the following do you think are set at the right level, or do you think they are currently set too high or too low?
 Council tax",UNMATCHED,,Currently too high,Currently too low,Currently about the right level,,,,,,,,54.1,4.5,30.1,,,,,,,,VI-2026-07-15-Opinium-Observer-Web-Tables-1227.xlsx,LAN1A (9)
"2,050 UK adults",15th - 17th July 2026,,,,2050,,current_vote,Lib Dem,"Q:LAN1A. Now we would like to ask you about some of the different types of taxes currently levied in the UK. Which of the following do you think are set at the right level, or do you think they are currently set too high or too low?
 Council tax",UNMATCHED,,Currently too high,Currently too low,Currently about the right level,,,,,,,,58.7,5.2,26.4,,,,,,,,VI-2026-07-15-Opinium-Observer-Web-Tables-1227.xlsx,LAN1A (9)
"2,050 UK adults",15th - 17th July 2026,,,,2050,,current_vote,Reform,"Q:LAN1A. Now we would like to ask you about some of the different types of taxes currently levied in the UK. Which of the following do you think are set at the right level, or do you think they are currently set too high or too low?
 Council tax",UNMATCHED,,Currently too high,Currently too low,Currently about the right level,,,,,,,,75.6,4.0,13.6,,,,,,,,VI-2026-07-15-Opinium-Observer-Web-Tables-1227.xlsx,LAN1A (9)
"2,050 UK adults",15th - 17th July 2026,,,,2050,,current_vote,Green,"Q:LAN1A. Now we would like to ask you about some of the different types of taxes currently levied in the UK. Which of the following do you think are set at the right level, or do you think they are currently set too high or too low?
 Council tax",UNMATCHED,,Currently too high,Currently too low,Currently about the right level,,,,,,,,60.1,3.1,21.8,,,,,,,,VI-2026-07-15-Opinium-Observer-Web-Tables-1227.xlsx,LAN1A (9)
"2,050 UK adults",15th - 17th July 2026,,,,2050,,historic_vote,Conservative,"Q:LAN1A. Now we would like to ask you about some of the different types of taxes currently levied in the UK. Which of the following do you think are set at the right level, or do you think they are currently set too high or too low?
 Council tax",UNMATCHED,,Currently too high,Currently too low,Currently about the right level,,,,,,,,72.4,3.3,20.3,,,,,,,,VI-2026-07-15-Opinium-Observer-Web-Tables-1227.xlsx,LAN1A (9)
"2,050 UK adults",15th - 17th July 2026,,,,2050,,historic_vote,Labour,"Q:LAN1A. Now we would like to ask you about some of the different types of taxes currently levied in the UK. Which of the following do you think are set at the right level, or do you think they are currently set too high or too low?
 Council tax",UNMATCHED,,Currently too high,Currently too low,Currently about the right level,,,,,,,,59.6,3.0,27.5,,,,,,,,VI-2026-07-15-Opinium-Observer-Web-Tables-1227.xlsx,LAN1A (9)
"2,050 UK adults",15th - 17th July 2026,,,,2050,,historic_vote,Lib Dems,"Q:LAN1A. Now we would like to ask you about some of the different types of taxes currently levied in the UK. Which of the following do you think are set at the right level, or do you think they are currently set too high or too low?
 Council tax",UNMATCHED,,Currently too high,Currently too low,Currently about the right level,,,,,,,,57.7,5.1,27.0,,,,,,,,VI-2026-07-15-Opinium-Observer-Web-Tables-1227.xlsx,LAN1A (9)
"2,050 UK adults",15th - 17th July 2026,,,,2050,,historic_vote,Green,"Q:LAN1A. Now we would like to ask you about some of the different types of taxes currently levied in the UK. Which of the following do you think are set at the right level, or do you think they are currently set too high or too low?
 Council tax",UNMATCHED,,Currently too high,Currently too low,Currently about the right level,,,,,,,,57.2,3.3,31.7,,,,,,,,VI-2026-07-15-Opinium-Observer-Web-Tables-1227.xlsx,LAN1A (9)
"2,050 UK adults",15th - 17th July 2026,,,,2050,,historic_vote,Reform UK,"Q:LAN1A. Now we would like to ask you about some of the different types of taxes currently levied in the UK. Which of the following do you think are set at the right level, or do you think they are currently set too high or too low?
 Council tax",UNMATCHED,,Currently too high,Currently too low,Currently about the right level,,,,,,,,79.2,3.2,11.5,,,,,,,,VI-2026-07-15-Opinium-Observer-Web-Tables-1227.xlsx,LAN1A (9)
"2,050 UK adults",15th - 17th July 2026,,,,2050,,historic_vote,Con,"Q:LAN1A. Now we would like to ask you about some of the different types of taxes currently levied in the UK. Which of the following do you think are set at the right level, or do you think they are currently set too high or too low?
 Council tax",UNMATCHED,,Currently too high,Currently too low,Currently about the right level,,,,,,,,74.3,2.5,18.5,,,,,,,,VI-2026-07-15-Opinium-Observer-Web-Tables-1227.xlsx,LAN1A (9)
"2,050 UK adults",15th - 17th July 2026,,,,2050,,historic_vote,Lab,"Q:LAN1A. Now we would like to ask you about some of the different types of taxes currently levied in the UK. Which of the following do you think are set at the right level, or do you think they are currently set too high or too low?
 Council tax",UNMATCHED,,Currently too high,Currently too low,Currently about the right level,,,,,,,,59.5,3.6,25.8,,,,,,,,VI-2026-07-15-Opinium-Observer-Web-Tables-1227.xlsx,LAN1A (9)
"2,050 UK adults",15th - 17th July 2026,,,,2050,,historic_vote,Lib Dem,"Q:LAN1A. Now we would like to ask you about some of the different types of taxes currently levied in the UK. Which of the following do you think are set at the right level, or do you think they are currently set too high or too low?
 Council tax",UNMATCHED,,Currently too high,Currently too low,Currently about the right level,,,,,,,,57.0,4.8,27.8,,,,,,,,VI-2026-07-15-Opinium-Observer-Web-Tables-1227.xlsx,LAN1A (9)
"2,050 UK adults",15th - 17th July 2026,,,,2050,,historic_vote,Remain,"Q:LAN1A. Now we would like to ask you about some of the different types of taxes currently levied in the UK. Which of the following do you think are set at the right level, or do you think they are currently set too high or too low?
 Council tax",UNMATCHED,,Currently too high,Currently too low,Currently about the right level,,,,,,,,61.6,3.5,25.5,,,,,,,,VI-2026-07-15-Opinium-Observer-Web-Tables-1227.xlsx,LAN1A (9)
"2,050 UK adults",15th - 17th July 2026,,,,2050,,historic_vote,Leave,"Q:LAN1A. Now we would like to ask you about some of the different types of taxes currently levied in the UK. Which of the following do you think are set at the right level, or do you think they are currently set too high or too low?
 Council tax",UNMATCHED,,Currently too high,Currently too low,Currently about the right level,,,,,,,,71.0,2.1,16.7,,,,,,,,VI-2026-07-15-Opinium-Observer-Web-Tables-1227.xlsx,LAN1A (9)
"2,050 UK adults",15th - 17th July 2026,,,,2050,,gender,Male,"Q:LAN1A. Now we would like to ask you about some of the different types of taxes currently levied in the UK. Which of the following do you think are set at the right level, or do you think they are currently set too high or too low?
 Council tax",UNMATCHED,,Currently too high,Currently too low,Currently about the right level,,,,,,,,65.0,4.0,21.3,,,,,,,,VI-2026-07-15-Opinium-Observer-Web-Tables-1227.xlsx,LAN1A (9)
"2,050 UK adults",15th - 17th July 2026,,,,2050,,gender,Female,"Q:LAN1A. Now we would like to ask you about some of the different types of taxes currently levied in the UK. Which of the following do you think are set at the right level, or do you think they are currently set too high or too low?
 Council tax",UNMATCHED,,Currently too high,Currently too low,Currently about the right level,,,,,,,,62.7,2.8,18.1,,,,,,,,VI-2026-07-15-Opinium-Observer-Web-Tables-1227.xlsx,LAN1A (9)
"2,050 UK adults",15th - 17th July 2026,,,,2050,,age,18-34,"Q:LAN1A. Now we would like to ask you about some of the different types of taxes currently levied in the UK. Which of the following do you think are set at the right level, or do you think they are currently set too high or too low?
 Council tax",UNMATCHED,,Currently too high,Currently too low,Currently about the right level,,,,,,,,56.7,6.7,19.9,,,,,,,,VI-2026-07-15-Opinium-Observer-Web-Tables-1227.xlsx,LAN1A (9)
"2,050 UK adults",15th - 17th July 2026,,,,2050,,age,35-49,"Q:LAN1A. Now we would like to ask you about some of the different types of taxes currently levied in the UK. Which of the following do you think are set at the right level, or do you think they are currently set too high or too low?
 Council tax",UNMATCHED,,Currently too high,Currently too low,Currently about the right level,,,,,,,,65.5,3.1,17.3,,,,,,,,VI-2026-07-15-Opinium-Observer-Web-Tables-1227.xlsx,LAN1A (9)
"2,050 UK adults",15th - 17th July 2026,,,,2050,,age,50-64,"Q:LAN1A. Now we would like to ask you about some of the different types of taxes currently levied in the UK. Which of the following do you think are set at the right level, or do you think they are currently set too high or too low?
 Council tax",UNMATCHED,,Currently too high,Currently too low,Currently about the right level,,,,,,,,64.2,1.9,21.6,,,,,,,,VI-2026-07-15-Opinium-Observer-Web-Tables-1227.xlsx,LAN1A (9)
"2,050 UK adults",15th - 17th July 2026,,,,2050,,age,65+,"Q:LAN1A. Now we would like to ask you about some of the different types of taxes currently levied in the UK. Which of the following do you think are set at the right level, or do you think they are currently set too high or too low?
 Council tax",UNMATCHED,,Currently too high,Currently too low,Currently about the right level,,,,,,,,69.3,1.3,19.6,,,,,,,,VI-2026-07-15-Opinium-Observer-Web-Tables-1227.xlsx,LAN1A (9)
"2,050 UK adults",15th - 17th July 2026,,,,2050,,region,North,"Q:LAN1A. Now we would like to ask you about some of the different types of taxes currently levied in the UK. Which of the following do you think are set at the right level, or do you think they are currently set too high or too low?
 Council tax",UNMATCHED,,Currently too high,Currently too low,Currently about the right level,,,,,,,,63.6,2.6,19.2,,,,,,,,VI-2026-07-15-Opinium-Observer-Web-Tables-1227.xlsx,LAN1A (9)
"2,050 UK adults",15th - 17th July 2026,,,,2050,,region,Mids,"Q:LAN1A. Now we would like to ask you about some of the different types of taxes currently levied in the UK. Which of the following do you think are set at the right level, or do you think they are currently set too high or too low?
 Council tax",UNMATCHED,,Currently too high,Currently too low,Currently about the right level,,,,,,,,66.1,4.1,17.2,,,,,,,,VI-2026-07-15-Opinium-Observer-Web-Tables-1227.xlsx,LAN1A (9)
"2,050 UK adults",15th - 17th July 2026,,,,2050,,region,London,"Q:LAN1A. Now we would like to ask you about some of the different types of taxes currently levied in the UK. Which of the following do you think are set at the right level, or do you think they are currently set too high or too low?
 Council tax",UNMATCHED,,Currently too high,Currently too low,Currently about the right level,,,,,,,,57.9,7.2,19.9,,,,,,,,VI-2026-07-15-Opinium-Observer-Web-Tables-1227.xlsx,LAN1A (9)
"2,050 UK adults",15th - 17th July 2026,,,,2050,,region,South,"Q:LAN1A. Now we would like to ask you about some of the different types of taxes currently levied in the UK. Which of the following do you think are set at the right level, or do you think they are currently set too high or too low?
 Council tax",UNMATCHED,,Currently too high,Currently too low,Currently about the right level,,,,,,,,65.3,3.0,20.1,,,,,,,,VI-2026-07-15-Opinium-Observer-Web-Tables-1227.xlsx,LAN1A (9)
"2,050 UK adults",15th - 17th July 2026,,,,2050,,region,Wales,"Q:LAN1A. Now we would like to ask you about some of the different types of taxes currently levied in the UK. Which of the following do you think are set at the right level, or do you think they are currently set too high or too low?
 Council tax",UNMATCHED,,Currently too high,Currently too low,Currently about the right level,,,,,,,,70.6,2.1,14.1,,,,,,,,VI-2026-07-15-Opinium-Observer-Web-Tables-1227.xlsx,LAN1A (9)
"2,050 UK adults",15th - 17th July 2026,,,,2050,,region,Scotland,"Q:LAN1A. Now we would like to ask you about some of the different types of taxes currently levied in the UK. Which of the following do you think are set at the right level, or do you think they are currently set too high or too low?
 Council tax",UNMATCHED,,Currently too high,Currently too low,Currently about the right level,,,,,,,,58.3,1.3,29.5,,,,,,,,VI-2026-07-15-Opinium-Observer-Web-Tables-1227.xlsx,LAN1A (9)
"2,050 UK adults",15th - 17th July 2026,,,,2050,,region,Northern Ireland,"Q:LAN1A. Now we would like to ask you about some of the different types of taxes currently levied in the UK. Which of the following do you think are set at the right level, or do you think they are currently set too high or too low?
 Council tax",UNMATCHED,,Currently too high,Currently too low,Currently about the right level,,,,,,,,61.6,,9.6,,,,,,,,VI-2026-07-15-Opinium-Observer-Web-Tables-1227.xlsx,LAN1A (9)
"2,050 UK adults",15th - 17th July 2026,,,,2050,,total,Total,"Q:LAN1A. Now we would like to ask you about some of the different types of taxes currently levied in the UK. Which of the following do you think are set at the right level, or do you think they are currently set too high or too low?
 VAT",UNMATCHED,,Currently too high,Currently too low,Currently about the right level,,,,,,,,50.9,2.1,30.4,,,,,,,,VI-2026-07-15-Opinium-Observer-Web-Tables-1227.xlsx,LAN1A (10)
"2,050 UK adults",15th - 17th July 2026,,,,2050,,current_vote,Con,"Q:LAN1A. Now we would like to ask you about some of the different types of taxes currently levied in the UK. Which of the following do you think are set at the right level, or do you think they are currently set too high or too low?
 VAT",UNMATCHED,,Currently too high,Currently too low,Currently about the right level,,,,,,,,53.5,0.8,37.4,,,,,,,,VI-2026-07-15-Opinium-Observer-Web-Tables-1227.xlsx,LAN1A (10)
"2,050 UK adults",15th - 17th July 2026,,,,2050,,current_vote,Lab,"Q:LAN1A. Now we would like to ask you about some of the different types of taxes currently levied in the UK. Which of the following do you think are set at the right level, or do you think they are currently set too high or too low?
 VAT",UNMATCHED,,Currently too high,Currently too low,Currently about the right level,,,,,,,,47.4,2.8,35.7,,,,,,,,VI-2026-07-15-Opinium-Observer-Web-Tables-1227.xlsx,LAN1A (10)
"2,050 UK adults",15th - 17th July 2026,,,,2050,,current_vote,Lib Dem,"Q:LAN1A. Now we would like to ask you about some of the different types of taxes currently levied in the UK. Which of the following do you think are set at the right level, or do you think they are currently set too high or too low?
 VAT",UNMATCHED,,Currently too high,Currently too low,Currently about the right level,,,,,,,,48.5,1.8,34.4,,,,,,,,VI-2026-07-15-Opinium-Observer-Web-Tables-1227.xlsx,LAN1A (10)
"2,050 UK adults",15th - 17th July 2026,,,,2050,,current_vote,Reform,"Q:LAN1A. Now we would like to ask you about some of the different types of taxes currently levied in the UK. Which of the following do you think are set at the right level, or do you think they are currently set too high or too low?
 VAT",UNMATCHED,,Currently too high,Currently too low,Currently about the right level,,,,,,,,61.8,2.4,24.8,,,,,,,,VI-2026-07-15-Opinium-Observer-Web-Tables-1227.xlsx,LAN1A (10)
"2,050 UK adults",15th - 17th July 2026,,,,2050,,current_vote,Green,"Q:LAN1A. Now we would like to ask you about some of the different types of taxes currently levied in the UK. Which of the following do you think are set at the right level, or do you think they are currently set too high or too low?
 VAT",UNMATCHED,,Currently too high,Currently too low,Currently about the right level,,,,,,,,44.7,2.9,36.4,,,,,,,,VI-2026-07-15-Opinium-Observer-Web-Tables-1227.xlsx,LAN1A (10)
"2,050 UK adults",15th - 17th July 2026,,,,2050,,historic_vote,Conservative,"Q:LAN1A. Now we would like to ask you about some of the different types of taxes currently levied in the UK. Which of the following do you think are set at the right level, or do you think they are currently set too high or too low?
 VAT",UNMATCHED,,Currently too high,Currently too low,Currently about the right level,,,,,,,,56.3,0.5,36.0,,,,,,,,VI-2026-07-15-Opinium-Observer-Web-Tables-1227.xlsx,LAN1A (10)
"2,050 UK adults",15th - 17th July 2026,,,,2050,,historic_vote,Labour,"Q:LAN1A. Now we would like to ask you about some of the different types of taxes currently levied in the UK. Which of the following do you think are set at the right level, or do you think they are currently set too high or too low?
 VAT",UNMATCHED,,Currently too high,Currently too low,Currently about the right level,,,,,,,,49.3,1.6,35.1,,,,,,,,VI-2026-07-15-Opinium-Observer-Web-Tables-1227.xlsx,LAN1A (10)
"2,050 UK adults",15th - 17th July 2026,,,,2050,,historic_vote,Lib Dems,"Q:LAN1A. Now we would like to ask you about some of the different types of taxes currently levied in the UK. Which of the following do you think are set at the right level, or do you think they are currently set too high or too low?
 VAT",UNMATCHED,,Currently too high,Currently too low,Currently about the right level,,,,,,,,50.1,1.8,35.7,,,,,,,,VI-2026-07-15-Opinium-Observer-Web-Tables-1227.xlsx,LAN1A (10)
"2,050 UK adults",15th - 17th July 2026,,,,2050,,historic_vote,Green,"Q:LAN1A. Now we would like to ask you about some of the different types of taxes currently levied in the UK. Which of the following do you think are set at the right level, or do you think they are currently set too high or too low?
 VAT",UNMATCHED,,Currently too high,Currently too low,Currently about the right level,,,,,,,,42.0,2.8,40.0,,,,,,,,VI-2026-07-15-Opinium-Observer-Web-Tables-1227.xlsx,LAN1A (10)
"2,050 UK adults",15th - 17th July 2026,,,,2050,,historic_vote,Reform UK,"Q:LAN1A. Now we would like to ask you about some of the different types of taxes currently levied in the UK. Which of the following do you think are set at the right level, or do you think they are currently set too high or too low?
 VAT",UNMATCHED,,Currently too high,Currently too low,Currently about the right level,,,,,,,,61.2,3.9,25.4,,,,,,,,VI-2026-07-15-Opinium-Observer-Web-Tables-1227.xlsx,LAN1A (10)
"2,050 UK adults",15th - 17th July 2026,,,,2050,,historic_vote,Con,"Q:LAN1A. Now we would like to ask you about some of the different types of taxes currently levied in the UK. Which of the following do you think are set at the right level, or do you think they are currently set too high or too low?
 VAT",UNMATCHED,,Currently too high,Currently too low,Currently about the right level,,,,,,,,56.2,0.4,34.9,,,,,,,,VI-2026-07-15-Opinium-Observer-Web-Tables-1227.xlsx,LAN1A (10)
"2,050 UK adults",15th - 17th July 2026,,,,2050,,historic_vote,Lab,"Q:LAN1A. Now we would like to ask you about some of the different types of taxes currently levied in the UK. Which of the following do you think are set at the right level, or do you think they are currently set too high or too low?
 VAT",UNMATCHED,,Currently too high,Currently too low,Currently about the right level,,,,,,,,50.8,2.1,31.7,,,,,,,,VI-2026-07-15-Opinium-Observer-Web-Tables-1227.xlsx,LAN1A (10)
"2,050 UK adults",15th - 17th July 2026,,,,2050,,historic_vote,Lib Dem,"Q:LAN1A. Now we would like to ask you about some of the different types of taxes currently levied in the UK. Which of the following do you think are set at the right level, or do you think they are currently set too high or too low?
 VAT",UNMATCHED,,Currently too high,Currently too low,Currently about the right level,,,,,,,,39.2,1.4,44.6,,,,,,,,VI-2026-07-15-Opinium-Observer-Web-Tables-1227.xlsx,LAN1A (10)
"2,050 UK adults",15th - 17th July 2026,,,,2050,,historic_vote,Remain,"Q:LAN1A. Now we would like to ask you about some of the different types of taxes currently levied in the UK. Which of the following do you think are set at the right level, or do you think they are currently set too high or too low?
 VAT",UNMATCHED,,Currently too high,Currently too low,Currently about the right level,,,,,,,,47.4,1.7,37.7,,,,,,,,VI-2026-07-15-Opinium-Observer-Web-Tables-1227.xlsx,LAN1A (10)
"2,050 UK adults",15th - 17th July 2026,,,,2050,,historic_vote,Leave,"Q:LAN1A. Now we would like to ask you about some of the different types of taxes currently levied in the UK. Which of the following do you think are set at the right level, or do you think they are currently set too high or too low?
 VAT",UNMATCHED,,Currently too high,Currently too low,Currently about the right level,,,,,,,,56.8,0.7,28.2,,,,,,,,VI-2026-07-15-Opinium-Observer-Web-Tables-1227.xlsx,LAN1A (10)
"2,050 UK adults",15th - 17th July 2026,,,,2050,,gender,Male,"Q:LAN1A. Now we would like to ask you about some of the different types of taxes currently levied in the UK. Which of the following do you think are set at the right level, or do you think they are currently set too high or too low?
 VAT",UNMATCHED,,Currently too high,Currently too low,Currently about the right level,,,,,,,,55.5,3.1,30.3,,,,,,,,VI-2026-07-15-Opinium-Observer-Web-Tables-1227.xlsx,LAN1A (10)
"2,050 UK adults",15th - 17th July 2026,,,,2050,,gender,Female,"Q:LAN1A. Now we would like to ask you about some of the different types of taxes currently levied in the UK. Which of the following do you think are set at the right level, or do you think they are currently set too high or too low?
 VAT",UNMATCHED,,Currently too high,Currently too low,Currently about the right level,,,,,,,,47.2,1.2,30.3,,,,,,,,VI-2026-07-15-Opinium-Observer-Web-Tables-1227.xlsx,LAN1A (10)
"2,050 UK adults",15th - 17th July 2026,,,,2050,,age,18-34,"Q:LAN1A. Now we would like to ask you about some of the different types of taxes currently levied in the UK. Which of the following do you think are set at the right level, or do you think they are currently set too high or too low?
 VAT",UNMATCHED,,Currently too high,Currently too low,Currently about the right level,,,,,,,,50.3,4.5,27.9,,,,,,,,VI-2026-07-15-Opinium-Observer-Web-Tables-1227.xlsx,LAN1A (10)
"2,050 UK adults",15th - 17th July 2026,,,,2050,,age,35-49,"Q:LAN1A. Now we would like to ask you about some of the different types of taxes currently levied in the UK. Which of the following do you think are set at the right level, or do you think they are currently set too high or too low?
 VAT",UNMATCHED,,Currently too high,Currently too low,Currently about the right level,,,,,,,,50.3,2.1,28.4,,,,,,,,VI-2026-07-15-Opinium-Observer-Web-Tables-1227.xlsx,LAN1A (10)
"2,050 UK adults",15th - 17th July 2026,,,,2050,,age,50-64,"Q:LAN1A. Now we would like to ask you about some of the different types of taxes currently levied in the UK. Which of the following do you think are set at the right level, or do you think they are currently set too high or too low?
 VAT",UNMATCHED,,Currently too high,Currently too low,Currently about the right level,,,,,,,,47.6,0.7,34.3,,,,,,,,VI-2026-07-15-Opinium-Observer-Web-Tables-1227.xlsx,LAN1A (10)
"2,050 UK adults",15th - 17th July 2026,,,,2050,,age,65+,"Q:LAN1A. Now we would like to ask you about some of the different types of taxes currently levied in the UK. Which of the following do you think are set at the right level, or do you think they are currently set too high or too low?
 VAT",UNMATCHED,,Currently too high,Currently too low,Currently about the right level,,,,,,,,55.9,0.7,31.1,,,,,,,,VI-2026-07-15-Opinium-Observer-Web-Tables-1227.xlsx,LAN1A (10)
"2,050 UK adults",15th - 17th July 2026,,,,2050,,region,North,"Q:LAN1A. Now we would like to ask you about some of the different types of taxes currently levied in the UK. Which of the following do you think are set at the right level, or do you think they are currently set too high or too low?
 VAT",UNMATCHED,,Currently too high,Currently too low,Currently about the right level,,,,,,,,50.8,1.9,30.0,,,,,,,,VI-2026-07-15-Opinium-Observer-Web-Tables-1227.xlsx,LAN1A (10)
"2,050 UK adults",15th - 17th July 2026,,,,2050,,region,Mids,"Q:LAN1A. Now we would like to ask you about some of the different types of taxes currently levied in the UK. Which of the following do you think are set at the right level, or do you think they are currently set too high or too low?
 VAT",UNMATCHED,,Currently too high,Currently too low,Currently about the right level,,,,,,,,50.1,2.2,30.0,,,,,,,,VI-2026-07-15-Opinium-Observer-Web-Tables-1227.xlsx,LAN1A (10)
"2,050 UK adults",15th - 17th July 2026,,,,2050,,region,London,"Q:LAN1A. Now we would like to ask you about some of the different types of taxes currently levied in the UK. Which of the following do you think are set at the right level, or do you think they are currently set too high or too low?
 VAT",UNMATCHED,,Currently too high,Currently too low,Currently about the right level,,,,,,,,50.1,1.7,30.5,,,,,,,,VI-2026-07-15-Opinium-Observer-Web-Tables-1227.xlsx,LAN1A (10)
"2,050 UK adults",15th - 17th July 2026,,,,2050,,region,South,"Q:LAN1A. Now we would like to ask you about some of the different types of taxes currently levied in the UK. Which of the following do you think are set at the right level, or do you think they are currently set too high or too low?
 VAT",UNMATCHED,,Currently too high,Currently too low,Currently about the right level,,,,,,,,50.2,2.0,31.6,,,,,,,,VI-2026-07-15-Opinium-Observer-Web-Tables-1227.xlsx,LAN1A (10)
"2,050 UK adults",15th - 17th July 2026,,,,2050,,region,Wales,"Q:LAN1A. Now we would like to ask you about some of the different types of taxes currently levied in the UK. Which of the following do you think are set at the right level, or do you think they are currently set too high or too low?
 VAT",UNMATCHED,,Currently too high,Currently too low,Currently about the right level,,,,,,,,52.9,2.5,33.2,,,,,,,,VI-2026-07-15-Opinium-Observer-Web-Tables-1227.xlsx,LAN1A (10)
"2,050 UK adults",15th - 17th July 2026,,,,2050,,region,Scotland,"Q:LAN1A. Now we would like to ask you about some of the different types of taxes currently levied in the UK. Which of the following do you think are set at the right level, or do you think they are currently set too high or too low?
 VAT",UNMATCHED,,Currently too high,Currently too low,Currently about the right level,,,,,,,,53.0,3.6,29.5,,,,,,,,VI-2026-07-15-Opinium-Observer-Web-Tables-1227.xlsx,LAN1A (10)
"2,050 UK adults",15th - 17th July 2026,,,,2050,,region,Northern Ireland,"Q:LAN1A. Now we would like to ask you about some of the different types of taxes currently levied in the UK. Which of the following do you think are set at the right level, or do you think they are currently set too high or too low?
 VAT",UNMATCHED,,Currently too high,Currently too low,Currently about the right level,,,,,,,,60.1,,19.4,,,,,,,,VI-2026-07-15-Opinium-Observer-Web-Tables-1227.xlsx,LAN1A (10)
"2,050 UK adults",15th - 17th July 2026,,,,2050,,total,Total,"Q:LAN1A. Now we would like to ask you about some of the different types of taxes currently levied in the UK. Which of the following do you think are set at the right level, or do you think they are currently set too high or too low?
 Stamp duty",UNMATCHED,,Currently too high,Currently too low,Currently about the right level,,,,,,,,47.1,3.5,18.2,,,,,,,,VI-2026-07-15-Opinium-Observer-Web-Tables-1227.xlsx,LAN1A (11)
"2,050 UK adults",15th - 17th July 2026,,,,2050,,current_vote,Con,"Q:LAN1A. Now we would like to ask you about some of the different types of taxes currently levied in the UK. Which of the following do you think are set at the right level, or do you think they are currently set too high or too low?
 Stamp duty",UNMATCHED,,Currently too high,Currently too low,Currently about the right level,,,,,,,,55.8,4.7,19.0,,,,,,,,VI-2026-07-15-Opinium-Observer-Web-Tables-1227.xlsx,LAN1A (11)
"2,050 UK adults",15th - 17th July 2026,,,,2050,,current_vote,Lab,"Q:LAN1A. Now we would like to ask you about some of the different types of taxes currently levied in the UK. Which of the following do you think are set at the right level, or do you think they are currently set too high or too low?
 Stamp duty",UNMATCHED,,Currently too high,Currently too low,Currently about the right level,,,,,,,,41.9,4.4,25.2,,,,,,,,VI-2026-07-15-Opinium-Observer-Web-Tables-1227.xlsx,LAN1A (11)
"2,050 UK adults",15th - 17th July 2026,,,,2050,,current_vote,Lib Dem,"Q:LAN1A. Now we would like to ask you about some of the different types of taxes currently levied in the UK. Which of the following do you think are set at the right level, or do you think they are currently set too high or too low?
 Stamp duty",UNMATCHED,,Currently too high,Currently too low,Currently about the right level,,,,,,,,45.3,1.9,24.4,,,,,,,,VI-2026-07-15-Opinium-Observer-Web-Tables-1227.xlsx,LAN1A (11)
"2,050 UK adults",15th - 17th July 2026,,,,2050,,current_vote,Reform,"Q:LAN1A. Now we would like to ask you about some of the different types of taxes currently levied in the UK. Which of the following do you think are set at the right level, or do you think they are currently set too high or too low?
 Stamp duty",UNMATCHED,,Currently too high,Currently too low,Currently about the right level,,,,,,,,57.5,3.0,18.4,,,,,,,,VI-2026-07-15-Opinium-Observer-Web-Tables-1227.xlsx,LAN1A (11)
"2,050 UK adults",15th - 17th July 2026,,,,2050,,current_vote,Green,"Q:LAN1A. Now we would like to ask you about some of the different types of taxes currently levied in the UK. Which of the following do you think are set at the right level, or do you think they are currently set too high or too low?
 Stamp duty",UNMATCHED,,Currently too high,Currently too low,Currently about the right level,,,,,,,,38.9,5.8,23.1,,,,,,,,VI-2026-07-15-Opinium-Observer-Web-Tables-1227.xlsx,LAN1A (11)
"2,050 UK adults",15th - 17th July 2026,,,,2050,,historic_vote,Conservative,"Q:LAN1A. Now we would like to ask you about some of the different types of taxes currently levied in the UK. Which of the following do you think are set at the right level, or do you think they are currently set too high or too low?
 Stamp duty",UNMATCHED,,Currently too high,Currently too low,Currently about the right level,,,,,,,,59.8,3.7,19.1,,,,,,,,VI-2026-07-15-Opinium-Observer-Web-Tables-1227.xlsx,LAN1A (11)
"2,050 UK adults",15th - 17th July 2026,,,,2050,,historic_vote,Labour,"Q:LAN1A. Now we would like to ask you about some of the different types of taxes currently levied in the UK. Which of the following do you think are set at the right level, or do you think they are currently set too high or too low?
 Stamp duty",UNMATCHED,,Currently too high,Currently too low,Currently about the right level,,,,,,,,45.3,3.9,22.6,,,,,,,,VI-2026-07-15-Opinium-Observer-Web-Tables-1227.xlsx,LAN1A (11)
"2,050 UK adults",15th - 17th July 2026,,,,2050,,historic_vote,Lib Dems,"Q:LAN1A. Now we would like to ask you about some of the different types of taxes currently levied in the UK. Which of the following do you think are set at the right level, or do you think they are currently set too high or too low?
 Stamp duty",UNMATCHED,,Currently too high,Currently too low,Currently about the right level,,,,,,,,43.4,3.2,26.2,,,,,,,,VI-2026-07-15-Opinium-Observer-Web-Tables-1227.xlsx,LAN1A (11)
"2,050 UK adults",15th - 17th July 2026,,,,2050,,historic_vote,Green,"Q:LAN1A. Now we would like to ask you about some of the different types of taxes currently levied in the UK. Which of the following do you think are set at the right level, or do you think they are currently set too high or too low?
 Stamp duty",UNMATCHED,,Currently too high,Currently too low,Currently about the right level,,,,,,,,40.7,3.2,27.0,,,,,,,,VI-2026-07-15-Opinium-Observer-Web-Tables-1227.xlsx,LAN1A (11)
"2,050 UK adults",15th - 17th July 2026,,,,2050,,historic_vote,Reform UK,"Q:LAN1A. Now we would like to ask you about some of the different types of taxes currently levied in the UK. Which of the following do you think are set at the right level, or do you think they are currently set too high or too low?
 Stamp duty",UNMATCHED,,Currently too high,Currently too low,Currently about the right level,,,,,,,,61.2,3.3,16.1,,,,,,,,VI-2026-07-15-Opinium-Observer-Web-Tables-1227.xlsx,LAN1A (11)
"2,050 UK adults",15th - 17th July 2026,,,,2050,,historic_vote,Con,"Q:LAN1A. Now we would like to ask you about some of the different types of taxes currently levied in the UK. Which of the following do you think are set at the right level, or do you think they are currently set too high or too low?
 Stamp duty",UNMATCHED,,Currently too high,Currently too low,Currently about the right level,,,,,,,,60.6,2.3,17.6,,,,,,,,VI-2026-07-15-Opinium-Observer-Web-Tables-1227.xlsx,LAN1A (11)
"2,050 UK adults",15th - 17th July 2026,,,,2050,,historic_vote,Lab,"Q:LAN1A. Now we would like to ask you about some of the different types of taxes currently levied in the UK. Which of the following do you think are set at the right level, or do you think they are currently set too high or too low?
 Stamp duty",UNMATCHED,,Currently too high,Currently too low,Currently about the right level,,,,,,,,44.1,3.1,20.8,,,,,,,,VI-2026-07-15-Opinium-Observer-Web-Tables-1227.xlsx,LAN1A (11)
"2,050 UK adults",15th - 17th July 2026,,,,2050,,historic_vote,Lib Dem,"Q:LAN1A. Now we would like to ask you about some of the different types of taxes currently levied in the UK. Which of the following do you think are set at the right level, or do you think they are currently set too high or too low?
 Stamp duty",UNMATCHED,,Currently too high,Currently too low,Currently about the right level,,,,,,,,42.2,4.1,29.4,,,,,,,,VI-2026-07-15-Opinium-Observer-Web-Tables-1227.xlsx,LAN1A (11)
"2,050 UK adults",15th - 17th July 2026,,,,2050,,historic_vote,Remain,"Q:LAN1A. Now we would like to ask you about some of the different types of taxes currently levied in the UK. Which of the following do you think are set at the right level, or do you think they are currently set too high or too low?
 Stamp duty",UNMATCHED,,Currently too high,Currently too low,Currently about the right level,,,,,,,,49.5,3.5,21.0,,,,,,,,VI-2026-07-15-Opinium-Observer-Web-Tables-1227.xlsx,LAN1A (11)
"2,050 UK adults",15th - 17th July 2026,,,,2050,,historic_vote,Leave,"Q:LAN1A. Now we would like to ask you about some of the different types of taxes currently levied in the UK. Which of the following do you think are set at the right level, or do you think they are currently set too high or too low?
 Stamp duty",UNMATCHED,,Currently too high,Currently too low,Currently about the right level,,,,,,,,51.5,2.0,16.5,,,,,,,,VI-2026-07-15-Opinium-Observer-Web-Tables-1227.xlsx,LAN1A (11)
"2,050 UK adults",15th - 17th July 2026,,,,2050,,gender,Male,"Q:LAN1A. Now we would like to ask you about some of the different types of taxes currently levied in the UK. Which of the following do you think are set at the right level, or do you think they are currently set too high or too low?
 Stamp duty",UNMATCHED,,Currently too high,Currently too low,Currently about the right level,,,,,,,,47.9,4.7,21.1,,,,,,,,VI-2026-07-15-Opinium-Observer-Web-Tables-1227.xlsx,LAN1A (11)
"2,050 UK adults",15th - 17th July 2026,,,,2050,,gender,Female,"Q:LAN1A. Now we would like to ask you about some of the different types of taxes currently levied in the UK. Which of the following do you think are set at the right level, or do you think they are currently set too high or too low?
 Stamp duty",UNMATCHED,,Currently too high,Currently too low,Currently about the right level,,,,,,,,46.3,2.4,15.7,,,,,,,,VI-2026-07-15-Opinium-Observer-Web-Tables-1227.xlsx,LAN1A (11)
"2,050 UK adults",15th - 17th July 2026,,,,2050,,age,18-34,"Q:LAN1A. Now we would like to ask you about some of the different types of taxes currently levied in the UK. Which of the following do you think are set at the right level, or do you think they are currently set too high or too low?
 Stamp duty",UNMATCHED,,Currently too high,Currently too low,Currently about the right level,,,,,,,,40.7,6.0,23.1,,,,,,,,VI-2026-07-15-Opinium-Observer-Web-Tables-1227.xlsx,LAN1A (11)
"2,050 UK adults",15th - 17th July 2026,,,,2050,,age,35-49,"Q:LAN1A. Now we would like to ask you about some of the different types of taxes currently levied in the UK. Which of the following do you think are set at the right level, or do you think they are currently set too high or too low?
 Stamp duty",UNMATCHED,,Currently too high,Currently too low,Currently about the right level,,,,,,,,49.3,3.6,17.6,,,,,,,,VI-2026-07-15-Opinium-Observer-Web-Tables-1227.xlsx,LAN1A (11)
"2,050 UK adults",15th - 17th July 2026,,,,2050,,age,50-64,"Q:LAN1A. Now we would like to ask you about some of the different types of taxes currently levied in the UK. Which of the following do you think are set at the right level, or do you think they are currently set too high or too low?
 Stamp duty",UNMATCHED,,Currently too high,Currently too low,Currently about the right level,,,,,,,,47.7,2.6,19.9,,,,,,,,VI-2026-07-15-Opinium-Observer-Web-Tables-1227.xlsx,LAN1A (11)
"2,050 UK adults",15th - 17th July 2026,,,,2050,,age,65+,"Q:LAN1A. Now we would like to ask you about some of the different types of taxes currently levied in the UK. Which of the following do you think are set at the right level, or do you think they are currently set too high or too low?
 Stamp duty",UNMATCHED,,Currently too high,Currently too low,Currently about the right level,,,,,,,,51.5,1.7,11.6,,,,,,,,VI-2026-07-15-Opinium-Observer-Web-Tables-1227.xlsx,LAN1A (11)
"2,050 UK adults",15th - 17th July 2026,,,,2050,,region,North,"Q:LAN1A. Now we would like to ask you about some of the different types of taxes currently levied in the UK. Which of the following do you think are set at the right level, or do you think they are currently set too high or too low?
 Stamp duty",UNMATCHED,,Currently too high,Currently too low,Currently about the right level,,,,,,,,44.6,4.3,18.5,,,,,,,,VI-2026-07-15-Opinium-Observer-Web-Tables-1227.xlsx,LAN1A (11)
"2,050 UK adults",15th - 17th July 2026,,,,2050,,region,Mids,"Q:LAN1A. Now we would like to ask you about some of the different types of taxes currently levied in the UK. Which of the following do you think are set at the right level, or do you think they are currently set too high or too low?
 Stamp duty",UNMATCHED,,Currently too high,Currently too low,Currently about the right level,,,,,,,,44.4,4.2,19.4,,,,,,,,VI-2026-07-15-Opinium-Observer-Web-Tables-1227.xlsx,LAN1A (11)
"2,050 UK adults",15th - 17th July 2026,,,,2050,,region,London,"Q:LAN1A. Now we would like to ask you about some of the different types of taxes currently levied in the UK. Which of the following do you think are set at the right level, or do you think they are currently set too high or too low?
 Stamp duty",UNMATCHED,,Currently too high,Currently too low,Currently about the right level,,,,,,,,44.9,5.2,22.3,,,,,,,,VI-2026-07-15-Opinium-Observer-Web-Tables-1227.xlsx,LAN1A (11)
"2,050 UK adults",15th - 17th July 2026,,,,2050,,region,South,"Q:LAN1A. Now we would like to ask you about some of the different types of taxes currently levied in the UK. Which of the following do you think are set at the right level, or do you think they are currently set too high or too low?
 Stamp duty",UNMATCHED,,Currently too high,Currently too low,Currently about the right level,,,,,,,,54.0,2.3,15.2,,,,,,,,VI-2026-07-15-Opinium-Observer-Web-Tables-1227.xlsx,LAN1A (11)
"2,050 UK adults",15th - 17th July 2026,,,,2050,,region,Wales,"Q:LAN1A. Now we would like to ask you about some of the different types of taxes currently levied in the UK. Which of the following do you think are set at the right level, or do you think they are currently set too high or too low?
 Stamp duty",UNMATCHED,,Currently too high,Currently too low,Currently about the right level,,,,,,,,41.7,4.0,25.4,,,,,,,,VI-2026-07-15-Opinium-Observer-Web-Tables-1227.xlsx,LAN1A (11)
"2,050 UK adults",15th - 17th July 2026,,,,2050,,region,Scotland,"Q:LAN1A. Now we would like to ask you about some of the different types of taxes currently levied in the UK. Which of the following do you think are set at the right level, or do you think they are currently set too high or too low?
 Stamp duty",UNMATCHED,,Currently too high,Currently too low,Currently about the right level,,,,,,,,34.7,2.6,21.5,,,,,,,,VI-2026-07-15-Opinium-Observer-Web-Tables-1227.xlsx,LAN1A (11)
"2,050 UK adults",15th - 17th July 2026,,,,2050,,region,Northern Ireland,"Q:LAN1A. Now we would like to ask you about some of the different types of taxes currently levied in the UK. Which of the following do you think are set at the right level, or do you think they are currently set too high or too low?
 Stamp duty",UNMATCHED,,Currently too high,Currently too low,Currently about the right level,,,,,,,,61.1,2.3,3.5,,,,,,,,VI-2026-07-15-Opinium-Observer-Web-Tables-1227.xlsx,LAN1A (11)
"2,050 UK adults",15th - 17th July 2026,,,,2050,,total,Total,"Q:LAN1A. Now we would like to ask you about some of the different types of taxes currently levied in the UK. Which of the following do you think are set at the right level, or do you think they are currently set too high or too low?
 Specific taxes on oil and gas companies",UNMATCHED,,Currently too high,Currently too low,Currently about the right level,,,,,,,,27.3,30.8,12.6,,,,,,,,VI-2026-07-15-Opinium-Observer-Web-Tables-1227.xlsx,LAN1A (12)
"2,050 UK adults",15th - 17th July 2026,,,,2050,,current_vote,Con,"Q:LAN1A. Now we would like to ask you about some of the different types of taxes currently levied in the UK. Which of the following do you think are set at the right level, or do you think they are currently set too high or too low?
 Specific taxes on oil and gas companies",UNMATCHED,,Currently too high,Currently too low,Currently about the right level,,,,,,,,31.5,26.1,15.8,,,,,,,,VI-2026-07-15-Opinium-Observer-Web-Tables-1227.xlsx,LAN1A (12)
"2,050 UK adults",15th - 17th July 2026,,,,2050,,current_vote,Lab,"Q:LAN1A. Now we would like to ask you about some of the different types of taxes currently levied in the UK. Which of the following do you think are set at the right level, or do you think they are currently set too high or too low?
 Specific taxes on oil and gas companies",UNMATCHED,,Currently too high,Currently too low,Currently about the right level,,,,,,,,22.9,38.1,13.8,,,,,,,,VI-2026-07-15-Opinium-Observer-Web-Tables-1227.xlsx,LAN1A (12)
"2,050 UK adults",15th - 17th July 2026,,,,2050,,current_vote,Lib Dem,"Q:LAN1A. Now we would like to ask you about some of the different types of taxes currently levied in the UK. Which of the following do you think are set at the right level, or do you think they are currently set too high or too low?
 Specific taxes on oil and gas companies",UNMATCHED,,Currently too high,Currently too low,Currently about the right level,,,,,,,,18.4,38.0,17.0,,,,,,,,VI-2026-07-15-Opinium-Observer-Web-Tables-1227.xlsx,LAN1A (12)
"2,050 UK adults",15th - 17th July 2026,,,,2050,,current_vote,Reform,"Q:LAN1A. Now we would like to ask you about some of the different types of taxes currently levied in the UK. Which of the following do you think are set at the right level, or do you think they are currently set too high or too low?
 Specific taxes on oil and gas companies",UNMATCHED,,Currently too high,Currently too low,Currently about the right level,,,,,,,,37.9,20.6,15.6,,,,,,,,VI-2026-07-15-Opinium-Observer-Web-Tables-1227.xlsx,LAN1A (12)
"2,050 UK adults",15th - 17th July 2026,,,,2050,,current_vote,Green,"Q:LAN1A. Now we would like to ask you about some of the different types of taxes currently levied in the UK. Which of the following do you think are set at the right level, or do you think they are currently set too high or too low?
 Specific taxes on oil and gas companies",UNMATCHED,,Currently too high,Currently too low,Currently about the right level,,,,,,,,23.9,48.3,9.5,,,,,,,,VI-2026-07-15-Opinium-Observer-Web-Tables-1227.xlsx,LAN1A (12)
"2,050 UK adults",15th - 17th July 2026,,,,2050,,historic_vote,Conservative,"Q:LAN1A. Now we would like to ask you about some of the different types of taxes currently levied in the UK. Which of the following do you think are set at the right level, or do you think they are currently set too high or too low?
 Specific taxes on oil and gas companies",UNMATCHED,,Currently too high,Currently too low,Currently about the right level,,,,,,,,34.4,26.7,16.1,,,,,,,,VI-2026-07-15-Opinium-Observer-Web-Tables-1227.xlsx,LAN1A (12)
"2,050 UK adults",15th - 17th July 2026,,,,2050,,historic_vote,Labour,"Q:LAN1A. Now we would like to ask you about some of the different types of taxes currently levied in the UK. Which of the following do you think are set at the right level, or do you think they are currently set too high or too low?
 Specific taxes on oil and gas companies",UNMATCHED,,Currently too high,Currently too low,Currently about the right level,,,,,,,,19.9,40.7,12.4,,,,,,,,VI-2026-07-15-Opinium-Observer-Web-Tables-1227.xlsx,LAN1A (12)
"2,050 UK adults",15th - 17th July 2026,,,,2050,,historic_vote,Lib Dems,"Q:LAN1A. Now we would like to ask you about some of the different types of taxes currently levied in the UK. Which of the following do you think are set at the right level, or do you think they are currently set too high or too low?
 Specific taxes on oil and gas companies",UNMATCHED,,Currently too high,Currently too low,Currently about the right level,,,,,,,,12.7,45.1,17.5,,,,,,,,VI-2026-07-15-Opinium-Observer-Web-Tables-1227.xlsx,LAN1A (12)
"2,050 UK adults",15th - 17th July 2026,,,,2050,,historic_vote,Green,"Q:LAN1A. Now we would like to ask you about some of the different types of taxes currently levied in the UK. Which of the following do you think are set at the right level, or do you think they are currently set too high or too low?
 Specific taxes on oil and gas companies",UNMATCHED,,Currently too high,Currently too low,Currently about the right level,,,,,,,,27.1,43.4,10.7,,,,,,,,VI-2026-07-15-Opinium-Observer-Web-Tables-1227.xlsx,LAN1A (12)
"2,050 UK adults",15th - 17th July 2026,,,,2050,,historic_vote,Reform UK,"Q:LAN1A. Now we would like to ask you about some of the different types of taxes currently levied in the UK. Which of the following do you think are set at the right level, or do you think they are currently set too high or too low?
 Specific taxes on oil and gas companies",UNMATCHED,,Currently too high,Currently too low,Currently about the right level,,,,,,,,38.5,23.6,13.1,,,,,,,,VI-2026-07-15-Opinium-Observer-Web-Tables-1227.xlsx,LAN1A (12)
"2,050 UK adults",15th - 17th July 2026,,,,2050,,historic_vote,Con,"Q:LAN1A. Now we would like to ask you about some of the different types of taxes currently levied in the UK. Which of the following do you think are set at the right level, or do you think they are currently set too high or too low?
 Specific taxes on oil and gas companies",UNMATCHED,,Currently too high,Currently too low,Currently about the right level,,,,,,,,32.3,29.9,13.6,,,,,,,,VI-2026-07-15-Opinium-Observer-Web-Tables-1227.xlsx,LAN1A (12)
"2,050 UK adults",15th - 17th July 2026,,,,2050,,historic_vote,Lab,"Q:LAN1A. Now we would like to ask you about some of the different types of taxes currently levied in the UK. Which of the following do you think are set at the right level, or do you think they are currently set too high or too low?
 Specific taxes on oil and gas companies",UNMATCHED,,Currently too high,Currently too low,Currently about the right level,,,,,,,,20.3,44.3,10.4,,,,,,,,VI-2026-07-15-Opinium-Observer-Web-Tables-1227.xlsx,LAN1A (12)
"2,050 UK adults",15th - 17th July 2026,,,,2050,,historic_vote,Lib Dem,"Q:LAN1A. Now we would like to ask you about some of the different types of taxes currently levied in the UK. Which of the following do you think are set at the right level, or do you think they are currently set too high or too low?
 Specific taxes on oil and gas companies",UNMATCHED,,Currently too high,Currently too low,Currently about the right level,,,,,,,,11.3,44.9,21.0,,,,,,,,VI-2026-07-15-Opinium-Observer-Web-Tables-1227.xlsx,LAN1A (12)
"2,050 UK adults",15th - 17th July 2026,,,,2050,,historic_vote,Remain,"Q:LAN1A. Now we would like to ask you about some of the different types of taxes currently levied in the UK. Which of the following do you think are set at the right level, or do you think they are currently set too high or too low?
 Specific taxes on oil and gas companies",UNMATCHED,,Currently too high,Currently too low,Currently about the right level,,,,,,,,20.3,42.7,12.3,,,,,,,,VI-2026-07-15-Opinium-Observer-Web-Tables-1227.xlsx,LAN1A (12)
"2,050 UK adults",15th - 17th July 2026,,,,2050,,historic_vote,Leave,"Q:LAN1A. Now we would like to ask you about some of the different types of taxes currently levied in the UK. Which of the following do you think are set at the right level, or do you think they are currently set too high or too low?
 Specific taxes on oil and gas companies",UNMATCHED,,Currently too high,Currently too low,Currently about the right level,,,,,,,,29.7,28.6,12.0,,,,,,,,VI-2026-07-15-Opinium-Observer-Web-Tables-1227.xlsx,LAN1A (12)
"2,050 UK adults",15th - 17th July 2026,,,,2050,,gender,Male,"Q:LAN1A. Now we would like to ask you about some of the different types of taxes currently levied in the UK. Which of the following do you think are set at the right level, or do you think they are currently set too high or too low?
 Specific taxes on oil and gas companies",UNMATCHED,,Currently too high,Currently too low,Currently about the right level,,,,,,,,29.9,32.4,15.2,,,,,,,,VI-2026-07-15-Opinium-Observer-Web-Tables-1227.xlsx,LAN1A (12)
"2,050 UK adults",15th - 17th July 2026,,,,2050,,gender,Female,"Q:LAN1A. Now we would like to ask you about some of the different types of taxes currently levied in the UK. Which of the following do you think are set at the right level, or do you think they are currently set too high or too low?
 Specific taxes on oil and gas companies",UNMATCHED,,Currently too high,Currently too low,Currently about the right level,,,,,,,,25.1,29.2,10.1,,,,,,,,VI-2026-07-15-Opinium-Observer-Web-Tables-1227.xlsx,LAN1A (12)
"2,050 UK adults",15th - 17th July 2026,,,,2050,,age,18-34,"Q:LAN1A. Now we would like to ask you about some of the different types of taxes currently levied in the UK. Which of the following do you think are set at the right level, or do you think they are currently set too high or too low?
 Specific taxes on oil and gas companies",UNMATCHED,,Currently too high,Currently too low,Currently about the right level,,,,,,,,36.3,20.0,19.4,,,,,,,,VI-2026-07-15-Opinium-Observer-Web-Tables-1227.xlsx,LAN1A (12)
"2,050 UK adults",15th - 17th July 2026,,,,2050,,age,35-49,"Q:LAN1A. Now we would like to ask you about some of the different types of taxes currently levied in the UK. Which of the following do you think are set at the right level, or do you think they are currently set too high or too low?
 Specific taxes on oil and gas companies",UNMATCHED,,Currently too high,Currently too low,Currently about the right level,,,,,,,,26.0,33.2,11.5,,,,,,,,VI-2026-07-15-Opinium-Observer-Web-Tables-1227.xlsx,LAN1A (12)
"2,050 UK adults",15th - 17th July 2026,,,,2050,,age,50-64,"Q:LAN1A. Now we would like to ask you about some of the different types of taxes currently levied in the UK. Which of the following do you think are set at the right level, or do you think they are currently set too high or too low?
 Specific taxes on oil and gas companies",UNMATCHED,,Currently too high,Currently too low,Currently about the right level,,,,,,,,23.1,39.1,10.5,,,,,,,,VI-2026-07-15-Opinium-Observer-Web-Tables-1227.xlsx,LAN1A (12)
"2,050 UK adults",15th - 17th July 2026,,,,2050,,age,65+,"Q:LAN1A. Now we would like to ask you about some of the different types of taxes currently levied in the UK. Which of the following do you think are set at the right level, or do you think they are currently set too high or too low?
 Specific taxes on oil and gas companies",UNMATCHED,,Currently too high,Currently too low,Currently about the right level,,,,,,,,22.8,32.3,8.1,,,,,,,,VI-2026-07-15-Opinium-Observer-Web-Tables-1227.xlsx,LAN1A (12)
"2,050 UK adults",15th - 17th July 2026,,,,2050,,region,North,"Q:LAN1A. Now we would like to ask you about some of the different types of taxes currently levied in the UK. Which of the following do you think are set at the right level, or do you think they are currently set too high or too low?
 Specific taxes on oil and gas companies",UNMATCHED,,Currently too high,Currently too low,Currently about the right level,,,,,,,,26.7,30.1,10.5,,,,,,,,VI-2026-07-15-Opinium-Observer-Web-Tables-1227.xlsx,LAN1A (12)
"2,050 UK adults",15th - 17th July 2026,,,,2050,,region,Mids,"Q:LAN1A. Now we would like to ask you about some of the different types of taxes currently levied in the UK. Which of the following do you think are set at the right level, or do you think they are currently set too high or too low?
 Specific taxes on oil and gas companies",UNMATCHED,,Currently too high,Currently too low,Currently about the right level,,,,,,,,27.8,31.0,12.1,,,,,,,,VI-2026-07-15-Opinium-Observer-Web-Tables-1227.xlsx,LAN1A (12)
"2,050 UK adults",15th - 17th July 2026,,,,2050,,region,London,"Q:LAN1A. Now we would like to ask you about some of the different types of taxes currently levied in the UK. Which of the following do you think are set at the right level, or do you think they are currently set too high or too low?
 Specific taxes on oil and gas companies",UNMATCHED,,Currently too high,Currently too low,Currently about the right level,,,,,,,,24.6,27.1,17.9,,,,,,,,VI-2026-07-15-Opinium-Observer-Web-Tables-1227.xlsx,LAN1A (12)
"2,050 UK adults",15th - 17th July 2026,,,,2050,,region,South,"Q:LAN1A. Now we would like to ask you about some of the different types of taxes currently levied in the UK. Which of the following do you think are set at the right level, or do you think they are currently set too high or too low?
 Specific taxes on oil and gas companies",UNMATCHED,,Currently too high,Currently too low,Currently about the right level,,,,,,,,27.5,32.4,12.3,,,,,,,,VI-2026-07-15-Opinium-Observer-Web-Tables-1227.xlsx,LAN1A (12)
"2,050 UK adults",15th - 17th July 2026,,,,2050,,region,Wales,"Q:LAN1A. Now we would like to ask you about some of the different types of taxes currently levied in the UK. Which of the following do you think are set at the right level, or do you think they are currently set too high or too low?
 Specific taxes on oil and gas companies",UNMATCHED,,Currently too high,Currently too low,Currently about the right level,,,,,,,,26.7,36.1,12.7,,,,,,,,VI-2026-07-15-Opinium-Observer-Web-Tables-1227.xlsx,LAN1A (12)
"2,050 UK adults",15th - 17th July 2026,,,,2050,,region,Scotland,"Q:LAN1A. Now we would like to ask you about some of the different types of taxes currently levied in the UK. Which of the following do you think are set at the right level, or do you think they are currently set too high or too low?
 Specific taxes on oil and gas companies",UNMATCHED,,Currently too high,Currently too low,Currently about the right level,,,,,,,,29.3,31.9,14.9,,,,,,,,VI-2026-07-15-Opinium-Observer-Web-Tables-1227.xlsx,LAN1A (12)
"2,050 UK adults",15th - 17th July 2026,,,,2050,,region,Northern Ireland,"Q:LAN1A. Now we would like to ask you about some of the different types of taxes currently levied in the UK. Which of the following do you think are set at the right level, or do you think they are currently set too high or too low?
 Specific taxes on oil and gas companies",UNMATCHED,,Currently too high,Currently too low,Currently about the right level,,,,,,,,36.7,23.2,4.7,,,,,,,,VI-2026-07-15-Opinium-Observer-Web-Tables-1227.xlsx,LAN1A (12)
"2,050 UK adults",15th - 17th July 2026,,,,2050,,total,Total,"Q:LAN1A. Now we would like to ask you about some of the different types of taxes currently levied in the UK. Which of the following do you think are set at the right level, or do you think they are currently set too high or too low?
 Specific taxes on banks",UNMATCHED,,Currently too high,Currently too low,Currently about the right level,,,,,,,,18.7,26.9,15.8,,,,,,,,VI-2026-07-15-Opinium-Observer-Web-Tables-1227.xlsx,LAN1A (13)
"2,050 UK adults",15th - 17th July 2026,,,,2050,,current_vote,Con,"Q:LAN1A. Now we would like to ask you about some of the different types of taxes currently levied in the UK. Which of the following do you think are set at the right level, or do you think they are currently set too high or too low?
 Specific taxes on banks",UNMATCHED,,Currently too high,Currently too low,Currently about the right level,,,,,,,,19.8,22.0,21.2,,,,,,,,VI-2026-07-15-Opinium-Observer-Web-Tables-1227.xlsx,LAN1A (13)
"2,050 UK adults",15th - 17th July 2026,,,,2050,,current_vote,Lab,"Q:LAN1A. Now we would like to ask you about some of the different types of taxes currently levied in the UK. Which of the following do you think are set at the right level, or do you think they are currently set too high or too low?
 Specific taxes on banks",UNMATCHED,,Currently too high,Currently too low,Currently about the right level,,,,,,,,17.7,32.6,16.3,,,,,,,,VI-2026-07-15-Opinium-Observer-Web-Tables-1227.xlsx,LAN1A (13)
"2,050 UK adults",15th - 17th July 2026,,,,2050,,current_vote,Lib Dem,"Q:LAN1A. Now we would like to ask you about some of the different types of taxes currently levied in the UK. Which of the following do you think are set at the right level, or do you think they are currently set too high or too low?
 Specific taxes on banks",UNMATCHED,,Currently too high,Currently too low,Currently about the right level,,,,,,,,14.8,34.9,16.5,,,,,,,,VI-2026-07-15-Opinium-Observer-Web-Tables-1227.xlsx,LAN1A (13)
"2,050 UK adults",15th - 17th July 2026,,,,2050,,current_vote,Reform,"Q:LAN1A. Now we would like to ask you about some of the different types of taxes currently levied in the UK. Which of the following do you think are set at the right level, or do you think they are currently set too high or too low?
 Specific taxes on banks",UNMATCHED,,Currently too high,Currently too low,Currently about the right level,,,,,,,,23.4,19.8,23.1,,,,,,,,VI-2026-07-15-Opinium-Observer-Web-Tables-1227.xlsx,LAN1A (13)
"2,050 UK adults",15th - 17th July 2026,,,,2050,,current_vote,Green,"Q:LAN1A. Now we would like to ask you about some of the different types of taxes currently levied in the UK. Which of the following do you think are set at the right level, or do you think they are currently set too high or too low?
 Specific taxes on banks",UNMATCHED,,Currently too high,Currently too low,Currently about the right level,,,,,,,,19.2,39.5,13.9,,,,,,,,VI-2026-07-15-Opinium-Observer-Web-Tables-1227.xlsx,LAN1A (13)
"2,050 UK adults",15th - 17th July 2026,,,,2050,,historic_vote,Conservative,"Q:LAN1A. Now we would like to ask you about some of the different types of taxes currently levied in the UK. Which of the following do you think are set at the right level, or do you think they are currently set too high or too low?
 Specific taxes on banks",UNMATCHED,,Currently too high,Currently too low,Currently about the right level,,,,,,,,21.1,22.8,20.1,,,,,,,,VI-2026-07-15-Opinium-Observer-Web-Tables-1227.xlsx,LAN1A (13)
"2,050 UK adults",15th - 17th July 2026,,,,2050,,historic_vote,Labour,"Q:LAN1A. Now we would like to ask you about some of the different types of taxes currently levied in the UK. Which of the following do you think are set at the right level, or do you think they are currently set too high or too low?
 Specific taxes on banks",UNMATCHED,,Currently too high,Currently too low,Currently about the right level,,,,,,,,13.6,35.4,15.6,,,,,,,,VI-2026-07-15-Opinium-Observer-Web-Tables-1227.xlsx,LAN1A (13)
"2,050 UK adults",15th - 17th July 2026,,,,2050,,historic_vote,Lib Dems,"Q:LAN1A. Now we would like to ask you about some of the different types of taxes currently levied in the UK. Which of the following do you think are set at the right level, or do you think they are currently set too high or too low?
 Specific taxes on banks",UNMATCHED,,Currently too high,Currently too low,Currently about the right level,,,,,,,,13.0,35.3,16.0,,,,,,,,VI-2026-07-15-Opinium-Observer-Web-Tables-1227.xlsx,LAN1A (13)
"2,050 UK adults",15th - 17th July 2026,,,,2050,,historic_vote,Green,"Q:LAN1A. Now we would like to ask you about some of the different types of taxes currently levied in the UK. Which of the following do you think are set at the right level, or do you think they are currently set too high or too low?
 Specific taxes on banks",UNMATCHED,,Currently too high,Currently too low,Currently about the right level,,,,,,,,18.3,37.9,11.6,,,,,,,,VI-2026-07-15-Opinium-Observer-Web-Tables-1227.xlsx,LAN1A (13)
"2,050 UK adults",15th - 17th July 2026,,,,2050,,historic_vote,Reform UK,"Q:LAN1A. Now we would like to ask you about some of the different types of taxes currently levied in the UK. Which of the following do you think are set at the right level, or do you think they are currently set too high or too low?
 Specific taxes on banks",UNMATCHED,,Currently too high,Currently too low,Currently about the right level,,,,,,,,25.6,22.4,18.6,,,,,,,,VI-2026-07-15-Opinium-Observer-Web-Tables-1227.xlsx,LAN1A (13)
"2,050 UK adults",15th - 17th July 2026,,,,2050,,historic_vote,Con,"Q:LAN1A. Now we would like to ask you about some of the different types of taxes currently levied in the UK. Which of the following do you think are set at the right level, or do you think they are currently set too high or too low?
 Specific taxes on banks",UNMATCHED,,Currently too high,Currently too low,Currently about the right level,,,,,,,,18.4,25.0,20.3,,,,,,,,VI-2026-07-15-Opinium-Observer-Web-Tables-1227.xlsx,LAN1A (13)
"2,050 UK adults",15th - 17th July 2026,,,,2050,,historic_vote,Lab,"Q:LAN1A. Now we would like to ask you about some of the different types of taxes currently levied in the UK. Which of the following do you think are set at the right level, or do you think they are currently set too high or too low?
 Specific taxes on banks",UNMATCHED,,Currently too high,Currently too low,Currently about the right level,,,,,,,,14.5,40.5,11.2,,,,,,,,VI-2026-07-15-Opinium-Observer-Web-Tables-1227.xlsx,LAN1A (13)
"2,050 UK adults",15th - 17th July 2026,,,,2050,,historic_vote,Lib Dem,"Q:LAN1A. Now we would like to ask you about some of the different types of taxes currently levied in the UK. Which of the following do you think are set at the right level, or do you think they are currently set too high or too low?
 Specific taxes on banks",UNMATCHED,,Currently too high,Currently too low,Currently about the right level,,,,,,,,9.4,39.2,19.7,,,,,,,,VI-2026-07-15-Opinium-Observer-Web-Tables-1227.xlsx,LAN1A (13)
"2,050 UK adults",15th - 17th July 2026,,,,2050,,historic_vote,Remain,"Q:LAN1A. Now we would like to ask you about some of the different types of taxes currently levied in the UK. Which of the following do you think are set at the right level, or do you think they are currently set too high or too low?
 Specific taxes on banks",UNMATCHED,,Currently too high,Currently too low,Currently about the right level,,,,,,,,13.9,36.6,14.6,,,,,,,,VI-2026-07-15-Opinium-Observer-Web-Tables-1227.xlsx,LAN1A (13)
"2,050 UK adults",15th - 17th July 2026,,,,2050,,historic_vote,Leave,"Q:LAN1A. Now we would like to ask you about some of the different types of taxes currently levied in the UK. Which of the following do you think are set at the right level, or do you think they are currently set too high or too low?
 Specific taxes on banks",UNMATCHED,,Currently too high,Currently too low,Currently about the right level,,,,,,,,18.3,24.3,15.6,,,,,,,,VI-2026-07-15-Opinium-Observer-Web-Tables-1227.xlsx,LAN1A (13)
"2,050 UK adults",15th - 17th July 2026,,,,2050,,gender,Male,"Q:LAN1A. Now we would like to ask you about some of the different types of taxes currently levied in the UK. Which of the following do you think are set at the right level, or do you think they are currently set too high or too low?
 Specific taxes on banks",UNMATCHED,,Currently too high,Currently too low,Currently about the right level,,,,,,,,21.7,30.0,20.4,,,,,,,,VI-2026-07-15-Opinium-Observer-Web-Tables-1227.xlsx,LAN1A (13)
"2,050 UK adults",15th - 17th July 2026,,,,2050,,gender,Female,"Q:LAN1A. Now we would like to ask you about some of the different types of taxes currently levied in the UK. Which of the following do you think are set at the right level, or do you think they are currently set too high or too low?
 Specific taxes on banks",UNMATCHED,,Currently too high,Currently too low,Currently about the right level,,,,,,,,16.1,23.9,11.5,,,,,,,,VI-2026-07-15-Opinium-Observer-Web-Tables-1227.xlsx,LAN1A (13)
"2,050 UK adults",15th - 17th July 2026,,,,2050,,age,18-34,"Q:LAN1A. Now we would like to ask you about some of the different types of taxes currently levied in the UK. Which of the following do you think are set at the right level, or do you think they are currently set too high or too low?
 Specific taxes on banks",UNMATCHED,,Currently too high,Currently too low,Currently about the right level,,,,,,,,30.6,17.4,22.9,,,,,,,,VI-2026-07-15-Opinium-Observer-Web-Tables-1227.xlsx,LAN1A (13)
"2,050 UK adults",15th - 17th July 2026,,,,2050,,age,35-49,"Q:LAN1A. Now we would like to ask you about some of the different types of taxes currently levied in the UK. Which of the following do you think are set at the right level, or do you think they are currently set too high or too low?
 Specific taxes on banks",UNMATCHED,,Currently too high,Currently too low,Currently about the right level,,,,,,,,18.0,30.0,14.9,,,,,,,,VI-2026-07-15-Opinium-Observer-Web-Tables-1227.xlsx,LAN1A (13)
"2,050 UK adults",15th - 17th July 2026,,,,2050,,age,50-64,"Q:LAN1A. Now we would like to ask you about some of the different types of taxes currently levied in the UK. Which of the following do you think are set at the right level, or do you think they are currently set too high or too low?
 Specific taxes on banks",UNMATCHED,,Currently too high,Currently too low,Currently about the right level,,,,,,,,12.7,34.9,12.9,,,,,,,,VI-2026-07-15-Opinium-Observer-Web-Tables-1227.xlsx,LAN1A (13)
"2,050 UK adults",15th - 17th July 2026,,,,2050,,age,65+,"Q:LAN1A. Now we would like to ask you about some of the different types of taxes currently levied in the UK. Which of the following do you think are set at the right level, or do you think they are currently set too high or too low?
 Specific taxes on banks",UNMATCHED,,Currently too high,Currently too low,Currently about the right level,,,,,,,,12.0,26.5,11.6,,,,,,,,VI-2026-07-15-Opinium-Observer-Web-Tables-1227.xlsx,LAN1A (13)
"2,050 UK adults",15th - 17th July 2026,,,,2050,,region,North,"Q:LAN1A. Now we would like to ask you about some of the different types of taxes currently levied in the UK. Which of the following do you think are set at the right level, or do you think they are currently set too high or too low?
 Specific taxes on banks",UNMATCHED,,Currently too high,Currently too low,Currently about the right level,,,,,,,,18.3,24.6,15.0,,,,,,,,VI-2026-07-15-Opinium-Observer-Web-Tables-1227.xlsx,LAN1A (13)
"2,050 UK adults",15th - 17th July 2026,,,,2050,,region,Mids,"Q:LAN1A. Now we would like to ask you about some of the different types of taxes currently levied in the UK. Which of the following do you think are set at the right level, or do you think they are currently set too high or too low?
 Specific taxes on banks",UNMATCHED,,Currently too high,Currently too low,Currently about the right level,,,,,,,,19.2,27.6,15.5,,,,,,,,VI-2026-07-15-Opinium-Observer-Web-Tables-1227.xlsx,LAN1A (13)
"2,050 UK adults",15th - 17th July 2026,,,,2050,,region,London,"Q:LAN1A. Now we would like to ask you about some of the different types of taxes currently levied in the UK. Which of the following do you think are set at the right level, or do you think they are currently set too high or too low?
 Specific taxes on banks",UNMATCHED,,Currently too high,Currently too low,Currently about the right level,,,,,,,,21.5,23.2,19.4,,,,,,,,VI-2026-07-15-Opinium-Observer-Web-Tables-1227.xlsx,LAN1A (13)
"2,050 UK adults",15th - 17th July 2026,,,,2050,,region,South,"Q:LAN1A. Now we would like to ask you about some of the different types of taxes currently levied in the UK. Which of the following do you think are set at the right level, or do you think they are currently set too high or too low?
 Specific taxes on banks",UNMATCHED,,Currently too high,Currently too low,Currently about the right level,,,,,,,,18.4,29.1,14.7,,,,,,,,VI-2026-07-15-Opinium-Observer-Web-Tables-1227.xlsx,LAN1A (13)
"2,050 UK adults",15th - 17th July 2026,,,,2050,,region,Wales,"Q:LAN1A. Now we would like to ask you about some of the different types of taxes currently levied in the UK. Which of the following do you think are set at the right level, or do you think they are currently set too high or too low?
 Specific taxes on banks",UNMATCHED,,Currently too high,Currently too low,Currently about the right level,,,,,,,,15.1,39.7,14.2,,,,,,,,VI-2026-07-15-Opinium-Observer-Web-Tables-1227.xlsx,LAN1A (13)
"2,050 UK adults",15th - 17th July 2026,,,,2050,,region,Scotland,"Q:LAN1A. Now we would like to ask you about some of the different types of taxes currently levied in the UK. Which of the following do you think are set at the right level, or do you think they are currently set too high or too low?
 Specific taxes on banks",UNMATCHED,,Currently too high,Currently too low,Currently about the right level,,,,,,,,16.0,23.7,19.9,,,,,,,,VI-2026-07-15-Opinium-Observer-Web-Tables-1227.xlsx,LAN1A (13)
"2,050 UK adults",15th - 17th July 2026,,,,2050,,region,Northern Ireland,"Q:LAN1A. Now we would like to ask you about some of the different types of taxes currently levied in the UK. Which of the following do you think are set at the right level, or do you think they are currently set too high or too low?
 Specific taxes on banks",UNMATCHED,,Currently too high,Currently too low,Currently about the right level,,,,,,,,23.9,22.2,11.0,,,,,,,,VI-2026-07-15-Opinium-Observer-Web-Tables-1227.xlsx,LAN1A (13)
"2,050 UK adults",15th - 17th July 2026,,,,,,age,"Nigel Farage, Reform UK leader",Q:ECON1. How much do you trust the following politicians on economic and financial matters?,Best party on economy,trust.*econom,Trust a lot,Somewhat trust,Somewhat distrust,Distrust a lot,,,,,,,8.8,17.4,12.9,46.9,,,,,,,VI-2026-07-15-Opinium-Observer-Web-Tables-1227.xlsx,Summary ECON1
"2,050 UK adults",15th - 17th July 2026,,,,2050,,total,Total,"Q:ECON1. How much do you trust the following politicians on economic and financial matters?
 Keir Starmer, current Prime Minister",Leader favourability (Starmer),starmer,Trust a lot,Somewhat trust,Somewhat distrust,Distrust a lot,,,,,,,6.4,21.4,20.5,40.4,,,,,,,VI-2026-07-15-Opinium-Observer-Web-Tables-1227.xlsx,ECON1
"2,050 UK adults",15th - 17th July 2026,,,,2050,,current_vote,Con,"Q:ECON1. How much do you trust the following politicians on economic and financial matters?
 Keir Starmer, current Prime Minister",Leader favourability (Starmer),starmer,Trust a lot,Somewhat trust,Somewhat distrust,Distrust a lot,,,,,,,3.1,14.4,23.5,51.7,,,,,,,VI-2026-07-15-Opinium-Observer-Web-Tables-1227.xlsx,ECON1
"2,050 UK adults",15th - 17th July 2026,,,,2050,,current_vote,Lab,"Q:ECON1. How much do you trust the following politicians on economic and financial matters?
 Keir Starmer, current Prime Minister",Leader favourability (Starmer),starmer,Trust a lot,Somewhat trust,Somewhat distrust,Distrust a lot,,,,,,,23.2,45.7,12.4,8.9,,,,,,,VI-2026-07-15-Opinium-Observer-Web-Tables-1227.xlsx,ECON1
"2,050 UK adults",15th - 17th July 2026,,,,2050,,current_vote,Lib Dem,"Q:ECON1. How much do you trust the following politicians on economic and financial matters?
 Keir Starmer, current Prime Minister",Leader favourability (Starmer),starmer,Trust a lot,Somewhat trust,Somewhat distrust,Distrust a lot,,,,,,,5.3,34.5,31.2,25.4,,,,,,,VI-2026-07-15-Opinium-Observer-Web-Tables-1227.xlsx,ECON1
"2,050 UK adults",15th - 17th July 2026,,,,2050,,current_vote,Reform,"Q:ECON1. How much do you trust the following politicians on economic and financial matters?
 Keir Starmer, current Prime Minister",Leader favourability (Starmer),starmer,Trust a lot,Somewhat trust,Somewhat distrust,Distrust a lot,,,,,,,1.0,8.0,12.4,75.1,,,,,,,VI-2026-07-15-Opinium-Observer-Web-Tables-1227.xlsx,ECON1
"2,050 UK adults",15th - 17th July 2026,,,,2050,,current_vote,Green,"Q:ECON1. How much do you trust the following politicians on economic and financial matters?
 Keir Starmer, current Prime Minister",Leader favourability (Starmer),starmer,Trust a lot,Somewhat trust,Somewhat distrust,Distrust a lot,,,,,,,4.7,24.7,34.3,29.0,,,,,,,VI-2026-07-15-Opinium-Observer-Web-Tables-1227.xlsx,ECON1
"2,050 UK adults",15th - 17th July 2026,,,,2050,,historic_vote,Conservative,"Q:ECON1. How much do you trust the following politicians on economic and financial matters?
 Keir Starmer, current Prime Minister",Leader favourability (Starmer),starmer,Trust a lot,Somewhat trust,Somewhat distrust,Distrust a lot,,,,,,,2.9,13.9,18.8,57.7,,,,,,,VI-2026-07-15-Opinium-Observer-Web-Tables-1227.xlsx,ECON1
"2,050 UK adults",15th - 17th July 2026,,,,2050,,historic_vote,Labour,"Q:ECON1. How much do you trust the following politicians on economic and financial matters?
 Keir Starmer, current Prime Minister",Leader favourability (Starmer),starmer,Trust a lot,Somewhat trust,Somewhat distrust,Distrust a lot,,,,,,,17.2,36.3,18.9,19.4,,,,,,,VI-2026-07-15-Opinium-Observer-Web-Tables-1227.xlsx,ECON1
"2,050 UK adults",15th - 17th July 2026,,,,2050,,historic_vote,Lib Dems,"Q:ECON1. How much do you trust the following politicians on economic and financial matters?
 Keir Starmer, current Prime Minister",Leader favourability (Starmer),starmer,Trust a lot,Somewhat trust,Somewhat distrust,Distrust a lot,,,,,,,5.1,33.1,27.2,27.6,,,,,,,VI-2026-07-15-Opinium-Observer-Web-Tables-1227.xlsx,ECON1
"2,050 UK adults",15th - 17th July 2026,,,,2050,,historic_vote,Green,"Q:ECON1. How much do you trust the following politicians on economic and financial matters?
 Keir Starmer, current Prime Minister",Leader favourability (Starmer),starmer,Trust a lot,Somewhat trust,Somewhat distrust,Distrust a lot,,,,,,,5.7,28.3,25.9,29.5,,,,,,,VI-2026-07-15-Opinium-Observer-Web-Tables-1227.xlsx,ECON1
"2,050 UK adults",15th - 17th July 2026,,,,2050,,historic_vote,Reform UK,"Q:ECON1. How much do you trust the following politicians on economic and financial matters?
 Keir Starmer, current Prime Minister",Leader favourability (Starmer),starmer,Trust a lot,Somewhat trust,Somewhat distrust,Distrust a lot,,,,,,,0.7,8.5,10.6,77.3,,,,,,,VI-2026-07-15-Opinium-Observer-Web-Tables-1227.xlsx,ECON1
"2,050 UK adults",15th - 17th July 2026,,,,2050,,historic_vote,Con,"Q:ECON1. How much do you trust the following politicians on economic and financial matters?
 Keir Starmer, current Prime Minister",Leader favourability (Starmer),starmer,Trust a lot,Somewhat trust,Somewhat distrust,Distrust a lot,,,,,,,2.7,12.9,18.9,59.6,,,,,,,VI-2026-07-15-Opinium-Observer-Web-Tables-1227.xlsx,ECON1
"2,050 UK adults",15th - 17th July 2026,,,,2050,,historic_vote,Lab,"Q:ECON1. How much do you trust the following politicians on economic and financial matters?
 Keir Starmer, current Prime Minister",Leader favourability (Starmer),starmer,Trust a lot,Somewhat trust,Somewhat distrust,Distrust a lot,,,,,,,14.7,34.1,18.2,24.6,,,,,,,VI-2026-07-15-Opinium-Observer-Web-Tables-1227.xlsx,ECON1
"2,050 UK adults",15th - 17th July 2026,,,,2050,,historic_vote,Lib Dem,"Q:ECON1. How much do you trust the following politicians on economic and financial matters?
 Keir Starmer, current Prime Minister",Leader favourability (Starmer),starmer,Trust a lot,Somewhat trust,Somewhat distrust,Distrust a lot,,,,,,,9.7,35.0,22.7,26.1,,,,,,,VI-2026-07-15-Opinium-Observer-Web-Tables-1227.xlsx,ECON1
"2,050 UK adults",15th - 17th July 2026,,,,2050,,historic_vote,Remain,"Q:ECON1. How much do you trust the following politicians on economic and financial matters?
 Keir Starmer, current Prime Minister",Leader favourability (Starmer),starmer,Trust a lot,Somewhat trust,Somewhat distrust,Distrust a lot,,,,,,,9.7,30.7,21.0,29.3,,,,,,,VI-2026-07-15-Opinium-Observer-Web-Tables-1227.xlsx,ECON1
"2,050 UK adults",15th - 17th July 2026,,,,2050,,historic_vote,Leave,"Q:ECON1. How much do you trust the following politicians on economic and financial matters?
 Keir Starmer, current Prime Minister",Leader favourability (Starmer),starmer,Trust a lot,Somewhat trust,Somewhat distrust,Distrust a lot,,,,,,,3.8,12.3,17.0,60.0,,,,,,,VI-2026-07-15-Opinium-Observer-Web-Tables-1227.xlsx,ECON1
"2,050 UK adults",15th - 17th July 2026,,,,2050,,gender,Male,"Q:ECON1. How much do you trust the following politicians on economic and financial matters?
 Keir Starmer, current Prime Minister",Leader favourability (Starmer),starmer,Trust a lot,Somewhat trust,Somewhat distrust,Distrust a lot,,,,,,,7.8,20.8,19.9,43.1,,,,,,,VI-2026-07-15-Opinium-Observer-Web-Tables-1227.xlsx,ECON1
"2,050 UK adults",15th - 17th July 2026,,,,2050,,gender,Female,"Q:ECON1. How much do you trust the following politicians on economic and financial matters?
 Keir Starmer, current Prime Minister",Leader favourability (Starmer),starmer,Trust a lot,Somewhat trust,Somewhat distrust,Distrust a lot,,,,,,,5.1,22.0,21.1,37.7,,,,,,,VI-2026-07-15-Opinium-Observer-Web-Tables-1227.xlsx,ECON1
"2,050 UK adults",15th - 17th July 2026,,,,2050,,age,18-34,"Q:ECON1. How much do you trust the following politicians on economic and financial matters?
 Keir Starmer, current Prime Minister",Leader favourability (Starmer),starmer,Trust a lot,Somewhat trust,Somewhat distrust,Distrust a lot,,,,,,,9.6,26.3,24.8,26.8,,,,,,,VI-2026-07-15-Opinium-Observer-Web-Tables-1227.xlsx,ECON1
"2,050 UK adults",15th - 17th July 2026,,,,2050,,age,35-49,"Q:ECON1. How much do you trust the following politicians on economic and financial matters?
 Keir Starmer, current Prime Minister",Leader favourability (Starmer),starmer,Trust a lot,Somewhat trust,Somewhat distrust,Distrust a lot,,,,,,,6.9,21.6,19.9,39.9,,,,,,,VI-2026-07-15-Opinium-Observer-Web-Tables-1227.xlsx,ECON1
"2,050 UK adults",15th - 17th July 2026,,,,2050,,age,50-64,"Q:ECON1. How much do you trust the following politicians on economic and financial matters?
 Keir Starmer, current Prime Minister",Leader favourability (Starmer),starmer,Trust a lot,Somewhat trust,Somewhat distrust,Distrust a lot,,,,,,,5.2,20.5,19.7,44.2,,,,,,,VI-2026-07-15-Opinium-Observer-Web-Tables-1227.xlsx,ECON1
"2,050 UK adults",15th - 17th July 2026,,,,2050,,age,65+,"Q:ECON1. How much do you trust the following politicians on economic and financial matters?
 Keir Starmer, current Prime Minister",Leader favourability (Starmer),starmer,Trust a lot,Somewhat trust,Somewhat distrust,Distrust a lot,,,,,,,3.4,16.4,17.2,52.5,,,,,,,VI-2026-07-15-Opinium-Observer-Web-Tables-1227.xlsx,ECON1
"2,050 UK adults",15th - 17th July 2026,,,,2050,,region,North,"Q:ECON1. How much do you trust the following politicians on economic and financial matters?
 Keir Starmer, current Prime Minister",Leader favourability (Starmer),starmer,Trust a lot,Somewhat trust,Somewhat distrust,Distrust a lot,,,,,,,7.6,21.8,20.6,39.6,,,,,,,VI-2026-07-15-Opinium-Observer-Web-Tables-1227.xlsx,ECON1
"2,050 UK adults",15th - 17th July 2026,,,,2050,,region,Mids,"Q:ECON1. How much do you trust the following politicians on economic and financial matters?
 Keir Starmer, current Prime Minister",Leader favourability (Starmer),starmer,Trust a lot,Somewhat trust,Somewhat distrust,Distrust a lot,,,,,,,5.7,21.2,21.2,39.6,,,,,,,VI-2026-07-15-Opinium-Observer-Web-Tables-1227.xlsx,ECON1
"2,050 UK adults",15th - 17th July 2026,,,,2050,,region,London,"Q:ECON1. How much do you trust the following politicians on economic and financial matters?
 Keir Starmer, current Prime Minister",Leader favourability (Starmer),starmer,Trust a lot,Somewhat trust,Somewhat distrust,Distrust a lot,,,,,,,6.3,25.2,22.7,35.4,,,,,,,VI-2026-07-15-Opinium-Observer-Web-Tables-1227.xlsx,ECON1
"2,050 UK adults",15th - 17th July 2026,,,,2050,,region,South,"Q:ECON1. How much do you trust the following politicians on economic and financial matters?
 Keir Starmer, current Prime Minister",Leader favourability (Starmer),starmer,Trust a lot,Somewhat trust,Somewhat distrust,Distrust a lot,,,,,,,5.6,19.4,20.1,43.5,,,,,,,VI-2026-07-15-Opinium-Observer-Web-Tables-1227.xlsx,ECON1
"2,050 UK adults",15th - 17th July 2026,,,,2050,,region,Wales,"Q:ECON1. How much do you trust the following politicians on economic and financial matters?
 Keir Starmer, current Prime Minister",Leader favourability (Starmer),starmer,Trust a lot,Somewhat trust,Somewhat distrust,Distrust a lot,,,,,,,7.1,27.7,13.3,37.2,,,,,,,VI-2026-07-15-Opinium-Observer-Web-Tables-1227.xlsx,ECON1
"2,050 UK adults",15th - 17th July 2026,,,,2050,,region,Scotland,"Q:ECON1. How much do you trust the following politicians on economic and financial matters?
 Keir Starmer, current Prime Minister",Leader favourability (Starmer),starmer,Trust a lot,Somewhat trust,Somewhat distrust,Distrust a lot,,,,,,,9.1,21.8,20.9,36.4,,,,,,,VI-2026-07-15-Opinium-Observer-Web-Tables-1227.xlsx,ECON1
"2,050 UK adults",15th - 17th July 2026,,,,2050,,region,Northern Ireland,"Q:ECON1. How much do you trust the following politicians on economic and financial matters?
 Keir Starmer, current Prime Minister",Leader favourability (Starmer),starmer,Trust a lot,Somewhat trust,Somewhat distrust,Distrust a lot,,,,,,,,10.4,22.3,56.7,,,,,,,VI-2026-07-15-Opinium-Observer-Web-Tables-1227.xlsx,ECON1
"2,050 UK adults",15th - 17th July 2026,,,,2050,,total,Total,"Q:ECON1. How much do you trust the following politicians on economic and financial matters?
 Rachel Reeves, current Chancellor",Best party on economy,trust.*econom,Trust a lot,Somewhat trust,Somewhat distrust,Distrust a lot,,,,,,,4.1,15.7,20.2,44.4,,,,,,,VI-2026-07-15-Opinium-Observer-Web-Tables-1227.xlsx,ECON1 (2)
"2,050 UK adults",15th - 17th July 2026,,,,2050,,current_vote,Con,"Q:ECON1. How much do you trust the following politicians on economic and financial matters?
 Rachel Reeves, current Chancellor",Best party on economy,trust.*econom,Trust a lot,Somewhat trust,Somewhat distrust,Distrust a lot,,,,,,,4.2,7.8,20.5,59.3,,,,,,,VI-2026-07-15-Opinium-Observer-Web-Tables-1227.xlsx,ECON1 (2)
"2,050 UK adults",15th - 17th July 2026,,,,2050,,current_vote,Lab,"Q:ECON1. How much do you trust the following politicians on economic and financial matters?
 Rachel Reeves, current Chancellor",Best party on economy,trust.*econom,Trust a lot,Somewhat trust,Somewhat distrust,Distrust a lot,,,,,,,14.2,38.6,20.9,10.9,,,,,,,VI-2026-07-15-Opinium-Observer-Web-Tables-1227.xlsx,ECON1 (2)
"2,050 UK adults",15th - 17th July 2026,,,,2050,,current_vote,Lib Dem,"Q:ECON1. How much do you trust the following politicians on economic and financial matters?
 Rachel Reeves, current Chancellor",Best party on economy,trust.*econom,Trust a lot,Somewhat trust,Somewhat distrust,Distrust a lot,,,,,,,2.3,22.8,31.1,35.4,,,,,,,VI-2026-07-15-Opinium-Observer-Web-Tables-1227.xlsx,ECON1 (2)
"2,050 UK adults",15th - 17th July 2026,,,,2050,,current_vote,Reform,"Q:ECON1. How much do you trust the following politicians on economic and financial matters?
 Rachel Reeves, current Chancellor",Best party on economy,trust.*econom,Trust a lot,Somewhat trust,Somewhat distrust,Distrust a lot,,,,,,,0.6,6.1,13.0,76.0,,,,,,,VI-2026-07-15-Opinium-Observer-Web-Tables-1227.xlsx,ECON1 (2)
"2,050 UK adults",15th - 17th July 2026,,,,2050,,current_vote,Green,"Q:ECON1. How much do you trust the following politicians on economic and financial matters?
 Rachel Reeves, current Chancellor",Best party on economy,trust.*econom,Trust a lot,Somewhat trust,Somewhat distrust,Distrust a lot,,,,,,,3.4,16.9,32.5,30.8,,,,,,,VI-2026-07-15-Opinium-Observer-Web-Tables-1227.xlsx,ECON1 (2)
"2,050 UK adults",15th - 17th July 2026,,,,2050,,historic_vote,Conservative,"Q:ECON1. How much do you trust the following politicians on economic and financial matters?
 Rachel Reeves, current Chancellor",Best party on economy,trust.*econom,Trust a lot,Somewhat trust,Somewhat distrust,Distrust a lot,,,,,,,3.1,7.0,18.0,66.4,,,,,,,VI-2026-07-15-Opinium-Observer-Web-Tables-1227.xlsx,ECON1 (2)
"2,050 UK adults",15th - 17th July 2026,,,,2050,,historic_vote,Labour,"Q:ECON1. How much do you trust the following politicians on economic and financial matters?
 Rachel Reeves, current Chancellor",Best party on economy,trust.*econom,Trust a lot,Somewhat trust,Somewhat distrust,Distrust a lot,,,,,,,9.9,31.0,22.5,23.2,,,,,,,VI-2026-07-15-Opinium-Observer-Web-Tables-1227.xlsx,ECON1 (2)
"2,050 UK adults",15th - 17th July 2026,,,,2050,,historic_vote,Lib Dems,"Q:ECON1. How much do you trust the following politicians on economic and financial matters?
 Rachel Reeves, current Chancellor",Best party on economy,trust.*econom,Trust a lot,Somewhat trust,Somewhat distrust,Distrust a lot,,,,,,,3.8,19.4,26.3,39.5,,,,,,,VI-2026-07-15-Opinium-Observer-Web-Tables-1227.xlsx,ECON1 (2)
"2,050 UK adults",15th - 17th July 2026,,,,2050,,historic_vote,Green,"Q:ECON1. How much do you trust the following politicians on economic and financial matters?
 Rachel Reeves, current Chancellor",Best party on economy,trust.*econom,Trust a lot,Somewhat trust,Somewhat distrust,Distrust a lot,,,,,,,4.4,15.8,28.5,32.4,,,,,,,VI-2026-07-15-Opinium-Observer-Web-Tables-1227.xlsx,ECON1 (2)
"2,050 UK adults",15th - 17th July 2026,,,,2050,,historic_vote,Reform UK,"Q:ECON1. How much do you trust the following politicians on economic and financial matters?
 Rachel Reeves, current Chancellor",Best party on economy,trust.*econom,Trust a lot,Somewhat trust,Somewhat distrust,Distrust a lot,,,,,,,0.5,8.5,10.3,77.2,,,,,,,VI-2026-07-15-Opinium-Observer-Web-Tables-1227.xlsx,ECON1 (2)
"2,050 UK adults",15th - 17th July 2026,,,,2050,,historic_vote,Con,"Q:ECON1. How much do you trust the following politicians on economic and financial matters?
 Rachel Reeves, current Chancellor",Best party on economy,trust.*econom,Trust a lot,Somewhat trust,Somewhat distrust,Distrust a lot,,,,,,,2.3,7.6,15.8,68.0,,,,,,,VI-2026-07-15-Opinium-Observer-Web-Tables-1227.xlsx,ECON1 (2)
"2,050 UK adults",15th - 17th July 2026,,,,2050,,historic_vote,Lab,"Q:ECON1. How much do you trust the following politicians on economic and financial matters?
 Rachel Reeves, current Chancellor",Best party on economy,trust.*econom,Trust a lot,Somewhat trust,Somewhat distrust,Distrust a lot,,,,,,,9.0,32.0,19.7,26.6,,,,,,,VI-2026-07-15-Opinium-Observer-Web-Tables-1227.xlsx,ECON1 (2)
"2,050 UK adults",15th - 17th July 2026,,,,2050,,historic_vote,Lib Dem,"Q:ECON1. How much do you trust the following politicians on economic and financial matters?
 Rachel Reeves, current Chancellor",Best party on economy,trust.*econom,Trust a lot,Somewhat trust,Somewhat distrust,Distrust a lot,,,,,,,6.4,23.6,26.1,35.2,,,,,,,VI-2026-07-15-Opinium-Observer-Web-Tables-1227.xlsx,ECON1 (2)
"2,050 UK adults",15th - 17th July 2026,,,,2050,,historic_vote,Remain,"Q:ECON1. How much do you trust the following politicians on economic and financial matters?
 Rachel Reeves, current Chancellor",Best party on economy,trust.*econom,Trust a lot,Somewhat trust,Somewhat distrust,Distrust a lot,,,,,,,6.5,23.2,22.5,34.0,,,,,,,VI-2026-07-15-Opinium-Observer-Web-Tables-1227.xlsx,ECON1 (2)
"2,050 UK adults",15th - 17th July 2026,,,,2050,,historic_vote,Leave,"Q:ECON1. How much do you trust the following politicians on economic and financial matters?
 Rachel Reeves, current Chancellor",Best party on economy,trust.*econom,Trust a lot,Somewhat trust,Somewhat distrust,Distrust a lot,,,,,,,2.3,7.9,16.0,66.7,,,,,,,VI-2026-07-15-Opinium-Observer-Web-Tables-1227.xlsx,ECON1 (2)
"2,050 UK adults",15th - 17th July 2026,,,,2050,,gender,Male,"Q:ECON1. How much do you trust the following politicians on economic and financial matters?
 Rachel Reeves, current Chancellor",Best party on economy,trust.*econom,Trust a lot,Somewhat trust,Somewhat distrust,Distrust a lot,,,,,,,6.0,16.4,19.4,46.2,,,,,,,VI-2026-07-15-Opinium-Observer-Web-Tables-1227.xlsx,ECON1 (2)
"2,050 UK adults",15th - 17th July 2026,,,,2050,,gender,Female,"Q:ECON1. How much do you trust the following politicians on economic and financial matters?
 Rachel Reeves, current Chancellor",Best party on economy,trust.*econom,Trust a lot,Somewhat trust,Somewhat distrust,Distrust a lot,,,,,,,2.4,15.0,21.1,42.7,,,,,,,VI-2026-07-15-Opinium-Observer-Web-Tables-1227.xlsx,ECON1 (2)
"2,050 UK adults",15th - 17th July 2026,,,,2050,,age,18-34,"Q:ECON1. How much do you trust the following politicians on economic and financial matters?
 Rachel Reeves, current Chancellor",Best party on economy,trust.*econom,Trust a lot,Somewhat trust,Somewhat distrust,Distrust a lot,,,,,,,5.6,21.6,27.3,24.6,,,,,,,VI-2026-07-15-Opinium-Observer-Web-Tables-1227.xlsx,ECON1 (2)
"2,050 UK adults",15th - 17th July 2026,,,,2050,,age,35-49,"Q:ECON1. How much do you trust the following politicians on economic and financial matters?
 Rachel Reeves, current Chancellor",Best party on economy,trust.*econom,Trust a lot,Somewhat trust,Somewhat distrust,Distrust a lot,,,,,,,4.2,16.2,18.7,42.0,,,,,,,VI-2026-07-15-Opinium-Observer-Web-Tables-1227.xlsx,ECON1 (2)
"2,050 UK adults",15th - 17th July 2026,,,,2050,,age,50-64,"Q:ECON1. How much do you trust the following politicians on economic and financial matters?
 Rachel Reeves, current Chancellor",Best party on economy,trust.*econom,Trust a lot,Somewhat trust,Somewhat distrust,Distrust a lot,,,,,,,4.0,14.2,19.7,49.4,,,,,,,VI-2026-07-15-Opinium-Observer-Web-Tables-1227.xlsx,ECON1 (2)
"2,050 UK adults",15th - 17th July 2026,,,,2050,,age,65+,"Q:ECON1. How much do you trust the following politicians on economic and financial matters?
 Rachel Reeves, current Chancellor",Best party on economy,trust.*econom,Trust a lot,Somewhat trust,Somewhat distrust,Distrust a lot,,,,,,,2.5,9.8,14.3,64.6,,,,,,,VI-2026-07-15-Opinium-Observer-Web-Tables-1227.xlsx,ECON1 (2)
"2,050 UK adults",15th - 17th July 2026,,,,2050,,region,North,"Q:ECON1. How much do you trust the following politicians on economic and financial matters?
 Rachel Reeves, current Chancellor",Best party on economy,trust.*econom,Trust a lot,Somewhat trust,Somewhat distrust,Distrust a lot,,,,,,,5.0,14.4,22.0,43.3,,,,,,,VI-2026-07-15-Opinium-Observer-Web-Tables-1227.xlsx,ECON1 (2)
"2,050 UK adults",15th - 17th July 2026,,,,2050,,region,Mids,"Q:ECON1. How much do you trust the following politicians on economic and financial matters?
 Rachel Reeves, current Chancellor",Best party on economy,trust.*econom,Trust a lot,Somewhat trust,Somewhat distrust,Distrust a lot,,,,,,,3.7,12.0,23.2,43.9,,,,,,,VI-2026-07-15-Opinium-Observer-Web-Tables-1227.xlsx,ECON1 (2)
"2,050 UK adults",15th - 17th July 2026,,,,2050,,region,London,"Q:ECON1. How much do you trust the following politicians on economic and financial matters?
 Rachel Reeves, current Chancellor",Best party on economy,trust.*econom,Trust a lot,Somewhat trust,Somewhat distrust,Distrust a lot,,,,,,,4.6,23.5,19.1,38.2,,,,,,,VI-2026-07-15-Opinium-Observer-Web-Tables-1227.xlsx,ECON1 (2)
"2,050 UK adults",15th - 17th July 2026,,,,2050,,region,South,"Q:ECON1. How much do you trust the following politicians on economic and financial matters?
 Rachel Reeves, current Chancellor",Best party on economy,trust.*econom,Trust a lot,Somewhat trust,Somewhat distrust,Distrust a lot,,,,,,,3.6,15.4,18.7,46.7,,,,,,,VI-2026-07-15-Opinium-Observer-Web-Tables-1227.xlsx,ECON1 (2)
"2,050 UK adults",15th - 17th July 2026,,,,2050,,region,Wales,"Q:ECON1. How much do you trust the following politicians on economic and financial matters?
 Rachel Reeves, current Chancellor",Best party on economy,trust.*econom,Trust a lot,Somewhat trust,Somewhat distrust,Distrust a lot,,,,,,,3.4,15.8,23.2,40.7,,,,,,,VI-2026-07-15-Opinium-Observer-Web-Tables-1227.xlsx,ECON1 (2)
"2,050 UK adults",15th - 17th July 2026,,,,2050,,region,Scotland,"Q:ECON1. How much do you trust the following politicians on economic and financial matters?
 Rachel Reeves, current Chancellor",Best party on economy,trust.*econom,Trust a lot,Somewhat trust,Somewhat distrust,Distrust a lot,,,,,,,5.9,18.8,14.9,46.3,,,,,,,VI-2026-07-15-Opinium-Observer-Web-Tables-1227.xlsx,ECON1 (2)
"2,050 UK adults",15th - 17th July 2026,,,,2050,,region,Northern Ireland,"Q:ECON1. How much do you trust the following politicians on economic and financial matters?
 Rachel Reeves, current Chancellor",Best party on economy,trust.*econom,Trust a lot,Somewhat trust,Somewhat distrust,Distrust a lot,,,,,,,,3.7,22.3,61.2,,,,,,,VI-2026-07-15-Opinium-Observer-Web-Tables-1227.xlsx,ECON1 (2)
"2,050 UK adults",15th - 17th July 2026,,,,2050,,total,Total,"Q:ECON1. How much do you trust the following politicians on economic and financial matters?
 Andy Burnham, next Prime Minister",Leader favourability (Burnham),burnham,Trust a lot,Somewhat trust,Somewhat distrust,Distrust a lot,,,,,,,7.3,21.2,17.0,25.7,,,,,,,VI-2026-07-15-Opinium-Observer-Web-Tables-1227.xlsx,ECON1 (3)
"2,050 UK adults",15th - 17th July 2026,,,,2050,,current_vote,Con,"Q:ECON1. How much do you trust the following politicians on economic and financial matters?
 Andy Burnham, next Prime Minister",Leader favourability (Burnham),burnham,Trust a lot,Somewhat trust,Somewhat distrust,Distrust a lot,,,,,,,3.3,12.8,22.9,35.9,,,,,,,VI-2026-07-15-Opinium-Observer-Web-Tables-1227.xlsx,ECON1 (3)
"2,050 UK adults",15th - 17th July 2026,,,,2050,,current_vote,Lab,"Q:ECON1. How much do you trust the following politicians on economic and financial matters?
 Andy Burnham, next Prime Minister",Leader favourability (Burnham),burnham,Trust a lot,Somewhat trust,Somewhat distrust,Distrust a lot,,,,,,,25.0,41.1,11.7,4.0,,,,,,,VI-2026-07-15-Opinium-Observer-Web-Tables-1227.xlsx,ECON1 (3)
"2,050 UK adults",15th - 17th July 2026,,,,2050,,current_vote,Lib Dem,"Q:ECON1. How much do you trust the following politicians on economic and financial matters?
 Andy Burnham, next Prime Minister",Leader favourability (Burnham),burnham,Trust a lot,Somewhat trust,Somewhat distrust,Distrust a lot,,,,,,,8.7,32.8,16.5,7.3,,,,,,,VI-2026-07-15-Opinium-Observer-Web-Tables-1227.xlsx,ECON1 (3)
"2,050 UK adults",15th - 17th July 2026,,,,2050,,current_vote,Reform,"Q:ECON1. How much do you trust the following politicians on economic and financial matters?
 Andy Burnham, next Prime Minister",Leader favourability (Burnham),burnham,Trust a lot,Somewhat trust,Somewhat distrust,Distrust a lot,,,,,,,1.7,11.9,18.1,51.9,,,,,,,VI-2026-07-15-Opinium-Observer-Web-Tables-1227.xlsx,ECON1 (3)
"2,050 UK adults",15th - 17th July 2026,,,,2050,,current_vote,Green,"Q:ECON1. How much do you trust the following politicians on economic and financial matters?
 Andy Burnham, next Prime Minister",Leader favourability (Burnham),burnham,Trust a lot,Somewhat trust,Somewhat distrust,Distrust a lot,,,,,,,6.6,30.3,20.2,15.7,,,,,,,VI-2026-07-15-Opinium-Observer-Web-Tables-1227.xlsx,ECON1 (3)
"2,050 UK adults",15th - 17th July 2026,,,,2050,,historic_vote,Conservative,"Q:ECON1. How much do you trust the following politicians on economic and financial matters?
 Andy Burnham, next Prime Minister",Leader favourability (Burnham),burnham,Trust a lot,Somewhat trust,Somewhat distrust,Distrust a lot,,,,,,,3.2,12.2,18.3,43.1,,,,,,,VI-2026-07-15-Opinium-Observer-Web-Tables-1227.xlsx,ECON1 (3)
"2,050 UK adults",15th - 17th July 2026,,,,2050,,historic_vote,Labour,"Q:ECON1. How much do you trust the following politicians on economic and financial matters?
 Andy Burnham, next Prime Minister",Leader favourability (Burnham),burnham,Trust a lot,Somewhat trust,Somewhat distrust,Distrust a lot,,,,,,,15.8,37.0,13.5,8.8,,,,,,,VI-2026-07-15-Opinium-Observer-Web-Tables-1227.xlsx,ECON1 (3)
"2,050 UK adults",15th - 17th July 2026,,,,2050,,historic_vote,Lib Dems,"Q:ECON1. How much do you trust the following politicians on economic and financial matters?
 Andy Burnham, next Prime Minister",Leader favourability (Burnham),burnham,Trust a lot,Somewhat trust,Somewhat distrust,Distrust a lot,,,,,,,7.2,26.7,21.6,8.8,,,,,,,VI-2026-07-15-Opinium-Observer-Web-Tables-1227.xlsx,ECON1 (3)
"2,050 UK adults",15th - 17th July 2026,,,,2050,,historic_vote,Green,"Q:ECON1. How much do you trust the following politicians on economic and financial matters?
 Andy Burnham, next Prime Minister",Leader favourability (Burnham),burnham,Trust a lot,Somewhat trust,Somewhat distrust,Distrust a lot,,,,,,,10.1,27.4,19.6,14.7,,,,,,,VI-2026-07-15-Opinium-Observer-Web-Tables-1227.xlsx,ECON1 (3)
"2,050 UK adults",15th - 17th July 2026,,,,2050,,historic_vote,Reform UK,"Q:ECON1. How much do you trust the following politicians on economic and financial matters?
 Andy Burnham, next Prime Minister",Leader favourability (Burnham),burnham,Trust a lot,Somewhat trust,Somewhat distrust,Distrust a lot,,,,,,,1.8,8.7,16.7,55.8,,,,,,,VI-2026-07-15-Opinium-Observer-Web-Tables-1227.xlsx,ECON1 (3)
"2,050 UK adults",15th - 17th July 2026,,,,2050,,historic_vote,Con,"Q:ECON1. How much do you trust the following politicians on economic and financial matters?
 Andy Burnham, next Prime Minister",Leader favourability (Burnham),burnham,Trust a lot,Somewhat trust,Somewhat distrust,Distrust a lot,,,,,,,2.3,11.7,19.6,41.2,,,,,,,VI-2026-07-15-Opinium-Observer-Web-Tables-1227.xlsx,ECON1 (3)
"2,050 UK adults",15th - 17th July 2026,,,,2050,,historic_vote,Lab,"Q:ECON1. How much do you trust the following politicians on economic and financial matters?
 Andy Burnham, next Prime Minister",Leader favourability (Burnham),burnham,Trust a lot,Somewhat trust,Somewhat distrust,Distrust a lot,,,,,,,15.9,33.7,15.6,11.2,,,,,,,VI-2026-07-15-Opinium-Observer-Web-Tables-1227.xlsx,ECON1 (3)
"2,050 UK adults",15th - 17th July 2026,,,,2050,,historic_vote,Lib Dem,"Q:ECON1. How much do you trust the following politicians on economic and financial matters?
 Andy Burnham, next Prime Minister",Leader favourability (Burnham),burnham,Trust a lot,Somewhat trust,Somewhat distrust,Distrust a lot,,,,,,,10.0,25.3,19.0,14.2,,,,,,,VI-2026-07-15-Opinium-Observer-Web-Tables-1227.xlsx,ECON1 (3)
"2,050 UK adults",15th - 17th July 2026,,,,2050,,historic_vote,Remain,"Q:ECON1. How much do you trust the following politicians on economic and financial matters?
 Andy Burnham, next Prime Minister",Leader favourability (Burnham),burnham,Trust a lot,Somewhat trust,Somewhat distrust,Distrust a lot,,,,,,,9.7,28.4,17.3,15.3,,,,,,,VI-2026-07-15-Opinium-Observer-Web-Tables-1227.xlsx,ECON1 (3)
"2,050 UK adults",15th - 17th July 2026,,,,2050,,historic_vote,Leave,"Q:ECON1. How much do you trust the following politicians on economic and financial matters?
 Andy Burnham, next Prime Minister",Leader favourability (Burnham),burnham,Trust a lot,Somewhat trust,Somewhat distrust,Distrust a lot,,,,,,,4.5,12.4,17.0,42.1,,,,,,,VI-2026-07-15-Opinium-Observer-Web-Tables-1227.xlsx,ECON1 (3)
"2,050 UK adults",15th - 17th July 2026,,,,2050,,gender,Male,"Q:ECON1. How much do you trust the following politicians on economic and financial matters?
 Andy Burnham, next Prime Minister",Leader favourability (Burnham),burnham,Trust a lot,Somewhat trust,Somewhat distrust,Distrust a lot,,,,,,,8.5,20.8,17.8,28.5,,,,,,,VI-2026-07-15-Opinium-Observer-Web-Tables-1227.xlsx,ECON1 (3)
"2,050 UK adults",15th - 17th July 2026,,,,2050,,gender,Female,"Q:ECON1. How much do you trust the following politicians on economic and financial matters?
 Andy Burnham, next Prime Minister",Leader favourability (Burnham),burnham,Trust a lot,Somewhat trust,Somewhat distrust,Distrust a lot,,,,,,,6.2,21.8,16.2,22.7,,,,,,,VI-2026-07-15-Opinium-Observer-Web-Tables-1227.xlsx,ECON1 (3)
"2,050 UK adults",15th - 17th July 2026,,,,2050,,age,18-34,"Q:ECON1. How much do you trust the following politicians on economic and financial matters?
 Andy Burnham, next Prime Minister",Leader favourability (Burnham),burnham,Trust a lot,Somewhat trust,Somewhat distrust,Distrust a lot,,,,,,,12.4,29.6,18.0,15.7,,,,,,,VI-2026-07-15-Opinium-Observer-Web-Tables-1227.xlsx,ECON1 (3)
"2,050 UK adults",15th - 17th July 2026,,,,2050,,age,35-49,"Q:ECON1. How much do you trust the following politicians on economic and financial matters?
 Andy Burnham, next Prime Minister",Leader favourability (Burnham),burnham,Trust a lot,Somewhat trust,Somewhat distrust,Distrust a lot,,,,,,,6.3,21.3,21.4,24.6,,,,,,,VI-2026-07-15-Opinium-Observer-Web-Tables-1227.xlsx,ECON1 (3)
"2,050 UK adults",15th - 17th July 2026,,,,2050,,age,50-64,"Q:ECON1. How much do you trust the following politicians on economic and financial matters?
 Andy Burnham, next Prime Minister",Leader favourability (Burnham),burnham,Trust a lot,Somewhat trust,Somewhat distrust,Distrust a lot,,,,,,,5.6,20.0,15.6,27.6,,,,,,,VI-2026-07-15-Opinium-Observer-Web-Tables-1227.xlsx,ECON1 (3)
"2,050 UK adults",15th - 17th July 2026,,,,2050,,age,65+,"Q:ECON1. How much do you trust the following politicians on economic and financial matters?
 Andy Burnham, next Prime Minister",Leader favourability (Burnham),burnham,Trust a lot,Somewhat trust,Somewhat distrust,Distrust a lot,,,,,,,4.2,12.8,12.7,36.2,,,,,,,VI-2026-07-15-Opinium-Observer-Web-Tables-1227.xlsx,ECON1 (3)
"2,050 UK adults",15th - 17th July 2026,,,,2050,,region,North,"Q:ECON1. How much do you trust the following politicians on economic and financial matters?
 Andy Burnham, next Prime Minister",Leader favourability (Burnham),burnham,Trust a lot,Somewhat trust,Somewhat distrust,Distrust a lot,,,,,,,9.8,25.7,16.9,22.6,,,,,,,VI-2026-07-15-Opinium-Observer-Web-Tables-1227.xlsx,ECON1 (3)
"2,050 UK adults",15th - 17th July 2026,,,,2050,,region,Mids,"Q:ECON1. How much do you trust the following politicians on economic and financial matters?
 Andy Burnham, next Prime Minister",Leader favourability (Burnham),burnham,Trust a lot,Somewhat trust,Somewhat distrust,Distrust a lot,,,,,,,5.6,21.4,20.3,24.8,,,,,,,VI-2026-07-15-Opinium-Observer-Web-Tables-1227.xlsx,ECON1 (3)
"2,050 UK adults",15th - 17th July 2026,,,,2050,,region,London,"Q:ECON1. How much do you trust the following politicians on economic and financial matters?
 Andy Burnham, next Prime Minister",Leader favourability (Burnham),burnham,Trust a lot,Somewhat trust,Somewhat distrust,Distrust a lot,,,,,,,11.4,24.0,17.8,19.1,,,,,,,VI-2026-07-15-Opinium-Observer-Web-Tables-1227.xlsx,ECON1 (3)
"2,050 UK adults",15th - 17th July 2026,,,,2050,,region,South,"Q:ECON1. How much do you trust the following politicians on economic and financial matters?
 Andy Burnham, next Prime Minister",Leader favourability (Burnham),burnham,Trust a lot,Somewhat trust,Somewhat distrust,Distrust a lot,,,,,,,5.2,18.1,16.4,29.6,,,,,,,VI-2026-07-15-Opinium-Observer-Web-Tables-1227.xlsx,ECON1 (3)
"2,050 UK adults",15th - 17th July 2026,,,,2050,,region,Wales,"Q:ECON1. How much do you trust the following politicians on economic and financial matters?
 Andy Burnham, next Prime Minister",Leader favourability (Burnham),burnham,Trust a lot,Somewhat trust,Somewhat distrust,Distrust a lot,,,,,,,8.1,14.3,19.9,26.3,,,,,,,VI-2026-07-15-Opinium-Observer-Web-Tables-1227.xlsx,ECON1 (3)
"2,050 UK adults",15th - 17th July 2026,,,,2050,,region,Scotland,"Q:ECON1. How much do you trust the following politicians on economic and financial matters?
 Andy Burnham, next Prime Minister",Leader favourability (Burnham),burnham,Trust a lot,Somewhat trust,Somewhat distrust,Distrust a lot,,,,,,,6.9,22.8,10.6,25.2,,,,,,,VI-2026-07-15-Opinium-Observer-Web-Tables-1227.xlsx,ECON1 (3)
"2,050 UK adults",15th - 17th July 2026,,,,2050,,region,Northern Ireland,"Q:ECON1. How much do you trust the following politicians on economic and financial matters?
 Andy Burnham, next Prime Minister",Leader favourability (Burnham),burnham,Trust a lot,Somewhat trust,Somewhat distrust,Distrust a lot,,,,,,,,12.9,15.1,42.6,,,,,,,VI-2026-07-15-Opinium-Observer-Web-Tables-1227.xlsx,ECON1 (3)
"2,050 UK adults",15th - 17th July 2026,,,,2050,,total,Total,"Q:ECON1. How much do you trust the following politicians on economic and financial matters?
 Kemi Badenoch, Conservative leader",Leader favourability (Badenoch),badenoch,Trust a lot,Somewhat trust,Somewhat distrust,Distrust a lot,,,,,,,5.9,26.9,22.0,24.7,,,,,,,VI-2026-07-15-Opinium-Observer-Web-Tables-1227.xlsx,ECON1 (4)
"2,050 UK adults",15th - 17th July 2026,,,,2050,,current_vote,Con,"Q:ECON1. How much do you trust the following politicians on economic and financial matters?
 Kemi Badenoch, Conservative leader",Leader favourability (Badenoch),badenoch,Trust a lot,Somewhat trust,Somewhat distrust,Distrust a lot,,,,,,,22.0,55.1,11.1,2.5,,,,,,,VI-2026-07-15-Opinium-Observer-Web-Tables-1227.xlsx,ECON1 (4)
"2,050 UK adults",15th - 17th July 2026,,,,2050,,current_vote,Lab,"Q:ECON1. How much do you trust the following politicians on economic and financial matters?
 Kemi Badenoch, Conservative leader",Leader favourability (Badenoch),badenoch,Trust a lot,Somewhat trust,Somewhat distrust,Distrust a lot,,,,,,,5.0,20.5,24.2,34.7,,,,,,,VI-2026-07-15-Opinium-Observer-Web-Tables-1227.xlsx,ECON1 (4)
"2,050 UK adults",15th - 17th July 2026,,,,2050,,current_vote,Lib Dem,"Q:ECON1. How much do you trust the following politicians on economic and financial matters?
 Kemi Badenoch, Conservative leader",Leader favourability (Badenoch),badenoch,Trust a lot,Somewhat trust,Somewhat distrust,Distrust a lot,,,,,,,1.5,27.5,28.0,23.0,,,,,,,VI-2026-07-15-Opinium-Observer-Web-Tables-1227.xlsx,ECON1 (4)
"2,050 UK adults",15th - 17th July 2026,,,,2050,,current_vote,Reform,"Q:ECON1. How much do you trust the following politicians on economic and financial matters?
 Kemi Badenoch, Conservative leader",Leader favourability (Badenoch),badenoch,Trust a lot,Somewhat trust,Somewhat distrust,Distrust a lot,,,,,,,5.8,36.3,26.5,17.7,,,,,,,VI-2026-07-15-Opinium-Observer-Web-Tables-1227.xlsx,ECON1 (4)
"2,050 UK adults",15th - 17th July 2026,,,,2050,,current_vote,Green,"Q:ECON1. How much do you trust the following politicians on economic and financial matters?
 Kemi Badenoch, Conservative leader",Leader favourability (Badenoch),badenoch,Trust a lot,Somewhat trust,Somewhat distrust,Distrust a lot,,,,,,,2.5,13.3,26.2,46.8,,,,,,,VI-2026-07-15-Opinium-Observer-Web-Tables-1227.xlsx,ECON1 (4)
"2,050 UK adults",15th - 17th July 2026,,,,2050,,historic_vote,Conservative,"Q:ECON1. How much do you trust the following politicians on economic and financial matters?
 Kemi Badenoch, Conservative leader",Leader favourability (Badenoch),badenoch,Trust a lot,Somewhat trust,Somewhat distrust,Distrust a lot,,,,,,,19.9,53.8,11.6,3.2,,,,,,,VI-2026-07-15-Opinium-Observer-Web-Tables-1227.xlsx,ECON1 (4)
"2,050 UK adults",15th - 17th July 2026,,,,2050,,historic_vote,Labour,"Q:ECON1. How much do you trust the following politicians on economic and financial matters?
 Kemi Badenoch, Conservative leader",Leader favourability (Badenoch),badenoch,Trust a lot,Somewhat trust,Somewhat distrust,Distrust a lot,,,,,,,2.4,20.4,26.2,35.7,,,,,,,VI-2026-07-15-Opinium-Observer-Web-Tables-1227.xlsx,ECON1 (4)
"2,050 UK adults",15th - 17th July 2026,,,,2050,,historic_vote,Lib Dems,"Q:ECON1. How much do you trust the following politicians on economic and financial matters?
 Kemi Badenoch, Conservative leader",Leader favourability (Badenoch),badenoch,Trust a lot,Somewhat trust,Somewhat distrust,Distrust a lot,,,,,,,1.3,32.6,25.2,19.0,,,,,,,VI-2026-07-15-Opinium-Observer-Web-Tables-1227.xlsx,ECON1 (4)
"2,050 UK adults",15th - 17th July 2026,,,,2050,,historic_vote,Green,"Q:ECON1. How much do you trust the following politicians on economic and financial matters?
 Kemi Badenoch, Conservative leader",Leader favourability (Badenoch),badenoch,Trust a lot,Somewhat trust,Somewhat distrust,Distrust a lot,,,,,,,5.4,12.4,25.0,43.7,,,,,,,VI-2026-07-15-Opinium-Observer-Web-Tables-1227.xlsx,ECON1 (4)
"2,050 UK adults",15th - 17th July 2026,,,,2050,,historic_vote,Reform UK,"Q:ECON1. How much do you trust the following politicians on economic and financial matters?
 Kemi Badenoch, Conservative leader",Leader favourability (Badenoch),badenoch,Trust a lot,Somewhat trust,Somewhat distrust,Distrust a lot,,,,,,,5.7,37.8,25.4,20.3,,,,,,,VI-2026-07-15-Opinium-Observer-Web-Tables-1227.xlsx,ECON1 (4)
"2,050 UK adults",15th - 17th July 2026,,,,2050,,historic_vote,Con,"Q:ECON1. How much do you trust the following politicians on economic and financial matters?
 Kemi Badenoch, Conservative leader",Leader favourability (Badenoch),badenoch,Trust a lot,Somewhat trust,Somewhat distrust,Distrust a lot,,,,,,,12.6,49.8,17.8,7.6,,,,,,,VI-2026-07-15-Opinium-Observer-Web-Tables-1227.xlsx,ECON1 (4)
"2,050 UK adults",15th - 17th July 2026,,,,2050,,historic_vote,Lab,"Q:ECON1. How much do you trust the following politicians on economic and financial matters?
 Kemi Badenoch, Conservative leader",Leader favourability (Badenoch),badenoch,Trust a lot,Somewhat trust,Somewhat distrust,Distrust a lot,,,,,,,3.0,14.5,24.3,43.5,,,,,,,VI-2026-07-15-Opinium-Observer-Web-Tables-1227.xlsx,ECON1 (4)
"2,050 UK adults",15th - 17th July 2026,,,,2050,,historic_vote,Lib Dem,"Q:ECON1. How much do you trust the following politicians on economic and financial matters?
 Kemi Badenoch, Conservative leader",Leader favourability (Badenoch),badenoch,Trust a lot,Somewhat trust,Somewhat distrust,Distrust a lot,,,,,,,1.0,25.4,29.6,29.1,,,,,,,VI-2026-07-15-Opinium-Observer-Web-Tables-1227.xlsx,ECON1 (4)
"2,050 UK adults",15th - 17th July 2026,,,,2050,,historic_vote,Remain,"Q:ECON1. How much do you trust the following politicians on economic and financial matters?
 Kemi Badenoch, Conservative leader",Leader favourability (Badenoch),badenoch,Trust a lot,Somewhat trust,Somewhat distrust,Distrust a lot,,,,,,,6.0,24.0,22.2,31.1,,,,,,,VI-2026-07-15-Opinium-Observer-Web-Tables-1227.xlsx,ECON1 (4)
"2,050 UK adults",15th - 17th July 2026,,,,2050,,historic_vote,Leave,"Q:ECON1. How much do you trust the following politicians on economic and financial matters?
 Kemi Badenoch, Conservative leader",Leader favourability (Badenoch),badenoch,Trust a lot,Somewhat trust,Somewhat distrust,Distrust a lot,,,,,,,7.3,35.8,21.6,18.9,,,,,,,VI-2026-07-15-Opinium-Observer-Web-Tables-1227.xlsx,ECON1 (4)
"2,050 UK adults",15th - 17th July 2026,,,,2050,,gender,Male,"Q:ECON1. How much do you trust the following politicians on economic and financial matters?
 Kemi Badenoch, Conservative leader",Leader favourability (Badenoch),badenoch,Trust a lot,Somewhat trust,Somewhat distrust,Distrust a lot,,,,,,,6.9,26.9,22.9,25.4,,,,,,,VI-2026-07-15-Opinium-Observer-Web-Tables-1227.xlsx,ECON1 (4)
"2,050 UK adults",15th - 17th July 2026,,,,2050,,gender,Female,"Q:ECON1. How much do you trust the following politicians on economic and financial matters?
 Kemi Badenoch, Conservative leader",Leader favourability (Badenoch),badenoch,Trust a lot,Somewhat trust,Somewhat distrust,Distrust a lot,,,,,,,5.1,27.2,20.9,24.0,,,,,,,VI-2026-07-15-Opinium-Observer-Web-Tables-1227.xlsx,ECON1 (4)
"2,050 UK adults",15th - 17th July 2026,,,,2050,,age,18-34,"Q:ECON1. How much do you trust the following politicians on economic and financial matters?
 Kemi Badenoch, Conservative leader",Leader favourability (Badenoch),badenoch,Trust a lot,Somewhat trust,Somewhat distrust,Distrust a lot,,,,,,,7.7,21.7,23.3,25.0,,,,,,,VI-2026-07-15-Opinium-Observer-Web-Tables-1227.xlsx,ECON1 (4)
"2,050 UK adults",15th - 17th July 2026,,,,2050,,age,35-49,"Q:ECON1. How much do you trust the following politicians on economic and financial matters?
 Kemi Badenoch, Conservative leader",Leader favourability (Badenoch),badenoch,Trust a lot,Somewhat trust,Somewhat distrust,Distrust a lot,,,,,,,4.0,20.3,25.4,30.3,,,,,,,VI-2026-07-15-Opinium-Observer-Web-Tables-1227.xlsx,ECON1 (4)
"2,050 UK adults",15th - 17th July 2026,,,,2050,,age,50-64,"Q:ECON1. How much do you trust the following politicians on economic and financial matters?
 Kemi Badenoch, Conservative leader",Leader favourability (Badenoch),badenoch,Trust a lot,Somewhat trust,Somewhat distrust,Distrust a lot,,,,,,,2.8,27.6,19.8,27.7,,,,,,,VI-2026-07-15-Opinium-Observer-Web-Tables-1227.xlsx,ECON1 (4)
"2,050 UK adults",15th - 17th July 2026,,,,2050,,age,65+,"Q:ECON1. How much do you trust the following politicians on economic and financial matters?
 Kemi Badenoch, Conservative leader",Leader favourability (Badenoch),badenoch,Trust a lot,Somewhat trust,Somewhat distrust,Distrust a lot,,,,,,,8.9,38.7,19.1,15.5,,,,,,,VI-2026-07-15-Opinium-Observer-Web-Tables-1227.xlsx,ECON1 (4)
"2,050 UK adults",15th - 17th July 2026,,,,2050,,region,North,"Q:ECON1. How much do you trust the following politicians on economic and financial matters?
 Kemi Badenoch, Conservative leader",Leader favourability (Badenoch),badenoch,Trust a lot,Somewhat trust,Somewhat distrust,Distrust a lot,,,,,,,7.4,27.6,22.6,21.9,,,,,,,VI-2026-07-15-Opinium-Observer-Web-Tables-1227.xlsx,ECON1 (4)
"2,050 UK adults",15th - 17th July 2026,,,,2050,,region,Mids,"Q:ECON1. How much do you trust the following politicians on economic and financial matters?
 Kemi Badenoch, Conservative leader",Leader favourability (Badenoch),badenoch,Trust a lot,Somewhat trust,Somewhat distrust,Distrust a lot,,,,,,,4.4,27.6,23.1,21.6,,,,,,,VI-2026-07-15-Opinium-Observer-Web-Tables-1227.xlsx,ECON1 (4)
"2,050 UK adults",15th - 17th July 2026,,,,2050,,region,London,"Q:ECON1. How much do you trust the following politicians on economic and financial matters?
 Kemi Badenoch, Conservative leader",Leader favourability (Badenoch),badenoch,Trust a lot,Somewhat trust,Somewhat distrust,Distrust a lot,,,,,,,6.8,26.6,19.7,25.4,,,,,,,VI-2026-07-15-Opinium-Observer-Web-Tables-1227.xlsx,ECON1 (4)
"2,050 UK adults",15th - 17th July 2026,,,,2050,,region,South,"Q:ECON1. How much do you trust the following politicians on economic and financial matters?
 Kemi Badenoch, Conservative leader",Leader favourability (Badenoch),badenoch,Trust a lot,Somewhat trust,Somewhat distrust,Distrust a lot,,,,,,,5.8,28.9,22.2,23.9,,,,,,,VI-2026-07-15-Opinium-Observer-Web-Tables-1227.xlsx,ECON1 (4)
"2,050 UK adults",15th - 17th July 2026,,,,2050,,region,Wales,"Q:ECON1. How much do you trust the following politicians on economic and financial matters?
 Kemi Badenoch, Conservative leader",Leader favourability (Badenoch),badenoch,Trust a lot,Somewhat trust,Somewhat distrust,Distrust a lot,,,,,,,7.0,25.0,25.3,26.2,,,,,,,VI-2026-07-15-Opinium-Observer-Web-Tables-1227.xlsx,ECON1 (4)
"2,050 UK adults",15th - 17th July 2026,,,,2050,,region,Scotland,"Q:ECON1. How much do you trust the following politicians on economic and financial matters?
 Kemi Badenoch, Conservative leader",Leader favourability (Badenoch),badenoch,Trust a lot,Somewhat trust,Somewhat distrust,Distrust a lot,,,,,,,2.8,23.2,20.5,35.2,,,,,,,VI-2026-07-15-Opinium-Observer-Web-Tables-1227.xlsx,ECON1 (4)
"2,050 UK adults",15th - 17th July 2026,,,,2050,,region,Northern Ireland,"Q:ECON1. How much do you trust the following politicians on economic and financial matters?
 Kemi Badenoch, Conservative leader",Leader favourability (Badenoch),badenoch,Trust a lot,Somewhat trust,Somewhat distrust,Distrust a lot,,,,,,,5.7,8.7,16.8,37.2,,,,,,,VI-2026-07-15-Opinium-Observer-Web-Tables-1227.xlsx,ECON1 (4)
"2,050 UK adults",15th - 17th July 2026,,,,2050,,total,Total,"Q:ECON1. How much do you trust the following politicians on economic and financial matters?
 Mel Stride, Shadow Chancellor",Best party on economy,trust.*econom,Trust a lot,Somewhat trust,Somewhat distrust,Distrust a lot,,,,,,,2.8,15.6,18.3,21.1,,,,,,,VI-2026-07-15-Opinium-Observer-Web-Tables-1227.xlsx,ECON1 (5)
"2,050 UK adults",15th - 17th July 2026,,,,2050,,current_vote,Con,"Q:ECON1. How much do you trust the following politicians on economic and financial matters?
 Mel Stride, Shadow Chancellor",Best party on economy,trust.*econom,Trust a lot,Somewhat trust,Somewhat distrust,Distrust a lot,,,,,,,8.4,31.1,14.1,8.2,,,,,,,VI-2026-07-15-Opinium-Observer-Web-Tables-1227.xlsx,ECON1 (5)
"2,050 UK adults",15th - 17th July 2026,,,,2050,,current_vote,Lab,"Q:ECON1. How much do you trust the following politicians on economic and financial matters?
 Mel Stride, Shadow Chancellor",Best party on economy,trust.*econom,Trust a lot,Somewhat trust,Somewhat distrust,Distrust a lot,,,,,,,4.1,16.1,22.7,24.2,,,,,,,VI-2026-07-15-Opinium-Observer-Web-Tables-1227.xlsx,ECON1 (5)
"2,050 UK adults",15th - 17th July 2026,,,,2050,,current_vote,Lib Dem,"Q:ECON1. How much do you trust the following politicians on economic and financial matters?
 Mel Stride, Shadow Chancellor",Best party on economy,trust.*econom,Trust a lot,Somewhat trust,Somewhat distrust,Distrust a lot,,,,,,,1.6,7.7,29.3,19.1,,,,,,,VI-2026-07-15-Opinium-Observer-Web-Tables-1227.xlsx,ECON1 (5)
"2,050 UK adults",15th - 17th July 2026,,,,2050,,current_vote,Reform,"Q:ECON1. How much do you trust the following politicians on economic and financial matters?
 Mel Stride, Shadow Chancellor",Best party on economy,trust.*econom,Trust a lot,Somewhat trust,Somewhat distrust,Distrust a lot,,,,,,,2.4,20.6,18.8,24.8,,,,,,,VI-2026-07-15-Opinium-Observer-Web-Tables-1227.xlsx,ECON1 (5)
"2,050 UK adults",15th - 17th July 2026,,,,2050,,current_vote,Green,"Q:ECON1. How much do you trust the following politicians on economic and financial matters?
 Mel Stride, Shadow Chancellor",Best party on economy,trust.*econom,Trust a lot,Somewhat trust,Somewhat distrust,Distrust a lot,,,,,,,0.8,12.5,21.1,26.1,,,,,,,VI-2026-07-15-Opinium-Observer-Web-Tables-1227.xlsx,ECON1 (5)
"2,050 UK adults",15th - 17th July 2026,,,,2050,,historic_vote,Conservative,"Q:ECON1. How much do you trust the following politicians on economic and financial matters?
 Mel Stride, Shadow Chancellor",Best party on economy,trust.*econom,Trust a lot,Somewhat trust,Somewhat distrust,Distrust a lot,,,,,,,6.3,32.8,14.3,8.9,,,,,,,VI-2026-07-15-Opinium-Observer-Web-Tables-1227.xlsx,ECON1 (5)
"2,050 UK adults",15th - 17th July 2026,,,,2050,,historic_vote,Labour,"Q:ECON1. How much do you trust the following politicians on economic and financial matters?
 Mel Stride, Shadow Chancellor",Best party on economy,trust.*econom,Trust a lot,Somewhat trust,Somewhat distrust,Distrust a lot,,,,,,,2.3,11.3,22.6,23.0,,,,,,,VI-2026-07-15-Opinium-Observer-Web-Tables-1227.xlsx,ECON1 (5)
"2,050 UK adults",15th - 17th July 2026,,,,2050,,historic_vote,Lib Dems,"Q:ECON1. How much do you trust the following politicians on economic and financial matters?
 Mel Stride, Shadow Chancellor",Best party on economy,trust.*econom,Trust a lot,Somewhat trust,Somewhat distrust,Distrust a lot,,,,,,,2.7,10.8,21.4,17.6,,,,,,,VI-2026-07-15-Opinium-Observer-Web-Tables-1227.xlsx,ECON1 (5)
"2,050 UK adults",15th - 17th July 2026,,,,2050,,historic_vote,Green,"Q:ECON1. How much do you trust the following politicians on economic and financial matters?
 Mel Stride, Shadow Chancellor",Best party on economy,trust.*econom,Trust a lot,Somewhat trust,Somewhat distrust,Distrust a lot,,,,,,,0.7,10.9,20.8,28.3,,,,,,,VI-2026-07-15-Opinium-Observer-Web-Tables-1227.xlsx,ECON1 (5)
"2,050 UK adults",15th - 17th July 2026,,,,2050,,historic_vote,Reform UK,"Q:ECON1. How much do you trust the following politicians on economic and financial matters?
 Mel Stride, Shadow Chancellor",Best party on economy,trust.*econom,Trust a lot,Somewhat trust,Somewhat distrust,Distrust a lot,,,,,,,1.8,19.3,18.3,29.7,,,,,,,VI-2026-07-15-Opinium-Observer-Web-Tables-1227.xlsx,ECON1 (5)
"2,050 UK adults",15th - 17th July 2026,,,,2050,,historic_vote,Con,"Q:ECON1. How much do you trust the following politicians on economic and financial matters?
 Mel Stride, Shadow Chancellor",Best party on economy,trust.*econom,Trust a lot,Somewhat trust,Somewhat distrust,Distrust a lot,,,,,,,4.9,25.8,16.3,11.3,,,,,,,VI-2026-07-15-Opinium-Observer-Web-Tables-1227.xlsx,ECON1 (5)
"2,050 UK adults",15th - 17th July 2026,,,,2050,,historic_vote,Lab,"Q:ECON1. How much do you trust the following politicians on economic and financial matters?
 Mel Stride, Shadow Chancellor",Best party on economy,trust.*econom,Trust a lot,Somewhat trust,Somewhat distrust,Distrust a lot,,,,,,,2.7,10.2,20.6,30.5,,,,,,,VI-2026-07-15-Opinium-Observer-Web-Tables-1227.xlsx,ECON1 (5)
"2,050 UK adults",15th - 17th July 2026,,,,2050,,historic_vote,Lib Dem,"Q:ECON1. How much do you trust the following politicians on economic and financial matters?
 Mel Stride, Shadow Chancellor",Best party on economy,trust.*econom,Trust a lot,Somewhat trust,Somewhat distrust,Distrust a lot,,,,,,,,9.9,20.3,23.0,,,,,,,VI-2026-07-15-Opinium-Observer-Web-Tables-1227.xlsx,ECON1 (5)
"2,050 UK adults",15th - 17th July 2026,,,,2050,,historic_vote,Remain,"Q:ECON1. How much do you trust the following politicians on economic and financial matters?
 Mel Stride, Shadow Chancellor",Best party on economy,trust.*econom,Trust a lot,Somewhat trust,Somewhat distrust,Distrust a lot,,,,,,,2.2,13.4,20.5,23.0,,,,,,,VI-2026-07-15-Opinium-Observer-Web-Tables-1227.xlsx,ECON1 (5)
"2,050 UK adults",15th - 17th July 2026,,,,2050,,historic_vote,Leave,"Q:ECON1. How much do you trust the following politicians on economic and financial matters?
 Mel Stride, Shadow Chancellor",Best party on economy,trust.*econom,Trust a lot,Somewhat trust,Somewhat distrust,Distrust a lot,,,,,,,3.9,17.5,15.6,21.1,,,,,,,VI-2026-07-15-Opinium-Observer-Web-Tables-1227.xlsx,ECON1 (5)
"2,050 UK adults",15th - 17th July 2026,,,,2050,,gender,Male,"Q:ECON1. How much do you trust the following politicians on economic and financial matters?
 Mel Stride, Shadow Chancellor",Best party on economy,trust.*econom,Trust a lot,Somewhat trust,Somewhat distrust,Distrust a lot,,,,,,,3.9,19.1,18.4,23.8,,,,,,,VI-2026-07-15-Opinium-Observer-Web-Tables-1227.xlsx,ECON1 (5)
"2,050 UK adults",15th - 17th July 2026,,,,2050,,gender,Female,"Q:ECON1. How much do you trust the following politicians on economic and financial matters?
 Mel Stride, Shadow Chancellor",Best party on economy,trust.*econom,Trust a lot,Somewhat trust,Somewhat distrust,Distrust a lot,,,,,,,1.8,12.5,18.2,18.4,,,,,,,VI-2026-07-15-Opinium-Observer-Web-Tables-1227.xlsx,ECON1 (5)
"2,050 UK adults",15th - 17th July 2026,,,,2050,,age,18-34,"Q:ECON1. How much do you trust the following politicians on economic and financial matters?
 Mel Stride, Shadow Chancellor",Best party on economy,trust.*econom,Trust a lot,Somewhat trust,Somewhat distrust,Distrust a lot,,,,,,,3.2,21.7,23.0,19.5,,,,,,,VI-2026-07-15-Opinium-Observer-Web-Tables-1227.xlsx,ECON1 (5)
"2,050 UK adults",15th - 17th July 2026,,,,2050,,age,35-49,"Q:ECON1. How much do you trust the following politicians on economic and financial matters?
 Mel Stride, Shadow Chancellor",Best party on economy,trust.*econom,Trust a lot,Somewhat trust,Somewhat distrust,Distrust a lot,,,,,,,2.7,9.4,20.2,25.6,,,,,,,VI-2026-07-15-Opinium-Observer-Web-Tables-1227.xlsx,ECON1 (5)
"2,050 UK adults",15th - 17th July 2026,,,,2050,,age,50-64,"Q:ECON1. How much do you trust the following politicians on economic and financial matters?
 Mel Stride, Shadow Chancellor",Best party on economy,trust.*econom,Trust a lot,Somewhat trust,Somewhat distrust,Distrust a lot,,,,,,,1.8,10.3,16.2,24.7,,,,,,,VI-2026-07-15-Opinium-Observer-Web-Tables-1227.xlsx,ECON1 (5)
"2,050 UK adults",15th - 17th July 2026,,,,2050,,age,65+,"Q:ECON1. How much do you trust the following politicians on economic and financial matters?
 Mel Stride, Shadow Chancellor",Best party on economy,trust.*econom,Trust a lot,Somewhat trust,Somewhat distrust,Distrust a lot,,,,,,,3.5,20.3,13.3,14.6,,,,,,,VI-2026-07-15-Opinium-Observer-Web-Tables-1227.xlsx,ECON1 (5)
"2,050 UK adults",15th - 17th July 2026,,,,2050,,region,North,"Q:ECON1. How much do you trust the following politicians on economic and financial matters?
 Mel Stride, Shadow Chancellor",Best party on economy,trust.*econom,Trust a lot,Somewhat trust,Somewhat distrust,Distrust a lot,,,,,,,3.3,15.4,16.1,20.6,,,,,,,VI-2026-07-15-Opinium-Observer-Web-Tables-1227.xlsx,ECON1 (5)
"2,050 UK adults",15th - 17th July 2026,,,,2050,,region,Mids,"Q:ECON1. How much do you trust the following politicians on economic and financial matters?
 Mel Stride, Shadow Chancellor",Best party on economy,trust.*econom,Trust a lot,Somewhat trust,Somewhat distrust,Distrust a lot,,,,,,,2.0,13.5,20.0,18.5,,,,,,,VI-2026-07-15-Opinium-Observer-Web-Tables-1227.xlsx,ECON1 (5)
"2,050 UK adults",15th - 17th July 2026,,,,2050,,region,London,"Q:ECON1. How much do you trust the following politicians on economic and financial matters?
 Mel Stride, Shadow Chancellor",Best party on economy,trust.*econom,Trust a lot,Somewhat trust,Somewhat distrust,Distrust a lot,,,,,,,3.1,20.4,19.6,20.6,,,,,,,VI-2026-07-15-Opinium-Observer-Web-Tables-1227.xlsx,ECON1 (5)
"2,050 UK adults",15th - 17th July 2026,,,,2050,,region,South,"Q:ECON1. How much do you trust the following politicians on economic and financial matters?
 Mel Stride, Shadow Chancellor",Best party on economy,trust.*econom,Trust a lot,Somewhat trust,Somewhat distrust,Distrust a lot,,,,,,,2.3,14.6,19.5,21.1,,,,,,,VI-2026-07-15-Opinium-Observer-Web-Tables-1227.xlsx,ECON1 (5)
"2,050 UK adults",15th - 17th July 2026,,,,2050,,region,Wales,"Q:ECON1. How much do you trust the following politicians on economic and financial matters?
 Mel Stride, Shadow Chancellor",Best party on economy,trust.*econom,Trust a lot,Somewhat trust,Somewhat distrust,Distrust a lot,,,,,,,2.5,21.6,18.4,20.1,,,,,,,VI-2026-07-15-Opinium-Observer-Web-Tables-1227.xlsx,ECON1 (5)
"2,050 UK adults",15th - 17th July 2026,,,,2050,,region,Scotland,"Q:ECON1. How much do you trust the following politicians on economic and financial matters?
 Mel Stride, Shadow Chancellor",Best party on economy,trust.*econom,Trust a lot,Somewhat trust,Somewhat distrust,Distrust a lot,,,,,,,5.4,15.3,18.1,23.1,,,,,,,VI-2026-07-15-Opinium-Observer-Web-Tables-1227.xlsx,ECON1 (5)
"2,050 UK adults",15th - 17th July 2026,,,,2050,,region,Northern Ireland,"Q:ECON1. How much do you trust the following politicians on economic and financial matters?
 Mel Stride, Shadow Chancellor",Best party on economy,trust.*econom,Trust a lot,Somewhat trust,Somewhat distrust,Distrust a lot,,,,,,,,8.5,8.9,39.4,,,,,,,VI-2026-07-15-Opinium-Observer-Web-Tables-1227.xlsx,ECON1 (5)
"2,050 UK adults",15th - 17th July 2026,,,,2050,,total,Total,"Q:ECON1. How much do you trust the following politicians on economic and financial matters?
 Ed Davey, Lib Dem leader",Leader favourability (Davey),davey,Trust a lot,Somewhat trust,Somewhat distrust,Distrust a lot,,,,,,,3.9,23.2,18.9,21.4,,,,,,,VI-2026-07-15-Opinium-Observer-Web-Tables-1227.xlsx,ECON1 (6)
"2,050 UK adults",15th - 17th July 2026,,,,2050,,current_vote,Con,"Q:ECON1. How much do you trust the following politicians on economic and financial matters?
 Ed Davey, Lib Dem leader",Leader favourability (Davey),davey,Trust a lot,Somewhat trust,Somewhat distrust,Distrust a lot,,,,,,,1.9,20.4,25.4,20.4,,,,,,,VI-2026-07-15-Opinium-Observer-Web-Tables-1227.xlsx,ECON1 (6)
"2,050 UK adults",15th - 17th July 2026,,,,2050,,current_vote,Lab,"Q:ECON1. How much do you trust the following politicians on economic and financial matters?
 Ed Davey, Lib Dem leader",Leader favourability (Davey),davey,Trust a lot,Somewhat trust,Somewhat distrust,Distrust a lot,,,,,,,4.4,41.1,18.3,11.5,,,,,,,VI-2026-07-15-Opinium-Observer-Web-Tables-1227.xlsx,ECON1 (6)
"2,050 UK adults",15th - 17th July 2026,,,,2050,,current_vote,Lib Dem,"Q:ECON1. How much do you trust the following politicians on economic and financial matters?
 Ed Davey, Lib Dem leader",Leader favourability (Davey),davey,Trust a lot,Somewhat trust,Somewhat distrust,Distrust a lot,,,,,,,19.3,51.5,10.4,1.5,,,,,,,VI-2026-07-15-Opinium-Observer-Web-Tables-1227.xlsx,ECON1 (6)
"2,050 UK adults",15th - 17th July 2026,,,,2050,,current_vote,Reform,"Q:ECON1. How much do you trust the following politicians on economic and financial matters?
 Ed Davey, Lib Dem leader",Leader favourability (Davey),davey,Trust a lot,Somewhat trust,Somewhat distrust,Distrust a lot,,,,,,,1.6,11.6,23.0,43.4,,,,,,,VI-2026-07-15-Opinium-Observer-Web-Tables-1227.xlsx,ECON1 (6)
"2,050 UK adults",15th - 17th July 2026,,,,2050,,current_vote,Green,"Q:ECON1. How much do you trust the following politicians on economic and financial matters?
 Ed Davey, Lib Dem leader",Leader favourability (Davey),davey,Trust a lot,Somewhat trust,Somewhat distrust,Distrust a lot,,,,,,,4.6,27.3,22.7,15.9,,,,,,,VI-2026-07-15-Opinium-Observer-Web-Tables-1227.xlsx,ECON1 (6)
"2,050 UK adults",15th - 17th July 2026,,,,2050,,historic_vote,Conservative,"Q:ECON1. How much do you trust the following politicians on economic and financial matters?
 Ed Davey, Lib Dem leader",Leader favourability (Davey),davey,Trust a lot,Somewhat trust,Somewhat distrust,Distrust a lot,,,,,,,2.1,20.3,25.6,24.1,,,,,,,VI-2026-07-15-Opinium-Observer-Web-Tables-1227.xlsx,ECON1 (6)
"2,050 UK adults",15th - 17th July 2026,,,,2050,,historic_vote,Labour,"Q:ECON1. How much do you trust the following politicians on economic and financial matters?
 Ed Davey, Lib Dem leader",Leader favourability (Davey),davey,Trust a lot,Somewhat trust,Somewhat distrust,Distrust a lot,,,,,,,3.2,36.9,18.1,12.3,,,,,,,VI-2026-07-15-Opinium-Observer-Web-Tables-1227.xlsx,ECON1 (6)
"2,050 UK adults",15th - 17th July 2026,,,,2050,,historic_vote,Lib Dems,"Q:ECON1. How much do you trust the following politicians on economic and financial matters?
 Ed Davey, Lib Dem leader",Leader favourability (Davey),davey,Trust a lot,Somewhat trust,Somewhat distrust,Distrust a lot,,,,,,,15.0,48.0,13.1,2.3,,,,,,,VI-2026-07-15-Opinium-Observer-Web-Tables-1227.xlsx,ECON1 (6)
"2,050 UK adults",15th - 17th July 2026,,,,2050,,historic_vote,Green,"Q:ECON1. How much do you trust the following politicians on economic and financial matters?
 Ed Davey, Lib Dem leader",Leader favourability (Davey),davey,Trust a lot,Somewhat trust,Somewhat distrust,Distrust a lot,,,,,,,7.6,18.8,26.4,14.1,,,,,,,VI-2026-07-15-Opinium-Observer-Web-Tables-1227.xlsx,ECON1 (6)
"2,050 UK adults",15th - 17th July 2026,,,,2050,,historic_vote,Reform UK,"Q:ECON1. How much do you trust the following politicians on economic and financial matters?
 Ed Davey, Lib Dem leader",Leader favourability (Davey),davey,Trust a lot,Somewhat trust,Somewhat distrust,Distrust a lot,,,,,,,1.5,10.6,23.8,47.0,,,,,,,VI-2026-07-15-Opinium-Observer-Web-Tables-1227.xlsx,ECON1 (6)
"2,050 UK adults",15th - 17th July 2026,,,,2050,,historic_vote,Con,"Q:ECON1. How much do you trust the following politicians on economic and financial matters?
 Ed Davey, Lib Dem leader",Leader favourability (Davey),davey,Trust a lot,Somewhat trust,Somewhat distrust,Distrust a lot,,,,,,,2.0,18.5,23.6,27.5,,,,,,,VI-2026-07-15-Opinium-Observer-Web-Tables-1227.xlsx,ECON1 (6)
"2,050 UK adults",15th - 17th July 2026,,,,2050,,historic_vote,Lab,"Q:ECON1. How much do you trust the following politicians on economic and financial matters?
 Ed Davey, Lib Dem leader",Leader favourability (Davey),davey,Trust a lot,Somewhat trust,Somewhat distrust,Distrust a lot,,,,,,,3.5,34.3,17.9,15.4,,,,,,,VI-2026-07-15-Opinium-Observer-Web-Tables-1227.xlsx,ECON1 (6)
"2,050 UK adults",15th - 17th July 2026,,,,2050,,historic_vote,Lib Dem,"Q:ECON1. How much do you trust the following politicians on economic and financial matters?
 Ed Davey, Lib Dem leader",Leader favourability (Davey),davey,Trust a lot,Somewhat trust,Somewhat distrust,Distrust a lot,,,,,,,17.3,42.5,15.7,4.5,,,,,,,VI-2026-07-15-Opinium-Observer-Web-Tables-1227.xlsx,ECON1 (6)
"2,050 UK adults",15th - 17th July 2026,,,,2050,,historic_vote,Remain,"Q:ECON1. How much do you trust the following politicians on economic and financial matters?
 Ed Davey, Lib Dem leader",Leader favourability (Davey),davey,Trust a lot,Somewhat trust,Somewhat distrust,Distrust a lot,,,,,,,5.8,35.1,17.8,12.0,,,,,,,VI-2026-07-15-Opinium-Observer-Web-Tables-1227.xlsx,ECON1 (6)
"2,050 UK adults",15th - 17th July 2026,,,,2050,,historic_vote,Leave,"Q:ECON1. How much do you trust the following politicians on economic and financial matters?
 Ed Davey, Lib Dem leader",Leader favourability (Davey),davey,Trust a lot,Somewhat trust,Somewhat distrust,Distrust a lot,,,,,,,1.4,13.7,21.1,34.0,,,,,,,VI-2026-07-15-Opinium-Observer-Web-Tables-1227.xlsx,ECON1 (6)
"2,050 UK adults",15th - 17th July 2026,,,,2050,,gender,Male,"Q:ECON1. How much do you trust the following politicians on economic and financial matters?
 Ed Davey, Lib Dem leader",Leader favourability (Davey),davey,Trust a lot,Somewhat trust,Somewhat distrust,Distrust a lot,,,,,,,4.4,23.9,20.4,24.8,,,,,,,VI-2026-07-15-Opinium-Observer-Web-Tables-1227.xlsx,ECON1 (6)
"2,050 UK adults",15th - 17th July 2026,,,,2050,,gender,Female,"Q:ECON1. How much do you trust the following politicians on economic and financial matters?
 Ed Davey, Lib Dem leader",Leader favourability (Davey),davey,Trust a lot,Somewhat trust,Somewhat distrust,Distrust a lot,,,,,,,3.5,22.8,17.5,18.2,,,,,,,VI-2026-07-15-Opinium-Observer-Web-Tables-1227.xlsx,ECON1 (6)
"2,050 UK adults",15th - 17th July 2026,,,,2050,,age,18-34,"Q:ECON1. How much do you trust the following politicians on economic and financial matters?
 Ed Davey, Lib Dem leader",Leader favourability (Davey),davey,Trust a lot,Somewhat trust,Somewhat distrust,Distrust a lot,,,,,,,6.1,27.6,19.5,15.8,,,,,,,VI-2026-07-15-Opinium-Observer-Web-Tables-1227.xlsx,ECON1 (6)
"2,050 UK adults",15th - 17th July 2026,,,,2050,,age,35-49,"Q:ECON1. How much do you trust the following politicians on economic and financial matters?
 Ed Davey, Lib Dem leader",Leader favourability (Davey),davey,Trust a lot,Somewhat trust,Somewhat distrust,Distrust a lot,,,,,,,3.6,21.8,19.8,22.4,,,,,,,VI-2026-07-15-Opinium-Observer-Web-Tables-1227.xlsx,ECON1 (6)
"2,050 UK adults",15th - 17th July 2026,,,,2050,,age,50-64,"Q:ECON1. How much do you trust the following politicians on economic and financial matters?
 Ed Davey, Lib Dem leader",Leader favourability (Davey),davey,Trust a lot,Somewhat trust,Somewhat distrust,Distrust a lot,,,,,,,2.9,21.2,19.5,24.0,,,,,,,VI-2026-07-15-Opinium-Observer-Web-Tables-1227.xlsx,ECON1 (6)
"2,050 UK adults",15th - 17th July 2026,,,,2050,,age,65+,"Q:ECON1. How much do you trust the following politicians on economic and financial matters?
 Ed Davey, Lib Dem leader",Leader favourability (Davey),davey,Trust a lot,Somewhat trust,Somewhat distrust,Distrust a lot,,,,,,,2.6,21.5,16.5,24.0,,,,,,,VI-2026-07-15-Opinium-Observer-Web-Tables-1227.xlsx,ECON1 (6)
"2,050 UK adults",15th - 17th July 2026,,,,2050,,region,North,"Q:ECON1. How much do you trust the following politicians on economic and financial matters?
 Ed Davey, Lib Dem leader",Leader favourability (Davey),davey,Trust a lot,Somewhat trust,Somewhat distrust,Distrust a lot,,,,,,,5.2,25.7,17.6,19.1,,,,,,,VI-2026-07-15-Opinium-Observer-Web-Tables-1227.xlsx,ECON1 (6)
"2,050 UK adults",15th - 17th July 2026,,,,2050,,region,Mids,"Q:ECON1. How much do you trust the following politicians on economic and financial matters?
 Ed Davey, Lib Dem leader",Leader favourability (Davey),davey,Trust a lot,Somewhat trust,Somewhat distrust,Distrust a lot,,,,,,,2.3,23.9,18.3,20.5,,,,,,,VI-2026-07-15-Opinium-Observer-Web-Tables-1227.xlsx,ECON1 (6)
"2,050 UK adults",15th - 17th July 2026,,,,2050,,region,London,"Q:ECON1. How much do you trust the following politicians on economic and financial matters?
 Ed Davey, Lib Dem leader",Leader favourability (Davey),davey,Trust a lot,Somewhat trust,Somewhat distrust,Distrust a lot,,,,,,,3.9,28.5,18.4,18.0,,,,,,,VI-2026-07-15-Opinium-Observer-Web-Tables-1227.xlsx,ECON1 (6)
"2,050 UK adults",15th - 17th July 2026,,,,2050,,region,South,"Q:ECON1. How much do you trust the following politicians on economic and financial matters?
 Ed Davey, Lib Dem leader",Leader favourability (Davey),davey,Trust a lot,Somewhat trust,Somewhat distrust,Distrust a lot,,,,,,,4.3,19.4,21.1,21.7,,,,,,,VI-2026-07-15-Opinium-Observer-Web-Tables-1227.xlsx,ECON1 (6)
"2,050 UK adults",15th - 17th July 2026,,,,2050,,region,Wales,"Q:ECON1. How much do you trust the following politicians on economic and financial matters?
 Ed Davey, Lib Dem leader",Leader favourability (Davey),davey,Trust a lot,Somewhat trust,Somewhat distrust,Distrust a lot,,,,,,,3.2,20.3,20.2,22.4,,,,,,,VI-2026-07-15-Opinium-Observer-Web-Tables-1227.xlsx,ECON1 (6)
"2,050 UK adults",15th - 17th July 2026,,,,2050,,region,Scotland,"Q:ECON1. How much do you trust the following politicians on economic and financial matters?
 Ed Davey, Lib Dem leader",Leader favourability (Davey),davey,Trust a lot,Somewhat trust,Somewhat distrust,Distrust a lot,,,,,,,3.3,27.8,15.3,25.9,,,,,,,VI-2026-07-15-Opinium-Observer-Web-Tables-1227.xlsx,ECON1 (6)
"2,050 UK adults",15th - 17th July 2026,,,,2050,,region,Northern Ireland,"Q:ECON1. How much do you trust the following politicians on economic and financial matters?
 Ed Davey, Lib Dem leader",Leader favourability (Davey),davey,Trust a lot,Somewhat trust,Somewhat distrust,Distrust a lot,,,,,,,,7.3,17.6,42.5,,,,,,,VI-2026-07-15-Opinium-Observer-Web-Tables-1227.xlsx,ECON1 (6)
"2,050 UK adults",15th - 17th July 2026,,,,2050,,total,Total,"Q:ECON1. How much do you trust the following politicians on economic and financial matters?
 Nigel Farage, Reform UK leader",Leader favourability (Farage),farage,Trust a lot,Somewhat trust,Somewhat distrust,Distrust a lot,,,,,,,8.8,17.4,12.9,46.9,,,,,,,VI-2026-07-15-Opinium-Observer-Web-Tables-1227.xlsx,ECON1 (7)
"2,050 UK adults",15th - 17th July 2026,,,,2050,,current_vote,Con,"Q:ECON1. How much do you trust the following politicians on economic and financial matters?
 Nigel Farage, Reform UK leader",Leader favourability (Farage),farage,Trust a lot,Somewhat trust,Somewhat distrust,Distrust a lot,,,,,,,3.4,20.6,25.0,38.6,,,,,,,VI-2026-07-15-Opinium-Observer-Web-Tables-1227.xlsx,ECON1 (7)
"2,050 UK adults",15th - 17th July 2026,,,,2050,,current_vote,Lab,"Q:ECON1. How much do you trust the following politicians on economic and financial matters?
 Nigel Farage, Reform UK leader",Leader favourability (Farage),farage,Trust a lot,Somewhat trust,Somewhat distrust,Distrust a lot,,,,,,,4.9,12.7,8.1,67.0,,,,,,,VI-2026-07-15-Opinium-Observer-Web-Tables-1227.xlsx,ECON1 (7)
"2,050 UK adults",15th - 17th July 2026,,,,2050,,current_vote,Lib Dem,"Q:ECON1. How much do you trust the following politicians on economic and financial matters?
 Nigel Farage, Reform UK leader",Leader favourability (Farage),farage,Trust a lot,Somewhat trust,Somewhat distrust,Distrust a lot,,,,,,,4.5,5.5,9.3,70.2,,,,,,,VI-2026-07-15-Opinium-Observer-Web-Tables-1227.xlsx,ECON1 (7)
"2,050 UK adults",15th - 17th July 2026,,,,2050,,current_vote,Reform,"Q:ECON1. How much do you trust the following politicians on economic and financial matters?
 Nigel Farage, Reform UK leader",Leader favourability (Farage),farage,Trust a lot,Somewhat trust,Somewhat distrust,Distrust a lot,,,,,,,37.5,44.9,9.1,3.1,,,,,,,VI-2026-07-15-Opinium-Observer-Web-Tables-1227.xlsx,ECON1 (7)
"2,050 UK adults",15th - 17th July 2026,,,,2050,,current_vote,Green,"Q:ECON1. How much do you trust the following politicians on economic and financial matters?
 Nigel Farage, Reform UK leader",Leader favourability (Farage),farage,Trust a lot,Somewhat trust,Somewhat distrust,Distrust a lot,,,,,,,2.4,3.9,6.8,80.0,,,,,,,VI-2026-07-15-Opinium-Observer-Web-Tables-1227.xlsx,ECON1 (7)
"2,050 UK adults",15th - 17th July 2026,,,,2050,,historic_vote,Conservative,"Q:ECON1. How much do you trust the following politicians on economic and financial matters?
 Nigel Farage, Reform UK leader",Leader favourability (Farage),farage,Trust a lot,Somewhat trust,Somewhat distrust,Distrust a lot,,,,,,,8.3,24.8,21.5,35.1,,,,,,,VI-2026-07-15-Opinium-Observer-Web-Tables-1227.xlsx,ECON1 (7)
"2,050 UK adults",15th - 17th July 2026,,,,2050,,historic_vote,Labour,"Q:ECON1. How much do you trust the following politicians on economic and financial matters?
 Nigel Farage, Reform UK leader",Leader favourability (Farage),farage,Trust a lot,Somewhat trust,Somewhat distrust,Distrust a lot,,,,,,,4.5,13.4,9.5,64.8,,,,,,,VI-2026-07-15-Opinium-Observer-Web-Tables-1227.xlsx,ECON1 (7)
"2,050 UK adults",15th - 17th July 2026,,,,2050,,historic_vote,Lib Dems,"Q:ECON1. How much do you trust the following politicians on economic and financial matters?
 Nigel Farage, Reform UK leader",Leader favourability (Farage),farage,Trust a lot,Somewhat trust,Somewhat distrust,Distrust a lot,,,,,,,5.5,7.3,9.1,65.8,,,,,,,VI-2026-07-15-Opinium-Observer-Web-Tables-1227.xlsx,ECON1 (7)
"2,050 UK adults",15th - 17th July 2026,,,,2050,,historic_vote,Green,"Q:ECON1. How much do you trust the following politicians on economic and financial matters?
 Nigel Farage, Reform UK leader",Leader favourability (Farage),farage,Trust a lot,Somewhat trust,Somewhat distrust,Distrust a lot,,,,,,,2.7,7.6,6.7,77.6,,,,,,,VI-2026-07-15-Opinium-Observer-Web-Tables-1227.xlsx,ECON1 (7)
"2,050 UK adults",15th - 17th July 2026,,,,2050,,historic_vote,Reform UK,"Q:ECON1. How much do you trust the following politicians on economic and financial matters?
 Nigel Farage, Reform UK leader",Leader favourability (Farage),farage,Trust a lot,Somewhat trust,Somewhat distrust,Distrust a lot,,,,,,,38.1,39.3,10.9,5.6,,,,,,,VI-2026-07-15-Opinium-Observer-Web-Tables-1227.xlsx,ECON1 (7)
"2,050 UK adults",15th - 17th July 2026,,,,2050,,historic_vote,Con,"Q:ECON1. How much do you trust the following politicians on economic and financial matters?
 Nigel Farage, Reform UK leader",Leader favourability (Farage),farage,Trust a lot,Somewhat trust,Somewhat distrust,Distrust a lot,,,,,,,12.2,27.9,20.2,29.5,,,,,,,VI-2026-07-15-Opinium-Observer-Web-Tables-1227.xlsx,ECON1 (7)
"2,050 UK adults",15th - 17th July 2026,,,,2050,,historic_vote,Lab,"Q:ECON1. How much do you trust the following politicians on economic and financial matters?
 Nigel Farage, Reform UK leader",Leader favourability (Farage),farage,Trust a lot,Somewhat trust,Somewhat distrust,Distrust a lot,,,,,,,5.4,9.7,6.5,70.3,,,,,,,VI-2026-07-15-Opinium-Observer-Web-Tables-1227.xlsx,ECON1 (7)
"2,050 UK adults",15th - 17th July 2026,,,,2050,,historic_vote,Lib Dem,"Q:ECON1. How much do you trust the following politicians on economic and financial matters?
 Nigel Farage, Reform UK leader",Leader favourability (Farage),farage,Trust a lot,Somewhat trust,Somewhat distrust,Distrust a lot,,,,,,,3.8,5.8,7.9,73.2,,,,,,,VI-2026-07-15-Opinium-Observer-Web-Tables-1227.xlsx,ECON1 (7)
"2,050 UK adults",15th - 17th July 2026,,,,2050,,historic_vote,Remain,"Q:ECON1. How much do you trust the following politicians on economic and financial matters?
 Nigel Farage, Reform UK leader",Leader favourability (Farage),farage,Trust a lot,Somewhat trust,Somewhat distrust,Distrust a lot,,,,,,,4.3,7.9,10.3,68.6,,,,,,,VI-2026-07-15-Opinium-Observer-Web-Tables-1227.xlsx,ECON1 (7)
"2,050 UK adults",15th - 17th July 2026,,,,2050,,historic_vote,Leave,"Q:ECON1. How much do you trust the following politicians on economic and financial matters?
 Nigel Farage, Reform UK leader",Leader favourability (Farage),farage,Trust a lot,Somewhat trust,Somewhat distrust,Distrust a lot,,,,,,,14.6,28.0,16.4,29.7,,,,,,,VI-2026-07-15-Opinium-Observer-Web-Tables-1227.xlsx,ECON1 (7)
"2,050 UK adults",15th - 17th July 2026,,,,2050,,gender,Male,"Q:ECON1. How much do you trust the following politicians on economic and financial matters?
 Nigel Farage, Reform UK leader",Leader favourability (Farage),farage,Trust a lot,Somewhat trust,Somewhat distrust,Distrust a lot,,,,,,,12.1,20.2,12.5,43.6,,,,,,,VI-2026-07-15-Opinium-Observer-Web-Tables-1227.xlsx,ECON1 (7)
"2,050 UK adults",15th - 17th July 2026,,,,2050,,gender,Female,"Q:ECON1. How much do you trust the following politicians on economic and financial matters?
 Nigel Farage, Reform UK leader",Leader favourability (Farage),farage,Trust a lot,Somewhat trust,Somewhat distrust,Distrust a lot,,,,,,,5.9,14.9,13.2,49.7,,,,,,,VI-2026-07-15-Opinium-Observer-Web-Tables-1227.xlsx,ECON1 (7)
"2,050 UK adults",15th - 17th July 2026,,,,2050,,age,18-34,"Q:ECON1. How much do you trust the following politicians on economic and financial matters?
 Nigel Farage, Reform UK leader",Leader favourability (Farage),farage,Trust a lot,Somewhat trust,Somewhat distrust,Distrust a lot,,,,,,,10.6,19.1,12.3,43.7,,,,,,,VI-2026-07-15-Opinium-Observer-Web-Tables-1227.xlsx,ECON1 (7)
"2,050 UK adults",15th - 17th July 2026,,,,2050,,age,35-49,"Q:ECON1. How much do you trust the following politicians on economic and financial matters?
 Nigel Farage, Reform UK leader",Leader favourability (Farage),farage,Trust a lot,Somewhat trust,Somewhat distrust,Distrust a lot,,,,,,,8.6,14.9,11.2,51.8,,,,,,,VI-2026-07-15-Opinium-Observer-Web-Tables-1227.xlsx,ECON1 (7)
"2,050 UK adults",15th - 17th July 2026,,,,2050,,age,50-64,"Q:ECON1. How much do you trust the following politicians on economic and financial matters?
 Nigel Farage, Reform UK leader",Leader favourability (Farage),farage,Trust a lot,Somewhat trust,Somewhat distrust,Distrust a lot,,,,,,,6.6,16.6,13.8,46.8,,,,,,,VI-2026-07-15-Opinium-Observer-Web-Tables-1227.xlsx,ECON1 (7)
"2,050 UK adults",15th - 17th July 2026,,,,2050,,age,65+,"Q:ECON1. How much do you trust the following politicians on economic and financial matters?
 Nigel Farage, Reform UK leader",Leader favourability (Farage),farage,Trust a lot,Somewhat trust,Somewhat distrust,Distrust a lot,,,,,,,9.5,18.6,14.3,45.9,,,,,,,VI-2026-07-15-Opinium-Observer-Web-Tables-1227.xlsx,ECON1 (7)
"2,050 UK adults",15th - 17th July 2026,,,,2050,,region,North,"Q:ECON1. How much do you trust the following politicians on economic and financial matters?
 Nigel Farage, Reform UK leader",Leader favourability (Farage),farage,Trust a lot,Somewhat trust,Somewhat distrust,Distrust a lot,,,,,,,8.2,17.5,14.0,45.9,,,,,,,VI-2026-07-15-Opinium-Observer-Web-Tables-1227.xlsx,ECON1 (7)
"2,050 UK adults",15th - 17th July 2026,,,,2050,,region,Mids,"Q:ECON1. How much do you trust the following politicians on economic and financial matters?
 Nigel Farage, Reform UK leader",Leader favourability (Farage),farage,Trust a lot,Somewhat trust,Somewhat distrust,Distrust a lot,,,,,,,10.4,14.8,15.1,45.4,,,,,,,VI-2026-07-15-Opinium-Observer-Web-Tables-1227.xlsx,ECON1 (7)
"2,050 UK adults",15th - 17th July 2026,,,,2050,,region,London,"Q:ECON1. How much do you trust the following politicians on economic and financial matters?
 Nigel Farage, Reform UK leader",Leader favourability (Farage),farage,Trust a lot,Somewhat trust,Somewhat distrust,Distrust a lot,,,,,,,10.0,21.3,11.9,43.9,,,,,,,VI-2026-07-15-Opinium-Observer-Web-Tables-1227.xlsx,ECON1 (7)
"2,050 UK adults",15th - 17th July 2026,,,,2050,,region,South,"Q:ECON1. How much do you trust the following politicians on economic and financial matters?
 Nigel Farage, Reform UK leader",Leader favourability (Farage),farage,Trust a lot,Somewhat trust,Somewhat distrust,Distrust a lot,,,,,,,8.3,17.7,12.5,47.0,,,,,,,VI-2026-07-15-Opinium-Observer-Web-Tables-1227.xlsx,ECON1 (7)
"2,050 UK adults",15th - 17th July 2026,,,,2050,,region,Wales,"Q:ECON1. How much do you trust the following politicians on economic and financial matters?
 Nigel Farage, Reform UK leader",Leader favourability (Farage),farage,Trust a lot,Somewhat trust,Somewhat distrust,Distrust a lot,,,,,,,9.8,15.0,9.9,54.8,,,,,,,VI-2026-07-15-Opinium-Observer-Web-Tables-1227.xlsx,ECON1 (7)
"2,050 UK adults",15th - 17th July 2026,,,,2050,,region,Scotland,"Q:ECON1. How much do you trust the following politicians on economic and financial matters?
 Nigel Farage, Reform UK leader",Leader favourability (Farage),farage,Trust a lot,Somewhat trust,Somewhat distrust,Distrust a lot,,,,,,,9.6,16.1,9.5,52.1,,,,,,,VI-2026-07-15-Opinium-Observer-Web-Tables-1227.xlsx,ECON1 (7)
"2,050 UK adults",15th - 17th July 2026,,,,2050,,region,Northern Ireland,"Q:ECON1. How much do you trust the following politicians on economic and financial matters?
 Nigel Farage, Reform UK leader",Leader favourability (Farage),farage,Trust a lot,Somewhat trust,Somewhat distrust,Distrust a lot,,,,,,,2.0,17.0,16.0,48.9,,,,,,,VI-2026-07-15-Opinium-Observer-Web-Tables-1227.xlsx,ECON1 (7)
"2,050 UK adults",15th - 17th July 2026,,,,2050,,total,Total,"Q:ECON1. How much do you trust the following politicians on economic and financial matters?
 Robert Jenrick, Reform UK economic spokesman",Best party on economy,trust.*econom,Trust a lot,Somewhat trust,Somewhat distrust,Distrust a lot,,,,,,,5.1,16.1,13.7,39.3,,,,,,,VI-2026-07-15-Opinium-Observer-Web-Tables-1227.xlsx,ECON1 (8)
"2,050 UK adults",15th - 17th July 2026,,,,2050,,current_vote,Con,"Q:ECON1. How much do you trust the following politicians on economic and financial matters?
 Robert Jenrick, Reform UK economic spokesman",Best party on economy,trust.*econom,Trust a lot,Somewhat trust,Somewhat distrust,Distrust a lot,,,,,,,3.0,15.0,22.9,33.1,,,,,,,VI-2026-07-15-Opinium-Observer-Web-Tables-1227.xlsx,ECON1 (8)
"2,050 UK adults",15th - 17th July 2026,,,,2050,,current_vote,Lab,"Q:ECON1. How much do you trust the following politicians on economic and financial matters?
 Robert Jenrick, Reform UK economic spokesman",Best party on economy,trust.*econom,Trust a lot,Somewhat trust,Somewhat distrust,Distrust a lot,,,,,,,3.1,14.2,12.1,57.8,,,,,,,VI-2026-07-15-Opinium-Observer-Web-Tables-1227.xlsx,ECON1 (8)
"2,050 UK adults",15th - 17th July 2026,,,,2050,,current_vote,Lib Dem,"Q:ECON1. How much do you trust the following politicians on economic and financial matters?
 Robert Jenrick, Reform UK economic spokesman",Best party on economy,trust.*econom,Trust a lot,Somewhat trust,Somewhat distrust,Distrust a lot,,,,,,,3.7,7.4,12.7,56.8,,,,,,,VI-2026-07-15-Opinium-Observer-Web-Tables-1227.xlsx,ECON1 (8)
"2,050 UK adults",15th - 17th July 2026,,,,2050,,current_vote,Reform,"Q:ECON1. How much do you trust the following politicians on economic and financial matters?
 Robert Jenrick, Reform UK economic spokesman",Best party on economy,trust.*econom,Trust a lot,Somewhat trust,Somewhat distrust,Distrust a lot,,,,,,,18.5,44.8,10.8,5.6,,,,,,,VI-2026-07-15-Opinium-Observer-Web-Tables-1227.xlsx,ECON1 (8)
"2,050 UK adults",15th - 17th July 2026,,,,2050,,current_vote,Green,"Q:ECON1. How much do you trust the following politicians on economic and financial matters?
 Robert Jenrick, Reform UK economic spokesman",Best party on economy,trust.*econom,Trust a lot,Somewhat trust,Somewhat distrust,Distrust a lot,,,,,,,0.8,7.7,12.0,67.0,,,,,,,VI-2026-07-15-Opinium-Observer-Web-Tables-1227.xlsx,ECON1 (8)
"2,050 UK adults",15th - 17th July 2026,,,,2050,,historic_vote,Conservative,"Q:ECON1. How much do you trust the following politicians on economic and financial matters?
 Robert Jenrick, Reform UK economic spokesman",Best party on economy,trust.*econom,Trust a lot,Somewhat trust,Somewhat distrust,Distrust a lot,,,,,,,6.6,20.6,17.9,31.3,,,,,,,VI-2026-07-15-Opinium-Observer-Web-Tables-1227.xlsx,ECON1 (8)
"2,050 UK adults",15th - 17th July 2026,,,,2050,,historic_vote,Labour,"Q:ECON1. How much do you trust the following politicians on economic and financial matters?
 Robert Jenrick, Reform UK economic spokesman",Best party on economy,trust.*econom,Trust a lot,Somewhat trust,Somewhat distrust,Distrust a lot,,,,,,,2.2,12.2,11.9,57.6,,,,,,,VI-2026-07-15-Opinium-Observer-Web-Tables-1227.xlsx,ECON1 (8)
"2,050 UK adults",15th - 17th July 2026,,,,2050,,historic_vote,Lib Dems,"Q:ECON1. How much do you trust the following politicians on economic and financial matters?
 Robert Jenrick, Reform UK economic spokesman",Best party on economy,trust.*econom,Trust a lot,Somewhat trust,Somewhat distrust,Distrust a lot,,,,,,,4.8,6.3,13.3,54.5,,,,,,,VI-2026-07-15-Opinium-Observer-Web-Tables-1227.xlsx,ECON1 (8)
"2,050 UK adults",15th - 17th July 2026,,,,2050,,historic_vote,Green,"Q:ECON1. How much do you trust the following politicians on economic and financial matters?
 Robert Jenrick, Reform UK economic spokesman",Best party on economy,trust.*econom,Trust a lot,Somewhat trust,Somewhat distrust,Distrust a lot,,,,,,,0.7,8.2,12.7,64.1,,,,,,,VI-2026-07-15-Opinium-Observer-Web-Tables-1227.xlsx,ECON1 (8)
"2,050 UK adults",15th - 17th July 2026,,,,2050,,historic_vote,Reform UK,"Q:ECON1. How much do you trust the following politicians on economic and financial matters?
 Robert Jenrick, Reform UK economic spokesman",Best party on economy,trust.*econom,Trust a lot,Somewhat trust,Somewhat distrust,Distrust a lot,,,,,,,19.6,45.6,9.0,8.3,,,,,,,VI-2026-07-15-Opinium-Observer-Web-Tables-1227.xlsx,ECON1 (8)
"2,050 UK adults",15th - 17th July 2026,,,,2050,,historic_vote,Con,"Q:ECON1. How much do you trust the following politicians on economic and financial matters?
 Robert Jenrick, Reform UK economic spokesman",Best party on economy,trust.*econom,Trust a lot,Somewhat trust,Somewhat distrust,Distrust a lot,,,,,,,7.3,24.2,18.7,25.5,,,,,,,VI-2026-07-15-Opinium-Observer-Web-Tables-1227.xlsx,ECON1 (8)
"2,050 UK adults",15th - 17th July 2026,,,,2050,,historic_vote,Lab,"Q:ECON1. How much do you trust the following politicians on economic and financial matters?
 Robert Jenrick, Reform UK economic spokesman",Best party on economy,trust.*econom,Trust a lot,Somewhat trust,Somewhat distrust,Distrust a lot,,,,,,,2.6,11.6,7.2,64.2,,,,,,,VI-2026-07-15-Opinium-Observer-Web-Tables-1227.xlsx,ECON1 (8)
"2,050 UK adults",15th - 17th July 2026,,,,2050,,historic_vote,Lib Dem,"Q:ECON1. How much do you trust the following politicians on economic and financial matters?
 Robert Jenrick, Reform UK economic spokesman",Best party on economy,trust.*econom,Trust a lot,Somewhat trust,Somewhat distrust,Distrust a lot,,,,,,,3.0,6.0,11.2,62.2,,,,,,,VI-2026-07-15-Opinium-Observer-Web-Tables-1227.xlsx,ECON1 (8)
"2,050 UK adults",15th - 17th July 2026,,,,2050,,historic_vote,Remain,"Q:ECON1. How much do you trust the following politicians on economic and financial matters?
 Robert Jenrick, Reform UK economic spokesman",Best party on economy,trust.*econom,Trust a lot,Somewhat trust,Somewhat distrust,Distrust a lot,,,,,,,2.6,9.1,11.8,58.9,,,,,,,VI-2026-07-15-Opinium-Observer-Web-Tables-1227.xlsx,ECON1 (8)
"2,050 UK adults",15th - 17th July 2026,,,,2050,,historic_vote,Leave,"Q:ECON1. How much do you trust the following politicians on economic and financial matters?
 Robert Jenrick, Reform UK economic spokesman",Best party on economy,trust.*econom,Trust a lot,Somewhat trust,Somewhat distrust,Distrust a lot,,,,,,,8.2,23.9,14.9,27.0,,,,,,,VI-2026-07-15-Opinium-Observer-Web-Tables-1227.xlsx,ECON1 (8)
"2,050 UK adults",15th - 17th July 2026,,,,2050,,gender,Male,"Q:ECON1. How much do you trust the following politicians on economic and financial matters?
 Robert Jenrick, Reform UK economic spokesman",Best party on economy,trust.*econom,Trust a lot,Somewhat trust,Somewhat distrust,Distrust a lot,,,,,,,7.0,20.4,14.0,37.4,,,,,,,VI-2026-07-15-Opinium-Observer-Web-Tables-1227.xlsx,ECON1 (8)
"2,050 UK adults",15th - 17th July 2026,,,,2050,,gender,Female,"Q:ECON1. How much do you trust the following politicians on economic and financial matters?
 Robert Jenrick, Reform UK economic spokesman",Best party on economy,trust.*econom,Trust a lot,Somewhat trust,Somewhat distrust,Distrust a lot,,,,,,,3.5,12.3,13.6,40.6,,,,,,,VI-2026-07-15-Opinium-Observer-Web-Tables-1227.xlsx,ECON1 (8)
"2,050 UK adults",15th - 17th July 2026,,,,2050,,age,18-34,"Q:ECON1. How much do you trust the following politicians on economic and financial matters?
 Robert Jenrick, Reform UK economic spokesman",Best party on economy,trust.*econom,Trust a lot,Somewhat trust,Somewhat distrust,Distrust a lot,,,,,,,6.2,20.4,16.7,33.2,,,,,,,VI-2026-07-15-Opinium-Observer-Web-Tables-1227.xlsx,ECON1 (8)
"2,050 UK adults",15th - 17th July 2026,,,,2050,,age,35-49,"Q:ECON1. How much do you trust the following politicians on economic and financial matters?
 Robert Jenrick, Reform UK economic spokesman",Best party on economy,trust.*econom,Trust a lot,Somewhat trust,Somewhat distrust,Distrust a lot,,,,,,,5.6,14.3,12.1,43.8,,,,,,,VI-2026-07-15-Opinium-Observer-Web-Tables-1227.xlsx,ECON1 (8)
"2,050 UK adults",15th - 17th July 2026,,,,2050,,age,50-64,"Q:ECON1. How much do you trust the following politicians on economic and financial matters?
 Robert Jenrick, Reform UK economic spokesman",Best party on economy,trust.*econom,Trust a lot,Somewhat trust,Somewhat distrust,Distrust a lot,,,,,,,3.5,13.8,12.4,41.5,,,,,,,VI-2026-07-15-Opinium-Observer-Web-Tables-1227.xlsx,ECON1 (8)
"2,050 UK adults",15th - 17th July 2026,,,,2050,,age,65+,"Q:ECON1. How much do you trust the following politicians on economic and financial matters?
 Robert Jenrick, Reform UK economic spokesman",Best party on economy,trust.*econom,Trust a lot,Somewhat trust,Somewhat distrust,Distrust a lot,,,,,,,5.3,15.5,13.1,39.6,,,,,,,VI-2026-07-15-Opinium-Observer-Web-Tables-1227.xlsx,ECON1 (8)
"2,050 UK adults",15th - 17th July 2026,,,,2050,,region,North,"Q:ECON1. How much do you trust the following politicians on economic and financial matters?
 Robert Jenrick, Reform UK economic spokesman",Best party on economy,trust.*econom,Trust a lot,Somewhat trust,Somewhat distrust,Distrust a lot,,,,,,,5.1,15.3,13.5,38.6,,,,,,,VI-2026-07-15-Opinium-Observer-Web-Tables-1227.xlsx,ECON1 (8)
"2,050 UK adults",15th - 17th July 2026,,,,2050,,region,Mids,"Q:ECON1. How much do you trust the following politicians on economic and financial matters?
 Robert Jenrick, Reform UK economic spokesman",Best party on economy,trust.*econom,Trust a lot,Somewhat trust,Somewhat distrust,Distrust a lot,,,,,,,6.1,16.3,15.1,37.3,,,,,,,VI-2026-07-15-Opinium-Observer-Web-Tables-1227.xlsx,ECON1 (8)
"2,050 UK adults",15th - 17th July 2026,,,,2050,,region,London,"Q:ECON1. How much do you trust the following politicians on economic and financial matters?
 Robert Jenrick, Reform UK economic spokesman",Best party on economy,trust.*econom,Trust a lot,Somewhat trust,Somewhat distrust,Distrust a lot,,,,,,,3.5,24.3,9.6,37.8,,,,,,,VI-2026-07-15-Opinium-Observer-Web-Tables-1227.xlsx,ECON1 (8)
"2,050 UK adults",15th - 17th July 2026,,,,2050,,region,South,"Q:ECON1. How much do you trust the following politicians on economic and financial matters?
 Robert Jenrick, Reform UK economic spokesman",Best party on economy,trust.*econom,Trust a lot,Somewhat trust,Somewhat distrust,Distrust a lot,,,,,,,4.8,14.6,15.4,40.1,,,,,,,VI-2026-07-15-Opinium-Observer-Web-Tables-1227.xlsx,ECON1 (8)
"2,050 UK adults",15th - 17th July 2026,,,,2050,,region,Wales,"Q:ECON1. How much do you trust the following politicians on economic and financial matters?
 Robert Jenrick, Reform UK economic spokesman",Best party on economy,trust.*econom,Trust a lot,Somewhat trust,Somewhat distrust,Distrust a lot,,,,,,,12.2,6.8,13.6,44.9,,,,,,,VI-2026-07-15-Opinium-Observer-Web-Tables-1227.xlsx,ECON1 (8)
"2,050 UK adults",15th - 17th July 2026,,,,2050,,region,Scotland,"Q:ECON1. How much do you trust the following politicians on economic and financial matters?
 Robert Jenrick, Reform UK economic spokesman",Best party on economy,trust.*econom,Trust a lot,Somewhat trust,Somewhat distrust,Distrust a lot,,,,,,,4.7,17.4,13.3,40.5,,,,,,,VI-2026-07-15-Opinium-Observer-Web-Tables-1227.xlsx,ECON1 (8)
"2,050 UK adults",15th - 17th July 2026,,,,2050,,region,Northern Ireland,"Q:ECON1. How much do you trust the following politicians on economic and financial matters?
 Robert Jenrick, Reform UK economic spokesman",Best party on economy,trust.*econom,Trust a lot,Somewhat trust,Somewhat distrust,Distrust a lot,,,,,,,2.0,14.8,7.4,42.0,,,,,,,VI-2026-07-15-Opinium-Observer-Web-Tables-1227.xlsx,ECON1 (8)
"2,050 UK adults",15th - 17th July 2026,,,,2050,,total,Total,"Q:ECON1. How much do you trust the following politicians on economic and financial matters?
 Zack Polanski, Green Party of England and Wales leader",Leader favourability (Polanski),polanski,Trust a lot,Somewhat trust,Somewhat distrust,Distrust a lot,,,,,,,6.8,18.7,15.1,33.7,,,,,,,VI-2026-07-15-Opinium-Observer-Web-Tables-1227.xlsx,ECON1 (9)
"2,050 UK adults",15th - 17th July 2026,,,,2050,,current_vote,Con,"Q:ECON1. How much do you trust the following politicians on economic and financial matters?
 Zack Polanski, Green Party of England and Wales leader",Leader favourability (Polanski),polanski,Trust a lot,Somewhat trust,Somewhat distrust,Distrust a lot,,,,,,,1.9,10.9,14.5,52.1,,,,,,,VI-2026-07-15-Opinium-Observer-Web-Tables-1227.xlsx,ECON1 (9)
"2,050 UK adults",15th - 17th July 2026,,,,2050,,current_vote,Lab,"Q:ECON1. How much do you trust the following politicians on economic and financial matters?
 Zack Polanski, Green Party of England and Wales leader",Leader favourability (Polanski),polanski,Trust a lot,Somewhat trust,Somewhat distrust,Distrust a lot,,,,,,,7.2,31.1,19.9,20.8,,,,,,,VI-2026-07-15-Opinium-Observer-Web-Tables-1227.xlsx,ECON1 (9)
"2,050 UK adults",15th - 17th July 2026,,,,2050,,current_vote,Lib Dem,"Q:ECON1. How much do you trust the following politicians on economic and financial matters?
 Zack Polanski, Green Party of England and Wales leader",Leader favourability (Polanski),polanski,Trust a lot,Somewhat trust,Somewhat distrust,Distrust a lot,,,,,,,3.1,27.3,23.6,22.7,,,,,,,VI-2026-07-15-Opinium-Observer-Web-Tables-1227.xlsx,ECON1 (9)
"2,050 UK adults",15th - 17th July 2026,,,,2050,,current_vote,Reform,"Q:ECON1. How much do you trust the following politicians on economic and financial matters?
 Zack Polanski, Green Party of England and Wales leader",Leader favourability (Polanski),polanski,Trust a lot,Somewhat trust,Somewhat distrust,Distrust a lot,,,,,,,2.6,7.1,13.0,61.7,,,,,,,VI-2026-07-15-Opinium-Observer-Web-Tables-1227.xlsx,ECON1 (9)
"2,050 UK adults",15th - 17th July 2026,,,,2050,,current_vote,Green,"Q:ECON1. How much do you trust the following politicians on economic and financial matters?
 Zack Polanski, Green Party of England and Wales leader",Leader favourability (Polanski),polanski,Trust a lot,Somewhat trust,Somewhat distrust,Distrust a lot,,,,,,,34.7,46.6,7.4,3.4,,,,,,,VI-2026-07-15-Opinium-Observer-Web-Tables-1227.xlsx,ECON1 (9)
"2,050 UK adults",15th - 17th July 2026,,,,2050,,historic_vote,Conservative,"Q:ECON1. How much do you trust the following politicians on economic and financial matters?
 Zack Polanski, Green Party of England and Wales leader",Leader favourability (Polanski),polanski,Trust a lot,Somewhat trust,Somewhat distrust,Distrust a lot,,,,,,,1.9,8.1,14.6,58.0,,,,,,,VI-2026-07-15-Opinium-Observer-Web-Tables-1227.xlsx,ECON1 (9)
"2,050 UK adults",15th - 17th July 2026,,,,2050,,historic_vote,Labour,"Q:ECON1. How much do you trust the following politicians on economic and financial matters?
 Zack Polanski, Green Party of England and Wales leader",Leader favourability (Polanski),polanski,Trust a lot,Somewhat trust,Somewhat distrust,Distrust a lot,,,,,,,9.1,28.4,17.8,21.4,,,,,,,VI-2026-07-15-Opinium-Observer-Web-Tables-1227.xlsx,ECON1 (9)
"2,050 UK adults",15th - 17th July 2026,,,,2050,,historic_vote,Lib Dems,"Q:ECON1. How much do you trust the following politicians on economic and financial matters?
 Zack Polanski, Green Party of England and Wales leader",Leader favourability (Polanski),polanski,Trust a lot,Somewhat trust,Somewhat distrust,Distrust a lot,,,,,,,2.3,25.5,24.9,21.8,,,,,,,VI-2026-07-15-Opinium-Observer-Web-Tables-1227.xlsx,ECON1 (9)
"2,050 UK adults",15th - 17th July 2026,,,,2050,,historic_vote,Green,"Q:ECON1. How much do you trust the following politicians on economic and financial matters?
 Zack Polanski, Green Party of England and Wales leader",Leader favourability (Polanski),polanski,Trust a lot,Somewhat trust,Somewhat distrust,Distrust a lot,,,,,,,31.7,29.2,16.1,7.9,,,,,,,VI-2026-07-15-Opinium-Observer-Web-Tables-1227.xlsx,ECON1 (9)
"2,050 UK adults",15th - 17th July 2026,,,,2050,,historic_vote,Reform UK,"Q:ECON1. How much do you trust the following politicians on economic and financial matters?
 Zack Polanski, Green Party of England and Wales leader",Leader favourability (Polanski),polanski,Trust a lot,Somewhat trust,Somewhat distrust,Distrust a lot,,,,,,,3.0,8.5,11.6,64.3,,,,,,,VI-2026-07-15-Opinium-Observer-Web-Tables-1227.xlsx,ECON1 (9)
"2,050 UK adults",15th - 17th July 2026,,,,2050,,historic_vote,Con,"Q:ECON1. How much do you trust the following politicians on economic and financial matters?
 Zack Polanski, Green Party of England and Wales leader",Leader favourability (Polanski),polanski,Trust a lot,Somewhat trust,Somewhat distrust,Distrust a lot,,,,,,,1.5,7.0,15.2,56.8,,,,,,,VI-2026-07-15-Opinium-Observer-Web-Tables-1227.xlsx,ECON1 (9)
"2,050 UK adults",15th - 17th July 2026,,,,2050,,historic_vote,Lab,"Q:ECON1. How much do you trust the following politicians on economic and financial matters?
 Zack Polanski, Green Party of England and Wales leader",Leader favourability (Polanski),polanski,Trust a lot,Somewhat trust,Somewhat distrust,Distrust a lot,,,,,,,12.0,29.8,16.5,20.0,,,,,,,VI-2026-07-15-Opinium-Observer-Web-Tables-1227.xlsx,ECON1 (9)
"2,050 UK adults",15th - 17th July 2026,,,,2050,,historic_vote,Lib Dem,"Q:ECON1. How much do you trust the following politicians on economic and financial matters?
 Zack Polanski, Green Party of England and Wales leader",Leader favourability (Polanski),polanski,Trust a lot,Somewhat trust,Somewhat distrust,Distrust a lot,,,,,,,3.9,25.3,24.4,27.1,,,,,,,VI-2026-07-15-Opinium-Observer-Web-Tables-1227.xlsx,ECON1 (9)
"2,050 UK adults",15th - 17th July 2026,,,,2050,,historic_vote,Remain,"Q:ECON1. How much do you trust the following politicians on economic and financial matters?
 Zack Polanski, Green Party of England and Wales leader",Leader favourability (Polanski),polanski,Trust a lot,Somewhat trust,Somewhat distrust,Distrust a lot,,,,,,,7.9,26.1,16.6,26.2,,,,,,,VI-2026-07-15-Opinium-Observer-Web-Tables-1227.xlsx,ECON1 (9)
"2,050 UK adults",15th - 17th July 2026,,,,2050,,historic_vote,Leave,"Q:ECON1. How much do you trust the following politicians on economic and financial matters?
 Zack Polanski, Green Party of England and Wales leader",Leader favourability (Polanski),polanski,Trust a lot,Somewhat trust,Somewhat distrust,Distrust a lot,,,,,,,2.0,7.0,14.9,53.7,,,,,,,VI-2026-07-15-Opinium-Observer-Web-Tables-1227.xlsx,ECON1 (9)
"2,050 UK adults",15th - 17th July 2026,,,,2050,,gender,Male,"Q:ECON1. How much do you trust the following politicians on economic and financial matters?
 Zack Polanski, Green Party of England and Wales leader",Leader favourability (Polanski),polanski,Trust a lot,Somewhat trust,Somewhat distrust,Distrust a lot,,,,,,,6.4,18.1,17.2,38.1,,,,,,,VI-2026-07-15-Opinium-Observer-Web-Tables-1227.xlsx,ECON1 (9)
"2,050 UK adults",15th - 17th July 2026,,,,2050,,gender,Female,"Q:ECON1. How much do you trust the following politicians on economic and financial matters?
 Zack Polanski, Green Party of England and Wales leader",Leader favourability (Polanski),polanski,Trust a lot,Somewhat trust,Somewhat distrust,Distrust a lot,,,,,,,7.1,19.3,13.2,29.7,,,,,,,VI-2026-07-15-Opinium-Observer-Web-Tables-1227.xlsx,ECON1 (9)
"2,050 UK adults",15th - 17th July 2026,,,,2050,,age,18-34,"Q:ECON1. How much do you trust the following politicians on economic and financial matters?
 Zack Polanski, Green Party of England and Wales leader",Leader favourability (Polanski),polanski,Trust a lot,Somewhat trust,Somewhat distrust,Distrust a lot,,,,,,,14.5,31.1,15.3,15.1,,,,,,,VI-2026-07-15-Opinium-Observer-Web-Tables-1227.xlsx,ECON1 (9)
"2,050 UK adults",15th - 17th July 2026,,,,2050,,age,35-49,"Q:ECON1. How much do you trust the following politicians on economic and financial matters?
 Zack Polanski, Green Party of England and Wales leader",Leader favourability (Polanski),polanski,Trust a lot,Somewhat trust,Somewhat distrust,Distrust a lot,,,,,,,6.5,21.5,15.1,30.9,,,,,,,VI-2026-07-15-Opinium-Observer-Web-Tables-1227.xlsx,ECON1 (9)
"2,050 UK adults",15th - 17th July 2026,,,,2050,,age,50-64,"Q:ECON1. How much do you trust the following politicians on economic and financial matters?
 Zack Polanski, Green Party of England and Wales leader",Leader favourability (Polanski),polanski,Trust a lot,Somewhat trust,Somewhat distrust,Distrust a lot,,,,,,,4.5,13.1,14.9,41.3,,,,,,,VI-2026-07-15-Opinium-Observer-Web-Tables-1227.xlsx,ECON1 (9)
"2,050 UK adults",15th - 17th July 2026,,,,2050,,age,65+,"Q:ECON1. How much do you trust the following politicians on economic and financial matters?
 Zack Polanski, Green Party of England and Wales leader",Leader favourability (Polanski),polanski,Trust a lot,Somewhat trust,Somewhat distrust,Distrust a lot,,,,,,,0.6,7.5,15.1,50.1,,,,,,,VI-2026-07-15-Opinium-Observer-Web-Tables-1227.xlsx,ECON1 (9)
"2,050 UK adults",15th - 17th July 2026,,,,2050,,region,North,"Q:ECON1. How much do you trust the following politicians on economic and financial matters?
 Zack Polanski, Green Party of England and Wales leader",Leader favourability (Polanski),polanski,Trust a lot,Somewhat trust,Somewhat distrust,Distrust a lot,,,,,,,6.7,17.8,16.3,32.5,,,,,,,VI-2026-07-15-Opinium-Observer-Web-Tables-1227.xlsx,ECON1 (9)
"2,050 UK adults",15th - 17th July 2026,,,,2050,,region,Mids,"Q:ECON1. How much do you trust the following politicians on economic and financial matters?
 Zack Polanski, Green Party of England and Wales leader",Leader favourability (Polanski),polanski,Trust a lot,Somewhat trust,Somewhat distrust,Distrust a lot,,,,,,,6.4,18.0,15.7,32.1,,,,,,,VI-2026-07-15-Opinium-Observer-Web-Tables-1227.xlsx,ECON1 (9)
"2,050 UK adults",15th - 17th July 2026,,,,2050,,region,London,"Q:ECON1. How much do you trust the following politicians on economic and financial matters?
 Zack Polanski, Green Party of England and Wales leader",Leader favourability (Polanski),polanski,Trust a lot,Somewhat trust,Somewhat distrust,Distrust a lot,,,,,,,10.4,26.6,15.2,27.7,,,,,,,VI-2026-07-15-Opinium-Observer-Web-Tables-1227.xlsx,ECON1 (9)
"2,050 UK adults",15th - 17th July 2026,,,,2050,,region,South,"Q:ECON1. How much do you trust the following politicians on economic and financial matters?
 Zack Polanski, Green Party of England and Wales leader",Leader favourability (Polanski),polanski,Trust a lot,Somewhat trust,Somewhat distrust,Distrust a lot,,,,,,,5.2,18.1,15.2,36.5,,,,,,,VI-2026-07-15-Opinium-Observer-Web-Tables-1227.xlsx,ECON1 (9)
"2,050 UK adults",15th - 17th July 2026,,,,2050,,region,Wales,"Q:ECON1. How much do you trust the following politicians on economic and financial matters?
 Zack Polanski, Green Party of England and Wales leader",Leader favourability (Polanski),polanski,Trust a lot,Somewhat trust,Somewhat distrust,Distrust a lot,,,,,,,7.4,19.4,16.8,33.5,,,,,,,VI-2026-07-15-Opinium-Observer-Web-Tables-1227.xlsx,ECON1 (9)
"2,050 UK adults",15th - 17th July 2026,,,,2050,,region,Scotland,"Q:ECON1. How much do you trust the following politicians on economic and financial matters?
 Zack Polanski, Green Party of England and Wales leader",Leader favourability (Polanski),polanski,Trust a lot,Somewhat trust,Somewhat distrust,Distrust a lot,,,,,,,9.3,17.6,12.0,36.8,,,,,,,VI-2026-07-15-Opinium-Observer-Web-Tables-1227.xlsx,ECON1 (9)
"2,050 UK adults",15th - 17th July 2026,,,,2050,,region,Northern Ireland,"Q:ECON1. How much do you trust the following politicians on economic and financial matters?
 Zack Polanski, Green Party of England and Wales leader",Leader favourability (Polanski),polanski,Trust a lot,Somewhat trust,Somewhat distrust,Distrust a lot,,,,,,,2.9,3.9,6.9,40.2,,,,,,,VI-2026-07-15-Opinium-Observer-Web-Tables-1227.xlsx,ECON1 (9)
"2,050 UK adults",15th - 17th July 2026,,,,2050,,total,Total,"Q:ECON2. Andy Burnham is set to become prime minister shortly, and his Chancellor will deliver a new Budget later this year. Do you think the Labour government's decisions under Andy Burnham about where to save money and where to raise additional tax revenue are likely to be fair or unfair?",Leader favourability (Burnham),burnham,Unfair,Fair,,,,,,,,,34.8,24.2,,,,,,,,,VI-2026-07-15-Opinium-Observer-Web-Tables-1227.xlsx,ECON2
"2,050 UK adults",15th - 17th July 2026,,,,2050,,current_vote,Con,"Q:ECON2. Andy Burnham is set to become prime minister shortly, and his Chancellor will deliver a new Budget later this year. Do you think the Labour government's decisions under Andy Burnham about where to save money and where to raise additional tax revenue are likely to be fair or unfair?",Leader favourability (Burnham),burnham,Unfair,Fair,,,,,,,,,52.2,16.6,,,,,,,,,VI-2026-07-15-Opinium-Observer-Web-Tables-1227.xlsx,ECON2
"2,050 UK adults",15th - 17th July 2026,,,,2050,,current_vote,Lab,"Q:ECON2. Andy Burnham is set to become prime minister shortly, and his Chancellor will deliver a new Budget later this year. Do you think the Labour government's decisions under Andy Burnham about where to save money and where to raise additional tax revenue are likely to be fair or unfair?",Leader favourability (Burnham),burnham,Unfair,Fair,,,,,,,,,12.4,58.0,,,,,,,,,VI-2026-07-15-Opinium-Observer-Web-Tables-1227.xlsx,ECON2
"2,050 UK adults",15th - 17th July 2026,,,,2050,,current_vote,Lib Dem,"Q:ECON2. Andy Burnham is set to become prime minister shortly, and his Chancellor will deliver a new Budget later this year. Do you think the Labour government's decisions under Andy Burnham about where to save money and where to raise additional tax revenue are likely to be fair or unfair?",Leader favourability (Burnham),burnham,Unfair,Fair,,,,,,,,,22.5,32.7,,,,,,,,,VI-2026-07-15-Opinium-Observer-Web-Tables-1227.xlsx,ECON2
"2,050 UK adults",15th - 17th July 2026,,,,2050,,current_vote,Reform,"Q:ECON2. Andy Burnham is set to become prime minister shortly, and his Chancellor will deliver a new Budget later this year. Do you think the Labour government's decisions under Andy Burnham about where to save money and where to raise additional tax revenue are likely to be fair or unfair?",Leader favourability (Burnham),burnham,Unfair,Fair,,,,,,,,,63.8,10.3,,,,,,,,,VI-2026-07-15-Opinium-Observer-Web-Tables-1227.xlsx,ECON2
"2,050 UK adults",15th - 17th July 2026,,,,2050,,current_vote,Green,"Q:ECON2. Andy Burnham is set to become prime minister shortly, and his Chancellor will deliver a new Budget later this year. Do you think the Labour government's decisions under Andy Burnham about where to save money and where to raise additional tax revenue are likely to be fair or unfair?",Leader favourability (Burnham),burnham,Unfair,Fair,,,,,,,,,25.4,33.8,,,,,,,,,VI-2026-07-15-Opinium-Observer-Web-Tables-1227.xlsx,ECON2
"2,050 UK adults",15th - 17th July 2026,,,,2050,,historic_vote,Conservative,"Q:ECON2. Andy Burnham is set to become prime minister shortly, and his Chancellor will deliver a new Budget later this year. Do you think the Labour government's decisions under Andy Burnham about where to save money and where to raise additional tax revenue are likely to be fair or unfair?",Leader favourability (Burnham),burnham,Unfair,Fair,,,,,,,,,55.0,12.5,,,,,,,,,VI-2026-07-15-Opinium-Observer-Web-Tables-1227.xlsx,ECON2
"2,050 UK adults",15th - 17th July 2026,,,,2050,,historic_vote,Labour,"Q:ECON2. Andy Burnham is set to become prime minister shortly, and his Chancellor will deliver a new Budget later this year. Do you think the Labour government's decisions under Andy Burnham about where to save money and where to raise additional tax revenue are likely to be fair or unfair?",Leader favourability (Burnham),burnham,Unfair,Fair,,,,,,,,,16.2,45.9,,,,,,,,,VI-2026-07-15-Opinium-Observer-Web-Tables-1227.xlsx,ECON2
"2,050 UK adults",15th - 17th July 2026,,,,2050,,historic_vote,Lib Dems,"Q:ECON2. Andy Burnham is set to become prime minister shortly, and his Chancellor will deliver a new Budget later this year. Do you think the Labour government's decisions under Andy Burnham about where to save money and where to raise additional tax revenue are likely to be fair or unfair?",Leader favourability (Burnham),burnham,Unfair,Fair,,,,,,,,,25.1,30.1,,,,,,,,,VI-2026-07-15-Opinium-Observer-Web-Tables-1227.xlsx,ECON2
"2,050 UK adults",15th - 17th July 2026,,,,2050,,historic_vote,Green,"Q:ECON2. Andy Burnham is set to become prime minister shortly, and his Chancellor will deliver a new Budget later this year. Do you think the Labour government's decisions under Andy Burnham about where to save money and where to raise additional tax revenue are likely to be fair or unfair?",Leader favourability (Burnham),burnham,Unfair,Fair,,,,,,,,,25.0,30.4,,,,,,,,,VI-2026-07-15-Opinium-Observer-Web-Tables-1227.xlsx,ECON2
"2,050 UK adults",15th - 17th July 2026,,,,2050,,historic_vote,Reform UK,"Q:ECON2. Andy Burnham is set to become prime minister shortly, and his Chancellor will deliver a new Budget later this year. Do you think the Labour government's decisions under Andy Burnham about where to save money and where to raise additional tax revenue are likely to be fair or unfair?",Leader favourability (Burnham),burnham,Unfair,Fair,,,,,,,,,64.9,13.0,,,,,,,,,VI-2026-07-15-Opinium-Observer-Web-Tables-1227.xlsx,ECON2
"2,050 UK adults",15th - 17th July 2026,,,,2050,,historic_vote,Con,"Q:ECON2. Andy Burnham is set to become prime minister shortly, and his Chancellor will deliver a new Budget later this year. Do you think the Labour government's decisions under Andy Burnham about where to save money and where to raise additional tax revenue are likely to be fair or unfair?",Leader favourability (Burnham),burnham,Unfair,Fair,,,,,,,,,53.6,12.0,,,,,,,,,VI-2026-07-15-Opinium-Observer-Web-Tables-1227.xlsx,ECON2
"2,050 UK adults",15th - 17th July 2026,,,,2050,,historic_vote,Lab,"Q:ECON2. Andy Burnham is set to become prime minister shortly, and his Chancellor will deliver a new Budget later this year. Do you think the Labour government's decisions under Andy Burnham about where to save money and where to raise additional tax revenue are likely to be fair or unfair?",Leader favourability (Burnham),burnham,Unfair,Fair,,,,,,,,,17.6,45.3,,,,,,,,,VI-2026-07-15-Opinium-Observer-Web-Tables-1227.xlsx,ECON2
"2,050 UK adults",15th - 17th July 2026,,,,2050,,historic_vote,Lib Dem,"Q:ECON2. Andy Burnham is set to become prime minister shortly, and his Chancellor will deliver a new Budget later this year. Do you think the Labour government's decisions under Andy Burnham about where to save money and where to raise additional tax revenue are likely to be fair or unfair?",Leader favourability (Burnham),burnham,Unfair,Fair,,,,,,,,,21.2,29.4,,,,,,,,,VI-2026-07-15-Opinium-Observer-Web-Tables-1227.xlsx,ECON2
"2,050 UK adults",15th - 17th July 2026,,,,2050,,historic_vote,Remain,"Q:ECON2. Andy Burnham is set to become prime minister shortly, and his Chancellor will deliver a new Budget later this year. Do you think the Labour government's decisions under Andy Burnham about where to save money and where to raise additional tax revenue are likely to be fair or unfair?",Leader favourability (Burnham),burnham,Unfair,Fair,,,,,,,,,22.9,34.0,,,,,,,,,VI-2026-07-15-Opinium-Observer-Web-Tables-1227.xlsx,ECON2
"2,050 UK adults",15th - 17th July 2026,,,,2050,,historic_vote,Leave,"Q:ECON2. Andy Burnham is set to become prime minister shortly, and his Chancellor will deliver a new Budget later this year. Do you think the Labour government's decisions under Andy Burnham about where to save money and where to raise additional tax revenue are likely to be fair or unfair?",Leader favourability (Burnham),burnham,Unfair,Fair,,,,,,,,,49.6,13.6,,,,,,,,,VI-2026-07-15-Opinium-Observer-Web-Tables-1227.xlsx,ECON2
"2,050 UK adults",15th - 17th July 2026,,,,2050,,gender,Male,"Q:ECON2. Andy Burnham is set to become prime minister shortly, and his Chancellor will deliver a new Budget later this year. Do you think the Labour government's decisions under Andy Burnham about where to save money and where to raise additional tax revenue are likely to be fair or unfair?",Leader favourability (Burnham),burnham,Unfair,Fair,,,,,,,,,38.7,27.2,,,,,,,,,VI-2026-07-15-Opinium-Observer-Web-Tables-1227.xlsx,ECON2
"2,050 UK adults",15th - 17th July 2026,,,,2050,,gender,Female,"Q:ECON2. Andy Burnham is set to become prime minister shortly, and his Chancellor will deliver a new Budget later this year. Do you think the Labour government's decisions under Andy Burnham about where to save money and where to raise additional tax revenue are likely to be fair or unfair?",Leader favourability (Burnham),burnham,Unfair,Fair,,,,,,,,,31.3,21.8,,,,,,,,,VI-2026-07-15-Opinium-Observer-Web-Tables-1227.xlsx,ECON2
"2,050 UK adults",15th - 17th July 2026,,,,2050,,age,18-34,"Q:ECON2. Andy Burnham is set to become prime minister shortly, and his Chancellor will deliver a new Budget later this year. Do you think the Labour government's decisions under Andy Burnham about where to save money and where to raise additional tax revenue are likely to be fair or unfair?",Leader favourability (Burnham),burnham,Unfair,Fair,,,,,,,,,27.5,40.1,,,,,,,,,VI-2026-07-15-Opinium-Observer-Web-Tables-1227.xlsx,ECON2
"2,050 UK adults",15th - 17th July 2026,,,,2050,,age,35-49,"Q:ECON2. Andy Burnham is set to become prime minister shortly, and his Chancellor will deliver a new Budget later this year. Do you think the Labour government's decisions under Andy Burnham about where to save money and where to raise additional tax revenue are likely to be fair or unfair?",Leader favourability (Burnham),burnham,Unfair,Fair,,,,,,,,,33.4,24.0,,,,,,,,,VI-2026-07-15-Opinium-Observer-Web-Tables-1227.xlsx,ECON2
"2,050 UK adults",15th - 17th July 2026,,,,2050,,age,50-64,"Q:ECON2. Andy Burnham is set to become prime minister shortly, and his Chancellor will deliver a new Budget later this year. Do you think the Labour government's decisions under Andy Burnham about where to save money and where to raise additional tax revenue are likely to be fair or unfair?",Leader favourability (Burnham),burnham,Unfair,Fair,,,,,,,,,34.9,17.8,,,,,,,,,VI-2026-07-15-Opinium-Observer-Web-Tables-1227.xlsx,ECON2
"2,050 UK adults",15th - 17th July 2026,,,,2050,,age,65+,"Q:ECON2. Andy Burnham is set to become prime minister shortly, and his Chancellor will deliver a new Budget later this year. Do you think the Labour government's decisions under Andy Burnham about where to save money and where to raise additional tax revenue are likely to be fair or unfair?",Leader favourability (Burnham),burnham,Unfair,Fair,,,,,,,,,44.4,12.8,,,,,,,,,VI-2026-07-15-Opinium-Observer-Web-Tables-1227.xlsx,ECON2
"2,050 UK adults",15th - 17th July 2026,,,,2050,,region,North,"Q:ECON2. Andy Burnham is set to become prime minister shortly, and his Chancellor will deliver a new Budget later this year. Do you think the Labour government's decisions under Andy Burnham about where to save money and where to raise additional tax revenue are likely to be fair or unfair?",Leader favourability (Burnham),burnham,Unfair,Fair,,,,,,,,,31.8,29.1,,,,,,,,,VI-2026-07-15-Opinium-Observer-Web-Tables-1227.xlsx,ECON2
"2,050 UK adults",15th - 17th July 2026,,,,2050,,region,Mids,"Q:ECON2. Andy Burnham is set to become prime minister shortly, and his Chancellor will deliver a new Budget later this year. Do you think the Labour government's decisions under Andy Burnham about where to save money and where to raise additional tax revenue are likely to be fair or unfair?",Leader favourability (Burnham),burnham,Unfair,Fair,,,,,,,,,36.4,22.2,,,,,,,,,VI-2026-07-15-Opinium-Observer-Web-Tables-1227.xlsx,ECON2
"2,050 UK adults",15th - 17th July 2026,,,,2050,,region,London,"Q:ECON2. Andy Burnham is set to become prime minister shortly, and his Chancellor will deliver a new Budget later this year. Do you think the Labour government's decisions under Andy Burnham about where to save money and where to raise additional tax revenue are likely to be fair or unfair?",Leader favourability (Burnham),burnham,Unfair,Fair,,,,,,,,,29.8,34.7,,,,,,,,,VI-2026-07-15-Opinium-Observer-Web-Tables-1227.xlsx,ECON2
"2,050 UK adults",15th - 17th July 2026,,,,2050,,region,South,"Q:ECON2. Andy Burnham is set to become prime minister shortly, and his Chancellor will deliver a new Budget later this year. Do you think the Labour government's decisions under Andy Burnham about where to save money and where to raise additional tax revenue are likely to be fair or unfair?",Leader favourability (Burnham),burnham,Unfair,Fair,,,,,,,,,38.1,19.0,,,,,,,,,VI-2026-07-15-Opinium-Observer-Web-Tables-1227.xlsx,ECON2
"2,050 UK adults",15th - 17th July 2026,,,,2050,,region,Wales,"Q:ECON2. Andy Burnham is set to become prime minister shortly, and his Chancellor will deliver a new Budget later this year. Do you think the Labour government's decisions under Andy Burnham about where to save money and where to raise additional tax revenue are likely to be fair or unfair?",Leader favourability (Burnham),burnham,Unfair,Fair,,,,,,,,,41.5,23.9,,,,,,,,,VI-2026-07-15-Opinium-Observer-Web-Tables-1227.xlsx,ECON2
"2,050 UK adults",15th - 17th July 2026,,,,2050,,region,Scotland,"Q:ECON2. Andy Burnham is set to become prime minister shortly, and his Chancellor will deliver a new Budget later this year. Do you think the Labour government's decisions under Andy Burnham about where to save money and where to raise additional tax revenue are likely to be fair or unfair?",Leader favourability (Burnham),burnham,Unfair,Fair,,,,,,,,,31.3,21.8,,,,,,,,,VI-2026-07-15-Opinium-Observer-Web-Tables-1227.xlsx,ECON2
"2,050 UK adults",15th - 17th July 2026,,,,2050,,region,Northern Ireland,"Q:ECON2. Andy Burnham is set to become prime minister shortly, and his Chancellor will deliver a new Budget later this year. Do you think the Labour government's decisions under Andy Burnham about where to save money and where to raise additional tax revenue are likely to be fair or unfair?",Leader favourability (Burnham),burnham,Unfair,Fair,,,,,,,,,33.9,12.9,,,,,,,,,VI-2026-07-15-Opinium-Observer-Web-Tables-1227.xlsx,ECON2
"2,050 UK adults",15th - 17th July 2026,,,,2050,,total,Total,"Q:WC1. Which of the below, if any, would make you happier?",UNMATCHED,,Your preferred political party winning the next general election,England winning the World Cup,Both equally,Neither,,,,,,,32.0,28.9,13.1,19.5,,,,,,,VI-2026-07-15-Opinium-Observer-Web-Tables-1227.xlsx,WC1
"2,050 UK adults",15th - 17th July 2026,,,,2050,,current_vote,Con,"Q:WC1. Which of the below, if any, would make you happier?",UNMATCHED,,Your preferred political party winning the next general election,England winning the World Cup,Both equally,Neither,,,,,,,32.1,38.4,10.0,16.9,,,,,,,VI-2026-07-15-Opinium-Observer-Web-Tables-1227.xlsx,WC1
"2,050 UK adults",15th - 17th July 2026,,,,2050,,current_vote,Lab,"Q:WC1. Which of the below, if any, would make you happier?",UNMATCHED,,Your preferred political party winning the next general election,England winning the World Cup,Both equally,Neither,,,,,,,34.5,29.9,18.1,13.3,,,,,,,VI-2026-07-15-Opinium-Observer-Web-Tables-1227.xlsx,WC1
"2,050 UK adults",15th - 17th July 2026,,,,2050,,current_vote,Lib Dem,"Q:WC1. Which of the below, if any, would make you happier?",UNMATCHED,,Your preferred political party winning the next general election,England winning the World Cup,Both equally,Neither,,,,,,,30.6,31.3,17.9,16.9,,,,,,,VI-2026-07-15-Opinium-Observer-Web-Tables-1227.xlsx,WC1
"2,050 UK adults",15th - 17th July 2026,,,,2050,,current_vote,Reform,"Q:WC1. Which of the below, if any, would make you happier?",UNMATCHED,,Your preferred political party winning the next general election,England winning the World Cup,Both equally,Neither,,,,,,,41.8,24.9,18.3,11.5,,,,,,,VI-2026-07-15-Opinium-Observer-Web-Tables-1227.xlsx,WC1
"2,050 UK adults",15th - 17th July 2026,,,,2050,,current_vote,Green,"Q:WC1. Which of the below, if any, would make you happier?",UNMATCHED,,Your preferred political party winning the next general election,England winning the World Cup,Both equally,Neither,,,,,,,47.3,22.2,14.3,11.7,,,,,,,VI-2026-07-15-Opinium-Observer-Web-Tables-1227.xlsx,WC1
"2,050 UK adults",15th - 17th July 2026,,,,2050,,historic_vote,Conservative,"Q:WC1. Which of the below, if any, would make you happier?",UNMATCHED,,Your preferred political party winning the next general election,England winning the World Cup,Both equally,Neither,,,,,,,39.5,30.6,10.1,17.5,,,,,,,VI-2026-07-15-Opinium-Observer-Web-Tables-1227.xlsx,WC1
"2,050 UK adults",15th - 17th July 2026,,,,2050,,historic_vote,Labour,"Q:WC1. Which of the below, if any, would make you happier?",UNMATCHED,,Your preferred political party winning the next general election,England winning the World Cup,Both equally,Neither,,,,,,,36.2,29.4,15.4,15.0,,,,,,,VI-2026-07-15-Opinium-Observer-Web-Tables-1227.xlsx,WC1
"2,050 UK adults",15th - 17th July 2026,,,,2050,,historic_vote,Lib Dems,"Q:WC1. Which of the below, if any, would make you happier?",UNMATCHED,,Your preferred political party winning the next general election,England winning the World Cup,Both equally,Neither,,,,,,,32.0,31.3,15.0,19.8,,,,,,,VI-2026-07-15-Opinium-Observer-Web-Tables-1227.xlsx,WC1
"2,050 UK adults",15th - 17th July 2026,,,,2050,,historic_vote,Green,"Q:WC1. Which of the below, if any, would make you happier?",UNMATCHED,,Your preferred political party winning the next general election,England winning the World Cup,Both equally,Neither,,,,,,,42.3,27.9,10.5,14.5,,,,,,,VI-2026-07-15-Opinium-Observer-Web-Tables-1227.xlsx,WC1
"2,050 UK adults",15th - 17th July 2026,,,,2050,,historic_vote,Reform UK,"Q:WC1. Which of the below, if any, would make you happier?",UNMATCHED,,Your preferred political party winning the next general election,England winning the World Cup,Both equally,Neither,,,,,,,42.9,21.4,20.3,13.3,,,,,,,VI-2026-07-15-Opinium-Observer-Web-Tables-1227.xlsx,WC1
"2,050 UK adults",15th - 17th July 2026,,,,2050,,historic_vote,Con,"Q:WC1. Which of the below, if any, would make you happier?",UNMATCHED,,Your preferred political party winning the next general election,England winning the World Cup,Both equally,Neither,,,,,,,36.5,29.2,13.5,17.7,,,,,,,VI-2026-07-15-Opinium-Observer-Web-Tables-1227.xlsx,WC1
"2,050 UK adults",15th - 17th July 2026,,,,2050,,historic_vote,Lab,"Q:WC1. Which of the below, if any, would make you happier?",UNMATCHED,,Your preferred political party winning the next general election,England winning the World Cup,Both equally,Neither,,,,,,,41.1,27.6,12.9,15.2,,,,,,,VI-2026-07-15-Opinium-Observer-Web-Tables-1227.xlsx,WC1
"2,050 UK adults",15th - 17th July 2026,,,,2050,,historic_vote,Lib Dem,"Q:WC1. Which of the below, if any, would make you happier?",UNMATCHED,,Your preferred political party winning the next general election,England winning the World Cup,Both equally,Neither,,,,,,,34.9,28.4,14.1,18.6,,,,,,,VI-2026-07-15-Opinium-Observer-Web-Tables-1227.xlsx,WC1
"2,050 UK adults",15th - 17th July 2026,,,,2050,,historic_vote,Remain,"Q:WC1. Which of the below, if any, would make you happier?",UNMATCHED,,Your preferred political party winning the next general election,England winning the World Cup,Both equally,Neither,,,,,,,35.6,29.3,11.6,19.6,,,,,,,VI-2026-07-15-Opinium-Observer-Web-Tables-1227.xlsx,WC1
"2,050 UK adults",15th - 17th July 2026,,,,2050,,historic_vote,Leave,"Q:WC1. Which of the below, if any, would make you happier?",UNMATCHED,,Your preferred political party winning the next general election,England winning the World Cup,Both equally,Neither,,,,,,,36.7,24.5,13.3,21.6,,,,,,,VI-2026-07-15-Opinium-Observer-Web-Tables-1227.xlsx,WC1
"2,050 UK adults",15th - 17th July 2026,,,,2050,,gender,Male,"Q:WC1. Which of the below, if any, would make you happier?",UNMATCHED,,Your preferred political party winning the next general election,England winning the World Cup,Both equally,Neither,,,,,,,30.1,31.8,14.4,17.7,,,,,,,VI-2026-07-15-Opinium-Observer-Web-Tables-1227.xlsx,WC1
"2,050 UK adults",15th - 17th July 2026,,,,2050,,gender,Female,"Q:WC1. Which of the below, if any, would make you happier?",UNMATCHED,,Your preferred political party winning the next general election,England winning the World Cup,Both equally,Neither,,,,,,,33.3,26.5,12.1,21.4,,,,,,,VI-2026-07-15-Opinium-Observer-Web-Tables-1227.xlsx,WC1
"2,050 UK adults",15th - 17th July 2026,,,,2050,,age,18-34,"Q:WC1. Which of the below, if any, would make you happier?",UNMATCHED,,Your preferred political party winning the next general election,England winning the World Cup,Both equally,Neither,,,,,,,23.8,37.7,19.7,12.4,,,,,,,VI-2026-07-15-Opinium-Observer-Web-Tables-1227.xlsx,WC1
"2,050 UK adults",15th - 17th July 2026,,,,2050,,age,35-49,"Q:WC1. Which of the below, if any, would make you happier?",UNMATCHED,,Your preferred political party winning the next general election,England winning the World Cup,Both equally,Neither,,,,,,,31.6,30.5,8.5,22.8,,,,,,,VI-2026-07-15-Opinium-Observer-Web-Tables-1227.xlsx,WC1
"2,050 UK adults",15th - 17th July 2026,,,,2050,,age,50-64,"Q:WC1. Which of the below, if any, would make you happier?",UNMATCHED,,Your preferred political party winning the next general election,England winning the World Cup,Both equally,Neither,,,,,,,35.2,26.5,11.3,20.2,,,,,,,VI-2026-07-15-Opinium-Observer-Web-Tables-1227.xlsx,WC1
"2,050 UK adults",15th - 17th July 2026,,,,2050,,age,65+,"Q:WC1. Which of the below, if any, would make you happier?",UNMATCHED,,Your preferred political party winning the next general election,England winning the World Cup,Both equally,Neither,,,,,,,38.4,19.7,12.2,23.6,,,,,,,VI-2026-07-15-Opinium-Observer-Web-Tables-1227.xlsx,WC1
"2,050 UK adults",15th - 17th July 2026,,,,2050,,region,North,"Q:WC1. Which of the below, if any, would make you happier?",UNMATCHED,,Your preferred political party winning the next general election,England winning the World Cup,Both equally,Neither,,,,,,,32.0,31.2,14.0,16.7,,,,,,,VI-2026-07-15-Opinium-Observer-Web-Tables-1227.xlsx,WC1
"2,050 UK adults",15th - 17th July 2026,,,,2050,,region,Mids,"Q:WC1. Which of the below, if any, would make you happier?",UNMATCHED,,Your preferred political party winning the next general election,England winning the World Cup,Both equally,Neither,,,,,,,26.6,35.8,12.6,20.4,,,,,,,VI-2026-07-15-Opinium-Observer-Web-Tables-1227.xlsx,WC1
"2,050 UK adults",15th - 17th July 2026,,,,2050,,region,London,"Q:WC1. Which of the below, if any, would make you happier?",UNMATCHED,,Your preferred political party winning the next general election,England winning the World Cup,Both equally,Neither,,,,,,,23.5,34.5,21.2,14.1,,,,,,,VI-2026-07-15-Opinium-Observer-Web-Tables-1227.xlsx,WC1
"2,050 UK adults",15th - 17th July 2026,,,,2050,,region,South,"Q:WC1. Which of the below, if any, would make you happier?",UNMATCHED,,Your preferred political party winning the next general election,England winning the World Cup,Both equally,Neither,,,,,,,33.1,31.3,12.0,16.3,,,,,,,VI-2026-07-15-Opinium-Observer-Web-Tables-1227.xlsx,WC1
"2,050 UK adults",15th - 17th July 2026,,,,2050,,region,Wales,"Q:WC1. Which of the below, if any, would make you happier?",UNMATCHED,,Your preferred political party winning the next general election,England winning the World Cup,Both equally,Neither,,,,,,,46.1,7.6,9.2,29.8,,,,,,,VI-2026-07-15-Opinium-Observer-Web-Tables-1227.xlsx,WC1
"2,050 UK adults",15th - 17th July 2026,,,,2050,,region,Scotland,"Q:WC1. Which of the below, if any, would make you happier?",UNMATCHED,,Your preferred political party winning the next general election,England winning the World Cup,Both equally,Neither,,,,,,,45.3,8.6,9.5,28.4,,,,,,,VI-2026-07-15-Opinium-Observer-Web-Tables-1227.xlsx,WC1
"2,050 UK adults",15th - 17th July 2026,,,,2050,,region,Northern Ireland,"Q:WC1. Which of the below, if any, would make you happier?",UNMATCHED,,Your preferred political party winning the next general election,England winning the World Cup,Both equally,Neither,,,,,,,25.9,13.6,2.0,56.4,,,,,,,VI-2026-07-15-Opinium-Observer-Web-Tables-1227.xlsx,WC1
"2,050 UK adults",15th - 17th July 2026,,,,2050,,total,Total,Q:WC2. Which do you think is more likely?,UNMATCHED,,England winning the World Cup,Politicians becoming more trusted by the public,Both equally likely,,,,,,,,45.5,13.7,15.2,,,,,,,,VI-2026-07-15-Opinium-Observer-Web-Tables-1227.xlsx,WC2
"2,050 UK adults",15th - 17th July 2026,,,,2050,,current_vote,Con,Q:WC2. Which do you think is more likely?,UNMATCHED,,England winning the World Cup,Politicians becoming more trusted by the public,Both equally likely,,,,,,,,47.4,13.1,15.9,,,,,,,,VI-2026-07-15-Opinium-Observer-Web-Tables-1227.xlsx,WC2
"2,050 UK adults",15th - 17th July 2026,,,,2050,,current_vote,Lab,Q:WC2. Which do you think is more likely?,UNMATCHED,,England winning the World Cup,Politicians becoming more trusted by the public,Both equally likely,,,,,,,,41.5,21.5,18.5,,,,,,,,VI-2026-07-15-Opinium-Observer-Web-Tables-1227.xlsx,WC2
"2,050 UK adults",15th - 17th July 2026,,,,2050,,current_vote,Lib Dem,Q:WC2. Which do you think is more likely?,UNMATCHED,,England winning the World Cup,Politicians becoming more trusted by the public,Both equally likely,,,,,,,,45.3,18.6,20.0,,,,,,,,VI-2026-07-15-Opinium-Observer-Web-Tables-1227.xlsx,WC2
"2,050 UK adults",15th - 17th July 2026,,,,2050,,current_vote,Reform,Q:WC2. Which do you think is more likely?,UNMATCHED,,England winning the World Cup,Politicians becoming more trusted by the public,Both equally likely,,,,,,,,52.0,8.5,12.3,,,,,,,,VI-2026-07-15-Opinium-Observer-Web-Tables-1227.xlsx,WC2
"2,050 UK adults",15th - 17th July 2026,,,,2050,,current_vote,Green,Q:WC2. Which do you think is more likely?,UNMATCHED,,England winning the World Cup,Politicians becoming more trusted by the public,Both equally likely,,,,,,,,48.7,16.1,19.6,,,,,,,,VI-2026-07-15-Opinium-Observer-Web-Tables-1227.xlsx,WC2
"2,050 UK adults",15th - 17th July 2026,,,,2050,,historic_vote,Conservative,Q:WC2. Which do you think is more likely?,UNMATCHED,,England winning the World Cup,Politicians becoming more trusted by the public,Both equally likely,,,,,,,,44.7,12.3,15.7,,,,,,,,VI-2026-07-15-Opinium-Observer-Web-Tables-1227.xlsx,WC2
"2,050 UK adults",15th - 17th July 2026,,,,2050,,historic_vote,Labour,Q:WC2. Which do you think is more likely?,UNMATCHED,,England winning the World Cup,Politicians becoming more trusted by the public,Both equally likely,,,,,,,,45.1,19.0,14.7,,,,,,,,VI-2026-07-15-Opinium-Observer-Web-Tables-1227.xlsx,WC2
"2,050 UK adults",15th - 17th July 2026,,,,2050,,historic_vote,Lib Dems,Q:WC2. Which do you think is more likely?,UNMATCHED,,England winning the World Cup,Politicians becoming more trusted by the public,Both equally likely,,,,,,,,43.3,18.8,17.7,,,,,,,,VI-2026-07-15-Opinium-Observer-Web-Tables-1227.xlsx,WC2
"2,050 UK adults",15th - 17th July 2026,,,,2050,,historic_vote,Green,Q:WC2. Which do you think is more likely?,UNMATCHED,,England winning the World Cup,Politicians becoming more trusted by the public,Both equally likely,,,,,,,,49.5,18.0,16.0,,,,,,,,VI-2026-07-15-Opinium-Observer-Web-Tables-1227.xlsx,WC2
"2,050 UK adults",15th - 17th July 2026,,,,2050,,historic_vote,Reform UK,Q:WC2. Which do you think is more likely?,UNMATCHED,,England winning the World Cup,Politicians becoming more trusted by the public,Both equally likely,,,,,,,,55.2,5.9,15.0,,,,,,,,VI-2026-07-15-Opinium-Observer-Web-Tables-1227.xlsx,WC2
"2,050 UK adults",15th - 17th July 2026,,,,2050,,historic_vote,Con,Q:WC2. Which do you think is more likely?,UNMATCHED,,England winning the World Cup,Politicians becoming more trusted by the public,Both equally likely,,,,,,,,46.3,9.6,15.7,,,,,,,,VI-2026-07-15-Opinium-Observer-Web-Tables-1227.xlsx,WC2
"2,050 UK adults",15th - 17th July 2026,,,,2050,,historic_vote,Lab,Q:WC2. Which do you think is more likely?,UNMATCHED,,England winning the World Cup,Politicians becoming more trusted by the public,Both equally likely,,,,,,,,44.9,19.1,15.5,,,,,,,,VI-2026-07-15-Opinium-Observer-Web-Tables-1227.xlsx,WC2
"2,050 UK adults",15th - 17th July 2026,,,,2050,,historic_vote,Lib Dem,Q:WC2. Which do you think is more likely?,UNMATCHED,,England winning the World Cup,Politicians becoming more trusted by the public,Both equally likely,,,,,,,,46.4,19.0,17.9,,,,,,,,VI-2026-07-15-Opinium-Observer-Web-Tables-1227.xlsx,WC2
"2,050 UK adults",15th - 17th July 2026,,,,2050,,historic_vote,Remain,Q:WC2. Which do you think is more likely?,UNMATCHED,,England winning the World Cup,Politicians becoming more trusted by the public,Both equally likely,,,,,,,,43.9,14.9,17.5,,,,,,,,VI-2026-07-15-Opinium-Observer-Web-Tables-1227.xlsx,WC2
"2,050 UK adults",15th - 17th July 2026,,,,2050,,historic_vote,Leave,Q:WC2. Which do you think is more likely?,UNMATCHED,,England winning the World Cup,Politicians becoming more trusted by the public,Both equally likely,,,,,,,,45.0,11.6,13.9,,,,,,,,VI-2026-07-15-Opinium-Observer-Web-Tables-1227.xlsx,WC2
"2,050 UK adults",15th - 17th July 2026,,,,2050,,gender,Male,Q:WC2. Which do you think is more likely?,UNMATCHED,,England winning the World Cup,Politicians becoming more trusted by the public,Both equally likely,,,,,,,,44.2,16.5,15.4,,,,,,,,VI-2026-07-15-Opinium-Observer-Web-Tables-1227.xlsx,WC2
"2,050 UK adults",15th - 17th July 2026,,,,2050,,gender,Female,Q:WC2. Which do you think is more likely?,UNMATCHED,,England winning the World Cup,Politicians becoming more trusted by the public,Both equally likely,,,,,,,,46.5,11.3,15.2,,,,,,,,VI-2026-07-15-Opinium-Observer-Web-Tables-1227.xlsx,WC2
"2,050 UK adults",15th - 17th July 2026,,,,2050,,age,18-34,Q:WC2. Which do you think is more likely?,UNMATCHED,,England winning the World Cup,Politicians becoming more trusted by the public,Both equally likely,,,,,,,,54.8,16.3,15.5,,,,,,,,VI-2026-07-15-Opinium-Observer-Web-Tables-1227.xlsx,WC2
"2,050 UK adults",15th - 17th July 2026,,,,2050,,age,35-49,Q:WC2. Which do you think is more likely?,UNMATCHED,,England winning the World Cup,Politicians becoming more trusted by the public,Both equally likely,,,,,,,,47.6,14.8,14.4,,,,,,,,VI-2026-07-15-Opinium-Observer-Web-Tables-1227.xlsx,WC2
"2,050 UK adults",15th - 17th July 2026,,,,2050,,age,50-64,Q:WC2. Which do you think is more likely?,UNMATCHED,,England winning the World Cup,Politicians becoming more trusted by the public,Both equally likely,,,,,,,,40.8,12.9,17.9,,,,,,,,VI-2026-07-15-Opinium-Observer-Web-Tables-1227.xlsx,WC2
"2,050 UK adults",15th - 17th July 2026,,,,2050,,age,65+,Q:WC2. Which do you think is more likely?,UNMATCHED,,England winning the World Cup,Politicians becoming more trusted by the public,Both equally likely,,,,,,,,37.4,10.6,12.9,,,,,,,,VI-2026-07-15-Opinium-Observer-Web-Tables-1227.xlsx,WC2
"2,050 UK adults",15th - 17th July 2026,,,,2050,,region,North,Q:WC2. Which do you think is more likely?,UNMATCHED,,England winning the World Cup,Politicians becoming more trusted by the public,Both equally likely,,,,,,,,48.5,12.3,15.2,,,,,,,,VI-2026-07-15-Opinium-Observer-Web-Tables-1227.xlsx,WC2
"2,050 UK adults",15th - 17th July 2026,,,,2050,,region,Mids,Q:WC2. Which do you think is more likely?,UNMATCHED,,England winning the World Cup,Politicians becoming more trusted by the public,Both equally likely,,,,,,,,51.6,11.9,15.7,,,,,,,,VI-2026-07-15-Opinium-Observer-Web-Tables-1227.xlsx,WC2
"2,050 UK adults",15th - 17th July 2026,,,,2050,,region,London,Q:WC2. Which do you think is more likely?,UNMATCHED,,England winning the World Cup,Politicians becoming more trusted by the public,Both equally likely,,,,,,,,46.2,13.0,15.3,,,,,,,,VI-2026-07-15-Opinium-Observer-Web-Tables-1227.xlsx,WC2
"2,050 UK adults",15th - 17th July 2026,,,,2050,,region,South,Q:WC2. Which do you think is more likely?,UNMATCHED,,England winning the World Cup,Politicians becoming more trusted by the public,Both equally likely,,,,,,,,45.5,14.3,15.3,,,,,,,,VI-2026-07-15-Opinium-Observer-Web-Tables-1227.xlsx,WC2
"2,050 UK adults",15th - 17th July 2026,,,,2050,,region,Wales,Q:WC2. Which do you think is more likely?,UNMATCHED,,England winning the World Cup,Politicians becoming more trusted by the public,Both equally likely,,,,,,,,37.9,16.4,12.7,,,,,,,,VI-2026-07-15-Opinium-Observer-Web-Tables-1227.xlsx,WC2
"2,050 UK adults",15th - 17th July 2026,,,,2050,,region,Scotland,Q:WC2. Which do you think is more likely?,UNMATCHED,,England winning the World Cup,Politicians becoming more trusted by the public,Both equally likely,,,,,,,,31.7,17.2,17.7,,,,,,,,VI-2026-07-15-Opinium-Observer-Web-Tables-1227.xlsx,WC2
"2,050 UK adults",15th - 17th July 2026,,,,2050,,region,Northern Ireland,Q:WC2. Which do you think is more likely?,UNMATCHED,,England winning the World Cup,Politicians becoming more trusted by the public,Both equally likely,,,,,,,,34.9,18.6,8.5,,,,,,,,VI-2026-07-15-Opinium-Observer-Web-Tables-1227.xlsx,WC2
"2,050 UK adults",15th - 17th July 2026,,,,2050,,total,Total,Q:WC6. Imagine you're putting together a five-a-side football team and you can pick any current UK politician to join you. Who would you choose?,UNMATCHED,,Andy Burnham,Nigel Farage,Kemi Badenoch,Keir Starmer,Ed Davey,Another politician,N/A - I would not like any politician to be in my team,,,,14.9,10.4,6.0,4.7,3.7,4.9,49.3,,,,VI-2026-07-15-Opinium-Observer-Web-Tables-1227.xlsx,WC6
"2,050 UK adults",15th - 17th July 2026,,,,2050,,current_vote,Con,Q:WC6. Imagine you're putting together a five-a-side football team and you can pick any current UK politician to join you. Who would you choose?,UNMATCHED,,Andy Burnham,Nigel Farage,Kemi Badenoch,Keir Starmer,Ed Davey,Another politician,N/A - I would not like any politician to be in my team,,,,10.6,7.6,23.3,3.3,0.6,3.2,46.5,,,,VI-2026-07-15-Opinium-Observer-Web-Tables-1227.xlsx,WC6
"2,050 UK adults",15th - 17th July 2026,,,,2050,,current_vote,Lab,Q:WC6. Imagine you're putting together a five-a-side football team and you can pick any current UK politician to join you. Who would you choose?,UNMATCHED,,Andy Burnham,Nigel Farage,Kemi Badenoch,Keir Starmer,Ed Davey,Another politician,N/A - I would not like any politician to be in my team,,,,31.6,5.3,2.6,17.1,2.8,2.9,31.7,,,,VI-2026-07-15-Opinium-Observer-Web-Tables-1227.xlsx,WC6
"2,050 UK adults",15th - 17th July 2026,,,,2050,,current_vote,Lib Dem,Q:WC6. Imagine you're putting together a five-a-side football team and you can pick any current UK politician to join you. Who would you choose?,UNMATCHED,,Andy Burnham,Nigel Farage,Kemi Badenoch,Keir Starmer,Ed Davey,Another politician,N/A - I would not like any politician to be in my team,,,,23.9,3.5,4.4,2.7,18.8,3.1,39.7,,,,VI-2026-07-15-Opinium-Observer-Web-Tables-1227.xlsx,WC6
"2,050 UK adults",15th - 17th July 2026,,,,2050,,current_vote,Reform,Q:WC6. Imagine you're putting together a five-a-side football team and you can pick any current UK politician to join you. Who would you choose?,UNMATCHED,,Andy Burnham,Nigel Farage,Kemi Badenoch,Keir Starmer,Ed Davey,Another politician,N/A - I would not like any politician to be in my team,,,,5.1,38.5,3.3,1.2,1.6,2.9,44.3,,,,VI-2026-07-15-Opinium-Observer-Web-Tables-1227.xlsx,WC6
"2,050 UK adults",15th - 17th July 2026,,,,2050,,current_vote,Green,Q:WC6. Imagine you're putting together a five-a-side football team and you can pick any current UK politician to join you. Who would you choose?,UNMATCHED,,Andy Burnham,Nigel Farage,Kemi Badenoch,Keir Starmer,Ed Davey,Another politician,N/A - I would not like any politician to be in my team,,,,19.3,1.8,3.5,3.9,4.0,13.6,47.2,,,,VI-2026-07-15-Opinium-Observer-Web-Tables-1227.xlsx,WC6
"2,050 UK adults",15th - 17th July 2026,,,,2050,,historic_vote,Conservative,Q:WC6. Imagine you're putting together a five-a-side football team and you can pick any current UK politician to join you. Who would you choose?,UNMATCHED,,Andy Burnham,Nigel Farage,Kemi Badenoch,Keir Starmer,Ed Davey,Another politician,N/A - I would not like any politician to be in my team,,,,10.8,8.7,16.7,2.5,1.2,4.4,50.4,,,,VI-2026-07-15-Opinium-Observer-Web-Tables-1227.xlsx,WC6
"2,050 UK adults",15th - 17th July 2026,,,,2050,,historic_vote,Labour,Q:WC6. Imagine you're putting together a five-a-side football team and you can pick any current UK politician to join you. Who would you choose?,UNMATCHED,,Andy Burnham,Nigel Farage,Kemi Badenoch,Keir Starmer,Ed Davey,Another politician,N/A - I would not like any politician to be in my team,,,,25.9,6.1,3.6,10.9,4.6,4.5,40.1,,,,VI-2026-07-15-Opinium-Observer-Web-Tables-1227.xlsx,WC6
"2,050 UK adults",15th - 17th July 2026,,,,2050,,historic_vote,Lib Dems,Q:WC6. Imagine you're putting together a five-a-side football team and you can pick any current UK politician to join you. Who would you choose?,UNMATCHED,,Andy Burnham,Nigel Farage,Kemi Badenoch,Keir Starmer,Ed Davey,Another politician,N/A - I would not like any politician to be in my team,,,,20.0,5.7,4.9,3.6,15.5,2.9,43.2,,,,VI-2026-07-15-Opinium-Observer-Web-Tables-1227.xlsx,WC6
"2,050 UK adults",15th - 17th July 2026,,,,2050,,historic_vote,Green,Q:WC6. Imagine you're putting together a five-a-side football team and you can pick any current UK politician to join you. Who would you choose?,UNMATCHED,,Andy Burnham,Nigel Farage,Kemi Badenoch,Keir Starmer,Ed Davey,Another politician,N/A - I would not like any politician to be in my team,,,,17.3,6.8,6.3,2.3,3.1,11.5,49.5,,,,VI-2026-07-15-Opinium-Observer-Web-Tables-1227.xlsx,WC6
"2,050 UK adults",15th - 17th July 2026,,,,2050,,historic_vote,Reform UK,Q:WC6. Imagine you're putting together a five-a-side football team and you can pick any current UK politician to join you. Who would you choose?,UNMATCHED,,Andy Burnham,Nigel Farage,Kemi Badenoch,Keir Starmer,Ed Davey,Another politician,N/A - I would not like any politician to be in my team,,,,6.2,38.5,4.0,1.8,1.1,5.9,39.7,,,,VI-2026-07-15-Opinium-Observer-Web-Tables-1227.xlsx,WC6
"2,050 UK adults",15th - 17th July 2026,,,,2050,,historic_vote,Con,Q:WC6. Imagine you're putting together a five-a-side football team and you can pick any current UK politician to join you. Who would you choose?,UNMATCHED,,Andy Burnham,Nigel Farage,Kemi Badenoch,Keir Starmer,Ed Davey,Another politician,N/A - I would not like any politician to be in my team,,,,9.9,14.7,11.0,2.4,1.9,4.8,51.5,,,,VI-2026-07-15-Opinium-Observer-Web-Tables-1227.xlsx,WC6
"2,050 UK adults",15th - 17th July 2026,,,,2050,,historic_vote,Lab,Q:WC6. Imagine you're putting together a five-a-side football team and you can pick any current UK politician to join you. Who would you choose?,UNMATCHED,,Andy Burnham,Nigel Farage,Kemi Badenoch,Keir Starmer,Ed Davey,Another politician,N/A - I would not like any politician to be in my team,,,,24.8,6.0,3.8,9.0,4.3,4.7,42.7,,,,VI-2026-07-15-Opinium-Observer-Web-Tables-1227.xlsx,WC6
"2,050 UK adults",15th - 17th July 2026,,,,2050,,historic_vote,Lib Dem,Q:WC6. Imagine you're putting together a five-a-side football team and you can pick any current UK politician to join you. Who would you choose?,UNMATCHED,,Andy Burnham,Nigel Farage,Kemi Badenoch,Keir Starmer,Ed Davey,Another politician,N/A - I would not like any politician to be in my team,,,,24.7,2.2,4.1,4.5,12.6,4.5,42.7,,,,VI-2026-07-15-Opinium-Observer-Web-Tables-1227.xlsx,WC6
"2,050 UK adults",15th - 17th July 2026,,,,2050,,historic_vote,Remain,Q:WC6. Imagine you're putting together a five-a-side football team and you can pick any current UK politician to join you. Who would you choose?,UNMATCHED,,Andy Burnham,Nigel Farage,Kemi Badenoch,Keir Starmer,Ed Davey,Another politician,N/A - I would not like any politician to be in my team,,,,21.1,3.1,6.3,6.2,5.4,4.1,47.0,,,,VI-2026-07-15-Opinium-Observer-Web-Tables-1227.xlsx,WC6
"2,050 UK adults",15th - 17th July 2026,,,,2050,,historic_vote,Leave,Q:WC6. Imagine you're putting together a five-a-side football team and you can pick any current UK politician to join you. Who would you choose?,UNMATCHED,,Andy Burnham,Nigel Farage,Kemi Badenoch,Keir Starmer,Ed Davey,Another politician,N/A - I would not like any politician to be in my team,,,,9.9,17.9,7.0,2.2,1.7,5.8,51.2,,,,VI-2026-07-15-Opinium-Observer-Web-Tables-1227.xlsx,WC6
"2,050 UK adults",15th - 17th July 2026,,,,2050,,gender,Male,Q:WC6. Imagine you're putting together a five-a-side football team and you can pick any current UK politician to join you. Who would you choose?,UNMATCHED,,Andy Burnham,Nigel Farage,Kemi Badenoch,Keir Starmer,Ed Davey,Another politician,N/A - I would not like any politician to be in my team,,,,16.0,15.1,5.0,5.4,3.4,4.1,45.2,,,,VI-2026-07-15-Opinium-Observer-Web-Tables-1227.xlsx,WC6
"2,050 UK adults",15th - 17th July 2026,,,,2050,,gender,Female,Q:WC6. Imagine you're putting together a five-a-side football team and you can pick any current UK politician to join you. Who would you choose?,UNMATCHED,,Andy Burnham,Nigel Farage,Kemi Badenoch,Keir Starmer,Ed Davey,Another politician,N/A - I would not like any politician to be in my team,,,,14.1,6.2,7.0,4.2,4.0,5.2,52.8,,,,VI-2026-07-15-Opinium-Observer-Web-Tables-1227.xlsx,WC6
"2,050 UK adults",15th - 17th July 2026,,,,2050,,age,18-34,Q:WC6. Imagine you're putting together a five-a-side football team and you can pick any current UK politician to join you. Who would you choose?,UNMATCHED,,Andy Burnham,Nigel Farage,Kemi Badenoch,Keir Starmer,Ed Davey,Another politician,N/A - I would not like any politician to be in my team,,,,16.4,14.0,6.7,9.4,5.2,5.4,37.3,,,,VI-2026-07-15-Opinium-Observer-Web-Tables-1227.xlsx,WC6
"2,050 UK adults",15th - 17th July 2026,,,,2050,,age,35-49,Q:WC6. Imagine you're putting together a five-a-side football team and you can pick any current UK politician to join you. Who would you choose?,UNMATCHED,,Andy Burnham,Nigel Farage,Kemi Badenoch,Keir Starmer,Ed Davey,Another politician,N/A - I would not like any politician to be in my team,,,,17.2,11.0,5.0,5.1,3.3,4.7,47.3,,,,VI-2026-07-15-Opinium-Observer-Web-Tables-1227.xlsx,WC6
"2,050 UK adults",15th - 17th July 2026,,,,2050,,age,50-64,Q:WC6. Imagine you're putting together a five-a-side football team and you can pick any current UK politician to join you. Who would you choose?,UNMATCHED,,Andy Burnham,Nigel Farage,Kemi Badenoch,Keir Starmer,Ed Davey,Another politician,N/A - I would not like any politician to be in my team,,,,16.3,8.9,6.0,2.7,3.0,6.2,50.9,,,,VI-2026-07-15-Opinium-Observer-Web-Tables-1227.xlsx,WC6
"2,050 UK adults",15th - 17th July 2026,,,,2050,,age,65+,Q:WC6. Imagine you're putting together a five-a-side football team and you can pick any current UK politician to join you. Who would you choose?,UNMATCHED,,Andy Burnham,Nigel Farage,Kemi Badenoch,Keir Starmer,Ed Davey,Another politician,N/A - I would not like any politician to be in my team,,,,9.2,7.3,6.0,1.2,3.1,3.0,63.7,,,,VI-2026-07-15-Opinium-Observer-Web-Tables-1227.xlsx,WC6
"2,050 UK adults",15th - 17th July 2026,,,,2050,,region,North,Q:WC6. Imagine you're putting together a five-a-side football team and you can pick any current UK politician to join you. Who would you choose?,UNMATCHED,,Andy Burnham,Nigel Farage,Kemi Badenoch,Keir Starmer,Ed Davey,Another politician,N/A - I would not like any politician to be in my team,,,,17.4,8.9,7.7,5.1,3.5,4.0,48.3,,,,VI-2026-07-15-Opinium-Observer-Web-Tables-1227.xlsx,WC6
"2,050 UK adults",15th - 17th July 2026,,,,2050,,region,Mids,Q:WC6. Imagine you're putting together a five-a-side football team and you can pick any current UK politician to join you. Who would you choose?,UNMATCHED,,Andy Burnham,Nigel Farage,Kemi Badenoch,Keir Starmer,Ed Davey,Another politician,N/A - I would not like any politician to be in my team,,,,12.9,12.3,5.9,2.6,4.0,6.3,49.4,,,,VI-2026-07-15-Opinium-Observer-Web-Tables-1227.xlsx,WC6
"2,050 UK adults",15th - 17th July 2026,,,,2050,,region,London,Q:WC6. Imagine you're putting together a five-a-side football team and you can pick any current UK politician to join you. Who would you choose?,UNMATCHED,,Andy Burnham,Nigel Farage,Kemi Badenoch,Keir Starmer,Ed Davey,Another politician,N/A - I would not like any politician to be in my team,,,,18.0,12.8,5.9,6.2,5.9,3.3,40.6,,,,VI-2026-07-15-Opinium-Observer-Web-Tables-1227.xlsx,WC6
"2,050 UK adults",15th - 17th July 2026,,,,2050,,region,South,Q:WC6. Imagine you're putting together a five-a-side football team and you can pick any current UK politician to join you. Who would you choose?,UNMATCHED,,Andy Burnham,Nigel Farage,Kemi Badenoch,Keir Starmer,Ed Davey,Another politician,N/A - I would not like any politician to be in my team,,,,13.7,9.6,5.8,5.6,2.7,5.5,50.7,,,,VI-2026-07-15-Opinium-Observer-Web-Tables-1227.xlsx,WC6
"2,050 UK adults",15th - 17th July 2026,,,,2050,,region,Wales,Q:WC6. Imagine you're putting together a five-a-side football team and you can pick any current UK politician to join you. Who would you choose?,UNMATCHED,,Andy Burnham,Nigel Farage,Kemi Badenoch,Keir Starmer,Ed Davey,Another politician,N/A - I would not like any politician to be in my team,,,,13.6,9.7,5.1,4.2,3.5,5.7,53.4,,,,VI-2026-07-15-Opinium-Observer-Web-Tables-1227.xlsx,WC6
"2,050 UK adults",15th - 17th July 2026,,,,2050,,region,Scotland,Q:WC6. Imagine you're putting together a five-a-side football team and you can pick any current UK politician to join you. Who would you choose?,UNMATCHED,,Andy Burnham,Nigel Farage,Kemi Badenoch,Keir Starmer,Ed Davey,Another politician,N/A - I would not like any politician to be in my team,,,,15.0,11.6,3.6,4.2,5.4,4.0,50.0,,,,VI-2026-07-15-Opinium-Observer-Web-Tables-1227.xlsx,WC6
"2,050 UK adults",15th - 17th July 2026,,,,2050,,region,Northern Ireland,Q:WC6. Imagine you're putting together a five-a-side football team and you can pick any current UK politician to join you. Who would you choose?,UNMATCHED,,Andy Burnham,Nigel Farage,Kemi Badenoch,Keir Starmer,Ed Davey,Another politician,N/A - I would not like any politician to be in my team,,,,5.1,8.2,3.0,,,5.7,75.1,,,,VI-2026-07-15-Opinium-Observer-Web-Tables-1227.xlsx,WC6
"2,050 UK adults",15th - 17th July 2026,,,,2050,,total,Total,Q:WC5. Which current UK politician do you think would make the best England football manager?,UNMATCHED,,Andy Burnham,Nigel Farage,Kemi Badenoch,Keir Starmer,Ed Davey,Another politician,,,,,12.3,11.0,6.5,4.7,3.3,3.7,,,,,VI-2026-07-15-Opinium-Observer-Web-Tables-1227.xlsx,WC5
"2,050 UK adults",15th - 17th July 2026,,,,2050,,current_vote,Con,Q:WC5. Which current UK politician do you think would make the best England football manager?,UNMATCHED,,Andy Burnham,Nigel Farage,Kemi Badenoch,Keir Starmer,Ed Davey,Another politician,,,,,9.0,9.8,19.6,2.9,3.4,1.2,,,,,VI-2026-07-15-Opinium-Observer-Web-Tables-1227.xlsx,WC5
"2,050 UK adults",15th - 17th July 2026,,,,2050,,current_vote,Lab,Q:WC5. Which current UK politician do you think would make the best England football manager?,UNMATCHED,,Andy Burnham,Nigel Farage,Kemi Badenoch,Keir Starmer,Ed Davey,Another politician,,,,,29.5,6.1,3.6,14.1,2.6,3.6,,,,,VI-2026-07-15-Opinium-Observer-Web-Tables-1227.xlsx,WC5
"2,050 UK adults",15th - 17th July 2026,,,,2050,,current_vote,Lib Dem,Q:WC5. Which current UK politician do you think would make the best England football manager?,UNMATCHED,,Andy Burnham,Nigel Farage,Kemi Badenoch,Keir Starmer,Ed Davey,Another politician,,,,,19.1,2.4,4.0,0.8,15.4,4.4,,,,,VI-2026-07-15-Opinium-Observer-Web-Tables-1227.xlsx,WC5
"2,050 UK adults",15th - 17th July 2026,,,,2050,,current_vote,Reform,Q:WC5. Which current UK politician do you think would make the best England football manager?,UNMATCHED,,Andy Burnham,Nigel Farage,Kemi Badenoch,Keir Starmer,Ed Davey,Another politician,,,,,4.7,36.1,7.6,2.8,1.2,1.9,,,,,VI-2026-07-15-Opinium-Observer-Web-Tables-1227.xlsx,WC5
"2,050 UK adults",15th - 17th July 2026,,,,2050,,current_vote,Green,Q:WC5. Which current UK politician do you think would make the best England football manager?,UNMATCHED,,Andy Burnham,Nigel Farage,Kemi Badenoch,Keir Starmer,Ed Davey,Another politician,,,,,14.5,3.8,2.7,4.3,4.4,7.9,,,,,VI-2026-07-15-Opinium-Observer-Web-Tables-1227.xlsx,WC5
"2,050 UK adults",15th - 17th July 2026,,,,2050,,historic_vote,Conservative,Q:WC5. Which current UK politician do you think would make the best England football manager?,UNMATCHED,,Andy Burnham,Nigel Farage,Kemi Badenoch,Keir Starmer,Ed Davey,Another politician,,,,,6.5,10.2,17.2,2.5,3.2,1.9,,,,,VI-2026-07-15-Opinium-Observer-Web-Tables-1227.xlsx,WC5
"2,050 UK adults",15th - 17th July 2026,,,,2050,,historic_vote,Labour,Q:WC5. Which current UK politician do you think would make the best England football manager?,UNMATCHED,,Andy Burnham,Nigel Farage,Kemi Badenoch,Keir Starmer,Ed Davey,Another politician,,,,,23.5,7.4,3.5,11.0,4.5,2.6,,,,,VI-2026-07-15-Opinium-Observer-Web-Tables-1227.xlsx,WC5
"2,050 UK adults",15th - 17th July 2026,,,,2050,,historic_vote,Lib Dems,Q:WC5. Which current UK politician do you think would make the best England football manager?,UNMATCHED,,Andy Burnham,Nigel Farage,Kemi Badenoch,Keir Starmer,Ed Davey,Another politician,,,,,18.3,2.6,5.4,4.7,10.8,3.3,,,,,VI-2026-07-15-Opinium-Observer-Web-Tables-1227.xlsx,WC5
"2,050 UK adults",15th - 17th July 2026,,,,2050,,historic_vote,Green,Q:WC5. Which current UK politician do you think would make the best England football manager?,UNMATCHED,,Andy Burnham,Nigel Farage,Kemi Badenoch,Keir Starmer,Ed Davey,Another politician,,,,,15.2,2.8,5.6,2.6,4.3,10.9,,,,,VI-2026-07-15-Opinium-Observer-Web-Tables-1227.xlsx,WC5
"2,050 UK adults",15th - 17th July 2026,,,,2050,,historic_vote,Reform UK,Q:WC5. Which current UK politician do you think would make the best England football manager?,UNMATCHED,,Andy Burnham,Nigel Farage,Kemi Badenoch,Keir Starmer,Ed Davey,Another politician,,,,,4.4,38.3,5.0,2.9,1.8,5.8,,,,,VI-2026-07-15-Opinium-Observer-Web-Tables-1227.xlsx,WC5
"2,050 UK adults",15th - 17th July 2026,,,,2050,,historic_vote,Con,Q:WC5. Which current UK politician do you think would make the best England football manager?,UNMATCHED,,Andy Burnham,Nigel Farage,Kemi Badenoch,Keir Starmer,Ed Davey,Another politician,,,,,7.0,15.0,13.5,2.7,2.4,2.4,,,,,VI-2026-07-15-Opinium-Observer-Web-Tables-1227.xlsx,WC5
"2,050 UK adults",15th - 17th July 2026,,,,2050,,historic_vote,Lab,Q:WC5. Which current UK politician do you think would make the best England football manager?,UNMATCHED,,Andy Burnham,Nigel Farage,Kemi Badenoch,Keir Starmer,Ed Davey,Another politician,,,,,23.1,6.6,3.7,8.2,4.6,3.6,,,,,VI-2026-07-15-Opinium-Observer-Web-Tables-1227.xlsx,WC5
"2,050 UK adults",15th - 17th July 2026,,,,2050,,historic_vote,Lib Dem,Q:WC5. Which current UK politician do you think would make the best England football manager?,UNMATCHED,,Andy Burnham,Nigel Farage,Kemi Badenoch,Keir Starmer,Ed Davey,Another politician,,,,,22.4,4.1,3.6,3.8,10.1,3.6,,,,,VI-2026-07-15-Opinium-Observer-Web-Tables-1227.xlsx,WC5
"2,050 UK adults",15th - 17th July 2026,,,,2050,,historic_vote,Remain,Q:WC5. Which current UK politician do you think would make the best England football manager?,UNMATCHED,,Andy Burnham,Nigel Farage,Kemi Badenoch,Keir Starmer,Ed Davey,Another politician,,,,,17.6,4.5,5.5,5.0,5.3,3.6,,,,,VI-2026-07-15-Opinium-Observer-Web-Tables-1227.xlsx,WC5
"2,050 UK adults",15th - 17th July 2026,,,,2050,,historic_vote,Leave,Q:WC5. Which current UK politician do you think would make the best England football manager?,UNMATCHED,,Andy Burnham,Nigel Farage,Kemi Badenoch,Keir Starmer,Ed Davey,Another politician,,,,,8.3,17.0,9.1,3.1,1.4,2.9,,,,,VI-2026-07-15-Opinium-Observer-Web-Tables-1227.xlsx,WC5
"2,050 UK adults",15th - 17th July 2026,,,,2050,,gender,Male,Q:WC5. Which current UK politician do you think would make the best England football manager?,UNMATCHED,,Andy Burnham,Nigel Farage,Kemi Badenoch,Keir Starmer,Ed Davey,Another politician,,,,,13.6,16.4,6.2,5.1,3.4,3.4,,,,,VI-2026-07-15-Opinium-Observer-Web-Tables-1227.xlsx,WC5
"2,050 UK adults",15th - 17th July 2026,,,,2050,,gender,Female,Q:WC5. Which current UK politician do you think would make the best England football manager?,UNMATCHED,,Andy Burnham,Nigel Farage,Kemi Badenoch,Keir Starmer,Ed Davey,Another politician,,,,,11.3,6.2,6.7,4.4,3.2,3.8,,,,,VI-2026-07-15-Opinium-Observer-Web-Tables-1227.xlsx,WC5
"2,050 UK adults",15th - 17th July 2026,,,,2050,,age,18-34,Q:WC5. Which current UK politician do you think would make the best England football manager?,UNMATCHED,,Andy Burnham,Nigel Farage,Kemi Badenoch,Keir Starmer,Ed Davey,Another politician,,,,,14.4,14.1,5.5,8.8,4.1,5.3,,,,,VI-2026-07-15-Opinium-Observer-Web-Tables-1227.xlsx,WC5
"2,050 UK adults",15th - 17th July 2026,,,,2050,,age,35-49,Q:WC5. Which current UK politician do you think would make the best England football manager?,UNMATCHED,,Andy Burnham,Nigel Farage,Kemi Badenoch,Keir Starmer,Ed Davey,Another politician,,,,,12.8,11.6,6.8,4.9,3.7,3.2,,,,,VI-2026-07-15-Opinium-Observer-Web-Tables-1227.xlsx,WC5
"2,050 UK adults",15th - 17th July 2026,,,,2050,,age,50-64,Q:WC5. Which current UK politician do you think would make the best England football manager?,UNMATCHED,,Andy Burnham,Nigel Farage,Kemi Badenoch,Keir Starmer,Ed Davey,Another politician,,,,,15.3,10.0,6.5,1.7,2.1,4.2,,,,,VI-2026-07-15-Opinium-Observer-Web-Tables-1227.xlsx,WC5
"2,050 UK adults",15th - 17th July 2026,,,,2050,,age,65+,Q:WC5. Which current UK politician do you think would make the best England football manager?,UNMATCHED,,Andy Burnham,Nigel Farage,Kemi Badenoch,Keir Starmer,Ed Davey,Another politician,,,,,6.3,7.8,7.2,2.8,3.1,1.7,,,,,VI-2026-07-15-Opinium-Observer-Web-Tables-1227.xlsx,WC5
"2,050 UK adults",15th - 17th July 2026,,,,2050,,region,North,Q:WC5. Which current UK politician do you think would make the best England football manager?,UNMATCHED,,Andy Burnham,Nigel Farage,Kemi Badenoch,Keir Starmer,Ed Davey,Another politician,,,,,16.8,10.7,6.7,4.7,3.3,2.9,,,,,VI-2026-07-15-Opinium-Observer-Web-Tables-1227.xlsx,WC5
"2,050 UK adults",15th - 17th July 2026,,,,2050,,region,Mids,Q:WC5. Which current UK politician do you think would make the best England football manager?,UNMATCHED,,Andy Burnham,Nigel Farage,Kemi Badenoch,Keir Starmer,Ed Davey,Another politician,,,,,10.8,8.9,5.1,3.2,3.5,4.0,,,,,VI-2026-07-15-Opinium-Observer-Web-Tables-1227.xlsx,WC5
"2,050 UK adults",15th - 17th July 2026,,,,2050,,region,London,Q:WC5. Which current UK politician do you think would make the best England football manager?,UNMATCHED,,Andy Burnham,Nigel Farage,Kemi Badenoch,Keir Starmer,Ed Davey,Another politician,,,,,13.8,16.6,6.7,5.8,3.4,2.2,,,,,VI-2026-07-15-Opinium-Observer-Web-Tables-1227.xlsx,WC5
"2,050 UK adults",15th - 17th July 2026,,,,2050,,region,South,Q:WC5. Which current UK politician do you think would make the best England football manager?,UNMATCHED,,Andy Burnham,Nigel Farage,Kemi Badenoch,Keir Starmer,Ed Davey,Another politician,,,,,9.1,10.2,6.8,5.5,3.5,4.1,,,,,VI-2026-07-15-Opinium-Observer-Web-Tables-1227.xlsx,WC5
"2,050 UK adults",15th - 17th July 2026,,,,2050,,region,Wales,Q:WC5. Which current UK politician do you think would make the best England football manager?,UNMATCHED,,Andy Burnham,Nigel Farage,Kemi Badenoch,Keir Starmer,Ed Davey,Another politician,,,,,13.4,9.6,7.9,4.3,2.1,2.8,,,,,VI-2026-07-15-Opinium-Observer-Web-Tables-1227.xlsx,WC5
"2,050 UK adults",15th - 17th July 2026,,,,2050,,region,Scotland,Q:WC5. Which current UK politician do you think would make the best England football manager?,UNMATCHED,,Andy Burnham,Nigel Farage,Kemi Badenoch,Keir Starmer,Ed Davey,Another politician,,,,,14.4,10.1,6.1,4.2,3.8,4.1,,,,,VI-2026-07-15-Opinium-Observer-Web-Tables-1227.xlsx,WC5
"2,050 UK adults",15th - 17th July 2026,,,,2050,,region,Northern Ireland,Q:WC5. Which current UK politician do you think would make the best England football manager?,UNMATCHED,,Andy Burnham,Nigel Farage,Kemi Badenoch,Keir Starmer,Ed Davey,Another politician,,,,,4.4,14.1,5.7,1.4,,10.9,,,,,VI-2026-07-15-Opinium-Observer-Web-Tables-1227.xlsx,WC5
"2,050 UK adults",15th - 17th July 2026,,,,2050,,total,Total,"Q:WC4. If they had to swap jobs, who would perform better?",UNMATCHED,,Thomas Tuchel as Prime Minister,Andy Burnham as England manager,,,,,,,,,31.9,21.8,,,,,,,,,VI-2026-07-15-Opinium-Observer-Web-Tables-1227.xlsx,WC4
"2,050 UK adults",15th - 17th July 2026,,,,2050,,current_vote,Con,"Q:WC4. If they had to swap jobs, who would perform better?",UNMATCHED,,Thomas Tuchel as Prime Minister,Andy Burnham as England manager,,,,,,,,,37.0,19.0,,,,,,,,,VI-2026-07-15-Opinium-Observer-Web-Tables-1227.xlsx,WC4
"2,050 UK adults",15th - 17th July 2026,,,,2050,,current_vote,Lab,"Q:WC4. If they had to swap jobs, who would perform better?",UNMATCHED,,Thomas Tuchel as Prime Minister,Andy Burnham as England manager,,,,,,,,,22.5,43.9,,,,,,,,,VI-2026-07-15-Opinium-Observer-Web-Tables-1227.xlsx,WC4
"2,050 UK adults",15th - 17th July 2026,,,,2050,,current_vote,Lib Dem,"Q:WC4. If they had to swap jobs, who would perform better?",UNMATCHED,,Thomas Tuchel as Prime Minister,Andy Burnham as England manager,,,,,,,,,25.6,28.0,,,,,,,,,VI-2026-07-15-Opinium-Observer-Web-Tables-1227.xlsx,WC4
"2,050 UK adults",15th - 17th July 2026,,,,2050,,current_vote,Reform,"Q:WC4. If they had to swap jobs, who would perform better?",UNMATCHED,,Thomas Tuchel as Prime Minister,Andy Burnham as England manager,,,,,,,,,44.4,13.8,,,,,,,,,VI-2026-07-15-Opinium-Observer-Web-Tables-1227.xlsx,WC4
"2,050 UK adults",15th - 17th July 2026,,,,2050,,current_vote,Green,"Q:WC4. If they had to swap jobs, who would perform better?",UNMATCHED,,Thomas Tuchel as Prime Minister,Andy Burnham as England manager,,,,,,,,,34.8,28.6,,,,,,,,,VI-2026-07-15-Opinium-Observer-Web-Tables-1227.xlsx,WC4
"2,050 UK adults",15th - 17th July 2026,,,,2050,,historic_vote,Conservative,"Q:WC4. If they had to swap jobs, who would perform better?",UNMATCHED,,Thomas Tuchel as Prime Minister,Andy Burnham as England manager,,,,,,,,,36.9,14.5,,,,,,,,,VI-2026-07-15-Opinium-Observer-Web-Tables-1227.xlsx,WC4
"2,050 UK adults",15th - 17th July 2026,,,,2050,,historic_vote,Labour,"Q:WC4. If they had to swap jobs, who would perform better?",UNMATCHED,,Thomas Tuchel as Prime Minister,Andy Burnham as England manager,,,,,,,,,25.4,36.0,,,,,,,,,VI-2026-07-15-Opinium-Observer-Web-Tables-1227.xlsx,WC4
"2,050 UK adults",15th - 17th July 2026,,,,2050,,historic_vote,Lib Dems,"Q:WC4. If they had to swap jobs, who would perform better?",UNMATCHED,,Thomas Tuchel as Prime Minister,Andy Burnham as England manager,,,,,,,,,25.4,30.4,,,,,,,,,VI-2026-07-15-Opinium-Observer-Web-Tables-1227.xlsx,WC4
"2,050 UK adults",15th - 17th July 2026,,,,2050,,historic_vote,Green,"Q:WC4. If they had to swap jobs, who would perform better?",UNMATCHED,,Thomas Tuchel as Prime Minister,Andy Burnham as England manager,,,,,,,,,25.8,33.6,,,,,,,,,VI-2026-07-15-Opinium-Observer-Web-Tables-1227.xlsx,WC4
"2,050 UK adults",15th - 17th July 2026,,,,2050,,historic_vote,Reform UK,"Q:WC4. If they had to swap jobs, who would perform better?",UNMATCHED,,Thomas Tuchel as Prime Minister,Andy Burnham as England manager,,,,,,,,,47.1,12.1,,,,,,,,,VI-2026-07-15-Opinium-Observer-Web-Tables-1227.xlsx,WC4
"2,050 UK adults",15th - 17th July 2026,,,,2050,,historic_vote,Con,"Q:WC4. If they had to swap jobs, who would perform better?",UNMATCHED,,Thomas Tuchel as Prime Minister,Andy Burnham as England manager,,,,,,,,,36.0,15.8,,,,,,,,,VI-2026-07-15-Opinium-Observer-Web-Tables-1227.xlsx,WC4
"2,050 UK adults",15th - 17th July 2026,,,,2050,,historic_vote,Lab,"Q:WC4. If they had to swap jobs, who would perform better?",UNMATCHED,,Thomas Tuchel as Prime Minister,Andy Burnham as England manager,,,,,,,,,23.6,36.4,,,,,,,,,VI-2026-07-15-Opinium-Observer-Web-Tables-1227.xlsx,WC4
"2,050 UK adults",15th - 17th July 2026,,,,2050,,historic_vote,Lib Dem,"Q:WC4. If they had to swap jobs, who would perform better?",UNMATCHED,,Thomas Tuchel as Prime Minister,Andy Burnham as England manager,,,,,,,,,27.2,31.7,,,,,,,,,VI-2026-07-15-Opinium-Observer-Web-Tables-1227.xlsx,WC4
"2,050 UK adults",15th - 17th July 2026,,,,2050,,historic_vote,Remain,"Q:WC4. If they had to swap jobs, who would perform better?",UNMATCHED,,Thomas Tuchel as Prime Minister,Andy Burnham as England manager,,,,,,,,,26.4,31.4,,,,,,,,,VI-2026-07-15-Opinium-Observer-Web-Tables-1227.xlsx,WC4
"2,050 UK adults",15th - 17th July 2026,,,,2050,,historic_vote,Leave,"Q:WC4. If they had to swap jobs, who would perform better?",UNMATCHED,,Thomas Tuchel as Prime Minister,Andy Burnham as England manager,,,,,,,,,36.0,14.6,,,,,,,,,VI-2026-07-15-Opinium-Observer-Web-Tables-1227.xlsx,WC4
"2,050 UK adults",15th - 17th July 2026,,,,2050,,gender,Male,"Q:WC4. If they had to swap jobs, who would perform better?",UNMATCHED,,Thomas Tuchel as Prime Minister,Andy Burnham as England manager,,,,,,,,,37.1,21.9,,,,,,,,,VI-2026-07-15-Opinium-Observer-Web-Tables-1227.xlsx,WC4
"2,050 UK adults",15th - 17th July 2026,,,,2050,,gender,Female,"Q:WC4. If they had to swap jobs, who would perform better?",UNMATCHED,,Thomas Tuchel as Prime Minister,Andy Burnham as England manager,,,,,,,,,27.3,21.7,,,,,,,,,VI-2026-07-15-Opinium-Observer-Web-Tables-1227.xlsx,WC4
"2,050 UK adults",15th - 17th July 2026,,,,2050,,age,18-34,"Q:WC4. If they had to swap jobs, who would perform better?",UNMATCHED,,Thomas Tuchel as Prime Minister,Andy Burnham as England manager,,,,,,,,,41.3,26.6,,,,,,,,,VI-2026-07-15-Opinium-Observer-Web-Tables-1227.xlsx,WC4
"2,050 UK adults",15th - 17th July 2026,,,,2050,,age,35-49,"Q:WC4. If they had to swap jobs, who would perform better?",UNMATCHED,,Thomas Tuchel as Prime Minister,Andy Burnham as England manager,,,,,,,,,33.6,22.6,,,,,,,,,VI-2026-07-15-Opinium-Observer-Web-Tables-1227.xlsx,WC4
"2,050 UK adults",15th - 17th July 2026,,,,2050,,age,50-64,"Q:WC4. If they had to swap jobs, who would perform better?",UNMATCHED,,Thomas Tuchel as Prime Minister,Andy Burnham as England manager,,,,,,,,,26.1,22.9,,,,,,,,,VI-2026-07-15-Opinium-Observer-Web-Tables-1227.xlsx,WC4
"2,050 UK adults",15th - 17th July 2026,,,,2050,,age,65+,"Q:WC4. If they had to swap jobs, who would perform better?",UNMATCHED,,Thomas Tuchel as Prime Minister,Andy Burnham as England manager,,,,,,,,,25.5,14.2,,,,,,,,,VI-2026-07-15-Opinium-Observer-Web-Tables-1227.xlsx,WC4
"2,050 UK adults",15th - 17th July 2026,,,,2050,,region,North,"Q:WC4. If they had to swap jobs, who would perform better?",UNMATCHED,,Thomas Tuchel as Prime Minister,Andy Burnham as England manager,,,,,,,,,32.2,24.3,,,,,,,,,VI-2026-07-15-Opinium-Observer-Web-Tables-1227.xlsx,WC4
"2,050 UK adults",15th - 17th July 2026,,,,2050,,region,Mids,"Q:WC4. If they had to swap jobs, who would perform better?",UNMATCHED,,Thomas Tuchel as Prime Minister,Andy Burnham as England manager,,,,,,,,,34.4,17.9,,,,,,,,,VI-2026-07-15-Opinium-Observer-Web-Tables-1227.xlsx,WC4
"2,050 UK adults",15th - 17th July 2026,,,,2050,,region,London,"Q:WC4. If they had to swap jobs, who would perform better?",UNMATCHED,,Thomas Tuchel as Prime Minister,Andy Burnham as England manager,,,,,,,,,35.4,25.3,,,,,,,,,VI-2026-07-15-Opinium-Observer-Web-Tables-1227.xlsx,WC4
"2,050 UK adults",15th - 17th July 2026,,,,2050,,region,South,"Q:WC4. If they had to swap jobs, who would perform better?",UNMATCHED,,Thomas Tuchel as Prime Minister,Andy Burnham as England manager,,,,,,,,,31.0,19.6,,,,,,,,,VI-2026-07-15-Opinium-Observer-Web-Tables-1227.xlsx,WC4
"2,050 UK adults",15th - 17th July 2026,,,,2050,,region,Wales,"Q:WC4. If they had to swap jobs, who would perform better?",UNMATCHED,,Thomas Tuchel as Prime Minister,Andy Burnham as England manager,,,,,,,,,27.8,22.8,,,,,,,,,VI-2026-07-15-Opinium-Observer-Web-Tables-1227.xlsx,WC4
"2,050 UK adults",15th - 17th July 2026,,,,2050,,region,Scotland,"Q:WC4. If they had to swap jobs, who would perform better?",UNMATCHED,,Thomas Tuchel as Prime Minister,Andy Burnham as England manager,,,,,,,,,27.4,24.9,,,,,,,,,VI-2026-07-15-Opinium-Observer-Web-Tables-1227.xlsx,WC4
"2,050 UK adults",15th - 17th July 2026,,,,2050,,region,Northern Ireland,"Q:WC4. If they had to swap jobs, who would perform better?",UNMATCHED,,Thomas Tuchel as Prime Minister,Andy Burnham as England manager,,,,,,,,,30.7,19.9,,,,,,,,,VI-2026-07-15-Opinium-Observer-Web-Tables-1227.xlsx,WC4
