Headline sample,Fieldwork dates,Fieldwork end date,Full fieldwork dates,Parliament,Sample size,Pollster,Subsample dimension,Subsample,Question detail,canonical_question,match_pattern,#1,#2,#3,#4,#5,#6,#7,#8,#9,#10,#1,#2,#3,#4,#5,#6,#7,#8,#9,#10,source_file,sheet
"2,050 UK adults",12 - 14 August 2026,,,,1798,,total,Total,"Q:V003. If there were a general election tomorrow, for which party would you vote?",Voting intention (Westminster),general election tomorrow,Conservative,Labour,Liberal Democrat,Green,Reform UK,Some other party / an independent candidate,,,,,15.0,23.5,8.7,9.3,21.5,4.3,,,,,Vi-2026-08-12-Opinium-Observer-Web-Data-tables-1707.xlsx,V003
"2,050 UK adults",12 - 14 August 2026,,,,1798,,current_vote,Con,"Q:V003. If there were a general election tomorrow, for which party would you vote?",Voting intention (Westminster),general election tomorrow,Conservative,Labour,Liberal Democrat,Green,Reform UK,Some other party / an independent candidate,,,,,,,,,,,,,,,Vi-2026-08-12-Opinium-Observer-Web-Data-tables-1707.xlsx,V003
"2,050 UK adults",12 - 14 August 2026,,,,1798,,current_vote,Lab,"Q:V003. If there were a general election tomorrow, for which party would you vote?",Voting intention (Westminster),general election tomorrow,Conservative,Labour,Liberal Democrat,Green,Reform UK,Some other party / an independent candidate,,,,,,,,,,,,,,,Vi-2026-08-12-Opinium-Observer-Web-Data-tables-1707.xlsx,V003
"2,050 UK adults",12 - 14 August 2026,,,,1798,,current_vote,Lib Dem,"Q:V003. If there were a general election tomorrow, for which party would you vote?",Voting intention (Westminster),general election tomorrow,Conservative,Labour,Liberal Democrat,Green,Reform UK,Some other party / an independent candidate,,,,,,,,,,,,,,,Vi-2026-08-12-Opinium-Observer-Web-Data-tables-1707.xlsx,V003
"2,050 UK adults",12 - 14 August 2026,,,,1798,,current_vote,Reform,"Q:V003. If there were a general election tomorrow, for which party would you vote?",Voting intention (Westminster),general election tomorrow,Conservative,Labour,Liberal Democrat,Green,Reform UK,Some other party / an independent candidate,,,,,,,,,,,,,,,Vi-2026-08-12-Opinium-Observer-Web-Data-tables-1707.xlsx,V003
"2,050 UK adults",12 - 14 August 2026,,,,1798,,current_vote,Green,"Q:V003. If there were a general election tomorrow, for which party would you vote?",Voting intention (Westminster),general election tomorrow,Conservative,Labour,Liberal Democrat,Green,Reform UK,Some other party / an independent candidate,,,,,,,,,,,,,,,Vi-2026-08-12-Opinium-Observer-Web-Data-tables-1707.xlsx,V003
"2,050 UK adults",12 - 14 August 2026,,,,1798,,historic_vote,Conservative,"Q:V003. If there were a general election tomorrow, for which party would you vote?",Voting intention (Westminster),general election tomorrow,Conservative,Labour,Liberal Democrat,Green,Reform UK,Some other party / an independent candidate,,,,,61.8,2.7,0.6,0.3,21.8,2.9,,,,,Vi-2026-08-12-Opinium-Observer-Web-Data-tables-1707.xlsx,V003
"2,050 UK adults",12 - 14 August 2026,,,,1798,,historic_vote,Labour,"Q:V003. If there were a general election tomorrow, for which party would you vote?",Voting intention (Westminster),general election tomorrow,Conservative,Labour,Liberal Democrat,Green,Reform UK,Some other party / an independent candidate,,,,,2.3,63.3,3.8,8.6,7.6,2.8,,,,,Vi-2026-08-12-Opinium-Observer-Web-Data-tables-1707.xlsx,V003
"2,050 UK adults",12 - 14 August 2026,,,,1798,,historic_vote,Lib Dems,"Q:V003. If there were a general election tomorrow, for which party would you vote?",Voting intention (Westminster),general election tomorrow,Conservative,Labour,Liberal Democrat,Green,Reform UK,Some other party / an independent candidate,,,,,2.3,12.8,61.2,4.9,7.5,2.2,,,,,Vi-2026-08-12-Opinium-Observer-Web-Data-tables-1707.xlsx,V003
"2,050 UK adults",12 - 14 August 2026,,,,1798,,historic_vote,Green,"Q:V003. If there were a general election tomorrow, for which party would you vote?",Voting intention (Westminster),general election tomorrow,Conservative,Labour,Liberal Democrat,Green,Reform UK,Some other party / an independent candidate,,,,,1.8,10.8,3.4,62.4,5.9,4.3,,,,,Vi-2026-08-12-Opinium-Observer-Web-Data-tables-1707.xlsx,V003
"2,050 UK adults",12 - 14 August 2026,,,,1798,,historic_vote,Reform UK,"Q:V003. If there were a general election tomorrow, for which party would you vote?",Voting intention (Westminster),general election tomorrow,Conservative,Labour,Liberal Democrat,Green,Reform UK,Some other party / an independent candidate,,,,,2.0,0.5,0.5,2.1,82.4,7.9,,,,,Vi-2026-08-12-Opinium-Observer-Web-Data-tables-1707.xlsx,V003
"2,050 UK adults",12 - 14 August 2026,,,,1798,,historic_vote,Con,"Q:V003. If there were a general election tomorrow, for which party would you vote?",Voting intention (Westminster),general election tomorrow,Conservative,Labour,Liberal Democrat,Green,Reform UK,Some other party / an independent candidate,,,,,37.8,5.3,3.8,1.5,33.6,4.2,,,,,Vi-2026-08-12-Opinium-Observer-Web-Data-tables-1707.xlsx,V003
"2,050 UK adults",12 - 14 August 2026,,,,1798,,historic_vote,Lab,"Q:V003. If there were a general election tomorrow, for which party would you vote?",Voting intention (Westminster),general election tomorrow,Conservative,Labour,Liberal Democrat,Green,Reform UK,Some other party / an independent candidate,,,,,1.3,62.6,4.2,10.9,7.8,3.2,,,,,Vi-2026-08-12-Opinium-Observer-Web-Data-tables-1707.xlsx,V003
"2,050 UK adults",12 - 14 August 2026,,,,1798,,historic_vote,Lib Dem,"Q:V003. If there were a general election tomorrow, for which party would you vote?",Voting intention (Westminster),general election tomorrow,Conservative,Labour,Liberal Democrat,Green,Reform UK,Some other party / an independent candidate,,,,,1.0,17.9,57.8,6.4,5.5,1.6,,,,,Vi-2026-08-12-Opinium-Observer-Web-Data-tables-1707.xlsx,V003
"2,050 UK adults",12 - 14 August 2026,,,,1798,,historic_vote,Remain,"Q:V003. If there were a general election tomorrow, for which party would you vote?",Voting intention (Westminster),general election tomorrow,Conservative,Labour,Liberal Democrat,Green,Reform UK,Some other party / an independent candidate,,,,,12.6,36.5,15.0,10.4,7.1,2.7,,,,,Vi-2026-08-12-Opinium-Observer-Web-Data-tables-1707.xlsx,V003
"2,050 UK adults",12 - 14 August 2026,,,,1798,,historic_vote,Leave,"Q:V003. If there were a general election tomorrow, for which party would you vote?",Voting intention (Westminster),general election tomorrow,Conservative,Labour,Liberal Democrat,Green,Reform UK,Some other party / an independent candidate,,,,,20.1,12.7,4.7,3.6,36.4,6.7,,,,,Vi-2026-08-12-Opinium-Observer-Web-Data-tables-1707.xlsx,V003
"2,050 UK adults",12 - 14 August 2026,,,,1798,,gender,Male,"Q:V003. If there were a general election tomorrow, for which party would you vote?",Voting intention (Westminster),general election tomorrow,Conservative,Labour,Liberal Democrat,Green,Reform UK,Some other party / an independent candidate,,,,,15.5,23.3,9.1,7.5,25.7,4.7,,,,,Vi-2026-08-12-Opinium-Observer-Web-Data-tables-1707.xlsx,V003
"2,050 UK adults",12 - 14 August 2026,,,,1798,,gender,Female,"Q:V003. If there were a general election tomorrow, for which party would you vote?",Voting intention (Westminster),general election tomorrow,Conservative,Labour,Liberal Democrat,Green,Reform UK,Some other party / an independent candidate,,,,,14.7,23.6,8.5,10.8,17.5,3.9,,,,,Vi-2026-08-12-Opinium-Observer-Web-Data-tables-1707.xlsx,V003
"2,050 UK adults",12 - 14 August 2026,,,,1798,,age,18-34,"Q:V003. If there were a general election tomorrow, for which party would you vote?",Voting intention (Westminster),general election tomorrow,Conservative,Labour,Liberal Democrat,Green,Reform UK,Some other party / an independent candidate,,,,,8.5,28.1,6.7,17.6,18.3,3.9,,,,,Vi-2026-08-12-Opinium-Observer-Web-Data-tables-1707.xlsx,V003
"2,050 UK adults",12 - 14 August 2026,,,,1798,,age,35-49,"Q:V003. If there were a general election tomorrow, for which party would you vote?",Voting intention (Westminster),general election tomorrow,Conservative,Labour,Liberal Democrat,Green,Reform UK,Some other party / an independent candidate,,,,,11.4,26.9,7.7,11.0,19.4,4.5,,,,,Vi-2026-08-12-Opinium-Observer-Web-Data-tables-1707.xlsx,V003
"2,050 UK adults",12 - 14 August 2026,,,,1798,,age,50-64,"Q:V003. If there were a general election tomorrow, for which party would you vote?",Voting intention (Westminster),general election tomorrow,Conservative,Labour,Liberal Democrat,Green,Reform UK,Some other party / an independent candidate,,,,,14.7,24.9,10.9,6.7,19.6,5.6,,,,,Vi-2026-08-12-Opinium-Observer-Web-Data-tables-1707.xlsx,V003
"2,050 UK adults",12 - 14 August 2026,,,,1798,,age,65+,"Q:V003. If there were a general election tomorrow, for which party would you vote?",Voting intention (Westminster),general election tomorrow,Conservative,Labour,Liberal Democrat,Green,Reform UK,Some other party / an independent candidate,,,,,25.9,13.5,9.7,1.7,28.9,3.3,,,,,Vi-2026-08-12-Opinium-Observer-Web-Data-tables-1707.xlsx,V003
"2,050 UK adults",12 - 14 August 2026,,,,1798,,region,North,"Q:V003. If there were a general election tomorrow, for which party would you vote?",Voting intention (Westminster),general election tomorrow,Conservative,Labour,Liberal Democrat,Green,Reform UK,Some other party / an independent candidate,,,,,12.9,29.9,8.2,11.6,21.5,3.5,,,,,Vi-2026-08-12-Opinium-Observer-Web-Data-tables-1707.xlsx,V003
"2,050 UK adults",12 - 14 August 2026,,,,1798,,region,Mids,"Q:V003. If there were a general election tomorrow, for which party would you vote?",Voting intention (Westminster),general election tomorrow,Conservative,Labour,Liberal Democrat,Green,Reform UK,Some other party / an independent candidate,,,,,17.4,21.1,7.5,8.7,23.4,3.9,,,,,Vi-2026-08-12-Opinium-Observer-Web-Data-tables-1707.xlsx,V003
"2,050 UK adults",12 - 14 August 2026,,,,1798,,region,London,"Q:V003. If there were a general election tomorrow, for which party would you vote?",Voting intention (Westminster),general election tomorrow,Conservative,Labour,Liberal Democrat,Green,Reform UK,Some other party / an independent candidate,,,,,16.2,31.4,6.4,10.1,16.2,4.0,,,,,Vi-2026-08-12-Opinium-Observer-Web-Data-tables-1707.xlsx,V003
"2,050 UK adults",12 - 14 August 2026,,,,1798,,region,South,"Q:V003. If there were a general election tomorrow, for which party would you vote?",Voting intention (Westminster),general election tomorrow,Conservative,Labour,Liberal Democrat,Green,Reform UK,Some other party / an independent candidate,,,,,17.4,18.1,12.4,7.5,24.5,5.0,,,,,Vi-2026-08-12-Opinium-Observer-Web-Data-tables-1707.xlsx,V003
"2,050 UK adults",12 - 14 August 2026,,,,1798,,region,Wales,"Q:V003. If there were a general election tomorrow, for which party would you vote?",Voting intention (Westminster),general election tomorrow,Conservative,Labour,Liberal Democrat,Green,Reform UK,Some other party / an independent candidate,,,,,12.4,18.6,4.8,7.6,25.4,,,,,,Vi-2026-08-12-Opinium-Observer-Web-Data-tables-1707.xlsx,V003
"2,050 UK adults",12 - 14 August 2026,,,,1798,,region,Scotland,"Q:V003. If there were a general election tomorrow, for which party would you vote?",Voting intention (Westminster),general election tomorrow,Conservative,Labour,Liberal Democrat,Green,Reform UK,Some other party / an independent candidate,,,,,6.9,21.9,3.5,11.1,11.7,7.8,,,,,Vi-2026-08-12-Opinium-Observer-Web-Data-tables-1707.xlsx,V003
"2,050 UK adults",12 - 14 August 2026,,,,1798,,region,Northern Ireland,"Q:V003. If there were a general election tomorrow, for which party would you vote?",Voting intention (Westminster),general election tomorrow,Conservative,Labour,Liberal Democrat,Green,Reform UK,Some other party / an independent candidate,,,,,,,,,,,,,,,Vi-2026-08-12-Opinium-Observer-Web-Data-tables-1707.xlsx,V003
"2,050 UK adults",12 - 14 August 2026,,,,78,,total,Total,"Q:V003B. You mentioned you would vote for another party if there was a general election tomorrow. Which of the below, if any, would you vote for?",Voting intention (Westminster),general election tomorrow,Restore Britain,An independent candidate,,,,,,,,,65.1,13.1,,,,,,,,,Vi-2026-08-12-Opinium-Observer-Web-Data-tables-1707.xlsx,V003B
"2,050 UK adults",12 - 14 August 2026,,,,78,,current_vote,Con,"Q:V003B. You mentioned you would vote for another party if there was a general election tomorrow. Which of the below, if any, would you vote for?",Voting intention (Westminster),general election tomorrow,Restore Britain,An independent candidate,,,,,,,,,,,,,,,,,,,Vi-2026-08-12-Opinium-Observer-Web-Data-tables-1707.xlsx,V003B
"2,050 UK adults",12 - 14 August 2026,,,,78,,current_vote,Lab,"Q:V003B. You mentioned you would vote for another party if there was a general election tomorrow. Which of the below, if any, would you vote for?",Voting intention (Westminster),general election tomorrow,Restore Britain,An independent candidate,,,,,,,,,,,,,,,,,,,Vi-2026-08-12-Opinium-Observer-Web-Data-tables-1707.xlsx,V003B
"2,050 UK adults",12 - 14 August 2026,,,,78,,current_vote,Lib Dem,"Q:V003B. You mentioned you would vote for another party if there was a general election tomorrow. Which of the below, if any, would you vote for?",Voting intention (Westminster),general election tomorrow,Restore Britain,An independent candidate,,,,,,,,,,,,,,,,,,,Vi-2026-08-12-Opinium-Observer-Web-Data-tables-1707.xlsx,V003B
"2,050 UK adults",12 - 14 August 2026,,,,78,,current_vote,Reform,"Q:V003B. You mentioned you would vote for another party if there was a general election tomorrow. Which of the below, if any, would you vote for?",Voting intention (Westminster),general election tomorrow,Restore Britain,An independent candidate,,,,,,,,,,,,,,,,,,,Vi-2026-08-12-Opinium-Observer-Web-Data-tables-1707.xlsx,V003B
"2,050 UK adults",12 - 14 August 2026,,,,78,,current_vote,Green,"Q:V003B. You mentioned you would vote for another party if there was a general election tomorrow. Which of the below, if any, would you vote for?",Voting intention (Westminster),general election tomorrow,Restore Britain,An independent candidate,,,,,,,,,,,,,,,,,,,Vi-2026-08-12-Opinium-Observer-Web-Data-tables-1707.xlsx,V003B
"2,050 UK adults",12 - 14 August 2026,,,,78,,historic_vote,Conservative,"Q:V003B. You mentioned you would vote for another party if there was a general election tomorrow. Which of the below, if any, would you vote for?",Voting intention (Westminster),general election tomorrow,Restore Britain,An independent candidate,,,,,,,,,88.7,11.3,,,,,,,,,Vi-2026-08-12-Opinium-Observer-Web-Data-tables-1707.xlsx,V003B
"2,050 UK adults",12 - 14 August 2026,,,,78,,historic_vote,Labour,"Q:V003B. You mentioned you would vote for another party if there was a general election tomorrow. Which of the below, if any, would you vote for?",Voting intention (Westminster),general election tomorrow,Restore Britain,An independent candidate,,,,,,,,,77.1,6.4,,,,,,,,,Vi-2026-08-12-Opinium-Observer-Web-Data-tables-1707.xlsx,V003B
"2,050 UK adults",12 - 14 August 2026,,,,78,,historic_vote,Lib Dems,"Q:V003B. You mentioned you would vote for another party if there was a general election tomorrow. Which of the below, if any, would you vote for?",Voting intention (Westminster),general election tomorrow,Restore Britain,An independent candidate,,,,,,,,,43.5,,,,,,,,,,Vi-2026-08-12-Opinium-Observer-Web-Data-tables-1707.xlsx,V003B
"2,050 UK adults",12 - 14 August 2026,,,,78,,historic_vote,Green,"Q:V003B. You mentioned you would vote for another party if there was a general election tomorrow. Which of the below, if any, would you vote for?",Voting intention (Westminster),general election tomorrow,Restore Britain,An independent candidate,,,,,,,,,41.1,17.1,,,,,,,,,Vi-2026-08-12-Opinium-Observer-Web-Data-tables-1707.xlsx,V003B
"2,050 UK adults",12 - 14 August 2026,,,,78,,historic_vote,Reform UK,"Q:V003B. You mentioned you would vote for another party if there was a general election tomorrow. Which of the below, if any, would you vote for?",Voting intention (Westminster),general election tomorrow,Restore Britain,An independent candidate,,,,,,,,,90.3,,,,,,,,,,Vi-2026-08-12-Opinium-Observer-Web-Data-tables-1707.xlsx,V003B
"2,050 UK adults",12 - 14 August 2026,,,,78,,historic_vote,Con,"Q:V003B. You mentioned you would vote for another party if there was a general election tomorrow. Which of the below, if any, would you vote for?",Voting intention (Westminster),general election tomorrow,Restore Britain,An independent candidate,,,,,,,,,89.1,4.5,,,,,,,,,Vi-2026-08-12-Opinium-Observer-Web-Data-tables-1707.xlsx,V003B
"2,050 UK adults",12 - 14 August 2026,,,,78,,historic_vote,Lab,"Q:V003B. You mentioned you would vote for another party if there was a general election tomorrow. Which of the below, if any, would you vote for?",Voting intention (Westminster),general election tomorrow,Restore Britain,An independent candidate,,,,,,,,,60.4,18.6,,,,,,,,,Vi-2026-08-12-Opinium-Observer-Web-Data-tables-1707.xlsx,V003B
"2,050 UK adults",12 - 14 August 2026,,,,78,,historic_vote,Lib Dem,"Q:V003B. You mentioned you would vote for another party if there was a general election tomorrow. Which of the below, if any, would you vote for?",Voting intention (Westminster),general election tomorrow,Restore Britain,An independent candidate,,,,,,,,,,,,,,,,,,,Vi-2026-08-12-Opinium-Observer-Web-Data-tables-1707.xlsx,V003B
"2,050 UK adults",12 - 14 August 2026,,,,78,,historic_vote,Remain,"Q:V003B. You mentioned you would vote for another party if there was a general election tomorrow. Which of the below, if any, would you vote for?",Voting intention (Westminster),general election tomorrow,Restore Britain,An independent candidate,,,,,,,,,57.3,14.9,,,,,,,,,Vi-2026-08-12-Opinium-Observer-Web-Data-tables-1707.xlsx,V003B
"2,050 UK adults",12 - 14 August 2026,,,,78,,historic_vote,Leave,"Q:V003B. You mentioned you would vote for another party if there was a general election tomorrow. Which of the below, if any, would you vote for?",Voting intention (Westminster),general election tomorrow,Restore Britain,An independent candidate,,,,,,,,,68.8,15.2,,,,,,,,,Vi-2026-08-12-Opinium-Observer-Web-Data-tables-1707.xlsx,V003B
"2,050 UK adults",12 - 14 August 2026,,,,78,,gender,Male,"Q:V003B. You mentioned you would vote for another party if there was a general election tomorrow. Which of the below, if any, would you vote for?",Voting intention (Westminster),general election tomorrow,Restore Britain,An independent candidate,,,,,,,,,76.5,6.8,,,,,,,,,Vi-2026-08-12-Opinium-Observer-Web-Data-tables-1707.xlsx,V003B
"2,050 UK adults",12 - 14 August 2026,,,,78,,gender,Female,"Q:V003B. You mentioned you would vote for another party if there was a general election tomorrow. Which of the below, if any, would you vote for?",Voting intention (Westminster),general election tomorrow,Restore Britain,An independent candidate,,,,,,,,,50.6,20.9,,,,,,,,,Vi-2026-08-12-Opinium-Observer-Web-Data-tables-1707.xlsx,V003B
"2,050 UK adults",12 - 14 August 2026,,,,78,,age,18-34,"Q:V003B. You mentioned you would vote for another party if there was a general election tomorrow. Which of the below, if any, would you vote for?",Voting intention (Westminster),general election tomorrow,Restore Britain,An independent candidate,,,,,,,,,56.5,11.1,,,,,,,,,Vi-2026-08-12-Opinium-Observer-Web-Data-tables-1707.xlsx,V003B
"2,050 UK adults",12 - 14 August 2026,,,,78,,age,35-49,"Q:V003B. You mentioned you would vote for another party if there was a general election tomorrow. Which of the below, if any, would you vote for?",Voting intention (Westminster),general election tomorrow,Restore Britain,An independent candidate,,,,,,,,,77.5,16.8,,,,,,,,,Vi-2026-08-12-Opinium-Observer-Web-Data-tables-1707.xlsx,V003B
"2,050 UK adults",12 - 14 August 2026,,,,78,,age,50-64,"Q:V003B. You mentioned you would vote for another party if there was a general election tomorrow. Which of the below, if any, would you vote for?",Voting intention (Westminster),general election tomorrow,Restore Britain,An independent candidate,,,,,,,,,57.2,14.4,,,,,,,,,Vi-2026-08-12-Opinium-Observer-Web-Data-tables-1707.xlsx,V003B
"2,050 UK adults",12 - 14 August 2026,,,,78,,age,65+,"Q:V003B. You mentioned you would vote for another party if there was a general election tomorrow. Which of the below, if any, would you vote for?",Voting intention (Westminster),general election tomorrow,Restore Britain,An independent candidate,,,,,,,,,73.0,8.3,,,,,,,,,Vi-2026-08-12-Opinium-Observer-Web-Data-tables-1707.xlsx,V003B
"2,050 UK adults",12 - 14 August 2026,,,,78,,region,North,"Q:V003B. You mentioned you would vote for another party if there was a general election tomorrow. Which of the below, if any, would you vote for?",Voting intention (Westminster),general election tomorrow,Restore Britain,An independent candidate,,,,,,,,,60.1,22.0,,,,,,,,,Vi-2026-08-12-Opinium-Observer-Web-Data-tables-1707.xlsx,V003B
"2,050 UK adults",12 - 14 August 2026,,,,78,,region,Mids,"Q:V003B. You mentioned you would vote for another party if there was a general election tomorrow. Which of the below, if any, would you vote for?",Voting intention (Westminster),general election tomorrow,Restore Britain,An independent candidate,,,,,,,,,78.7,12.3,,,,,,,,,Vi-2026-08-12-Opinium-Observer-Web-Data-tables-1707.xlsx,V003B
"2,050 UK adults",12 - 14 August 2026,,,,78,,region,London,"Q:V003B. You mentioned you would vote for another party if there was a general election tomorrow. Which of the below, if any, would you vote for?",Voting intention (Westminster),general election tomorrow,Restore Britain,An independent candidate,,,,,,,,,,16.0,,,,,,,,,Vi-2026-08-12-Opinium-Observer-Web-Data-tables-1707.xlsx,V003B
"2,050 UK adults",12 - 14 August 2026,,,,78,,region,South,"Q:V003B. You mentioned you would vote for another party if there was a general election tomorrow. Which of the below, if any, would you vote for?",Voting intention (Westminster),general election tomorrow,Restore Britain,An independent candidate,,,,,,,,,75.0,13.4,,,,,,,,,Vi-2026-08-12-Opinium-Observer-Web-Data-tables-1707.xlsx,V003B
"2,050 UK adults",12 - 14 August 2026,,,,78,,region,Wales,"Q:V003B. You mentioned you would vote for another party if there was a general election tomorrow. Which of the below, if any, would you vote for?",Voting intention (Westminster),general election tomorrow,Restore Britain,An independent candidate,,,,,,,,,,,,,,,,,,,Vi-2026-08-12-Opinium-Observer-Web-Data-tables-1707.xlsx,V003B
"2,050 UK adults",12 - 14 August 2026,,,,78,,region,Scotland,"Q:V003B. You mentioned you would vote for another party if there was a general election tomorrow. Which of the below, if any, would you vote for?",Voting intention (Westminster),general election tomorrow,Restore Britain,An independent candidate,,,,,,,,,81.9,,,,,,,,,,Vi-2026-08-12-Opinium-Observer-Web-Data-tables-1707.xlsx,V003B
"2,050 UK adults",12 - 14 August 2026,,,,78,,region,Northern Ireland,"Q:V003B. You mentioned you would vote for another party if there was a general election tomorrow. Which of the below, if any, would you vote for?",Voting intention (Westminster),general election tomorrow,Restore Britain,An independent candidate,,,,,,,,,,,,,,,,,,,Vi-2026-08-12-Opinium-Observer-Web-Data-tables-1707.xlsx,V003B
"2,050 UK adults",12 - 14 August 2026,,,,1536,,total,Total,Q:HeadlineVI. Headline VI,Voting intention (Westminster),headline vi,Con,Lab,Lib Dem,Green,Reform,Other,,,,,17.6,27.5,10.2,10.9,25.2,5.1,,,,,Vi-2026-08-12-Opinium-Observer-Web-Data-tables-1707.xlsx,HeadlineVI
"2,050 UK adults",12 - 14 August 2026,,,,1536,,current_vote,Con,Q:HeadlineVI. Headline VI,Voting intention (Westminster),headline vi,Con,Lab,Lib Dem,Green,Reform,Other,,,,,,,,,,,,,,,Vi-2026-08-12-Opinium-Observer-Web-Data-tables-1707.xlsx,HeadlineVI
"2,050 UK adults",12 - 14 August 2026,,,,1536,,current_vote,Lab,Q:HeadlineVI. Headline VI,Voting intention (Westminster),headline vi,Con,Lab,Lib Dem,Green,Reform,Other,,,,,,,,,,,,,,,Vi-2026-08-12-Opinium-Observer-Web-Data-tables-1707.xlsx,HeadlineVI
"2,050 UK adults",12 - 14 August 2026,,,,1536,,current_vote,Lib Dem,Q:HeadlineVI. Headline VI,Voting intention (Westminster),headline vi,Con,Lab,Lib Dem,Green,Reform,Other,,,,,,,,,,,,,,,Vi-2026-08-12-Opinium-Observer-Web-Data-tables-1707.xlsx,HeadlineVI
"2,050 UK adults",12 - 14 August 2026,,,,1536,,current_vote,Reform,Q:HeadlineVI. Headline VI,Voting intention (Westminster),headline vi,Con,Lab,Lib Dem,Green,Reform,Other,,,,,,,,,,,,,,,Vi-2026-08-12-Opinium-Observer-Web-Data-tables-1707.xlsx,HeadlineVI
"2,050 UK adults",12 - 14 August 2026,,,,1536,,current_vote,Green,Q:HeadlineVI. Headline VI,Voting intention (Westminster),headline vi,Con,Lab,Lib Dem,Green,Reform,Other,,,,,,,,,,,,,,,Vi-2026-08-12-Opinium-Observer-Web-Data-tables-1707.xlsx,HeadlineVI
"2,050 UK adults",12 - 14 August 2026,,,,1536,,historic_vote,Conservative,Q:HeadlineVI. Headline VI,Voting intention (Westminster),headline vi,Con,Lab,Lib Dem,Green,Reform,Other,,,,,68.2,3.0,0.7,0.3,24.1,3.1,,,,,Vi-2026-08-12-Opinium-Observer-Web-Data-tables-1707.xlsx,HeadlineVI
"2,050 UK adults",12 - 14 August 2026,,,,1536,,historic_vote,Labour,Q:HeadlineVI. Headline VI,Voting intention (Westminster),headline vi,Con,Lab,Lib Dem,Green,Reform,Other,,,,,2.6,71.0,4.2,9.6,8.6,3.2,,,,,Vi-2026-08-12-Opinium-Observer-Web-Data-tables-1707.xlsx,HeadlineVI
"2,050 UK adults",12 - 14 August 2026,,,,1536,,historic_vote,Lib Dems,Q:HeadlineVI. Headline VI,Voting intention (Westminster),headline vi,Con,Lab,Lib Dem,Green,Reform,Other,,,,,2.5,14.0,66.9,5.4,8.3,2.4,,,,,Vi-2026-08-12-Opinium-Observer-Web-Data-tables-1707.xlsx,HeadlineVI
"2,050 UK adults",12 - 14 August 2026,,,,1536,,historic_vote,Green,Q:HeadlineVI. Headline VI,Voting intention (Westminster),headline vi,Con,Lab,Lib Dem,Green,Reform,Other,,,,,2.0,12.2,3.9,70.4,6.7,4.9,,,,,Vi-2026-08-12-Opinium-Observer-Web-Data-tables-1707.xlsx,HeadlineVI
"2,050 UK adults",12 - 14 August 2026,,,,1536,,historic_vote,Reform UK,Q:HeadlineVI. Headline VI,Voting intention (Westminster),headline vi,Con,Lab,Lib Dem,Green,Reform,Other,,,,,2.1,0.6,0.5,2.2,86.4,8.3,,,,,Vi-2026-08-12-Opinium-Observer-Web-Data-tables-1707.xlsx,HeadlineVI
"2,050 UK adults",12 - 14 August 2026,,,,1536,,historic_vote,Con,Q:HeadlineVI. Headline VI,Voting intention (Westminster),headline vi,Con,Lab,Lib Dem,Green,Reform,Other,,,,,43.3,6.1,4.4,1.7,38.5,4.9,,,,,Vi-2026-08-12-Opinium-Observer-Web-Data-tables-1707.xlsx,HeadlineVI
"2,050 UK adults",12 - 14 August 2026,,,,1536,,historic_vote,Lab,Q:HeadlineVI. Headline VI,Voting intention (Westminster),headline vi,Con,Lab,Lib Dem,Green,Reform,Other,,,,,1.4,68.2,4.6,11.8,8.5,3.5,,,,,Vi-2026-08-12-Opinium-Observer-Web-Data-tables-1707.xlsx,HeadlineVI
"2,050 UK adults",12 - 14 August 2026,,,,1536,,historic_vote,Lib Dem,Q:HeadlineVI. Headline VI,Voting intention (Westminster),headline vi,Con,Lab,Lib Dem,Green,Reform,Other,,,,,1.1,19.8,64.1,7.1,6.1,1.8,,,,,Vi-2026-08-12-Opinium-Observer-Web-Data-tables-1707.xlsx,HeadlineVI
"2,050 UK adults",12 - 14 August 2026,,,,1536,,historic_vote,Remain,Q:HeadlineVI. Headline VI,Voting intention (Westminster),headline vi,Con,Lab,Lib Dem,Green,Reform,Other,,,,,14.2,41.0,16.8,11.7,7.9,3.0,,,,,Vi-2026-08-12-Opinium-Observer-Web-Data-tables-1707.xlsx,HeadlineVI
"2,050 UK adults",12 - 14 August 2026,,,,1536,,historic_vote,Leave,Q:HeadlineVI. Headline VI,Voting intention (Westminster),headline vi,Con,Lab,Lib Dem,Green,Reform,Other,,,,,23.3,14.8,5.5,4.2,42.4,7.7,,,,,Vi-2026-08-12-Opinium-Observer-Web-Data-tables-1707.xlsx,HeadlineVI
"2,050 UK adults",12 - 14 August 2026,,,,1536,,gender,Male,Q:HeadlineVI. Headline VI,Voting intention (Westminster),headline vi,Con,Lab,Lib Dem,Green,Reform,Other,,,,,17.3,26.1,10.1,8.4,28.8,5.2,,,,,Vi-2026-08-12-Opinium-Observer-Web-Data-tables-1707.xlsx,HeadlineVI
"2,050 UK adults",12 - 14 August 2026,,,,1536,,gender,Female,Q:HeadlineVI. Headline VI,Voting intention (Westminster),headline vi,Con,Lab,Lib Dem,Green,Reform,Other,,,,,18.0,28.9,10.4,13.3,21.5,4.8,,,,,Vi-2026-08-12-Opinium-Observer-Web-Data-tables-1707.xlsx,HeadlineVI
"2,050 UK adults",12 - 14 August 2026,,,,1536,,age,18-34,Q:HeadlineVI. Headline VI,Voting intention (Westminster),headline vi,Con,Lab,Lib Dem,Green,Reform,Other,,,,,9.9,32.8,7.7,20.5,21.4,4.5,,,,,Vi-2026-08-12-Opinium-Observer-Web-Data-tables-1707.xlsx,HeadlineVI
"2,050 UK adults",12 - 14 August 2026,,,,1536,,age,35-49,Q:HeadlineVI. Headline VI,Voting intention (Westminster),headline vi,Con,Lab,Lib Dem,Green,Reform,Other,,,,,13.6,32.2,9.2,13.2,23.3,5.4,,,,,Vi-2026-08-12-Opinium-Observer-Web-Data-tables-1707.xlsx,HeadlineVI
"2,050 UK adults",12 - 14 August 2026,,,,1536,,age,50-64,Q:HeadlineVI. Headline VI,Voting intention (Westminster),headline vi,Con,Lab,Lib Dem,Green,Reform,Other,,,,,16.9,28.7,12.6,7.7,22.6,6.4,,,,,Vi-2026-08-12-Opinium-Observer-Web-Data-tables-1707.xlsx,HeadlineVI
"2,050 UK adults",12 - 14 August 2026,,,,1536,,age,65+,Q:HeadlineVI. Headline VI,Voting intention (Westminster),headline vi,Con,Lab,Lib Dem,Green,Reform,Other,,,,,30.4,15.8,11.3,2.0,33.9,3.9,,,,,Vi-2026-08-12-Opinium-Observer-Web-Data-tables-1707.xlsx,HeadlineVI
"2,050 UK adults",12 - 14 August 2026,,,,1536,,region,North,Q:HeadlineVI. Headline VI,Voting intention (Westminster),headline vi,Con,Lab,Lib Dem,Green,Reform,Other,,,,,14.7,34.1,9.4,13.3,24.6,4.0,,,,,Vi-2026-08-12-Opinium-Observer-Web-Data-tables-1707.xlsx,HeadlineVI
"2,050 UK adults",12 - 14 August 2026,,,,1536,,region,Mids,Q:HeadlineVI. Headline VI,Voting intention (Westminster),headline vi,Con,Lab,Lib Dem,Green,Reform,Other,,,,,21.2,25.7,9.2,10.7,28.5,4.7,,,,,Vi-2026-08-12-Opinium-Observer-Web-Data-tables-1707.xlsx,HeadlineVI
"2,050 UK adults",12 - 14 August 2026,,,,1536,,region,London,Q:HeadlineVI. Headline VI,Voting intention (Westminster),headline vi,Con,Lab,Lib Dem,Green,Reform,Other,,,,,19.2,37.2,7.6,12.0,19.2,4.7,,,,,Vi-2026-08-12-Opinium-Observer-Web-Data-tables-1707.xlsx,HeadlineVI
"2,050 UK adults",12 - 14 August 2026,,,,1536,,region,South,Q:HeadlineVI. Headline VI,Voting intention (Westminster),headline vi,Con,Lab,Lib Dem,Green,Reform,Other,,,,,20.5,21.3,14.7,8.8,28.9,5.9,,,,,Vi-2026-08-12-Opinium-Observer-Web-Data-tables-1707.xlsx,HeadlineVI
"2,050 UK adults",12 - 14 August 2026,,,,1536,,region,Wales,Q:HeadlineVI. Headline VI,Voting intention (Westminster),headline vi,Con,Lab,Lib Dem,Green,Reform,Other,,,,,14.7,22.1,5.7,9.1,30.2,,,,,,Vi-2026-08-12-Opinium-Observer-Web-Data-tables-1707.xlsx,HeadlineVI
"2,050 UK adults",12 - 14 August 2026,,,,1536,,region,Scotland,Q:HeadlineVI. Headline VI,Voting intention (Westminster),headline vi,Con,Lab,Lib Dem,Green,Reform,Other,,,,,7.6,24.4,3.9,12.4,13.0,8.7,,,,,Vi-2026-08-12-Opinium-Observer-Web-Data-tables-1707.xlsx,HeadlineVI
"2,050 UK adults",12 - 14 August 2026,,,,1536,,region,Northern Ireland,Q:HeadlineVI. Headline VI,Voting intention (Westminster),headline vi,Con,Lab,Lib Dem,Green,Reform,Other,,,,,,,,,,,,,,,Vi-2026-08-12-Opinium-Observer-Web-Data-tables-1707.xlsx,HeadlineVI
"2,050 UK adults",12 - 14 August 2026,,,,,,age,The way Nigel Farage is handling his job as leader of Reform UK,Q:V006. To what extent do you approve or disapprove of…,UNMATCHED,,Approve,Neither approve nor disapprove,Disapprove,,,,,,,,24.8,16.2,52.7,,,,,,,,Vi-2026-08-12-Opinium-Observer-Web-Data-tables-1707.xlsx,Summary V006
"2,050 UK adults",12 - 14 August 2026,,,,2007,,total,Total,"Q:V006. To what extent do you approve or disapprove of…
 The way Andy Burnham is handling his job as Prime Minister",Leader favourability (Burnham),burnham,Approve,Neither approve nor disapprove,Disapprove,,,,,,,,35.5,30.8,24.4,,,,,,,,Vi-2026-08-12-Opinium-Observer-Web-Data-tables-1707.xlsx,V006
"2,050 UK adults",12 - 14 August 2026,,,,2007,,current_vote,Con,"Q:V006. To what extent do you approve or disapprove of…
 The way Andy Burnham is handling his job as Prime Minister",Leader favourability (Burnham),burnham,Approve,Neither approve nor disapprove,Disapprove,,,,,,,,21.1,39.8,34.1,,,,,,,,Vi-2026-08-12-Opinium-Observer-Web-Data-tables-1707.xlsx,V006
"2,050 UK adults",12 - 14 August 2026,,,,2007,,current_vote,Lab,"Q:V006. To what extent do you approve or disapprove of…
 The way Andy Burnham is handling his job as Prime Minister",Leader favourability (Burnham),burnham,Approve,Neither approve nor disapprove,Disapprove,,,,,,,,73.7,17.4,4.5,,,,,,,,Vi-2026-08-12-Opinium-Observer-Web-Data-tables-1707.xlsx,V006
"2,050 UK adults",12 - 14 August 2026,,,,2007,,current_vote,Lib Dem,"Q:V006. To what extent do you approve or disapprove of…
 The way Andy Burnham is handling his job as Prime Minister",Leader favourability (Burnham),burnham,Approve,Neither approve nor disapprove,Disapprove,,,,,,,,49.7,31.4,12.1,,,,,,,,Vi-2026-08-12-Opinium-Observer-Web-Data-tables-1707.xlsx,V006
"2,050 UK adults",12 - 14 August 2026,,,,2007,,current_vote,Reform,"Q:V006. To what extent do you approve or disapprove of…
 The way Andy Burnham is handling his job as Prime Minister",Leader favourability (Burnham),burnham,Approve,Neither approve nor disapprove,Disapprove,,,,,,,,15.2,34.8,46.5,,,,,,,,Vi-2026-08-12-Opinium-Observer-Web-Data-tables-1707.xlsx,V006
"2,050 UK adults",12 - 14 August 2026,,,,2007,,current_vote,Green,"Q:V006. To what extent do you approve or disapprove of…
 The way Andy Burnham is handling his job as Prime Minister",Leader favourability (Burnham),burnham,Approve,Neither approve nor disapprove,Disapprove,,,,,,,,36.3,35.2,20.8,,,,,,,,Vi-2026-08-12-Opinium-Observer-Web-Data-tables-1707.xlsx,V006
"2,050 UK adults",12 - 14 August 2026,,,,2007,,historic_vote,Conservative,"Q:V006. To what extent do you approve or disapprove of…
 The way Andy Burnham is handling his job as Prime Minister",Leader favourability (Burnham),burnham,Approve,Neither approve nor disapprove,Disapprove,,,,,,,,19.8,36.6,39.2,,,,,,,,Vi-2026-08-12-Opinium-Observer-Web-Data-tables-1707.xlsx,V006
"2,050 UK adults",12 - 14 August 2026,,,,2007,,historic_vote,Labour,"Q:V006. To what extent do you approve or disapprove of…
 The way Andy Burnham is handling his job as Prime Minister",Leader favourability (Burnham),burnham,Approve,Neither approve nor disapprove,Disapprove,,,,,,,,59.5,26.1,9.5,,,,,,,,Vi-2026-08-12-Opinium-Observer-Web-Data-tables-1707.xlsx,V006
"2,050 UK adults",12 - 14 August 2026,,,,2007,,historic_vote,Lib Dems,"Q:V006. To what extent do you approve or disapprove of…
 The way Andy Burnham is handling his job as Prime Minister",Leader favourability (Burnham),burnham,Approve,Neither approve nor disapprove,Disapprove,,,,,,,,51.4,28.1,13.7,,,,,,,,Vi-2026-08-12-Opinium-Observer-Web-Data-tables-1707.xlsx,V006
"2,050 UK adults",12 - 14 August 2026,,,,2007,,historic_vote,Green,"Q:V006. To what extent do you approve or disapprove of…
 The way Andy Burnham is handling his job as Prime Minister",Leader favourability (Burnham),burnham,Approve,Neither approve nor disapprove,Disapprove,,,,,,,,38.5,27.1,26.0,,,,,,,,Vi-2026-08-12-Opinium-Observer-Web-Data-tables-1707.xlsx,V006
"2,050 UK adults",12 - 14 August 2026,,,,2007,,historic_vote,Reform UK,"Q:V006. To what extent do you approve or disapprove of…
 The way Andy Burnham is handling his job as Prime Minister",Leader favourability (Burnham),burnham,Approve,Neither approve nor disapprove,Disapprove,,,,,,,,13.7,30.8,48.3,,,,,,,,Vi-2026-08-12-Opinium-Observer-Web-Data-tables-1707.xlsx,V006
"2,050 UK adults",12 - 14 August 2026,,,,2007,,historic_vote,Con,"Q:V006. To what extent do you approve or disapprove of…
 The way Andy Burnham is handling his job as Prime Minister",Leader favourability (Burnham),burnham,Approve,Neither approve nor disapprove,Disapprove,,,,,,,,20.8,33.8,40.1,,,,,,,,Vi-2026-08-12-Opinium-Observer-Web-Data-tables-1707.xlsx,V006
"2,050 UK adults",12 - 14 August 2026,,,,2007,,historic_vote,Lab,"Q:V006. To what extent do you approve or disapprove of…
 The way Andy Burnham is handling his job as Prime Minister",Leader favourability (Burnham),burnham,Approve,Neither approve nor disapprove,Disapprove,,,,,,,,58.1,26.0,10.8,,,,,,,,Vi-2026-08-12-Opinium-Observer-Web-Data-tables-1707.xlsx,V006
"2,050 UK adults",12 - 14 August 2026,,,,2007,,historic_vote,Lib Dem,"Q:V006. To what extent do you approve or disapprove of…
 The way Andy Burnham is handling his job as Prime Minister",Leader favourability (Burnham),burnham,Approve,Neither approve nor disapprove,Disapprove,,,,,,,,52.9,29.2,12.5,,,,,,,,Vi-2026-08-12-Opinium-Observer-Web-Data-tables-1707.xlsx,V006
"2,050 UK adults",12 - 14 August 2026,,,,2007,,historic_vote,Remain,"Q:V006. To what extent do you approve or disapprove of…
 The way Andy Burnham is handling his job as Prime Minister",Leader favourability (Burnham),burnham,Approve,Neither approve nor disapprove,Disapprove,,,,,,,,49.5,30.2,14.8,,,,,,,,Vi-2026-08-12-Opinium-Observer-Web-Data-tables-1707.xlsx,V006
"2,050 UK adults",12 - 14 August 2026,,,,2007,,historic_vote,Leave,"Q:V006. To what extent do you approve or disapprove of…
 The way Andy Burnham is handling his job as Prime Minister",Leader favourability (Burnham),burnham,Approve,Neither approve nor disapprove,Disapprove,,,,,,,,24.2,29.8,39.5,,,,,,,,Vi-2026-08-12-Opinium-Observer-Web-Data-tables-1707.xlsx,V006
"2,050 UK adults",12 - 14 August 2026,,,,2007,,gender,Male,"Q:V006. To what extent do you approve or disapprove of…
 The way Andy Burnham is handling his job as Prime Minister",Leader favourability (Burnham),burnham,Approve,Neither approve nor disapprove,Disapprove,,,,,,,,37.3,30.4,25.3,,,,,,,,Vi-2026-08-12-Opinium-Observer-Web-Data-tables-1707.xlsx,V006
"2,050 UK adults",12 - 14 August 2026,,,,2007,,gender,Female,"Q:V006. To what extent do you approve or disapprove of…
 The way Andy Burnham is handling his job as Prime Minister",Leader favourability (Burnham),burnham,Approve,Neither approve nor disapprove,Disapprove,,,,,,,,33.9,31.2,23.6,,,,,,,,Vi-2026-08-12-Opinium-Observer-Web-Data-tables-1707.xlsx,V006
"2,050 UK adults",12 - 14 August 2026,,,,2007,,age,18-34,"Q:V006. To what extent do you approve or disapprove of…
 The way Andy Burnham is handling his job as Prime Minister",Leader favourability (Burnham),burnham,Approve,Neither approve nor disapprove,Disapprove,,,,,,,,41.9,30.7,16.0,,,,,,,,Vi-2026-08-12-Opinium-Observer-Web-Data-tables-1707.xlsx,V006
"2,050 UK adults",12 - 14 August 2026,,,,2007,,age,35-49,"Q:V006. To what extent do you approve or disapprove of…
 The way Andy Burnham is handling his job as Prime Minister",Leader favourability (Burnham),burnham,Approve,Neither approve nor disapprove,Disapprove,,,,,,,,36.3,33.6,22.4,,,,,,,,Vi-2026-08-12-Opinium-Observer-Web-Data-tables-1707.xlsx,V006
"2,050 UK adults",12 - 14 August 2026,,,,2007,,age,50-64,"Q:V006. To what extent do you approve or disapprove of…
 The way Andy Burnham is handling his job as Prime Minister",Leader favourability (Burnham),burnham,Approve,Neither approve nor disapprove,Disapprove,,,,,,,,37.8,27.8,26.7,,,,,,,,Vi-2026-08-12-Opinium-Observer-Web-Data-tables-1707.xlsx,V006
"2,050 UK adults",12 - 14 August 2026,,,,2007,,age,65+,"Q:V006. To what extent do you approve or disapprove of…
 The way Andy Burnham is handling his job as Prime Minister",Leader favourability (Burnham),burnham,Approve,Neither approve nor disapprove,Disapprove,,,,,,,,24.7,31.3,33.8,,,,,,,,Vi-2026-08-12-Opinium-Observer-Web-Data-tables-1707.xlsx,V006
"2,050 UK adults",12 - 14 August 2026,,,,2007,,region,North,"Q:V006. To what extent do you approve or disapprove of…
 The way Andy Burnham is handling his job as Prime Minister",Leader favourability (Burnham),burnham,Approve,Neither approve nor disapprove,Disapprove,,,,,,,,42.4,29.8,20.6,,,,,,,,Vi-2026-08-12-Opinium-Observer-Web-Data-tables-1707.xlsx,V006
"2,050 UK adults",12 - 14 August 2026,,,,2007,,region,Mids,"Q:V006. To what extent do you approve or disapprove of…
 The way Andy Burnham is handling his job as Prime Minister",Leader favourability (Burnham),burnham,Approve,Neither approve nor disapprove,Disapprove,,,,,,,,33.4,33.5,22.6,,,,,,,,Vi-2026-08-12-Opinium-Observer-Web-Data-tables-1707.xlsx,V006
"2,050 UK adults",12 - 14 August 2026,,,,2007,,region,London,"Q:V006. To what extent do you approve or disapprove of…
 The way Andy Burnham is handling his job as Prime Minister",Leader favourability (Burnham),burnham,Approve,Neither approve nor disapprove,Disapprove,,,,,,,,32.5,32.7,24.6,,,,,,,,Vi-2026-08-12-Opinium-Observer-Web-Data-tables-1707.xlsx,V006
"2,050 UK adults",12 - 14 August 2026,,,,2007,,region,South,"Q:V006. To what extent do you approve or disapprove of…
 The way Andy Burnham is handling his job as Prime Minister",Leader favourability (Burnham),burnham,Approve,Neither approve nor disapprove,Disapprove,,,,,,,,32.8,30.5,28.3,,,,,,,,Vi-2026-08-12-Opinium-Observer-Web-Data-tables-1707.xlsx,V006
"2,050 UK adults",12 - 14 August 2026,,,,2007,,region,Wales,"Q:V006. To what extent do you approve or disapprove of…
 The way Andy Burnham is handling his job as Prime Minister",Leader favourability (Burnham),burnham,Approve,Neither approve nor disapprove,Disapprove,,,,,,,,37.1,29.7,23.7,,,,,,,,Vi-2026-08-12-Opinium-Observer-Web-Data-tables-1707.xlsx,V006
"2,050 UK adults",12 - 14 August 2026,,,,2007,,region,Scotland,"Q:V006. To what extent do you approve or disapprove of…
 The way Andy Burnham is handling his job as Prime Minister",Leader favourability (Burnham),burnham,Approve,Neither approve nor disapprove,Disapprove,,,,,,,,33.9,27.3,24.0,,,,,,,,Vi-2026-08-12-Opinium-Observer-Web-Data-tables-1707.xlsx,V006
"2,050 UK adults",12 - 14 August 2026,,,,2007,,region,Northern Ireland,"Q:V006. To what extent do you approve or disapprove of…
 The way Andy Burnham is handling his job as Prime Minister",Leader favourability (Burnham),burnham,Neither approve nor disapprove,,,,,,,,,,,,,,,,,,,,Vi-2026-08-12-Opinium-Observer-Web-Data-tables-1707.xlsx,V006
"2,050 UK adults",12 - 14 August 2026,,,,2007,,total,Total,"Q:V006. To what extent do you approve or disapprove of…
 The way Kemi Badenoch is handling her job as leader of the Conservative Party",Leader favourability (Badenoch),badenoch,Approve,Neither approve nor disapprove,Disapprove,,,,,,,,26.3,31.2,30.7,,,,,,,,Vi-2026-08-12-Opinium-Observer-Web-Data-tables-1707.xlsx,V006 (2)
"2,050 UK adults",12 - 14 August 2026,,,,2007,,current_vote,Con,"Q:V006. To what extent do you approve or disapprove of…
 The way Kemi Badenoch is handling her job as leader of the Conservative Party",Leader favourability (Badenoch),badenoch,Approve,Neither approve nor disapprove,Disapprove,,,,,,,,71.5,19.8,6.3,,,,,,,,Vi-2026-08-12-Opinium-Observer-Web-Data-tables-1707.xlsx,V006 (2)
"2,050 UK adults",12 - 14 August 2026,,,,2007,,current_vote,Lab,"Q:V006. To what extent do you approve or disapprove of…
 The way Kemi Badenoch is handling her job as leader of the Conservative Party",Leader favourability (Badenoch),badenoch,Approve,Neither approve nor disapprove,Disapprove,,,,,,,,15.6,29.3,46.7,,,,,,,,Vi-2026-08-12-Opinium-Observer-Web-Data-tables-1707.xlsx,V006 (2)
"2,050 UK adults",12 - 14 August 2026,,,,2007,,current_vote,Lib Dem,"Q:V006. To what extent do you approve or disapprove of…
 The way Kemi Badenoch is handling her job as leader of the Conservative Party",Leader favourability (Badenoch),badenoch,Approve,Neither approve nor disapprove,Disapprove,,,,,,,,18.5,33.8,40.1,,,,,,,,Vi-2026-08-12-Opinium-Observer-Web-Data-tables-1707.xlsx,V006 (2)
"2,050 UK adults",12 - 14 August 2026,,,,2007,,current_vote,Reform,"Q:V006. To what extent do you approve or disapprove of…
 The way Kemi Badenoch is handling her job as leader of the Conservative Party",Leader favourability (Badenoch),badenoch,Approve,Neither approve nor disapprove,Disapprove,,,,,,,,33.6,36.8,26.6,,,,,,,,Vi-2026-08-12-Opinium-Observer-Web-Data-tables-1707.xlsx,V006 (2)
"2,050 UK adults",12 - 14 August 2026,,,,2007,,current_vote,Green,"Q:V006. To what extent do you approve or disapprove of…
 The way Kemi Badenoch is handling her job as leader of the Conservative Party",Leader favourability (Badenoch),badenoch,Approve,Neither approve nor disapprove,Disapprove,,,,,,,,10.7,30.8,46.4,,,,,,,,Vi-2026-08-12-Opinium-Observer-Web-Data-tables-1707.xlsx,V006 (2)
"2,050 UK adults",12 - 14 August 2026,,,,2007,,historic_vote,Conservative,"Q:V006. To what extent do you approve or disapprove of…
 The way Kemi Badenoch is handling her job as leader of the Conservative Party",Leader favourability (Badenoch),badenoch,Approve,Neither approve nor disapprove,Disapprove,,,,,,,,64.0,25.0,8.0,,,,,,,,Vi-2026-08-12-Opinium-Observer-Web-Data-tables-1707.xlsx,V006 (2)
"2,050 UK adults",12 - 14 August 2026,,,,2007,,historic_vote,Labour,"Q:V006. To what extent do you approve or disapprove of…
 The way Kemi Badenoch is handling her job as leader of the Conservative Party",Leader favourability (Badenoch),badenoch,Approve,Neither approve nor disapprove,Disapprove,,,,,,,,17.8,29.9,45.6,,,,,,,,Vi-2026-08-12-Opinium-Observer-Web-Data-tables-1707.xlsx,V006 (2)
"2,050 UK adults",12 - 14 August 2026,,,,2007,,historic_vote,Lib Dems,"Q:V006. To what extent do you approve or disapprove of…
 The way Kemi Badenoch is handling her job as leader of the Conservative Party",Leader favourability (Badenoch),badenoch,Approve,Neither approve nor disapprove,Disapprove,,,,,,,,20.0,36.6,36.0,,,,,,,,Vi-2026-08-12-Opinium-Observer-Web-Data-tables-1707.xlsx,V006 (2)
"2,050 UK adults",12 - 14 August 2026,,,,2007,,historic_vote,Green,"Q:V006. To what extent do you approve or disapprove of…
 The way Kemi Badenoch is handling her job as leader of the Conservative Party",Leader favourability (Badenoch),badenoch,Approve,Neither approve nor disapprove,Disapprove,,,,,,,,15.6,28.3,46.9,,,,,,,,Vi-2026-08-12-Opinium-Observer-Web-Data-tables-1707.xlsx,V006 (2)
"2,050 UK adults",12 - 14 August 2026,,,,2007,,historic_vote,Reform UK,"Q:V006. To what extent do you approve or disapprove of…
 The way Kemi Badenoch is handling her job as leader of the Conservative Party",Leader favourability (Badenoch),badenoch,Approve,Neither approve nor disapprove,Disapprove,,,,,,,,37.1,30.6,27.8,,,,,,,,Vi-2026-08-12-Opinium-Observer-Web-Data-tables-1707.xlsx,V006 (2)
"2,050 UK adults",12 - 14 August 2026,,,,2007,,historic_vote,Con,"Q:V006. To what extent do you approve or disapprove of…
 The way Kemi Badenoch is handling her job as leader of the Conservative Party",Leader favourability (Badenoch),badenoch,Approve,Neither approve nor disapprove,Disapprove,,,,,,,,52.6,28.0,15.2,,,,,,,,Vi-2026-08-12-Opinium-Observer-Web-Data-tables-1707.xlsx,V006 (2)
"2,050 UK adults",12 - 14 August 2026,,,,2007,,historic_vote,Lab,"Q:V006. To what extent do you approve or disapprove of…
 The way Kemi Badenoch is handling her job as leader of the Conservative Party",Leader favourability (Badenoch),badenoch,Approve,Neither approve nor disapprove,Disapprove,,,,,,,,13.4,29.8,49.2,,,,,,,,Vi-2026-08-12-Opinium-Observer-Web-Data-tables-1707.xlsx,V006 (2)
"2,050 UK adults",12 - 14 August 2026,,,,2007,,historic_vote,Lib Dem,"Q:V006. To what extent do you approve or disapprove of…
 The way Kemi Badenoch is handling her job as leader of the Conservative Party",Leader favourability (Badenoch),badenoch,Approve,Neither approve nor disapprove,Disapprove,,,,,,,,21.3,27.6,47.1,,,,,,,,Vi-2026-08-12-Opinium-Observer-Web-Data-tables-1707.xlsx,V006 (2)
"2,050 UK adults",12 - 14 August 2026,,,,2007,,historic_vote,Remain,"Q:V006. To what extent do you approve or disapprove of…
 The way Kemi Badenoch is handling her job as leader of the Conservative Party",Leader favourability (Badenoch),badenoch,Approve,Neither approve nor disapprove,Disapprove,,,,,,,,24.2,27.1,41.6,,,,,,,,Vi-2026-08-12-Opinium-Observer-Web-Data-tables-1707.xlsx,V006 (2)
"2,050 UK adults",12 - 14 August 2026,,,,2007,,historic_vote,Leave,"Q:V006. To what extent do you approve or disapprove of…
 The way Kemi Badenoch is handling her job as leader of the Conservative Party",Leader favourability (Badenoch),badenoch,Approve,Neither approve nor disapprove,Disapprove,,,,,,,,36.1,31.4,25.8,,,,,,,,Vi-2026-08-12-Opinium-Observer-Web-Data-tables-1707.xlsx,V006 (2)
"2,050 UK adults",12 - 14 August 2026,,,,2007,,gender,Male,"Q:V006. To what extent do you approve or disapprove of…
 The way Kemi Badenoch is handling her job as leader of the Conservative Party",Leader favourability (Badenoch),badenoch,Approve,Neither approve nor disapprove,Disapprove,,,,,,,,27.9,31.3,33.0,,,,,,,,Vi-2026-08-12-Opinium-Observer-Web-Data-tables-1707.xlsx,V006 (2)
"2,050 UK adults",12 - 14 August 2026,,,,2007,,gender,Female,"Q:V006. To what extent do you approve or disapprove of…
 The way Kemi Badenoch is handling her job as leader of the Conservative Party",Leader favourability (Badenoch),badenoch,Approve,Neither approve nor disapprove,Disapprove,,,,,,,,24.9,31.4,28.2,,,,,,,,Vi-2026-08-12-Opinium-Observer-Web-Data-tables-1707.xlsx,V006 (2)
"2,050 UK adults",12 - 14 August 2026,,,,2007,,age,18-34,"Q:V006. To what extent do you approve or disapprove of…
 The way Kemi Badenoch is handling her job as leader of the Conservative Party",Leader favourability (Badenoch),badenoch,Approve,Neither approve nor disapprove,Disapprove,,,,,,,,21.4,33.4,24.9,,,,,,,,Vi-2026-08-12-Opinium-Observer-Web-Data-tables-1707.xlsx,V006 (2)
"2,050 UK adults",12 - 14 August 2026,,,,2007,,age,35-49,"Q:V006. To what extent do you approve or disapprove of…
 The way Kemi Badenoch is handling her job as leader of the Conservative Party",Leader favourability (Badenoch),badenoch,Approve,Neither approve nor disapprove,Disapprove,,,,,,,,21.8,30.6,37.4,,,,,,,,Vi-2026-08-12-Opinium-Observer-Web-Data-tables-1707.xlsx,V006 (2)
"2,050 UK adults",12 - 14 August 2026,,,,2007,,age,50-64,"Q:V006. To what extent do you approve or disapprove of…
 The way Kemi Badenoch is handling her job as leader of the Conservative Party",Leader favourability (Badenoch),badenoch,Approve,Neither approve nor disapprove,Disapprove,,,,,,,,23.4,31.7,36.2,,,,,,,,Vi-2026-08-12-Opinium-Observer-Web-Data-tables-1707.xlsx,V006 (2)
"2,050 UK adults",12 - 14 August 2026,,,,2007,,age,65+,"Q:V006. To what extent do you approve or disapprove of…
 The way Kemi Badenoch is handling her job as leader of the Conservative Party",Leader favourability (Badenoch),badenoch,Approve,Neither approve nor disapprove,Disapprove,,,,,,,,39.7,28.6,25.1,,,,,,,,Vi-2026-08-12-Opinium-Observer-Web-Data-tables-1707.xlsx,V006 (2)
"2,050 UK adults",12 - 14 August 2026,,,,2007,,region,North,"Q:V006. To what extent do you approve or disapprove of…
 The way Kemi Badenoch is handling her job as leader of the Conservative Party",Leader favourability (Badenoch),badenoch,Approve,Neither approve nor disapprove,Disapprove,,,,,,,,22.2,34.1,32.4,,,,,,,,Vi-2026-08-12-Opinium-Observer-Web-Data-tables-1707.xlsx,V006 (2)
"2,050 UK adults",12 - 14 August 2026,,,,2007,,region,Mids,"Q:V006. To what extent do you approve or disapprove of…
 The way Kemi Badenoch is handling her job as leader of the Conservative Party",Leader favourability (Badenoch),badenoch,Approve,Neither approve nor disapprove,Disapprove,,,,,,,,26.5,30.7,29.2,,,,,,,,Vi-2026-08-12-Opinium-Observer-Web-Data-tables-1707.xlsx,V006 (2)
"2,050 UK adults",12 - 14 August 2026,,,,2007,,region,London,"Q:V006. To what extent do you approve or disapprove of…
 The way Kemi Badenoch is handling her job as leader of the Conservative Party",Leader favourability (Badenoch),badenoch,Approve,Neither approve nor disapprove,Disapprove,,,,,,,,23.5,30.8,31.0,,,,,,,,Vi-2026-08-12-Opinium-Observer-Web-Data-tables-1707.xlsx,V006 (2)
"2,050 UK adults",12 - 14 August 2026,,,,2007,,region,South,"Q:V006. To what extent do you approve or disapprove of…
 The way Kemi Badenoch is handling her job as leader of the Conservative Party",Leader favourability (Badenoch),badenoch,Approve,Neither approve nor disapprove,Disapprove,,,,,,,,32.4,29.6,28.9,,,,,,,,Vi-2026-08-12-Opinium-Observer-Web-Data-tables-1707.xlsx,V006 (2)
"2,050 UK adults",12 - 14 August 2026,,,,2007,,region,Wales,"Q:V006. To what extent do you approve or disapprove of…
 The way Kemi Badenoch is handling her job as leader of the Conservative Party",Leader favourability (Badenoch),badenoch,Approve,Neither approve nor disapprove,Disapprove,,,,,,,,28.9,31.4,26.8,,,,,,,,Vi-2026-08-12-Opinium-Observer-Web-Data-tables-1707.xlsx,V006 (2)
"2,050 UK adults",12 - 14 August 2026,,,,2007,,region,Scotland,"Q:V006. To what extent do you approve or disapprove of…
 The way Kemi Badenoch is handling her job as leader of the Conservative Party",Leader favourability (Badenoch),badenoch,Approve,Neither approve nor disapprove,Disapprove,,,,,,,,16.4,30.3,36.8,,,,,,,,Vi-2026-08-12-Opinium-Observer-Web-Data-tables-1707.xlsx,V006 (2)
"2,050 UK adults",12 - 14 August 2026,,,,2007,,region,Northern Ireland,"Q:V006. To what extent do you approve or disapprove of…
 The way Kemi Badenoch is handling her job as leader of the Conservative Party",Leader favourability (Badenoch),badenoch,Neither approve nor disapprove,,,,,,,,,,,,,,,,,,,,Vi-2026-08-12-Opinium-Observer-Web-Data-tables-1707.xlsx,V006 (2)
"2,050 UK adults",12 - 14 August 2026,,,,2007,,total,Total,"Q:V006. To what extent do you approve or disapprove of…
 The way Ed Davey is handling his job as leader of the Liberal Democrats",Leader favourability (Davey),davey,Approve,Neither approve nor disapprove,Disapprove,,,,,,,,18.9,38.5,25.4,,,,,,,,Vi-2026-08-12-Opinium-Observer-Web-Data-tables-1707.xlsx,V006 (3)
"2,050 UK adults",12 - 14 August 2026,,,,2007,,current_vote,Con,"Q:V006. To what extent do you approve or disapprove of…
 The way Ed Davey is handling his job as leader of the Liberal Democrats",Leader favourability (Davey),davey,Approve,Neither approve nor disapprove,Disapprove,,,,,,,,15.9,45.9,27.4,,,,,,,,Vi-2026-08-12-Opinium-Observer-Web-Data-tables-1707.xlsx,V006 (3)
"2,050 UK adults",12 - 14 August 2026,,,,2007,,current_vote,Lab,"Q:V006. To what extent do you approve or disapprove of…
 The way Ed Davey is handling his job as leader of the Liberal Democrats",Leader favourability (Davey),davey,Approve,Neither approve nor disapprove,Disapprove,,,,,,,,27.3,40.4,18.7,,,,,,,,Vi-2026-08-12-Opinium-Observer-Web-Data-tables-1707.xlsx,V006 (3)
"2,050 UK adults",12 - 14 August 2026,,,,2007,,current_vote,Lib Dem,"Q:V006. To what extent do you approve or disapprove of…
 The way Ed Davey is handling his job as leader of the Liberal Democrats",Leader favourability (Davey),davey,Approve,Neither approve nor disapprove,Disapprove,,,,,,,,66.9,19.7,7.0,,,,,,,,Vi-2026-08-12-Opinium-Observer-Web-Data-tables-1707.xlsx,V006 (3)
"2,050 UK adults",12 - 14 August 2026,,,,2007,,current_vote,Reform,"Q:V006. To what extent do you approve or disapprove of…
 The way Ed Davey is handling his job as leader of the Liberal Democrats",Leader favourability (Davey),davey,Approve,Neither approve nor disapprove,Disapprove,,,,,,,,8.3,36.1,46.2,,,,,,,,Vi-2026-08-12-Opinium-Observer-Web-Data-tables-1707.xlsx,V006 (3)
"2,050 UK adults",12 - 14 August 2026,,,,2007,,current_vote,Green,"Q:V006. To what extent do you approve or disapprove of…
 The way Ed Davey is handling his job as leader of the Liberal Democrats",Leader favourability (Davey),davey,Approve,Neither approve nor disapprove,Disapprove,,,,,,,,20.8,44.4,20.2,,,,,,,,Vi-2026-08-12-Opinium-Observer-Web-Data-tables-1707.xlsx,V006 (3)
"2,050 UK adults",12 - 14 August 2026,,,,2007,,historic_vote,Conservative,"Q:V006. To what extent do you approve or disapprove of…
 The way Ed Davey is handling his job as leader of the Liberal Democrats",Leader favourability (Davey),davey,Approve,Neither approve nor disapprove,Disapprove,,,,,,,,12.4,42.3,33.3,,,,,,,,Vi-2026-08-12-Opinium-Observer-Web-Data-tables-1707.xlsx,V006 (3)
"2,050 UK adults",12 - 14 August 2026,,,,2007,,historic_vote,Labour,"Q:V006. To what extent do you approve or disapprove of…
 The way Ed Davey is handling his job as leader of the Liberal Democrats",Leader favourability (Davey),davey,Approve,Neither approve nor disapprove,Disapprove,,,,,,,,26.1,42.9,18.9,,,,,,,,Vi-2026-08-12-Opinium-Observer-Web-Data-tables-1707.xlsx,V006 (3)
"2,050 UK adults",12 - 14 August 2026,,,,2007,,historic_vote,Lib Dems,"Q:V006. To what extent do you approve or disapprove of…
 The way Ed Davey is handling his job as leader of the Liberal Democrats",Leader favourability (Davey),davey,Approve,Neither approve nor disapprove,Disapprove,,,,,,,,57.7,25.9,8.6,,,,,,,,Vi-2026-08-12-Opinium-Observer-Web-Data-tables-1707.xlsx,V006 (3)
"2,050 UK adults",12 - 14 August 2026,,,,2007,,historic_vote,Green,"Q:V006. To what extent do you approve or disapprove of…
 The way Ed Davey is handling his job as leader of the Liberal Democrats",Leader favourability (Davey),davey,Approve,Neither approve nor disapprove,Disapprove,,,,,,,,19.8,49.2,24.0,,,,,,,,Vi-2026-08-12-Opinium-Observer-Web-Data-tables-1707.xlsx,V006 (3)
"2,050 UK adults",12 - 14 August 2026,,,,2007,,historic_vote,Reform UK,"Q:V006. To what extent do you approve or disapprove of…
 The way Ed Davey is handling his job as leader of the Liberal Democrats",Leader favourability (Davey),davey,Approve,Neither approve nor disapprove,Disapprove,,,,,,,,7.3,35.3,47.8,,,,,,,,Vi-2026-08-12-Opinium-Observer-Web-Data-tables-1707.xlsx,V006 (3)
"2,050 UK adults",12 - 14 August 2026,,,,2007,,historic_vote,Con,"Q:V006. To what extent do you approve or disapprove of…
 The way Ed Davey is handling his job as leader of the Liberal Democrats",Leader favourability (Davey),davey,Approve,Neither approve nor disapprove,Disapprove,,,,,,,,13.2,38.1,37.4,,,,,,,,Vi-2026-08-12-Opinium-Observer-Web-Data-tables-1707.xlsx,V006 (3)
"2,050 UK adults",12 - 14 August 2026,,,,2007,,historic_vote,Lab,"Q:V006. To what extent do you approve or disapprove of…
 The way Ed Davey is handling his job as leader of the Liberal Democrats",Leader favourability (Davey),davey,Approve,Neither approve nor disapprove,Disapprove,,,,,,,,23.6,43.0,21.6,,,,,,,,Vi-2026-08-12-Opinium-Observer-Web-Data-tables-1707.xlsx,V006 (3)
"2,050 UK adults",12 - 14 August 2026,,,,2007,,historic_vote,Lib Dem,"Q:V006. To what extent do you approve or disapprove of…
 The way Ed Davey is handling his job as leader of the Liberal Democrats",Leader favourability (Davey),davey,Approve,Neither approve nor disapprove,Disapprove,,,,,,,,56.6,28.1,8.1,,,,,,,,Vi-2026-08-12-Opinium-Observer-Web-Data-tables-1707.xlsx,V006 (3)
"2,050 UK adults",12 - 14 August 2026,,,,2007,,historic_vote,Remain,"Q:V006. To what extent do you approve or disapprove of…
 The way Ed Davey is handling his job as leader of the Liberal Democrats",Leader favourability (Davey),davey,Approve,Neither approve nor disapprove,Disapprove,,,,,,,,29.5,39.8,18.7,,,,,,,,Vi-2026-08-12-Opinium-Observer-Web-Data-tables-1707.xlsx,V006 (3)
"2,050 UK adults",12 - 14 August 2026,,,,2007,,historic_vote,Leave,"Q:V006. To what extent do you approve or disapprove of…
 The way Ed Davey is handling his job as leader of the Liberal Democrats",Leader favourability (Davey),davey,Approve,Neither approve nor disapprove,Disapprove,,,,,,,,12.4,37.2,36.4,,,,,,,,Vi-2026-08-12-Opinium-Observer-Web-Data-tables-1707.xlsx,V006 (3)
"2,050 UK adults",12 - 14 August 2026,,,,2007,,gender,Male,"Q:V006. To what extent do you approve or disapprove of…
 The way Ed Davey is handling his job as leader of the Liberal Democrats",Leader favourability (Davey),davey,Approve,Neither approve nor disapprove,Disapprove,,,,,,,,20.4,36.9,30.8,,,,,,,,Vi-2026-08-12-Opinium-Observer-Web-Data-tables-1707.xlsx,V006 (3)
"2,050 UK adults",12 - 14 August 2026,,,,2007,,gender,Female,"Q:V006. To what extent do you approve or disapprove of…
 The way Ed Davey is handling his job as leader of the Liberal Democrats",Leader favourability (Davey),davey,Approve,Neither approve nor disapprove,Disapprove,,,,,,,,17.5,40.2,20.3,,,,,,,,Vi-2026-08-12-Opinium-Observer-Web-Data-tables-1707.xlsx,V006 (3)
"2,050 UK adults",12 - 14 August 2026,,,,2007,,age,18-34,"Q:V006. To what extent do you approve or disapprove of…
 The way Ed Davey is handling his job as leader of the Liberal Democrats",Leader favourability (Davey),davey,Approve,Neither approve nor disapprove,Disapprove,,,,,,,,21.8,34.1,21.6,,,,,,,,Vi-2026-08-12-Opinium-Observer-Web-Data-tables-1707.xlsx,V006 (3)
"2,050 UK adults",12 - 14 August 2026,,,,2007,,age,35-49,"Q:V006. To what extent do you approve or disapprove of…
 The way Ed Davey is handling his job as leader of the Liberal Democrats",Leader favourability (Davey),davey,Approve,Neither approve nor disapprove,Disapprove,,,,,,,,19.1,40.6,23.2,,,,,,,,Vi-2026-08-12-Opinium-Observer-Web-Data-tables-1707.xlsx,V006 (3)
"2,050 UK adults",12 - 14 August 2026,,,,2007,,age,50-64,"Q:V006. To what extent do you approve or disapprove of…
 The way Ed Davey is handling his job as leader of the Liberal Democrats",Leader favourability (Davey),davey,Approve,Neither approve nor disapprove,Disapprove,,,,,,,,20.4,41.4,24.9,,,,,,,,Vi-2026-08-12-Opinium-Observer-Web-Data-tables-1707.xlsx,V006 (3)
"2,050 UK adults",12 - 14 August 2026,,,,2007,,age,65+,"Q:V006. To what extent do you approve or disapprove of…
 The way Ed Davey is handling his job as leader of the Liberal Democrats",Leader favourability (Davey),davey,Approve,Neither approve nor disapprove,Disapprove,,,,,,,,13.7,38.4,32.7,,,,,,,,Vi-2026-08-12-Opinium-Observer-Web-Data-tables-1707.xlsx,V006 (3)
"2,050 UK adults",12 - 14 August 2026,,,,2007,,region,North,"Q:V006. To what extent do you approve or disapprove of…
 The way Ed Davey is handling his job as leader of the Liberal Democrats",Leader favourability (Davey),davey,Approve,Neither approve nor disapprove,Disapprove,,,,,,,,17.3,38.1,28.5,,,,,,,,Vi-2026-08-12-Opinium-Observer-Web-Data-tables-1707.xlsx,V006 (3)
"2,050 UK adults",12 - 14 August 2026,,,,2007,,region,Mids,"Q:V006. To what extent do you approve or disapprove of…
 The way Ed Davey is handling his job as leader of the Liberal Democrats",Leader favourability (Davey),davey,Approve,Neither approve nor disapprove,Disapprove,,,,,,,,19.3,39.4,23.8,,,,,,,,Vi-2026-08-12-Opinium-Observer-Web-Data-tables-1707.xlsx,V006 (3)
"2,050 UK adults",12 - 14 August 2026,,,,2007,,region,London,"Q:V006. To what extent do you approve or disapprove of…
 The way Ed Davey is handling his job as leader of the Liberal Democrats",Leader favourability (Davey),davey,Approve,Neither approve nor disapprove,Disapprove,,,,,,,,17.2,40.9,23.9,,,,,,,,Vi-2026-08-12-Opinium-Observer-Web-Data-tables-1707.xlsx,V006 (3)
"2,050 UK adults",12 - 14 August 2026,,,,2007,,region,South,"Q:V006. To what extent do you approve or disapprove of…
 The way Ed Davey is handling his job as leader of the Liberal Democrats",Leader favourability (Davey),davey,Approve,Neither approve nor disapprove,Disapprove,,,,,,,,22.3,38.6,24.6,,,,,,,,Vi-2026-08-12-Opinium-Observer-Web-Data-tables-1707.xlsx,V006 (3)
"2,050 UK adults",12 - 14 August 2026,,,,2007,,region,Wales,"Q:V006. To what extent do you approve or disapprove of…
 The way Ed Davey is handling his job as leader of the Liberal Democrats",Leader favourability (Davey),davey,Approve,Neither approve nor disapprove,Disapprove,,,,,,,,16.5,32.8,27.8,,,,,,,,Vi-2026-08-12-Opinium-Observer-Web-Data-tables-1707.xlsx,V006 (3)
"2,050 UK adults",12 - 14 August 2026,,,,2007,,region,Scotland,"Q:V006. To what extent do you approve or disapprove of…
 The way Ed Davey is handling his job as leader of the Liberal Democrats",Leader favourability (Davey),davey,Approve,Neither approve nor disapprove,Disapprove,,,,,,,,14.0,37.1,23.4,,,,,,,,Vi-2026-08-12-Opinium-Observer-Web-Data-tables-1707.xlsx,V006 (3)
"2,050 UK adults",12 - 14 August 2026,,,,2007,,region,Northern Ireland,"Q:V006. To what extent do you approve or disapprove of…
 The way Ed Davey is handling his job as leader of the Liberal Democrats",Leader favourability (Davey),davey,Neither approve nor disapprove,,,,,,,,,,,,,,,,,,,,Vi-2026-08-12-Opinium-Observer-Web-Data-tables-1707.xlsx,V006 (3)
"2,050 UK adults",12 - 14 August 2026,,,,2007,,total,Total,"Q:V006. To what extent do you approve or disapprove of…
 The way Nigel Farage is handling his job as leader of Reform UK",Leader favourability (Farage),farage,Approve,Neither approve nor disapprove,Disapprove,,,,,,,,24.8,16.2,52.7,,,,,,,,Vi-2026-08-12-Opinium-Observer-Web-Data-tables-1707.xlsx,V006 (4)
"2,050 UK adults",12 - 14 August 2026,,,,2007,,current_vote,Con,"Q:V006. To what extent do you approve or disapprove of…
 The way Nigel Farage is handling his job as leader of Reform UK",Leader favourability (Farage),farage,Approve,Neither approve nor disapprove,Disapprove,,,,,,,,24.4,21.4,50.7,,,,,,,,Vi-2026-08-12-Opinium-Observer-Web-Data-tables-1707.xlsx,V006 (4)
"2,050 UK adults",12 - 14 August 2026,,,,2007,,current_vote,Lab,"Q:V006. To what extent do you approve or disapprove of…
 The way Nigel Farage is handling his job as leader of Reform UK",Leader favourability (Farage),farage,Approve,Neither approve nor disapprove,Disapprove,,,,,,,,10.2,12.8,73.2,,,,,,,,Vi-2026-08-12-Opinium-Observer-Web-Data-tables-1707.xlsx,V006 (4)
"2,050 UK adults",12 - 14 August 2026,,,,2007,,current_vote,Lib Dem,"Q:V006. To what extent do you approve or disapprove of…
 The way Nigel Farage is handling his job as leader of Reform UK",Leader favourability (Farage),farage,Approve,Neither approve nor disapprove,Disapprove,,,,,,,,6.4,9.5,81.5,,,,,,,,Vi-2026-08-12-Opinium-Observer-Web-Data-tables-1707.xlsx,V006 (4)
"2,050 UK adults",12 - 14 August 2026,,,,2007,,current_vote,Reform,"Q:V006. To what extent do you approve or disapprove of…
 The way Nigel Farage is handling his job as leader of Reform UK",Leader favourability (Farage),farage,Approve,Neither approve nor disapprove,Disapprove,,,,,,,,76.5,15.5,7.5,,,,,,,,Vi-2026-08-12-Opinium-Observer-Web-Data-tables-1707.xlsx,V006 (4)
"2,050 UK adults",12 - 14 August 2026,,,,2007,,current_vote,Green,"Q:V006. To what extent do you approve or disapprove of…
 The way Nigel Farage is handling his job as leader of Reform UK",Leader favourability (Farage),farage,Approve,Neither approve nor disapprove,Disapprove,,,,,,,,5.4,7.8,83.3,,,,,,,,Vi-2026-08-12-Opinium-Observer-Web-Data-tables-1707.xlsx,V006 (4)
"2,050 UK adults",12 - 14 August 2026,,,,2007,,historic_vote,Conservative,"Q:V006. To what extent do you approve or disapprove of…
 The way Nigel Farage is handling his job as leader of Reform UK",Leader favourability (Farage),farage,Approve,Neither approve nor disapprove,Disapprove,,,,,,,,37.8,20.5,38.9,,,,,,,,Vi-2026-08-12-Opinium-Observer-Web-Data-tables-1707.xlsx,V006 (4)
"2,050 UK adults",12 - 14 August 2026,,,,2007,,historic_vote,Labour,"Q:V006. To what extent do you approve or disapprove of…
 The way Nigel Farage is handling his job as leader of Reform UK",Leader favourability (Farage),farage,Approve,Neither approve nor disapprove,Disapprove,,,,,,,,11.8,12.9,72.0,,,,,,,,Vi-2026-08-12-Opinium-Observer-Web-Data-tables-1707.xlsx,V006 (4)
"2,050 UK adults",12 - 14 August 2026,,,,2007,,historic_vote,Lib Dems,"Q:V006. To what extent do you approve or disapprove of…
 The way Nigel Farage is handling his job as leader of Reform UK",Leader favourability (Farage),farage,Approve,Neither approve nor disapprove,Disapprove,,,,,,,,13.7,8.7,72.6,,,,,,,,Vi-2026-08-12-Opinium-Observer-Web-Data-tables-1707.xlsx,V006 (4)
"2,050 UK adults",12 - 14 August 2026,,,,2007,,historic_vote,Green,"Q:V006. To what extent do you approve or disapprove of…
 The way Nigel Farage is handling his job as leader of Reform UK",Leader favourability (Farage),farage,Approve,Neither approve nor disapprove,Disapprove,,,,,,,,14.6,7.9,76.0,,,,,,,,Vi-2026-08-12-Opinium-Observer-Web-Data-tables-1707.xlsx,V006 (4)
"2,050 UK adults",12 - 14 August 2026,,,,2007,,historic_vote,Reform UK,"Q:V006. To what extent do you approve or disapprove of…
 The way Nigel Farage is handling his job as leader of Reform UK",Leader favourability (Farage),farage,Approve,Neither approve nor disapprove,Disapprove,,,,,,,,78.0,8.5,13.2,,,,,,,,Vi-2026-08-12-Opinium-Observer-Web-Data-tables-1707.xlsx,V006 (4)
"2,050 UK adults",12 - 14 August 2026,,,,2007,,historic_vote,Con,"Q:V006. To what extent do you approve or disapprove of…
 The way Nigel Farage is handling his job as leader of Reform UK",Leader favourability (Farage),farage,Approve,Neither approve nor disapprove,Disapprove,,,,,,,,42.7,16.0,38.1,,,,,,,,Vi-2026-08-12-Opinium-Observer-Web-Data-tables-1707.xlsx,V006 (4)
"2,050 UK adults",12 - 14 August 2026,,,,2007,,historic_vote,Lab,"Q:V006. To what extent do you approve or disapprove of…
 The way Nigel Farage is handling his job as leader of Reform UK",Leader favourability (Farage),farage,Approve,Neither approve nor disapprove,Disapprove,,,,,,,,11.9,11.7,73.3,,,,,,,,Vi-2026-08-12-Opinium-Observer-Web-Data-tables-1707.xlsx,V006 (4)
"2,050 UK adults",12 - 14 August 2026,,,,2007,,historic_vote,Lib Dem,"Q:V006. To what extent do you approve or disapprove of…
 The way Nigel Farage is handling his job as leader of Reform UK",Leader favourability (Farage),farage,Approve,Neither approve nor disapprove,Disapprove,,,,,,,,11.0,8.0,79.4,,,,,,,,Vi-2026-08-12-Opinium-Observer-Web-Data-tables-1707.xlsx,V006 (4)
"2,050 UK adults",12 - 14 August 2026,,,,2007,,historic_vote,Remain,"Q:V006. To what extent do you approve or disapprove of…
 The way Nigel Farage is handling his job as leader of Reform UK",Leader favourability (Farage),farage,Approve,Neither approve nor disapprove,Disapprove,,,,,,,,13.1,11.8,71.8,,,,,,,,Vi-2026-08-12-Opinium-Observer-Web-Data-tables-1707.xlsx,V006 (4)
"2,050 UK adults",12 - 14 August 2026,,,,2007,,historic_vote,Leave,"Q:V006. To what extent do you approve or disapprove of…
 The way Nigel Farage is handling his job as leader of Reform UK",Leader favourability (Farage),farage,Approve,Neither approve nor disapprove,Disapprove,,,,,,,,41.5,15.6,39.1,,,,,,,,Vi-2026-08-12-Opinium-Observer-Web-Data-tables-1707.xlsx,V006 (4)
"2,050 UK adults",12 - 14 August 2026,,,,2007,,gender,Male,"Q:V006. To what extent do you approve or disapprove of…
 The way Nigel Farage is handling his job as leader of Reform UK",Leader favourability (Farage),farage,Approve,Neither approve nor disapprove,Disapprove,,,,,,,,28.8,16.0,51.0,,,,,,,,Vi-2026-08-12-Opinium-Observer-Web-Data-tables-1707.xlsx,V006 (4)
"2,050 UK adults",12 - 14 August 2026,,,,2007,,gender,Female,"Q:V006. To what extent do you approve or disapprove of…
 The way Nigel Farage is handling his job as leader of Reform UK",Leader favourability (Farage),farage,Approve,Neither approve nor disapprove,Disapprove,,,,,,,,21.2,16.5,54.1,,,,,,,,Vi-2026-08-12-Opinium-Observer-Web-Data-tables-1707.xlsx,V006 (4)
"2,050 UK adults",12 - 14 August 2026,,,,2007,,age,18-34,"Q:V006. To what extent do you approve or disapprove of…
 The way Nigel Farage is handling his job as leader of Reform UK",Leader favourability (Farage),farage,Approve,Neither approve nor disapprove,Disapprove,,,,,,,,22.3,18.5,50.3,,,,,,,,Vi-2026-08-12-Opinium-Observer-Web-Data-tables-1707.xlsx,V006 (4)
"2,050 UK adults",12 - 14 August 2026,,,,2007,,age,35-49,"Q:V006. To what extent do you approve or disapprove of…
 The way Nigel Farage is handling his job as leader of Reform UK",Leader favourability (Farage),farage,Approve,Neither approve nor disapprove,Disapprove,,,,,,,,22.4,19.4,52.6,,,,,,,,Vi-2026-08-12-Opinium-Observer-Web-Data-tables-1707.xlsx,V006 (4)
"2,050 UK adults",12 - 14 August 2026,,,,2007,,age,50-64,"Q:V006. To what extent do you approve or disapprove of…
 The way Nigel Farage is handling his job as leader of Reform UK",Leader favourability (Farage),farage,Approve,Neither approve nor disapprove,Disapprove,,,,,,,,23.0,11.7,60.0,,,,,,,,Vi-2026-08-12-Opinium-Observer-Web-Data-tables-1707.xlsx,V006 (4)
"2,050 UK adults",12 - 14 August 2026,,,,2007,,age,65+,"Q:V006. To what extent do you approve or disapprove of…
 The way Nigel Farage is handling his job as leader of Reform UK",Leader favourability (Farage),farage,Approve,Neither approve nor disapprove,Disapprove,,,,,,,,31.9,15.0,48.1,,,,,,,,Vi-2026-08-12-Opinium-Observer-Web-Data-tables-1707.xlsx,V006 (4)
"2,050 UK adults",12 - 14 August 2026,,,,2007,,region,North,"Q:V006. To what extent do you approve or disapprove of…
 The way Nigel Farage is handling his job as leader of Reform UK",Leader favourability (Farage),farage,Approve,Neither approve nor disapprove,Disapprove,,,,,,,,20.8,18.8,55.3,,,,,,,,Vi-2026-08-12-Opinium-Observer-Web-Data-tables-1707.xlsx,V006 (4)
"2,050 UK adults",12 - 14 August 2026,,,,2007,,region,Mids,"Q:V006. To what extent do you approve or disapprove of…
 The way Nigel Farage is handling his job as leader of Reform UK",Leader favourability (Farage),farage,Approve,Neither approve nor disapprove,Disapprove,,,,,,,,27.7,17.4,46.7,,,,,,,,Vi-2026-08-12-Opinium-Observer-Web-Data-tables-1707.xlsx,V006 (4)
"2,050 UK adults",12 - 14 August 2026,,,,2007,,region,London,"Q:V006. To what extent do you approve or disapprove of…
 The way Nigel Farage is handling his job as leader of Reform UK",Leader favourability (Farage),farage,Approve,Neither approve nor disapprove,Disapprove,,,,,,,,21.3,15.4,58.2,,,,,,,,Vi-2026-08-12-Opinium-Observer-Web-Data-tables-1707.xlsx,V006 (4)
"2,050 UK adults",12 - 14 August 2026,,,,2007,,region,South,"Q:V006. To what extent do you approve or disapprove of…
 The way Nigel Farage is handling his job as leader of Reform UK",Leader favourability (Farage),farage,Approve,Neither approve nor disapprove,Disapprove,,,,,,,,29.2,15.7,50.1,,,,,,,,Vi-2026-08-12-Opinium-Observer-Web-Data-tables-1707.xlsx,V006 (4)
"2,050 UK adults",12 - 14 August 2026,,,,2007,,region,Wales,"Q:V006. To what extent do you approve or disapprove of…
 The way Nigel Farage is handling his job as leader of Reform UK",Leader favourability (Farage),farage,Approve,Neither approve nor disapprove,Disapprove,,,,,,,,23.7,12.2,52.6,,,,,,,,Vi-2026-08-12-Opinium-Observer-Web-Data-tables-1707.xlsx,V006 (4)
"2,050 UK adults",12 - 14 August 2026,,,,2007,,region,Scotland,"Q:V006. To what extent do you approve or disapprove of…
 The way Nigel Farage is handling his job as leader of Reform UK",Leader favourability (Farage),farage,Approve,Neither approve nor disapprove,Disapprove,,,,,,,,19.3,12.4,59.7,,,,,,,,Vi-2026-08-12-Opinium-Observer-Web-Data-tables-1707.xlsx,V006 (4)
"2,050 UK adults",12 - 14 August 2026,,,,2007,,region,Northern Ireland,"Q:V006. To what extent do you approve or disapprove of…
 The way Nigel Farage is handling his job as leader of Reform UK",Leader favourability (Farage),farage,Neither approve nor disapprove,,,,,,,,,,,,,,,,,,,,Vi-2026-08-12-Opinium-Observer-Web-Data-tables-1707.xlsx,V006 (4)
"2,050 UK adults",12 - 14 August 2026,,,,2007,,total,Total,"Q:V006. To what extent do you approve or disapprove of…
 The way John Healey is handling his job as Chancellor of the Exchequer",UNMATCHED,,Approve,Neither approve nor disapprove,Disapprove,,,,,,,,13.1,40.3,20.9,,,,,,,,Vi-2026-08-12-Opinium-Observer-Web-Data-tables-1707.xlsx,V006 (5)
"2,050 UK adults",12 - 14 August 2026,,,,2007,,current_vote,Con,"Q:V006. To what extent do you approve or disapprove of…
 The way John Healey is handling his job as Chancellor of the Exchequer",UNMATCHED,,Approve,Neither approve nor disapprove,Disapprove,,,,,,,,11.1,41.0,24.8,,,,,,,,Vi-2026-08-12-Opinium-Observer-Web-Data-tables-1707.xlsx,V006 (5)
"2,050 UK adults",12 - 14 August 2026,,,,2007,,current_vote,Lab,"Q:V006. To what extent do you approve or disapprove of…
 The way John Healey is handling his job as Chancellor of the Exchequer",UNMATCHED,,Approve,Neither approve nor disapprove,Disapprove,,,,,,,,27.7,44.0,10.0,,,,,,,,Vi-2026-08-12-Opinium-Observer-Web-Data-tables-1707.xlsx,V006 (5)
"2,050 UK adults",12 - 14 August 2026,,,,2007,,current_vote,Lib Dem,"Q:V006. To what extent do you approve or disapprove of…
 The way John Healey is handling his job as Chancellor of the Exchequer",UNMATCHED,,Approve,Neither approve nor disapprove,Disapprove,,,,,,,,15.9,45.7,10.8,,,,,,,,Vi-2026-08-12-Opinium-Observer-Web-Data-tables-1707.xlsx,V006 (5)
"2,050 UK adults",12 - 14 August 2026,,,,2007,,current_vote,Reform,"Q:V006. To what extent do you approve or disapprove of…
 The way John Healey is handling his job as Chancellor of the Exchequer",UNMATCHED,,Approve,Neither approve nor disapprove,Disapprove,,,,,,,,10.1,39.5,33.6,,,,,,,,Vi-2026-08-12-Opinium-Observer-Web-Data-tables-1707.xlsx,V006 (5)
"2,050 UK adults",12 - 14 August 2026,,,,2007,,current_vote,Green,"Q:V006. To what extent do you approve or disapprove of…
 The way John Healey is handling his job as Chancellor of the Exchequer",UNMATCHED,,Approve,Neither approve nor disapprove,Disapprove,,,,,,,,10.1,44.4,24.4,,,,,,,,Vi-2026-08-12-Opinium-Observer-Web-Data-tables-1707.xlsx,V006 (5)
"2,050 UK adults",12 - 14 August 2026,,,,2007,,historic_vote,Conservative,"Q:V006. To what extent do you approve or disapprove of…
 The way John Healey is handling his job as Chancellor of the Exchequer",UNMATCHED,,Approve,Neither approve nor disapprove,Disapprove,,,,,,,,9.4,42.7,25.1,,,,,,,,Vi-2026-08-12-Opinium-Observer-Web-Data-tables-1707.xlsx,V006 (5)
"2,050 UK adults",12 - 14 August 2026,,,,2007,,historic_vote,Labour,"Q:V006. To what extent do you approve or disapprove of…
 The way John Healey is handling his job as Chancellor of the Exchequer",UNMATCHED,,Approve,Neither approve nor disapprove,Disapprove,,,,,,,,22.0,45.8,13.3,,,,,,,,Vi-2026-08-12-Opinium-Observer-Web-Data-tables-1707.xlsx,V006 (5)
"2,050 UK adults",12 - 14 August 2026,,,,2007,,historic_vote,Lib Dems,"Q:V006. To what extent do you approve or disapprove of…
 The way John Healey is handling his job as Chancellor of the Exchequer",UNMATCHED,,Approve,Neither approve nor disapprove,Disapprove,,,,,,,,19.4,41.0,10.3,,,,,,,,Vi-2026-08-12-Opinium-Observer-Web-Data-tables-1707.xlsx,V006 (5)
"2,050 UK adults",12 - 14 August 2026,,,,2007,,historic_vote,Green,"Q:V006. To what extent do you approve or disapprove of…
 The way John Healey is handling his job as Chancellor of the Exchequer",UNMATCHED,,Approve,Neither approve nor disapprove,Disapprove,,,,,,,,14.6,40.3,24.0,,,,,,,,Vi-2026-08-12-Opinium-Observer-Web-Data-tables-1707.xlsx,V006 (5)
"2,050 UK adults",12 - 14 August 2026,,,,2007,,historic_vote,Reform UK,"Q:V006. To what extent do you approve or disapprove of…
 The way John Healey is handling his job as Chancellor of the Exchequer",UNMATCHED,,Approve,Neither approve nor disapprove,Disapprove,,,,,,,,8.3,38.5,33.7,,,,,,,,Vi-2026-08-12-Opinium-Observer-Web-Data-tables-1707.xlsx,V006 (5)
"2,050 UK adults",12 - 14 August 2026,,,,2007,,historic_vote,Con,"Q:V006. To what extent do you approve or disapprove of…
 The way John Healey is handling his job as Chancellor of the Exchequer",UNMATCHED,,Approve,Neither approve nor disapprove,Disapprove,,,,,,,,8.1,40.6,28.5,,,,,,,,Vi-2026-08-12-Opinium-Observer-Web-Data-tables-1707.xlsx,V006 (5)
"2,050 UK adults",12 - 14 August 2026,,,,2007,,historic_vote,Lab,"Q:V006. To what extent do you approve or disapprove of…
 The way John Healey is handling his job as Chancellor of the Exchequer",UNMATCHED,,Approve,Neither approve nor disapprove,Disapprove,,,,,,,,20.6,44.5,14.8,,,,,,,,Vi-2026-08-12-Opinium-Observer-Web-Data-tables-1707.xlsx,V006 (5)
"2,050 UK adults",12 - 14 August 2026,,,,2007,,historic_vote,Lib Dem,"Q:V006. To what extent do you approve or disapprove of…
 The way John Healey is handling his job as Chancellor of the Exchequer",UNMATCHED,,Approve,Neither approve nor disapprove,Disapprove,,,,,,,,21.3,44.0,6.6,,,,,,,,Vi-2026-08-12-Opinium-Observer-Web-Data-tables-1707.xlsx,V006 (5)
"2,050 UK adults",12 - 14 August 2026,,,,2007,,historic_vote,Remain,"Q:V006. To what extent do you approve or disapprove of…
 The way John Healey is handling his job as Chancellor of the Exchequer",UNMATCHED,,Approve,Neither approve nor disapprove,Disapprove,,,,,,,,17.7,44.8,15.4,,,,,,,,Vi-2026-08-12-Opinium-Observer-Web-Data-tables-1707.xlsx,V006 (5)
"2,050 UK adults",12 - 14 August 2026,,,,2007,,historic_vote,Leave,"Q:V006. To what extent do you approve or disapprove of…
 The way John Healey is handling his job as Chancellor of the Exchequer",UNMATCHED,,Approve,Neither approve nor disapprove,Disapprove,,,,,,,,10.2,37.3,27.7,,,,,,,,Vi-2026-08-12-Opinium-Observer-Web-Data-tables-1707.xlsx,V006 (5)
"2,050 UK adults",12 - 14 August 2026,,,,2007,,gender,Male,"Q:V006. To what extent do you approve or disapprove of…
 The way John Healey is handling his job as Chancellor of the Exchequer",UNMATCHED,,Approve,Neither approve nor disapprove,Disapprove,,,,,,,,15.7,42.1,22.9,,,,,,,,Vi-2026-08-12-Opinium-Observer-Web-Data-tables-1707.xlsx,V006 (5)
"2,050 UK adults",12 - 14 August 2026,,,,2007,,gender,Female,"Q:V006. To what extent do you approve or disapprove of…
 The way John Healey is handling his job as Chancellor of the Exchequer",UNMATCHED,,Approve,Neither approve nor disapprove,Disapprove,,,,,,,,10.7,38.8,18.6,,,,,,,,Vi-2026-08-12-Opinium-Observer-Web-Data-tables-1707.xlsx,V006 (5)
"2,050 UK adults",12 - 14 August 2026,,,,2007,,age,18-34,"Q:V006. To what extent do you approve or disapprove of…
 The way John Healey is handling his job as Chancellor of the Exchequer",UNMATCHED,,Approve,Neither approve nor disapprove,Disapprove,,,,,,,,17.8,34.8,20.9,,,,,,,,Vi-2026-08-12-Opinium-Observer-Web-Data-tables-1707.xlsx,V006 (5)
"2,050 UK adults",12 - 14 August 2026,,,,2007,,age,35-49,"Q:V006. To what extent do you approve or disapprove of…
 The way John Healey is handling his job as Chancellor of the Exchequer",UNMATCHED,,Approve,Neither approve nor disapprove,Disapprove,,,,,,,,13.8,42.6,19.7,,,,,,,,Vi-2026-08-12-Opinium-Observer-Web-Data-tables-1707.xlsx,V006 (5)
"2,050 UK adults",12 - 14 August 2026,,,,2007,,age,50-64,"Q:V006. To what extent do you approve or disapprove of…
 The way John Healey is handling his job as Chancellor of the Exchequer",UNMATCHED,,Approve,Neither approve nor disapprove,Disapprove,,,,,,,,11.3,41.1,22.8,,,,,,,,Vi-2026-08-12-Opinium-Observer-Web-Data-tables-1707.xlsx,V006 (5)
"2,050 UK adults",12 - 14 August 2026,,,,2007,,age,65+,"Q:V006. To what extent do you approve or disapprove of…
 The way John Healey is handling his job as Chancellor of the Exchequer",UNMATCHED,,Approve,Neither approve nor disapprove,Disapprove,,,,,,,,8.4,43.4,19.8,,,,,,,,Vi-2026-08-12-Opinium-Observer-Web-Data-tables-1707.xlsx,V006 (5)
"2,050 UK adults",12 - 14 August 2026,,,,2007,,region,North,"Q:V006. To what extent do you approve or disapprove of…
 The way John Healey is handling his job as Chancellor of the Exchequer",UNMATCHED,,Approve,Neither approve nor disapprove,Disapprove,,,,,,,,16.8,39.5,21.8,,,,,,,,Vi-2026-08-12-Opinium-Observer-Web-Data-tables-1707.xlsx,V006 (5)
"2,050 UK adults",12 - 14 August 2026,,,,2007,,region,Mids,"Q:V006. To what extent do you approve or disapprove of…
 The way John Healey is handling his job as Chancellor of the Exchequer",UNMATCHED,,Approve,Neither approve nor disapprove,Disapprove,,,,,,,,11.8,42.6,20.8,,,,,,,,Vi-2026-08-12-Opinium-Observer-Web-Data-tables-1707.xlsx,V006 (5)
"2,050 UK adults",12 - 14 August 2026,,,,2007,,region,London,"Q:V006. To what extent do you approve or disapprove of…
 The way John Healey is handling his job as Chancellor of the Exchequer",UNMATCHED,,Approve,Neither approve nor disapprove,Disapprove,,,,,,,,10.4,41.7,20.2,,,,,,,,Vi-2026-08-12-Opinium-Observer-Web-Data-tables-1707.xlsx,V006 (5)
"2,050 UK adults",12 - 14 August 2026,,,,2007,,region,South,"Q:V006. To what extent do you approve or disapprove of…
 The way John Healey is handling his job as Chancellor of the Exchequer",UNMATCHED,,Approve,Neither approve nor disapprove,Disapprove,,,,,,,,12.9,39.4,21.0,,,,,,,,Vi-2026-08-12-Opinium-Observer-Web-Data-tables-1707.xlsx,V006 (5)
"2,050 UK adults",12 - 14 August 2026,,,,2007,,region,Wales,"Q:V006. To what extent do you approve or disapprove of…
 The way John Healey is handling his job as Chancellor of the Exchequer",UNMATCHED,,Approve,Neither approve nor disapprove,Disapprove,,,,,,,,13.4,38.1,14.4,,,,,,,,Vi-2026-08-12-Opinium-Observer-Web-Data-tables-1707.xlsx,V006 (5)
"2,050 UK adults",12 - 14 August 2026,,,,2007,,region,Scotland,"Q:V006. To what extent do you approve or disapprove of…
 The way John Healey is handling his job as Chancellor of the Exchequer",UNMATCHED,,Approve,Neither approve nor disapprove,Disapprove,,,,,,,,9.9,40.0,22.8,,,,,,,,Vi-2026-08-12-Opinium-Observer-Web-Data-tables-1707.xlsx,V006 (5)
"2,050 UK adults",12 - 14 August 2026,,,,2007,,region,Northern Ireland,"Q:V006. To what extent do you approve or disapprove of…
 The way John Healey is handling his job as Chancellor of the Exchequer",UNMATCHED,,Neither approve nor disapprove,,,,,,,,,,,,,,,,,,,,Vi-2026-08-12-Opinium-Observer-Web-Data-tables-1707.xlsx,V006 (5)
"2,050 UK adults",12 - 14 August 2026,,,,2007,,total,Total,"Q:V006. To what extent do you approve or disapprove of…
 The way Zack Polanski is handling his job as leader of the Green Party of England and Wales",Leader favourability (Polanski),polanski,Approve,Neither approve nor disapprove,Disapprove,,,,,,,,18.0,25.0,41.9,,,,,,,,Vi-2026-08-12-Opinium-Observer-Web-Data-tables-1707.xlsx,V006 (6)
"2,050 UK adults",12 - 14 August 2026,,,,2007,,current_vote,Con,"Q:V006. To what extent do you approve or disapprove of…
 The way Zack Polanski is handling his job as leader of the Green Party of England and Wales",Leader favourability (Polanski),polanski,Approve,Neither approve nor disapprove,Disapprove,,,,,,,,8.9,19.7,63.0,,,,,,,,Vi-2026-08-12-Opinium-Observer-Web-Data-tables-1707.xlsx,V006 (6)
"2,050 UK adults",12 - 14 August 2026,,,,2007,,current_vote,Lab,"Q:V006. To what extent do you approve or disapprove of…
 The way Zack Polanski is handling his job as leader of the Green Party of England and Wales",Leader favourability (Polanski),polanski,Approve,Neither approve nor disapprove,Disapprove,,,,,,,,25.6,33.1,28.9,,,,,,,,Vi-2026-08-12-Opinium-Observer-Web-Data-tables-1707.xlsx,V006 (6)
"2,050 UK adults",12 - 14 August 2026,,,,2007,,current_vote,Lib Dem,"Q:V006. To what extent do you approve or disapprove of…
 The way Zack Polanski is handling his job as leader of the Green Party of England and Wales",Leader favourability (Polanski),polanski,Approve,Neither approve nor disapprove,Disapprove,,,,,,,,19.1,33.6,35.0,,,,,,,,Vi-2026-08-12-Opinium-Observer-Web-Data-tables-1707.xlsx,V006 (6)
"2,050 UK adults",12 - 14 August 2026,,,,2007,,current_vote,Reform,"Q:V006. To what extent do you approve or disapprove of…
 The way Zack Polanski is handling his job as leader of the Green Party of England and Wales",Leader favourability (Polanski),polanski,Approve,Neither approve nor disapprove,Disapprove,,,,,,,,7.5,18.4,68.7,,,,,,,,Vi-2026-08-12-Opinium-Observer-Web-Data-tables-1707.xlsx,V006 (6)
"2,050 UK adults",12 - 14 August 2026,,,,2007,,current_vote,Green,"Q:V006. To what extent do you approve or disapprove of…
 The way Zack Polanski is handling his job as leader of the Green Party of England and Wales",Leader favourability (Polanski),polanski,Approve,Neither approve nor disapprove,Disapprove,,,,,,,,70.2,16.5,4.8,,,,,,,,Vi-2026-08-12-Opinium-Observer-Web-Data-tables-1707.xlsx,V006 (6)
"2,050 UK adults",12 - 14 August 2026,,,,2007,,historic_vote,Conservative,"Q:V006. To what extent do you approve or disapprove of…
 The way Zack Polanski is handling his job as leader of the Green Party of England and Wales",Leader favourability (Polanski),polanski,Approve,Neither approve nor disapprove,Disapprove,,,,,,,,7.7,17.3,65.8,,,,,,,,Vi-2026-08-12-Opinium-Observer-Web-Data-tables-1707.xlsx,V006 (6)
"2,050 UK adults",12 - 14 August 2026,,,,2007,,historic_vote,Labour,"Q:V006. To what extent do you approve or disapprove of…
 The way Zack Polanski is handling his job as leader of the Green Party of England and Wales",Leader favourability (Polanski),polanski,Approve,Neither approve nor disapprove,Disapprove,,,,,,,,24.1,32.8,34.6,,,,,,,,Vi-2026-08-12-Opinium-Observer-Web-Data-tables-1707.xlsx,V006 (6)
"2,050 UK adults",12 - 14 August 2026,,,,2007,,historic_vote,Lib Dems,"Q:V006. To what extent do you approve or disapprove of…
 The way Zack Polanski is handling his job as leader of the Green Party of England and Wales",Leader favourability (Polanski),polanski,Approve,Neither approve nor disapprove,Disapprove,,,,,,,,24.6,26.4,32.6,,,,,,,,Vi-2026-08-12-Opinium-Observer-Web-Data-tables-1707.xlsx,V006 (6)
"2,050 UK adults",12 - 14 August 2026,,,,2007,,historic_vote,Green,"Q:V006. To what extent do you approve or disapprove of…
 The way Zack Polanski is handling his job as leader of the Green Party of England and Wales",Leader favourability (Polanski),polanski,Approve,Neither approve nor disapprove,Disapprove,,,,,,,,51.0,24.7,15.6,,,,,,,,Vi-2026-08-12-Opinium-Observer-Web-Data-tables-1707.xlsx,V006 (6)
"2,050 UK adults",12 - 14 August 2026,,,,2007,,historic_vote,Reform UK,"Q:V006. To what extent do you approve or disapprove of…
 The way Zack Polanski is handling his job as leader of the Green Party of England and Wales",Leader favourability (Polanski),polanski,Approve,Neither approve nor disapprove,Disapprove,,,,,,,,5.9,12.3,75.1,,,,,,,,Vi-2026-08-12-Opinium-Observer-Web-Data-tables-1707.xlsx,V006 (6)
"2,050 UK adults",12 - 14 August 2026,,,,2007,,historic_vote,Con,"Q:V006. To what extent do you approve or disapprove of…
 The way Zack Polanski is handling his job as leader of the Green Party of England and Wales",Leader favourability (Polanski),polanski,Approve,Neither approve nor disapprove,Disapprove,,,,,,,,7.6,16.1,68.2,,,,,,,,Vi-2026-08-12-Opinium-Observer-Web-Data-tables-1707.xlsx,V006 (6)
"2,050 UK adults",12 - 14 August 2026,,,,2007,,historic_vote,Lab,"Q:V006. To what extent do you approve or disapprove of…
 The way Zack Polanski is handling his job as leader of the Green Party of England and Wales",Leader favourability (Polanski),polanski,Approve,Neither approve nor disapprove,Disapprove,,,,,,,,28.6,29.5,32.6,,,,,,,,Vi-2026-08-12-Opinium-Observer-Web-Data-tables-1707.xlsx,V006 (6)
"2,050 UK adults",12 - 14 August 2026,,,,2007,,historic_vote,Lib Dem,"Q:V006. To what extent do you approve or disapprove of…
 The way Zack Polanski is handling his job as leader of the Green Party of England and Wales",Leader favourability (Polanski),polanski,Approve,Neither approve nor disapprove,Disapprove,,,,,,,,19.9,34.4,32.4,,,,,,,,Vi-2026-08-12-Opinium-Observer-Web-Data-tables-1707.xlsx,V006 (6)
"2,050 UK adults",12 - 14 August 2026,,,,2007,,historic_vote,Remain,"Q:V006. To what extent do you approve or disapprove of…
 The way Zack Polanski is handling his job as leader of the Green Party of England and Wales",Leader favourability (Polanski),polanski,Approve,Neither approve nor disapprove,Disapprove,,,,,,,,25.5,28.1,35.3,,,,,,,,Vi-2026-08-12-Opinium-Observer-Web-Data-tables-1707.xlsx,V006 (6)
"2,050 UK adults",12 - 14 August 2026,,,,2007,,historic_vote,Leave,"Q:V006. To what extent do you approve or disapprove of…
 The way Zack Polanski is handling his job as leader of the Green Party of England and Wales",Leader favourability (Polanski),polanski,Approve,Neither approve nor disapprove,Disapprove,,,,,,,,9.0,17.6,62.0,,,,,,,,Vi-2026-08-12-Opinium-Observer-Web-Data-tables-1707.xlsx,V006 (6)
"2,050 UK adults",12 - 14 August 2026,,,,2007,,gender,Male,"Q:V006. To what extent do you approve or disapprove of…
 The way Zack Polanski is handling his job as leader of the Green Party of England and Wales",Leader favourability (Polanski),polanski,Approve,Neither approve nor disapprove,Disapprove,,,,,,,,18.0,22.9,50.0,,,,,,,,Vi-2026-08-12-Opinium-Observer-Web-Data-tables-1707.xlsx,V006 (6)
"2,050 UK adults",12 - 14 August 2026,,,,2007,,gender,Female,"Q:V006. To what extent do you approve or disapprove of…
 The way Zack Polanski is handling his job as leader of the Green Party of England and Wales",Leader favourability (Polanski),polanski,Approve,Neither approve nor disapprove,Disapprove,,,,,,,,17.9,27.0,34.5,,,,,,,,Vi-2026-08-12-Opinium-Observer-Web-Data-tables-1707.xlsx,V006 (6)
"2,050 UK adults",12 - 14 August 2026,,,,2007,,age,18-34,"Q:V006. To what extent do you approve or disapprove of…
 The way Zack Polanski is handling his job as leader of the Green Party of England and Wales",Leader favourability (Polanski),polanski,Approve,Neither approve nor disapprove,Disapprove,,,,,,,,28.0,27.6,24.1,,,,,,,,Vi-2026-08-12-Opinium-Observer-Web-Data-tables-1707.xlsx,V006 (6)
"2,050 UK adults",12 - 14 August 2026,,,,2007,,age,35-49,"Q:V006. To what extent do you approve or disapprove of…
 The way Zack Polanski is handling his job as leader of the Green Party of England and Wales",Leader favourability (Polanski),polanski,Approve,Neither approve nor disapprove,Disapprove,,,,,,,,22.8,30.6,33.3,,,,,,,,Vi-2026-08-12-Opinium-Observer-Web-Data-tables-1707.xlsx,V006 (6)
"2,050 UK adults",12 - 14 August 2026,,,,2007,,age,50-64,"Q:V006. To what extent do you approve or disapprove of…
 The way Zack Polanski is handling his job as leader of the Green Party of England and Wales",Leader favourability (Polanski),polanski,Approve,Neither approve nor disapprove,Disapprove,,,,,,,,15.2,22.4,50.3,,,,,,,,Vi-2026-08-12-Opinium-Observer-Web-Data-tables-1707.xlsx,V006 (6)
"2,050 UK adults",12 - 14 August 2026,,,,2007,,age,65+,"Q:V006. To what extent do you approve or disapprove of…
 The way Zack Polanski is handling his job as leader of the Green Party of England and Wales",Leader favourability (Polanski),polanski,Approve,Neither approve nor disapprove,Disapprove,,,,,,,,4.4,19.2,62.5,,,,,,,,Vi-2026-08-12-Opinium-Observer-Web-Data-tables-1707.xlsx,V006 (6)
"2,050 UK adults",12 - 14 August 2026,,,,2007,,region,North,"Q:V006. To what extent do you approve or disapprove of…
 The way Zack Polanski is handling his job as leader of the Green Party of England and Wales",Leader favourability (Polanski),polanski,Approve,Neither approve nor disapprove,Disapprove,,,,,,,,18.3,27.1,41.6,,,,,,,,Vi-2026-08-12-Opinium-Observer-Web-Data-tables-1707.xlsx,V006 (6)
"2,050 UK adults",12 - 14 August 2026,,,,2007,,region,Mids,"Q:V006. To what extent do you approve or disapprove of…
 The way Zack Polanski is handling his job as leader of the Green Party of England and Wales",Leader favourability (Polanski),polanski,Approve,Neither approve nor disapprove,Disapprove,,,,,,,,16.3,26.3,39.5,,,,,,,,Vi-2026-08-12-Opinium-Observer-Web-Data-tables-1707.xlsx,V006 (6)
"2,050 UK adults",12 - 14 August 2026,,,,2007,,region,London,"Q:V006. To what extent do you approve or disapprove of…
 The way Zack Polanski is handling his job as leader of the Green Party of England and Wales",Leader favourability (Polanski),polanski,Approve,Neither approve nor disapprove,Disapprove,,,,,,,,21.6,28.4,36.2,,,,,,,,Vi-2026-08-12-Opinium-Observer-Web-Data-tables-1707.xlsx,V006 (6)
"2,050 UK adults",12 - 14 August 2026,,,,2007,,region,South,"Q:V006. To what extent do you approve or disapprove of…
 The way Zack Polanski is handling his job as leader of the Green Party of England and Wales",Leader favourability (Polanski),polanski,Approve,Neither approve nor disapprove,Disapprove,,,,,,,,17.2,22.5,47.6,,,,,,,,Vi-2026-08-12-Opinium-Observer-Web-Data-tables-1707.xlsx,V006 (6)
"2,050 UK adults",12 - 14 August 2026,,,,2007,,region,Wales,"Q:V006. To what extent do you approve or disapprove of…
 The way Zack Polanski is handling his job as leader of the Green Party of England and Wales",Leader favourability (Polanski),polanski,Approve,Neither approve nor disapprove,Disapprove,,,,,,,,22.7,19.9,42.3,,,,,,,,Vi-2026-08-12-Opinium-Observer-Web-Data-tables-1707.xlsx,V006 (6)
"2,050 UK adults",12 - 14 August 2026,,,,2007,,region,Scotland,"Q:V006. To what extent do you approve or disapprove of…
 The way Zack Polanski is handling his job as leader of the Green Party of England and Wales",Leader favourability (Polanski),polanski,Approve,Neither approve nor disapprove,Disapprove,,,,,,,,15.2,23.9,34.5,,,,,,,,Vi-2026-08-12-Opinium-Observer-Web-Data-tables-1707.xlsx,V006 (6)
"2,050 UK adults",12 - 14 August 2026,,,,2007,,region,Northern Ireland,"Q:V006. To what extent do you approve or disapprove of…
 The way Zack Polanski is handling his job as leader of the Green Party of England and Wales",Leader favourability (Polanski),polanski,Neither approve nor disapprove,,,,,,,,,,,,,,,,,,,,Vi-2026-08-12-Opinium-Observer-Web-Data-tables-1707.xlsx,V006 (6)
"2,050 UK adults",12 - 14 August 2026,,,,2007,,total,Total,"Q:V007. Which, if any, of the following people do you think would be the best prime minister?",Preferred Prime Minister,best prime minister,Andy Burnham,Kemi Badenoch,,,,,,,,,38.0,18.2,,,,,,,,,Vi-2026-08-12-Opinium-Observer-Web-Data-tables-1707.xlsx,V007
"2,050 UK adults",12 - 14 August 2026,,,,2007,,current_vote,Con,"Q:V007. Which, if any, of the following people do you think would be the best prime minister?",Preferred Prime Minister,best prime minister,Andy Burnham,Kemi Badenoch,,,,,,,,,12.6,62.7,,,,,,,,,Vi-2026-08-12-Opinium-Observer-Web-Data-tables-1707.xlsx,V007
"2,050 UK adults",12 - 14 August 2026,,,,2007,,current_vote,Lab,"Q:V007. Which, if any, of the following people do you think would be the best prime minister?",Preferred Prime Minister,best prime minister,Andy Burnham,Kemi Badenoch,,,,,,,,,82.6,4.0,,,,,,,,,Vi-2026-08-12-Opinium-Observer-Web-Data-tables-1707.xlsx,V007
"2,050 UK adults",12 - 14 August 2026,,,,2007,,current_vote,Lib Dem,"Q:V007. Which, if any, of the following people do you think would be the best prime minister?",Preferred Prime Minister,best prime minister,Andy Burnham,Kemi Badenoch,,,,,,,,,61.0,9.6,,,,,,,,,Vi-2026-08-12-Opinium-Observer-Web-Data-tables-1707.xlsx,V007
"2,050 UK adults",12 - 14 August 2026,,,,2007,,current_vote,Reform,"Q:V007. Which, if any, of the following people do you think would be the best prime minister?",Preferred Prime Minister,best prime minister,Andy Burnham,Kemi Badenoch,,,,,,,,,13.3,27.4,,,,,,,,,Vi-2026-08-12-Opinium-Observer-Web-Data-tables-1707.xlsx,V007
"2,050 UK adults",12 - 14 August 2026,,,,2007,,current_vote,Green,"Q:V007. Which, if any, of the following people do you think would be the best prime minister?",Preferred Prime Minister,best prime minister,Andy Burnham,Kemi Badenoch,,,,,,,,,47.0,3.4,,,,,,,,,Vi-2026-08-12-Opinium-Observer-Web-Data-tables-1707.xlsx,V007
"2,050 UK adults",12 - 14 August 2026,,,,2007,,historic_vote,Conservative,"Q:V007. Which, if any, of the following people do you think would be the best prime minister?",Preferred Prime Minister,best prime minister,Andy Burnham,Kemi Badenoch,,,,,,,,,15.1,54.3,,,,,,,,,Vi-2026-08-12-Opinium-Observer-Web-Data-tables-1707.xlsx,V007
"2,050 UK adults",12 - 14 August 2026,,,,2007,,historic_vote,Labour,"Q:V007. Which, if any, of the following people do you think would be the best prime minister?",Preferred Prime Minister,best prime minister,Andy Burnham,Kemi Badenoch,,,,,,,,,69.4,7.1,,,,,,,,,Vi-2026-08-12-Opinium-Observer-Web-Data-tables-1707.xlsx,V007
"2,050 UK adults",12 - 14 August 2026,,,,2007,,historic_vote,Lib Dems,"Q:V007. Which, if any, of the following people do you think would be the best prime minister?",Preferred Prime Minister,best prime minister,Andy Burnham,Kemi Badenoch,,,,,,,,,56.6,10.9,,,,,,,,,Vi-2026-08-12-Opinium-Observer-Web-Data-tables-1707.xlsx,V007
"2,050 UK adults",12 - 14 August 2026,,,,2007,,historic_vote,Green,"Q:V007. Which, if any, of the following people do you think would be the best prime minister?",Preferred Prime Minister,best prime minister,Andy Burnham,Kemi Badenoch,,,,,,,,,44.2,7.2,,,,,,,,,Vi-2026-08-12-Opinium-Observer-Web-Data-tables-1707.xlsx,V007
"2,050 UK adults",12 - 14 August 2026,,,,2007,,historic_vote,Reform UK,"Q:V007. Which, if any, of the following people do you think would be the best prime minister?",Preferred Prime Minister,best prime minister,Andy Burnham,Kemi Badenoch,,,,,,,,,9.7,28.7,,,,,,,,,Vi-2026-08-12-Opinium-Observer-Web-Data-tables-1707.xlsx,V007
"2,050 UK adults",12 - 14 August 2026,,,,2007,,historic_vote,Con,"Q:V007. Which, if any, of the following people do you think would be the best prime minister?",Preferred Prime Minister,best prime minister,Andy Burnham,Kemi Badenoch,,,,,,,,,17.6,43.3,,,,,,,,,Vi-2026-08-12-Opinium-Observer-Web-Data-tables-1707.xlsx,V007
"2,050 UK adults",12 - 14 August 2026,,,,2007,,historic_vote,Lab,"Q:V007. Which, if any, of the following people do you think would be the best prime minister?",Preferred Prime Minister,best prime minister,Andy Burnham,Kemi Badenoch,,,,,,,,,67.3,4.5,,,,,,,,,Vi-2026-08-12-Opinium-Observer-Web-Data-tables-1707.xlsx,V007
"2,050 UK adults",12 - 14 August 2026,,,,2007,,historic_vote,Lib Dem,"Q:V007. Which, if any, of the following people do you think would be the best prime minister?",Preferred Prime Minister,best prime minister,Andy Burnham,Kemi Badenoch,,,,,,,,,62.6,10.6,,,,,,,,,Vi-2026-08-12-Opinium-Observer-Web-Data-tables-1707.xlsx,V007
"2,050 UK adults",12 - 14 August 2026,,,,2007,,historic_vote,Remain,"Q:V007. Which, if any, of the following people do you think would be the best prime minister?",Preferred Prime Minister,best prime minister,Andy Burnham,Kemi Badenoch,,,,,,,,,55.8,15.3,,,,,,,,,Vi-2026-08-12-Opinium-Observer-Web-Data-tables-1707.xlsx,V007
"2,050 UK adults",12 - 14 August 2026,,,,2007,,historic_vote,Leave,"Q:V007. Which, if any, of the following people do you think would be the best prime minister?",Preferred Prime Minister,best prime minister,Andy Burnham,Kemi Badenoch,,,,,,,,,23.6,28.7,,,,,,,,,Vi-2026-08-12-Opinium-Observer-Web-Data-tables-1707.xlsx,V007
"2,050 UK adults",12 - 14 August 2026,,,,2007,,gender,Male,"Q:V007. Which, if any, of the following people do you think would be the best prime minister?",Preferred Prime Minister,best prime minister,Andy Burnham,Kemi Badenoch,,,,,,,,,40.0,19.8,,,,,,,,,Vi-2026-08-12-Opinium-Observer-Web-Data-tables-1707.xlsx,V007
"2,050 UK adults",12 - 14 August 2026,,,,2007,,gender,Female,"Q:V007. Which, if any, of the following people do you think would be the best prime minister?",Preferred Prime Minister,best prime minister,Andy Burnham,Kemi Badenoch,,,,,,,,,36.2,16.7,,,,,,,,,Vi-2026-08-12-Opinium-Observer-Web-Data-tables-1707.xlsx,V007
"2,050 UK adults",12 - 14 August 2026,,,,2007,,age,18-34,"Q:V007. Which, if any, of the following people do you think would be the best prime minister?",Preferred Prime Minister,best prime minister,Andy Burnham,Kemi Badenoch,,,,,,,,,41.4,12.2,,,,,,,,,Vi-2026-08-12-Opinium-Observer-Web-Data-tables-1707.xlsx,V007
"2,050 UK adults",12 - 14 August 2026,,,,2007,,age,35-49,"Q:V007. Which, if any, of the following people do you think would be the best prime minister?",Preferred Prime Minister,best prime minister,Andy Burnham,Kemi Badenoch,,,,,,,,,43.3,12.5,,,,,,,,,Vi-2026-08-12-Opinium-Observer-Web-Data-tables-1707.xlsx,V007
"2,050 UK adults",12 - 14 August 2026,,,,2007,,age,50-64,"Q:V007. Which, if any, of the following people do you think would be the best prime minister?",Preferred Prime Minister,best prime minister,Andy Burnham,Kemi Badenoch,,,,,,,,,41.4,19.3,,,,,,,,,Vi-2026-08-12-Opinium-Observer-Web-Data-tables-1707.xlsx,V007
"2,050 UK adults",12 - 14 August 2026,,,,2007,,age,65+,"Q:V007. Which, if any, of the following people do you think would be the best prime minister?",Preferred Prime Minister,best prime minister,Andy Burnham,Kemi Badenoch,,,,,,,,,25.0,29.7,,,,,,,,,Vi-2026-08-12-Opinium-Observer-Web-Data-tables-1707.xlsx,V007
"2,050 UK adults",12 - 14 August 2026,,,,2007,,region,North,"Q:V007. Which, if any, of the following people do you think would be the best prime minister?",Preferred Prime Minister,best prime minister,Andy Burnham,Kemi Badenoch,,,,,,,,,44.7,14.7,,,,,,,,,Vi-2026-08-12-Opinium-Observer-Web-Data-tables-1707.xlsx,V007
"2,050 UK adults",12 - 14 August 2026,,,,2007,,region,Mids,"Q:V007. Which, if any, of the following people do you think would be the best prime minister?",Preferred Prime Minister,best prime minister,Andy Burnham,Kemi Badenoch,,,,,,,,,36.9,17.9,,,,,,,,,Vi-2026-08-12-Opinium-Observer-Web-Data-tables-1707.xlsx,V007
"2,050 UK adults",12 - 14 August 2026,,,,2007,,region,London,"Q:V007. Which, if any, of the following people do you think would be the best prime minister?",Preferred Prime Minister,best prime minister,Andy Burnham,Kemi Badenoch,,,,,,,,,35.6,15.9,,,,,,,,,Vi-2026-08-12-Opinium-Observer-Web-Data-tables-1707.xlsx,V007
"2,050 UK adults",12 - 14 August 2026,,,,2007,,region,South,"Q:V007. Which, if any, of the following people do you think would be the best prime minister?",Preferred Prime Minister,best prime minister,Andy Burnham,Kemi Badenoch,,,,,,,,,33.9,22.7,,,,,,,,,Vi-2026-08-12-Opinium-Observer-Web-Data-tables-1707.xlsx,V007
"2,050 UK adults",12 - 14 August 2026,,,,2007,,region,Wales,"Q:V007. Which, if any, of the following people do you think would be the best prime minister?",Preferred Prime Minister,best prime minister,Andy Burnham,Kemi Badenoch,,,,,,,,,43.0,23.1,,,,,,,,,Vi-2026-08-12-Opinium-Observer-Web-Data-tables-1707.xlsx,V007
"2,050 UK adults",12 - 14 August 2026,,,,2007,,region,Scotland,"Q:V007. Which, if any, of the following people do you think would be the best prime minister?",Preferred Prime Minister,best prime minister,Andy Burnham,Kemi Badenoch,,,,,,,,,38.1,11.8,,,,,,,,,Vi-2026-08-12-Opinium-Observer-Web-Data-tables-1707.xlsx,V007
"2,050 UK adults",12 - 14 August 2026,,,,2007,,region,Northern Ireland,"Q:V007. Which, if any, of the following people do you think would be the best prime minister?",Preferred Prime Minister,best prime minister,Andy Burnham,Kemi Badenoch,,,,,,,,,,,,,,,,,,,Vi-2026-08-12-Opinium-Observer-Web-Data-tables-1707.xlsx,V007
"2,050 UK adults",12 - 14 August 2026,,,,2007,,total,Total,"Q:V007_KF. Which, if any, of the following people do you think would be the best prime minister?",Preferred Prime Minister,best prime minister,Andy Burnham,Nigel Farage,,,,,,,,,44.5,22.8,,,,,,,,,Vi-2026-08-12-Opinium-Observer-Web-Data-tables-1707.xlsx,V007_KF
"2,050 UK adults",12 - 14 August 2026,,,,2007,,current_vote,Con,"Q:V007_KF. Which, if any, of the following people do you think would be the best prime minister?",Preferred Prime Minister,best prime minister,Andy Burnham,Nigel Farage,,,,,,,,,34.3,18.6,,,,,,,,,Vi-2026-08-12-Opinium-Observer-Web-Data-tables-1707.xlsx,V007_KF
"2,050 UK adults",12 - 14 August 2026,,,,2007,,current_vote,Lab,"Q:V007_KF. Which, if any, of the following people do you think would be the best prime minister?",Preferred Prime Minister,best prime minister,Andy Burnham,Nigel Farage,,,,,,,,,84.0,3.8,,,,,,,,,Vi-2026-08-12-Opinium-Observer-Web-Data-tables-1707.xlsx,V007_KF
"2,050 UK adults",12 - 14 August 2026,,,,2007,,current_vote,Lib Dem,"Q:V007_KF. Which, if any, of the following people do you think would be the best prime minister?",Preferred Prime Minister,best prime minister,Andy Burnham,Nigel Farage,,,,,,,,,71.8,3.8,,,,,,,,,Vi-2026-08-12-Opinium-Observer-Web-Data-tables-1707.xlsx,V007_KF
"2,050 UK adults",12 - 14 August 2026,,,,2007,,current_vote,Reform,"Q:V007_KF. Which, if any, of the following people do you think would be the best prime minister?",Preferred Prime Minister,best prime minister,Andy Burnham,Nigel Farage,,,,,,,,,7.3,79.4,,,,,,,,,Vi-2026-08-12-Opinium-Observer-Web-Data-tables-1707.xlsx,V007_KF
"2,050 UK adults",12 - 14 August 2026,,,,2007,,current_vote,Green,"Q:V007_KF. Which, if any, of the following people do you think would be the best prime minister?",Preferred Prime Minister,best prime minister,Andy Burnham,Nigel Farage,,,,,,,,,56.5,2.1,,,,,,,,,Vi-2026-08-12-Opinium-Observer-Web-Data-tables-1707.xlsx,V007_KF
"2,050 UK adults",12 - 14 August 2026,,,,2007,,historic_vote,Conservative,"Q:V007_KF. Which, if any, of the following people do you think would be the best prime minister?",Preferred Prime Minister,best prime minister,Andy Burnham,Nigel Farage,,,,,,,,,27.7,34.1,,,,,,,,,Vi-2026-08-12-Opinium-Observer-Web-Data-tables-1707.xlsx,V007_KF
"2,050 UK adults",12 - 14 August 2026,,,,2007,,historic_vote,Labour,"Q:V007_KF. Which, if any, of the following people do you think would be the best prime minister?",Preferred Prime Minister,best prime minister,Andy Burnham,Nigel Farage,,,,,,,,,74.5,8.3,,,,,,,,,Vi-2026-08-12-Opinium-Observer-Web-Data-tables-1707.xlsx,V007_KF
"2,050 UK adults",12 - 14 August 2026,,,,2007,,historic_vote,Lib Dems,"Q:V007_KF. Which, if any, of the following people do you think would be the best prime minister?",Preferred Prime Minister,best prime minister,Andy Burnham,Nigel Farage,,,,,,,,,66.1,8.5,,,,,,,,,Vi-2026-08-12-Opinium-Observer-Web-Data-tables-1707.xlsx,V007_KF
"2,050 UK adults",12 - 14 August 2026,,,,2007,,historic_vote,Green,"Q:V007_KF. Which, if any, of the following people do you think would be the best prime minister?",Preferred Prime Minister,best prime minister,Andy Burnham,Nigel Farage,,,,,,,,,56.3,6.2,,,,,,,,,Vi-2026-08-12-Opinium-Observer-Web-Data-tables-1707.xlsx,V007_KF
"2,050 UK adults",12 - 14 August 2026,,,,2007,,historic_vote,Reform UK,"Q:V007_KF. Which, if any, of the following people do you think would be the best prime minister?",Preferred Prime Minister,best prime minister,Andy Burnham,Nigel Farage,,,,,,,,,6.6,79.8,,,,,,,,,Vi-2026-08-12-Opinium-Observer-Web-Data-tables-1707.xlsx,V007_KF
"2,050 UK adults",12 - 14 August 2026,,,,2007,,historic_vote,Con,"Q:V007_KF. Which, if any, of the following people do you think would be the best prime minister?",Preferred Prime Minister,best prime minister,Andy Burnham,Nigel Farage,,,,,,,,,28.2,39.6,,,,,,,,,Vi-2026-08-12-Opinium-Observer-Web-Data-tables-1707.xlsx,V007_KF
"2,050 UK adults",12 - 14 August 2026,,,,2007,,historic_vote,Lab,"Q:V007_KF. Which, if any, of the following people do you think would be the best prime minister?",Preferred Prime Minister,best prime minister,Andy Burnham,Nigel Farage,,,,,,,,,72.5,8.7,,,,,,,,,Vi-2026-08-12-Opinium-Observer-Web-Data-tables-1707.xlsx,V007_KF
"2,050 UK adults",12 - 14 August 2026,,,,2007,,historic_vote,Lib Dem,"Q:V007_KF. Which, if any, of the following people do you think would be the best prime minister?",Preferred Prime Minister,best prime minister,Andy Burnham,Nigel Farage,,,,,,,,,71.8,7.3,,,,,,,,,Vi-2026-08-12-Opinium-Observer-Web-Data-tables-1707.xlsx,V007_KF
"2,050 UK adults",12 - 14 August 2026,,,,2007,,historic_vote,Remain,"Q:V007_KF. Which, if any, of the following people do you think would be the best prime minister?",Preferred Prime Minister,best prime minister,Andy Burnham,Nigel Farage,,,,,,,,,66.8,9.1,,,,,,,,,Vi-2026-08-12-Opinium-Observer-Web-Data-tables-1707.xlsx,V007_KF
"2,050 UK adults",12 - 14 August 2026,,,,2007,,historic_vote,Leave,"Q:V007_KF. Which, if any, of the following people do you think would be the best prime minister?",Preferred Prime Minister,best prime minister,Andy Burnham,Nigel Farage,,,,,,,,,27.5,41.9,,,,,,,,,Vi-2026-08-12-Opinium-Observer-Web-Data-tables-1707.xlsx,V007_KF
"2,050 UK adults",12 - 14 August 2026,,,,2007,,gender,Male,"Q:V007_KF. Which, if any, of the following people do you think would be the best prime minister?",Preferred Prime Minister,best prime minister,Andy Burnham,Nigel Farage,,,,,,,,,45.8,27.4,,,,,,,,,Vi-2026-08-12-Opinium-Observer-Web-Data-tables-1707.xlsx,V007_KF
"2,050 UK adults",12 - 14 August 2026,,,,2007,,gender,Female,"Q:V007_KF. Which, if any, of the following people do you think would be the best prime minister?",Preferred Prime Minister,best prime minister,Andy Burnham,Nigel Farage,,,,,,,,,43.4,18.5,,,,,,,,,Vi-2026-08-12-Opinium-Observer-Web-Data-tables-1707.xlsx,V007_KF
"2,050 UK adults",12 - 14 August 2026,,,,2007,,age,18-34,"Q:V007_KF. Which, if any, of the following people do you think would be the best prime minister?",Preferred Prime Minister,best prime minister,Andy Burnham,Nigel Farage,,,,,,,,,46.1,18.1,,,,,,,,,Vi-2026-08-12-Opinium-Observer-Web-Data-tables-1707.xlsx,V007_KF
"2,050 UK adults",12 - 14 August 2026,,,,2007,,age,35-49,"Q:V007_KF. Which, if any, of the following people do you think would be the best prime minister?",Preferred Prime Minister,best prime minister,Andy Burnham,Nigel Farage,,,,,,,,,46.4,22.6,,,,,,,,,Vi-2026-08-12-Opinium-Observer-Web-Data-tables-1707.xlsx,V007_KF
"2,050 UK adults",12 - 14 August 2026,,,,2007,,age,50-64,"Q:V007_KF. Which, if any, of the following people do you think would be the best prime minister?",Preferred Prime Minister,best prime minister,Andy Burnham,Nigel Farage,,,,,,,,,49.9,21.0,,,,,,,,,Vi-2026-08-12-Opinium-Observer-Web-Data-tables-1707.xlsx,V007_KF
"2,050 UK adults",12 - 14 August 2026,,,,2007,,age,65+,"Q:V007_KF. Which, if any, of the following people do you think would be the best prime minister?",Preferred Prime Minister,best prime minister,Andy Burnham,Nigel Farage,,,,,,,,,35.2,30.2,,,,,,,,,Vi-2026-08-12-Opinium-Observer-Web-Data-tables-1707.xlsx,V007_KF
"2,050 UK adults",12 - 14 August 2026,,,,2007,,region,North,"Q:V007_KF. Which, if any, of the following people do you think would be the best prime minister?",Preferred Prime Minister,best prime minister,Andy Burnham,Nigel Farage,,,,,,,,,49.9,18.9,,,,,,,,,Vi-2026-08-12-Opinium-Observer-Web-Data-tables-1707.xlsx,V007_KF
"2,050 UK adults",12 - 14 August 2026,,,,2007,,region,Mids,"Q:V007_KF. Which, if any, of the following people do you think would be the best prime minister?",Preferred Prime Minister,best prime minister,Andy Burnham,Nigel Farage,,,,,,,,,39.8,25.7,,,,,,,,,Vi-2026-08-12-Opinium-Observer-Web-Data-tables-1707.xlsx,V007_KF
"2,050 UK adults",12 - 14 August 2026,,,,2007,,region,London,"Q:V007_KF. Which, if any, of the following people do you think would be the best prime minister?",Preferred Prime Minister,best prime minister,Andy Burnham,Nigel Farage,,,,,,,,,45.8,20.6,,,,,,,,,Vi-2026-08-12-Opinium-Observer-Web-Data-tables-1707.xlsx,V007_KF
"2,050 UK adults",12 - 14 August 2026,,,,2007,,region,South,"Q:V007_KF. Which, if any, of the following people do you think would be the best prime minister?",Preferred Prime Minister,best prime minister,Andy Burnham,Nigel Farage,,,,,,,,,40.8,26.9,,,,,,,,,Vi-2026-08-12-Opinium-Observer-Web-Data-tables-1707.xlsx,V007_KF
"2,050 UK adults",12 - 14 August 2026,,,,2007,,region,Wales,"Q:V007_KF. Which, if any, of the following people do you think would be the best prime minister?",Preferred Prime Minister,best prime minister,Andy Burnham,Nigel Farage,,,,,,,,,51.2,23.2,,,,,,,,,Vi-2026-08-12-Opinium-Observer-Web-Data-tables-1707.xlsx,V007_KF
"2,050 UK adults",12 - 14 August 2026,,,,2007,,region,Scotland,"Q:V007_KF. Which, if any, of the following people do you think would be the best prime minister?",Preferred Prime Minister,best prime minister,Andy Burnham,Nigel Farage,,,,,,,,,47.3,15.2,,,,,,,,,Vi-2026-08-12-Opinium-Observer-Web-Data-tables-1707.xlsx,V007_KF
"2,050 UK adults",12 - 14 August 2026,,,,2007,,region,Northern Ireland,"Q:V007_KF. Which, if any, of the following people do you think would be the best prime minister?",Preferred Prime Minister,best prime minister,Andy Burnham,Nigel Farage,,,,,,,,,,,,,,,,,,,Vi-2026-08-12-Opinium-Observer-Web-Data-tables-1707.xlsx,V007_KF
"2,050 UK adults",12 - 14 August 2026,,,,,,region,…has the nation’s best interests at heart,Q:V105. To what extent do you agree or disagree that the Conservative Party...,UNMATCHED,,Agree,Neither agree nor disagree,Disagree,,,,,,,,27.3,21.2,43.2,,,,,,,,Vi-2026-08-12-Opinium-Observer-Web-Data-tables-1707.xlsx,Summary V105
"2,050 UK adults",12 - 14 August 2026,,,,2007,,total,Total,"Q:V105. To what extent do you agree or disagree that the Conservative Party...
 …is in touch with ordinary people",UNMATCHED,,Agree,Neither agree nor disagree,Disagree,,,,,,,,20.7,20.8,51.6,,,,,,,,Vi-2026-08-12-Opinium-Observer-Web-Data-tables-1707.xlsx,V105
"2,050 UK adults",12 - 14 August 2026,,,,2007,,current_vote,Con,"Q:V105. To what extent do you agree or disagree that the Conservative Party...
 …is in touch with ordinary people",UNMATCHED,,Agree,Neither agree nor disagree,Disagree,,,,,,,,64.1,26.0,6.3,,,,,,,,Vi-2026-08-12-Opinium-Observer-Web-Data-tables-1707.xlsx,V105
"2,050 UK adults",12 - 14 August 2026,,,,2007,,current_vote,Lab,"Q:V105. To what extent do you agree or disagree that the Conservative Party...
 …is in touch with ordinary people",UNMATCHED,,Agree,Neither agree nor disagree,Disagree,,,,,,,,11.1,15.0,70.1,,,,,,,,Vi-2026-08-12-Opinium-Observer-Web-Data-tables-1707.xlsx,V105
"2,050 UK adults",12 - 14 August 2026,,,,2007,,current_vote,Lib Dem,"Q:V105. To what extent do you agree or disagree that the Conservative Party...
 …is in touch with ordinary people",UNMATCHED,,Agree,Neither agree nor disagree,Disagree,,,,,,,,10.8,18.9,64.3,,,,,,,,Vi-2026-08-12-Opinium-Observer-Web-Data-tables-1707.xlsx,V105
"2,050 UK adults",12 - 14 August 2026,,,,2007,,current_vote,Reform,"Q:V105. To what extent do you agree or disagree that the Conservative Party...
 …is in touch with ordinary people",UNMATCHED,,Agree,Neither agree nor disagree,Disagree,,,,,,,,26.4,24.1,47.8,,,,,,,,Vi-2026-08-12-Opinium-Observer-Web-Data-tables-1707.xlsx,V105
"2,050 UK adults",12 - 14 August 2026,,,,2007,,current_vote,Green,"Q:V105. To what extent do you agree or disagree that the Conservative Party...
 …is in touch with ordinary people",UNMATCHED,,Agree,Neither agree nor disagree,Disagree,,,,,,,,7.7,12.6,75.6,,,,,,,,Vi-2026-08-12-Opinium-Observer-Web-Data-tables-1707.xlsx,V105
"2,050 UK adults",12 - 14 August 2026,,,,2007,,historic_vote,Conservative,"Q:V105. To what extent do you agree or disagree that the Conservative Party...
 …is in touch with ordinary people",UNMATCHED,,Agree,Neither agree nor disagree,Disagree,,,,,,,,55.2,25.4,16.2,,,,,,,,Vi-2026-08-12-Opinium-Observer-Web-Data-tables-1707.xlsx,V105
"2,050 UK adults",12 - 14 August 2026,,,,2007,,historic_vote,Labour,"Q:V105. To what extent do you agree or disagree that the Conservative Party...
 …is in touch with ordinary people",UNMATCHED,,Agree,Neither agree nor disagree,Disagree,,,,,,,,9.3,13.9,74.3,,,,,,,,Vi-2026-08-12-Opinium-Observer-Web-Data-tables-1707.xlsx,V105
"2,050 UK adults",12 - 14 August 2026,,,,2007,,historic_vote,Lib Dems,"Q:V105. To what extent do you agree or disagree that the Conservative Party...
 …is in touch with ordinary people",UNMATCHED,,Agree,Neither agree nor disagree,Disagree,,,,,,,,14.9,21.6,57.1,,,,,,,,Vi-2026-08-12-Opinium-Observer-Web-Data-tables-1707.xlsx,V105
"2,050 UK adults",12 - 14 August 2026,,,,2007,,historic_vote,Green,"Q:V105. To what extent do you agree or disagree that the Conservative Party...
 …is in touch with ordinary people",UNMATCHED,,Agree,Neither agree nor disagree,Disagree,,,,,,,,14.6,12.2,69.8,,,,,,,,Vi-2026-08-12-Opinium-Observer-Web-Data-tables-1707.xlsx,V105
"2,050 UK adults",12 - 14 August 2026,,,,2007,,historic_vote,Reform UK,"Q:V105. To what extent do you agree or disagree that the Conservative Party...
 …is in touch with ordinary people",UNMATCHED,,Agree,Neither agree nor disagree,Disagree,,,,,,,,23.4,21.9,50.2,,,,,,,,Vi-2026-08-12-Opinium-Observer-Web-Data-tables-1707.xlsx,V105
"2,050 UK adults",12 - 14 August 2026,,,,2007,,historic_vote,Con,"Q:V105. To what extent do you agree or disagree that the Conservative Party...
 …is in touch with ordinary people",UNMATCHED,,Agree,Neither agree nor disagree,Disagree,,,,,,,,41.2,25.8,29.6,,,,,,,,Vi-2026-08-12-Opinium-Observer-Web-Data-tables-1707.xlsx,V105
"2,050 UK adults",12 - 14 August 2026,,,,2007,,historic_vote,Lab,"Q:V105. To what extent do you agree or disagree that the Conservative Party...
 …is in touch with ordinary people",UNMATCHED,,Agree,Neither agree nor disagree,Disagree,,,,,,,,8.7,11.6,77.3,,,,,,,,Vi-2026-08-12-Opinium-Observer-Web-Data-tables-1707.xlsx,V105
"2,050 UK adults",12 - 14 August 2026,,,,2007,,historic_vote,Lib Dem,"Q:V105. To what extent do you agree or disagree that the Conservative Party...
 …is in touch with ordinary people",UNMATCHED,,Agree,Neither agree nor disagree,Disagree,,,,,,,,12.5,16.9,64.7,,,,,,,,Vi-2026-08-12-Opinium-Observer-Web-Data-tables-1707.xlsx,V105
"2,050 UK adults",12 - 14 August 2026,,,,2007,,historic_vote,Remain,"Q:V105. To what extent do you agree or disagree that the Conservative Party...
 …is in touch with ordinary people",UNMATCHED,,Agree,Neither agree nor disagree,Disagree,,,,,,,,17.3,17.4,61.0,,,,,,,,Vi-2026-08-12-Opinium-Observer-Web-Data-tables-1707.xlsx,V105
"2,050 UK adults",12 - 14 August 2026,,,,2007,,historic_vote,Leave,"Q:V105. To what extent do you agree or disagree that the Conservative Party...
 …is in touch with ordinary people",UNMATCHED,,Agree,Neither agree nor disagree,Disagree,,,,,,,,25.9,22.3,48.1,,,,,,,,Vi-2026-08-12-Opinium-Observer-Web-Data-tables-1707.xlsx,V105
"2,050 UK adults",12 - 14 August 2026,,,,2007,,gender,Male,"Q:V105. To what extent do you agree or disagree that the Conservative Party...
 …is in touch with ordinary people",UNMATCHED,,Agree,Neither agree nor disagree,Disagree,,,,,,,,21.9,20.8,52.1,,,,,,,,Vi-2026-08-12-Opinium-Observer-Web-Data-tables-1707.xlsx,V105
"2,050 UK adults",12 - 14 August 2026,,,,2007,,gender,Female,"Q:V105. To what extent do you agree or disagree that the Conservative Party...
 …is in touch with ordinary people",UNMATCHED,,Agree,Neither agree nor disagree,Disagree,,,,,,,,19.7,20.8,51.0,,,,,,,,Vi-2026-08-12-Opinium-Observer-Web-Data-tables-1707.xlsx,V105
"2,050 UK adults",12 - 14 August 2026,,,,2007,,age,18-34,"Q:V105. To what extent do you agree or disagree that the Conservative Party...
 …is in touch with ordinary people",UNMATCHED,,Agree,Neither agree nor disagree,Disagree,,,,,,,,24.9,19.7,46.8,,,,,,,,Vi-2026-08-12-Opinium-Observer-Web-Data-tables-1707.xlsx,V105
"2,050 UK adults",12 - 14 August 2026,,,,2007,,age,35-49,"Q:V105. To what extent do you agree or disagree that the Conservative Party...
 …is in touch with ordinary people",UNMATCHED,,Agree,Neither agree nor disagree,Disagree,,,,,,,,17.9,20.4,54.4,,,,,,,,Vi-2026-08-12-Opinium-Observer-Web-Data-tables-1707.xlsx,V105
"2,050 UK adults",12 - 14 August 2026,,,,2007,,age,50-64,"Q:V105. To what extent do you agree or disagree that the Conservative Party...
 …is in touch with ordinary people",UNMATCHED,,Agree,Neither agree nor disagree,Disagree,,,,,,,,16.2,16.9,61.4,,,,,,,,Vi-2026-08-12-Opinium-Observer-Web-Data-tables-1707.xlsx,V105
"2,050 UK adults",12 - 14 August 2026,,,,2007,,age,65+,"Q:V105. To what extent do you agree or disagree that the Conservative Party...
 …is in touch with ordinary people",UNMATCHED,,Agree,Neither agree nor disagree,Disagree,,,,,,,,23.0,26.4,43.9,,,,,,,,Vi-2026-08-12-Opinium-Observer-Web-Data-tables-1707.xlsx,V105
"2,050 UK adults",12 - 14 August 2026,,,,2007,,region,North,"Q:V105. To what extent do you agree or disagree that the Conservative Party...
 …is in touch with ordinary people",UNMATCHED,,Agree,Neither agree nor disagree,Disagree,,,,,,,,17.7,23.1,53.4,,,,,,,,Vi-2026-08-12-Opinium-Observer-Web-Data-tables-1707.xlsx,V105
"2,050 UK adults",12 - 14 August 2026,,,,2007,,region,Mids,"Q:V105. To what extent do you agree or disagree that the Conservative Party...
 …is in touch with ordinary people",UNMATCHED,,Agree,Neither agree nor disagree,Disagree,,,,,,,,20.5,20.0,48.5,,,,,,,,Vi-2026-08-12-Opinium-Observer-Web-Data-tables-1707.xlsx,V105
"2,050 UK adults",12 - 14 August 2026,,,,2007,,region,London,"Q:V105. To what extent do you agree or disagree that the Conservative Party...
 …is in touch with ordinary people",UNMATCHED,,Agree,Neither agree nor disagree,Disagree,,,,,,,,19.4,24.1,53.0,,,,,,,,Vi-2026-08-12-Opinium-Observer-Web-Data-tables-1707.xlsx,V105
"2,050 UK adults",12 - 14 August 2026,,,,2007,,region,South,"Q:V105. To what extent do you agree or disagree that the Conservative Party...
 …is in touch with ordinary people",UNMATCHED,,Agree,Neither agree nor disagree,Disagree,,,,,,,,25.2,19.3,48.9,,,,,,,,Vi-2026-08-12-Opinium-Observer-Web-Data-tables-1707.xlsx,V105
"2,050 UK adults",12 - 14 August 2026,,,,2007,,region,Wales,"Q:V105. To what extent do you agree or disagree that the Conservative Party...
 …is in touch with ordinary people",UNMATCHED,,Agree,Neither agree nor disagree,Disagree,,,,,,,,18.6,19.8,52.6,,,,,,,,Vi-2026-08-12-Opinium-Observer-Web-Data-tables-1707.xlsx,V105
"2,050 UK adults",12 - 14 August 2026,,,,2007,,region,Scotland,"Q:V105. To what extent do you agree or disagree that the Conservative Party...
 …is in touch with ordinary people",UNMATCHED,,Agree,Neither agree nor disagree,Disagree,,,,,,,,14.6,16.8,60.8,,,,,,,,Vi-2026-08-12-Opinium-Observer-Web-Data-tables-1707.xlsx,V105
"2,050 UK adults",12 - 14 August 2026,,,,2007,,region,Northern Ireland,"Q:V105. To what extent do you agree or disagree that the Conservative Party...
 …is in touch with ordinary people",UNMATCHED,,Neither agree nor disagree,,,,,,,,,,,,,,,,,,,,Vi-2026-08-12-Opinium-Observer-Web-Data-tables-1707.xlsx,V105
"2,050 UK adults",12 - 14 August 2026,,,,2007,,total,Total,"Q:V105. To what extent do you agree or disagree that the Conservative Party...
 …represents what most people think",UNMATCHED,,Agree,Neither agree nor disagree,Disagree,,,,,,,,20.9,23.9,47.0,,,,,,,,Vi-2026-08-12-Opinium-Observer-Web-Data-tables-1707.xlsx,V105 (2)
"2,050 UK adults",12 - 14 August 2026,,,,2007,,current_vote,Con,"Q:V105. To what extent do you agree or disagree that the Conservative Party...
 …represents what most people think",UNMATCHED,,Agree,Neither agree nor disagree,Disagree,,,,,,,,61.5,27.0,7.8,,,,,,,,Vi-2026-08-12-Opinium-Observer-Web-Data-tables-1707.xlsx,V105 (2)
"2,050 UK adults",12 - 14 August 2026,,,,2007,,current_vote,Lab,"Q:V105. To what extent do you agree or disagree that the Conservative Party...
 …represents what most people think",UNMATCHED,,Agree,Neither agree nor disagree,Disagree,,,,,,,,11.8,17.4,66.1,,,,,,,,Vi-2026-08-12-Opinium-Observer-Web-Data-tables-1707.xlsx,V105 (2)
"2,050 UK adults",12 - 14 August 2026,,,,2007,,current_vote,Lib Dem,"Q:V105. To what extent do you agree or disagree that the Conservative Party...
 …represents what most people think",UNMATCHED,,Agree,Neither agree nor disagree,Disagree,,,,,,,,12.1,18.8,61.2,,,,,,,,Vi-2026-08-12-Opinium-Observer-Web-Data-tables-1707.xlsx,V105 (2)
"2,050 UK adults",12 - 14 August 2026,,,,2007,,current_vote,Reform,"Q:V105. To what extent do you agree or disagree that the Conservative Party...
 …represents what most people think",UNMATCHED,,Agree,Neither agree nor disagree,Disagree,,,,,,,,26.6,29.0,41.1,,,,,,,,Vi-2026-08-12-Opinium-Observer-Web-Data-tables-1707.xlsx,V105 (2)
"2,050 UK adults",12 - 14 August 2026,,,,2007,,current_vote,Green,"Q:V105. To what extent do you agree or disagree that the Conservative Party...
 …represents what most people think",UNMATCHED,,Agree,Neither agree nor disagree,Disagree,,,,,,,,9.5,16.7,69.6,,,,,,,,Vi-2026-08-12-Opinium-Observer-Web-Data-tables-1707.xlsx,V105 (2)
"2,050 UK adults",12 - 14 August 2026,,,,2007,,historic_vote,Conservative,"Q:V105. To what extent do you agree or disagree that the Conservative Party...
 …represents what most people think",UNMATCHED,,Agree,Neither agree nor disagree,Disagree,,,,,,,,53.4,29.6,13.3,,,,,,,,Vi-2026-08-12-Opinium-Observer-Web-Data-tables-1707.xlsx,V105 (2)
"2,050 UK adults",12 - 14 August 2026,,,,2007,,historic_vote,Labour,"Q:V105. To what extent do you agree or disagree that the Conservative Party...
 …represents what most people think",UNMATCHED,,Agree,Neither agree nor disagree,Disagree,,,,,,,,10.6,16.8,68.7,,,,,,,,Vi-2026-08-12-Opinium-Observer-Web-Data-tables-1707.xlsx,V105 (2)
"2,050 UK adults",12 - 14 August 2026,,,,2007,,historic_vote,Lib Dems,"Q:V105. To what extent do you agree or disagree that the Conservative Party...
 …represents what most people think",UNMATCHED,,Agree,Neither agree nor disagree,Disagree,,,,,,,,15.4,21.3,53.7,,,,,,,,Vi-2026-08-12-Opinium-Observer-Web-Data-tables-1707.xlsx,V105 (2)
"2,050 UK adults",12 - 14 August 2026,,,,2007,,historic_vote,Green,"Q:V105. To what extent do you agree or disagree that the Conservative Party...
 …represents what most people think",UNMATCHED,,Agree,Neither agree nor disagree,Disagree,,,,,,,,17.7,12.3,62.5,,,,,,,,Vi-2026-08-12-Opinium-Observer-Web-Data-tables-1707.xlsx,V105 (2)
"2,050 UK adults",12 - 14 August 2026,,,,2007,,historic_vote,Reform UK,"Q:V105. To what extent do you agree or disagree that the Conservative Party...
 …represents what most people think",UNMATCHED,,Agree,Neither agree nor disagree,Disagree,,,,,,,,24.4,26.0,44.4,,,,,,,,Vi-2026-08-12-Opinium-Observer-Web-Data-tables-1707.xlsx,V105 (2)
"2,050 UK adults",12 - 14 August 2026,,,,2007,,historic_vote,Con,"Q:V105. To what extent do you agree or disagree that the Conservative Party...
 …represents what most people think",UNMATCHED,,Agree,Neither agree nor disagree,Disagree,,,,,,,,40.1,29.5,24.9,,,,,,,,Vi-2026-08-12-Opinium-Observer-Web-Data-tables-1707.xlsx,V105 (2)
"2,050 UK adults",12 - 14 August 2026,,,,2007,,historic_vote,Lab,"Q:V105. To what extent do you agree or disagree that the Conservative Party...
 …represents what most people think",UNMATCHED,,Agree,Neither agree nor disagree,Disagree,,,,,,,,9.6,14.6,72.6,,,,,,,,Vi-2026-08-12-Opinium-Observer-Web-Data-tables-1707.xlsx,V105 (2)
"2,050 UK adults",12 - 14 August 2026,,,,2007,,historic_vote,Lib Dem,"Q:V105. To what extent do you agree or disagree that the Conservative Party...
 …represents what most people think",UNMATCHED,,Agree,Neither agree nor disagree,Disagree,,,,,,,,13.2,16.9,61.0,,,,,,,,Vi-2026-08-12-Opinium-Observer-Web-Data-tables-1707.xlsx,V105 (2)
"2,050 UK adults",12 - 14 August 2026,,,,2007,,historic_vote,Remain,"Q:V105. To what extent do you agree or disagree that the Conservative Party...
 …represents what most people think",UNMATCHED,,Agree,Neither agree nor disagree,Disagree,,,,,,,,18.3,18.6,56.6,,,,,,,,Vi-2026-08-12-Opinium-Observer-Web-Data-tables-1707.xlsx,V105 (2)
"2,050 UK adults",12 - 14 August 2026,,,,2007,,historic_vote,Leave,"Q:V105. To what extent do you agree or disagree that the Conservative Party...
 …represents what most people think",UNMATCHED,,Agree,Neither agree nor disagree,Disagree,,,,,,,,26.5,26.5,42.0,,,,,,,,Vi-2026-08-12-Opinium-Observer-Web-Data-tables-1707.xlsx,V105 (2)
"2,050 UK adults",12 - 14 August 2026,,,,2007,,gender,Male,"Q:V105. To what extent do you agree or disagree that the Conservative Party...
 …represents what most people think",UNMATCHED,,Agree,Neither agree nor disagree,Disagree,,,,,,,,23.5,22.8,47.9,,,,,,,,Vi-2026-08-12-Opinium-Observer-Web-Data-tables-1707.xlsx,V105 (2)
"2,050 UK adults",12 - 14 August 2026,,,,2007,,gender,Female,"Q:V105. To what extent do you agree or disagree that the Conservative Party...
 …represents what most people think",UNMATCHED,,Agree,Neither agree nor disagree,Disagree,,,,,,,,18.6,25.0,46.0,,,,,,,,Vi-2026-08-12-Opinium-Observer-Web-Data-tables-1707.xlsx,V105 (2)
"2,050 UK adults",12 - 14 August 2026,,,,2007,,age,18-34,"Q:V105. To what extent do you agree or disagree that the Conservative Party...
 …represents what most people think",UNMATCHED,,Agree,Neither agree nor disagree,Disagree,,,,,,,,24.7,21.9,45.0,,,,,,,,Vi-2026-08-12-Opinium-Observer-Web-Data-tables-1707.xlsx,V105 (2)
"2,050 UK adults",12 - 14 August 2026,,,,2007,,age,35-49,"Q:V105. To what extent do you agree or disagree that the Conservative Party...
 …represents what most people think",UNMATCHED,,Agree,Neither agree nor disagree,Disagree,,,,,,,,18.5,26.1,47.2,,,,,,,,Vi-2026-08-12-Opinium-Observer-Web-Data-tables-1707.xlsx,V105 (2)
"2,050 UK adults",12 - 14 August 2026,,,,2007,,age,50-64,"Q:V105. To what extent do you agree or disagree that the Conservative Party...
 …represents what most people think",UNMATCHED,,Agree,Neither agree nor disagree,Disagree,,,,,,,,16.0,20.6,57.2,,,,,,,,Vi-2026-08-12-Opinium-Observer-Web-Data-tables-1707.xlsx,V105 (2)
"2,050 UK adults",12 - 14 August 2026,,,,2007,,age,65+,"Q:V105. To what extent do you agree or disagree that the Conservative Party...
 …represents what most people think",UNMATCHED,,Agree,Neither agree nor disagree,Disagree,,,,,,,,24.3,27.5,38.4,,,,,,,,Vi-2026-08-12-Opinium-Observer-Web-Data-tables-1707.xlsx,V105 (2)
"2,050 UK adults",12 - 14 August 2026,,,,2007,,region,North,"Q:V105. To what extent do you agree or disagree that the Conservative Party...
 …represents what most people think",UNMATCHED,,Agree,Neither agree nor disagree,Disagree,,,,,,,,20.0,24.2,49.1,,,,,,,,Vi-2026-08-12-Opinium-Observer-Web-Data-tables-1707.xlsx,V105 (2)
"2,050 UK adults",12 - 14 August 2026,,,,2007,,region,Mids,"Q:V105. To what extent do you agree or disagree that the Conservative Party...
 …represents what most people think",UNMATCHED,,Agree,Neither agree nor disagree,Disagree,,,,,,,,21.4,26.2,41.9,,,,,,,,Vi-2026-08-12-Opinium-Observer-Web-Data-tables-1707.xlsx,V105 (2)
"2,050 UK adults",12 - 14 August 2026,,,,2007,,region,London,"Q:V105. To what extent do you agree or disagree that the Conservative Party...
 …represents what most people think",UNMATCHED,,Agree,Neither agree nor disagree,Disagree,,,,,,,,20.2,24.6,50.0,,,,,,,,Vi-2026-08-12-Opinium-Observer-Web-Data-tables-1707.xlsx,V105 (2)
"2,050 UK adults",12 - 14 August 2026,,,,2007,,region,South,"Q:V105. To what extent do you agree or disagree that the Conservative Party...
 …represents what most people think",UNMATCHED,,Agree,Neither agree nor disagree,Disagree,,,,,,,,23.7,24.2,43.8,,,,,,,,Vi-2026-08-12-Opinium-Observer-Web-Data-tables-1707.xlsx,V105 (2)
"2,050 UK adults",12 - 14 August 2026,,,,2007,,region,Wales,"Q:V105. To what extent do you agree or disagree that the Conservative Party...
 …represents what most people think",UNMATCHED,,Agree,Neither agree nor disagree,Disagree,,,,,,,,17.5,18.7,53.6,,,,,,,,Vi-2026-08-12-Opinium-Observer-Web-Data-tables-1707.xlsx,V105 (2)
"2,050 UK adults",12 - 14 August 2026,,,,2007,,region,Scotland,"Q:V105. To what extent do you agree or disagree that the Conservative Party...
 …represents what most people think",UNMATCHED,,Agree,Neither agree nor disagree,Disagree,,,,,,,,14.6,19.3,55.0,,,,,,,,Vi-2026-08-12-Opinium-Observer-Web-Data-tables-1707.xlsx,V105 (2)
"2,050 UK adults",12 - 14 August 2026,,,,2007,,region,Northern Ireland,"Q:V105. To what extent do you agree or disagree that the Conservative Party...
 …represents what most people think",UNMATCHED,,Neither agree nor disagree,,,,,,,,,,,,,,,,,,,,Vi-2026-08-12-Opinium-Observer-Web-Data-tables-1707.xlsx,V105 (2)
"2,050 UK adults",12 - 14 August 2026,,,,2007,,total,Total,"Q:V105. To what extent do you agree or disagree that the Conservative Party...
 …has similar views to my own",UNMATCHED,,Agree,Neither agree nor disagree,Disagree,,,,,,,,24.9,20.2,47.1,,,,,,,,Vi-2026-08-12-Opinium-Observer-Web-Data-tables-1707.xlsx,V105 (3)
"2,050 UK adults",12 - 14 August 2026,,,,2007,,current_vote,Con,"Q:V105. To what extent do you agree or disagree that the Conservative Party...
 …has similar views to my own",UNMATCHED,,Agree,Neither agree nor disagree,Disagree,,,,,,,,79.6,14.3,3.7,,,,,,,,Vi-2026-08-12-Opinium-Observer-Web-Data-tables-1707.xlsx,V105 (3)
"2,050 UK adults",12 - 14 August 2026,,,,2007,,current_vote,Lab,"Q:V105. To what extent do you agree or disagree that the Conservative Party...
 …has similar views to my own",UNMATCHED,,Agree,Neither agree nor disagree,Disagree,,,,,,,,10.2,14.4,70.9,,,,,,,,Vi-2026-08-12-Opinium-Observer-Web-Data-tables-1707.xlsx,V105 (3)
"2,050 UK adults",12 - 14 August 2026,,,,2007,,current_vote,Lib Dem,"Q:V105. To what extent do you agree or disagree that the Conservative Party...
 …has similar views to my own",UNMATCHED,,Agree,Neither agree nor disagree,Disagree,,,,,,,,10.8,19.3,64.3,,,,,,,,Vi-2026-08-12-Opinium-Observer-Web-Data-tables-1707.xlsx,V105 (3)
"2,050 UK adults",12 - 14 August 2026,,,,2007,,current_vote,Reform,"Q:V105. To what extent do you agree or disagree that the Conservative Party...
 …has similar views to my own",UNMATCHED,,Agree,Neither agree nor disagree,Disagree,,,,,,,,31.0,28.4,38.2,,,,,,,,Vi-2026-08-12-Opinium-Observer-Web-Data-tables-1707.xlsx,V105 (3)
"2,050 UK adults",12 - 14 August 2026,,,,2007,,current_vote,Green,"Q:V105. To what extent do you agree or disagree that the Conservative Party...
 …has similar views to my own",UNMATCHED,,Agree,Neither agree nor disagree,Disagree,,,,,,,,9.5,14.1,72.0,,,,,,,,Vi-2026-08-12-Opinium-Observer-Web-Data-tables-1707.xlsx,V105 (3)
"2,050 UK adults",12 - 14 August 2026,,,,2007,,historic_vote,Conservative,"Q:V105. To what extent do you agree or disagree that the Conservative Party...
 …has similar views to my own",UNMATCHED,,Agree,Neither agree nor disagree,Disagree,,,,,,,,72.3,16.8,8.3,,,,,,,,Vi-2026-08-12-Opinium-Observer-Web-Data-tables-1707.xlsx,V105 (3)
"2,050 UK adults",12 - 14 August 2026,,,,2007,,historic_vote,Labour,"Q:V105. To what extent do you agree or disagree that the Conservative Party...
 …has similar views to my own",UNMATCHED,,Agree,Neither agree nor disagree,Disagree,,,,,,,,10.4,15.5,70.5,,,,,,,,Vi-2026-08-12-Opinium-Observer-Web-Data-tables-1707.xlsx,V105 (3)
"2,050 UK adults",12 - 14 August 2026,,,,2007,,historic_vote,Lib Dems,"Q:V105. To what extent do you agree or disagree that the Conservative Party...
 …has similar views to my own",UNMATCHED,,Agree,Neither agree nor disagree,Disagree,,,,,,,,12.0,24.3,58.3,,,,,,,,Vi-2026-08-12-Opinium-Observer-Web-Data-tables-1707.xlsx,V105 (3)
"2,050 UK adults",12 - 14 August 2026,,,,2007,,historic_vote,Green,"Q:V105. To what extent do you agree or disagree that the Conservative Party...
 …has similar views to my own",UNMATCHED,,Agree,Neither agree nor disagree,Disagree,,,,,,,,11.5,13.2,69.8,,,,,,,,Vi-2026-08-12-Opinium-Observer-Web-Data-tables-1707.xlsx,V105 (3)
"2,050 UK adults",12 - 14 August 2026,,,,2007,,historic_vote,Reform UK,"Q:V105. To what extent do you agree or disagree that the Conservative Party...
 …has similar views to my own",UNMATCHED,,Agree,Neither agree nor disagree,Disagree,,,,,,,,31.7,23.0,42.4,,,,,,,,Vi-2026-08-12-Opinium-Observer-Web-Data-tables-1707.xlsx,V105 (3)
"2,050 UK adults",12 - 14 August 2026,,,,2007,,historic_vote,Con,"Q:V105. To what extent do you agree or disagree that the Conservative Party...
 …has similar views to my own",UNMATCHED,,Agree,Neither agree nor disagree,Disagree,,,,,,,,54.3,21.6,19.9,,,,,,,,Vi-2026-08-12-Opinium-Observer-Web-Data-tables-1707.xlsx,V105 (3)
"2,050 UK adults",12 - 14 August 2026,,,,2007,,historic_vote,Lab,"Q:V105. To what extent do you agree or disagree that the Conservative Party...
 …has similar views to my own",UNMATCHED,,Agree,Neither agree nor disagree,Disagree,,,,,,,,6.8,13.0,77.0,,,,,,,,Vi-2026-08-12-Opinium-Observer-Web-Data-tables-1707.xlsx,V105 (3)
"2,050 UK adults",12 - 14 August 2026,,,,2007,,historic_vote,Lib Dem,"Q:V105. To what extent do you agree or disagree that the Conservative Party...
 …has similar views to my own",UNMATCHED,,Agree,Neither agree nor disagree,Disagree,,,,,,,,11.0,18.0,66.9,,,,,,,,Vi-2026-08-12-Opinium-Observer-Web-Data-tables-1707.xlsx,V105 (3)
"2,050 UK adults",12 - 14 August 2026,,,,2007,,historic_vote,Remain,"Q:V105. To what extent do you agree or disagree that the Conservative Party...
 …has similar views to my own",UNMATCHED,,Agree,Neither agree nor disagree,Disagree,,,,,,,,21.3,14.9,59.4,,,,,,,,Vi-2026-08-12-Opinium-Observer-Web-Data-tables-1707.xlsx,V105 (3)
"2,050 UK adults",12 - 14 August 2026,,,,2007,,historic_vote,Leave,"Q:V105. To what extent do you agree or disagree that the Conservative Party...
 …has similar views to my own",UNMATCHED,,Agree,Neither agree nor disagree,Disagree,,,,,,,,34.1,22.3,39.1,,,,,,,,Vi-2026-08-12-Opinium-Observer-Web-Data-tables-1707.xlsx,V105 (3)
"2,050 UK adults",12 - 14 August 2026,,,,2007,,gender,Male,"Q:V105. To what extent do you agree or disagree that the Conservative Party...
 …has similar views to my own",UNMATCHED,,Agree,Neither agree nor disagree,Disagree,,,,,,,,27.8,20.1,46.4,,,,,,,,Vi-2026-08-12-Opinium-Observer-Web-Data-tables-1707.xlsx,V105 (3)
"2,050 UK adults",12 - 14 August 2026,,,,2007,,gender,Female,"Q:V105. To what extent do you agree or disagree that the Conservative Party...
 …has similar views to my own",UNMATCHED,,Agree,Neither agree nor disagree,Disagree,,,,,,,,22.5,20.2,47.6,,,,,,,,Vi-2026-08-12-Opinium-Observer-Web-Data-tables-1707.xlsx,V105 (3)
"2,050 UK adults",12 - 14 August 2026,,,,2007,,age,18-34,"Q:V105. To what extent do you agree or disagree that the Conservative Party...
 …has similar views to my own",UNMATCHED,,Agree,Neither agree nor disagree,Disagree,,,,,,,,23.4,20.3,46.1,,,,,,,,Vi-2026-08-12-Opinium-Observer-Web-Data-tables-1707.xlsx,V105 (3)
"2,050 UK adults",12 - 14 August 2026,,,,2007,,age,35-49,"Q:V105. To what extent do you agree or disagree that the Conservative Party...
 …has similar views to my own",UNMATCHED,,Agree,Neither agree nor disagree,Disagree,,,,,,,,21.4,21.0,49.7,,,,,,,,Vi-2026-08-12-Opinium-Observer-Web-Data-tables-1707.xlsx,V105 (3)
"2,050 UK adults",12 - 14 August 2026,,,,2007,,age,50-64,"Q:V105. To what extent do you agree or disagree that the Conservative Party...
 …has similar views to my own",UNMATCHED,,Agree,Neither agree nor disagree,Disagree,,,,,,,,19.2,20.8,54.1,,,,,,,,Vi-2026-08-12-Opinium-Observer-Web-Data-tables-1707.xlsx,V105 (3)
"2,050 UK adults",12 - 14 August 2026,,,,2007,,age,65+,"Q:V105. To what extent do you agree or disagree that the Conservative Party...
 …has similar views to my own",UNMATCHED,,Agree,Neither agree nor disagree,Disagree,,,,,,,,36.5,18.3,38.4,,,,,,,,Vi-2026-08-12-Opinium-Observer-Web-Data-tables-1707.xlsx,V105 (3)
"2,050 UK adults",12 - 14 August 2026,,,,2007,,region,North,"Q:V105. To what extent do you agree or disagree that the Conservative Party...
 …has similar views to my own",UNMATCHED,,Agree,Neither agree nor disagree,Disagree,,,,,,,,22.2,21.4,48.6,,,,,,,,Vi-2026-08-12-Opinium-Observer-Web-Data-tables-1707.xlsx,V105 (3)
"2,050 UK adults",12 - 14 August 2026,,,,2007,,region,Mids,"Q:V105. To what extent do you agree or disagree that the Conservative Party...
 …has similar views to my own",UNMATCHED,,Agree,Neither agree nor disagree,Disagree,,,,,,,,25.9,19.8,42.8,,,,,,,,Vi-2026-08-12-Opinium-Observer-Web-Data-tables-1707.xlsx,V105 (3)
"2,050 UK adults",12 - 14 August 2026,,,,2007,,region,London,"Q:V105. To what extent do you agree or disagree that the Conservative Party...
 …has similar views to my own",UNMATCHED,,Agree,Neither agree nor disagree,Disagree,,,,,,,,23.1,21.5,50.0,,,,,,,,Vi-2026-08-12-Opinium-Observer-Web-Data-tables-1707.xlsx,V105 (3)
"2,050 UK adults",12 - 14 August 2026,,,,2007,,region,South,"Q:V105. To what extent do you agree or disagree that the Conservative Party...
 …has similar views to my own",UNMATCHED,,Agree,Neither agree nor disagree,Disagree,,,,,,,,29.0,22.2,42.9,,,,,,,,Vi-2026-08-12-Opinium-Observer-Web-Data-tables-1707.xlsx,V105 (3)
"2,050 UK adults",12 - 14 August 2026,,,,2007,,region,Wales,"Q:V105. To what extent do you agree or disagree that the Conservative Party...
 …has similar views to my own",UNMATCHED,,Agree,Neither agree nor disagree,Disagree,,,,,,,,23.7,10.0,54.6,,,,,,,,Vi-2026-08-12-Opinium-Observer-Web-Data-tables-1707.xlsx,V105 (3)
"2,050 UK adults",12 - 14 August 2026,,,,2007,,region,Scotland,"Q:V105. To what extent do you agree or disagree that the Conservative Party...
 …has similar views to my own",UNMATCHED,,Agree,Neither agree nor disagree,Disagree,,,,,,,,19.3,13.1,59.7,,,,,,,,Vi-2026-08-12-Opinium-Observer-Web-Data-tables-1707.xlsx,V105 (3)
"2,050 UK adults",12 - 14 August 2026,,,,2007,,region,Northern Ireland,"Q:V105. To what extent do you agree or disagree that the Conservative Party...
 …has similar views to my own",UNMATCHED,,Neither agree nor disagree,,,,,,,,,,,,,,,,,,,,Vi-2026-08-12-Opinium-Observer-Web-Data-tables-1707.xlsx,V105 (3)
"2,050 UK adults",12 - 14 August 2026,,,,2007,,total,Total,"Q:V105. To what extent do you agree or disagree that the Conservative Party...
 …has the nation’s best interests at heart",UNMATCHED,,Agree,Neither agree nor disagree,Disagree,,,,,,,,27.3,21.2,43.2,,,,,,,,Vi-2026-08-12-Opinium-Observer-Web-Data-tables-1707.xlsx,V105 (4)
"2,050 UK adults",12 - 14 August 2026,,,,2007,,current_vote,Con,"Q:V105. To what extent do you agree or disagree that the Conservative Party...
 …has the nation’s best interests at heart",UNMATCHED,,Agree,Neither agree nor disagree,Disagree,,,,,,,,77.8,16.7,3.0,,,,,,,,Vi-2026-08-12-Opinium-Observer-Web-Data-tables-1707.xlsx,V105 (4)
"2,050 UK adults",12 - 14 August 2026,,,,2007,,current_vote,Lab,"Q:V105. To what extent do you agree or disagree that the Conservative Party...
 …has the nation’s best interests at heart",UNMATCHED,,Agree,Neither agree nor disagree,Disagree,,,,,,,,17.1,18.9,59.0,,,,,,,,Vi-2026-08-12-Opinium-Observer-Web-Data-tables-1707.xlsx,V105 (4)
"2,050 UK adults",12 - 14 August 2026,,,,2007,,current_vote,Lib Dem,"Q:V105. To what extent do you agree or disagree that the Conservative Party...
 …has the nation’s best interests at heart",UNMATCHED,,Agree,Neither agree nor disagree,Disagree,,,,,,,,17.2,22.6,52.9,,,,,,,,Vi-2026-08-12-Opinium-Observer-Web-Data-tables-1707.xlsx,V105 (4)
"2,050 UK adults",12 - 14 August 2026,,,,2007,,current_vote,Reform,"Q:V105. To what extent do you agree or disagree that the Conservative Party...
 …has the nation’s best interests at heart",UNMATCHED,,Agree,Neither agree nor disagree,Disagree,,,,,,,,34.4,26.4,36.2,,,,,,,,Vi-2026-08-12-Opinium-Observer-Web-Data-tables-1707.xlsx,V105 (4)
"2,050 UK adults",12 - 14 August 2026,,,,2007,,current_vote,Green,"Q:V105. To what extent do you agree or disagree that the Conservative Party...
 …has the nation’s best interests at heart",UNMATCHED,,Agree,Neither agree nor disagree,Disagree,,,,,,,,12.5,11.4,72.0,,,,,,,,Vi-2026-08-12-Opinium-Observer-Web-Data-tables-1707.xlsx,V105 (4)
"2,050 UK adults",12 - 14 August 2026,,,,2007,,historic_vote,Conservative,"Q:V105. To what extent do you agree or disagree that the Conservative Party...
 …has the nation’s best interests at heart",UNMATCHED,,Agree,Neither agree nor disagree,Disagree,,,,,,,,67.8,21.0,8.3,,,,,,,,Vi-2026-08-12-Opinium-Observer-Web-Data-tables-1707.xlsx,V105 (4)
"2,050 UK adults",12 - 14 August 2026,,,,2007,,historic_vote,Labour,"Q:V105. To what extent do you agree or disagree that the Conservative Party...
 …has the nation’s best interests at heart",UNMATCHED,,Agree,Neither agree nor disagree,Disagree,,,,,,,,16.4,18.7,61.0,,,,,,,,Vi-2026-08-12-Opinium-Observer-Web-Data-tables-1707.xlsx,V105 (4)
"2,050 UK adults",12 - 14 August 2026,,,,2007,,historic_vote,Lib Dems,"Q:V105. To what extent do you agree or disagree that the Conservative Party...
 …has the nation’s best interests at heart",UNMATCHED,,Agree,Neither agree nor disagree,Disagree,,,,,,,,21.7,23.6,46.9,,,,,,,,Vi-2026-08-12-Opinium-Observer-Web-Data-tables-1707.xlsx,V105 (4)
"2,050 UK adults",12 - 14 August 2026,,,,2007,,historic_vote,Green,"Q:V105. To what extent do you agree or disagree that the Conservative Party...
 …has the nation’s best interests at heart",UNMATCHED,,Agree,Neither agree nor disagree,Disagree,,,,,,,,14.6,14.1,67.7,,,,,,,,Vi-2026-08-12-Opinium-Observer-Web-Data-tables-1707.xlsx,V105 (4)
"2,050 UK adults",12 - 14 August 2026,,,,2007,,historic_vote,Reform UK,"Q:V105. To what extent do you agree or disagree that the Conservative Party...
 …has the nation’s best interests at heart",UNMATCHED,,Agree,Neither agree nor disagree,Disagree,,,,,,,,31.7,23.8,40.5,,,,,,,,Vi-2026-08-12-Opinium-Observer-Web-Data-tables-1707.xlsx,V105 (4)
"2,050 UK adults",12 - 14 August 2026,,,,2007,,historic_vote,Con,"Q:V105. To what extent do you agree or disagree that the Conservative Party...
 …has the nation’s best interests at heart",UNMATCHED,,Agree,Neither agree nor disagree,Disagree,,,,,,,,54.0,22.7,18.9,,,,,,,,Vi-2026-08-12-Opinium-Observer-Web-Data-tables-1707.xlsx,V105 (4)
"2,050 UK adults",12 - 14 August 2026,,,,2007,,historic_vote,Lab,"Q:V105. To what extent do you agree or disagree that the Conservative Party...
 …has the nation’s best interests at heart",UNMATCHED,,Agree,Neither agree nor disagree,Disagree,,,,,,,,13.6,15.6,67.2,,,,,,,,Vi-2026-08-12-Opinium-Observer-Web-Data-tables-1707.xlsx,V105 (4)
"2,050 UK adults",12 - 14 August 2026,,,,2007,,historic_vote,Lib Dem,"Q:V105. To what extent do you agree or disagree that the Conservative Party...
 …has the nation’s best interests at heart",UNMATCHED,,Agree,Neither agree nor disagree,Disagree,,,,,,,,20.6,17.2,56.6,,,,,,,,Vi-2026-08-12-Opinium-Observer-Web-Data-tables-1707.xlsx,V105 (4)
"2,050 UK adults",12 - 14 August 2026,,,,2007,,historic_vote,Remain,"Q:V105. To what extent do you agree or disagree that the Conservative Party...
 …has the nation’s best interests at heart",UNMATCHED,,Agree,Neither agree nor disagree,Disagree,,,,,,,,25.0,18.1,51.4,,,,,,,,Vi-2026-08-12-Opinium-Observer-Web-Data-tables-1707.xlsx,V105 (4)
"2,050 UK adults",12 - 14 August 2026,,,,2007,,historic_vote,Leave,"Q:V105. To what extent do you agree or disagree that the Conservative Party...
 …has the nation’s best interests at heart",UNMATCHED,,Agree,Neither agree nor disagree,Disagree,,,,,,,,35.0,24.0,36.1,,,,,,,,Vi-2026-08-12-Opinium-Observer-Web-Data-tables-1707.xlsx,V105 (4)
"2,050 UK adults",12 - 14 August 2026,,,,2007,,gender,Male,"Q:V105. To what extent do you agree or disagree that the Conservative Party...
 …has the nation’s best interests at heart",UNMATCHED,,Agree,Neither agree nor disagree,Disagree,,,,,,,,29.8,20.1,44.0,,,,,,,,Vi-2026-08-12-Opinium-Observer-Web-Data-tables-1707.xlsx,V105 (4)
"2,050 UK adults",12 - 14 August 2026,,,,2007,,gender,Female,"Q:V105. To what extent do you agree or disagree that the Conservative Party...
 …has the nation’s best interests at heart",UNMATCHED,,Agree,Neither agree nor disagree,Disagree,,,,,,,,25.1,22.4,42.0,,,,,,,,Vi-2026-08-12-Opinium-Observer-Web-Data-tables-1707.xlsx,V105 (4)
"2,050 UK adults",12 - 14 August 2026,,,,2007,,age,18-34,"Q:V105. To what extent do you agree or disagree that the Conservative Party...
 …has the nation’s best interests at heart",UNMATCHED,,Agree,Neither agree nor disagree,Disagree,,,,,,,,24.9,19.0,46.5,,,,,,,,Vi-2026-08-12-Opinium-Observer-Web-Data-tables-1707.xlsx,V105 (4)
"2,050 UK adults",12 - 14 August 2026,,,,2007,,age,35-49,"Q:V105. To what extent do you agree or disagree that the Conservative Party...
 …has the nation’s best interests at heart",UNMATCHED,,Agree,Neither agree nor disagree,Disagree,,,,,,,,22.2,20.6,49.1,,,,,,,,Vi-2026-08-12-Opinium-Observer-Web-Data-tables-1707.xlsx,V105 (4)
"2,050 UK adults",12 - 14 August 2026,,,,2007,,age,50-64,"Q:V105. To what extent do you agree or disagree that the Conservative Party...
 …has the nation’s best interests at heart",UNMATCHED,,Agree,Neither agree nor disagree,Disagree,,,,,,,,25.2,21.3,46.5,,,,,,,,Vi-2026-08-12-Opinium-Observer-Web-Data-tables-1707.xlsx,V105 (4)
"2,050 UK adults",12 - 14 August 2026,,,,2007,,age,65+,"Q:V105. To what extent do you agree or disagree that the Conservative Party...
 …has the nation’s best interests at heart",UNMATCHED,,Agree,Neither agree nor disagree,Disagree,,,,,,,,37.3,24.5,30.0,,,,,,,,Vi-2026-08-12-Opinium-Observer-Web-Data-tables-1707.xlsx,V105 (4)
"2,050 UK adults",12 - 14 August 2026,,,,2007,,region,North,"Q:V105. To what extent do you agree or disagree that the Conservative Party...
 …has the nation’s best interests at heart",UNMATCHED,,Agree,Neither agree nor disagree,Disagree,,,,,,,,24.9,22.7,44.9,,,,,,,,Vi-2026-08-12-Opinium-Observer-Web-Data-tables-1707.xlsx,V105 (4)
"2,050 UK adults",12 - 14 August 2026,,,,2007,,region,Mids,"Q:V105. To what extent do you agree or disagree that the Conservative Party...
 …has the nation’s best interests at heart",UNMATCHED,,Agree,Neither agree nor disagree,Disagree,,,,,,,,27.7,23.1,37.6,,,,,,,,Vi-2026-08-12-Opinium-Observer-Web-Data-tables-1707.xlsx,V105 (4)
"2,050 UK adults",12 - 14 August 2026,,,,2007,,region,London,"Q:V105. To what extent do you agree or disagree that the Conservative Party...
 …has the nation’s best interests at heart",UNMATCHED,,Agree,Neither agree nor disagree,Disagree,,,,,,,,27.6,22.5,45.5,,,,,,,,Vi-2026-08-12-Opinium-Observer-Web-Data-tables-1707.xlsx,V105 (4)
"2,050 UK adults",12 - 14 August 2026,,,,2007,,region,South,"Q:V105. To what extent do you agree or disagree that the Conservative Party...
 …has the nation’s best interests at heart",UNMATCHED,,Agree,Neither agree nor disagree,Disagree,,,,,,,,30.7,20.9,40.7,,,,,,,,Vi-2026-08-12-Opinium-Observer-Web-Data-tables-1707.xlsx,V105 (4)
"2,050 UK adults",12 - 14 August 2026,,,,2007,,region,Wales,"Q:V105. To what extent do you agree or disagree that the Conservative Party...
 …has the nation’s best interests at heart",UNMATCHED,,Agree,Neither agree nor disagree,Disagree,,,,,,,,24.7,19.4,44.3,,,,,,,,Vi-2026-08-12-Opinium-Observer-Web-Data-tables-1707.xlsx,V105 (4)
"2,050 UK adults",12 - 14 August 2026,,,,2007,,region,Scotland,"Q:V105. To what extent do you agree or disagree that the Conservative Party...
 …has the nation’s best interests at heart",UNMATCHED,,Agree,Neither agree nor disagree,Disagree,,,,,,,,21.1,13.9,55.0,,,,,,,,Vi-2026-08-12-Opinium-Observer-Web-Data-tables-1707.xlsx,V105 (4)
"2,050 UK adults",12 - 14 August 2026,,,,2007,,region,Northern Ireland,"Q:V105. To what extent do you agree or disagree that the Conservative Party...
 …has the nation’s best interests at heart",UNMATCHED,,Neither agree nor disagree,,,,,,,,,,,,,,,,,,,,Vi-2026-08-12-Opinium-Observer-Web-Data-tables-1707.xlsx,V105 (4)
"2,050 UK adults",12 - 14 August 2026,,,,2007,,total,Total,"Q:V105. To what extent do you agree or disagree that the Conservative Party...
 …has a clear sense of purpose",UNMATCHED,,Agree,Neither agree nor disagree,Disagree,,,,,,,,29.9,24.5,36.9,,,,,,,,Vi-2026-08-12-Opinium-Observer-Web-Data-tables-1707.xlsx,V105 (5)
"2,050 UK adults",12 - 14 August 2026,,,,2007,,current_vote,Con,"Q:V105. To what extent do you agree or disagree that the Conservative Party...
 …has a clear sense of purpose",UNMATCHED,,Agree,Neither agree nor disagree,Disagree,,,,,,,,72.6,20.2,3.3,,,,,,,,Vi-2026-08-12-Opinium-Observer-Web-Data-tables-1707.xlsx,V105 (5)
"2,050 UK adults",12 - 14 August 2026,,,,2007,,current_vote,Lab,"Q:V105. To what extent do you agree or disagree that the Conservative Party...
 …has a clear sense of purpose",UNMATCHED,,Agree,Neither agree nor disagree,Disagree,,,,,,,,26.1,21.3,45.7,,,,,,,,Vi-2026-08-12-Opinium-Observer-Web-Data-tables-1707.xlsx,V105 (5)
"2,050 UK adults",12 - 14 August 2026,,,,2007,,current_vote,Lib Dem,"Q:V105. To what extent do you agree or disagree that the Conservative Party...
 …has a clear sense of purpose",UNMATCHED,,Agree,Neither agree nor disagree,Disagree,,,,,,,,23.6,25.3,42.0,,,,,,,,Vi-2026-08-12-Opinium-Observer-Web-Data-tables-1707.xlsx,V105 (5)
"2,050 UK adults",12 - 14 August 2026,,,,2007,,current_vote,Reform,"Q:V105. To what extent do you agree or disagree that the Conservative Party...
 …has a clear sense of purpose",UNMATCHED,,Agree,Neither agree nor disagree,Disagree,,,,,,,,30.0,29.7,38.2,,,,,,,,Vi-2026-08-12-Opinium-Observer-Web-Data-tables-1707.xlsx,V105 (5)
"2,050 UK adults",12 - 14 August 2026,,,,2007,,current_vote,Green,"Q:V105. To what extent do you agree or disagree that the Conservative Party...
 …has a clear sense of purpose",UNMATCHED,,Agree,Neither agree nor disagree,Disagree,,,,,,,,22.0,15.1,55.4,,,,,,,,Vi-2026-08-12-Opinium-Observer-Web-Data-tables-1707.xlsx,V105 (5)
"2,050 UK adults",12 - 14 August 2026,,,,2007,,historic_vote,Conservative,"Q:V105. To what extent do you agree or disagree that the Conservative Party...
 …has a clear sense of purpose",UNMATCHED,,Agree,Neither agree nor disagree,Disagree,,,,,,,,63.1,25.1,8.6,,,,,,,,Vi-2026-08-12-Opinium-Observer-Web-Data-tables-1707.xlsx,V105 (5)
"2,050 UK adults",12 - 14 August 2026,,,,2007,,historic_vote,Labour,"Q:V105. To what extent do you agree or disagree that the Conservative Party...
 …has a clear sense of purpose",UNMATCHED,,Agree,Neither agree nor disagree,Disagree,,,,,,,,23.2,20.3,50.0,,,,,,,,Vi-2026-08-12-Opinium-Observer-Web-Data-tables-1707.xlsx,V105 (5)
"2,050 UK adults",12 - 14 August 2026,,,,2007,,historic_vote,Lib Dems,"Q:V105. To what extent do you agree or disagree that the Conservative Party...
 …has a clear sense of purpose",UNMATCHED,,Agree,Neither agree nor disagree,Disagree,,,,,,,,24.0,28.7,36.6,,,,,,,,Vi-2026-08-12-Opinium-Observer-Web-Data-tables-1707.xlsx,V105 (5)
"2,050 UK adults",12 - 14 August 2026,,,,2007,,historic_vote,Green,"Q:V105. To what extent do you agree or disagree that the Conservative Party...
 …has a clear sense of purpose",UNMATCHED,,Agree,Neither agree nor disagree,Disagree,,,,,,,,28.1,13.8,53.1,,,,,,,,Vi-2026-08-12-Opinium-Observer-Web-Data-tables-1707.xlsx,V105 (5)
"2,050 UK adults",12 - 14 August 2026,,,,2007,,historic_vote,Reform UK,"Q:V105. To what extent do you agree or disagree that the Conservative Party...
 …has a clear sense of purpose",UNMATCHED,,Agree,Neither agree nor disagree,Disagree,,,,,,,,28.8,28.6,38.0,,,,,,,,Vi-2026-08-12-Opinium-Observer-Web-Data-tables-1707.xlsx,V105 (5)
"2,050 UK adults",12 - 14 August 2026,,,,2007,,historic_vote,Con,"Q:V105. To what extent do you agree or disagree that the Conservative Party...
 …has a clear sense of purpose",UNMATCHED,,Agree,Neither agree nor disagree,Disagree,,,,,,,,48.3,28.3,19.2,,,,,,,,Vi-2026-08-12-Opinium-Observer-Web-Data-tables-1707.xlsx,V105 (5)
"2,050 UK adults",12 - 14 August 2026,,,,2007,,historic_vote,Lab,"Q:V105. To what extent do you agree or disagree that the Conservative Party...
 …has a clear sense of purpose",UNMATCHED,,Agree,Neither agree nor disagree,Disagree,,,,,,,,22.0,19.5,52.9,,,,,,,,Vi-2026-08-12-Opinium-Observer-Web-Data-tables-1707.xlsx,V105 (5)
"2,050 UK adults",12 - 14 August 2026,,,,2007,,historic_vote,Lib Dem,"Q:V105. To what extent do you agree or disagree that the Conservative Party...
 …has a clear sense of purpose",UNMATCHED,,Agree,Neither agree nor disagree,Disagree,,,,,,,,25.0,19.8,45.6,,,,,,,,Vi-2026-08-12-Opinium-Observer-Web-Data-tables-1707.xlsx,V105 (5)
"2,050 UK adults",12 - 14 August 2026,,,,2007,,historic_vote,Remain,"Q:V105. To what extent do you agree or disagree that the Conservative Party...
 …has a clear sense of purpose",UNMATCHED,,Agree,Neither agree nor disagree,Disagree,,,,,,,,29.2,20.9,43.2,,,,,,,,Vi-2026-08-12-Opinium-Observer-Web-Data-tables-1707.xlsx,V105 (5)
"2,050 UK adults",12 - 14 August 2026,,,,2007,,historic_vote,Leave,"Q:V105. To what extent do you agree or disagree that the Conservative Party...
 …has a clear sense of purpose",UNMATCHED,,Agree,Neither agree nor disagree,Disagree,,,,,,,,34.1,28.1,32.0,,,,,,,,Vi-2026-08-12-Opinium-Observer-Web-Data-tables-1707.xlsx,V105 (5)
"2,050 UK adults",12 - 14 August 2026,,,,2007,,gender,Male,"Q:V105. To what extent do you agree or disagree that the Conservative Party...
 …has a clear sense of purpose",UNMATCHED,,Agree,Neither agree nor disagree,Disagree,,,,,,,,32.1,22.9,37.9,,,,,,,,Vi-2026-08-12-Opinium-Observer-Web-Data-tables-1707.xlsx,V105 (5)
"2,050 UK adults",12 - 14 August 2026,,,,2007,,gender,Female,"Q:V105. To what extent do you agree or disagree that the Conservative Party...
 …has a clear sense of purpose",UNMATCHED,,Agree,Neither agree nor disagree,Disagree,,,,,,,,28.2,25.8,35.9,,,,,,,,Vi-2026-08-12-Opinium-Observer-Web-Data-tables-1707.xlsx,V105 (5)
"2,050 UK adults",12 - 14 August 2026,,,,2007,,age,18-34,"Q:V105. To what extent do you agree or disagree that the Conservative Party...
 …has a clear sense of purpose",UNMATCHED,,Agree,Neither agree nor disagree,Disagree,,,,,,,,33.9,19.9,37.0,,,,,,,,Vi-2026-08-12-Opinium-Observer-Web-Data-tables-1707.xlsx,V105 (5)
"2,050 UK adults",12 - 14 August 2026,,,,2007,,age,35-49,"Q:V105. To what extent do you agree or disagree that the Conservative Party...
 …has a clear sense of purpose",UNMATCHED,,Agree,Neither agree nor disagree,Disagree,,,,,,,,27.3,22.4,41.7,,,,,,,,Vi-2026-08-12-Opinium-Observer-Web-Data-tables-1707.xlsx,V105 (5)
"2,050 UK adults",12 - 14 August 2026,,,,2007,,age,50-64,"Q:V105. To what extent do you agree or disagree that the Conservative Party...
 …has a clear sense of purpose",UNMATCHED,,Agree,Neither agree nor disagree,Disagree,,,,,,,,24.0,26.5,41.2,,,,,,,,Vi-2026-08-12-Opinium-Observer-Web-Data-tables-1707.xlsx,V105 (5)
"2,050 UK adults",12 - 14 August 2026,,,,2007,,age,65+,"Q:V105. To what extent do you agree or disagree that the Conservative Party...
 …has a clear sense of purpose",UNMATCHED,,Agree,Neither agree nor disagree,Disagree,,,,,,,,34.0,29.8,27.2,,,,,,,,Vi-2026-08-12-Opinium-Observer-Web-Data-tables-1707.xlsx,V105 (5)
"2,050 UK adults",12 - 14 August 2026,,,,2007,,region,North,"Q:V105. To what extent do you agree or disagree that the Conservative Party...
 …has a clear sense of purpose",UNMATCHED,,Agree,Neither agree nor disagree,Disagree,,,,,,,,29.7,26.9,36.6,,,,,,,,Vi-2026-08-12-Opinium-Observer-Web-Data-tables-1707.xlsx,V105 (5)
"2,050 UK adults",12 - 14 August 2026,,,,2007,,region,Mids,"Q:V105. To what extent do you agree or disagree that the Conservative Party...
 …has a clear sense of purpose",UNMATCHED,,Agree,Neither agree nor disagree,Disagree,,,,,,,,31.6,23.9,33.1,,,,,,,,Vi-2026-08-12-Opinium-Observer-Web-Data-tables-1707.xlsx,V105 (5)
"2,050 UK adults",12 - 14 August 2026,,,,2007,,region,London,"Q:V105. To what extent do you agree or disagree that the Conservative Party...
 …has a clear sense of purpose",UNMATCHED,,Agree,Neither agree nor disagree,Disagree,,,,,,,,31.7,23.5,38.4,,,,,,,,Vi-2026-08-12-Opinium-Observer-Web-Data-tables-1707.xlsx,V105 (5)
"2,050 UK adults",12 - 14 August 2026,,,,2007,,region,South,"Q:V105. To what extent do you agree or disagree that the Conservative Party...
 …has a clear sense of purpose",UNMATCHED,,Agree,Neither agree nor disagree,Disagree,,,,,,,,33.3,24.2,34.4,,,,,,,,Vi-2026-08-12-Opinium-Observer-Web-Data-tables-1707.xlsx,V105 (5)
"2,050 UK adults",12 - 14 August 2026,,,,2007,,region,Wales,"Q:V105. To what extent do you agree or disagree that the Conservative Party...
 …has a clear sense of purpose",UNMATCHED,,Agree,Neither agree nor disagree,Disagree,,,,,,,,22.7,18.7,46.4,,,,,,,,Vi-2026-08-12-Opinium-Observer-Web-Data-tables-1707.xlsx,V105 (5)
"2,050 UK adults",12 - 14 August 2026,,,,2007,,region,Scotland,"Q:V105. To what extent do you agree or disagree that the Conservative Party...
 …has a clear sense of purpose",UNMATCHED,,Agree,Neither agree nor disagree,Disagree,,,,,,,,15.2,24.3,46.8,,,,,,,,Vi-2026-08-12-Opinium-Observer-Web-Data-tables-1707.xlsx,V105 (5)
"2,050 UK adults",12 - 14 August 2026,,,,2007,,region,Northern Ireland,"Q:V105. To what extent do you agree or disagree that the Conservative Party...
 …has a clear sense of purpose",UNMATCHED,,Neither agree nor disagree,,,,,,,,,,,,,,,,,,,,Vi-2026-08-12-Opinium-Observer-Web-Data-tables-1707.xlsx,V105 (5)
"2,050 UK adults",12 - 14 August 2026,,,,2007,,total,Total,"Q:V105. To what extent do you agree or disagree that the Conservative Party...
 …knows what it stands for",UNMATCHED,,Agree,Neither agree nor disagree,Disagree,,,,,,,,33.4,24.0,33.4,,,,,,,,Vi-2026-08-12-Opinium-Observer-Web-Data-tables-1707.xlsx,V105 (6)
"2,050 UK adults",12 - 14 August 2026,,,,2007,,current_vote,Con,"Q:V105. To what extent do you agree or disagree that the Conservative Party...
 …knows what it stands for",UNMATCHED,,Agree,Neither agree nor disagree,Disagree,,,,,,,,75.9,16.4,4.8,,,,,,,,Vi-2026-08-12-Opinium-Observer-Web-Data-tables-1707.xlsx,V105 (6)
"2,050 UK adults",12 - 14 August 2026,,,,2007,,current_vote,Lab,"Q:V105. To what extent do you agree or disagree that the Conservative Party...
 …knows what it stands for",UNMATCHED,,Agree,Neither agree nor disagree,Disagree,,,,,,,,28.0,21.2,42.9,,,,,,,,Vi-2026-08-12-Opinium-Observer-Web-Data-tables-1707.xlsx,V105 (6)
"2,050 UK adults",12 - 14 August 2026,,,,2007,,current_vote,Lib Dem,"Q:V105. To what extent do you agree or disagree that the Conservative Party...
 …knows what it stands for",UNMATCHED,,Agree,Neither agree nor disagree,Disagree,,,,,,,,31.2,27.7,33.1,,,,,,,,Vi-2026-08-12-Opinium-Observer-Web-Data-tables-1707.xlsx,V105 (6)
"2,050 UK adults",12 - 14 August 2026,,,,2007,,current_vote,Reform,"Q:V105. To what extent do you agree or disagree that the Conservative Party...
 …knows what it stands for",UNMATCHED,,Agree,Neither agree nor disagree,Disagree,,,,,,,,34.9,29.6,32.8,,,,,,,,Vi-2026-08-12-Opinium-Observer-Web-Data-tables-1707.xlsx,V105 (6)
"2,050 UK adults",12 - 14 August 2026,,,,2007,,current_vote,Green,"Q:V105. To what extent do you agree or disagree that the Conservative Party...
 …knows what it stands for",UNMATCHED,,Agree,Neither agree nor disagree,Disagree,,,,,,,,28.0,16.5,50.0,,,,,,,,Vi-2026-08-12-Opinium-Observer-Web-Data-tables-1707.xlsx,V105 (6)
"2,050 UK adults",12 - 14 August 2026,,,,2007,,historic_vote,Conservative,"Q:V105. To what extent do you agree or disagree that the Conservative Party...
 …knows what it stands for",UNMATCHED,,Agree,Neither agree nor disagree,Disagree,,,,,,,,69.9,19.4,7.7,,,,,,,,Vi-2026-08-12-Opinium-Observer-Web-Data-tables-1707.xlsx,V105 (6)
"2,050 UK adults",12 - 14 August 2026,,,,2007,,historic_vote,Labour,"Q:V105. To what extent do you agree or disagree that the Conservative Party...
 …knows what it stands for",UNMATCHED,,Agree,Neither agree nor disagree,Disagree,,,,,,,,23.4,23.1,47.7,,,,,,,,Vi-2026-08-12-Opinium-Observer-Web-Data-tables-1707.xlsx,V105 (6)
"2,050 UK adults",12 - 14 August 2026,,,,2007,,historic_vote,Lib Dems,"Q:V105. To what extent do you agree or disagree that the Conservative Party...
 …knows what it stands for",UNMATCHED,,Agree,Neither agree nor disagree,Disagree,,,,,,,,32.0,30.1,29.7,,,,,,,,Vi-2026-08-12-Opinium-Observer-Web-Data-tables-1707.xlsx,V105 (6)
"2,050 UK adults",12 - 14 August 2026,,,,2007,,historic_vote,Green,"Q:V105. To what extent do you agree or disagree that the Conservative Party...
 …knows what it stands for",UNMATCHED,,Agree,Neither agree nor disagree,Disagree,,,,,,,,30.2,24.5,40.6,,,,,,,,Vi-2026-08-12-Opinium-Observer-Web-Data-tables-1707.xlsx,V105 (6)
"2,050 UK adults",12 - 14 August 2026,,,,2007,,historic_vote,Reform UK,"Q:V105. To what extent do you agree or disagree that the Conservative Party...
 …knows what it stands for",UNMATCHED,,Agree,Neither agree nor disagree,Disagree,,,,,,,,34.2,26.0,35.6,,,,,,,,Vi-2026-08-12-Opinium-Observer-Web-Data-tables-1707.xlsx,V105 (6)
"2,050 UK adults",12 - 14 August 2026,,,,2007,,historic_vote,Con,"Q:V105. To what extent do you agree or disagree that the Conservative Party...
 …knows what it stands for",UNMATCHED,,Agree,Neither agree nor disagree,Disagree,,,,,,,,53.8,22.8,19.4,,,,,,,,Vi-2026-08-12-Opinium-Observer-Web-Data-tables-1707.xlsx,V105 (6)
"2,050 UK adults",12 - 14 August 2026,,,,2007,,historic_vote,Lab,"Q:V105. To what extent do you agree or disagree that the Conservative Party...
 …knows what it stands for",UNMATCHED,,Agree,Neither agree nor disagree,Disagree,,,,,,,,24.6,19.4,51.0,,,,,,,,Vi-2026-08-12-Opinium-Observer-Web-Data-tables-1707.xlsx,V105 (6)
"2,050 UK adults",12 - 14 August 2026,,,,2007,,historic_vote,Lib Dem,"Q:V105. To what extent do you agree or disagree that the Conservative Party...
 …knows what it stands for",UNMATCHED,,Agree,Neither agree nor disagree,Disagree,,,,,,,,29.4,23.7,36.0,,,,,,,,Vi-2026-08-12-Opinium-Observer-Web-Data-tables-1707.xlsx,V105 (6)
"2,050 UK adults",12 - 14 August 2026,,,,2007,,historic_vote,Remain,"Q:V105. To what extent do you agree or disagree that the Conservative Party...
 …knows what it stands for",UNMATCHED,,Agree,Neither agree nor disagree,Disagree,,,,,,,,33.7,22.3,37.9,,,,,,,,Vi-2026-08-12-Opinium-Observer-Web-Data-tables-1707.xlsx,V105 (6)
"2,050 UK adults",12 - 14 August 2026,,,,2007,,historic_vote,Leave,"Q:V105. To what extent do you agree or disagree that the Conservative Party...
 …knows what it stands for",UNMATCHED,,Agree,Neither agree nor disagree,Disagree,,,,,,,,38.0,24.1,32.6,,,,,,,,Vi-2026-08-12-Opinium-Observer-Web-Data-tables-1707.xlsx,V105 (6)
"2,050 UK adults",12 - 14 August 2026,,,,2007,,gender,Male,"Q:V105. To what extent do you agree or disagree that the Conservative Party...
 …knows what it stands for",UNMATCHED,,Agree,Neither agree nor disagree,Disagree,,,,,,,,34.4,23.7,34.6,,,,,,,,Vi-2026-08-12-Opinium-Observer-Web-Data-tables-1707.xlsx,V105 (6)
"2,050 UK adults",12 - 14 August 2026,,,,2007,,gender,Female,"Q:V105. To what extent do you agree or disagree that the Conservative Party...
 …knows what it stands for",UNMATCHED,,Agree,Neither agree nor disagree,Disagree,,,,,,,,32.9,24.2,32.0,,,,,,,,Vi-2026-08-12-Opinium-Observer-Web-Data-tables-1707.xlsx,V105 (6)
"2,050 UK adults",12 - 14 August 2026,,,,2007,,age,18-34,"Q:V105. To what extent do you agree or disagree that the Conservative Party...
 …knows what it stands for",UNMATCHED,,Agree,Neither agree nor disagree,Disagree,,,,,,,,37.6,20.7,31.4,,,,,,,,Vi-2026-08-12-Opinium-Observer-Web-Data-tables-1707.xlsx,V105 (6)
"2,050 UK adults",12 - 14 August 2026,,,,2007,,age,35-49,"Q:V105. To what extent do you agree or disagree that the Conservative Party...
 …knows what it stands for",UNMATCHED,,Agree,Neither agree nor disagree,Disagree,,,,,,,,27.7,23.7,40.2,,,,,,,,Vi-2026-08-12-Opinium-Observer-Web-Data-tables-1707.xlsx,V105 (6)
"2,050 UK adults",12 - 14 August 2026,,,,2007,,age,50-64,"Q:V105. To what extent do you agree or disagree that the Conservative Party...
 …knows what it stands for",UNMATCHED,,Agree,Neither agree nor disagree,Disagree,,,,,,,,31.5,23.2,37.0,,,,,,,,Vi-2026-08-12-Opinium-Observer-Web-Data-tables-1707.xlsx,V105 (6)
"2,050 UK adults",12 - 14 August 2026,,,,2007,,age,65+,"Q:V105. To what extent do you agree or disagree that the Conservative Party...
 …knows what it stands for",UNMATCHED,,Agree,Neither agree nor disagree,Disagree,,,,,,,,36.5,29.0,24.9,,,,,,,,Vi-2026-08-12-Opinium-Observer-Web-Data-tables-1707.xlsx,V105 (6)
"2,050 UK adults",12 - 14 August 2026,,,,2007,,region,North,"Q:V105. To what extent do you agree or disagree that the Conservative Party...
 …knows what it stands for",UNMATCHED,,Agree,Neither agree nor disagree,Disagree,,,,,,,,32.4,24.2,36.2,,,,,,,,Vi-2026-08-12-Opinium-Observer-Web-Data-tables-1707.xlsx,V105 (6)
"2,050 UK adults",12 - 14 August 2026,,,,2007,,region,Mids,"Q:V105. To what extent do you agree or disagree that the Conservative Party...
 …knows what it stands for",UNMATCHED,,Agree,Neither agree nor disagree,Disagree,,,,,,,,31.9,24.1,32.2,,,,,,,,Vi-2026-08-12-Opinium-Observer-Web-Data-tables-1707.xlsx,V105 (6)
"2,050 UK adults",12 - 14 August 2026,,,,2007,,region,London,"Q:V105. To what extent do you agree or disagree that the Conservative Party...
 …knows what it stands for",UNMATCHED,,Agree,Neither agree nor disagree,Disagree,,,,,,,,35.4,26.2,32.5,,,,,,,,Vi-2026-08-12-Opinium-Observer-Web-Data-tables-1707.xlsx,V105 (6)
"2,050 UK adults",12 - 14 August 2026,,,,2007,,region,South,"Q:V105. To what extent do you agree or disagree that the Conservative Party...
 …knows what it stands for",UNMATCHED,,Agree,Neither agree nor disagree,Disagree,,,,,,,,38.5,23.6,29.9,,,,,,,,Vi-2026-08-12-Opinium-Observer-Web-Data-tables-1707.xlsx,V105 (6)
"2,050 UK adults",12 - 14 August 2026,,,,2007,,region,Wales,"Q:V105. To what extent do you agree or disagree that the Conservative Party...
 …knows what it stands for",UNMATCHED,,Agree,Neither agree nor disagree,Disagree,,,,,,,,21.6,25.2,39.2,,,,,,,,Vi-2026-08-12-Opinium-Observer-Web-Data-tables-1707.xlsx,V105 (6)
"2,050 UK adults",12 - 14 August 2026,,,,2007,,region,Scotland,"Q:V105. To what extent do you agree or disagree that the Conservative Party...
 …knows what it stands for",UNMATCHED,,Agree,Neither agree nor disagree,Disagree,,,,,,,,24.0,20.2,40.4,,,,,,,,Vi-2026-08-12-Opinium-Observer-Web-Data-tables-1707.xlsx,V105 (6)
"2,050 UK adults",12 - 14 August 2026,,,,2007,,region,Northern Ireland,"Q:V105. To what extent do you agree or disagree that the Conservative Party...
 …knows what it stands for",UNMATCHED,,Neither agree nor disagree,,,,,,,,,,,,,,,,,,,,Vi-2026-08-12-Opinium-Observer-Web-Data-tables-1707.xlsx,V105 (6)
"2,050 UK adults",12 - 14 August 2026,,,,2007,,total,Total,"Q:V105. To what extent do you agree or disagree that the Conservative Party...
 …can be trusted to take big decisions",UNMATCHED,,Agree,Neither agree nor disagree,Disagree,,,,,,,,26.3,22.2,42.7,,,,,,,,Vi-2026-08-12-Opinium-Observer-Web-Data-tables-1707.xlsx,V105 (7)
"2,050 UK adults",12 - 14 August 2026,,,,2007,,current_vote,Con,"Q:V105. To what extent do you agree or disagree that the Conservative Party...
 …can be trusted to take big decisions",UNMATCHED,,Agree,Neither agree nor disagree,Disagree,,,,,,,,77.8,16.2,3.0,,,,,,,,Vi-2026-08-12-Opinium-Observer-Web-Data-tables-1707.xlsx,V105 (7)
"2,050 UK adults",12 - 14 August 2026,,,,2007,,current_vote,Lab,"Q:V105. To what extent do you agree or disagree that the Conservative Party...
 …can be trusted to take big decisions",UNMATCHED,,Agree,Neither agree nor disagree,Disagree,,,,,,,,14.9,22.5,56.9,,,,,,,,Vi-2026-08-12-Opinium-Observer-Web-Data-tables-1707.xlsx,V105 (7)
"2,050 UK adults",12 - 14 August 2026,,,,2007,,current_vote,Lib Dem,"Q:V105. To what extent do you agree or disagree that the Conservative Party...
 …can be trusted to take big decisions",UNMATCHED,,Agree,Neither agree nor disagree,Disagree,,,,,,,,18.5,21.6,51.0,,,,,,,,Vi-2026-08-12-Opinium-Observer-Web-Data-tables-1707.xlsx,V105 (7)
"2,050 UK adults",12 - 14 August 2026,,,,2007,,current_vote,Reform,"Q:V105. To what extent do you agree or disagree that the Conservative Party...
 …can be trusted to take big decisions",UNMATCHED,,Agree,Neither agree nor disagree,Disagree,,,,,,,,30.0,27.3,40.3,,,,,,,,Vi-2026-08-12-Opinium-Observer-Web-Data-tables-1707.xlsx,V105 (7)
"2,050 UK adults",12 - 14 August 2026,,,,2007,,current_vote,Green,"Q:V105. To what extent do you agree or disagree that the Conservative Party...
 …can be trusted to take big decisions",UNMATCHED,,Agree,Neither agree nor disagree,Disagree,,,,,,,,13.7,17.1,63.7,,,,,,,,Vi-2026-08-12-Opinium-Observer-Web-Data-tables-1707.xlsx,V105 (7)
"2,050 UK adults",12 - 14 August 2026,,,,2007,,historic_vote,Conservative,"Q:V105. To what extent do you agree or disagree that the Conservative Party...
 …can be trusted to take big decisions",UNMATCHED,,Agree,Neither agree nor disagree,Disagree,,,,,,,,68.1,21.4,7.7,,,,,,,,Vi-2026-08-12-Opinium-Observer-Web-Data-tables-1707.xlsx,V105 (7)
"2,050 UK adults",12 - 14 August 2026,,,,2007,,historic_vote,Labour,"Q:V105. To what extent do you agree or disagree that the Conservative Party...
 …can be trusted to take big decisions",UNMATCHED,,Agree,Neither agree nor disagree,Disagree,,,,,,,,14.7,20.0,61.0,,,,,,,,Vi-2026-08-12-Opinium-Observer-Web-Data-tables-1707.xlsx,V105 (7)
"2,050 UK adults",12 - 14 August 2026,,,,2007,,historic_vote,Lib Dems,"Q:V105. To what extent do you agree or disagree that the Conservative Party...
 …can be trusted to take big decisions",UNMATCHED,,Agree,Neither agree nor disagree,Disagree,,,,,,,,22.3,21.7,45.7,,,,,,,,Vi-2026-08-12-Opinium-Observer-Web-Data-tables-1707.xlsx,V105 (7)
"2,050 UK adults",12 - 14 August 2026,,,,2007,,historic_vote,Green,"Q:V105. To what extent do you agree or disagree that the Conservative Party...
 …can be trusted to take big decisions",UNMATCHED,,Agree,Neither agree nor disagree,Disagree,,,,,,,,14.6,16.9,63.5,,,,,,,,Vi-2026-08-12-Opinium-Observer-Web-Data-tables-1707.xlsx,V105 (7)
"2,050 UK adults",12 - 14 August 2026,,,,2007,,historic_vote,Reform UK,"Q:V105. To what extent do you agree or disagree that the Conservative Party...
 …can be trusted to take big decisions",UNMATCHED,,Agree,Neither agree nor disagree,Disagree,,,,,,,,28.8,21.8,44.9,,,,,,,,Vi-2026-08-12-Opinium-Observer-Web-Data-tables-1707.xlsx,V105 (7)
"2,050 UK adults",12 - 14 August 2026,,,,2007,,historic_vote,Con,"Q:V105. To what extent do you agree or disagree that the Conservative Party...
 …can be trusted to take big decisions",UNMATCHED,,Agree,Neither agree nor disagree,Disagree,,,,,,,,52.1,22.6,20.6,,,,,,,,Vi-2026-08-12-Opinium-Observer-Web-Data-tables-1707.xlsx,V105 (7)
"2,050 UK adults",12 - 14 August 2026,,,,2007,,historic_vote,Lab,"Q:V105. To what extent do you agree or disagree that the Conservative Party...
 …can be trusted to take big decisions",UNMATCHED,,Agree,Neither agree nor disagree,Disagree,,,,,,,,11.9,18.7,65.8,,,,,,,,Vi-2026-08-12-Opinium-Observer-Web-Data-tables-1707.xlsx,V105 (7)
"2,050 UK adults",12 - 14 August 2026,,,,2007,,historic_vote,Lib Dem,"Q:V105. To what extent do you agree or disagree that the Conservative Party...
 …can be trusted to take big decisions",UNMATCHED,,Agree,Neither agree nor disagree,Disagree,,,,,,,,18.4,16.5,56.6,,,,,,,,Vi-2026-08-12-Opinium-Observer-Web-Data-tables-1707.xlsx,V105 (7)
"2,050 UK adults",12 - 14 August 2026,,,,2007,,historic_vote,Remain,"Q:V105. To what extent do you agree or disagree that the Conservative Party...
 …can be trusted to take big decisions",UNMATCHED,,Agree,Neither agree nor disagree,Disagree,,,,,,,,25.5,18.3,49.9,,,,,,,,Vi-2026-08-12-Opinium-Observer-Web-Data-tables-1707.xlsx,V105 (7)
"2,050 UK adults",12 - 14 August 2026,,,,2007,,historic_vote,Leave,"Q:V105. To what extent do you agree or disagree that the Conservative Party...
 …can be trusted to take big decisions",UNMATCHED,,Agree,Neither agree nor disagree,Disagree,,,,,,,,32.4,24.8,38.1,,,,,,,,Vi-2026-08-12-Opinium-Observer-Web-Data-tables-1707.xlsx,V105 (7)
"2,050 UK adults",12 - 14 August 2026,,,,2007,,gender,Male,"Q:V105. To what extent do you agree or disagree that the Conservative Party...
 …can be trusted to take big decisions",UNMATCHED,,Agree,Neither agree nor disagree,Disagree,,,,,,,,29.5,21.1,42.8,,,,,,,,Vi-2026-08-12-Opinium-Observer-Web-Data-tables-1707.xlsx,V105 (7)
"2,050 UK adults",12 - 14 August 2026,,,,2007,,gender,Female,"Q:V105. To what extent do you agree or disagree that the Conservative Party...
 …can be trusted to take big decisions",UNMATCHED,,Agree,Neither agree nor disagree,Disagree,,,,,,,,23.6,23.3,42.3,,,,,,,,Vi-2026-08-12-Opinium-Observer-Web-Data-tables-1707.xlsx,V105 (7)
"2,050 UK adults",12 - 14 August 2026,,,,2007,,age,18-34,"Q:V105. To what extent do you agree or disagree that the Conservative Party...
 …can be trusted to take big decisions",UNMATCHED,,Agree,Neither agree nor disagree,Disagree,,,,,,,,27.8,20.5,41.7,,,,,,,,Vi-2026-08-12-Opinium-Observer-Web-Data-tables-1707.xlsx,V105 (7)
"2,050 UK adults",12 - 14 August 2026,,,,2007,,age,35-49,"Q:V105. To what extent do you agree or disagree that the Conservative Party...
 …can be trusted to take big decisions",UNMATCHED,,Agree,Neither agree nor disagree,Disagree,,,,,,,,20.3,22.4,48.0,,,,,,,,Vi-2026-08-12-Opinium-Observer-Web-Data-tables-1707.xlsx,V105 (7)
"2,050 UK adults",12 - 14 August 2026,,,,2007,,age,50-64,"Q:V105. To what extent do you agree or disagree that the Conservative Party...
 …can be trusted to take big decisions",UNMATCHED,,Agree,Neither agree nor disagree,Disagree,,,,,,,,22.0,23.4,47.5,,,,,,,,Vi-2026-08-12-Opinium-Observer-Web-Data-tables-1707.xlsx,V105 (7)
"2,050 UK adults",12 - 14 August 2026,,,,2007,,age,65+,"Q:V105. To what extent do you agree or disagree that the Conservative Party...
 …can be trusted to take big decisions",UNMATCHED,,Agree,Neither agree nor disagree,Disagree,,,,,,,,35.4,22.9,33.3,,,,,,,,Vi-2026-08-12-Opinium-Observer-Web-Data-tables-1707.xlsx,V105 (7)
"2,050 UK adults",12 - 14 August 2026,,,,2007,,region,North,"Q:V105. To what extent do you agree or disagree that the Conservative Party...
 …can be trusted to take big decisions",UNMATCHED,,Agree,Neither agree nor disagree,Disagree,,,,,,,,24.1,21.1,48.0,,,,,,,,Vi-2026-08-12-Opinium-Observer-Web-Data-tables-1707.xlsx,V105 (7)
"2,050 UK adults",12 - 14 August 2026,,,,2007,,region,Mids,"Q:V105. To what extent do you agree or disagree that the Conservative Party...
 …can be trusted to take big decisions",UNMATCHED,,Agree,Neither agree nor disagree,Disagree,,,,,,,,25.6,24.4,37.0,,,,,,,,Vi-2026-08-12-Opinium-Observer-Web-Data-tables-1707.xlsx,V105 (7)
"2,050 UK adults",12 - 14 August 2026,,,,2007,,region,London,"Q:V105. To what extent do you agree or disagree that the Conservative Party...
 …can be trusted to take big decisions",UNMATCHED,,Agree,Neither agree nor disagree,Disagree,,,,,,,,27.2,24.8,42.2,,,,,,,,Vi-2026-08-12-Opinium-Observer-Web-Data-tables-1707.xlsx,V105 (7)
"2,050 UK adults",12 - 14 August 2026,,,,2007,,region,South,"Q:V105. To what extent do you agree or disagree that the Conservative Party...
 …can be trusted to take big decisions",UNMATCHED,,Agree,Neither agree nor disagree,Disagree,,,,,,,,31.5,21.7,39.2,,,,,,,,Vi-2026-08-12-Opinium-Observer-Web-Data-tables-1707.xlsx,V105 (7)
"2,050 UK adults",12 - 14 August 2026,,,,2007,,region,Wales,"Q:V105. To what extent do you agree or disagree that the Conservative Party...
 …can be trusted to take big decisions",UNMATCHED,,Agree,Neither agree nor disagree,Disagree,,,,,,,,22.7,19.7,46.4,,,,,,,,Vi-2026-08-12-Opinium-Observer-Web-Data-tables-1707.xlsx,V105 (7)
"2,050 UK adults",12 - 14 August 2026,,,,2007,,region,Scotland,"Q:V105. To what extent do you agree or disagree that the Conservative Party...
 …can be trusted to take big decisions",UNMATCHED,,Agree,Neither agree nor disagree,Disagree,,,,,,,,15.2,20.9,50.9,,,,,,,,Vi-2026-08-12-Opinium-Observer-Web-Data-tables-1707.xlsx,V105 (7)
"2,050 UK adults",12 - 14 August 2026,,,,2007,,region,Northern Ireland,"Q:V105. To what extent do you agree or disagree that the Conservative Party...
 …can be trusted to take big decisions",UNMATCHED,,Neither agree nor disagree,,,,,,,,,,,,,,,,,,,,Vi-2026-08-12-Opinium-Observer-Web-Data-tables-1707.xlsx,V105 (7)
"2,050 UK adults",12 - 14 August 2026,,,,2007,,total,Total,"Q:V105. To what extent do you agree or disagree that the Conservative Party...
 …is competent",UNMATCHED,,Agree,Neither agree nor disagree,Disagree,,,,,,,,27.1,24.7,39.6,,,,,,,,Vi-2026-08-12-Opinium-Observer-Web-Data-tables-1707.xlsx,V105 (8)
"2,050 UK adults",12 - 14 August 2026,,,,2007,,current_vote,Con,"Q:V105. To what extent do you agree or disagree that the Conservative Party...
 …is competent",UNMATCHED,,Agree,Neither agree nor disagree,Disagree,,,,,,,,75.2,18.4,3.7,,,,,,,,Vi-2026-08-12-Opinium-Observer-Web-Data-tables-1707.xlsx,V105 (8)
"2,050 UK adults",12 - 14 August 2026,,,,2007,,current_vote,Lab,"Q:V105. To what extent do you agree or disagree that the Conservative Party...
 …is competent",UNMATCHED,,Agree,Neither agree nor disagree,Disagree,,,,,,,,18.5,23.0,52.1,,,,,,,,Vi-2026-08-12-Opinium-Observer-Web-Data-tables-1707.xlsx,V105 (8)
"2,050 UK adults",12 - 14 August 2026,,,,2007,,current_vote,Lib Dem,"Q:V105. To what extent do you agree or disagree that the Conservative Party...
 …is competent",UNMATCHED,,Agree,Neither agree nor disagree,Disagree,,,,,,,,22.3,25.0,44.0,,,,,,,,Vi-2026-08-12-Opinium-Observer-Web-Data-tables-1707.xlsx,V105 (8)
"2,050 UK adults",12 - 14 August 2026,,,,2007,,current_vote,Reform,"Q:V105. To what extent do you agree or disagree that the Conservative Party...
 …is competent",UNMATCHED,,Agree,Neither agree nor disagree,Disagree,,,,,,,,30.0,31.1,36.7,,,,,,,,Vi-2026-08-12-Opinium-Observer-Web-Data-tables-1707.xlsx,V105 (8)
"2,050 UK adults",12 - 14 August 2026,,,,2007,,current_vote,Green,"Q:V105. To what extent do you agree or disagree that the Conservative Party...
 …is competent",UNMATCHED,,Agree,Neither agree nor disagree,Disagree,,,,,,,,17.9,15.3,62.5,,,,,,,,Vi-2026-08-12-Opinium-Observer-Web-Data-tables-1707.xlsx,V105 (8)
"2,050 UK adults",12 - 14 August 2026,,,,2007,,historic_vote,Conservative,"Q:V105. To what extent do you agree or disagree that the Conservative Party...
 …is competent",UNMATCHED,,Agree,Neither agree nor disagree,Disagree,,,,,,,,67.0,22.4,8.3,,,,,,,,Vi-2026-08-12-Opinium-Observer-Web-Data-tables-1707.xlsx,V105 (8)
"2,050 UK adults",12 - 14 August 2026,,,,2007,,historic_vote,Labour,"Q:V105. To what extent do you agree or disagree that the Conservative Party...
 …is competent",UNMATCHED,,Agree,Neither agree nor disagree,Disagree,,,,,,,,16.0,21.3,57.3,,,,,,,,Vi-2026-08-12-Opinium-Observer-Web-Data-tables-1707.xlsx,V105 (8)
"2,050 UK adults",12 - 14 August 2026,,,,2007,,historic_vote,Lib Dems,"Q:V105. To what extent do you agree or disagree that the Conservative Party...
 …is competent",UNMATCHED,,Agree,Neither agree nor disagree,Disagree,,,,,,,,23.4,26.6,40.0,,,,,,,,Vi-2026-08-12-Opinium-Observer-Web-Data-tables-1707.xlsx,V105 (8)
"2,050 UK adults",12 - 14 August 2026,,,,2007,,historic_vote,Green,"Q:V105. To what extent do you agree or disagree that the Conservative Party...
 …is competent",UNMATCHED,,Agree,Neither agree nor disagree,Disagree,,,,,,,,24.0,16.7,56.2,,,,,,,,Vi-2026-08-12-Opinium-Observer-Web-Data-tables-1707.xlsx,V105 (8)
"2,050 UK adults",12 - 14 August 2026,,,,2007,,historic_vote,Reform UK,"Q:V105. To what extent do you agree or disagree that the Conservative Party...
 …is competent",UNMATCHED,,Agree,Neither agree nor disagree,Disagree,,,,,,,,29.8,25.5,39.5,,,,,,,,Vi-2026-08-12-Opinium-Observer-Web-Data-tables-1707.xlsx,V105 (8)
"2,050 UK adults",12 - 14 August 2026,,,,2007,,historic_vote,Con,"Q:V105. To what extent do you agree or disagree that the Conservative Party...
 …is competent",UNMATCHED,,Agree,Neither agree nor disagree,Disagree,,,,,,,,49.8,26.7,18.7,,,,,,,,Vi-2026-08-12-Opinium-Observer-Web-Data-tables-1707.xlsx,V105 (8)
"2,050 UK adults",12 - 14 August 2026,,,,2007,,historic_vote,Lab,"Q:V105. To what extent do you agree or disagree that the Conservative Party...
 …is competent",UNMATCHED,,Agree,Neither agree nor disagree,Disagree,,,,,,,,14.3,20.3,61.6,,,,,,,,Vi-2026-08-12-Opinium-Observer-Web-Data-tables-1707.xlsx,V105 (8)
"2,050 UK adults",12 - 14 August 2026,,,,2007,,historic_vote,Lib Dem,"Q:V105. To what extent do you agree or disagree that the Conservative Party...
 …is competent",UNMATCHED,,Agree,Neither agree nor disagree,Disagree,,,,,,,,22.1,17.2,52.9,,,,,,,,Vi-2026-08-12-Opinium-Observer-Web-Data-tables-1707.xlsx,V105 (8)
"2,050 UK adults",12 - 14 August 2026,,,,2007,,historic_vote,Remain,"Q:V105. To what extent do you agree or disagree that the Conservative Party...
 …is competent",UNMATCHED,,Agree,Neither agree nor disagree,Disagree,,,,,,,,26.3,18.7,48.9,,,,,,,,Vi-2026-08-12-Opinium-Observer-Web-Data-tables-1707.xlsx,V105 (8)
"2,050 UK adults",12 - 14 August 2026,,,,2007,,historic_vote,Leave,"Q:V105. To what extent do you agree or disagree that the Conservative Party...
 …is competent",UNMATCHED,,Agree,Neither agree nor disagree,Disagree,,,,,,,,31.9,29.8,33.7,,,,,,,,Vi-2026-08-12-Opinium-Observer-Web-Data-tables-1707.xlsx,V105 (8)
"2,050 UK adults",12 - 14 August 2026,,,,2007,,gender,Male,"Q:V105. To what extent do you agree or disagree that the Conservative Party...
 …is competent",UNMATCHED,,Agree,Neither agree nor disagree,Disagree,,,,,,,,30.0,24.2,39.7,,,,,,,,Vi-2026-08-12-Opinium-Observer-Web-Data-tables-1707.xlsx,V105 (8)
"2,050 UK adults",12 - 14 August 2026,,,,2007,,gender,Female,"Q:V105. To what extent do you agree or disagree that the Conservative Party...
 …is competent",UNMATCHED,,Agree,Neither agree nor disagree,Disagree,,,,,,,,24.6,25.4,39.1,,,,,,,,Vi-2026-08-12-Opinium-Observer-Web-Data-tables-1707.xlsx,V105 (8)
"2,050 UK adults",12 - 14 August 2026,,,,2007,,age,18-34,"Q:V105. To what extent do you agree or disagree that the Conservative Party...
 …is competent",UNMATCHED,,Agree,Neither agree nor disagree,Disagree,,,,,,,,29.9,22.4,38.3,,,,,,,,Vi-2026-08-12-Opinium-Observer-Web-Data-tables-1707.xlsx,V105 (8)
"2,050 UK adults",12 - 14 August 2026,,,,2007,,age,35-49,"Q:V105. To what extent do you agree or disagree that the Conservative Party...
 …is competent",UNMATCHED,,Agree,Neither agree nor disagree,Disagree,,,,,,,,21.6,25.7,44.1,,,,,,,,Vi-2026-08-12-Opinium-Observer-Web-Data-tables-1707.xlsx,V105 (8)
"2,050 UK adults",12 - 14 August 2026,,,,2007,,age,50-64,"Q:V105. To what extent do you agree or disagree that the Conservative Party...
 …is competent",UNMATCHED,,Agree,Neither agree nor disagree,Disagree,,,,,,,,22.6,24.6,45.5,,,,,,,,Vi-2026-08-12-Opinium-Observer-Web-Data-tables-1707.xlsx,V105 (8)
"2,050 UK adults",12 - 14 August 2026,,,,2007,,age,65+,"Q:V105. To what extent do you agree or disagree that the Conservative Party...
 …is competent",UNMATCHED,,Agree,Neither agree nor disagree,Disagree,,,,,,,,34.0,26.6,30.2,,,,,,,,Vi-2026-08-12-Opinium-Observer-Web-Data-tables-1707.xlsx,V105 (8)
"2,050 UK adults",12 - 14 August 2026,,,,2007,,region,North,"Q:V105. To what extent do you agree or disagree that the Conservative Party...
 …is competent",UNMATCHED,,Agree,Neither agree nor disagree,Disagree,,,,,,,,24.7,25.0,43.5,,,,,,,,Vi-2026-08-12-Opinium-Observer-Web-Data-tables-1707.xlsx,V105 (8)
"2,050 UK adults",12 - 14 August 2026,,,,2007,,region,Mids,"Q:V105. To what extent do you agree or disagree that the Conservative Party...
 …is competent",UNMATCHED,,Agree,Neither agree nor disagree,Disagree,,,,,,,,28.3,27.7,33.1,,,,,,,,Vi-2026-08-12-Opinium-Observer-Web-Data-tables-1707.xlsx,V105 (8)
"2,050 UK adults",12 - 14 August 2026,,,,2007,,region,London,"Q:V105. To what extent do you agree or disagree that the Conservative Party...
 …is competent",UNMATCHED,,Agree,Neither agree nor disagree,Disagree,,,,,,,,26.9,22.7,45.9,,,,,,,,Vi-2026-08-12-Opinium-Observer-Web-Data-tables-1707.xlsx,V105 (8)
"2,050 UK adults",12 - 14 August 2026,,,,2007,,region,South,"Q:V105. To what extent do you agree or disagree that the Conservative Party...
 …is competent",UNMATCHED,,Agree,Neither agree nor disagree,Disagree,,,,,,,,31.6,24.6,35.3,,,,,,,,Vi-2026-08-12-Opinium-Observer-Web-Data-tables-1707.xlsx,V105 (8)
"2,050 UK adults",12 - 14 August 2026,,,,2007,,region,Wales,"Q:V105. To what extent do you agree or disagree that the Conservative Party...
 …is competent",UNMATCHED,,Agree,Neither agree nor disagree,Disagree,,,,,,,,25.8,18.2,43.3,,,,,,,,Vi-2026-08-12-Opinium-Observer-Web-Data-tables-1707.xlsx,V105 (8)
"2,050 UK adults",12 - 14 August 2026,,,,2007,,region,Scotland,"Q:V105. To what extent do you agree or disagree that the Conservative Party...
 …is competent",UNMATCHED,,Agree,Neither agree nor disagree,Disagree,,,,,,,,15.2,25.5,46.2,,,,,,,,Vi-2026-08-12-Opinium-Observer-Web-Data-tables-1707.xlsx,V105 (8)
"2,050 UK adults",12 - 14 August 2026,,,,2007,,region,Northern Ireland,"Q:V105. To what extent do you agree or disagree that the Conservative Party...
 …is competent",UNMATCHED,,Neither agree nor disagree,,,,,,,,,,,,,,,,,,,,Vi-2026-08-12-Opinium-Observer-Web-Data-tables-1707.xlsx,V105 (8)
"2,050 UK adults",12 - 14 August 2026,,,,2007,,total,Total,"Q:V105. To what extent do you agree or disagree that the Conservative Party...
 …is united",UNMATCHED,,Agree,Neither agree nor disagree,Disagree,,,,,,,,26.4,25.9,38.2,,,,,,,,Vi-2026-08-12-Opinium-Observer-Web-Data-tables-1707.xlsx,V105 (9)
"2,050 UK adults",12 - 14 August 2026,,,,2007,,current_vote,Con,"Q:V105. To what extent do you agree or disagree that the Conservative Party...
 …is united",UNMATCHED,,Agree,Neither agree nor disagree,Disagree,,,,,,,,67.8,21.1,6.7,,,,,,,,Vi-2026-08-12-Opinium-Observer-Web-Data-tables-1707.xlsx,V105 (9)
"2,050 UK adults",12 - 14 August 2026,,,,2007,,current_vote,Lab,"Q:V105. To what extent do you agree or disagree that the Conservative Party...
 …is united",UNMATCHED,,Agree,Neither agree nor disagree,Disagree,,,,,,,,19.2,24.5,48.8,,,,,,,,Vi-2026-08-12-Opinium-Observer-Web-Data-tables-1707.xlsx,V105 (9)
"2,050 UK adults",12 - 14 August 2026,,,,2007,,current_vote,Lib Dem,"Q:V105. To what extent do you agree or disagree that the Conservative Party...
 …is united",UNMATCHED,,Agree,Neither agree nor disagree,Disagree,,,,,,,,22.9,26.4,44.6,,,,,,,,Vi-2026-08-12-Opinium-Observer-Web-Data-tables-1707.xlsx,V105 (9)
"2,050 UK adults",12 - 14 August 2026,,,,2007,,current_vote,Reform,"Q:V105. To what extent do you agree or disagree that the Conservative Party...
 …is united",UNMATCHED,,Agree,Neither agree nor disagree,Disagree,,,,,,,,30.5,28.4,38.2,,,,,,,,Vi-2026-08-12-Opinium-Observer-Web-Data-tables-1707.xlsx,V105 (9)
"2,050 UK adults",12 - 14 August 2026,,,,2007,,current_vote,Green,"Q:V105. To what extent do you agree or disagree that the Conservative Party...
 …is united",UNMATCHED,,Agree,Neither agree nor disagree,Disagree,,,,,,,,14.3,20.3,58.3,,,,,,,,Vi-2026-08-12-Opinium-Observer-Web-Data-tables-1707.xlsx,V105 (9)
"2,050 UK adults",12 - 14 August 2026,,,,2007,,historic_vote,Conservative,"Q:V105. To what extent do you agree or disagree that the Conservative Party...
 …is united",UNMATCHED,,Agree,Neither agree nor disagree,Disagree,,,,,,,,59.3,23.5,13.9,,,,,,,,Vi-2026-08-12-Opinium-Observer-Web-Data-tables-1707.xlsx,V105 (9)
"2,050 UK adults",12 - 14 August 2026,,,,2007,,historic_vote,Labour,"Q:V105. To what extent do you agree or disagree that the Conservative Party...
 …is united",UNMATCHED,,Agree,Neither agree nor disagree,Disagree,,,,,,,,17.2,23.2,53.1,,,,,,,,Vi-2026-08-12-Opinium-Observer-Web-Data-tables-1707.xlsx,V105 (9)
"2,050 UK adults",12 - 14 August 2026,,,,2007,,historic_vote,Lib Dems,"Q:V105. To what extent do you agree or disagree that the Conservative Party...
 …is united",UNMATCHED,,Agree,Neither agree nor disagree,Disagree,,,,,,,,27.4,26.6,38.9,,,,,,,,Vi-2026-08-12-Opinium-Observer-Web-Data-tables-1707.xlsx,V105 (9)
"2,050 UK adults",12 - 14 August 2026,,,,2007,,historic_vote,Green,"Q:V105. To what extent do you agree or disagree that the Conservative Party...
 …is united",UNMATCHED,,Agree,Neither agree nor disagree,Disagree,,,,,,,,24.0,19.7,50.0,,,,,,,,Vi-2026-08-12-Opinium-Observer-Web-Data-tables-1707.xlsx,V105 (9)
"2,050 UK adults",12 - 14 August 2026,,,,2007,,historic_vote,Reform UK,"Q:V105. To what extent do you agree or disagree that the Conservative Party...
 …is united",UNMATCHED,,Agree,Neither agree nor disagree,Disagree,,,,,,,,28.3,24.4,41.5,,,,,,,,Vi-2026-08-12-Opinium-Observer-Web-Data-tables-1707.xlsx,V105 (9)
"2,050 UK adults",12 - 14 August 2026,,,,2007,,historic_vote,Con,"Q:V105. To what extent do you agree or disagree that the Conservative Party...
 …is united",UNMATCHED,,Agree,Neither agree nor disagree,Disagree,,,,,,,,46.4,24.6,23.0,,,,,,,,Vi-2026-08-12-Opinium-Observer-Web-Data-tables-1707.xlsx,V105 (9)
"2,050 UK adults",12 - 14 August 2026,,,,2007,,historic_vote,Lab,"Q:V105. To what extent do you agree or disagree that the Conservative Party...
 …is united",UNMATCHED,,Agree,Neither agree nor disagree,Disagree,,,,,,,,16.4,23.2,55.7,,,,,,,,Vi-2026-08-12-Opinium-Observer-Web-Data-tables-1707.xlsx,V105 (9)
"2,050 UK adults",12 - 14 August 2026,,,,2007,,historic_vote,Lib Dem,"Q:V105. To what extent do you agree or disagree that the Conservative Party...
 …is united",UNMATCHED,,Agree,Neither agree nor disagree,Disagree,,,,,,,,23.5,23.1,44.9,,,,,,,,Vi-2026-08-12-Opinium-Observer-Web-Data-tables-1707.xlsx,V105 (9)
"2,050 UK adults",12 - 14 August 2026,,,,2007,,historic_vote,Remain,"Q:V105. To what extent do you agree or disagree that the Conservative Party...
 …is united",UNMATCHED,,Agree,Neither agree nor disagree,Disagree,,,,,,,,24.4,22.4,46.0,,,,,,,,Vi-2026-08-12-Opinium-Observer-Web-Data-tables-1707.xlsx,V105 (9)
"2,050 UK adults",12 - 14 August 2026,,,,2007,,historic_vote,Leave,"Q:V105. To what extent do you agree or disagree that the Conservative Party...
 …is united",UNMATCHED,,Agree,Neither agree nor disagree,Disagree,,,,,,,,32.7,27.4,34.1,,,,,,,,Vi-2026-08-12-Opinium-Observer-Web-Data-tables-1707.xlsx,V105 (9)
"2,050 UK adults",12 - 14 August 2026,,,,2007,,gender,Male,"Q:V105. To what extent do you agree or disagree that the Conservative Party...
 …is united",UNMATCHED,,Agree,Neither agree nor disagree,Disagree,,,,,,,,28.8,25.3,39.5,,,,,,,,Vi-2026-08-12-Opinium-Observer-Web-Data-tables-1707.xlsx,V105 (9)
"2,050 UK adults",12 - 14 August 2026,,,,2007,,gender,Female,"Q:V105. To what extent do you agree or disagree that the Conservative Party...
 …is united",UNMATCHED,,Agree,Neither agree nor disagree,Disagree,,,,,,,,24.4,26.5,36.6,,,,,,,,Vi-2026-08-12-Opinium-Observer-Web-Data-tables-1707.xlsx,V105 (9)
"2,050 UK adults",12 - 14 August 2026,,,,2007,,age,18-34,"Q:V105. To what extent do you agree or disagree that the Conservative Party...
 …is united",UNMATCHED,,Agree,Neither agree nor disagree,Disagree,,,,,,,,29.6,24.3,36.5,,,,,,,,Vi-2026-08-12-Opinium-Observer-Web-Data-tables-1707.xlsx,V105 (9)
"2,050 UK adults",12 - 14 August 2026,,,,2007,,age,35-49,"Q:V105. To what extent do you agree or disagree that the Conservative Party...
 …is united",UNMATCHED,,Agree,Neither agree nor disagree,Disagree,,,,,,,,23.0,26.9,40.5,,,,,,,,Vi-2026-08-12-Opinium-Observer-Web-Data-tables-1707.xlsx,V105 (9)
"2,050 UK adults",12 - 14 August 2026,,,,2007,,age,50-64,"Q:V105. To what extent do you agree or disagree that the Conservative Party...
 …is united",UNMATCHED,,Agree,Neither agree nor disagree,Disagree,,,,,,,,20.8,26.3,43.6,,,,,,,,Vi-2026-08-12-Opinium-Observer-Web-Data-tables-1707.xlsx,V105 (9)
"2,050 UK adults",12 - 14 August 2026,,,,2007,,age,65+,"Q:V105. To what extent do you agree or disagree that the Conservative Party...
 …is united",UNMATCHED,,Agree,Neither agree nor disagree,Disagree,,,,,,,,31.9,26.3,32.1,,,,,,,,Vi-2026-08-12-Opinium-Observer-Web-Data-tables-1707.xlsx,V105 (9)
"2,050 UK adults",12 - 14 August 2026,,,,2007,,region,North,"Q:V105. To what extent do you agree or disagree that the Conservative Party...
 …is united",UNMATCHED,,Agree,Neither agree nor disagree,Disagree,,,,,,,,23.9,28.2,40.8,,,,,,,,Vi-2026-08-12-Opinium-Observer-Web-Data-tables-1707.xlsx,V105 (9)
"2,050 UK adults",12 - 14 August 2026,,,,2007,,region,Mids,"Q:V105. To what extent do you agree or disagree that the Conservative Party...
 …is united",UNMATCHED,,Agree,Neither agree nor disagree,Disagree,,,,,,,,29.2,23.8,35.5,,,,,,,,Vi-2026-08-12-Opinium-Observer-Web-Data-tables-1707.xlsx,V105 (9)
"2,050 UK adults",12 - 14 August 2026,,,,2007,,region,London,"Q:V105. To what extent do you agree or disagree that the Conservative Party...
 …is united",UNMATCHED,,Agree,Neither agree nor disagree,Disagree,,,,,,,,24.6,28.5,39.9,,,,,,,,Vi-2026-08-12-Opinium-Observer-Web-Data-tables-1707.xlsx,V105 (9)
"2,050 UK adults",12 - 14 August 2026,,,,2007,,region,South,"Q:V105. To what extent do you agree or disagree that the Conservative Party...
 …is united",UNMATCHED,,Agree,Neither agree nor disagree,Disagree,,,,,,,,29.6,25.7,35.9,,,,,,,,Vi-2026-08-12-Opinium-Observer-Web-Data-tables-1707.xlsx,V105 (9)
"2,050 UK adults",12 - 14 August 2026,,,,2007,,region,Wales,"Q:V105. To what extent do you agree or disagree that the Conservative Party...
 …is united",UNMATCHED,,Agree,Neither agree nor disagree,Disagree,,,,,,,,21.6,20.1,44.3,,,,,,,,Vi-2026-08-12-Opinium-Observer-Web-Data-tables-1707.xlsx,V105 (9)
"2,050 UK adults",12 - 14 August 2026,,,,2007,,region,Scotland,"Q:V105. To what extent do you agree or disagree that the Conservative Party...
 …is united",UNMATCHED,,Agree,Neither agree nor disagree,Disagree,,,,,,,,21.1,23.4,39.2,,,,,,,,Vi-2026-08-12-Opinium-Observer-Web-Data-tables-1707.xlsx,V105 (9)
"2,050 UK adults",12 - 14 August 2026,,,,2007,,region,Northern Ireland,"Q:V105. To what extent do you agree or disagree that the Conservative Party...
 …is united",UNMATCHED,,Neither agree nor disagree,,,,,,,,,,,,,,,,,,,,Vi-2026-08-12-Opinium-Observer-Web-Data-tables-1707.xlsx,V105 (9)
"2,050 UK adults",12 - 14 August 2026,,,,2007,,total,Total,"Q:V105. To what extent do you agree or disagree that the Conservative Party...
 …is tolerant",UNMATCHED,,Agree,Neither agree nor disagree,Disagree,,,,,,,,24.9,25.8,40.1,,,,,,,,Vi-2026-08-12-Opinium-Observer-Web-Data-tables-1707.xlsx,V105 (10)
"2,050 UK adults",12 - 14 August 2026,,,,2007,,current_vote,Con,"Q:V105. To what extent do you agree or disagree that the Conservative Party...
 …is tolerant",UNMATCHED,,Agree,Neither agree nor disagree,Disagree,,,,,,,,69.3,23.6,3.3,,,,,,,,Vi-2026-08-12-Opinium-Observer-Web-Data-tables-1707.xlsx,V105 (10)
"2,050 UK adults",12 - 14 August 2026,,,,2007,,current_vote,Lab,"Q:V105. To what extent do you agree or disagree that the Conservative Party...
 …is tolerant",UNMATCHED,,Agree,Neither agree nor disagree,Disagree,,,,,,,,14.9,19.2,59.0,,,,,,,,Vi-2026-08-12-Opinium-Observer-Web-Data-tables-1707.xlsx,V105 (10)
"2,050 UK adults",12 - 14 August 2026,,,,2007,,current_vote,Lib Dem,"Q:V105. To what extent do you agree or disagree that the Conservative Party...
 …is tolerant",UNMATCHED,,Agree,Neither agree nor disagree,Disagree,,,,,,,,18.5,25.8,48.4,,,,,,,,Vi-2026-08-12-Opinium-Observer-Web-Data-tables-1707.xlsx,V105 (10)
"2,050 UK adults",12 - 14 August 2026,,,,2007,,current_vote,Reform,"Q:V105. To what extent do you agree or disagree that the Conservative Party...
 …is tolerant",UNMATCHED,,Agree,Neither agree nor disagree,Disagree,,,,,,,,30.5,34.6,31.5,,,,,,,,Vi-2026-08-12-Opinium-Observer-Web-Data-tables-1707.xlsx,V105 (10)
"2,050 UK adults",12 - 14 August 2026,,,,2007,,current_vote,Green,"Q:V105. To what extent do you agree or disagree that the Conservative Party...
 …is tolerant",UNMATCHED,,Agree,Neither agree nor disagree,Disagree,,,,,,,,12.5,14.8,68.5,,,,,,,,Vi-2026-08-12-Opinium-Observer-Web-Data-tables-1707.xlsx,V105 (10)
"2,050 UK adults",12 - 14 August 2026,,,,2007,,historic_vote,Conservative,"Q:V105. To what extent do you agree or disagree that the Conservative Party...
 …is tolerant",UNMATCHED,,Agree,Neither agree nor disagree,Disagree,,,,,,,,60.5,28.4,6.8,,,,,,,,Vi-2026-08-12-Opinium-Observer-Web-Data-tables-1707.xlsx,V105 (10)
"2,050 UK adults",12 - 14 August 2026,,,,2007,,historic_vote,Labour,"Q:V105. To what extent do you agree or disagree that the Conservative Party...
 …is tolerant",UNMATCHED,,Agree,Neither agree nor disagree,Disagree,,,,,,,,13.3,21.8,59.3,,,,,,,,Vi-2026-08-12-Opinium-Observer-Web-Data-tables-1707.xlsx,V105 (10)
"2,050 UK adults",12 - 14 August 2026,,,,2007,,historic_vote,Lib Dems,"Q:V105. To what extent do you agree or disagree that the Conservative Party...
 …is tolerant",UNMATCHED,,Agree,Neither agree nor disagree,Disagree,,,,,,,,16.0,25.6,49.1,,,,,,,,Vi-2026-08-12-Opinium-Observer-Web-Data-tables-1707.xlsx,V105 (10)
"2,050 UK adults",12 - 14 August 2026,,,,2007,,historic_vote,Green,"Q:V105. To what extent do you agree or disagree that the Conservative Party...
 …is tolerant",UNMATCHED,,Agree,Neither agree nor disagree,Disagree,,,,,,,,14.6,15.9,64.6,,,,,,,,Vi-2026-08-12-Opinium-Observer-Web-Data-tables-1707.xlsx,V105 (10)
"2,050 UK adults",12 - 14 August 2026,,,,2007,,historic_vote,Reform UK,"Q:V105. To what extent do you agree or disagree that the Conservative Party...
 …is tolerant",UNMATCHED,,Agree,Neither agree nor disagree,Disagree,,,,,,,,30.7,28.3,35.1,,,,,,,,Vi-2026-08-12-Opinium-Observer-Web-Data-tables-1707.xlsx,V105 (10)
"2,050 UK adults",12 - 14 August 2026,,,,2007,,historic_vote,Con,"Q:V105. To what extent do you agree or disagree that the Conservative Party...
 …is tolerant",UNMATCHED,,Agree,Neither agree nor disagree,Disagree,,,,,,,,46.9,31.5,15.7,,,,,,,,Vi-2026-08-12-Opinium-Observer-Web-Data-tables-1707.xlsx,V105 (10)
"2,050 UK adults",12 - 14 August 2026,,,,2007,,historic_vote,Lab,"Q:V105. To what extent do you agree or disagree that the Conservative Party...
 …is tolerant",UNMATCHED,,Agree,Neither agree nor disagree,Disagree,,,,,,,,12.4,17.2,66.0,,,,,,,,Vi-2026-08-12-Opinium-Observer-Web-Data-tables-1707.xlsx,V105 (10)
"2,050 UK adults",12 - 14 August 2026,,,,2007,,historic_vote,Lib Dem,"Q:V105. To what extent do you agree or disagree that the Conservative Party...
 …is tolerant",UNMATCHED,,Agree,Neither agree nor disagree,Disagree,,,,,,,,19.1,20.8,52.9,,,,,,,,Vi-2026-08-12-Opinium-Observer-Web-Data-tables-1707.xlsx,V105 (10)
"2,050 UK adults",12 - 14 August 2026,,,,2007,,historic_vote,Remain,"Q:V105. To what extent do you agree or disagree that the Conservative Party...
 …is tolerant",UNMATCHED,,Agree,Neither agree nor disagree,Disagree,,,,,,,,21.5,20.3,52.0,,,,,,,,Vi-2026-08-12-Opinium-Observer-Web-Data-tables-1707.xlsx,V105 (10)
"2,050 UK adults",12 - 14 August 2026,,,,2007,,historic_vote,Leave,"Q:V105. To what extent do you agree or disagree that the Conservative Party...
 …is tolerant",UNMATCHED,,Agree,Neither agree nor disagree,Disagree,,,,,,,,31.3,31.6,30.7,,,,,,,,Vi-2026-08-12-Opinium-Observer-Web-Data-tables-1707.xlsx,V105 (10)
"2,050 UK adults",12 - 14 August 2026,,,,2007,,gender,Male,"Q:V105. To what extent do you agree or disagree that the Conservative Party...
 …is tolerant",UNMATCHED,,Agree,Neither agree nor disagree,Disagree,,,,,,,,28.7,25.8,38.3,,,,,,,,Vi-2026-08-12-Opinium-Observer-Web-Data-tables-1707.xlsx,V105 (10)
"2,050 UK adults",12 - 14 August 2026,,,,2007,,gender,Female,"Q:V105. To what extent do you agree or disagree that the Conservative Party...
 …is tolerant",UNMATCHED,,Agree,Neither agree nor disagree,Disagree,,,,,,,,21.5,26.0,41.5,,,,,,,,Vi-2026-08-12-Opinium-Observer-Web-Data-tables-1707.xlsx,V105 (10)
"2,050 UK adults",12 - 14 August 2026,,,,2007,,age,18-34,"Q:V105. To what extent do you agree or disagree that the Conservative Party...
 …is tolerant",UNMATCHED,,Agree,Neither agree nor disagree,Disagree,,,,,,,,25.6,24.1,39.8,,,,,,,,Vi-2026-08-12-Opinium-Observer-Web-Data-tables-1707.xlsx,V105 (10)
"2,050 UK adults",12 - 14 August 2026,,,,2007,,age,35-49,"Q:V105. To what extent do you agree or disagree that the Conservative Party...
 …is tolerant",UNMATCHED,,Agree,Neither agree nor disagree,Disagree,,,,,,,,23.2,24.7,43.9,,,,,,,,Vi-2026-08-12-Opinium-Observer-Web-Data-tables-1707.xlsx,V105 (10)
"2,050 UK adults",12 - 14 August 2026,,,,2007,,age,50-64,"Q:V105. To what extent do you agree or disagree that the Conservative Party...
 …is tolerant",UNMATCHED,,Agree,Neither agree nor disagree,Disagree,,,,,,,,20.2,23.7,47.5,,,,,,,,Vi-2026-08-12-Opinium-Observer-Web-Data-tables-1707.xlsx,V105 (10)
"2,050 UK adults",12 - 14 August 2026,,,,2007,,age,65+,"Q:V105. To what extent do you agree or disagree that the Conservative Party...
 …is tolerant",UNMATCHED,,Agree,Neither agree nor disagree,Disagree,,,,,,,,30.6,31.3,28.7,,,,,,,,Vi-2026-08-12-Opinium-Observer-Web-Data-tables-1707.xlsx,V105 (10)
"2,050 UK adults",12 - 14 August 2026,,,,2007,,region,North,"Q:V105. To what extent do you agree or disagree that the Conservative Party...
 …is tolerant",UNMATCHED,,Agree,Neither agree nor disagree,Disagree,,,,,,,,21.4,27.9,42.6,,,,,,,,Vi-2026-08-12-Opinium-Observer-Web-Data-tables-1707.xlsx,V105 (10)
"2,050 UK adults",12 - 14 August 2026,,,,2007,,region,Mids,"Q:V105. To what extent do you agree or disagree that the Conservative Party...
 …is tolerant",UNMATCHED,,Agree,Neither agree nor disagree,Disagree,,,,,,,,24.7,28.0,34.9,,,,,,,,Vi-2026-08-12-Opinium-Observer-Web-Data-tables-1707.xlsx,V105 (10)
"2,050 UK adults",12 - 14 August 2026,,,,2007,,region,London,"Q:V105. To what extent do you agree or disagree that the Conservative Party...
 …is tolerant",UNMATCHED,,Agree,Neither agree nor disagree,Disagree,,,,,,,,26.5,25.0,42.5,,,,,,,,Vi-2026-08-12-Opinium-Observer-Web-Data-tables-1707.xlsx,V105 (10)
"2,050 UK adults",12 - 14 August 2026,,,,2007,,region,South,"Q:V105. To what extent do you agree or disagree that the Conservative Party...
 …is tolerant",UNMATCHED,,Agree,Neither agree nor disagree,Disagree,,,,,,,,29.9,24.0,38.0,,,,,,,,Vi-2026-08-12-Opinium-Observer-Web-Data-tables-1707.xlsx,V105 (10)
"2,050 UK adults",12 - 14 August 2026,,,,2007,,region,Wales,"Q:V105. To what extent do you agree or disagree that the Conservative Party...
 …is tolerant",UNMATCHED,,Agree,Neither agree nor disagree,Disagree,,,,,,,,17.5,34.3,37.1,,,,,,,,Vi-2026-08-12-Opinium-Observer-Web-Data-tables-1707.xlsx,V105 (10)
"2,050 UK adults",12 - 14 August 2026,,,,2007,,region,Scotland,"Q:V105. To what extent do you agree or disagree that the Conservative Party...
 …is tolerant",UNMATCHED,,Agree,Neither agree nor disagree,Disagree,,,,,,,,17.5,19.8,49.1,,,,,,,,Vi-2026-08-12-Opinium-Observer-Web-Data-tables-1707.xlsx,V105 (10)
"2,050 UK adults",12 - 14 August 2026,,,,2007,,region,Northern Ireland,"Q:V105. To what extent do you agree or disagree that the Conservative Party...
 …is tolerant",UNMATCHED,,Neither agree nor disagree,,,,,,,,,,,,,,,,,,,,Vi-2026-08-12-Opinium-Observer-Web-Data-tables-1707.xlsx,V105 (10)
"2,050 UK adults",12 - 14 August 2026,,,,2007,,total,Total,"Q:V105. To what extent do you agree or disagree that the Conservative Party...
 …is ready for government",UNMATCHED,,Agree,Neither agree nor disagree,Disagree,,,,,,,,23.3,19.9,47.7,,,,,,,,Vi-2026-08-12-Opinium-Observer-Web-Data-tables-1707.xlsx,V105 (11)
"2,050 UK adults",12 - 14 August 2026,,,,2007,,current_vote,Con,"Q:V105. To what extent do you agree or disagree that the Conservative Party...
 …is ready for government",UNMATCHED,,Agree,Neither agree nor disagree,Disagree,,,,,,,,70.0,20.3,5.6,,,,,,,,Vi-2026-08-12-Opinium-Observer-Web-Data-tables-1707.xlsx,V105 (11)
"2,050 UK adults",12 - 14 August 2026,,,,2007,,current_vote,Lab,"Q:V105. To what extent do you agree or disagree that the Conservative Party...
 …is ready for government",UNMATCHED,,Agree,Neither agree nor disagree,Disagree,,,,,,,,12.8,14.6,66.6,,,,,,,,Vi-2026-08-12-Opinium-Observer-Web-Data-tables-1707.xlsx,V105 (11)
"2,050 UK adults",12 - 14 August 2026,,,,2007,,current_vote,Lib Dem,"Q:V105. To what extent do you agree or disagree that the Conservative Party...
 …is ready for government",UNMATCHED,,Agree,Neither agree nor disagree,Disagree,,,,,,,,16.6,16.2,59.9,,,,,,,,Vi-2026-08-12-Opinium-Observer-Web-Data-tables-1707.xlsx,V105 (11)
"2,050 UK adults",12 - 14 August 2026,,,,2007,,current_vote,Reform,"Q:V105. To what extent do you agree or disagree that the Conservative Party...
 …is ready for government",UNMATCHED,,Agree,Neither agree nor disagree,Disagree,,,,,,,,27.1,25.5,43.7,,,,,,,,Vi-2026-08-12-Opinium-Observer-Web-Data-tables-1707.xlsx,V105 (11)
"2,050 UK adults",12 - 14 August 2026,,,,2007,,current_vote,Green,"Q:V105. To what extent do you agree or disagree that the Conservative Party...
 …is ready for government",UNMATCHED,,Agree,Neither agree nor disagree,Disagree,,,,,,,,10.7,15.9,67.9,,,,,,,,Vi-2026-08-12-Opinium-Observer-Web-Data-tables-1707.xlsx,V105 (11)
"2,050 UK adults",12 - 14 August 2026,,,,2007,,historic_vote,Conservative,"Q:V105. To what extent do you agree or disagree that the Conservative Party...
 …is ready for government",UNMATCHED,,Agree,Neither agree nor disagree,Disagree,,,,,,,,61.4,22.6,11.8,,,,,,,,Vi-2026-08-12-Opinium-Observer-Web-Data-tables-1707.xlsx,V105 (11)
"2,050 UK adults",12 - 14 August 2026,,,,2007,,historic_vote,Labour,"Q:V105. To what extent do you agree or disagree that the Conservative Party...
 …is ready for government",UNMATCHED,,Agree,Neither agree nor disagree,Disagree,,,,,,,,12.0,13.9,69.7,,,,,,,,Vi-2026-08-12-Opinium-Observer-Web-Data-tables-1707.xlsx,V105 (11)
"2,050 UK adults",12 - 14 August 2026,,,,2007,,historic_vote,Lib Dems,"Q:V105. To what extent do you agree or disagree that the Conservative Party...
 …is ready for government",UNMATCHED,,Agree,Neither agree nor disagree,Disagree,,,,,,,,17.7,19.3,53.7,,,,,,,,Vi-2026-08-12-Opinium-Observer-Web-Data-tables-1707.xlsx,V105 (11)
"2,050 UK adults",12 - 14 August 2026,,,,2007,,historic_vote,Green,"Q:V105. To what extent do you agree or disagree that the Conservative Party...
 …is ready for government",UNMATCHED,,Agree,Neither agree nor disagree,Disagree,,,,,,,,14.6,15.9,66.7,,,,,,,,Vi-2026-08-12-Opinium-Observer-Web-Data-tables-1707.xlsx,V105 (11)
"2,050 UK adults",12 - 14 August 2026,,,,2007,,historic_vote,Reform UK,"Q:V105. To what extent do you agree or disagree that the Conservative Party...
 …is ready for government",UNMATCHED,,Agree,Neither agree nor disagree,Disagree,,,,,,,,24.4,22.4,49.3,,,,,,,,Vi-2026-08-12-Opinium-Observer-Web-Data-tables-1707.xlsx,V105 (11)
"2,050 UK adults",12 - 14 August 2026,,,,2007,,historic_vote,Con,"Q:V105. To what extent do you agree or disagree that the Conservative Party...
 …is ready for government",UNMATCHED,,Agree,Neither agree nor disagree,Disagree,,,,,,,,43.2,23.6,27.5,,,,,,,,Vi-2026-08-12-Opinium-Observer-Web-Data-tables-1707.xlsx,V105 (11)
"2,050 UK adults",12 - 14 August 2026,,,,2007,,historic_vote,Lab,"Q:V105. To what extent do you agree or disagree that the Conservative Party...
 …is ready for government",UNMATCHED,,Agree,Neither agree nor disagree,Disagree,,,,,,,,11.2,11.8,72.6,,,,,,,,Vi-2026-08-12-Opinium-Observer-Web-Data-tables-1707.xlsx,V105 (11)
"2,050 UK adults",12 - 14 August 2026,,,,2007,,historic_vote,Lib Dem,"Q:V105. To what extent do you agree or disagree that the Conservative Party...
 …is ready for government",UNMATCHED,,Agree,Neither agree nor disagree,Disagree,,,,,,,,16.2,14.4,59.6,,,,,,,,Vi-2026-08-12-Opinium-Observer-Web-Data-tables-1707.xlsx,V105 (11)
"2,050 UK adults",12 - 14 August 2026,,,,2007,,historic_vote,Remain,"Q:V105. To what extent do you agree or disagree that the Conservative Party...
 …is ready for government",UNMATCHED,,Agree,Neither agree nor disagree,Disagree,,,,,,,,20.8,14.4,58.5,,,,,,,,Vi-2026-08-12-Opinium-Observer-Web-Data-tables-1707.xlsx,V105 (11)
"2,050 UK adults",12 - 14 August 2026,,,,2007,,historic_vote,Leave,"Q:V105. To what extent do you agree or disagree that the Conservative Party...
 …is ready for government",UNMATCHED,,Agree,Neither agree nor disagree,Disagree,,,,,,,,28.9,22.8,42.8,,,,,,,,Vi-2026-08-12-Opinium-Observer-Web-Data-tables-1707.xlsx,V105 (11)
"2,050 UK adults",12 - 14 August 2026,,,,2007,,gender,Male,"Q:V105. To what extent do you agree or disagree that the Conservative Party...
 …is ready for government",UNMATCHED,,Agree,Neither agree nor disagree,Disagree,,,,,,,,24.8,19.0,49.1,,,,,,,,Vi-2026-08-12-Opinium-Observer-Web-Data-tables-1707.xlsx,V105 (11)
"2,050 UK adults",12 - 14 August 2026,,,,2007,,gender,Female,"Q:V105. To what extent do you agree or disagree that the Conservative Party...
 …is ready for government",UNMATCHED,,Agree,Neither agree nor disagree,Disagree,,,,,,,,22.2,20.9,46.1,,,,,,,,Vi-2026-08-12-Opinium-Observer-Web-Data-tables-1707.xlsx,V105 (11)
"2,050 UK adults",12 - 14 August 2026,,,,2007,,age,18-34,"Q:V105. To what extent do you agree or disagree that the Conservative Party...
 …is ready for government",UNMATCHED,,Agree,Neither agree nor disagree,Disagree,,,,,,,,25.4,19.8,44.3,,,,,,,,Vi-2026-08-12-Opinium-Observer-Web-Data-tables-1707.xlsx,V105 (11)
"2,050 UK adults",12 - 14 August 2026,,,,2007,,age,35-49,"Q:V105. To what extent do you agree or disagree that the Conservative Party...
 …is ready for government",UNMATCHED,,Agree,Neither agree nor disagree,Disagree,,,,,,,,22.0,18.9,50.9,,,,,,,,Vi-2026-08-12-Opinium-Observer-Web-Data-tables-1707.xlsx,V105 (11)
"2,050 UK adults",12 - 14 August 2026,,,,2007,,age,50-64,"Q:V105. To what extent do you agree or disagree that the Conservative Party...
 …is ready for government",UNMATCHED,,Agree,Neither agree nor disagree,Disagree,,,,,,,,19.0,17.7,55.4,,,,,,,,Vi-2026-08-12-Opinium-Observer-Web-Data-tables-1707.xlsx,V105 (11)
"2,050 UK adults",12 - 14 August 2026,,,,2007,,age,65+,"Q:V105. To what extent do you agree or disagree that the Conservative Party...
 …is ready for government",UNMATCHED,,Agree,Neither agree nor disagree,Disagree,,,,,,,,26.8,23.3,40.3,,,,,,,,Vi-2026-08-12-Opinium-Observer-Web-Data-tables-1707.xlsx,V105 (11)
"2,050 UK adults",12 - 14 August 2026,,,,2007,,region,North,"Q:V105. To what extent do you agree or disagree that the Conservative Party...
 …is ready for government",UNMATCHED,,Agree,Neither agree nor disagree,Disagree,,,,,,,,21.6,22.5,49.1,,,,,,,,Vi-2026-08-12-Opinium-Observer-Web-Data-tables-1707.xlsx,V105 (11)
"2,050 UK adults",12 - 14 August 2026,,,,2007,,region,Mids,"Q:V105. To what extent do you agree or disagree that the Conservative Party...
 …is ready for government",UNMATCHED,,Agree,Neither agree nor disagree,Disagree,,,,,,,,25.9,17.5,45.2,,,,,,,,Vi-2026-08-12-Opinium-Observer-Web-Data-tables-1707.xlsx,V105 (11)
"2,050 UK adults",12 - 14 August 2026,,,,2007,,region,London,"Q:V105. To what extent do you agree or disagree that the Conservative Party...
 …is ready for government",UNMATCHED,,Agree,Neither agree nor disagree,Disagree,,,,,,,,20.5,22.7,47.8,,,,,,,,Vi-2026-08-12-Opinium-Observer-Web-Data-tables-1707.xlsx,V105 (11)
"2,050 UK adults",12 - 14 August 2026,,,,2007,,region,South,"Q:V105. To what extent do you agree or disagree that the Conservative Party...
 …is ready for government",UNMATCHED,,Agree,Neither agree nor disagree,Disagree,,,,,,,,27.4,19.0,45.3,,,,,,,,Vi-2026-08-12-Opinium-Observer-Web-Data-tables-1707.xlsx,V105 (11)
"2,050 UK adults",12 - 14 August 2026,,,,2007,,region,Wales,"Q:V105. To what extent do you agree or disagree that the Conservative Party...
 …is ready for government",UNMATCHED,,Agree,Neither agree nor disagree,Disagree,,,,,,,,18.6,17.8,48.4,,,,,,,,Vi-2026-08-12-Opinium-Observer-Web-Data-tables-1707.xlsx,V105 (11)
"2,050 UK adults",12 - 14 August 2026,,,,2007,,region,Scotland,"Q:V105. To what extent do you agree or disagree that the Conservative Party...
 …is ready for government",UNMATCHED,,Agree,Neither agree nor disagree,Disagree,,,,,,,,14.0,17.3,57.3,,,,,,,,Vi-2026-08-12-Opinium-Observer-Web-Data-tables-1707.xlsx,V105 (11)
"2,050 UK adults",12 - 14 August 2026,,,,2007,,region,Northern Ireland,"Q:V105. To what extent do you agree or disagree that the Conservative Party...
 …is ready for government",UNMATCHED,,Neither agree nor disagree,,,,,,,,,,,,,,,,,,,,Vi-2026-08-12-Opinium-Observer-Web-Data-tables-1707.xlsx,V105 (11)
"2,050 UK adults",12 - 14 August 2026,,,,,,region,…has the nation’s best interests at heart,Q:V106. To what extent do you agree or disagree that the Labour Party...,UNMATCHED,,Agree,Neither agree nor disagree,Disagree,,,,,,,,33.8,21.1,38.0,,,,,,,,Vi-2026-08-12-Opinium-Observer-Web-Data-tables-1707.xlsx,Summary V106
"2,050 UK adults",12 - 14 August 2026,,,,2007,,total,Total,"Q:V106. To what extent do you agree or disagree that the Labour Party...
 …is in touch with ordinary people",UNMATCHED,,Agree,Neither agree nor disagree,Disagree,,,,,,,,33.2,18.2,42.6,,,,,,,,Vi-2026-08-12-Opinium-Observer-Web-Data-tables-1707.xlsx,V106
"2,050 UK adults",12 - 14 August 2026,,,,2007,,current_vote,Con,"Q:V106. To what extent do you agree or disagree that the Labour Party...
 …is in touch with ordinary people",UNMATCHED,,Agree,Neither agree nor disagree,Disagree,,,,,,,,21.1,22.4,53.7,,,,,,,,Vi-2026-08-12-Opinium-Observer-Web-Data-tables-1707.xlsx,V106
"2,050 UK adults",12 - 14 August 2026,,,,2007,,current_vote,Lab,"Q:V106. To what extent do you agree or disagree that the Labour Party...
 …is in touch with ordinary people",UNMATCHED,,Agree,Neither agree nor disagree,Disagree,,,,,,,,76.5,12.9,8.3,,,,,,,,Vi-2026-08-12-Opinium-Observer-Web-Data-tables-1707.xlsx,V106
"2,050 UK adults",12 - 14 August 2026,,,,2007,,current_vote,Lib Dem,"Q:V106. To what extent do you agree or disagree that the Labour Party...
 …is in touch with ordinary people",UNMATCHED,,Agree,Neither agree nor disagree,Disagree,,,,,,,,44.6,20.6,28.7,,,,,,,,Vi-2026-08-12-Opinium-Observer-Web-Data-tables-1707.xlsx,V106
"2,050 UK adults",12 - 14 August 2026,,,,2007,,current_vote,Reform,"Q:V106. To what extent do you agree or disagree that the Labour Party...
 …is in touch with ordinary people",UNMATCHED,,Agree,Neither agree nor disagree,Disagree,,,,,,,,11.6,11.1,76.5,,,,,,,,Vi-2026-08-12-Opinium-Observer-Web-Data-tables-1707.xlsx,V106
"2,050 UK adults",12 - 14 August 2026,,,,2007,,current_vote,Green,"Q:V106. To what extent do you agree or disagree that the Labour Party...
 …is in touch with ordinary people",UNMATCHED,,Agree,Neither agree nor disagree,Disagree,,,,,,,,29.8,21.6,44.0,,,,,,,,Vi-2026-08-12-Opinium-Observer-Web-Data-tables-1707.xlsx,V106
"2,050 UK adults",12 - 14 August 2026,,,,2007,,historic_vote,Conservative,"Q:V106. To what extent do you agree or disagree that the Labour Party...
 …is in touch with ordinary people",UNMATCHED,,Agree,Neither agree nor disagree,Disagree,,,,,,,,18.6,19.8,59.6,,,,,,,,Vi-2026-08-12-Opinium-Observer-Web-Data-tables-1707.xlsx,V106
"2,050 UK adults",12 - 14 August 2026,,,,2007,,historic_vote,Labour,"Q:V106. To what extent do you agree or disagree that the Labour Party...
 …is in touch with ordinary people",UNMATCHED,,Agree,Neither agree nor disagree,Disagree,,,,,,,,61.6,16.1,19.7,,,,,,,,Vi-2026-08-12-Opinium-Observer-Web-Data-tables-1707.xlsx,V106
"2,050 UK adults",12 - 14 August 2026,,,,2007,,historic_vote,Lib Dems,"Q:V106. To what extent do you agree or disagree that the Labour Party...
 …is in touch with ordinary people",UNMATCHED,,Agree,Neither agree nor disagree,Disagree,,,,,,,,42.3,17.1,34.3,,,,,,,,Vi-2026-08-12-Opinium-Observer-Web-Data-tables-1707.xlsx,V106
"2,050 UK adults",12 - 14 August 2026,,,,2007,,historic_vote,Green,"Q:V106. To what extent do you agree or disagree that the Labour Party...
 …is in touch with ordinary people",UNMATCHED,,Agree,Neither agree nor disagree,Disagree,,,,,,,,28.1,21.8,47.9,,,,,,,,Vi-2026-08-12-Opinium-Observer-Web-Data-tables-1707.xlsx,V106
"2,050 UK adults",12 - 14 August 2026,,,,2007,,historic_vote,Reform UK,"Q:V106. To what extent do you agree or disagree that the Labour Party...
 …is in touch with ordinary people",UNMATCHED,,Agree,Neither agree nor disagree,Disagree,,,,,,,,7.3,11.1,80.0,,,,,,,,Vi-2026-08-12-Opinium-Observer-Web-Data-tables-1707.xlsx,V106
"2,050 UK adults",12 - 14 August 2026,,,,2007,,historic_vote,Con,"Q:V106. To what extent do you agree or disagree that the Labour Party...
 …is in touch with ordinary people",UNMATCHED,,Agree,Neither agree nor disagree,Disagree,,,,,,,,17.3,16.8,62.8,,,,,,,,Vi-2026-08-12-Opinium-Observer-Web-Data-tables-1707.xlsx,V106
"2,050 UK adults",12 - 14 August 2026,,,,2007,,historic_vote,Lab,"Q:V106. To what extent do you agree or disagree that the Labour Party...
 …is in touch with ordinary people",UNMATCHED,,Agree,Neither agree nor disagree,Disagree,,,,,,,,58.3,17.8,21.1,,,,,,,,Vi-2026-08-12-Opinium-Observer-Web-Data-tables-1707.xlsx,V106
"2,050 UK adults",12 - 14 August 2026,,,,2007,,historic_vote,Lib Dem,"Q:V106. To what extent do you agree or disagree that the Labour Party...
 …is in touch with ordinary people",UNMATCHED,,Agree,Neither agree nor disagree,Disagree,,,,,,,,44.1,21.0,30.1,,,,,,,,Vi-2026-08-12-Opinium-Observer-Web-Data-tables-1707.xlsx,V106
"2,050 UK adults",12 - 14 August 2026,,,,2007,,historic_vote,Remain,"Q:V106. To what extent do you agree or disagree that the Labour Party...
 …is in touch with ordinary people",UNMATCHED,,Agree,Neither agree nor disagree,Disagree,,,,,,,,46.7,17.5,32.1,,,,,,,,Vi-2026-08-12-Opinium-Observer-Web-Data-tables-1707.xlsx,V106
"2,050 UK adults",12 - 14 August 2026,,,,2007,,historic_vote,Leave,"Q:V106. To what extent do you agree or disagree that the Labour Party...
 …is in touch with ordinary people",UNMATCHED,,Agree,Neither agree nor disagree,Disagree,,,,,,,,20.2,15.9,61.2,,,,,,,,Vi-2026-08-12-Opinium-Observer-Web-Data-tables-1707.xlsx,V106
"2,050 UK adults",12 - 14 August 2026,,,,2007,,gender,Male,"Q:V106. To what extent do you agree or disagree that the Labour Party...
 …is in touch with ordinary people",UNMATCHED,,Agree,Neither agree nor disagree,Disagree,,,,,,,,32.8,17.8,45.3,,,,,,,,Vi-2026-08-12-Opinium-Observer-Web-Data-tables-1707.xlsx,V106
"2,050 UK adults",12 - 14 August 2026,,,,2007,,gender,Female,"Q:V106. To what extent do you agree or disagree that the Labour Party...
 …is in touch with ordinary people",UNMATCHED,,Agree,Neither agree nor disagree,Disagree,,,,,,,,34.1,18.3,40.1,,,,,,,,Vi-2026-08-12-Opinium-Observer-Web-Data-tables-1707.xlsx,V106
"2,050 UK adults",12 - 14 August 2026,,,,2007,,age,18-34,"Q:V106. To what extent do you agree or disagree that the Labour Party...
 …is in touch with ordinary people",UNMATCHED,,Agree,Neither agree nor disagree,Disagree,,,,,,,,42.6,18.3,30.9,,,,,,,,Vi-2026-08-12-Opinium-Observer-Web-Data-tables-1707.xlsx,V106
"2,050 UK adults",12 - 14 August 2026,,,,2007,,age,35-49,"Q:V106. To what extent do you agree or disagree that the Labour Party...
 …is in touch with ordinary people",UNMATCHED,,Agree,Neither agree nor disagree,Disagree,,,,,,,,33.3,19.4,42.9,,,,,,,,Vi-2026-08-12-Opinium-Observer-Web-Data-tables-1707.xlsx,V106
"2,050 UK adults",12 - 14 August 2026,,,,2007,,age,50-64,"Q:V106. To what extent do you agree or disagree that the Labour Party...
 …is in touch with ordinary people",UNMATCHED,,Agree,Neither agree nor disagree,Disagree,,,,,,,,31.9,17.1,45.7,,,,,,,,Vi-2026-08-12-Opinium-Observer-Web-Data-tables-1707.xlsx,V106
"2,050 UK adults",12 - 14 August 2026,,,,2007,,age,65+,"Q:V106. To what extent do you agree or disagree that the Labour Party...
 …is in touch with ordinary people",UNMATCHED,,Agree,Neither agree nor disagree,Disagree,,,,,,,,23.4,17.9,52.9,,,,,,,,Vi-2026-08-12-Opinium-Observer-Web-Data-tables-1707.xlsx,V106
"2,050 UK adults",12 - 14 August 2026,,,,2007,,region,North,"Q:V106. To what extent do you agree or disagree that the Labour Party...
 …is in touch with ordinary people",UNMATCHED,,Agree,Neither agree nor disagree,Disagree,,,,,,,,37.8,19.0,37.8,,,,,,,,Vi-2026-08-12-Opinium-Observer-Web-Data-tables-1707.xlsx,V106
"2,050 UK adults",12 - 14 August 2026,,,,2007,,region,Mids,"Q:V106. To what extent do you agree or disagree that the Labour Party...
 …is in touch with ordinary people",UNMATCHED,,Agree,Neither agree nor disagree,Disagree,,,,,,,,30.1,17.4,44.0,,,,,,,,Vi-2026-08-12-Opinium-Observer-Web-Data-tables-1707.xlsx,V106
"2,050 UK adults",12 - 14 August 2026,,,,2007,,region,London,"Q:V106. To what extent do you agree or disagree that the Labour Party...
 …is in touch with ordinary people",UNMATCHED,,Agree,Neither agree nor disagree,Disagree,,,,,,,,37.3,23.1,36.9,,,,,,,,Vi-2026-08-12-Opinium-Observer-Web-Data-tables-1707.xlsx,V106
"2,050 UK adults",12 - 14 August 2026,,,,2007,,region,South,"Q:V106. To what extent do you agree or disagree that the Labour Party...
 …is in touch with ordinary people",UNMATCHED,,Agree,Neither agree nor disagree,Disagree,,,,,,,,31.5,16.1,47.9,,,,,,,,Vi-2026-08-12-Opinium-Observer-Web-Data-tables-1707.xlsx,V106
"2,050 UK adults",12 - 14 August 2026,,,,2007,,region,Wales,"Q:V106. To what extent do you agree or disagree that the Labour Party...
 …is in touch with ordinary people",UNMATCHED,,Agree,Neither agree nor disagree,Disagree,,,,,,,,27.8,17.4,45.4,,,,,,,,Vi-2026-08-12-Opinium-Observer-Web-Data-tables-1707.xlsx,V106
"2,050 UK adults",12 - 14 August 2026,,,,2007,,region,Scotland,"Q:V106. To what extent do you agree or disagree that the Labour Party...
 …is in touch with ordinary people",UNMATCHED,,Agree,Neither agree nor disagree,Disagree,,,,,,,,29.2,18.2,42.1,,,,,,,,Vi-2026-08-12-Opinium-Observer-Web-Data-tables-1707.xlsx,V106
"2,050 UK adults",12 - 14 August 2026,,,,2007,,region,Northern Ireland,"Q:V106. To what extent do you agree or disagree that the Labour Party...
 …is in touch with ordinary people",UNMATCHED,,Neither agree nor disagree,,,,,,,,,,,,,,,,,,,,Vi-2026-08-12-Opinium-Observer-Web-Data-tables-1707.xlsx,V106
"2,050 UK adults",12 - 14 August 2026,,,,2007,,total,Total,"Q:V106. To what extent do you agree or disagree that the Labour Party...
 …represents what most people think",UNMATCHED,,Agree,Neither agree nor disagree,Disagree,,,,,,,,26.0,22.9,43.7,,,,,,,,Vi-2026-08-12-Opinium-Observer-Web-Data-tables-1707.xlsx,V106 (2)
"2,050 UK adults",12 - 14 August 2026,,,,2007,,current_vote,Con,"Q:V106. To what extent do you agree or disagree that the Labour Party...
 …represents what most people think",UNMATCHED,,Agree,Neither agree nor disagree,Disagree,,,,,,,,11.8,24.8,60.0,,,,,,,,Vi-2026-08-12-Opinium-Observer-Web-Data-tables-1707.xlsx,V106 (2)
"2,050 UK adults",12 - 14 August 2026,,,,2007,,current_vote,Lab,"Q:V106. To what extent do you agree or disagree that the Labour Party...
 …represents what most people think",UNMATCHED,,Agree,Neither agree nor disagree,Disagree,,,,,,,,65.4,22.1,7.6,,,,,,,,Vi-2026-08-12-Opinium-Observer-Web-Data-tables-1707.xlsx,V106 (2)
"2,050 UK adults",12 - 14 August 2026,,,,2007,,current_vote,Lib Dem,"Q:V106. To what extent do you agree or disagree that the Labour Party...
 …represents what most people think",UNMATCHED,,Agree,Neither agree nor disagree,Disagree,,,,,,,,35.0,32.7,26.1,,,,,,,,Vi-2026-08-12-Opinium-Observer-Web-Data-tables-1707.xlsx,V106 (2)
"2,050 UK adults",12 - 14 August 2026,,,,2007,,current_vote,Reform,"Q:V106. To what extent do you agree or disagree that the Labour Party...
 …represents what most people think",UNMATCHED,,Agree,Neither agree nor disagree,Disagree,,,,,,,,8.5,11.7,78.3,,,,,,,,Vi-2026-08-12-Opinium-Observer-Web-Data-tables-1707.xlsx,V106 (2)
"2,050 UK adults",12 - 14 August 2026,,,,2007,,current_vote,Green,"Q:V106. To what extent do you agree or disagree that the Labour Party...
 …represents what most people think",UNMATCHED,,Agree,Neither agree nor disagree,Disagree,,,,,,,,25.6,26.7,41.1,,,,,,,,Vi-2026-08-12-Opinium-Observer-Web-Data-tables-1707.xlsx,V106 (2)
"2,050 UK adults",12 - 14 August 2026,,,,2007,,historic_vote,Conservative,"Q:V106. To what extent do you agree or disagree that the Labour Party...
 …represents what most people think",UNMATCHED,,Agree,Neither agree nor disagree,Disagree,,,,,,,,10.0,21.3,65.2,,,,,,,,Vi-2026-08-12-Opinium-Observer-Web-Data-tables-1707.xlsx,V106 (2)
"2,050 UK adults",12 - 14 August 2026,,,,2007,,historic_vote,Labour,"Q:V106. To what extent do you agree or disagree that the Labour Party...
 …represents what most people think",UNMATCHED,,Agree,Neither agree nor disagree,Disagree,,,,,,,,52.1,24.6,18.9,,,,,,,,Vi-2026-08-12-Opinium-Observer-Web-Data-tables-1707.xlsx,V106 (2)
"2,050 UK adults",12 - 14 August 2026,,,,2007,,historic_vote,Lib Dems,"Q:V106. To what extent do you agree or disagree that the Labour Party...
 …represents what most people think",UNMATCHED,,Agree,Neither agree nor disagree,Disagree,,,,,,,,34.3,26.9,33.7,,,,,,,,Vi-2026-08-12-Opinium-Observer-Web-Data-tables-1707.xlsx,V106 (2)
"2,050 UK adults",12 - 14 August 2026,,,,2007,,historic_vote,Green,"Q:V106. To what extent do you agree or disagree that the Labour Party...
 …represents what most people think",UNMATCHED,,Agree,Neither agree nor disagree,Disagree,,,,,,,,26.0,25.5,42.7,,,,,,,,Vi-2026-08-12-Opinium-Observer-Web-Data-tables-1707.xlsx,V106 (2)
"2,050 UK adults",12 - 14 August 2026,,,,2007,,historic_vote,Reform UK,"Q:V106. To what extent do you agree or disagree that the Labour Party...
 …represents what most people think",UNMATCHED,,Agree,Neither agree nor disagree,Disagree,,,,,,,,5.4,11.6,82.0,,,,,,,,Vi-2026-08-12-Opinium-Observer-Web-Data-tables-1707.xlsx,V106 (2)
"2,050 UK adults",12 - 14 August 2026,,,,2007,,historic_vote,Con,"Q:V106. To what extent do you agree or disagree that the Labour Party...
 …represents what most people think",UNMATCHED,,Agree,Neither agree nor disagree,Disagree,,,,,,,,11.4,18.0,67.1,,,,,,,,Vi-2026-08-12-Opinium-Observer-Web-Data-tables-1707.xlsx,V106 (2)
"2,050 UK adults",12 - 14 August 2026,,,,2007,,historic_vote,Lab,"Q:V106. To what extent do you agree or disagree that the Labour Party...
 …represents what most people think",UNMATCHED,,Agree,Neither agree nor disagree,Disagree,,,,,,,,49.6,23.6,22.5,,,,,,,,Vi-2026-08-12-Opinium-Observer-Web-Data-tables-1707.xlsx,V106 (2)
"2,050 UK adults",12 - 14 August 2026,,,,2007,,historic_vote,Lib Dem,"Q:V106. To what extent do you agree or disagree that the Labour Party...
 …represents what most people think",UNMATCHED,,Agree,Neither agree nor disagree,Disagree,,,,,,,,38.2,31.7,26.5,,,,,,,,Vi-2026-08-12-Opinium-Observer-Web-Data-tables-1707.xlsx,V106 (2)
"2,050 UK adults",12 - 14 August 2026,,,,2007,,historic_vote,Remain,"Q:V106. To what extent do you agree or disagree that the Labour Party...
 …represents what most people think",UNMATCHED,,Agree,Neither agree nor disagree,Disagree,,,,,,,,36.4,27.8,30.2,,,,,,,,Vi-2026-08-12-Opinium-Observer-Web-Data-tables-1707.xlsx,V106 (2)
"2,050 UK adults",12 - 14 August 2026,,,,2007,,historic_vote,Leave,"Q:V106. To what extent do you agree or disagree that the Labour Party...
 …represents what most people think",UNMATCHED,,Agree,Neither agree nor disagree,Disagree,,,,,,,,15.5,16.1,65.1,,,,,,,,Vi-2026-08-12-Opinium-Observer-Web-Data-tables-1707.xlsx,V106 (2)
"2,050 UK adults",12 - 14 August 2026,,,,2007,,gender,Male,"Q:V106. To what extent do you agree or disagree that the Labour Party...
 …represents what most people think",UNMATCHED,,Agree,Neither agree nor disagree,Disagree,,,,,,,,27.7,20.0,47.2,,,,,,,,Vi-2026-08-12-Opinium-Observer-Web-Data-tables-1707.xlsx,V106 (2)
"2,050 UK adults",12 - 14 August 2026,,,,2007,,gender,Female,"Q:V106. To what extent do you agree or disagree that the Labour Party...
 …represents what most people think",UNMATCHED,,Agree,Neither agree nor disagree,Disagree,,,,,,,,24.8,25.8,40.3,,,,,,,,Vi-2026-08-12-Opinium-Observer-Web-Data-tables-1707.xlsx,V106 (2)
"2,050 UK adults",12 - 14 August 2026,,,,2007,,age,18-34,"Q:V106. To what extent do you agree or disagree that the Labour Party...
 …represents what most people think",UNMATCHED,,Agree,Neither agree nor disagree,Disagree,,,,,,,,35.4,23.5,32.3,,,,,,,,Vi-2026-08-12-Opinium-Observer-Web-Data-tables-1707.xlsx,V106 (2)
"2,050 UK adults",12 - 14 August 2026,,,,2007,,age,35-49,"Q:V106. To what extent do you agree or disagree that the Labour Party...
 …represents what most people think",UNMATCHED,,Agree,Neither agree nor disagree,Disagree,,,,,,,,26.9,26.7,40.2,,,,,,,,Vi-2026-08-12-Opinium-Observer-Web-Data-tables-1707.xlsx,V106 (2)
"2,050 UK adults",12 - 14 August 2026,,,,2007,,age,50-64,"Q:V106. To what extent do you agree or disagree that the Labour Party...
 …represents what most people think",UNMATCHED,,Agree,Neither agree nor disagree,Disagree,,,,,,,,24.0,22.8,46.9,,,,,,,,Vi-2026-08-12-Opinium-Observer-Web-Data-tables-1707.xlsx,V106 (2)
"2,050 UK adults",12 - 14 August 2026,,,,2007,,age,65+,"Q:V106. To what extent do you agree or disagree that the Labour Party...
 …represents what most people think",UNMATCHED,,Agree,Neither agree nor disagree,Disagree,,,,,,,,16.2,18.5,57.2,,,,,,,,Vi-2026-08-12-Opinium-Observer-Web-Data-tables-1707.xlsx,V106 (2)
"2,050 UK adults",12 - 14 August 2026,,,,2007,,region,North,"Q:V106. To what extent do you agree or disagree that the Labour Party...
 …represents what most people think",UNMATCHED,,Agree,Neither agree nor disagree,Disagree,,,,,,,,31.0,24.1,38.2,,,,,,,,Vi-2026-08-12-Opinium-Observer-Web-Data-tables-1707.xlsx,V106 (2)
"2,050 UK adults",12 - 14 August 2026,,,,2007,,region,Mids,"Q:V106. To what extent do you agree or disagree that the Labour Party...
 …represents what most people think",UNMATCHED,,Agree,Neither agree nor disagree,Disagree,,,,,,,,23.2,23.0,45.5,,,,,,,,Vi-2026-08-12-Opinium-Observer-Web-Data-tables-1707.xlsx,V106 (2)
"2,050 UK adults",12 - 14 August 2026,,,,2007,,region,London,"Q:V106. To what extent do you agree or disagree that the Labour Party...
 …represents what most people think",UNMATCHED,,Agree,Neither agree nor disagree,Disagree,,,,,,,,30.6,24.1,39.9,,,,,,,,Vi-2026-08-12-Opinium-Observer-Web-Data-tables-1707.xlsx,V106 (2)
"2,050 UK adults",12 - 14 August 2026,,,,2007,,region,South,"Q:V106. To what extent do you agree or disagree that the Labour Party...
 …represents what most people think",UNMATCHED,,Agree,Neither agree nor disagree,Disagree,,,,,,,,22.6,22.9,48.5,,,,,,,,Vi-2026-08-12-Opinium-Observer-Web-Data-tables-1707.xlsx,V106 (2)
"2,050 UK adults",12 - 14 August 2026,,,,2007,,region,Wales,"Q:V106. To what extent do you agree or disagree that the Labour Party...
 …represents what most people think",UNMATCHED,,Agree,Neither agree nor disagree,Disagree,,,,,,,,24.7,17.4,46.4,,,,,,,,Vi-2026-08-12-Opinium-Observer-Web-Data-tables-1707.xlsx,V106 (2)
"2,050 UK adults",12 - 14 August 2026,,,,2007,,region,Scotland,"Q:V106. To what extent do you agree or disagree that the Labour Party...
 …represents what most people think",UNMATCHED,,Agree,Neither agree nor disagree,Disagree,,,,,,,,24.0,20.7,42.1,,,,,,,,Vi-2026-08-12-Opinium-Observer-Web-Data-tables-1707.xlsx,V106 (2)
"2,050 UK adults",12 - 14 August 2026,,,,2007,,region,Northern Ireland,"Q:V106. To what extent do you agree or disagree that the Labour Party...
 …represents what most people think",UNMATCHED,,Neither agree nor disagree,,,,,,,,,,,,,,,,,,,,Vi-2026-08-12-Opinium-Observer-Web-Data-tables-1707.xlsx,V106 (2)
"2,050 UK adults",12 - 14 August 2026,,,,2007,,total,Total,"Q:V106. To what extent do you agree or disagree that the Labour Party...
 …has similar views to my own",UNMATCHED,,Agree,Neither agree nor disagree,Disagree,,,,,,,,30.6,19.0,43.5,,,,,,,,Vi-2026-08-12-Opinium-Observer-Web-Data-tables-1707.xlsx,V106 (3)
"2,050 UK adults",12 - 14 August 2026,,,,2007,,current_vote,Con,"Q:V106. To what extent do you agree or disagree that the Labour Party...
 …has similar views to my own",UNMATCHED,,Agree,Neither agree nor disagree,Disagree,,,,,,,,9.6,18.3,70.0,,,,,,,,Vi-2026-08-12-Opinium-Observer-Web-Data-tables-1707.xlsx,V106 (3)
"2,050 UK adults",12 - 14 August 2026,,,,2007,,current_vote,Lab,"Q:V106. To what extent do you agree or disagree that the Labour Party...
 …has similar views to my own",UNMATCHED,,Agree,Neither agree nor disagree,Disagree,,,,,,,,79.4,12.9,3.8,,,,,,,,Vi-2026-08-12-Opinium-Observer-Web-Data-tables-1707.xlsx,V106 (3)
"2,050 UK adults",12 - 14 August 2026,,,,2007,,current_vote,Lib Dem,"Q:V106. To what extent do you agree or disagree that the Labour Party...
 …has similar views to my own",UNMATCHED,,Agree,Neither agree nor disagree,Disagree,,,,,,,,41.4,23.2,28.7,,,,,,,,Vi-2026-08-12-Opinium-Observer-Web-Data-tables-1707.xlsx,V106 (3)
"2,050 UK adults",12 - 14 August 2026,,,,2007,,current_vote,Reform,"Q:V106. To what extent do you agree or disagree that the Labour Party...
 …has similar views to my own",UNMATCHED,,Agree,Neither agree nor disagree,Disagree,,,,,,,,8.3,11.2,79.6,,,,,,,,Vi-2026-08-12-Opinium-Observer-Web-Data-tables-1707.xlsx,V106 (3)
"2,050 UK adults",12 - 14 August 2026,,,,2007,,current_vote,Green,"Q:V106. To what extent do you agree or disagree that the Labour Party...
 …has similar views to my own",UNMATCHED,,Agree,Neither agree nor disagree,Disagree,,,,,,,,28.0,23.2,43.5,,,,,,,,Vi-2026-08-12-Opinium-Observer-Web-Data-tables-1707.xlsx,V106 (3)
"2,050 UK adults",12 - 14 August 2026,,,,2007,,historic_vote,Conservative,"Q:V106. To what extent do you agree or disagree that the Labour Party...
 …has similar views to my own",UNMATCHED,,Agree,Neither agree nor disagree,Disagree,,,,,,,,8.8,15.5,73.2,,,,,,,,Vi-2026-08-12-Opinium-Observer-Web-Data-tables-1707.xlsx,V106 (3)
"2,050 UK adults",12 - 14 August 2026,,,,2007,,historic_vote,Labour,"Q:V106. To what extent do you agree or disagree that the Labour Party...
 …has similar views to my own",UNMATCHED,,Agree,Neither agree nor disagree,Disagree,,,,,,,,63.9,17.0,15.2,,,,,,,,Vi-2026-08-12-Opinium-Observer-Web-Data-tables-1707.xlsx,V106 (3)
"2,050 UK adults",12 - 14 August 2026,,,,2007,,historic_vote,Lib Dems,"Q:V106. To what extent do you agree or disagree that the Labour Party...
 …has similar views to my own",UNMATCHED,,Agree,Neither agree nor disagree,Disagree,,,,,,,,42.9,19.8,31.4,,,,,,,,Vi-2026-08-12-Opinium-Observer-Web-Data-tables-1707.xlsx,V106 (3)
"2,050 UK adults",12 - 14 August 2026,,,,2007,,historic_vote,Green,"Q:V106. To what extent do you agree or disagree that the Labour Party...
 …has similar views to my own",UNMATCHED,,Agree,Neither agree nor disagree,Disagree,,,,,,,,26.0,25.6,41.7,,,,,,,,Vi-2026-08-12-Opinium-Observer-Web-Data-tables-1707.xlsx,V106 (3)
"2,050 UK adults",12 - 14 August 2026,,,,2007,,historic_vote,Reform UK,"Q:V106. To what extent do you agree or disagree that the Labour Party...
 …has similar views to my own",UNMATCHED,,Agree,Neither agree nor disagree,Disagree,,,,,,,,4.9,9.1,83.9,,,,,,,,Vi-2026-08-12-Opinium-Observer-Web-Data-tables-1707.xlsx,V106 (3)
"2,050 UK adults",12 - 14 August 2026,,,,2007,,historic_vote,Con,"Q:V106. To what extent do you agree or disagree that the Labour Party...
 …has similar views to my own",UNMATCHED,,Agree,Neither agree nor disagree,Disagree,,,,,,,,11.8,14.8,69.9,,,,,,,,Vi-2026-08-12-Opinium-Observer-Web-Data-tables-1707.xlsx,V106 (3)
"2,050 UK adults",12 - 14 August 2026,,,,2007,,historic_vote,Lab,"Q:V106. To what extent do you agree or disagree that the Labour Party...
 …has similar views to my own",UNMATCHED,,Agree,Neither agree nor disagree,Disagree,,,,,,,,60.4,19.3,16.9,,,,,,,,Vi-2026-08-12-Opinium-Observer-Web-Data-tables-1707.xlsx,V106 (3)
"2,050 UK adults",12 - 14 August 2026,,,,2007,,historic_vote,Lib Dem,"Q:V106. To what extent do you agree or disagree that the Labour Party...
 …has similar views to my own",UNMATCHED,,Agree,Neither agree nor disagree,Disagree,,,,,,,,45.6,19.5,32.4,,,,,,,,Vi-2026-08-12-Opinium-Observer-Web-Data-tables-1707.xlsx,V106 (3)
"2,050 UK adults",12 - 14 August 2026,,,,2007,,historic_vote,Remain,"Q:V106. To what extent do you agree or disagree that the Labour Party...
 …has similar views to my own",UNMATCHED,,Agree,Neither agree nor disagree,Disagree,,,,,,,,46.0,18.5,30.3,,,,,,,,Vi-2026-08-12-Opinium-Observer-Web-Data-tables-1707.xlsx,V106 (3)
"2,050 UK adults",12 - 14 August 2026,,,,2007,,historic_vote,Leave,"Q:V106. To what extent do you agree or disagree that the Labour Party...
 …has similar views to my own",UNMATCHED,,Agree,Neither agree nor disagree,Disagree,,,,,,,,16.5,15.1,65.3,,,,,,,,Vi-2026-08-12-Opinium-Observer-Web-Data-tables-1707.xlsx,V106 (3)
"2,050 UK adults",12 - 14 August 2026,,,,2007,,gender,Male,"Q:V106. To what extent do you agree or disagree that the Labour Party...
 …has similar views to my own",UNMATCHED,,Agree,Neither agree nor disagree,Disagree,,,,,,,,29.8,17.4,47.6,,,,,,,,Vi-2026-08-12-Opinium-Observer-Web-Data-tables-1707.xlsx,V106 (3)
"2,050 UK adults",12 - 14 August 2026,,,,2007,,gender,Female,"Q:V106. To what extent do you agree or disagree that the Labour Party...
 …has similar views to my own",UNMATCHED,,Agree,Neither agree nor disagree,Disagree,,,,,,,,31.6,20.4,39.6,,,,,,,,Vi-2026-08-12-Opinium-Observer-Web-Data-tables-1707.xlsx,V106 (3)
"2,050 UK adults",12 - 14 August 2026,,,,2007,,age,18-34,"Q:V106. To what extent do you agree or disagree that the Labour Party...
 …has similar views to my own",UNMATCHED,,Agree,Neither agree nor disagree,Disagree,,,,,,,,39.8,20.3,31.6,,,,,,,,Vi-2026-08-12-Opinium-Observer-Web-Data-tables-1707.xlsx,V106 (3)
"2,050 UK adults",12 - 14 August 2026,,,,2007,,age,35-49,"Q:V106. To what extent do you agree or disagree that the Labour Party...
 …has similar views to my own",UNMATCHED,,Agree,Neither agree nor disagree,Disagree,,,,,,,,32.9,22.3,38.0,,,,,,,,Vi-2026-08-12-Opinium-Observer-Web-Data-tables-1707.xlsx,V106 (3)
"2,050 UK adults",12 - 14 August 2026,,,,2007,,age,50-64,"Q:V106. To what extent do you agree or disagree that the Labour Party...
 …has similar views to my own",UNMATCHED,,Agree,Neither agree nor disagree,Disagree,,,,,,,,30.5,18.0,45.7,,,,,,,,Vi-2026-08-12-Opinium-Observer-Web-Data-tables-1707.xlsx,V106 (3)
"2,050 UK adults",12 - 14 August 2026,,,,2007,,age,65+,"Q:V106. To what extent do you agree or disagree that the Labour Party...
 …has similar views to my own",UNMATCHED,,Agree,Neither agree nor disagree,Disagree,,,,,,,,17.9,15.0,60.8,,,,,,,,Vi-2026-08-12-Opinium-Observer-Web-Data-tables-1707.xlsx,V106 (3)
"2,050 UK adults",12 - 14 August 2026,,,,2007,,region,North,"Q:V106. To what extent do you agree or disagree that the Labour Party...
 …has similar views to my own",UNMATCHED,,Agree,Neither agree nor disagree,Disagree,,,,,,,,34.9,20.9,38.2,,,,,,,,Vi-2026-08-12-Opinium-Observer-Web-Data-tables-1707.xlsx,V106 (3)
"2,050 UK adults",12 - 14 August 2026,,,,2007,,region,Mids,"Q:V106. To what extent do you agree or disagree that the Labour Party...
 …has similar views to my own",UNMATCHED,,Agree,Neither agree nor disagree,Disagree,,,,,,,,28.6,15.8,45.8,,,,,,,,Vi-2026-08-12-Opinium-Observer-Web-Data-tables-1707.xlsx,V106 (3)
"2,050 UK adults",12 - 14 August 2026,,,,2007,,region,London,"Q:V106. To what extent do you agree or disagree that the Labour Party...
 …has similar views to my own",UNMATCHED,,Agree,Neither agree nor disagree,Disagree,,,,,,,,33.2,24.1,36.9,,,,,,,,Vi-2026-08-12-Opinium-Observer-Web-Data-tables-1707.xlsx,V106 (3)
"2,050 UK adults",12 - 14 August 2026,,,,2007,,region,South,"Q:V106. To what extent do you agree or disagree that the Labour Party...
 …has similar views to my own",UNMATCHED,,Agree,Neither agree nor disagree,Disagree,,,,,,,,27.5,17.0,50.1,,,,,,,,Vi-2026-08-12-Opinium-Observer-Web-Data-tables-1707.xlsx,V106 (3)
"2,050 UK adults",12 - 14 August 2026,,,,2007,,region,Wales,"Q:V106. To what extent do you agree or disagree that the Labour Party...
 …has similar views to my own",UNMATCHED,,Agree,Neither agree nor disagree,Disagree,,,,,,,,34.0,14.8,42.3,,,,,,,,Vi-2026-08-12-Opinium-Observer-Web-Data-tables-1707.xlsx,V106 (3)
"2,050 UK adults",12 - 14 August 2026,,,,2007,,region,Scotland,"Q:V106. To what extent do you agree or disagree that the Labour Party...
 …has similar views to my own",UNMATCHED,,Agree,Neither agree nor disagree,Disagree,,,,,,,,28.6,21.9,39.8,,,,,,,,Vi-2026-08-12-Opinium-Observer-Web-Data-tables-1707.xlsx,V106 (3)
"2,050 UK adults",12 - 14 August 2026,,,,2007,,region,Northern Ireland,"Q:V106. To what extent do you agree or disagree that the Labour Party...
 …has similar views to my own",UNMATCHED,,Neither agree nor disagree,,,,,,,,,,,,,,,,,,,,Vi-2026-08-12-Opinium-Observer-Web-Data-tables-1707.xlsx,V106 (3)
"2,050 UK adults",12 - 14 August 2026,,,,2007,,total,Total,"Q:V106. To what extent do you agree or disagree that the Labour Party...
 …has the nation’s best interests at heart",UNMATCHED,,Agree,Neither agree nor disagree,Disagree,,,,,,,,33.8,21.1,38.0,,,,,,,,Vi-2026-08-12-Opinium-Observer-Web-Data-tables-1707.xlsx,V106 (4)
"2,050 UK adults",12 - 14 August 2026,,,,2007,,current_vote,Con,"Q:V106. To what extent do you agree or disagree that the Labour Party...
 …has the nation’s best interests at heart",UNMATCHED,,Agree,Neither agree nor disagree,Disagree,,,,,,,,21.9,26.6,46.3,,,,,,,,Vi-2026-08-12-Opinium-Observer-Web-Data-tables-1707.xlsx,V106 (4)
"2,050 UK adults",12 - 14 August 2026,,,,2007,,current_vote,Lab,"Q:V106. To what extent do you agree or disagree that the Labour Party...
 …has the nation’s best interests at heart",UNMATCHED,,Agree,Neither agree nor disagree,Disagree,,,,,,,,78.0,12.5,4.7,,,,,,,,Vi-2026-08-12-Opinium-Observer-Web-Data-tables-1707.xlsx,V106 (4)
"2,050 UK adults",12 - 14 August 2026,,,,2007,,current_vote,Lib Dem,"Q:V106. To what extent do you agree or disagree that the Labour Party...
 …has the nation’s best interests at heart",UNMATCHED,,Agree,Neither agree nor disagree,Disagree,,,,,,,,48.4,22.6,23.6,,,,,,,,Vi-2026-08-12-Opinium-Observer-Web-Data-tables-1707.xlsx,V106 (4)
"2,050 UK adults",12 - 14 August 2026,,,,2007,,current_vote,Reform,"Q:V106. To what extent do you agree or disagree that the Labour Party...
 …has the nation’s best interests at heart",UNMATCHED,,Agree,Neither agree nor disagree,Disagree,,,,,,,,10.1,16.2,72.1,,,,,,,,Vi-2026-08-12-Opinium-Observer-Web-Data-tables-1707.xlsx,V106 (4)
"2,050 UK adults",12 - 14 August 2026,,,,2007,,current_vote,Green,"Q:V106. To what extent do you agree or disagree that the Labour Party...
 …has the nation’s best interests at heart",UNMATCHED,,Agree,Neither agree nor disagree,Disagree,,,,,,,,33.3,24.2,36.9,,,,,,,,Vi-2026-08-12-Opinium-Observer-Web-Data-tables-1707.xlsx,V106 (4)
"2,050 UK adults",12 - 14 August 2026,,,,2007,,historic_vote,Conservative,"Q:V106. To what extent do you agree or disagree that the Labour Party...
 …has the nation’s best interests at heart",UNMATCHED,,Agree,Neither agree nor disagree,Disagree,,,,,,,,18.0,25.3,52.8,,,,,,,,Vi-2026-08-12-Opinium-Observer-Web-Data-tables-1707.xlsx,V106 (4)
"2,050 UK adults",12 - 14 August 2026,,,,2007,,historic_vote,Labour,"Q:V106. To what extent do you agree or disagree that the Labour Party...
 …has the nation’s best interests at heart",UNMATCHED,,Agree,Neither agree nor disagree,Disagree,,,,,,,,63.3,18.2,14.9,,,,,,,,Vi-2026-08-12-Opinium-Observer-Web-Data-tables-1707.xlsx,V106 (4)
"2,050 UK adults",12 - 14 August 2026,,,,2007,,historic_vote,Lib Dems,"Q:V106. To what extent do you agree or disagree that the Labour Party...
 …has the nation’s best interests at heart",UNMATCHED,,Agree,Neither agree nor disagree,Disagree,,,,,,,,49.7,19.3,25.7,,,,,,,,Vi-2026-08-12-Opinium-Observer-Web-Data-tables-1707.xlsx,V106 (4)
"2,050 UK adults",12 - 14 August 2026,,,,2007,,historic_vote,Green,"Q:V106. To what extent do you agree or disagree that the Labour Party...
 …has the nation’s best interests at heart",UNMATCHED,,Agree,Neither agree nor disagree,Disagree,,,,,,,,36.5,21.7,38.5,,,,,,,,Vi-2026-08-12-Opinium-Observer-Web-Data-tables-1707.xlsx,V106 (4)
"2,050 UK adults",12 - 14 August 2026,,,,2007,,historic_vote,Reform UK,"Q:V106. To what extent do you agree or disagree that the Labour Party...
 …has the nation’s best interests at heart",UNMATCHED,,Agree,Neither agree nor disagree,Disagree,,,,,,,,10.7,14.8,72.2,,,,,,,,Vi-2026-08-12-Opinium-Observer-Web-Data-tables-1707.xlsx,V106 (4)
"2,050 UK adults",12 - 14 August 2026,,,,2007,,historic_vote,Con,"Q:V106. To what extent do you agree or disagree that the Labour Party...
 …has the nation’s best interests at heart",UNMATCHED,,Agree,Neither agree nor disagree,Disagree,,,,,,,,18.5,22.8,55.4,,,,,,,,Vi-2026-08-12-Opinium-Observer-Web-Data-tables-1707.xlsx,V106 (4)
"2,050 UK adults",12 - 14 August 2026,,,,2007,,historic_vote,Lab,"Q:V106. To what extent do you agree or disagree that the Labour Party...
 …has the nation’s best interests at heart",UNMATCHED,,Agree,Neither agree nor disagree,Disagree,,,,,,,,60.7,17.4,17.8,,,,,,,,Vi-2026-08-12-Opinium-Observer-Web-Data-tables-1707.xlsx,V106 (4)
"2,050 UK adults",12 - 14 August 2026,,,,2007,,historic_vote,Lib Dem,"Q:V106. To what extent do you agree or disagree that the Labour Party...
 …has the nation’s best interests at heart",UNMATCHED,,Agree,Neither agree nor disagree,Disagree,,,,,,,,55.1,16.9,26.5,,,,,,,,Vi-2026-08-12-Opinium-Observer-Web-Data-tables-1707.xlsx,V106 (4)
"2,050 UK adults",12 - 14 August 2026,,,,2007,,historic_vote,Remain,"Q:V106. To what extent do you agree or disagree that the Labour Party...
 …has the nation’s best interests at heart",UNMATCHED,,Agree,Neither agree nor disagree,Disagree,,,,,,,,50.4,19.7,25.4,,,,,,,,Vi-2026-08-12-Opinium-Observer-Web-Data-tables-1707.xlsx,V106 (4)
"2,050 UK adults",12 - 14 August 2026,,,,2007,,historic_vote,Leave,"Q:V106. To what extent do you agree or disagree that the Labour Party...
 …has the nation’s best interests at heart",UNMATCHED,,Agree,Neither agree nor disagree,Disagree,,,,,,,,20.9,20.7,54.5,,,,,,,,Vi-2026-08-12-Opinium-Observer-Web-Data-tables-1707.xlsx,V106 (4)
"2,050 UK adults",12 - 14 August 2026,,,,2007,,gender,Male,"Q:V106. To what extent do you agree or disagree that the Labour Party...
 …has the nation’s best interests at heart",UNMATCHED,,Agree,Neither agree nor disagree,Disagree,,,,,,,,34.8,20.2,39.2,,,,,,,,Vi-2026-08-12-Opinium-Observer-Web-Data-tables-1707.xlsx,V106 (4)
"2,050 UK adults",12 - 14 August 2026,,,,2007,,gender,Female,"Q:V106. To what extent do you agree or disagree that the Labour Party...
 …has the nation’s best interests at heart",UNMATCHED,,Agree,Neither agree nor disagree,Disagree,,,,,,,,32.9,22.1,36.7,,,,,,,,Vi-2026-08-12-Opinium-Observer-Web-Data-tables-1707.xlsx,V106 (4)
"2,050 UK adults",12 - 14 August 2026,,,,2007,,age,18-34,"Q:V106. To what extent do you agree or disagree that the Labour Party...
 …has the nation’s best interests at heart",UNMATCHED,,Agree,Neither agree nor disagree,Disagree,,,,,,,,39.6,19.3,31.4,,,,,,,,Vi-2026-08-12-Opinium-Observer-Web-Data-tables-1707.xlsx,V106 (4)
"2,050 UK adults",12 - 14 August 2026,,,,2007,,age,35-49,"Q:V106. To what extent do you agree or disagree that the Labour Party...
 …has the nation’s best interests at heart",UNMATCHED,,Agree,Neither agree nor disagree,Disagree,,,,,,,,32.4,26.2,35.7,,,,,,,,Vi-2026-08-12-Opinium-Observer-Web-Data-tables-1707.xlsx,V106 (4)
"2,050 UK adults",12 - 14 August 2026,,,,2007,,age,50-64,"Q:V106. To what extent do you agree or disagree that the Labour Party...
 …has the nation’s best interests at heart",UNMATCHED,,Agree,Neither agree nor disagree,Disagree,,,,,,,,39.4,15.7,38.8,,,,,,,,Vi-2026-08-12-Opinium-Observer-Web-Data-tables-1707.xlsx,V106 (4)
"2,050 UK adults",12 - 14 August 2026,,,,2007,,age,65+,"Q:V106. To what extent do you agree or disagree that the Labour Party...
 …has the nation’s best interests at heart",UNMATCHED,,Agree,Neither agree nor disagree,Disagree,,,,,,,,22.8,23.7,47.0,,,,,,,,Vi-2026-08-12-Opinium-Observer-Web-Data-tables-1707.xlsx,V106 (4)
"2,050 UK adults",12 - 14 August 2026,,,,2007,,region,North,"Q:V106. To what extent do you agree or disagree that the Labour Party...
 …has the nation’s best interests at heart",UNMATCHED,,Agree,Neither agree nor disagree,Disagree,,,,,,,,38.0,21.2,35.1,,,,,,,,Vi-2026-08-12-Opinium-Observer-Web-Data-tables-1707.xlsx,V106 (4)
"2,050 UK adults",12 - 14 August 2026,,,,2007,,region,Mids,"Q:V106. To what extent do you agree or disagree that the Labour Party...
 …has the nation’s best interests at heart",UNMATCHED,,Agree,Neither agree nor disagree,Disagree,,,,,,,,28.6,23.7,38.2,,,,,,,,Vi-2026-08-12-Opinium-Observer-Web-Data-tables-1707.xlsx,V106 (4)
"2,050 UK adults",12 - 14 August 2026,,,,2007,,region,London,"Q:V106. To what extent do you agree or disagree that the Labour Party...
 …has the nation’s best interests at heart",UNMATCHED,,Agree,Neither agree nor disagree,Disagree,,,,,,,,38.1,23.5,32.5,,,,,,,,Vi-2026-08-12-Opinium-Observer-Web-Data-tables-1707.xlsx,V106 (4)
"2,050 UK adults",12 - 14 August 2026,,,,2007,,region,South,"Q:V106. To what extent do you agree or disagree that the Labour Party...
 …has the nation’s best interests at heart",UNMATCHED,,Agree,Neither agree nor disagree,Disagree,,,,,,,,32.5,19.2,42.7,,,,,,,,Vi-2026-08-12-Opinium-Observer-Web-Data-tables-1707.xlsx,V106 (4)
"2,050 UK adults",12 - 14 August 2026,,,,2007,,region,Wales,"Q:V106. To what extent do you agree or disagree that the Labour Party...
 …has the nation’s best interests at heart",UNMATCHED,,Agree,Neither agree nor disagree,Disagree,,,,,,,,26.8,19.4,41.2,,,,,,,,Vi-2026-08-12-Opinium-Observer-Web-Data-tables-1707.xlsx,V106 (4)
"2,050 UK adults",12 - 14 August 2026,,,,2007,,region,Scotland,"Q:V106. To what extent do you agree or disagree that the Labour Party...
 …has the nation’s best interests at heart",UNMATCHED,,Agree,Neither agree nor disagree,Disagree,,,,,,,,33.3,20.6,33.9,,,,,,,,Vi-2026-08-12-Opinium-Observer-Web-Data-tables-1707.xlsx,V106 (4)
"2,050 UK adults",12 - 14 August 2026,,,,2007,,region,Northern Ireland,"Q:V106. To what extent do you agree or disagree that the Labour Party...
 …has the nation’s best interests at heart",UNMATCHED,,Neither agree nor disagree,,,,,,,,,,,,,,,,,,,,Vi-2026-08-12-Opinium-Observer-Web-Data-tables-1707.xlsx,V106 (4)
"2,050 UK adults",12 - 14 August 2026,,,,2007,,total,Total,"Q:V106. To what extent do you agree or disagree that the Labour Party...
 …has a clear sense of purpose",UNMATCHED,,Agree,Neither agree nor disagree,Disagree,,,,,,,,30.9,21.9,39.5,,,,,,,,Vi-2026-08-12-Opinium-Observer-Web-Data-tables-1707.xlsx,V106 (5)
"2,050 UK adults",12 - 14 August 2026,,,,2007,,current_vote,Con,"Q:V106. To what extent do you agree or disagree that the Labour Party...
 …has a clear sense of purpose",UNMATCHED,,Agree,Neither agree nor disagree,Disagree,,,,,,,,18.9,25.2,52.2,,,,,,,,Vi-2026-08-12-Opinium-Observer-Web-Data-tables-1707.xlsx,V106 (5)
"2,050 UK adults",12 - 14 August 2026,,,,2007,,current_vote,Lab,"Q:V106. To what extent do you agree or disagree that the Labour Party...
 …has a clear sense of purpose",UNMATCHED,,Agree,Neither agree nor disagree,Disagree,,,,,,,,73.0,14.3,7.8,,,,,,,,Vi-2026-08-12-Opinium-Observer-Web-Data-tables-1707.xlsx,V106 (5)
"2,050 UK adults",12 - 14 August 2026,,,,2007,,current_vote,Lib Dem,"Q:V106. To what extent do you agree or disagree that the Labour Party...
 …has a clear sense of purpose",UNMATCHED,,Agree,Neither agree nor disagree,Disagree,,,,,,,,42.0,26.5,26.8,,,,,,,,Vi-2026-08-12-Opinium-Observer-Web-Data-tables-1707.xlsx,V106 (5)
"2,050 UK adults",12 - 14 August 2026,,,,2007,,current_vote,Reform,"Q:V106. To what extent do you agree or disagree that the Labour Party...
 …has a clear sense of purpose",UNMATCHED,,Agree,Neither agree nor disagree,Disagree,,,,,,,,9.8,16.7,71.6,,,,,,,,Vi-2026-08-12-Opinium-Observer-Web-Data-tables-1707.xlsx,V106 (5)
"2,050 UK adults",12 - 14 August 2026,,,,2007,,current_vote,Green,"Q:V106. To what extent do you agree or disagree that the Labour Party...
 …has a clear sense of purpose",UNMATCHED,,Agree,Neither agree nor disagree,Disagree,,,,,,,,29.2,27.4,35.7,,,,,,,,Vi-2026-08-12-Opinium-Observer-Web-Data-tables-1707.xlsx,V106 (5)
"2,050 UK adults",12 - 14 August 2026,,,,2007,,historic_vote,Conservative,"Q:V106. To what extent do you agree or disagree that the Labour Party...
 …has a clear sense of purpose",UNMATCHED,,Agree,Neither agree nor disagree,Disagree,,,,,,,,17.4,22.8,56.6,,,,,,,,Vi-2026-08-12-Opinium-Observer-Web-Data-tables-1707.xlsx,V106 (5)
"2,050 UK adults",12 - 14 August 2026,,,,2007,,historic_vote,Labour,"Q:V106. To what extent do you agree or disagree that the Labour Party...
 …has a clear sense of purpose",UNMATCHED,,Agree,Neither agree nor disagree,Disagree,,,,,,,,59.5,17.4,18.5,,,,,,,,Vi-2026-08-12-Opinium-Observer-Web-Data-tables-1707.xlsx,V106 (5)
"2,050 UK adults",12 - 14 August 2026,,,,2007,,historic_vote,Lib Dems,"Q:V106. To what extent do you agree or disagree that the Labour Party...
 …has a clear sense of purpose",UNMATCHED,,Agree,Neither agree nor disagree,Disagree,,,,,,,,36.6,26.2,32.6,,,,,,,,Vi-2026-08-12-Opinium-Observer-Web-Data-tables-1707.xlsx,V106 (5)
"2,050 UK adults",12 - 14 August 2026,,,,2007,,historic_vote,Green,"Q:V106. To what extent do you agree or disagree that the Labour Party...
 …has a clear sense of purpose",UNMATCHED,,Agree,Neither agree nor disagree,Disagree,,,,,,,,29.2,22.4,45.8,,,,,,,,Vi-2026-08-12-Opinium-Observer-Web-Data-tables-1707.xlsx,V106 (5)
"2,050 UK adults",12 - 14 August 2026,,,,2007,,historic_vote,Reform UK,"Q:V106. To what extent do you agree or disagree that the Labour Party...
 …has a clear sense of purpose",UNMATCHED,,Agree,Neither agree nor disagree,Disagree,,,,,,,,9.8,14.6,73.2,,,,,,,,Vi-2026-08-12-Opinium-Observer-Web-Data-tables-1707.xlsx,V106 (5)
"2,050 UK adults",12 - 14 August 2026,,,,2007,,historic_vote,Con,"Q:V106. To what extent do you agree or disagree that the Labour Party...
 …has a clear sense of purpose",UNMATCHED,,Agree,Neither agree nor disagree,Disagree,,,,,,,,17.5,19.7,58.7,,,,,,,,Vi-2026-08-12-Opinium-Observer-Web-Data-tables-1707.xlsx,V106 (5)
"2,050 UK adults",12 - 14 August 2026,,,,2007,,historic_vote,Lab,"Q:V106. To what extent do you agree or disagree that the Labour Party...
 …has a clear sense of purpose",UNMATCHED,,Agree,Neither agree nor disagree,Disagree,,,,,,,,55.7,19.0,20.8,,,,,,,,Vi-2026-08-12-Opinium-Observer-Web-Data-tables-1707.xlsx,V106 (5)
"2,050 UK adults",12 - 14 August 2026,,,,2007,,historic_vote,Lib Dem,"Q:V106. To what extent do you agree or disagree that the Labour Party...
 …has a clear sense of purpose",UNMATCHED,,Agree,Neither agree nor disagree,Disagree,,,,,,,,44.1,22.3,30.9,,,,,,,,Vi-2026-08-12-Opinium-Observer-Web-Data-tables-1707.xlsx,V106 (5)
"2,050 UK adults",12 - 14 August 2026,,,,2007,,historic_vote,Remain,"Q:V106. To what extent do you agree or disagree that the Labour Party...
 …has a clear sense of purpose",UNMATCHED,,Agree,Neither agree nor disagree,Disagree,,,,,,,,43.8,22.1,29.2,,,,,,,,Vi-2026-08-12-Opinium-Observer-Web-Data-tables-1707.xlsx,V106 (5)
"2,050 UK adults",12 - 14 August 2026,,,,2007,,historic_vote,Leave,"Q:V106. To what extent do you agree or disagree that the Labour Party...
 …has a clear sense of purpose",UNMATCHED,,Agree,Neither agree nor disagree,Disagree,,,,,,,,20.9,19.2,56.0,,,,,,,,Vi-2026-08-12-Opinium-Observer-Web-Data-tables-1707.xlsx,V106 (5)
"2,050 UK adults",12 - 14 August 2026,,,,2007,,gender,Male,"Q:V106. To what extent do you agree or disagree that the Labour Party...
 …has a clear sense of purpose",UNMATCHED,,Agree,Neither agree nor disagree,Disagree,,,,,,,,31.8,19.8,42.1,,,,,,,,Vi-2026-08-12-Opinium-Observer-Web-Data-tables-1707.xlsx,V106 (5)
"2,050 UK adults",12 - 14 August 2026,,,,2007,,gender,Female,"Q:V106. To what extent do you agree or disagree that the Labour Party...
 …has a clear sense of purpose",UNMATCHED,,Agree,Neither agree nor disagree,Disagree,,,,,,,,30.5,23.7,37.0,,,,,,,,Vi-2026-08-12-Opinium-Observer-Web-Data-tables-1707.xlsx,V106 (5)
"2,050 UK adults",12 - 14 August 2026,,,,2007,,age,18-34,"Q:V106. To what extent do you agree or disagree that the Labour Party...
 …has a clear sense of purpose",UNMATCHED,,Agree,Neither agree nor disagree,Disagree,,,,,,,,38.7,21.7,28.7,,,,,,,,Vi-2026-08-12-Opinium-Observer-Web-Data-tables-1707.xlsx,V106 (5)
"2,050 UK adults",12 - 14 August 2026,,,,2007,,age,35-49,"Q:V106. To what extent do you agree or disagree that the Labour Party...
 …has a clear sense of purpose",UNMATCHED,,Agree,Neither agree nor disagree,Disagree,,,,,,,,30.4,24.2,39.2,,,,,,,,Vi-2026-08-12-Opinium-Observer-Web-Data-tables-1707.xlsx,V106 (5)
"2,050 UK adults",12 - 14 August 2026,,,,2007,,age,50-64,"Q:V106. To what extent do you agree or disagree that the Labour Party...
 …has a clear sense of purpose",UNMATCHED,,Agree,Neither agree nor disagree,Disagree,,,,,,,,30.7,22.5,41.4,,,,,,,,Vi-2026-08-12-Opinium-Observer-Web-Data-tables-1707.xlsx,V106 (5)
"2,050 UK adults",12 - 14 August 2026,,,,2007,,age,65+,"Q:V106. To what extent do you agree or disagree that the Labour Party...
 …has a clear sense of purpose",UNMATCHED,,Agree,Neither agree nor disagree,Disagree,,,,,,,,22.8,19.1,50.4,,,,,,,,Vi-2026-08-12-Opinium-Observer-Web-Data-tables-1707.xlsx,V106 (5)
"2,050 UK adults",12 - 14 August 2026,,,,2007,,region,North,"Q:V106. To what extent do you agree or disagree that the Labour Party...
 …has a clear sense of purpose",UNMATCHED,,Agree,Neither agree nor disagree,Disagree,,,,,,,,34.3,22.1,36.6,,,,,,,,Vi-2026-08-12-Opinium-Observer-Web-Data-tables-1707.xlsx,V106 (5)
"2,050 UK adults",12 - 14 August 2026,,,,2007,,region,Mids,"Q:V106. To what extent do you agree or disagree that the Labour Party...
 …has a clear sense of purpose",UNMATCHED,,Agree,Neither agree nor disagree,Disagree,,,,,,,,28.0,22.1,40.4,,,,,,,,Vi-2026-08-12-Opinium-Observer-Web-Data-tables-1707.xlsx,V106 (5)
"2,050 UK adults",12 - 14 August 2026,,,,2007,,region,London,"Q:V106. To what extent do you agree or disagree that the Labour Party...
 …has a clear sense of purpose",UNMATCHED,,Agree,Neither agree nor disagree,Disagree,,,,,,,,36.9,20.0,37.7,,,,,,,,Vi-2026-08-12-Opinium-Observer-Web-Data-tables-1707.xlsx,V106 (5)
"2,050 UK adults",12 - 14 August 2026,,,,2007,,region,South,"Q:V106. To what extent do you agree or disagree that the Labour Party...
 …has a clear sense of purpose",UNMATCHED,,Agree,Neither agree nor disagree,Disagree,,,,,,,,28.1,22.4,43.8,,,,,,,,Vi-2026-08-12-Opinium-Observer-Web-Data-tables-1707.xlsx,V106 (5)
"2,050 UK adults",12 - 14 August 2026,,,,2007,,region,Wales,"Q:V106. To what extent do you agree or disagree that the Labour Party...
 …has a clear sense of purpose",UNMATCHED,,Agree,Neither agree nor disagree,Disagree,,,,,,,,29.9,15.8,40.2,,,,,,,,Vi-2026-08-12-Opinium-Observer-Web-Data-tables-1707.xlsx,V106 (5)
"2,050 UK adults",12 - 14 August 2026,,,,2007,,region,Scotland,"Q:V106. To what extent do you agree or disagree that the Labour Party...
 …has a clear sense of purpose",UNMATCHED,,Agree,Neither agree nor disagree,Disagree,,,,,,,,29.2,25.0,32.8,,,,,,,,Vi-2026-08-12-Opinium-Observer-Web-Data-tables-1707.xlsx,V106 (5)
"2,050 UK adults",12 - 14 August 2026,,,,2007,,region,Northern Ireland,"Q:V106. To what extent do you agree or disagree that the Labour Party...
 …has a clear sense of purpose",UNMATCHED,,Neither agree nor disagree,,,,,,,,,,,,,,,,,,,,Vi-2026-08-12-Opinium-Observer-Web-Data-tables-1707.xlsx,V106 (5)
"2,050 UK adults",12 - 14 August 2026,,,,2007,,total,Total,"Q:V106. To what extent do you agree or disagree that the Labour Party...
 …knows what it stands for",UNMATCHED,,Agree,Neither agree nor disagree,Disagree,,,,,,,,32.4,21.4,38.4,,,,,,,,Vi-2026-08-12-Opinium-Observer-Web-Data-tables-1707.xlsx,V106 (6)
"2,050 UK adults",12 - 14 August 2026,,,,2007,,current_vote,Con,"Q:V106. To what extent do you agree or disagree that the Labour Party...
 …knows what it stands for",UNMATCHED,,Agree,Neither agree nor disagree,Disagree,,,,,,,,24.4,20.5,49.6,,,,,,,,Vi-2026-08-12-Opinium-Observer-Web-Data-tables-1707.xlsx,V106 (6)
"2,050 UK adults",12 - 14 August 2026,,,,2007,,current_vote,Lab,"Q:V106. To what extent do you agree or disagree that the Labour Party...
 …knows what it stands for",UNMATCHED,,Agree,Neither agree nor disagree,Disagree,,,,,,,,71.3,17.6,8.1,,,,,,,,Vi-2026-08-12-Opinium-Observer-Web-Data-tables-1707.xlsx,V106 (6)
"2,050 UK adults",12 - 14 August 2026,,,,2007,,current_vote,Lib Dem,"Q:V106. To what extent do you agree or disagree that the Labour Party...
 …knows what it stands for",UNMATCHED,,Agree,Neither agree nor disagree,Disagree,,,,,,,,40.8,26.2,25.5,,,,,,,,Vi-2026-08-12-Opinium-Observer-Web-Data-tables-1707.xlsx,V106 (6)
"2,050 UK adults",12 - 14 August 2026,,,,2007,,current_vote,Reform,"Q:V106. To what extent do you agree or disagree that the Labour Party...
 …knows what it stands for",UNMATCHED,,Agree,Neither agree nor disagree,Disagree,,,,,,,,13.4,18.3,67.4,,,,,,,,Vi-2026-08-12-Opinium-Observer-Web-Data-tables-1707.xlsx,V106 (6)
"2,050 UK adults",12 - 14 August 2026,,,,2007,,current_vote,Green,"Q:V106. To what extent do you agree or disagree that the Labour Party...
 …knows what it stands for",UNMATCHED,,Agree,Neither agree nor disagree,Disagree,,,,,,,,28.0,26.8,38.7,,,,,,,,Vi-2026-08-12-Opinium-Observer-Web-Data-tables-1707.xlsx,V106 (6)
"2,050 UK adults",12 - 14 August 2026,,,,2007,,historic_vote,Conservative,"Q:V106. To what extent do you agree or disagree that the Labour Party...
 …knows what it stands for",UNMATCHED,,Agree,Neither agree nor disagree,Disagree,,,,,,,,20.1,24.7,51.3,,,,,,,,Vi-2026-08-12-Opinium-Observer-Web-Data-tables-1707.xlsx,V106 (6)
"2,050 UK adults",12 - 14 August 2026,,,,2007,,historic_vote,Labour,"Q:V106. To what extent do you agree or disagree that the Labour Party...
 …knows what it stands for",UNMATCHED,,Agree,Neither agree nor disagree,Disagree,,,,,,,,58.1,18.4,19.7,,,,,,,,Vi-2026-08-12-Opinium-Observer-Web-Data-tables-1707.xlsx,V106 (6)
"2,050 UK adults",12 - 14 August 2026,,,,2007,,historic_vote,Lib Dems,"Q:V106. To what extent do you agree or disagree that the Labour Party...
 …knows what it stands for",UNMATCHED,,Agree,Neither agree nor disagree,Disagree,,,,,,,,40.6,21.6,31.4,,,,,,,,Vi-2026-08-12-Opinium-Observer-Web-Data-tables-1707.xlsx,V106 (6)
"2,050 UK adults",12 - 14 August 2026,,,,2007,,historic_vote,Green,"Q:V106. To what extent do you agree or disagree that the Labour Party...
 …knows what it stands for",UNMATCHED,,Agree,Neither agree nor disagree,Disagree,,,,,,,,25.0,26.3,44.8,,,,,,,,Vi-2026-08-12-Opinium-Observer-Web-Data-tables-1707.xlsx,V106 (6)
"2,050 UK adults",12 - 14 August 2026,,,,2007,,historic_vote,Reform UK,"Q:V106. To what extent do you agree or disagree that the Labour Party...
 …knows what it stands for",UNMATCHED,,Agree,Neither agree nor disagree,Disagree,,,,,,,,11.7,16.8,67.8,,,,,,,,Vi-2026-08-12-Opinium-Observer-Web-Data-tables-1707.xlsx,V106 (6)
"2,050 UK adults",12 - 14 August 2026,,,,2007,,historic_vote,Con,"Q:V106. To what extent do you agree or disagree that the Labour Party...
 …knows what it stands for",UNMATCHED,,Agree,Neither agree nor disagree,Disagree,,,,,,,,19.7,20.7,56.1,,,,,,,,Vi-2026-08-12-Opinium-Observer-Web-Data-tables-1707.xlsx,V106 (6)
"2,050 UK adults",12 - 14 August 2026,,,,2007,,historic_vote,Lab,"Q:V106. To what extent do you agree or disagree that the Labour Party...
 …knows what it stands for",UNMATCHED,,Agree,Neither agree nor disagree,Disagree,,,,,,,,53.9,21.2,21.6,,,,,,,,Vi-2026-08-12-Opinium-Observer-Web-Data-tables-1707.xlsx,V106 (6)
"2,050 UK adults",12 - 14 August 2026,,,,2007,,historic_vote,Lib Dem,"Q:V106. To what extent do you agree or disagree that the Labour Party...
 …knows what it stands for",UNMATCHED,,Agree,Neither agree nor disagree,Disagree,,,,,,,,47.1,17.5,30.1,,,,,,,,Vi-2026-08-12-Opinium-Observer-Web-Data-tables-1707.xlsx,V106 (6)
"2,050 UK adults",12 - 14 August 2026,,,,2007,,historic_vote,Remain,"Q:V106. To what extent do you agree or disagree that the Labour Party...
 …knows what it stands for",UNMATCHED,,Agree,Neither agree nor disagree,Disagree,,,,,,,,43.2,22.0,29.0,,,,,,,,Vi-2026-08-12-Opinium-Observer-Web-Data-tables-1707.xlsx,V106 (6)
"2,050 UK adults",12 - 14 August 2026,,,,2007,,historic_vote,Leave,"Q:V106. To what extent do you agree or disagree that the Labour Party...
 …knows what it stands for",UNMATCHED,,Agree,Neither agree nor disagree,Disagree,,,,,,,,23.6,19.6,53.2,,,,,,,,Vi-2026-08-12-Opinium-Observer-Web-Data-tables-1707.xlsx,V106 (6)
"2,050 UK adults",12 - 14 August 2026,,,,2007,,gender,Male,"Q:V106. To what extent do you agree or disagree that the Labour Party...
 …knows what it stands for",UNMATCHED,,Agree,Neither agree nor disagree,Disagree,,,,,,,,33.4,21.5,39.5,,,,,,,,Vi-2026-08-12-Opinium-Observer-Web-Data-tables-1707.xlsx,V106 (6)
"2,050 UK adults",12 - 14 August 2026,,,,2007,,gender,Female,"Q:V106. To what extent do you agree or disagree that the Labour Party...
 …knows what it stands for",UNMATCHED,,Agree,Neither agree nor disagree,Disagree,,,,,,,,31.8,21.5,37.3,,,,,,,,Vi-2026-08-12-Opinium-Observer-Web-Data-tables-1707.xlsx,V106 (6)
"2,050 UK adults",12 - 14 August 2026,,,,2007,,age,18-34,"Q:V106. To what extent do you agree or disagree that the Labour Party...
 …knows what it stands for",UNMATCHED,,Agree,Neither agree nor disagree,Disagree,,,,,,,,40.5,20.4,29.2,,,,,,,,Vi-2026-08-12-Opinium-Observer-Web-Data-tables-1707.xlsx,V106 (6)
"2,050 UK adults",12 - 14 August 2026,,,,2007,,age,35-49,"Q:V106. To what extent do you agree or disagree that the Labour Party...
 …knows what it stands for",UNMATCHED,,Agree,Neither agree nor disagree,Disagree,,,,,,,,31.2,25.4,37.0,,,,,,,,Vi-2026-08-12-Opinium-Observer-Web-Data-tables-1707.xlsx,V106 (6)
"2,050 UK adults",12 - 14 August 2026,,,,2007,,age,50-64,"Q:V106. To what extent do you agree or disagree that the Labour Party...
 …knows what it stands for",UNMATCHED,,Agree,Neither agree nor disagree,Disagree,,,,,,,,32.3,20.5,41.4,,,,,,,,Vi-2026-08-12-Opinium-Observer-Web-Data-tables-1707.xlsx,V106 (6)
"2,050 UK adults",12 - 14 August 2026,,,,2007,,age,65+,"Q:V106. To what extent do you agree or disagree that the Labour Party...
 …knows what it stands for",UNMATCHED,,Agree,Neither agree nor disagree,Disagree,,,,,,,,24.7,19.6,47.7,,,,,,,,Vi-2026-08-12-Opinium-Observer-Web-Data-tables-1707.xlsx,V106 (6)
"2,050 UK adults",12 - 14 August 2026,,,,2007,,region,North,"Q:V106. To what extent do you agree or disagree that the Labour Party...
 …knows what it stands for",UNMATCHED,,Agree,Neither agree nor disagree,Disagree,,,,,,,,37.2,22.1,34.3,,,,,,,,Vi-2026-08-12-Opinium-Observer-Web-Data-tables-1707.xlsx,V106 (6)
"2,050 UK adults",12 - 14 August 2026,,,,2007,,region,Mids,"Q:V106. To what extent do you agree or disagree that the Labour Party...
 …knows what it stands for",UNMATCHED,,Agree,Neither agree nor disagree,Disagree,,,,,,,,27.7,18.6,42.8,,,,,,,,Vi-2026-08-12-Opinium-Observer-Web-Data-tables-1707.xlsx,V106 (6)
"2,050 UK adults",12 - 14 August 2026,,,,2007,,region,London,"Q:V106. To what extent do you agree or disagree that the Labour Party...
 …knows what it stands for",UNMATCHED,,Agree,Neither agree nor disagree,Disagree,,,,,,,,37.3,24.2,35.1,,,,,,,,Vi-2026-08-12-Opinium-Observer-Web-Data-tables-1707.xlsx,V106 (6)
"2,050 UK adults",12 - 14 August 2026,,,,2007,,region,South,"Q:V106. To what extent do you agree or disagree that the Labour Party...
 …knows what it stands for",UNMATCHED,,Agree,Neither agree nor disagree,Disagree,,,,,,,,30.4,22.6,40.6,,,,,,,,Vi-2026-08-12-Opinium-Observer-Web-Data-tables-1707.xlsx,V106 (6)
"2,050 UK adults",12 - 14 August 2026,,,,2007,,region,Wales,"Q:V106. To what extent do you agree or disagree that the Labour Party...
 …knows what it stands for",UNMATCHED,,Agree,Neither agree nor disagree,Disagree,,,,,,,,24.7,17.2,46.4,,,,,,,,Vi-2026-08-12-Opinium-Observer-Web-Data-tables-1707.xlsx,V106 (6)
"2,050 UK adults",12 - 14 August 2026,,,,2007,,region,Scotland,"Q:V106. To what extent do you agree or disagree that the Labour Party...
 …knows what it stands for",UNMATCHED,,Agree,Neither agree nor disagree,Disagree,,,,,,,,33.3,18.5,34.5,,,,,,,,Vi-2026-08-12-Opinium-Observer-Web-Data-tables-1707.xlsx,V106 (6)
"2,050 UK adults",12 - 14 August 2026,,,,2007,,region,Northern Ireland,"Q:V106. To what extent do you agree or disagree that the Labour Party...
 …knows what it stands for",UNMATCHED,,Neither agree nor disagree,,,,,,,,,,,,,,,,,,,,Vi-2026-08-12-Opinium-Observer-Web-Data-tables-1707.xlsx,V106 (6)
"2,050 UK adults",12 - 14 August 2026,,,,2007,,total,Total,"Q:V106. To what extent do you agree or disagree that the Labour Party...
 …can be trusted to take big decisions",UNMATCHED,,Agree,Neither agree nor disagree,Disagree,,,,,,,,29.3,19.5,43.6,,,,,,,,Vi-2026-08-12-Opinium-Observer-Web-Data-tables-1707.xlsx,V106 (7)
"2,050 UK adults",12 - 14 August 2026,,,,2007,,current_vote,Con,"Q:V106. To what extent do you agree or disagree that the Labour Party...
 …can be trusted to take big decisions",UNMATCHED,,Agree,Neither agree nor disagree,Disagree,,,,,,,,15.9,18.8,61.9,,,,,,,,Vi-2026-08-12-Opinium-Observer-Web-Data-tables-1707.xlsx,V106 (7)
"2,050 UK adults",12 - 14 August 2026,,,,2007,,current_vote,Lab,"Q:V106. To what extent do you agree or disagree that the Labour Party...
 …can be trusted to take big decisions",UNMATCHED,,Agree,Neither agree nor disagree,Disagree,,,,,,,,71.8,16.2,7.3,,,,,,,,Vi-2026-08-12-Opinium-Observer-Web-Data-tables-1707.xlsx,V106 (7)
"2,050 UK adults",12 - 14 August 2026,,,,2007,,current_vote,Lib Dem,"Q:V106. To what extent do you agree or disagree that the Labour Party...
 …can be trusted to take big decisions",UNMATCHED,,Agree,Neither agree nor disagree,Disagree,,,,,,,,40.1,25.0,29.9,,,,,,,,Vi-2026-08-12-Opinium-Observer-Web-Data-tables-1707.xlsx,V106 (7)
"2,050 UK adults",12 - 14 August 2026,,,,2007,,current_vote,Reform,"Q:V106. To what extent do you agree or disagree that the Labour Party...
 …can be trusted to take big decisions",UNMATCHED,,Agree,Neither agree nor disagree,Disagree,,,,,,,,6.7,13.2,77.8,,,,,,,,Vi-2026-08-12-Opinium-Observer-Web-Data-tables-1707.xlsx,V106 (7)
"2,050 UK adults",12 - 14 August 2026,,,,2007,,current_vote,Green,"Q:V106. To what extent do you agree or disagree that the Labour Party...
 …can be trusted to take big decisions",UNMATCHED,,Agree,Neither agree nor disagree,Disagree,,,,,,,,33.3,19.7,41.1,,,,,,,,Vi-2026-08-12-Opinium-Observer-Web-Data-tables-1707.xlsx,V106 (7)
"2,050 UK adults",12 - 14 August 2026,,,,2007,,historic_vote,Conservative,"Q:V106. To what extent do you agree or disagree that the Labour Party...
 …can be trusted to take big decisions",UNMATCHED,,Agree,Neither agree nor disagree,Disagree,,,,,,,,13.6,19.7,63.7,,,,,,,,Vi-2026-08-12-Opinium-Observer-Web-Data-tables-1707.xlsx,V106 (7)
"2,050 UK adults",12 - 14 August 2026,,,,2007,,historic_vote,Labour,"Q:V106. To what extent do you agree or disagree that the Labour Party...
 …can be trusted to take big decisions",UNMATCHED,,Agree,Neither agree nor disagree,Disagree,,,,,,,,57.7,17.6,18.9,,,,,,,,Vi-2026-08-12-Opinium-Observer-Web-Data-tables-1707.xlsx,V106 (7)
"2,050 UK adults",12 - 14 August 2026,,,,2007,,historic_vote,Lib Dems,"Q:V106. To what extent do you agree or disagree that the Labour Party...
 …can be trusted to take big decisions",UNMATCHED,,Agree,Neither agree nor disagree,Disagree,,,,,,,,38.9,22.9,32.6,,,,,,,,Vi-2026-08-12-Opinium-Observer-Web-Data-tables-1707.xlsx,V106 (7)
"2,050 UK adults",12 - 14 August 2026,,,,2007,,historic_vote,Green,"Q:V106. To what extent do you agree or disagree that the Labour Party...
 …can be trusted to take big decisions",UNMATCHED,,Agree,Neither agree nor disagree,Disagree,,,,,,,,32.3,16.9,46.9,,,,,,,,Vi-2026-08-12-Opinium-Observer-Web-Data-tables-1707.xlsx,V106 (7)
"2,050 UK adults",12 - 14 August 2026,,,,2007,,historic_vote,Reform UK,"Q:V106. To what extent do you agree or disagree that the Labour Party...
 …can be trusted to take big decisions",UNMATCHED,,Agree,Neither agree nor disagree,Disagree,,,,,,,,6.3,9.6,81.5,,,,,,,,Vi-2026-08-12-Opinium-Observer-Web-Data-tables-1707.xlsx,V106 (7)
"2,050 UK adults",12 - 14 August 2026,,,,2007,,historic_vote,Con,"Q:V106. To what extent do you agree or disagree that the Labour Party...
 …can be trusted to take big decisions",UNMATCHED,,Agree,Neither agree nor disagree,Disagree,,,,,,,,13.7,15.7,66.6,,,,,,,,Vi-2026-08-12-Opinium-Observer-Web-Data-tables-1707.xlsx,V106 (7)
"2,050 UK adults",12 - 14 August 2026,,,,2007,,historic_vote,Lab,"Q:V106. To what extent do you agree or disagree that the Labour Party...
 …can be trusted to take big decisions",UNMATCHED,,Agree,Neither agree nor disagree,Disagree,,,,,,,,56.7,19.2,20.4,,,,,,,,Vi-2026-08-12-Opinium-Observer-Web-Data-tables-1707.xlsx,V106 (7)
"2,050 UK adults",12 - 14 August 2026,,,,2007,,historic_vote,Lib Dem,"Q:V106. To what extent do you agree or disagree that the Labour Party...
 …can be trusted to take big decisions",UNMATCHED,,Agree,Neither agree nor disagree,Disagree,,,,,,,,44.1,18.2,32.4,,,,,,,,Vi-2026-08-12-Opinium-Observer-Web-Data-tables-1707.xlsx,V106 (7)
"2,050 UK adults",12 - 14 August 2026,,,,2007,,historic_vote,Remain,"Q:V106. To what extent do you agree or disagree that the Labour Party...
 …can be trusted to take big decisions",UNMATCHED,,Agree,Neither agree nor disagree,Disagree,,,,,,,,44.1,19.8,30.5,,,,,,,,Vi-2026-08-12-Opinium-Observer-Web-Data-tables-1707.xlsx,V106 (7)
"2,050 UK adults",12 - 14 August 2026,,,,2007,,historic_vote,Leave,"Q:V106. To what extent do you agree or disagree that the Labour Party...
 …can be trusted to take big decisions",UNMATCHED,,Agree,Neither agree nor disagree,Disagree,,,,,,,,17.5,14.8,63.6,,,,,,,,Vi-2026-08-12-Opinium-Observer-Web-Data-tables-1707.xlsx,V106 (7)
"2,050 UK adults",12 - 14 August 2026,,,,2007,,gender,Male,"Q:V106. To what extent do you agree or disagree that the Labour Party...
 …can be trusted to take big decisions",UNMATCHED,,Agree,Neither agree nor disagree,Disagree,,,,,,,,31.6,17.7,45.7,,,,,,,,Vi-2026-08-12-Opinium-Observer-Web-Data-tables-1707.xlsx,V106 (7)
"2,050 UK adults",12 - 14 August 2026,,,,2007,,gender,Female,"Q:V106. To what extent do you agree or disagree that the Labour Party...
 …can be trusted to take big decisions",UNMATCHED,,Agree,Neither agree nor disagree,Disagree,,,,,,,,27.0,21.5,41.5,,,,,,,,Vi-2026-08-12-Opinium-Observer-Web-Data-tables-1707.xlsx,V106 (7)
"2,050 UK adults",12 - 14 August 2026,,,,2007,,age,18-34,"Q:V106. To what extent do you agree or disagree that the Labour Party...
 …can be trusted to take big decisions",UNMATCHED,,Agree,Neither agree nor disagree,Disagree,,,,,,,,33.9,21.6,35.0,,,,,,,,Vi-2026-08-12-Opinium-Observer-Web-Data-tables-1707.xlsx,V106 (7)
"2,050 UK adults",12 - 14 August 2026,,,,2007,,age,35-49,"Q:V106. To what extent do you agree or disagree that the Labour Party...
 …can be trusted to take big decisions",UNMATCHED,,Agree,Neither agree nor disagree,Disagree,,,,,,,,33.9,20.3,39.6,,,,,,,,Vi-2026-08-12-Opinium-Observer-Web-Data-tables-1707.xlsx,V106 (7)
"2,050 UK adults",12 - 14 August 2026,,,,2007,,age,50-64,"Q:V106. To what extent do you agree or disagree that the Labour Party...
 …can be trusted to take big decisions",UNMATCHED,,Agree,Neither agree nor disagree,Disagree,,,,,,,,29.3,19.5,44.4,,,,,,,,Vi-2026-08-12-Opinium-Observer-Web-Data-tables-1707.xlsx,V106 (7)
"2,050 UK adults",12 - 14 August 2026,,,,2007,,age,65+,"Q:V106. To what extent do you agree or disagree that the Labour Party...
 …can be trusted to take big decisions",UNMATCHED,,Agree,Neither agree nor disagree,Disagree,,,,,,,,18.8,16.4,56.8,,,,,,,,Vi-2026-08-12-Opinium-Observer-Web-Data-tables-1707.xlsx,V106 (7)
"2,050 UK adults",12 - 14 August 2026,,,,2007,,region,North,"Q:V106. To what extent do you agree or disagree that the Labour Party...
 …can be trusted to take big decisions",UNMATCHED,,Agree,Neither agree nor disagree,Disagree,,,,,,,,33.9,21.0,39.1,,,,,,,,Vi-2026-08-12-Opinium-Observer-Web-Data-tables-1707.xlsx,V106 (7)
"2,050 UK adults",12 - 14 August 2026,,,,2007,,region,Mids,"Q:V106. To what extent do you agree or disagree that the Labour Party...
 …can be trusted to take big decisions",UNMATCHED,,Agree,Neither agree nor disagree,Disagree,,,,,,,,26.8,19.9,44.9,,,,,,,,Vi-2026-08-12-Opinium-Observer-Web-Data-tables-1707.xlsx,V106 (7)
"2,050 UK adults",12 - 14 August 2026,,,,2007,,region,London,"Q:V106. To what extent do you agree or disagree that the Labour Party...
 …can be trusted to take big decisions",UNMATCHED,,Agree,Neither agree nor disagree,Disagree,,,,,,,,34.0,22.3,41.4,,,,,,,,Vi-2026-08-12-Opinium-Observer-Web-Data-tables-1707.xlsx,V106 (7)
"2,050 UK adults",12 - 14 August 2026,,,,2007,,region,South,"Q:V106. To what extent do you agree or disagree that the Labour Party...
 …can be trusted to take big decisions",UNMATCHED,,Agree,Neither agree nor disagree,Disagree,,,,,,,,26.8,17.4,48.6,,,,,,,,Vi-2026-08-12-Opinium-Observer-Web-Data-tables-1707.xlsx,V106 (7)
"2,050 UK adults",12 - 14 August 2026,,,,2007,,region,Wales,"Q:V106. To what extent do you agree or disagree that the Labour Party...
 …can be trusted to take big decisions",UNMATCHED,,Agree,Neither agree nor disagree,Disagree,,,,,,,,23.7,17.2,45.4,,,,,,,,Vi-2026-08-12-Opinium-Observer-Web-Data-tables-1707.xlsx,V106 (7)
"2,050 UK adults",12 - 14 August 2026,,,,2007,,region,Scotland,"Q:V106. To what extent do you agree or disagree that the Labour Party...
 …can be trusted to take big decisions",UNMATCHED,,Agree,Neither agree nor disagree,Disagree,,,,,,,,25.7,20.1,36.3,,,,,,,,Vi-2026-08-12-Opinium-Observer-Web-Data-tables-1707.xlsx,V106 (7)
"2,050 UK adults",12 - 14 August 2026,,,,2007,,region,Northern Ireland,"Q:V106. To what extent do you agree or disagree that the Labour Party...
 …can be trusted to take big decisions",UNMATCHED,,Neither agree nor disagree,,,,,,,,,,,,,,,,,,,,Vi-2026-08-12-Opinium-Observer-Web-Data-tables-1707.xlsx,V106 (7)
"2,050 UK adults",12 - 14 August 2026,,,,2007,,total,Total,"Q:V106. To what extent do you agree or disagree that the Labour Party...
 …is competent",UNMATCHED,,Agree,Neither agree nor disagree,Disagree,,,,,,,,29.2,22.4,40.9,,,,,,,,Vi-2026-08-12-Opinium-Observer-Web-Data-tables-1707.xlsx,V106 (8)
"2,050 UK adults",12 - 14 August 2026,,,,2007,,current_vote,Con,"Q:V106. To what extent do you agree or disagree that the Labour Party...
 …is competent",UNMATCHED,,Agree,Neither agree nor disagree,Disagree,,,,,,,,12.2,25.7,58.5,,,,,,,,Vi-2026-08-12-Opinium-Observer-Web-Data-tables-1707.xlsx,V106 (8)
"2,050 UK adults",12 - 14 August 2026,,,,2007,,current_vote,Lab,"Q:V106. To what extent do you agree or disagree that the Labour Party...
 …is competent",UNMATCHED,,Agree,Neither agree nor disagree,Disagree,,,,,,,,71.1,18.7,5.5,,,,,,,,Vi-2026-08-12-Opinium-Observer-Web-Data-tables-1707.xlsx,V106 (8)
"2,050 UK adults",12 - 14 August 2026,,,,2007,,current_vote,Lib Dem,"Q:V106. To what extent do you agree or disagree that the Labour Party...
 …is competent",UNMATCHED,,Agree,Neither agree nor disagree,Disagree,,,,,,,,42.7,24.0,28.0,,,,,,,,Vi-2026-08-12-Opinium-Observer-Web-Data-tables-1707.xlsx,V106 (8)
"2,050 UK adults",12 - 14 August 2026,,,,2007,,current_vote,Reform,"Q:V106. To what extent do you agree or disagree that the Labour Party...
 …is competent",UNMATCHED,,Agree,Neither agree nor disagree,Disagree,,,,,,,,9.0,11.9,77.5,,,,,,,,Vi-2026-08-12-Opinium-Observer-Web-Data-tables-1707.xlsx,V106 (8)
"2,050 UK adults",12 - 14 August 2026,,,,2007,,current_vote,Green,"Q:V106. To what extent do you agree or disagree that the Labour Party...
 …is competent",UNMATCHED,,Agree,Neither agree nor disagree,Disagree,,,,,,,,34.5,23.8,36.9,,,,,,,,Vi-2026-08-12-Opinium-Observer-Web-Data-tables-1707.xlsx,V106 (8)
"2,050 UK adults",12 - 14 August 2026,,,,2007,,historic_vote,Conservative,"Q:V106. To what extent do you agree or disagree that the Labour Party...
 …is competent",UNMATCHED,,Agree,Neither agree nor disagree,Disagree,,,,,,,,9.7,25.1,61.7,,,,,,,,Vi-2026-08-12-Opinium-Observer-Web-Data-tables-1707.xlsx,V106 (8)
"2,050 UK adults",12 - 14 August 2026,,,,2007,,historic_vote,Labour,"Q:V106. To what extent do you agree or disagree that the Labour Party...
 …is competent",UNMATCHED,,Agree,Neither agree nor disagree,Disagree,,,,,,,,57.7,19.4,18.5,,,,,,,,Vi-2026-08-12-Opinium-Observer-Web-Data-tables-1707.xlsx,V106 (8)
"2,050 UK adults",12 - 14 August 2026,,,,2007,,historic_vote,Lib Dems,"Q:V106. To what extent do you agree or disagree that the Labour Party...
 …is competent",UNMATCHED,,Agree,Neither agree nor disagree,Disagree,,,,,,,,37.7,23.8,32.0,,,,,,,,Vi-2026-08-12-Opinium-Observer-Web-Data-tables-1707.xlsx,V106 (8)
"2,050 UK adults",12 - 14 August 2026,,,,2007,,historic_vote,Green,"Q:V106. To what extent do you agree or disagree that the Labour Party...
 …is competent",UNMATCHED,,Agree,Neither agree nor disagree,Disagree,,,,,,,,34.4,28.8,34.4,,,,,,,,Vi-2026-08-12-Opinium-Observer-Web-Data-tables-1707.xlsx,V106 (8)
"2,050 UK adults",12 - 14 August 2026,,,,2007,,historic_vote,Reform UK,"Q:V106. To what extent do you agree or disagree that the Labour Party...
 …is competent",UNMATCHED,,Agree,Neither agree nor disagree,Disagree,,,,,,,,7.3,9.6,80.5,,,,,,,,Vi-2026-08-12-Opinium-Observer-Web-Data-tables-1707.xlsx,V106 (8)
"2,050 UK adults",12 - 14 August 2026,,,,2007,,historic_vote,Con,"Q:V106. To what extent do you agree or disagree that the Labour Party...
 …is competent",UNMATCHED,,Agree,Neither agree nor disagree,Disagree,,,,,,,,12.1,19.2,64.7,,,,,,,,Vi-2026-08-12-Opinium-Observer-Web-Data-tables-1707.xlsx,V106 (8)
"2,050 UK adults",12 - 14 August 2026,,,,2007,,historic_vote,Lab,"Q:V106. To what extent do you agree or disagree that the Labour Party...
 …is competent",UNMATCHED,,Agree,Neither agree nor disagree,Disagree,,,,,,,,55.0,22.8,17.8,,,,,,,,Vi-2026-08-12-Opinium-Observer-Web-Data-tables-1707.xlsx,V106 (8)
"2,050 UK adults",12 - 14 August 2026,,,,2007,,historic_vote,Lib Dem,"Q:V106. To what extent do you agree or disagree that the Labour Party...
 …is competent",UNMATCHED,,Agree,Neither agree nor disagree,Disagree,,,,,,,,46.3,22.3,28.7,,,,,,,,Vi-2026-08-12-Opinium-Observer-Web-Data-tables-1707.xlsx,V106 (8)
"2,050 UK adults",12 - 14 August 2026,,,,2007,,historic_vote,Remain,"Q:V106. To what extent do you agree or disagree that the Labour Party...
 …is competent",UNMATCHED,,Agree,Neither agree nor disagree,Disagree,,,,,,,,44.6,22.0,28.4,,,,,,,,Vi-2026-08-12-Opinium-Observer-Web-Data-tables-1707.xlsx,V106 (8)
"2,050 UK adults",12 - 14 August 2026,,,,2007,,historic_vote,Leave,"Q:V106. To what extent do you agree or disagree that the Labour Party...
 …is competent",UNMATCHED,,Agree,Neither agree nor disagree,Disagree,,,,,,,,16.4,19.0,60.2,,,,,,,,Vi-2026-08-12-Opinium-Observer-Web-Data-tables-1707.xlsx,V106 (8)
"2,050 UK adults",12 - 14 August 2026,,,,2007,,gender,Male,"Q:V106. To what extent do you agree or disagree that the Labour Party...
 …is competent",UNMATCHED,,Agree,Neither agree nor disagree,Disagree,,,,,,,,30.9,19.5,44.1,,,,,,,,Vi-2026-08-12-Opinium-Observer-Web-Data-tables-1707.xlsx,V106 (8)
"2,050 UK adults",12 - 14 August 2026,,,,2007,,gender,Female,"Q:V106. To what extent do you agree or disagree that the Labour Party...
 …is competent",UNMATCHED,,Agree,Neither agree nor disagree,Disagree,,,,,,,,27.9,25.2,37.6,,,,,,,,Vi-2026-08-12-Opinium-Observer-Web-Data-tables-1707.xlsx,V106 (8)
"2,050 UK adults",12 - 14 August 2026,,,,2007,,age,18-34,"Q:V106. To what extent do you agree or disagree that the Labour Party...
 …is competent",UNMATCHED,,Agree,Neither agree nor disagree,Disagree,,,,,,,,35.4,23.4,31.4,,,,,,,,Vi-2026-08-12-Opinium-Observer-Web-Data-tables-1707.xlsx,V106 (8)
"2,050 UK adults",12 - 14 August 2026,,,,2007,,age,35-49,"Q:V106. To what extent do you agree or disagree that the Labour Party...
 …is competent",UNMATCHED,,Agree,Neither agree nor disagree,Disagree,,,,,,,,33.5,24.7,35.7,,,,,,,,Vi-2026-08-12-Opinium-Observer-Web-Data-tables-1707.xlsx,V106 (8)
"2,050 UK adults",12 - 14 August 2026,,,,2007,,age,50-64,"Q:V106. To what extent do you agree or disagree that the Labour Party...
 …is competent",UNMATCHED,,Agree,Neither agree nor disagree,Disagree,,,,,,,,28.7,21.5,43.6,,,,,,,,Vi-2026-08-12-Opinium-Observer-Web-Data-tables-1707.xlsx,V106 (8)
"2,050 UK adults",12 - 14 August 2026,,,,2007,,age,65+,"Q:V106. To what extent do you agree or disagree that the Labour Party...
 …is competent",UNMATCHED,,Agree,Neither agree nor disagree,Disagree,,,,,,,,18.4,19.8,54.2,,,,,,,,Vi-2026-08-12-Opinium-Observer-Web-Data-tables-1707.xlsx,V106 (8)
"2,050 UK adults",12 - 14 August 2026,,,,2007,,region,North,"Q:V106. To what extent do you agree or disagree that the Labour Party...
 …is competent",UNMATCHED,,Agree,Neither agree nor disagree,Disagree,,,,,,,,35.3,22.4,35.5,,,,,,,,Vi-2026-08-12-Opinium-Observer-Web-Data-tables-1707.xlsx,V106 (8)
"2,050 UK adults",12 - 14 August 2026,,,,2007,,region,Mids,"Q:V106. To what extent do you agree or disagree that the Labour Party...
 …is competent",UNMATCHED,,Agree,Neither agree nor disagree,Disagree,,,,,,,,24.1,24.2,43.4,,,,,,,,Vi-2026-08-12-Opinium-Observer-Web-Data-tables-1707.xlsx,V106 (8)
"2,050 UK adults",12 - 14 August 2026,,,,2007,,region,London,"Q:V106. To what extent do you agree or disagree that the Labour Party...
 …is competent",UNMATCHED,,Agree,Neither agree nor disagree,Disagree,,,,,,,,30.2,26.3,40.3,,,,,,,,Vi-2026-08-12-Opinium-Observer-Web-Data-tables-1707.xlsx,V106 (8)
"2,050 UK adults",12 - 14 August 2026,,,,2007,,region,South,"Q:V106. To what extent do you agree or disagree that the Labour Party...
 …is competent",UNMATCHED,,Agree,Neither agree nor disagree,Disagree,,,,,,,,28.0,19.8,45.4,,,,,,,,Vi-2026-08-12-Opinium-Observer-Web-Data-tables-1707.xlsx,V106 (8)
"2,050 UK adults",12 - 14 August 2026,,,,2007,,region,Wales,"Q:V106. To what extent do you agree or disagree that the Labour Party...
 …is competent",UNMATCHED,,Agree,Neither agree nor disagree,Disagree,,,,,,,,24.7,18.3,42.3,,,,,,,,Vi-2026-08-12-Opinium-Observer-Web-Data-tables-1707.xlsx,V106 (8)
"2,050 UK adults",12 - 14 August 2026,,,,2007,,region,Scotland,"Q:V106. To what extent do you agree or disagree that the Labour Party...
 …is competent",UNMATCHED,,Agree,Neither agree nor disagree,Disagree,,,,,,,,28.1,25.2,32.2,,,,,,,,Vi-2026-08-12-Opinium-Observer-Web-Data-tables-1707.xlsx,V106 (8)
"2,050 UK adults",12 - 14 August 2026,,,,2007,,region,Northern Ireland,"Q:V106. To what extent do you agree or disagree that the Labour Party...
 …is competent",UNMATCHED,,Neither agree nor disagree,,,,,,,,,,,,,,,,,,,,Vi-2026-08-12-Opinium-Observer-Web-Data-tables-1707.xlsx,V106 (8)
"2,050 UK adults",12 - 14 August 2026,,,,2007,,total,Total,"Q:V106. To what extent do you agree or disagree that the Labour Party...
 …is united",UNMATCHED,,Agree,Neither agree nor disagree,Disagree,,,,,,,,29.6,20.8,41.4,,,,,,,,Vi-2026-08-12-Opinium-Observer-Web-Data-tables-1707.xlsx,V106 (9)
"2,050 UK adults",12 - 14 August 2026,,,,2007,,current_vote,Con,"Q:V106. To what extent do you agree or disagree that the Labour Party...
 …is united",UNMATCHED,,Agree,Neither agree nor disagree,Disagree,,,,,,,,18.5,22.6,53.7,,,,,,,,Vi-2026-08-12-Opinium-Observer-Web-Data-tables-1707.xlsx,V106 (9)
"2,050 UK adults",12 - 14 August 2026,,,,2007,,current_vote,Lab,"Q:V106. To what extent do you agree or disagree that the Labour Party...
 …is united",UNMATCHED,,Agree,Neither agree nor disagree,Disagree,,,,,,,,64.7,18.2,12.6,,,,,,,,Vi-2026-08-12-Opinium-Observer-Web-Data-tables-1707.xlsx,V106 (9)
"2,050 UK adults",12 - 14 August 2026,,,,2007,,current_vote,Lib Dem,"Q:V106. To what extent do you agree or disagree that the Labour Party...
 …is united",UNMATCHED,,Agree,Neither agree nor disagree,Disagree,,,,,,,,42.0,20.9,29.3,,,,,,,,Vi-2026-08-12-Opinium-Observer-Web-Data-tables-1707.xlsx,V106 (9)
"2,050 UK adults",12 - 14 August 2026,,,,2007,,current_vote,Reform,"Q:V106. To what extent do you agree or disagree that the Labour Party...
 …is united",UNMATCHED,,Agree,Neither agree nor disagree,Disagree,,,,,,,,10.6,16.7,70.3,,,,,,,,Vi-2026-08-12-Opinium-Observer-Web-Data-tables-1707.xlsx,V106 (9)
"2,050 UK adults",12 - 14 August 2026,,,,2007,,current_vote,Green,"Q:V106. To what extent do you agree or disagree that the Labour Party...
 …is united",UNMATCHED,,Agree,Neither agree nor disagree,Disagree,,,,,,,,29.8,25.1,39.9,,,,,,,,Vi-2026-08-12-Opinium-Observer-Web-Data-tables-1707.xlsx,V106 (9)
"2,050 UK adults",12 - 14 August 2026,,,,2007,,historic_vote,Conservative,"Q:V106. To what extent do you agree or disagree that the Labour Party...
 …is united",UNMATCHED,,Agree,Neither agree nor disagree,Disagree,,,,,,,,17.1,23.2,54.9,,,,,,,,Vi-2026-08-12-Opinium-Observer-Web-Data-tables-1707.xlsx,V106 (9)
"2,050 UK adults",12 - 14 August 2026,,,,2007,,historic_vote,Labour,"Q:V106. To what extent do you agree or disagree that the Labour Party...
 …is united",UNMATCHED,,Agree,Neither agree nor disagree,Disagree,,,,,,,,54.4,18.4,23.0,,,,,,,,Vi-2026-08-12-Opinium-Observer-Web-Data-tables-1707.xlsx,V106 (9)
"2,050 UK adults",12 - 14 August 2026,,,,2007,,historic_vote,Lib Dems,"Q:V106. To what extent do you agree or disagree that the Labour Party...
 …is united",UNMATCHED,,Agree,Neither agree nor disagree,Disagree,,,,,,,,39.4,20.1,33.1,,,,,,,,Vi-2026-08-12-Opinium-Observer-Web-Data-tables-1707.xlsx,V106 (9)
"2,050 UK adults",12 - 14 August 2026,,,,2007,,historic_vote,Green,"Q:V106. To what extent do you agree or disagree that the Labour Party...
 …is united",UNMATCHED,,Agree,Neither agree nor disagree,Disagree,,,,,,,,24.0,22.5,50.0,,,,,,,,Vi-2026-08-12-Opinium-Observer-Web-Data-tables-1707.xlsx,V106 (9)
"2,050 UK adults",12 - 14 August 2026,,,,2007,,historic_vote,Reform UK,"Q:V106. To what extent do you agree or disagree that the Labour Party...
 …is united",UNMATCHED,,Agree,Neither agree nor disagree,Disagree,,,,,,,,7.3,20.1,66.8,,,,,,,,Vi-2026-08-12-Opinium-Observer-Web-Data-tables-1707.xlsx,V106 (9)
"2,050 UK adults",12 - 14 August 2026,,,,2007,,historic_vote,Con,"Q:V106. To what extent do you agree or disagree that the Labour Party...
 …is united",UNMATCHED,,Agree,Neither agree nor disagree,Disagree,,,,,,,,17.0,20.5,57.1,,,,,,,,Vi-2026-08-12-Opinium-Observer-Web-Data-tables-1707.xlsx,V106 (9)
"2,050 UK adults",12 - 14 August 2026,,,,2007,,historic_vote,Lab,"Q:V106. To what extent do you agree or disagree that the Labour Party...
 …is united",UNMATCHED,,Agree,Neither agree nor disagree,Disagree,,,,,,,,53.4,16.2,26.7,,,,,,,,Vi-2026-08-12-Opinium-Observer-Web-Data-tables-1707.xlsx,V106 (9)
"2,050 UK adults",12 - 14 August 2026,,,,2007,,historic_vote,Lib Dem,"Q:V106. To what extent do you agree or disagree that the Labour Party...
 …is united",UNMATCHED,,Agree,Neither agree nor disagree,Disagree,,,,,,,,41.2,20.6,31.6,,,,,,,,Vi-2026-08-12-Opinium-Observer-Web-Data-tables-1707.xlsx,V106 (9)
"2,050 UK adults",12 - 14 August 2026,,,,2007,,historic_vote,Remain,"Q:V106. To what extent do you agree or disagree that the Labour Party...
 …is united",UNMATCHED,,Agree,Neither agree nor disagree,Disagree,,,,,,,,41.4,19.7,33.0,,,,,,,,Vi-2026-08-12-Opinium-Observer-Web-Data-tables-1707.xlsx,V106 (9)
"2,050 UK adults",12 - 14 August 2026,,,,2007,,historic_vote,Leave,"Q:V106. To what extent do you agree or disagree that the Labour Party...
 …is united",UNMATCHED,,Agree,Neither agree nor disagree,Disagree,,,,,,,,20.2,19.2,55.2,,,,,,,,Vi-2026-08-12-Opinium-Observer-Web-Data-tables-1707.xlsx,V106 (9)
"2,050 UK adults",12 - 14 August 2026,,,,2007,,gender,Male,"Q:V106. To what extent do you agree or disagree that the Labour Party...
 …is united",UNMATCHED,,Agree,Neither agree nor disagree,Disagree,,,,,,,,31.5,18.9,43.5,,,,,,,,Vi-2026-08-12-Opinium-Observer-Web-Data-tables-1707.xlsx,V106 (9)
"2,050 UK adults",12 - 14 August 2026,,,,2007,,gender,Female,"Q:V106. To what extent do you agree or disagree that the Labour Party...
 …is united",UNMATCHED,,Agree,Neither agree nor disagree,Disagree,,,,,,,,28.0,22.6,39.3,,,,,,,,Vi-2026-08-12-Opinium-Observer-Web-Data-tables-1707.xlsx,V106 (9)
"2,050 UK adults",12 - 14 August 2026,,,,2007,,age,18-34,"Q:V106. To what extent do you agree or disagree that the Labour Party...
 …is united",UNMATCHED,,Agree,Neither agree nor disagree,Disagree,,,,,,,,36.8,21.2,33.6,,,,,,,,Vi-2026-08-12-Opinium-Observer-Web-Data-tables-1707.xlsx,V106 (9)
"2,050 UK adults",12 - 14 August 2026,,,,2007,,age,35-49,"Q:V106. To what extent do you agree or disagree that the Labour Party...
 …is united",UNMATCHED,,Agree,Neither agree nor disagree,Disagree,,,,,,,,29.6,21.0,42.5,,,,,,,,Vi-2026-08-12-Opinium-Observer-Web-Data-tables-1707.xlsx,V106 (9)
"2,050 UK adults",12 - 14 August 2026,,,,2007,,age,50-64,"Q:V106. To what extent do you agree or disagree that the Labour Party...
 …is united",UNMATCHED,,Agree,Neither agree nor disagree,Disagree,,,,,,,,29.7,19.1,42.6,,,,,,,,Vi-2026-08-12-Opinium-Observer-Web-Data-tables-1707.xlsx,V106 (9)
"2,050 UK adults",12 - 14 August 2026,,,,2007,,age,65+,"Q:V106. To what extent do you agree or disagree that the Labour Party...
 …is united",UNMATCHED,,Agree,Neither agree nor disagree,Disagree,,,,,,,,21.3,22.1,48.7,,,,,,,,Vi-2026-08-12-Opinium-Observer-Web-Data-tables-1707.xlsx,V106 (9)
"2,050 UK adults",12 - 14 August 2026,,,,2007,,region,North,"Q:V106. To what extent do you agree or disagree that the Labour Party...
 …is united",UNMATCHED,,Agree,Neither agree nor disagree,Disagree,,,,,,,,34.5,22.4,36.6,,,,,,,,Vi-2026-08-12-Opinium-Observer-Web-Data-tables-1707.xlsx,V106 (9)
"2,050 UK adults",12 - 14 August 2026,,,,2007,,region,Mids,"Q:V106. To what extent do you agree or disagree that the Labour Party...
 …is united",UNMATCHED,,Agree,Neither agree nor disagree,Disagree,,,,,,,,27.7,19.1,43.1,,,,,,,,Vi-2026-08-12-Opinium-Observer-Web-Data-tables-1707.xlsx,V106 (9)
"2,050 UK adults",12 - 14 August 2026,,,,2007,,region,London,"Q:V106. To what extent do you agree or disagree that the Labour Party...
 …is united",UNMATCHED,,Agree,Neither agree nor disagree,Disagree,,,,,,,,31.0,20.6,44.0,,,,,,,,Vi-2026-08-12-Opinium-Observer-Web-Data-tables-1707.xlsx,V106 (9)
"2,050 UK adults",12 - 14 August 2026,,,,2007,,region,South,"Q:V106. To what extent do you agree or disagree that the Labour Party...
 …is united",UNMATCHED,,Agree,Neither agree nor disagree,Disagree,,,,,,,,27.7,20.8,44.2,,,,,,,,Vi-2026-08-12-Opinium-Observer-Web-Data-tables-1707.xlsx,V106 (9)
"2,050 UK adults",12 - 14 August 2026,,,,2007,,region,Wales,"Q:V106. To what extent do you agree or disagree that the Labour Party...
 …is united",UNMATCHED,,Agree,Neither agree nor disagree,Disagree,,,,,,,,24.7,17.2,44.3,,,,,,,,Vi-2026-08-12-Opinium-Observer-Web-Data-tables-1707.xlsx,V106 (9)
"2,050 UK adults",12 - 14 August 2026,,,,2007,,region,Scotland,"Q:V106. To what extent do you agree or disagree that the Labour Party...
 …is united",UNMATCHED,,Agree,Neither agree nor disagree,Disagree,,,,,,,,27.5,22.6,36.3,,,,,,,,Vi-2026-08-12-Opinium-Observer-Web-Data-tables-1707.xlsx,V106 (9)
"2,050 UK adults",12 - 14 August 2026,,,,2007,,region,Northern Ireland,"Q:V106. To what extent do you agree or disagree that the Labour Party...
 …is united",UNMATCHED,,Neither agree nor disagree,,,,,,,,,,,,,,,,,,,,Vi-2026-08-12-Opinium-Observer-Web-Data-tables-1707.xlsx,V106 (9)
"2,050 UK adults",12 - 14 August 2026,,,,2007,,total,Total,"Q:V106. To what extent do you agree or disagree that the Labour Party...
 …is tolerant",UNMATCHED,,Agree,Neither agree nor disagree,Disagree,,,,,,,,34.4,24.4,32.3,,,,,,,,Vi-2026-08-12-Opinium-Observer-Web-Data-tables-1707.xlsx,V106 (10)
"2,050 UK adults",12 - 14 August 2026,,,,2007,,current_vote,Con,"Q:V106. To what extent do you agree or disagree that the Labour Party...
 …is tolerant",UNMATCHED,,Agree,Neither agree nor disagree,Disagree,,,,,,,,22.6,28.9,41.5,,,,,,,,Vi-2026-08-12-Opinium-Observer-Web-Data-tables-1707.xlsx,V106 (10)
"2,050 UK adults",12 - 14 August 2026,,,,2007,,current_vote,Lab,"Q:V106. To what extent do you agree or disagree that the Labour Party...
 …is tolerant",UNMATCHED,,Agree,Neither agree nor disagree,Disagree,,,,,,,,73.9,17.1,4.7,,,,,,,,Vi-2026-08-12-Opinium-Observer-Web-Data-tables-1707.xlsx,V106 (10)
"2,050 UK adults",12 - 14 August 2026,,,,2007,,current_vote,Lib Dem,"Q:V106. To what extent do you agree or disagree that the Labour Party...
 …is tolerant",UNMATCHED,,Agree,Neither agree nor disagree,Disagree,,,,,,,,52.2,18.3,23.6,,,,,,,,Vi-2026-08-12-Opinium-Observer-Web-Data-tables-1707.xlsx,V106 (10)
"2,050 UK adults",12 - 14 August 2026,,,,2007,,current_vote,Reform,"Q:V106. To what extent do you agree or disagree that the Labour Party...
 …is tolerant",UNMATCHED,,Agree,Neither agree nor disagree,Disagree,,,,,,,,15.0,20.9,61.0,,,,,,,,Vi-2026-08-12-Opinium-Observer-Web-Data-tables-1707.xlsx,V106 (10)
"2,050 UK adults",12 - 14 August 2026,,,,2007,,current_vote,Green,"Q:V106. To what extent do you agree or disagree that the Labour Party...
 …is tolerant",UNMATCHED,,Agree,Neither agree nor disagree,Disagree,,,,,,,,33.9,29.4,29.8,,,,,,,,Vi-2026-08-12-Opinium-Observer-Web-Data-tables-1707.xlsx,V106 (10)
"2,050 UK adults",12 - 14 August 2026,,,,2007,,historic_vote,Conservative,"Q:V106. To what extent do you agree or disagree that the Labour Party...
 …is tolerant",UNMATCHED,,Agree,Neither agree nor disagree,Disagree,,,,,,,,17.4,31.4,44.2,,,,,,,,Vi-2026-08-12-Opinium-Observer-Web-Data-tables-1707.xlsx,V106 (10)
"2,050 UK adults",12 - 14 August 2026,,,,2007,,historic_vote,Labour,"Q:V106. To what extent do you agree or disagree that the Labour Party...
 …is tolerant",UNMATCHED,,Agree,Neither agree nor disagree,Disagree,,,,,,,,62.2,19.5,12.4,,,,,,,,Vi-2026-08-12-Opinium-Observer-Web-Data-tables-1707.xlsx,V106 (10)
"2,050 UK adults",12 - 14 August 2026,,,,2007,,historic_vote,Lib Dems,"Q:V106. To what extent do you agree or disagree that the Labour Party...
 …is tolerant",UNMATCHED,,Agree,Neither agree nor disagree,Disagree,,,,,,,,48.6,18.5,26.3,,,,,,,,Vi-2026-08-12-Opinium-Observer-Web-Data-tables-1707.xlsx,V106 (10)
"2,050 UK adults",12 - 14 August 2026,,,,2007,,historic_vote,Green,"Q:V106. To what extent do you agree or disagree that the Labour Party...
 …is tolerant",UNMATCHED,,Agree,Neither agree nor disagree,Disagree,,,,,,,,33.3,26.4,39.6,,,,,,,,Vi-2026-08-12-Opinium-Observer-Web-Data-tables-1707.xlsx,V106 (10)
"2,050 UK adults",12 - 14 August 2026,,,,2007,,historic_vote,Reform UK,"Q:V106. To what extent do you agree or disagree that the Labour Party...
 …is tolerant",UNMATCHED,,Agree,Neither agree nor disagree,Disagree,,,,,,,,11.2,19.9,64.9,,,,,,,,Vi-2026-08-12-Opinium-Observer-Web-Data-tables-1707.xlsx,V106 (10)
"2,050 UK adults",12 - 14 August 2026,,,,2007,,historic_vote,Con,"Q:V106. To what extent do you agree or disagree that the Labour Party...
 …is tolerant",UNMATCHED,,Agree,Neither agree nor disagree,Disagree,,,,,,,,18.5,26.5,48.3,,,,,,,,Vi-2026-08-12-Opinium-Observer-Web-Data-tables-1707.xlsx,V106 (10)
"2,050 UK adults",12 - 14 August 2026,,,,2007,,historic_vote,Lab,"Q:V106. To what extent do you agree or disagree that the Labour Party...
 …is tolerant",UNMATCHED,,Agree,Neither agree nor disagree,Disagree,,,,,,,,59.0,21.0,15.2,,,,,,,,Vi-2026-08-12-Opinium-Observer-Web-Data-tables-1707.xlsx,V106 (10)
"2,050 UK adults",12 - 14 August 2026,,,,2007,,historic_vote,Lib Dem,"Q:V106. To what extent do you agree or disagree that the Labour Party...
 …is tolerant",UNMATCHED,,Agree,Neither agree nor disagree,Disagree,,,,,,,,52.9,18.2,23.5,,,,,,,,Vi-2026-08-12-Opinium-Observer-Web-Data-tables-1707.xlsx,V106 (10)
"2,050 UK adults",12 - 14 August 2026,,,,2007,,historic_vote,Remain,"Q:V106. To what extent do you agree or disagree that the Labour Party...
 …is tolerant",UNMATCHED,,Agree,Neither agree nor disagree,Disagree,,,,,,,,47.6,22.7,22.8,,,,,,,,Vi-2026-08-12-Opinium-Observer-Web-Data-tables-1707.xlsx,V106 (10)
"2,050 UK adults",12 - 14 August 2026,,,,2007,,historic_vote,Leave,"Q:V106. To what extent do you agree or disagree that the Labour Party...
 …is tolerant",UNMATCHED,,Agree,Neither agree nor disagree,Disagree,,,,,,,,22.8,23.7,47.4,,,,,,,,Vi-2026-08-12-Opinium-Observer-Web-Data-tables-1707.xlsx,V106 (10)
"2,050 UK adults",12 - 14 August 2026,,,,2007,,gender,Male,"Q:V106. To what extent do you agree or disagree that the Labour Party...
 …is tolerant",UNMATCHED,,Agree,Neither agree nor disagree,Disagree,,,,,,,,36.3,22.4,34.5,,,,,,,,Vi-2026-08-12-Opinium-Observer-Web-Data-tables-1707.xlsx,V106 (10)
"2,050 UK adults",12 - 14 August 2026,,,,2007,,gender,Female,"Q:V106. To what extent do you agree or disagree that the Labour Party...
 …is tolerant",UNMATCHED,,Agree,Neither agree nor disagree,Disagree,,,,,,,,32.9,26.2,30.1,,,,,,,,Vi-2026-08-12-Opinium-Observer-Web-Data-tables-1707.xlsx,V106 (10)
"2,050 UK adults",12 - 14 August 2026,,,,2007,,age,18-34,"Q:V106. To what extent do you agree or disagree that the Labour Party...
 …is tolerant",UNMATCHED,,Agree,Neither agree nor disagree,Disagree,,,,,,,,41.7,23.5,24.3,,,,,,,,Vi-2026-08-12-Opinium-Observer-Web-Data-tables-1707.xlsx,V106 (10)
"2,050 UK adults",12 - 14 August 2026,,,,2007,,age,35-49,"Q:V106. To what extent do you agree or disagree that the Labour Party...
 …is tolerant",UNMATCHED,,Agree,Neither agree nor disagree,Disagree,,,,,,,,35.3,25.4,32.9,,,,,,,,Vi-2026-08-12-Opinium-Observer-Web-Data-tables-1707.xlsx,V106 (10)
"2,050 UK adults",12 - 14 August 2026,,,,2007,,age,50-64,"Q:V106. To what extent do you agree or disagree that the Labour Party...
 …is tolerant",UNMATCHED,,Agree,Neither agree nor disagree,Disagree,,,,,,,,36.8,22.6,31.9,,,,,,,,Vi-2026-08-12-Opinium-Observer-Web-Data-tables-1707.xlsx,V106 (10)
"2,050 UK adults",12 - 14 August 2026,,,,2007,,age,65+,"Q:V106. To what extent do you agree or disagree that the Labour Party...
 …is tolerant",UNMATCHED,,Agree,Neither agree nor disagree,Disagree,,,,,,,,22.6,26.4,41.3,,,,,,,,Vi-2026-08-12-Opinium-Observer-Web-Data-tables-1707.xlsx,V106 (10)
"2,050 UK adults",12 - 14 August 2026,,,,2007,,region,North,"Q:V106. To what extent do you agree or disagree that the Labour Party...
 …is tolerant",UNMATCHED,,Agree,Neither agree nor disagree,Disagree,,,,,,,,39.5,24.4,27.9,,,,,,,,Vi-2026-08-12-Opinium-Observer-Web-Data-tables-1707.xlsx,V106 (10)
"2,050 UK adults",12 - 14 August 2026,,,,2007,,region,Mids,"Q:V106. To what extent do you agree or disagree that the Labour Party...
 …is tolerant",UNMATCHED,,Agree,Neither agree nor disagree,Disagree,,,,,,,,30.7,23.7,35.5,,,,,,,,Vi-2026-08-12-Opinium-Observer-Web-Data-tables-1707.xlsx,V106 (10)
"2,050 UK adults",12 - 14 August 2026,,,,2007,,region,London,"Q:V106. To what extent do you agree or disagree that the Labour Party...
 …is tolerant",UNMATCHED,,Agree,Neither agree nor disagree,Disagree,,,,,,,,36.2,30.8,26.5,,,,,,,,Vi-2026-08-12-Opinium-Observer-Web-Data-tables-1707.xlsx,V106 (10)
"2,050 UK adults",12 - 14 August 2026,,,,2007,,region,South,"Q:V106. To what extent do you agree or disagree that the Labour Party...
 …is tolerant",UNMATCHED,,Agree,Neither agree nor disagree,Disagree,,,,,,,,32.4,23.6,37.1,,,,,,,,Vi-2026-08-12-Opinium-Observer-Web-Data-tables-1707.xlsx,V106 (10)
"2,050 UK adults",12 - 14 August 2026,,,,2007,,region,Wales,"Q:V106. To what extent do you agree or disagree that the Labour Party...
 …is tolerant",UNMATCHED,,Agree,Neither agree nor disagree,Disagree,,,,,,,,34.0,20.3,34.0,,,,,,,,Vi-2026-08-12-Opinium-Observer-Web-Data-tables-1707.xlsx,V106 (10)
"2,050 UK adults",12 - 14 August 2026,,,,2007,,region,Scotland,"Q:V106. To what extent do you agree or disagree that the Labour Party...
 …is tolerant",UNMATCHED,,Agree,Neither agree nor disagree,Disagree,,,,,,,,32.8,21.2,28.1,,,,,,,,Vi-2026-08-12-Opinium-Observer-Web-Data-tables-1707.xlsx,V106 (10)
"2,050 UK adults",12 - 14 August 2026,,,,2007,,region,Northern Ireland,"Q:V106. To what extent do you agree or disagree that the Labour Party...
 …is tolerant",UNMATCHED,,Neither agree nor disagree,,,,,,,,,,,,,,,,,,,,Vi-2026-08-12-Opinium-Observer-Web-Data-tables-1707.xlsx,V106 (10)
"2,050 UK adults",12 - 14 August 2026,,,,2007,,total,Total,"Q:V107. Thinking about the amount of money the government raises in taxes and then spends on public services (such as health and education), do you think they should…?",Best party on education,education,Increase taxes and spend more on public services,Reduce taxes and spend less on public services,Keep taxes and spending on public services about where they are now,,,,,,,,24.5,25.7,31.8,,,,,,,,Vi-2026-08-12-Opinium-Observer-Web-Data-tables-1707.xlsx,V107
"2,050 UK adults",12 - 14 August 2026,,,,2007,,current_vote,Con,"Q:V107. Thinking about the amount of money the government raises in taxes and then spends on public services (such as health and education), do you think they should…?",Best party on education,education,Increase taxes and spend more on public services,Reduce taxes and spend less on public services,Keep taxes and spending on public services about where they are now,,,,,,,,12.6,35.8,38.9,,,,,,,,Vi-2026-08-12-Opinium-Observer-Web-Data-tables-1707.xlsx,V107
"2,050 UK adults",12 - 14 August 2026,,,,2007,,current_vote,Lab,"Q:V107. Thinking about the amount of money the government raises in taxes and then spends on public services (such as health and education), do you think they should…?",Best party on education,education,Increase taxes and spend more on public services,Reduce taxes and spend less on public services,Keep taxes and spending on public services about where they are now,,,,,,,,38.2,18.9,31.9,,,,,,,,Vi-2026-08-12-Opinium-Observer-Web-Data-tables-1707.xlsx,V107
"2,050 UK adults",12 - 14 August 2026,,,,2007,,current_vote,Lib Dem,"Q:V107. Thinking about the amount of money the government raises in taxes and then spends on public services (such as health and education), do you think they should…?",Best party on education,education,Increase taxes and spend more on public services,Reduce taxes and spend less on public services,Keep taxes and spending on public services about where they are now,,,,,,,,41.1,13.7,32.1,,,,,,,,Vi-2026-08-12-Opinium-Observer-Web-Data-tables-1707.xlsx,V107
"2,050 UK adults",12 - 14 August 2026,,,,2007,,current_vote,Reform,"Q:V107. Thinking about the amount of money the government raises in taxes and then spends on public services (such as health and education), do you think they should…?",Best party on education,education,Increase taxes and spend more on public services,Reduce taxes and spend less on public services,Keep taxes and spending on public services about where they are now,,,,,,,,14.3,39.8,28.3,,,,,,,,Vi-2026-08-12-Opinium-Observer-Web-Data-tables-1707.xlsx,V107
"2,050 UK adults",12 - 14 August 2026,,,,2007,,current_vote,Green,"Q:V107. Thinking about the amount of money the government raises in taxes and then spends on public services (such as health and education), do you think they should…?",Best party on education,education,Increase taxes and spend more on public services,Reduce taxes and spend less on public services,Keep taxes and spending on public services about where they are now,,,,,,,,41.1,21.1,30.0,,,,,,,,Vi-2026-08-12-Opinium-Observer-Web-Data-tables-1707.xlsx,V107
"2,050 UK adults",12 - 14 August 2026,,,,2007,,historic_vote,Conservative,"Q:V107. Thinking about the amount of money the government raises in taxes and then spends on public services (such as health and education), do you think they should…?",Best party on education,education,Increase taxes and spend more on public services,Reduce taxes and spend less on public services,Keep taxes and spending on public services about where they are now,,,,,,,,14.7,36.2,36.9,,,,,,,,Vi-2026-08-12-Opinium-Observer-Web-Data-tables-1707.xlsx,V107
"2,050 UK adults",12 - 14 August 2026,,,,2007,,historic_vote,Labour,"Q:V107. Thinking about the amount of money the government raises in taxes and then spends on public services (such as health and education), do you think they should…?",Best party on education,education,Increase taxes and spend more on public services,Reduce taxes and spend less on public services,Keep taxes and spending on public services about where they are now,,,,,,,,37.4,15.2,34.1,,,,,,,,Vi-2026-08-12-Opinium-Observer-Web-Data-tables-1707.xlsx,V107
"2,050 UK adults",12 - 14 August 2026,,,,2007,,historic_vote,Lib Dems,"Q:V107. Thinking about the amount of money the government raises in taxes and then spends on public services (such as health and education), do you think they should…?",Best party on education,education,Increase taxes and spend more on public services,Reduce taxes and spend less on public services,Keep taxes and spending on public services about where they are now,,,,,,,,38.6,17.4,33.4,,,,,,,,Vi-2026-08-12-Opinium-Observer-Web-Data-tables-1707.xlsx,V107
"2,050 UK adults",12 - 14 August 2026,,,,2007,,historic_vote,Green,"Q:V107. Thinking about the amount of money the government raises in taxes and then spends on public services (such as health and education), do you think they should…?",Best party on education,education,Increase taxes and spend more on public services,Reduce taxes and spend less on public services,Keep taxes and spending on public services about where they are now,,,,,,,,43.8,21.6,24.2,,,,,,,,Vi-2026-08-12-Opinium-Observer-Web-Data-tables-1707.xlsx,V107
"2,050 UK adults",12 - 14 August 2026,,,,2007,,historic_vote,Reform UK,"Q:V107. Thinking about the amount of money the government raises in taxes and then spends on public services (such as health and education), do you think they should…?",Best party on education,education,Increase taxes and spend more on public services,Reduce taxes and spend less on public services,Keep taxes and spending on public services about where they are now,,,,,,,,12.5,41.1,27.4,,,,,,,,Vi-2026-08-12-Opinium-Observer-Web-Data-tables-1707.xlsx,V107
"2,050 UK adults",12 - 14 August 2026,,,,2007,,historic_vote,Con,"Q:V107. Thinking about the amount of money the government raises in taxes and then spends on public services (such as health and education), do you think they should…?",Best party on education,education,Increase taxes and spend more on public services,Reduce taxes and spend less on public services,Keep taxes and spending on public services about where they are now,,,,,,,,14.3,32.4,38.6,,,,,,,,Vi-2026-08-12-Opinium-Observer-Web-Data-tables-1707.xlsx,V107
"2,050 UK adults",12 - 14 August 2026,,,,2007,,historic_vote,Lab,"Q:V107. Thinking about the amount of money the government raises in taxes and then spends on public services (such as health and education), do you think they should…?",Best party on education,education,Increase taxes and spend more on public services,Reduce taxes and spend less on public services,Keep taxes and spending on public services about where they are now,,,,,,,,36.4,16.2,35.9,,,,,,,,Vi-2026-08-12-Opinium-Observer-Web-Data-tables-1707.xlsx,V107
"2,050 UK adults",12 - 14 August 2026,,,,2007,,historic_vote,Lib Dem,"Q:V107. Thinking about the amount of money the government raises in taxes and then spends on public services (such as health and education), do you think they should…?",Best party on education,education,Increase taxes and spend more on public services,Reduce taxes and spend less on public services,Keep taxes and spending on public services about where they are now,,,,,,,,48.3,16.9,23.5,,,,,,,,Vi-2026-08-12-Opinium-Observer-Web-Data-tables-1707.xlsx,V107
"2,050 UK adults",12 - 14 August 2026,,,,2007,,historic_vote,Remain,"Q:V107. Thinking about the amount of money the government raises in taxes and then spends on public services (such as health and education), do you think they should…?",Best party on education,education,Increase taxes and spend more on public services,Reduce taxes and spend less on public services,Keep taxes and spending on public services about where they are now,,,,,,,,34.5,18.7,33.2,,,,,,,,Vi-2026-08-12-Opinium-Observer-Web-Data-tables-1707.xlsx,V107
"2,050 UK adults",12 - 14 August 2026,,,,2007,,historic_vote,Leave,"Q:V107. Thinking about the amount of money the government raises in taxes and then spends on public services (such as health and education), do you think they should…?",Best party on education,education,Increase taxes and spend more on public services,Reduce taxes and spend less on public services,Keep taxes and spending on public services about where they are now,,,,,,,,17.9,30.7,35.3,,,,,,,,Vi-2026-08-12-Opinium-Observer-Web-Data-tables-1707.xlsx,V107
"2,050 UK adults",12 - 14 August 2026,,,,2007,,gender,Male,"Q:V107. Thinking about the amount of money the government raises in taxes and then spends on public services (such as health and education), do you think they should…?",Best party on education,education,Increase taxes and spend more on public services,Reduce taxes and spend less on public services,Keep taxes and spending on public services about where they are now,,,,,,,,25.7,30.1,30.8,,,,,,,,Vi-2026-08-12-Opinium-Observer-Web-Data-tables-1707.xlsx,V107
"2,050 UK adults",12 - 14 August 2026,,,,2007,,gender,Female,"Q:V107. Thinking about the amount of money the government raises in taxes and then spends on public services (such as health and education), do you think they should…?",Best party on education,education,Increase taxes and spend more on public services,Reduce taxes and spend less on public services,Keep taxes and spending on public services about where they are now,,,,,,,,23.3,21.4,33.1,,,,,,,,Vi-2026-08-12-Opinium-Observer-Web-Data-tables-1707.xlsx,V107
"2,050 UK adults",12 - 14 August 2026,,,,2007,,age,18-34,"Q:V107. Thinking about the amount of money the government raises in taxes and then spends on public services (such as health and education), do you think they should…?",Best party on education,education,Increase taxes and spend more on public services,Reduce taxes and spend less on public services,Keep taxes and spending on public services about where they are now,,,,,,,,20.0,37.2,28.4,,,,,,,,Vi-2026-08-12-Opinium-Observer-Web-Data-tables-1707.xlsx,V107
"2,050 UK adults",12 - 14 August 2026,,,,2007,,age,35-49,"Q:V107. Thinking about the amount of money the government raises in taxes and then spends on public services (such as health and education), do you think they should…?",Best party on education,education,Increase taxes and spend more on public services,Reduce taxes and spend less on public services,Keep taxes and spending on public services about where they are now,,,,,,,,25.1,22.7,31.9,,,,,,,,Vi-2026-08-12-Opinium-Observer-Web-Data-tables-1707.xlsx,V107
"2,050 UK adults",12 - 14 August 2026,,,,2007,,age,50-64,"Q:V107. Thinking about the amount of money the government raises in taxes and then spends on public services (such as health and education), do you think they should…?",Best party on education,education,Increase taxes and spend more on public services,Reduce taxes and spend less on public services,Keep taxes and spending on public services about where they are now,,,,,,,,30.9,19.9,31.0,,,,,,,,Vi-2026-08-12-Opinium-Observer-Web-Data-tables-1707.xlsx,V107
"2,050 UK adults",12 - 14 August 2026,,,,2007,,age,65+,"Q:V107. Thinking about the amount of money the government raises in taxes and then spends on public services (such as health and education), do you think they should…?",Best party on education,education,Increase taxes and spend more on public services,Reduce taxes and spend less on public services,Keep taxes and spending on public services about where they are now,,,,,,,,22.5,21.3,36.6,,,,,,,,Vi-2026-08-12-Opinium-Observer-Web-Data-tables-1707.xlsx,V107
"2,050 UK adults",12 - 14 August 2026,,,,2007,,region,North,"Q:V107. Thinking about the amount of money the government raises in taxes and then spends on public services (such as health and education), do you think they should…?",Best party on education,education,Increase taxes and spend more on public services,Reduce taxes and spend less on public services,Keep taxes and spending on public services about where they are now,,,,,,,,28.9,23.9,29.0,,,,,,,,Vi-2026-08-12-Opinium-Observer-Web-Data-tables-1707.xlsx,V107
"2,050 UK adults",12 - 14 August 2026,,,,2007,,region,Mids,"Q:V107. Thinking about the amount of money the government raises in taxes and then spends on public services (such as health and education), do you think they should…?",Best party on education,education,Increase taxes and spend more on public services,Reduce taxes and spend less on public services,Keep taxes and spending on public services about where they are now,,,,,,,,19.0,26.7,33.8,,,,,,,,Vi-2026-08-12-Opinium-Observer-Web-Data-tables-1707.xlsx,V107
"2,050 UK adults",12 - 14 August 2026,,,,2007,,region,London,"Q:V107. Thinking about the amount of money the government raises in taxes and then spends on public services (such as health and education), do you think they should…?",Best party on education,education,Increase taxes and spend more on public services,Reduce taxes and spend less on public services,Keep taxes and spending on public services about where they are now,,,,,,,,22.3,28.7,28.8,,,,,,,,Vi-2026-08-12-Opinium-Observer-Web-Data-tables-1707.xlsx,V107
"2,050 UK adults",12 - 14 August 2026,,,,2007,,region,South,"Q:V107. Thinking about the amount of money the government raises in taxes and then spends on public services (such as health and education), do you think they should…?",Best party on education,education,Increase taxes and spend more on public services,Reduce taxes and spend less on public services,Keep taxes and spending on public services about where they are now,,,,,,,,22.4,26.5,33.7,,,,,,,,Vi-2026-08-12-Opinium-Observer-Web-Data-tables-1707.xlsx,V107
"2,050 UK adults",12 - 14 August 2026,,,,2007,,region,Wales,"Q:V107. Thinking about the amount of money the government raises in taxes and then spends on public services (such as health and education), do you think they should…?",Best party on education,education,Increase taxes and spend more on public services,Reduce taxes and spend less on public services,Keep taxes and spending on public services about where they are now,,,,,,,,39.8,21.5,27.5,,,,,,,,Vi-2026-08-12-Opinium-Observer-Web-Data-tables-1707.xlsx,V107
"2,050 UK adults",12 - 14 August 2026,,,,2007,,region,Scotland,"Q:V107. Thinking about the amount of money the government raises in taxes and then spends on public services (such as health and education), do you think they should…?",Best party on education,education,Increase taxes and spend more on public services,Reduce taxes and spend less on public services,Keep taxes and spending on public services about where they are now,,,,,,,,25.9,22.9,35.5,,,,,,,,Vi-2026-08-12-Opinium-Observer-Web-Data-tables-1707.xlsx,V107
"2,050 UK adults",12 - 14 August 2026,,,,2007,,region,Northern Ireland,"Q:V107. Thinking about the amount of money the government raises in taxes and then spends on public services (such as health and education), do you think they should…?",Best party on education,education,Increase taxes and spend more on public services,Reduce taxes and spend less on public services,Keep taxes and spending on public services about where they are now,,,,,,,,,,,,,,,,,,Vi-2026-08-12-Opinium-Observer-Web-Data-tables-1707.xlsx,V107
"2,050 UK adults",12 - 14 August 2026,,,,2007,,total,Total,Q:V108. Do you think the UK is now well or badly prepared for a future pandemic?,UNMATCHED,,Well prepared,Badly prepared,,,,,,,,,18.3,51.4,,,,,,,,,Vi-2026-08-12-Opinium-Observer-Web-Data-tables-1707.xlsx,V108
"2,050 UK adults",12 - 14 August 2026,,,,2007,,current_vote,Con,Q:V108. Do you think the UK is now well or badly prepared for a future pandemic?,UNMATCHED,,Well prepared,Badly prepared,,,,,,,,,24.0,43.7,,,,,,,,,Vi-2026-08-12-Opinium-Observer-Web-Data-tables-1707.xlsx,V108
"2,050 UK adults",12 - 14 August 2026,,,,2007,,current_vote,Lab,Q:V108. Do you think the UK is now well or badly prepared for a future pandemic?,UNMATCHED,,Well prepared,Badly prepared,,,,,,,,,25.0,42.3,,,,,,,,,Vi-2026-08-12-Opinium-Observer-Web-Data-tables-1707.xlsx,V108
"2,050 UK adults",12 - 14 August 2026,,,,2007,,current_vote,Lib Dem,Q:V108. Do you think the UK is now well or badly prepared for a future pandemic?,UNMATCHED,,Well prepared,Badly prepared,,,,,,,,,19.9,44.9,,,,,,,,,Vi-2026-08-12-Opinium-Observer-Web-Data-tables-1707.xlsx,V108
"2,050 UK adults",12 - 14 August 2026,,,,2007,,current_vote,Reform,Q:V108. Do you think the UK is now well or badly prepared for a future pandemic?,UNMATCHED,,Well prepared,Badly prepared,,,,,,,,,11.9,63.3,,,,,,,,,Vi-2026-08-12-Opinium-Observer-Web-Data-tables-1707.xlsx,V108
"2,050 UK adults",12 - 14 August 2026,,,,2007,,current_vote,Green,Q:V108. Do you think the UK is now well or badly prepared for a future pandemic?,UNMATCHED,,Well prepared,Badly prepared,,,,,,,,,22.6,58.0,,,,,,,,,Vi-2026-08-12-Opinium-Observer-Web-Data-tables-1707.xlsx,V108
"2,050 UK adults",12 - 14 August 2026,,,,2007,,historic_vote,Conservative,Q:V108. Do you think the UK is now well or badly prepared for a future pandemic?,UNMATCHED,,Well prepared,Badly prepared,,,,,,,,,20.2,49.1,,,,,,,,,Vi-2026-08-12-Opinium-Observer-Web-Data-tables-1707.xlsx,V108
"2,050 UK adults",12 - 14 August 2026,,,,2007,,historic_vote,Labour,Q:V108. Do you think the UK is now well or badly prepared for a future pandemic?,UNMATCHED,,Well prepared,Badly prepared,,,,,,,,,21.2,48.1,,,,,,,,,Vi-2026-08-12-Opinium-Observer-Web-Data-tables-1707.xlsx,V108
"2,050 UK adults",12 - 14 August 2026,,,,2007,,historic_vote,Lib Dems,Q:V108. Do you think the UK is now well or badly prepared for a future pandemic?,UNMATCHED,,Well prepared,Badly prepared,,,,,,,,,20.5,46.7,,,,,,,,,Vi-2026-08-12-Opinium-Observer-Web-Data-tables-1707.xlsx,V108
"2,050 UK adults",12 - 14 August 2026,,,,2007,,historic_vote,Green,Q:V108. Do you think the UK is now well or badly prepared for a future pandemic?,UNMATCHED,,Well prepared,Badly prepared,,,,,,,,,25.2,55.0,,,,,,,,,Vi-2026-08-12-Opinium-Observer-Web-Data-tables-1707.xlsx,V108
"2,050 UK adults",12 - 14 August 2026,,,,2007,,historic_vote,Reform UK,Q:V108. Do you think the UK is now well or badly prepared for a future pandemic?,UNMATCHED,,Well prepared,Badly prepared,,,,,,,,,11.0,57.8,,,,,,,,,Vi-2026-08-12-Opinium-Observer-Web-Data-tables-1707.xlsx,V108
"2,050 UK adults",12 - 14 August 2026,,,,2007,,historic_vote,Con,Q:V108. Do you think the UK is now well or badly prepared for a future pandemic?,UNMATCHED,,Well prepared,Badly prepared,,,,,,,,,17.1,50.4,,,,,,,,,Vi-2026-08-12-Opinium-Observer-Web-Data-tables-1707.xlsx,V108
"2,050 UK adults",12 - 14 August 2026,,,,2007,,historic_vote,Lab,Q:V108. Do you think the UK is now well or badly prepared for a future pandemic?,UNMATCHED,,Well prepared,Badly prepared,,,,,,,,,21.7,47.9,,,,,,,,,Vi-2026-08-12-Opinium-Observer-Web-Data-tables-1707.xlsx,V108
"2,050 UK adults",12 - 14 August 2026,,,,2007,,historic_vote,Lib Dem,Q:V108. Do you think the UK is now well or badly prepared for a future pandemic?,UNMATCHED,,Well prepared,Badly prepared,,,,,,,,,20.9,43.9,,,,,,,,,Vi-2026-08-12-Opinium-Observer-Web-Data-tables-1707.xlsx,V108
"2,050 UK adults",12 - 14 August 2026,,,,2007,,historic_vote,Remain,Q:V108. Do you think the UK is now well or badly prepared for a future pandemic?,UNMATCHED,,Well prepared,Badly prepared,,,,,,,,,18.6,47.3,,,,,,,,,Vi-2026-08-12-Opinium-Observer-Web-Data-tables-1707.xlsx,V108
"2,050 UK adults",12 - 14 August 2026,,,,2007,,historic_vote,Leave,Q:V108. Do you think the UK is now well or badly prepared for a future pandemic?,UNMATCHED,,Well prepared,Badly prepared,,,,,,,,,16.2,54.2,,,,,,,,,Vi-2026-08-12-Opinium-Observer-Web-Data-tables-1707.xlsx,V108
"2,050 UK adults",12 - 14 August 2026,,,,2007,,gender,Male,Q:V108. Do you think the UK is now well or badly prepared for a future pandemic?,UNMATCHED,,Well prepared,Badly prepared,,,,,,,,,21.2,51.0,,,,,,,,,Vi-2026-08-12-Opinium-Observer-Web-Data-tables-1707.xlsx,V108
"2,050 UK adults",12 - 14 August 2026,,,,2007,,gender,Female,Q:V108. Do you think the UK is now well or badly prepared for a future pandemic?,UNMATCHED,,Well prepared,Badly prepared,,,,,,,,,15.8,51.9,,,,,,,,,Vi-2026-08-12-Opinium-Observer-Web-Data-tables-1707.xlsx,V108
"2,050 UK adults",12 - 14 August 2026,,,,2007,,age,18-34,Q:V108. Do you think the UK is now well or badly prepared for a future pandemic?,UNMATCHED,,Well prepared,Badly prepared,,,,,,,,,24.6,56.8,,,,,,,,,Vi-2026-08-12-Opinium-Observer-Web-Data-tables-1707.xlsx,V108
"2,050 UK adults",12 - 14 August 2026,,,,2007,,age,35-49,Q:V108. Do you think the UK is now well or badly prepared for a future pandemic?,UNMATCHED,,Well prepared,Badly prepared,,,,,,,,,19.4,51.3,,,,,,,,,Vi-2026-08-12-Opinium-Observer-Web-Data-tables-1707.xlsx,V108
"2,050 UK adults",12 - 14 August 2026,,,,2007,,age,50-64,Q:V108. Do you think the UK is now well or badly prepared for a future pandemic?,UNMATCHED,,Well prepared,Badly prepared,,,,,,,,,16.5,51.1,,,,,,,,,Vi-2026-08-12-Opinium-Observer-Web-Data-tables-1707.xlsx,V108
"2,050 UK adults",12 - 14 August 2026,,,,2007,,age,65+,Q:V108. Do you think the UK is now well or badly prepared for a future pandemic?,UNMATCHED,,Well prepared,Badly prepared,,,,,,,,,11.7,45.6,,,,,,,,,Vi-2026-08-12-Opinium-Observer-Web-Data-tables-1707.xlsx,V108
"2,050 UK adults",12 - 14 August 2026,,,,2007,,region,North,Q:V108. Do you think the UK is now well or badly prepared for a future pandemic?,UNMATCHED,,Well prepared,Badly prepared,,,,,,,,,19.0,54.3,,,,,,,,,Vi-2026-08-12-Opinium-Observer-Web-Data-tables-1707.xlsx,V108
"2,050 UK adults",12 - 14 August 2026,,,,2007,,region,Mids,Q:V108. Do you think the UK is now well or badly prepared for a future pandemic?,UNMATCHED,,Well prepared,Badly prepared,,,,,,,,,20.9,49.6,,,,,,,,,Vi-2026-08-12-Opinium-Observer-Web-Data-tables-1707.xlsx,V108
"2,050 UK adults",12 - 14 August 2026,,,,2007,,region,London,Q:V108. Do you think the UK is now well or badly prepared for a future pandemic?,UNMATCHED,,Well prepared,Badly prepared,,,,,,,,,17.1,51.9,,,,,,,,,Vi-2026-08-12-Opinium-Observer-Web-Data-tables-1707.xlsx,V108
"2,050 UK adults",12 - 14 August 2026,,,,2007,,region,South,Q:V108. Do you think the UK is now well or badly prepared for a future pandemic?,UNMATCHED,,Well prepared,Badly prepared,,,,,,,,,16.4,49.6,,,,,,,,,Vi-2026-08-12-Opinium-Observer-Web-Data-tables-1707.xlsx,V108
"2,050 UK adults",12 - 14 August 2026,,,,2007,,region,Wales,Q:V108. Do you think the UK is now well or badly prepared for a future pandemic?,UNMATCHED,,Well prepared,Badly prepared,,,,,,,,,28.1,44.9,,,,,,,,,Vi-2026-08-12-Opinium-Observer-Web-Data-tables-1707.xlsx,V108
"2,050 UK adults",12 - 14 August 2026,,,,2007,,region,Scotland,Q:V108. Do you think the UK is now well or badly prepared for a future pandemic?,UNMATCHED,,Well prepared,Badly prepared,,,,,,,,,15.0,56.5,,,,,,,,,Vi-2026-08-12-Opinium-Observer-Web-Data-tables-1707.xlsx,V108
"2,050 UK adults",12 - 14 August 2026,,,,2007,,region,Northern Ireland,Q:V108. Do you think the UK is now well or badly prepared for a future pandemic?,UNMATCHED,,Well prepared,Badly prepared,,,,,,,,,,,,,,,,,,,Vi-2026-08-12-Opinium-Observer-Web-Data-tables-1707.xlsx,V108
"2,050 UK adults",12 - 14 August 2026,,,,,,age,Reducing the costs of mortgages,Q:HSG1. And which government do you think would be best at handling…?,UNMATCHED,,A Labour government,A Conservative government,Neither,,,,,,,,23.9,18.4,38.7,,,,,,,,Vi-2026-08-12-Opinium-Observer-Web-Data-tables-1707.xlsx,Summary HSG1
"2,050 UK adults",12 - 14 August 2026,,,,,,income,Housing for low-income households,Q:HSG1. And which government do you think would be best at handling…?,UNMATCHED,,A Labour government,A Conservative government,Neither,,,,,,,,34.8,11.9,36.3,,,,,,,,Vi-2026-08-12-Opinium-Observer-Web-Data-tables-1707.xlsx,Summary HSG1
"2,050 UK adults",12 - 14 August 2026,,,,2007,,total,Total,"Q:HSG1. And which government do you think would be best at handling…?
 Reducing the costs of mortgages",UNMATCHED,,A Labour government,A Conservative government,Neither,,,,,,,,23.9,18.4,38.7,,,,,,,,Vi-2026-08-12-Opinium-Observer-Web-Data-tables-1707.xlsx,HSG1
"2,050 UK adults",12 - 14 August 2026,,,,2007,,current_vote,Con,"Q:HSG1. And which government do you think would be best at handling…?
 Reducing the costs of mortgages",UNMATCHED,,A Labour government,A Conservative government,Neither,,,,,,,,3.2,61.5,21.9,,,,,,,,Vi-2026-08-12-Opinium-Observer-Web-Data-tables-1707.xlsx,HSG1
"2,050 UK adults",12 - 14 August 2026,,,,2007,,current_vote,Lab,"Q:HSG1. And which government do you think would be best at handling…?
 Reducing the costs of mortgages",UNMATCHED,,A Labour government,A Conservative government,Neither,,,,,,,,62.9,5.8,16.7,,,,,,,,Vi-2026-08-12-Opinium-Observer-Web-Data-tables-1707.xlsx,HSG1
"2,050 UK adults",12 - 14 August 2026,,,,2007,,current_vote,Lib Dem,"Q:HSG1. And which government do you think would be best at handling…?
 Reducing the costs of mortgages",UNMATCHED,,A Labour government,A Conservative government,Neither,,,,,,,,29.2,6.5,47.6,,,,,,,,Vi-2026-08-12-Opinium-Observer-Web-Data-tables-1707.xlsx,HSG1
"2,050 UK adults",12 - 14 August 2026,,,,2007,,current_vote,Reform,"Q:HSG1. And which government do you think would be best at handling…?
 Reducing the costs of mortgages",UNMATCHED,,A Labour government,A Conservative government,Neither,,,,,,,,4.3,26.8,58.2,,,,,,,,Vi-2026-08-12-Opinium-Observer-Web-Data-tables-1707.xlsx,HSG1
"2,050 UK adults",12 - 14 August 2026,,,,2007,,current_vote,Green,"Q:HSG1. And which government do you think would be best at handling…?
 Reducing the costs of mortgages",UNMATCHED,,A Labour government,A Conservative government,Neither,,,,,,,,37.3,5.5,42.7,,,,,,,,Vi-2026-08-12-Opinium-Observer-Web-Data-tables-1707.xlsx,HSG1
"2,050 UK adults",12 - 14 August 2026,,,,2007,,historic_vote,Conservative,"Q:HSG1. And which government do you think would be best at handling…?
 Reducing the costs of mortgages",UNMATCHED,,A Labour government,A Conservative government,Neither,,,,,,,,3.4,51.7,30.9,,,,,,,,Vi-2026-08-12-Opinium-Observer-Web-Data-tables-1707.xlsx,HSG1
"2,050 UK adults",12 - 14 August 2026,,,,2007,,historic_vote,Labour,"Q:HSG1. And which government do you think would be best at handling…?
 Reducing the costs of mortgages",UNMATCHED,,A Labour government,A Conservative government,Neither,,,,,,,,50.0,5.9,24.8,,,,,,,,Vi-2026-08-12-Opinium-Observer-Web-Data-tables-1707.xlsx,HSG1
"2,050 UK adults",12 - 14 August 2026,,,,2007,,historic_vote,Lib Dems,"Q:HSG1. And which government do you think would be best at handling…?
 Reducing the costs of mortgages",UNMATCHED,,A Labour government,A Conservative government,Neither,,,,,,,,26.8,10.8,47.6,,,,,,,,Vi-2026-08-12-Opinium-Observer-Web-Data-tables-1707.xlsx,HSG1
"2,050 UK adults",12 - 14 August 2026,,,,2007,,historic_vote,Green,"Q:HSG1. And which government do you think would be best at handling…?
 Reducing the costs of mortgages",UNMATCHED,,A Labour government,A Conservative government,Neither,,,,,,,,30.7,10.1,52.3,,,,,,,,Vi-2026-08-12-Opinium-Observer-Web-Data-tables-1707.xlsx,HSG1
"2,050 UK adults",12 - 14 August 2026,,,,2007,,historic_vote,Reform UK,"Q:HSG1. And which government do you think would be best at handling…?
 Reducing the costs of mortgages",UNMATCHED,,A Labour government,A Conservative government,Neither,,,,,,,,2.9,24.7,60.7,,,,,,,,Vi-2026-08-12-Opinium-Observer-Web-Data-tables-1707.xlsx,HSG1
"2,050 UK adults",12 - 14 August 2026,,,,2007,,historic_vote,Con,"Q:HSG1. And which government do you think would be best at handling…?
 Reducing the costs of mortgages",UNMATCHED,,A Labour government,A Conservative government,Neither,,,,,,,,5.8,39.1,40.0,,,,,,,,Vi-2026-08-12-Opinium-Observer-Web-Data-tables-1707.xlsx,HSG1
"2,050 UK adults",12 - 14 August 2026,,,,2007,,historic_vote,Lab,"Q:HSG1. And which government do you think would be best at handling…?
 Reducing the costs of mortgages",UNMATCHED,,A Labour government,A Conservative government,Neither,,,,,,,,50.2,6.2,28.6,,,,,,,,Vi-2026-08-12-Opinium-Observer-Web-Data-tables-1707.xlsx,HSG1
"2,050 UK adults",12 - 14 August 2026,,,,2007,,historic_vote,Lib Dem,"Q:HSG1. And which government do you think would be best at handling…?
 Reducing the costs of mortgages",UNMATCHED,,A Labour government,A Conservative government,Neither,,,,,,,,32.3,6.8,42.7,,,,,,,,Vi-2026-08-12-Opinium-Observer-Web-Data-tables-1707.xlsx,HSG1
"2,050 UK adults",12 - 14 August 2026,,,,2007,,historic_vote,Remain,"Q:HSG1. And which government do you think would be best at handling…?
 Reducing the costs of mortgages",UNMATCHED,,A Labour government,A Conservative government,Neither,,,,,,,,36.1,14.9,30.9,,,,,,,,Vi-2026-08-12-Opinium-Observer-Web-Data-tables-1707.xlsx,HSG1
"2,050 UK adults",12 - 14 August 2026,,,,2007,,historic_vote,Leave,"Q:HSG1. And which government do you think would be best at handling…?
 Reducing the costs of mortgages",UNMATCHED,,A Labour government,A Conservative government,Neither,,,,,,,,12.0,24.9,47.3,,,,,,,,Vi-2026-08-12-Opinium-Observer-Web-Data-tables-1707.xlsx,HSG1
"2,050 UK adults",12 - 14 August 2026,,,,2007,,gender,Male,"Q:HSG1. And which government do you think would be best at handling…?
 Reducing the costs of mortgages",UNMATCHED,,A Labour government,A Conservative government,Neither,,,,,,,,24.2,22.0,38.7,,,,,,,,Vi-2026-08-12-Opinium-Observer-Web-Data-tables-1707.xlsx,HSG1
"2,050 UK adults",12 - 14 August 2026,,,,2007,,gender,Female,"Q:HSG1. And which government do you think would be best at handling…?
 Reducing the costs of mortgages",UNMATCHED,,A Labour government,A Conservative government,Neither,,,,,,,,23.7,15.3,38.5,,,,,,,,Vi-2026-08-12-Opinium-Observer-Web-Data-tables-1707.xlsx,HSG1
"2,050 UK adults",12 - 14 August 2026,,,,2007,,age,18-34,"Q:HSG1. And which government do you think would be best at handling…?
 Reducing the costs of mortgages",UNMATCHED,,A Labour government,A Conservative government,Neither,,,,,,,,33.7,17.6,33.1,,,,,,,,Vi-2026-08-12-Opinium-Observer-Web-Data-tables-1707.xlsx,HSG1
"2,050 UK adults",12 - 14 August 2026,,,,2007,,age,35-49,"Q:HSG1. And which government do you think would be best at handling…?
 Reducing the costs of mortgages",UNMATCHED,,A Labour government,A Conservative government,Neither,,,,,,,,27.9,15.1,39.7,,,,,,,,Vi-2026-08-12-Opinium-Observer-Web-Data-tables-1707.xlsx,HSG1
"2,050 UK adults",12 - 14 August 2026,,,,2007,,age,50-64,"Q:HSG1. And which government do you think would be best at handling…?
 Reducing the costs of mortgages",UNMATCHED,,A Labour government,A Conservative government,Neither,,,,,,,,22.4,17.0,40.5,,,,,,,,Vi-2026-08-12-Opinium-Observer-Web-Data-tables-1707.xlsx,HSG1
"2,050 UK adults",12 - 14 August 2026,,,,2007,,age,65+,"Q:HSG1. And which government do you think would be best at handling…?
 Reducing the costs of mortgages",UNMATCHED,,A Labour government,A Conservative government,Neither,,,,,,,,10.1,24.2,42.1,,,,,,,,Vi-2026-08-12-Opinium-Observer-Web-Data-tables-1707.xlsx,HSG1
"2,050 UK adults",12 - 14 August 2026,,,,2007,,region,North,"Q:HSG1. And which government do you think would be best at handling…?
 Reducing the costs of mortgages",UNMATCHED,,A Labour government,A Conservative government,Neither,,,,,,,,29.3,17.4,36.2,,,,,,,,Vi-2026-08-12-Opinium-Observer-Web-Data-tables-1707.xlsx,HSG1
"2,050 UK adults",12 - 14 August 2026,,,,2007,,region,Mids,"Q:HSG1. And which government do you think would be best at handling…?
 Reducing the costs of mortgages",UNMATCHED,,A Labour government,A Conservative government,Neither,,,,,,,,19.7,19.8,39.1,,,,,,,,Vi-2026-08-12-Opinium-Observer-Web-Data-tables-1707.xlsx,HSG1
"2,050 UK adults",12 - 14 August 2026,,,,2007,,region,London,"Q:HSG1. And which government do you think would be best at handling…?
 Reducing the costs of mortgages",UNMATCHED,,A Labour government,A Conservative government,Neither,,,,,,,,24.5,18.4,37.1,,,,,,,,Vi-2026-08-12-Opinium-Observer-Web-Data-tables-1707.xlsx,HSG1
"2,050 UK adults",12 - 14 August 2026,,,,2007,,region,South,"Q:HSG1. And which government do you think would be best at handling…?
 Reducing the costs of mortgages",UNMATCHED,,A Labour government,A Conservative government,Neither,,,,,,,,20.3,20.4,41.6,,,,,,,,Vi-2026-08-12-Opinium-Observer-Web-Data-tables-1707.xlsx,HSG1
"2,050 UK adults",12 - 14 August 2026,,,,2007,,region,Wales,"Q:HSG1. And which government do you think would be best at handling…?
 Reducing the costs of mortgages",UNMATCHED,,A Labour government,A Conservative government,Neither,,,,,,,,29.8,21.2,29.8,,,,,,,,Vi-2026-08-12-Opinium-Observer-Web-Data-tables-1707.xlsx,HSG1
"2,050 UK adults",12 - 14 August 2026,,,,2007,,region,Scotland,"Q:HSG1. And which government do you think would be best at handling…?
 Reducing the costs of mortgages",UNMATCHED,,A Labour government,A Conservative government,Neither,,,,,,,,26.5,9.5,41.0,,,,,,,,Vi-2026-08-12-Opinium-Observer-Web-Data-tables-1707.xlsx,HSG1
"2,050 UK adults",12 - 14 August 2026,,,,2007,,region,Northern Ireland,"Q:HSG1. And which government do you think would be best at handling…?
 Reducing the costs of mortgages",UNMATCHED,,A Labour government,A Conservative government,Neither,,,,,,,,,,,,,,,,,,Vi-2026-08-12-Opinium-Observer-Web-Data-tables-1707.xlsx,HSG1
"2,050 UK adults",12 - 14 August 2026,,,,2007,,total,Total,"Q:HSG1. And which government do you think would be best at handling…?
 Reducing the costs of renting",UNMATCHED,,A Labour government,A Conservative government,Neither,,,,,,,,30.8,13.0,38.4,,,,,,,,Vi-2026-08-12-Opinium-Observer-Web-Data-tables-1707.xlsx,HSG1 (2)
"2,050 UK adults",12 - 14 August 2026,,,,2007,,current_vote,Con,"Q:HSG1. And which government do you think would be best at handling…?
 Reducing the costs of renting",UNMATCHED,,A Labour government,A Conservative government,Neither,,,,,,,,7.4,47.8,26.6,,,,,,,,Vi-2026-08-12-Opinium-Observer-Web-Data-tables-1707.xlsx,HSG1 (2)
"2,050 UK adults",12 - 14 August 2026,,,,2007,,current_vote,Lab,"Q:HSG1. And which government do you think would be best at handling…?
 Reducing the costs of renting",UNMATCHED,,A Labour government,A Conservative government,Neither,,,,,,,,72.1,4.1,13.8,,,,,,,,Vi-2026-08-12-Opinium-Observer-Web-Data-tables-1707.xlsx,HSG1 (2)
"2,050 UK adults",12 - 14 August 2026,,,,2007,,current_vote,Lib Dem,"Q:HSG1. And which government do you think would be best at handling…?
 Reducing the costs of renting",UNMATCHED,,A Labour government,A Conservative government,Neither,,,,,,,,39.1,7.3,38.9,,,,,,,,Vi-2026-08-12-Opinium-Observer-Web-Data-tables-1707.xlsx,HSG1 (2)
"2,050 UK adults",12 - 14 August 2026,,,,2007,,current_vote,Reform,"Q:HSG1. And which government do you think would be best at handling…?
 Reducing the costs of renting",UNMATCHED,,A Labour government,A Conservative government,Neither,,,,,,,,11.3,16.7,59.3,,,,,,,,Vi-2026-08-12-Opinium-Observer-Web-Data-tables-1707.xlsx,HSG1 (2)
"2,050 UK adults",12 - 14 August 2026,,,,2007,,current_vote,Green,"Q:HSG1. And which government do you think would be best at handling…?
 Reducing the costs of renting",UNMATCHED,,A Labour government,A Conservative government,Neither,,,,,,,,43.0,3.9,42.4,,,,,,,,Vi-2026-08-12-Opinium-Observer-Web-Data-tables-1707.xlsx,HSG1 (2)
"2,050 UK adults",12 - 14 August 2026,,,,2007,,historic_vote,Conservative,"Q:HSG1. And which government do you think would be best at handling…?
 Reducing the costs of renting",UNMATCHED,,A Labour government,A Conservative government,Neither,,,,,,,,7.7,42.7,32.3,,,,,,,,Vi-2026-08-12-Opinium-Observer-Web-Data-tables-1707.xlsx,HSG1 (2)
"2,050 UK adults",12 - 14 August 2026,,,,2007,,historic_vote,Labour,"Q:HSG1. And which government do you think would be best at handling…?
 Reducing the costs of renting",UNMATCHED,,A Labour government,A Conservative government,Neither,,,,,,,,62.1,4.3,21.7,,,,,,,,Vi-2026-08-12-Opinium-Observer-Web-Data-tables-1707.xlsx,HSG1 (2)
"2,050 UK adults",12 - 14 August 2026,,,,2007,,historic_vote,Lib Dems,"Q:HSG1. And which government do you think would be best at handling…?
 Reducing the costs of renting",UNMATCHED,,A Labour government,A Conservative government,Neither,,,,,,,,39.5,5.9,40.1,,,,,,,,Vi-2026-08-12-Opinium-Observer-Web-Data-tables-1707.xlsx,HSG1 (2)
"2,050 UK adults",12 - 14 August 2026,,,,2007,,historic_vote,Green,"Q:HSG1. And which government do you think would be best at handling…?
 Reducing the costs of renting",UNMATCHED,,A Labour government,A Conservative government,Neither,,,,,,,,41.2,4.5,47.4,,,,,,,,Vi-2026-08-12-Opinium-Observer-Web-Data-tables-1707.xlsx,HSG1 (2)
"2,050 UK adults",12 - 14 August 2026,,,,2007,,historic_vote,Reform UK,"Q:HSG1. And which government do you think would be best at handling…?
 Reducing the costs of renting",UNMATCHED,,A Labour government,A Conservative government,Neither,,,,,,,,7.1,12.4,68.3,,,,,,,,Vi-2026-08-12-Opinium-Observer-Web-Data-tables-1707.xlsx,HSG1 (2)
"2,050 UK adults",12 - 14 August 2026,,,,2007,,historic_vote,Con,"Q:HSG1. And which government do you think would be best at handling…?
 Reducing the costs of renting",UNMATCHED,,A Labour government,A Conservative government,Neither,,,,,,,,10.4,28.7,44.0,,,,,,,,Vi-2026-08-12-Opinium-Observer-Web-Data-tables-1707.xlsx,HSG1 (2)
"2,050 UK adults",12 - 14 August 2026,,,,2007,,historic_vote,Lab,"Q:HSG1. And which government do you think would be best at handling…?
 Reducing the costs of renting",UNMATCHED,,A Labour government,A Conservative government,Neither,,,,,,,,62.1,3.3,24.6,,,,,,,,Vi-2026-08-12-Opinium-Observer-Web-Data-tables-1707.xlsx,HSG1 (2)
"2,050 UK adults",12 - 14 August 2026,,,,2007,,historic_vote,Lib Dem,"Q:HSG1. And which government do you think would be best at handling…?
 Reducing the costs of renting",UNMATCHED,,A Labour government,A Conservative government,Neither,,,,,,,,44.8,5.2,33.9,,,,,,,,Vi-2026-08-12-Opinium-Observer-Web-Data-tables-1707.xlsx,HSG1 (2)
"2,050 UK adults",12 - 14 August 2026,,,,2007,,historic_vote,Remain,"Q:HSG1. And which government do you think would be best at handling…?
 Reducing the costs of renting",UNMATCHED,,A Labour government,A Conservative government,Neither,,,,,,,,46.2,8.9,29.7,,,,,,,,Vi-2026-08-12-Opinium-Observer-Web-Data-tables-1707.xlsx,HSG1 (2)
"2,050 UK adults",12 - 14 August 2026,,,,2007,,historic_vote,Leave,"Q:HSG1. And which government do you think would be best at handling…?
 Reducing the costs of renting",UNMATCHED,,A Labour government,A Conservative government,Neither,,,,,,,,17.8,18.3,48.5,,,,,,,,Vi-2026-08-12-Opinium-Observer-Web-Data-tables-1707.xlsx,HSG1 (2)
"2,050 UK adults",12 - 14 August 2026,,,,2007,,gender,Male,"Q:HSG1. And which government do you think would be best at handling…?
 Reducing the costs of renting",UNMATCHED,,A Labour government,A Conservative government,Neither,,,,,,,,30.9,16.4,38.1,,,,,,,,Vi-2026-08-12-Opinium-Observer-Web-Data-tables-1707.xlsx,HSG1 (2)
"2,050 UK adults",12 - 14 August 2026,,,,2007,,gender,Female,"Q:HSG1. And which government do you think would be best at handling…?
 Reducing the costs of renting",UNMATCHED,,A Labour government,A Conservative government,Neither,,,,,,,,30.7,10.0,38.6,,,,,,,,Vi-2026-08-12-Opinium-Observer-Web-Data-tables-1707.xlsx,HSG1 (2)
"2,050 UK adults",12 - 14 August 2026,,,,2007,,age,18-34,"Q:HSG1. And which government do you think would be best at handling…?
 Reducing the costs of renting",UNMATCHED,,A Labour government,A Conservative government,Neither,,,,,,,,38.7,15.3,30.8,,,,,,,,Vi-2026-08-12-Opinium-Observer-Web-Data-tables-1707.xlsx,HSG1 (2)
"2,050 UK adults",12 - 14 August 2026,,,,2007,,age,35-49,"Q:HSG1. And which government do you think would be best at handling…?
 Reducing the costs of renting",UNMATCHED,,A Labour government,A Conservative government,Neither,,,,,,,,33.2,10.4,37.6,,,,,,,,Vi-2026-08-12-Opinium-Observer-Web-Data-tables-1707.xlsx,HSG1 (2)
"2,050 UK adults",12 - 14 August 2026,,,,2007,,age,50-64,"Q:HSG1. And which government do you think would be best at handling…?
 Reducing the costs of renting",UNMATCHED,,A Labour government,A Conservative government,Neither,,,,,,,,31.6,11.6,39.6,,,,,,,,Vi-2026-08-12-Opinium-Observer-Web-Data-tables-1707.xlsx,HSG1 (2)
"2,050 UK adults",12 - 14 August 2026,,,,2007,,age,65+,"Q:HSG1. And which government do you think would be best at handling…?
 Reducing the costs of renting",UNMATCHED,,A Labour government,A Conservative government,Neither,,,,,,,,18.3,14.5,46.6,,,,,,,,Vi-2026-08-12-Opinium-Observer-Web-Data-tables-1707.xlsx,HSG1 (2)
"2,050 UK adults",12 - 14 August 2026,,,,2007,,region,North,"Q:HSG1. And which government do you think would be best at handling…?
 Reducing the costs of renting",UNMATCHED,,A Labour government,A Conservative government,Neither,,,,,,,,36.3,10.8,34.6,,,,,,,,Vi-2026-08-12-Opinium-Observer-Web-Data-tables-1707.xlsx,HSG1 (2)
"2,050 UK adults",12 - 14 August 2026,,,,2007,,region,Mids,"Q:HSG1. And which government do you think would be best at handling…?
 Reducing the costs of renting",UNMATCHED,,A Labour government,A Conservative government,Neither,,,,,,,,29.1,12.5,37.2,,,,,,,,Vi-2026-08-12-Opinium-Observer-Web-Data-tables-1707.xlsx,HSG1 (2)
"2,050 UK adults",12 - 14 August 2026,,,,2007,,region,London,"Q:HSG1. And which government do you think would be best at handling…?
 Reducing the costs of renting",UNMATCHED,,A Labour government,A Conservative government,Neither,,,,,,,,33.3,12.4,38.1,,,,,,,,Vi-2026-08-12-Opinium-Observer-Web-Data-tables-1707.xlsx,HSG1 (2)
"2,050 UK adults",12 - 14 August 2026,,,,2007,,region,South,"Q:HSG1. And which government do you think would be best at handling…?
 Reducing the costs of renting",UNMATCHED,,A Labour government,A Conservative government,Neither,,,,,,,,25.9,17.0,41.2,,,,,,,,Vi-2026-08-12-Opinium-Observer-Web-Data-tables-1707.xlsx,HSG1 (2)
"2,050 UK adults",12 - 14 August 2026,,,,2007,,region,Wales,"Q:HSG1. And which government do you think would be best at handling…?
 Reducing the costs of renting",UNMATCHED,,A Labour government,A Conservative government,Neither,,,,,,,,28.8,14.1,37.2,,,,,,,,Vi-2026-08-12-Opinium-Observer-Web-Data-tables-1707.xlsx,HSG1 (2)
"2,050 UK adults",12 - 14 August 2026,,,,2007,,region,Scotland,"Q:HSG1. And which government do you think would be best at handling…?
 Reducing the costs of renting",UNMATCHED,,A Labour government,A Conservative government,Neither,,,,,,,,34.7,5.3,41.1,,,,,,,,Vi-2026-08-12-Opinium-Observer-Web-Data-tables-1707.xlsx,HSG1 (2)
"2,050 UK adults",12 - 14 August 2026,,,,2007,,region,Northern Ireland,"Q:HSG1. And which government do you think would be best at handling…?
 Reducing the costs of renting",UNMATCHED,,A Labour government,A Conservative government,Neither,,,,,,,,,,,,,,,,,,Vi-2026-08-12-Opinium-Observer-Web-Data-tables-1707.xlsx,HSG1 (2)
"2,050 UK adults",12 - 14 August 2026,,,,2007,,total,Total,"Q:HSG1. And which government do you think would be best at handling…?
 Housing for first time buyers",Best party on housing,hous,A Labour government,A Conservative government,Neither,,,,,,,,29.0,15.9,36.5,,,,,,,,Vi-2026-08-12-Opinium-Observer-Web-Data-tables-1707.xlsx,HSG1 (3)
"2,050 UK adults",12 - 14 August 2026,,,,2007,,current_vote,Con,"Q:HSG1. And which government do you think would be best at handling…?
 Housing for first time buyers",Best party on housing,hous,A Labour government,A Conservative government,Neither,,,,,,,,9.7,50.7,18.0,,,,,,,,Vi-2026-08-12-Opinium-Observer-Web-Data-tables-1707.xlsx,HSG1 (3)
"2,050 UK adults",12 - 14 August 2026,,,,2007,,current_vote,Lab,"Q:HSG1. And which government do you think would be best at handling…?
 Housing for first time buyers",Best party on housing,hous,A Labour government,A Conservative government,Neither,,,,,,,,69.7,5.0,14.8,,,,,,,,Vi-2026-08-12-Opinium-Observer-Web-Data-tables-1707.xlsx,HSG1 (3)
"2,050 UK adults",12 - 14 August 2026,,,,2007,,current_vote,Lib Dem,"Q:HSG1. And which government do you think would be best at handling…?
 Housing for first time buyers",Best party on housing,hous,A Labour government,A Conservative government,Neither,,,,,,,,39.3,7.4,39.1,,,,,,,,Vi-2026-08-12-Opinium-Observer-Web-Data-tables-1707.xlsx,HSG1 (3)
"2,050 UK adults",12 - 14 August 2026,,,,2007,,current_vote,Reform,"Q:HSG1. And which government do you think would be best at handling…?
 Housing for first time buyers",Best party on housing,hous,A Labour government,A Conservative government,Neither,,,,,,,,7.0,25.5,56.3,,,,,,,,Vi-2026-08-12-Opinium-Observer-Web-Data-tables-1707.xlsx,HSG1 (3)
"2,050 UK adults",12 - 14 August 2026,,,,2007,,current_vote,Green,"Q:HSG1. And which government do you think would be best at handling…?
 Housing for first time buyers",Best party on housing,hous,A Labour government,A Conservative government,Neither,,,,,,,,38.2,4.7,45.5,,,,,,,,Vi-2026-08-12-Opinium-Observer-Web-Data-tables-1707.xlsx,HSG1 (3)
"2,050 UK adults",12 - 14 August 2026,,,,2007,,historic_vote,Conservative,"Q:HSG1. And which government do you think would be best at handling…?
 Housing for first time buyers",Best party on housing,hous,A Labour government,A Conservative government,Neither,,,,,,,,10.0,45.5,24.3,,,,,,,,Vi-2026-08-12-Opinium-Observer-Web-Data-tables-1707.xlsx,HSG1 (3)
"2,050 UK adults",12 - 14 August 2026,,,,2007,,historic_vote,Labour,"Q:HSG1. And which government do you think would be best at handling…?
 Housing for first time buyers",Best party on housing,hous,A Labour government,A Conservative government,Neither,,,,,,,,56.1,5.3,24.9,,,,,,,,Vi-2026-08-12-Opinium-Observer-Web-Data-tables-1707.xlsx,HSG1 (3)
"2,050 UK adults",12 - 14 August 2026,,,,2007,,historic_vote,Lib Dems,"Q:HSG1. And which government do you think would be best at handling…?
 Housing for first time buyers",Best party on housing,hous,A Labour government,A Conservative government,Neither,,,,,,,,40.6,9.8,37.6,,,,,,,,Vi-2026-08-12-Opinium-Observer-Web-Data-tables-1707.xlsx,HSG1 (3)
"2,050 UK adults",12 - 14 August 2026,,,,2007,,historic_vote,Green,"Q:HSG1. And which government do you think would be best at handling…?
 Housing for first time buyers",Best party on housing,hous,A Labour government,A Conservative government,Neither,,,,,,,,35.4,5.6,47.6,,,,,,,,Vi-2026-08-12-Opinium-Observer-Web-Data-tables-1707.xlsx,HSG1 (3)
"2,050 UK adults",12 - 14 August 2026,,,,2007,,historic_vote,Reform UK,"Q:HSG1. And which government do you think would be best at handling…?
 Housing for first time buyers",Best party on housing,hous,A Labour government,A Conservative government,Neither,,,,,,,,6.2,25.6,58.5,,,,,,,,Vi-2026-08-12-Opinium-Observer-Web-Data-tables-1707.xlsx,HSG1 (3)
"2,050 UK adults",12 - 14 August 2026,,,,2007,,historic_vote,Con,"Q:HSG1. And which government do you think would be best at handling…?
 Housing for first time buyers",Best party on housing,hous,A Labour government,A Conservative government,Neither,,,,,,,,10.8,35.4,36.3,,,,,,,,Vi-2026-08-12-Opinium-Observer-Web-Data-tables-1707.xlsx,HSG1 (3)
"2,050 UK adults",12 - 14 August 2026,,,,2007,,historic_vote,Lab,"Q:HSG1. And which government do you think would be best at handling…?
 Housing for first time buyers",Best party on housing,hous,A Labour government,A Conservative government,Neither,,,,,,,,55.4,4.8,27.3,,,,,,,,Vi-2026-08-12-Opinium-Observer-Web-Data-tables-1707.xlsx,HSG1 (3)
"2,050 UK adults",12 - 14 August 2026,,,,2007,,historic_vote,Lib Dem,"Q:HSG1. And which government do you think would be best at handling…?
 Housing for first time buyers",Best party on housing,hous,A Labour government,A Conservative government,Neither,,,,,,,,45.6,4.3,35.3,,,,,,,,Vi-2026-08-12-Opinium-Observer-Web-Data-tables-1707.xlsx,HSG1 (3)
"2,050 UK adults",12 - 14 August 2026,,,,2007,,historic_vote,Remain,"Q:HSG1. And which government do you think would be best at handling…?
 Housing for first time buyers",Best party on housing,hous,A Labour government,A Conservative government,Neither,,,,,,,,43.8,11.5,27.7,,,,,,,,Vi-2026-08-12-Opinium-Observer-Web-Data-tables-1707.xlsx,HSG1 (3)
"2,050 UK adults",12 - 14 August 2026,,,,2007,,historic_vote,Leave,"Q:HSG1. And which government do you think would be best at handling…?
 Housing for first time buyers",Best party on housing,hous,A Labour government,A Conservative government,Neither,,,,,,,,16.6,23.2,45.0,,,,,,,,Vi-2026-08-12-Opinium-Observer-Web-Data-tables-1707.xlsx,HSG1 (3)
"2,050 UK adults",12 - 14 August 2026,,,,2007,,gender,Male,"Q:HSG1. And which government do you think would be best at handling…?
 Housing for first time buyers",Best party on housing,hous,A Labour government,A Conservative government,Neither,,,,,,,,28.7,19.1,37.1,,,,,,,,Vi-2026-08-12-Opinium-Observer-Web-Data-tables-1707.xlsx,HSG1 (3)
"2,050 UK adults",12 - 14 August 2026,,,,2007,,gender,Female,"Q:HSG1. And which government do you think would be best at handling…?
 Housing for first time buyers",Best party on housing,hous,A Labour government,A Conservative government,Neither,,,,,,,,29.3,13.1,35.8,,,,,,,,Vi-2026-08-12-Opinium-Observer-Web-Data-tables-1707.xlsx,HSG1 (3)
"2,050 UK adults",12 - 14 August 2026,,,,2007,,age,18-34,"Q:HSG1. And which government do you think would be best at handling…?
 Housing for first time buyers",Best party on housing,hous,A Labour government,A Conservative government,Neither,,,,,,,,35.7,15.3,33.3,,,,,,,,Vi-2026-08-12-Opinium-Observer-Web-Data-tables-1707.xlsx,HSG1 (3)
"2,050 UK adults",12 - 14 August 2026,,,,2007,,age,35-49,"Q:HSG1. And which government do you think would be best at handling…?
 Housing for first time buyers",Best party on housing,hous,A Labour government,A Conservative government,Neither,,,,,,,,32.3,13.9,36.8,,,,,,,,Vi-2026-08-12-Opinium-Observer-Web-Data-tables-1707.xlsx,HSG1 (3)
"2,050 UK adults",12 - 14 August 2026,,,,2007,,age,50-64,"Q:HSG1. And which government do you think would be best at handling…?
 Housing for first time buyers",Best party on housing,hous,A Labour government,A Conservative government,Neither,,,,,,,,30.4,14.1,36.1,,,,,,,,Vi-2026-08-12-Opinium-Observer-Web-Data-tables-1707.xlsx,HSG1 (3)
"2,050 UK adults",12 - 14 August 2026,,,,2007,,age,65+,"Q:HSG1. And which government do you think would be best at handling…?
 Housing for first time buyers",Best party on housing,hous,A Labour government,A Conservative government,Neither,,,,,,,,16.3,20.6,40.3,,,,,,,,Vi-2026-08-12-Opinium-Observer-Web-Data-tables-1707.xlsx,HSG1 (3)
"2,050 UK adults",12 - 14 August 2026,,,,2007,,region,North,"Q:HSG1. And which government do you think would be best at handling…?
 Housing for first time buyers",Best party on housing,hous,A Labour government,A Conservative government,Neither,,,,,,,,33.7,13.8,34.6,,,,,,,,Vi-2026-08-12-Opinium-Observer-Web-Data-tables-1707.xlsx,HSG1 (3)
"2,050 UK adults",12 - 14 August 2026,,,,2007,,region,Mids,"Q:HSG1. And which government do you think would be best at handling…?
 Housing for first time buyers",Best party on housing,hous,A Labour government,A Conservative government,Neither,,,,,,,,23.8,20.5,35.2,,,,,,,,Vi-2026-08-12-Opinium-Observer-Web-Data-tables-1707.xlsx,HSG1 (3)
"2,050 UK adults",12 - 14 August 2026,,,,2007,,region,London,"Q:HSG1. And which government do you think would be best at handling…?
 Housing for first time buyers",Best party on housing,hous,A Labour government,A Conservative government,Neither,,,,,,,,33.5,16.0,33.9,,,,,,,,Vi-2026-08-12-Opinium-Observer-Web-Data-tables-1707.xlsx,HSG1 (3)
"2,050 UK adults",12 - 14 August 2026,,,,2007,,region,South,"Q:HSG1. And which government do you think would be best at handling…?
 Housing for first time buyers",Best party on housing,hous,A Labour government,A Conservative government,Neither,,,,,,,,24.6,16.9,39.7,,,,,,,,Vi-2026-08-12-Opinium-Observer-Web-Data-tables-1707.xlsx,HSG1 (3)
"2,050 UK adults",12 - 14 August 2026,,,,2007,,region,Wales,"Q:HSG1. And which government do you think would be best at handling…?
 Housing for first time buyers",Best party on housing,hous,A Labour government,A Conservative government,Neither,,,,,,,,35.6,11.8,35.1,,,,,,,,Vi-2026-08-12-Opinium-Observer-Web-Data-tables-1707.xlsx,HSG1 (3)
"2,050 UK adults",12 - 14 August 2026,,,,2007,,region,Scotland,"Q:HSG1. And which government do you think would be best at handling…?
 Housing for first time buyers",Best party on housing,hous,A Labour government,A Conservative government,Neither,,,,,,,,32.0,11.2,36.6,,,,,,,,Vi-2026-08-12-Opinium-Observer-Web-Data-tables-1707.xlsx,HSG1 (3)
"2,050 UK adults",12 - 14 August 2026,,,,2007,,region,Northern Ireland,"Q:HSG1. And which government do you think would be best at handling…?
 Housing for first time buyers",Best party on housing,hous,A Labour government,A Conservative government,Neither,,,,,,,,,,,,,,,,,,Vi-2026-08-12-Opinium-Observer-Web-Data-tables-1707.xlsx,HSG1 (3)
"2,050 UK adults",12 - 14 August 2026,,,,2007,,total,Total,"Q:HSG1. And which government do you think would be best at handling…?
 Housing for low-income households",Best party on housing,hous,A Labour government,A Conservative government,Neither,,,,,,,,34.8,11.9,36.3,,,,,,,,Vi-2026-08-12-Opinium-Observer-Web-Data-tables-1707.xlsx,HSG1 (4)
"2,050 UK adults",12 - 14 August 2026,,,,2007,,current_vote,Con,"Q:HSG1. And which government do you think would be best at handling…?
 Housing for low-income households",Best party on housing,hous,A Labour government,A Conservative government,Neither,,,,,,,,14.2,44.0,24.0,,,,,,,,Vi-2026-08-12-Opinium-Observer-Web-Data-tables-1707.xlsx,HSG1 (4)
"2,050 UK adults",12 - 14 August 2026,,,,2007,,current_vote,Lab,"Q:HSG1. And which government do you think would be best at handling…?
 Housing for low-income households",Best party on housing,hous,A Labour government,A Conservative government,Neither,,,,,,,,78.6,2.8,11.3,,,,,,,,Vi-2026-08-12-Opinium-Observer-Web-Data-tables-1707.xlsx,HSG1 (4)
"2,050 UK adults",12 - 14 August 2026,,,,2007,,current_vote,Lib Dem,"Q:HSG1. And which government do you think would be best at handling…?
 Housing for low-income households",Best party on housing,hous,A Labour government,A Conservative government,Neither,,,,,,,,47.1,4.4,34.7,,,,,,,,Vi-2026-08-12-Opinium-Observer-Web-Data-tables-1707.xlsx,HSG1 (4)
"2,050 UK adults",12 - 14 August 2026,,,,2007,,current_vote,Reform,"Q:HSG1. And which government do you think would be best at handling…?
 Housing for low-income households",Best party on housing,hous,A Labour government,A Conservative government,Neither,,,,,,,,11.7,16.6,61.3,,,,,,,,Vi-2026-08-12-Opinium-Observer-Web-Data-tables-1707.xlsx,HSG1 (4)
"2,050 UK adults",12 - 14 August 2026,,,,2007,,current_vote,Green,"Q:HSG1. And which government do you think would be best at handling…?
 Housing for low-income households",Best party on housing,hous,A Labour government,A Conservative government,Neither,,,,,,,,43.9,5.7,40.0,,,,,,,,Vi-2026-08-12-Opinium-Observer-Web-Data-tables-1707.xlsx,HSG1 (4)
"2,050 UK adults",12 - 14 August 2026,,,,2007,,historic_vote,Conservative,"Q:HSG1. And which government do you think would be best at handling…?
 Housing for low-income households",Best party on housing,hous,A Labour government,A Conservative government,Neither,,,,,,,,15.4,36.5,30.1,,,,,,,,Vi-2026-08-12-Opinium-Observer-Web-Data-tables-1707.xlsx,HSG1 (4)
"2,050 UK adults",12 - 14 August 2026,,,,2007,,historic_vote,Labour,"Q:HSG1. And which government do you think would be best at handling…?
 Housing for low-income households",Best party on housing,hous,A Labour government,A Conservative government,Neither,,,,,,,,66.4,2.8,20.8,,,,,,,,Vi-2026-08-12-Opinium-Observer-Web-Data-tables-1707.xlsx,HSG1 (4)
"2,050 UK adults",12 - 14 August 2026,,,,2007,,historic_vote,Lib Dems,"Q:HSG1. And which government do you think would be best at handling…?
 Housing for low-income households",Best party on housing,hous,A Labour government,A Conservative government,Neither,,,,,,,,46.3,5.8,36.5,,,,,,,,Vi-2026-08-12-Opinium-Observer-Web-Data-tables-1707.xlsx,HSG1 (4)
"2,050 UK adults",12 - 14 August 2026,,,,2007,,historic_vote,Green,"Q:HSG1. And which government do you think would be best at handling…?
 Housing for low-income households",Best party on housing,hous,A Labour government,A Conservative government,Neither,,,,,,,,38.7,8.3,43.6,,,,,,,,Vi-2026-08-12-Opinium-Observer-Web-Data-tables-1707.xlsx,HSG1 (4)
"2,050 UK adults",12 - 14 August 2026,,,,2007,,historic_vote,Reform UK,"Q:HSG1. And which government do you think would be best at handling…?
 Housing for low-income households",Best party on housing,hous,A Labour government,A Conservative government,Neither,,,,,,,,11.6,12.8,66.2,,,,,,,,Vi-2026-08-12-Opinium-Observer-Web-Data-tables-1707.xlsx,HSG1 (4)
"2,050 UK adults",12 - 14 August 2026,,,,2007,,historic_vote,Con,"Q:HSG1. And which government do you think would be best at handling…?
 Housing for low-income households",Best party on housing,hous,A Labour government,A Conservative government,Neither,,,,,,,,16.8,25.6,41.2,,,,,,,,Vi-2026-08-12-Opinium-Observer-Web-Data-tables-1707.xlsx,HSG1 (4)
"2,050 UK adults",12 - 14 August 2026,,,,2007,,historic_vote,Lab,"Q:HSG1. And which government do you think would be best at handling…?
 Housing for low-income households",Best party on housing,hous,A Labour government,A Conservative government,Neither,,,,,,,,66.4,3.4,22.1,,,,,,,,Vi-2026-08-12-Opinium-Observer-Web-Data-tables-1707.xlsx,HSG1 (4)
"2,050 UK adults",12 - 14 August 2026,,,,2007,,historic_vote,Lib Dem,"Q:HSG1. And which government do you think would be best at handling…?
 Housing for low-income households",Best party on housing,hous,A Labour government,A Conservative government,Neither,,,,,,,,50.2,3.6,33.9,,,,,,,,Vi-2026-08-12-Opinium-Observer-Web-Data-tables-1707.xlsx,HSG1 (4)
"2,050 UK adults",12 - 14 August 2026,,,,2007,,historic_vote,Remain,"Q:HSG1. And which government do you think would be best at handling…?
 Housing for low-income households",Best party on housing,hous,A Labour government,A Conservative government,Neither,,,,,,,,52.1,7.6,24.9,,,,,,,,Vi-2026-08-12-Opinium-Observer-Web-Data-tables-1707.xlsx,HSG1 (4)
"2,050 UK adults",12 - 14 August 2026,,,,2007,,historic_vote,Leave,"Q:HSG1. And which government do you think would be best at handling…?
 Housing for low-income households",Best party on housing,hous,A Labour government,A Conservative government,Neither,,,,,,,,23.7,16.6,46.3,,,,,,,,Vi-2026-08-12-Opinium-Observer-Web-Data-tables-1707.xlsx,HSG1 (4)
"2,050 UK adults",12 - 14 August 2026,,,,2007,,gender,Male,"Q:HSG1. And which government do you think would be best at handling…?
 Housing for low-income households",Best party on housing,hous,A Labour government,A Conservative government,Neither,,,,,,,,34.9,15.1,35.7,,,,,,,,Vi-2026-08-12-Opinium-Observer-Web-Data-tables-1707.xlsx,HSG1 (4)
"2,050 UK adults",12 - 14 August 2026,,,,2007,,gender,Female,"Q:HSG1. And which government do you think would be best at handling…?
 Housing for low-income households",Best party on housing,hous,A Labour government,A Conservative government,Neither,,,,,,,,34.9,9.1,36.8,,,,,,,,Vi-2026-08-12-Opinium-Observer-Web-Data-tables-1707.xlsx,HSG1 (4)
"2,050 UK adults",12 - 14 August 2026,,,,2007,,age,18-34,"Q:HSG1. And which government do you think would be best at handling…?
 Housing for low-income households",Best party on housing,hous,A Labour government,A Conservative government,Neither,,,,,,,,38.7,14.5,31.4,,,,,,,,Vi-2026-08-12-Opinium-Observer-Web-Data-tables-1707.xlsx,HSG1 (4)
"2,050 UK adults",12 - 14 August 2026,,,,2007,,age,35-49,"Q:HSG1. And which government do you think would be best at handling…?
 Housing for low-income households",Best party on housing,hous,A Labour government,A Conservative government,Neither,,,,,,,,35.4,10.9,37.3,,,,,,,,Vi-2026-08-12-Opinium-Observer-Web-Data-tables-1707.xlsx,HSG1 (4)
"2,050 UK adults",12 - 14 August 2026,,,,2007,,age,50-64,"Q:HSG1. And which government do you think would be best at handling…?
 Housing for low-income households",Best party on housing,hous,A Labour government,A Conservative government,Neither,,,,,,,,37.6,9.8,36.9,,,,,,,,Vi-2026-08-12-Opinium-Observer-Web-Data-tables-1707.xlsx,HSG1 (4)
"2,050 UK adults",12 - 14 August 2026,,,,2007,,age,65+,"Q:HSG1. And which government do you think would be best at handling…?
 Housing for low-income households",Best party on housing,hous,A Labour government,A Conservative government,Neither,,,,,,,,26.5,12.3,40.4,,,,,,,,Vi-2026-08-12-Opinium-Observer-Web-Data-tables-1707.xlsx,HSG1 (4)
"2,050 UK adults",12 - 14 August 2026,,,,2007,,region,North,"Q:HSG1. And which government do you think would be best at handling…?
 Housing for low-income households",Best party on housing,hous,A Labour government,A Conservative government,Neither,,,,,,,,39.1,11.7,33.6,,,,,,,,Vi-2026-08-12-Opinium-Observer-Web-Data-tables-1707.xlsx,HSG1 (4)
"2,050 UK adults",12 - 14 August 2026,,,,2007,,region,Mids,"Q:HSG1. And which government do you think would be best at handling…?
 Housing for low-income households",Best party on housing,hous,A Labour government,A Conservative government,Neither,,,,,,,,31.2,14.7,35.2,,,,,,,,Vi-2026-08-12-Opinium-Observer-Web-Data-tables-1707.xlsx,HSG1 (4)
"2,050 UK adults",12 - 14 August 2026,,,,2007,,region,London,"Q:HSG1. And which government do you think would be best at handling…?
 Housing for low-income households",Best party on housing,hous,A Labour government,A Conservative government,Neither,,,,,,,,38.4,11.8,33.4,,,,,,,,Vi-2026-08-12-Opinium-Observer-Web-Data-tables-1707.xlsx,HSG1 (4)
"2,050 UK adults",12 - 14 August 2026,,,,2007,,region,South,"Q:HSG1. And which government do you think would be best at handling…?
 Housing for low-income households",Best party on housing,hous,A Labour government,A Conservative government,Neither,,,,,,,,31.3,12.9,39.0,,,,,,,,Vi-2026-08-12-Opinium-Observer-Web-Data-tables-1707.xlsx,HSG1 (4)
"2,050 UK adults",12 - 14 August 2026,,,,2007,,region,Wales,"Q:HSG1. And which government do you think would be best at handling…?
 Housing for low-income households",Best party on housing,hous,A Labour government,A Conservative government,Neither,,,,,,,,36.0,12.5,36.1,,,,,,,,Vi-2026-08-12-Opinium-Observer-Web-Data-tables-1707.xlsx,HSG1 (4)
"2,050 UK adults",12 - 14 August 2026,,,,2007,,region,Scotland,"Q:HSG1. And which government do you think would be best at handling…?
 Housing for low-income households",Best party on housing,hous,A Labour government,A Conservative government,Neither,,,,,,,,36.5,3.4,40.5,,,,,,,,Vi-2026-08-12-Opinium-Observer-Web-Data-tables-1707.xlsx,HSG1 (4)
"2,050 UK adults",12 - 14 August 2026,,,,2007,,region,Northern Ireland,"Q:HSG1. And which government do you think would be best at handling…?
 Housing for low-income households",Best party on housing,hous,A Labour government,A Conservative government,Neither,,,,,,,,,,,,,,,,,,Vi-2026-08-12-Opinium-Observer-Web-Data-tables-1707.xlsx,HSG1 (4)
"2,050 UK adults",12 - 14 August 2026,,,,2007,,total,Total,"Q:HSG1. And which government do you think would be best at handling…?
 Long-term planning for future housing",Best party on housing,hous,A Labour government,A Conservative government,Neither,,,,,,,,29.0,16.1,36.9,,,,,,,,Vi-2026-08-12-Opinium-Observer-Web-Data-tables-1707.xlsx,HSG1 (5)
"2,050 UK adults",12 - 14 August 2026,,,,2007,,current_vote,Con,"Q:HSG1. And which government do you think would be best at handling…?
 Long-term planning for future housing",Best party on housing,hous,A Labour government,A Conservative government,Neither,,,,,,,,2.5,58.7,19.6,,,,,,,,Vi-2026-08-12-Opinium-Observer-Web-Data-tables-1707.xlsx,HSG1 (5)
"2,050 UK adults",12 - 14 August 2026,,,,2007,,current_vote,Lab,"Q:HSG1. And which government do you think would be best at handling…?
 Long-term planning for future housing",Best party on housing,hous,A Labour government,A Conservative government,Neither,,,,,,,,75.0,5.2,12.0,,,,,,,,Vi-2026-08-12-Opinium-Observer-Web-Data-tables-1707.xlsx,HSG1 (5)
"2,050 UK adults",12 - 14 August 2026,,,,2007,,current_vote,Lib Dem,"Q:HSG1. And which government do you think would be best at handling…?
 Long-term planning for future housing",Best party on housing,hous,A Labour government,A Conservative government,Neither,,,,,,,,42.8,6.4,32.6,,,,,,,,Vi-2026-08-12-Opinium-Observer-Web-Data-tables-1707.xlsx,HSG1 (5)
"2,050 UK adults",12 - 14 August 2026,,,,2007,,current_vote,Reform,"Q:HSG1. And which government do you think would be best at handling…?
 Long-term planning for future housing",Best party on housing,hous,A Labour government,A Conservative government,Neither,,,,,,,,7.5,21.1,59.2,,,,,,,,Vi-2026-08-12-Opinium-Observer-Web-Data-tables-1707.xlsx,HSG1 (5)
"2,050 UK adults",12 - 14 August 2026,,,,2007,,current_vote,Green,"Q:HSG1. And which government do you think would be best at handling…?
 Long-term planning for future housing",Best party on housing,hous,A Labour government,A Conservative government,Neither,,,,,,,,32.9,7.4,45.8,,,,,,,,Vi-2026-08-12-Opinium-Observer-Web-Data-tables-1707.xlsx,HSG1 (5)
"2,050 UK adults",12 - 14 August 2026,,,,2007,,historic_vote,Conservative,"Q:HSG1. And which government do you think would be best at handling…?
 Long-term planning for future housing",Best party on housing,hous,A Labour government,A Conservative government,Neither,,,,,,,,5.7,46.9,28.0,,,,,,,,Vi-2026-08-12-Opinium-Observer-Web-Data-tables-1707.xlsx,HSG1 (5)
"2,050 UK adults",12 - 14 August 2026,,,,2007,,historic_vote,Labour,"Q:HSG1. And which government do you think would be best at handling…?
 Long-term planning for future housing",Best party on housing,hous,A Labour government,A Conservative government,Neither,,,,,,,,60.3,4.2,24.2,,,,,,,,Vi-2026-08-12-Opinium-Observer-Web-Data-tables-1707.xlsx,HSG1 (5)
"2,050 UK adults",12 - 14 August 2026,,,,2007,,historic_vote,Lib Dems,"Q:HSG1. And which government do you think would be best at handling…?
 Long-term planning for future housing",Best party on housing,hous,A Labour government,A Conservative government,Neither,,,,,,,,40.8,9.9,35.1,,,,,,,,Vi-2026-08-12-Opinium-Observer-Web-Data-tables-1707.xlsx,HSG1 (5)
"2,050 UK adults",12 - 14 August 2026,,,,2007,,historic_vote,Green,"Q:HSG1. And which government do you think would be best at handling…?
 Long-term planning for future housing",Best party on housing,hous,A Labour government,A Conservative government,Neither,,,,,,,,32.8,6.1,52.1,,,,,,,,Vi-2026-08-12-Opinium-Observer-Web-Data-tables-1707.xlsx,HSG1 (5)
"2,050 UK adults",12 - 14 August 2026,,,,2007,,historic_vote,Reform UK,"Q:HSG1. And which government do you think would be best at handling…?
 Long-term planning for future housing",Best party on housing,hous,A Labour government,A Conservative government,Neither,,,,,,,,6.9,21.2,60.1,,,,,,,,Vi-2026-08-12-Opinium-Observer-Web-Data-tables-1707.xlsx,HSG1 (5)
"2,050 UK adults",12 - 14 August 2026,,,,2007,,historic_vote,Con,"Q:HSG1. And which government do you think would be best at handling…?
 Long-term planning for future housing",Best party on housing,hous,A Labour government,A Conservative government,Neither,,,,,,,,10.4,35.2,39.2,,,,,,,,Vi-2026-08-12-Opinium-Observer-Web-Data-tables-1707.xlsx,HSG1 (5)
"2,050 UK adults",12 - 14 August 2026,,,,2007,,historic_vote,Lab,"Q:HSG1. And which government do you think would be best at handling…?
 Long-term planning for future housing",Best party on housing,hous,A Labour government,A Conservative government,Neither,,,,,,,,60.4,3.9,24.7,,,,,,,,Vi-2026-08-12-Opinium-Observer-Web-Data-tables-1707.xlsx,HSG1 (5)
"2,050 UK adults",12 - 14 August 2026,,,,2007,,historic_vote,Lib Dem,"Q:HSG1. And which government do you think would be best at handling…?
 Long-term planning for future housing",Best party on housing,hous,A Labour government,A Conservative government,Neither,,,,,,,,45.7,3.9,31.4,,,,,,,,Vi-2026-08-12-Opinium-Observer-Web-Data-tables-1707.xlsx,HSG1 (5)
"2,050 UK adults",12 - 14 August 2026,,,,2007,,historic_vote,Remain,"Q:HSG1. And which government do you think would be best at handling…?
 Long-term planning for future housing",Best party on housing,hous,A Labour government,A Conservative government,Neither,,,,,,,,46.5,10.6,26.6,,,,,,,,Vi-2026-08-12-Opinium-Observer-Web-Data-tables-1707.xlsx,HSG1 (5)
"2,050 UK adults",12 - 14 August 2026,,,,2007,,historic_vote,Leave,"Q:HSG1. And which government do you think would be best at handling…?
 Long-term planning for future housing",Best party on housing,hous,A Labour government,A Conservative government,Neither,,,,,,,,17.1,22.3,46.4,,,,,,,,Vi-2026-08-12-Opinium-Observer-Web-Data-tables-1707.xlsx,HSG1 (5)
"2,050 UK adults",12 - 14 August 2026,,,,2007,,gender,Male,"Q:HSG1. And which government do you think would be best at handling…?
 Long-term planning for future housing",Best party on housing,hous,A Labour government,A Conservative government,Neither,,,,,,,,28.6,19.4,37.1,,,,,,,,Vi-2026-08-12-Opinium-Observer-Web-Data-tables-1707.xlsx,HSG1 (5)
"2,050 UK adults",12 - 14 August 2026,,,,2007,,gender,Female,"Q:HSG1. And which government do you think would be best at handling…?
 Long-term planning for future housing",Best party on housing,hous,A Labour government,A Conservative government,Neither,,,,,,,,29.3,13.1,36.5,,,,,,,,Vi-2026-08-12-Opinium-Observer-Web-Data-tables-1707.xlsx,HSG1 (5)
"2,050 UK adults",12 - 14 August 2026,,,,2007,,age,18-34,"Q:HSG1. And which government do you think would be best at handling…?
 Long-term planning for future housing",Best party on housing,hous,A Labour government,A Conservative government,Neither,,,,,,,,32.7,18.4,33.8,,,,,,,,Vi-2026-08-12-Opinium-Observer-Web-Data-tables-1707.xlsx,HSG1 (5)
"2,050 UK adults",12 - 14 August 2026,,,,2007,,age,35-49,"Q:HSG1. And which government do you think would be best at handling…?
 Long-term planning for future housing",Best party on housing,hous,A Labour government,A Conservative government,Neither,,,,,,,,31.7,12.4,37.6,,,,,,,,Vi-2026-08-12-Opinium-Observer-Web-Data-tables-1707.xlsx,HSG1 (5)
"2,050 UK adults",12 - 14 August 2026,,,,2007,,age,50-64,"Q:HSG1. And which government do you think would be best at handling…?
 Long-term planning for future housing",Best party on housing,hous,A Labour government,A Conservative government,Neither,,,,,,,,32.1,12.8,37.9,,,,,,,,Vi-2026-08-12-Opinium-Observer-Web-Data-tables-1707.xlsx,HSG1 (5)
"2,050 UK adults",12 - 14 August 2026,,,,2007,,age,65+,"Q:HSG1. And which government do you think would be best at handling…?
 Long-term planning for future housing",Best party on housing,hous,A Labour government,A Conservative government,Neither,,,,,,,,18.6,20.7,38.6,,,,,,,,Vi-2026-08-12-Opinium-Observer-Web-Data-tables-1707.xlsx,HSG1 (5)
"2,050 UK adults",12 - 14 August 2026,,,,2007,,region,North,"Q:HSG1. And which government do you think would be best at handling…?
 Long-term planning for future housing",Best party on housing,hous,A Labour government,A Conservative government,Neither,,,,,,,,34.0,14.0,34.6,,,,,,,,Vi-2026-08-12-Opinium-Observer-Web-Data-tables-1707.xlsx,HSG1 (5)
"2,050 UK adults",12 - 14 August 2026,,,,2007,,region,Mids,"Q:HSG1. And which government do you think would be best at handling…?
 Long-term planning for future housing",Best party on housing,hous,A Labour government,A Conservative government,Neither,,,,,,,,24.3,18.6,36.3,,,,,,,,Vi-2026-08-12-Opinium-Observer-Web-Data-tables-1707.xlsx,HSG1 (5)
"2,050 UK adults",12 - 14 August 2026,,,,2007,,region,London,"Q:HSG1. And which government do you think would be best at handling…?
 Long-term planning for future housing",Best party on housing,hous,A Labour government,A Conservative government,Neither,,,,,,,,31.0,17.2,34.5,,,,,,,,Vi-2026-08-12-Opinium-Observer-Web-Data-tables-1707.xlsx,HSG1 (5)
"2,050 UK adults",12 - 14 August 2026,,,,2007,,region,South,"Q:HSG1. And which government do you think would be best at handling…?
 Long-term planning for future housing",Best party on housing,hous,A Labour government,A Conservative government,Neither,,,,,,,,24.8,17.9,39.9,,,,,,,,Vi-2026-08-12-Opinium-Observer-Web-Data-tables-1707.xlsx,HSG1 (5)
"2,050 UK adults",12 - 14 August 2026,,,,2007,,region,Wales,"Q:HSG1. And which government do you think would be best at handling…?
 Long-term planning for future housing",Best party on housing,hous,A Labour government,A Conservative government,Neither,,,,,,,,30.7,13.2,40.2,,,,,,,,Vi-2026-08-12-Opinium-Observer-Web-Data-tables-1707.xlsx,HSG1 (5)
"2,050 UK adults",12 - 14 August 2026,,,,2007,,region,Scotland,"Q:HSG1. And which government do you think would be best at handling…?
 Long-term planning for future housing",Best party on housing,hous,A Labour government,A Conservative government,Neither,,,,,,,,35.8,9.9,34.4,,,,,,,,Vi-2026-08-12-Opinium-Observer-Web-Data-tables-1707.xlsx,HSG1 (5)
"2,050 UK adults",12 - 14 August 2026,,,,2007,,region,Northern Ireland,"Q:HSG1. And which government do you think would be best at handling…?
 Long-term planning for future housing",Best party on housing,hous,A Labour government,A Conservative government,Neither,,,,,,,,,,,,,,,,,,Vi-2026-08-12-Opinium-Observer-Web-Data-tables-1707.xlsx,HSG1 (5)
"2,050 UK adults",12 - 14 August 2026,,,,2007,,total,Allocating funding to public services,Q:PS1. And which government do you think would be best at handling…?,UNMATCHED,,A Labour government,A Conservative government,Neither,,,,,,,,31.8,17.8,33.5,,,,,,,,Vi-2026-08-12-Opinium-Observer-Web-Data-tables-1707.xlsx,Summary PS1
"2,050 UK adults",12 - 14 August 2026,,,,2007,,total,Total,"Q:PS1. And which government do you think would be best at handling…?
 Allocating funding to public services",UNMATCHED,,A Labour government,A Conservative government,Neither,,,,,,,,31.8,17.8,33.5,,,,,,,,Vi-2026-08-12-Opinium-Observer-Web-Data-tables-1707.xlsx,PS1
"2,050 UK adults",12 - 14 August 2026,,,,2007,,current_vote,Con,"Q:PS1. And which government do you think would be best at handling…?
 Allocating funding to public services",UNMATCHED,,A Labour government,A Conservative government,Neither,,,,,,,,5.9,63.1,15.3,,,,,,,,Vi-2026-08-12-Opinium-Observer-Web-Data-tables-1707.xlsx,PS1
"2,050 UK adults",12 - 14 August 2026,,,,2007,,current_vote,Lab,"Q:PS1. And which government do you think would be best at handling…?
 Allocating funding to public services",UNMATCHED,,A Labour government,A Conservative government,Neither,,,,,,,,75.9,6.0,11.2,,,,,,,,Vi-2026-08-12-Opinium-Observer-Web-Data-tables-1707.xlsx,PS1
"2,050 UK adults",12 - 14 August 2026,,,,2007,,current_vote,Lib Dem,"Q:PS1. And which government do you think would be best at handling…?
 Allocating funding to public services",UNMATCHED,,A Labour government,A Conservative government,Neither,,,,,,,,47.5,7.0,28.2,,,,,,,,Vi-2026-08-12-Opinium-Observer-Web-Data-tables-1707.xlsx,PS1
"2,050 UK adults",12 - 14 August 2026,,,,2007,,current_vote,Reform,"Q:PS1. And which government do you think would be best at handling…?
 Allocating funding to public services",UNMATCHED,,A Labour government,A Conservative government,Neither,,,,,,,,8.9,23.9,55.6,,,,,,,,Vi-2026-08-12-Opinium-Observer-Web-Data-tables-1707.xlsx,PS1
"2,050 UK adults",12 - 14 August 2026,,,,2007,,current_vote,Green,"Q:PS1. And which government do you think would be best at handling…?
 Allocating funding to public services",UNMATCHED,,A Labour government,A Conservative government,Neither,,,,,,,,42.2,8.6,38.2,,,,,,,,Vi-2026-08-12-Opinium-Observer-Web-Data-tables-1707.xlsx,PS1
"2,050 UK adults",12 - 14 August 2026,,,,2007,,historic_vote,Conservative,"Q:PS1. And which government do you think would be best at handling…?
 Allocating funding to public services",UNMATCHED,,A Labour government,A Conservative government,Neither,,,,,,,,7.9,54.7,21.8,,,,,,,,Vi-2026-08-12-Opinium-Observer-Web-Data-tables-1707.xlsx,PS1
"2,050 UK adults",12 - 14 August 2026,,,,2007,,historic_vote,Labour,"Q:PS1. And which government do you think would be best at handling…?
 Allocating funding to public services",UNMATCHED,,A Labour government,A Conservative government,Neither,,,,,,,,64.4,5.1,19.7,,,,,,,,Vi-2026-08-12-Opinium-Observer-Web-Data-tables-1707.xlsx,PS1
"2,050 UK adults",12 - 14 August 2026,,,,2007,,historic_vote,Lib Dems,"Q:PS1. And which government do you think would be best at handling…?
 Allocating funding to public services",UNMATCHED,,A Labour government,A Conservative government,Neither,,,,,,,,47.4,10.0,29.6,,,,,,,,Vi-2026-08-12-Opinium-Observer-Web-Data-tables-1707.xlsx,PS1
"2,050 UK adults",12 - 14 August 2026,,,,2007,,historic_vote,Green,"Q:PS1. And which government do you think would be best at handling…?
 Allocating funding to public services",UNMATCHED,,A Labour government,A Conservative government,Neither,,,,,,,,40.7,12.7,39.8,,,,,,,,Vi-2026-08-12-Opinium-Observer-Web-Data-tables-1707.xlsx,PS1
"2,050 UK adults",12 - 14 August 2026,,,,2007,,historic_vote,Reform UK,"Q:PS1. And which government do you think would be best at handling…?
 Allocating funding to public services",UNMATCHED,,A Labour government,A Conservative government,Neither,,,,,,,,8.9,17.2,62.8,,,,,,,,Vi-2026-08-12-Opinium-Observer-Web-Data-tables-1707.xlsx,PS1
"2,050 UK adults",12 - 14 August 2026,,,,2007,,historic_vote,Con,"Q:PS1. And which government do you think would be best at handling…?
 Allocating funding to public services",UNMATCHED,,A Labour government,A Conservative government,Neither,,,,,,,,11.7,40.2,33.1,,,,,,,,Vi-2026-08-12-Opinium-Observer-Web-Data-tables-1707.xlsx,PS1
"2,050 UK adults",12 - 14 August 2026,,,,2007,,historic_vote,Lab,"Q:PS1. And which government do you think would be best at handling…?
 Allocating funding to public services",UNMATCHED,,A Labour government,A Conservative government,Neither,,,,,,,,63.3,5.0,22.3,,,,,,,,Vi-2026-08-12-Opinium-Observer-Web-Data-tables-1707.xlsx,PS1
"2,050 UK adults",12 - 14 August 2026,,,,2007,,historic_vote,Lib Dem,"Q:PS1. And which government do you think would be best at handling…?
 Allocating funding to public services",UNMATCHED,,A Labour government,A Conservative government,Neither,,,,,,,,56.0,5.8,27.6,,,,,,,,Vi-2026-08-12-Opinium-Observer-Web-Data-tables-1707.xlsx,PS1
"2,050 UK adults",12 - 14 August 2026,,,,2007,,historic_vote,Remain,"Q:PS1. And which government do you think would be best at handling…?
 Allocating funding to public services",UNMATCHED,,A Labour government,A Conservative government,Neither,,,,,,,,50.8,13.3,22.3,,,,,,,,Vi-2026-08-12-Opinium-Observer-Web-Data-tables-1707.xlsx,PS1
"2,050 UK adults",12 - 14 August 2026,,,,2007,,historic_vote,Leave,"Q:PS1. And which government do you think would be best at handling…?
 Allocating funding to public services",UNMATCHED,,A Labour government,A Conservative government,Neither,,,,,,,,19.3,25.1,41.3,,,,,,,,Vi-2026-08-12-Opinium-Observer-Web-Data-tables-1707.xlsx,PS1
"2,050 UK adults",12 - 14 August 2026,,,,2007,,gender,Male,"Q:PS1. And which government do you think would be best at handling…?
 Allocating funding to public services",UNMATCHED,,A Labour government,A Conservative government,Neither,,,,,,,,32.5,20.9,33.7,,,,,,,,Vi-2026-08-12-Opinium-Observer-Web-Data-tables-1707.xlsx,PS1
"2,050 UK adults",12 - 14 August 2026,,,,2007,,gender,Female,"Q:PS1. And which government do you think would be best at handling…?
 Allocating funding to public services",UNMATCHED,,A Labour government,A Conservative government,Neither,,,,,,,,31.0,15.0,33.1,,,,,,,,Vi-2026-08-12-Opinium-Observer-Web-Data-tables-1707.xlsx,PS1
"2,050 UK adults",12 - 14 August 2026,,,,2007,,age,18-34,"Q:PS1. And which government do you think would be best at handling…?
 Allocating funding to public services",UNMATCHED,,A Labour government,A Conservative government,Neither,,,,,,,,34.6,19.1,31.4,,,,,,,,Vi-2026-08-12-Opinium-Observer-Web-Data-tables-1707.xlsx,PS1
"2,050 UK adults",12 - 14 August 2026,,,,2007,,age,35-49,"Q:PS1. And which government do you think would be best at handling…?
 Allocating funding to public services",UNMATCHED,,A Labour government,A Conservative government,Neither,,,,,,,,33.6,13.4,36.8,,,,,,,,Vi-2026-08-12-Opinium-Observer-Web-Data-tables-1707.xlsx,PS1
"2,050 UK adults",12 - 14 August 2026,,,,2007,,age,50-64,"Q:PS1. And which government do you think would be best at handling…?
 Allocating funding to public services",UNMATCHED,,A Labour government,A Conservative government,Neither,,,,,,,,36.9,15.3,33.6,,,,,,,,Vi-2026-08-12-Opinium-Observer-Web-Data-tables-1707.xlsx,PS1
"2,050 UK adults",12 - 14 August 2026,,,,2007,,age,65+,"Q:PS1. And which government do you think would be best at handling…?
 Allocating funding to public services",UNMATCHED,,A Labour government,A Conservative government,Neither,,,,,,,,21.1,23.2,32.4,,,,,,,,Vi-2026-08-12-Opinium-Observer-Web-Data-tables-1707.xlsx,PS1
"2,050 UK adults",12 - 14 August 2026,,,,2007,,region,North,"Q:PS1. And which government do you think would be best at handling…?
 Allocating funding to public services",UNMATCHED,,A Labour government,A Conservative government,Neither,,,,,,,,35.7,15.4,32.8,,,,,,,,Vi-2026-08-12-Opinium-Observer-Web-Data-tables-1707.xlsx,PS1
"2,050 UK adults",12 - 14 August 2026,,,,2007,,region,Mids,"Q:PS1. And which government do you think would be best at handling…?
 Allocating funding to public services",UNMATCHED,,A Labour government,A Conservative government,Neither,,,,,,,,29.6,18.8,32.4,,,,,,,,Vi-2026-08-12-Opinium-Observer-Web-Data-tables-1707.xlsx,PS1
"2,050 UK adults",12 - 14 August 2026,,,,2007,,region,London,"Q:PS1. And which government do you think would be best at handling…?
 Allocating funding to public services",UNMATCHED,,A Labour government,A Conservative government,Neither,,,,,,,,34.3,16.1,31.6,,,,,,,,Vi-2026-08-12-Opinium-Observer-Web-Data-tables-1707.xlsx,PS1
"2,050 UK adults",12 - 14 August 2026,,,,2007,,region,South,"Q:PS1. And which government do you think would be best at handling…?
 Allocating funding to public services",UNMATCHED,,A Labour government,A Conservative government,Neither,,,,,,,,27.2,22.2,35.0,,,,,,,,Vi-2026-08-12-Opinium-Observer-Web-Data-tables-1707.xlsx,PS1
"2,050 UK adults",12 - 14 August 2026,,,,2007,,region,Wales,"Q:PS1. And which government do you think would be best at handling…?
 Allocating funding to public services",UNMATCHED,,A Labour government,A Conservative government,Neither,,,,,,,,36.2,12.8,35.1,,,,,,,,Vi-2026-08-12-Opinium-Observer-Web-Data-tables-1707.xlsx,PS1
"2,050 UK adults",12 - 14 August 2026,,,,2007,,region,Scotland,"Q:PS1. And which government do you think would be best at handling…?
 Allocating funding to public services",UNMATCHED,,A Labour government,A Conservative government,Neither,,,,,,,,35.8,10.5,34.4,,,,,,,,Vi-2026-08-12-Opinium-Observer-Web-Data-tables-1707.xlsx,PS1
"2,050 UK adults",12 - 14 August 2026,,,,2007,,region,Northern Ireland,"Q:PS1. And which government do you think would be best at handling…?
 Allocating funding to public services",UNMATCHED,,A Labour government,A Conservative government,Neither,,,,,,,,,,,,,,,,,,Vi-2026-08-12-Opinium-Observer-Web-Data-tables-1707.xlsx,PS1
"2,050 UK adults",12 - 14 August 2026,,,,2007,,total,Total,"Q:PS1. And which government do you think would be best at handling…?
 Working with public sector workers (such as doctors, teachers, public transport workers)",Best party on transport,transport,A Labour government,A Conservative government,Neither,,,,,,,,33.4,16.8,32.7,,,,,,,,Vi-2026-08-12-Opinium-Observer-Web-Data-tables-1707.xlsx,PS1 (2)
"2,050 UK adults",12 - 14 August 2026,,,,2007,,current_vote,Con,"Q:PS1. And which government do you think would be best at handling…?
 Working with public sector workers (such as doctors, teachers, public transport workers)",Best party on transport,transport,A Labour government,A Conservative government,Neither,,,,,,,,10.8,59.0,14.3,,,,,,,,Vi-2026-08-12-Opinium-Observer-Web-Data-tables-1707.xlsx,PS1 (2)
"2,050 UK adults",12 - 14 August 2026,,,,2007,,current_vote,Lab,"Q:PS1. And which government do you think would be best at handling…?
 Working with public sector workers (such as doctors, teachers, public transport workers)",Best party on transport,transport,A Labour government,A Conservative government,Neither,,,,,,,,75.1,5.6,11.2,,,,,,,,Vi-2026-08-12-Opinium-Observer-Web-Data-tables-1707.xlsx,PS1 (2)
"2,050 UK adults",12 - 14 August 2026,,,,2007,,current_vote,Lib Dem,"Q:PS1. And which government do you think would be best at handling…?
 Working with public sector workers (such as doctors, teachers, public transport workers)",Best party on transport,transport,A Labour government,A Conservative government,Neither,,,,,,,,48.4,8.5,28.4,,,,,,,,Vi-2026-08-12-Opinium-Observer-Web-Data-tables-1707.xlsx,PS1 (2)
"2,050 UK adults",12 - 14 August 2026,,,,2007,,current_vote,Reform,"Q:PS1. And which government do you think would be best at handling…?
 Working with public sector workers (such as doctors, teachers, public transport workers)",Best party on transport,transport,A Labour government,A Conservative government,Neither,,,,,,,,14.3,21.7,53.5,,,,,,,,Vi-2026-08-12-Opinium-Observer-Web-Data-tables-1707.xlsx,PS1 (2)
"2,050 UK adults",12 - 14 August 2026,,,,2007,,current_vote,Green,"Q:PS1. And which government do you think would be best at handling…?
 Working with public sector workers (such as doctors, teachers, public transport workers)",Best party on transport,transport,A Labour government,A Conservative government,Neither,,,,,,,,41.8,7.5,39.3,,,,,,,,Vi-2026-08-12-Opinium-Observer-Web-Data-tables-1707.xlsx,PS1 (2)
"2,050 UK adults",12 - 14 August 2026,,,,2007,,historic_vote,Conservative,"Q:PS1. And which government do you think would be best at handling…?
 Working with public sector workers (such as doctors, teachers, public transport workers)",Best party on transport,transport,A Labour government,A Conservative government,Neither,,,,,,,,9.2,49.5,25.1,,,,,,,,Vi-2026-08-12-Opinium-Observer-Web-Data-tables-1707.xlsx,PS1 (2)
"2,050 UK adults",12 - 14 August 2026,,,,2007,,historic_vote,Labour,"Q:PS1. And which government do you think would be best at handling…?
 Working with public sector workers (such as doctors, teachers, public transport workers)",Best party on transport,transport,A Labour government,A Conservative government,Neither,,,,,,,,65.8,4.4,19.0,,,,,,,,Vi-2026-08-12-Opinium-Observer-Web-Data-tables-1707.xlsx,PS1 (2)
"2,050 UK adults",12 - 14 August 2026,,,,2007,,historic_vote,Lib Dems,"Q:PS1. And which government do you think would be best at handling…?
 Working with public sector workers (such as doctors, teachers, public transport workers)",Best party on transport,transport,A Labour government,A Conservative government,Neither,,,,,,,,46.9,8.8,29.5,,,,,,,,Vi-2026-08-12-Opinium-Observer-Web-Data-tables-1707.xlsx,PS1 (2)
"2,050 UK adults",12 - 14 August 2026,,,,2007,,historic_vote,Green,"Q:PS1. And which government do you think would be best at handling…?
 Working with public sector workers (such as doctors, teachers, public transport workers)",Best party on transport,transport,A Labour government,A Conservative government,Neither,,,,,,,,42.3,9.0,43.1,,,,,,,,Vi-2026-08-12-Opinium-Observer-Web-Data-tables-1707.xlsx,PS1 (2)
"2,050 UK adults",12 - 14 August 2026,,,,2007,,historic_vote,Reform UK,"Q:PS1. And which government do you think would be best at handling…?
 Working with public sector workers (such as doctors, teachers, public transport workers)",Best party on transport,transport,A Labour government,A Conservative government,Neither,,,,,,,,12.2,18.1,61.3,,,,,,,,Vi-2026-08-12-Opinium-Observer-Web-Data-tables-1707.xlsx,PS1 (2)
"2,050 UK adults",12 - 14 August 2026,,,,2007,,historic_vote,Con,"Q:PS1. And which government do you think would be best at handling…?
 Working with public sector workers (such as doctors, teachers, public transport workers)",Best party on transport,transport,A Labour government,A Conservative government,Neither,,,,,,,,12.1,36.6,37.0,,,,,,,,Vi-2026-08-12-Opinium-Observer-Web-Data-tables-1707.xlsx,PS1 (2)
"2,050 UK adults",12 - 14 August 2026,,,,2007,,historic_vote,Lab,"Q:PS1. And which government do you think would be best at handling…?
 Working with public sector workers (such as doctors, teachers, public transport workers)",Best party on transport,transport,A Labour government,A Conservative government,Neither,,,,,,,,66.2,3.2,21.8,,,,,,,,Vi-2026-08-12-Opinium-Observer-Web-Data-tables-1707.xlsx,PS1 (2)
"2,050 UK adults",12 - 14 August 2026,,,,2007,,historic_vote,Lib Dem,"Q:PS1. And which government do you think would be best at handling…?
 Working with public sector workers (such as doctors, teachers, public transport workers)",Best party on transport,transport,A Labour government,A Conservative government,Neither,,,,,,,,52.5,8.8,27.2,,,,,,,,Vi-2026-08-12-Opinium-Observer-Web-Data-tables-1707.xlsx,PS1 (2)
"2,050 UK adults",12 - 14 August 2026,,,,2007,,historic_vote,Remain,"Q:PS1. And which government do you think would be best at handling…?
 Working with public sector workers (such as doctors, teachers, public transport workers)",Best party on transport,transport,A Labour government,A Conservative government,Neither,,,,,,,,50.5,12.3,22.8,,,,,,,,Vi-2026-08-12-Opinium-Observer-Web-Data-tables-1707.xlsx,PS1 (2)
"2,050 UK adults",12 - 14 August 2026,,,,2007,,historic_vote,Leave,"Q:PS1. And which government do you think would be best at handling…?
 Working with public sector workers (such as doctors, teachers, public transport workers)",Best party on transport,transport,A Labour government,A Conservative government,Neither,,,,,,,,21.4,23.6,41.7,,,,,,,,Vi-2026-08-12-Opinium-Observer-Web-Data-tables-1707.xlsx,PS1 (2)
"2,050 UK adults",12 - 14 August 2026,,,,2007,,gender,Male,"Q:PS1. And which government do you think would be best at handling…?
 Working with public sector workers (such as doctors, teachers, public transport workers)",Best party on transport,transport,A Labour government,A Conservative government,Neither,,,,,,,,35.4,18.3,32.7,,,,,,,,Vi-2026-08-12-Opinium-Observer-Web-Data-tables-1707.xlsx,PS1 (2)
"2,050 UK adults",12 - 14 August 2026,,,,2007,,gender,Female,"Q:PS1. And which government do you think would be best at handling…?
 Working with public sector workers (such as doctors, teachers, public transport workers)",Best party on transport,transport,A Labour government,A Conservative government,Neither,,,,,,,,31.5,15.5,32.6,,,,,,,,Vi-2026-08-12-Opinium-Observer-Web-Data-tables-1707.xlsx,PS1 (2)
"2,050 UK adults",12 - 14 August 2026,,,,2007,,age,18-34,"Q:PS1. And which government do you think would be best at handling…?
 Working with public sector workers (such as doctors, teachers, public transport workers)",Best party on transport,transport,A Labour government,A Conservative government,Neither,,,,,,,,38.3,18.3,28.4,,,,,,,,Vi-2026-08-12-Opinium-Observer-Web-Data-tables-1707.xlsx,PS1 (2)
"2,050 UK adults",12 - 14 August 2026,,,,2007,,age,35-49,"Q:PS1. And which government do you think would be best at handling…?
 Working with public sector workers (such as doctors, teachers, public transport workers)",Best party on transport,transport,A Labour government,A Conservative government,Neither,,,,,,,,35.1,11.8,35.3,,,,,,,,Vi-2026-08-12-Opinium-Observer-Web-Data-tables-1707.xlsx,PS1 (2)
"2,050 UK adults",12 - 14 August 2026,,,,2007,,age,50-64,"Q:PS1. And which government do you think would be best at handling…?
 Working with public sector workers (such as doctors, teachers, public transport workers)",Best party on transport,transport,A Labour government,A Conservative government,Neither,,,,,,,,37.0,15.3,32.6,,,,,,,,Vi-2026-08-12-Opinium-Observer-Web-Data-tables-1707.xlsx,PS1 (2)
"2,050 UK adults",12 - 14 August 2026,,,,2007,,age,65+,"Q:PS1. And which government do you think would be best at handling…?
 Working with public sector workers (such as doctors, teachers, public transport workers)",Best party on transport,transport,A Labour government,A Conservative government,Neither,,,,,,,,22.4,21.7,35.2,,,,,,,,Vi-2026-08-12-Opinium-Observer-Web-Data-tables-1707.xlsx,PS1 (2)
"2,050 UK adults",12 - 14 August 2026,,,,2007,,region,North,"Q:PS1. And which government do you think would be best at handling…?
 Working with public sector workers (such as doctors, teachers, public transport workers)",Best party on transport,transport,A Labour government,A Conservative government,Neither,,,,,,,,36.8,13.9,33.2,,,,,,,,Vi-2026-08-12-Opinium-Observer-Web-Data-tables-1707.xlsx,PS1 (2)
"2,050 UK adults",12 - 14 August 2026,,,,2007,,region,Mids,"Q:PS1. And which government do you think would be best at handling…?
 Working with public sector workers (such as doctors, teachers, public transport workers)",Best party on transport,transport,A Labour government,A Conservative government,Neither,,,,,,,,31.3,16.9,30.9,,,,,,,,Vi-2026-08-12-Opinium-Observer-Web-Data-tables-1707.xlsx,PS1 (2)
"2,050 UK adults",12 - 14 August 2026,,,,2007,,region,London,"Q:PS1. And which government do you think would be best at handling…?
 Working with public sector workers (such as doctors, teachers, public transport workers)",Best party on transport,transport,A Labour government,A Conservative government,Neither,,,,,,,,40.5,18.1,26.1,,,,,,,,Vi-2026-08-12-Opinium-Observer-Web-Data-tables-1707.xlsx,PS1 (2)
"2,050 UK adults",12 - 14 August 2026,,,,2007,,region,South,"Q:PS1. And which government do you think would be best at handling…?
 Working with public sector workers (such as doctors, teachers, public transport workers)",Best party on transport,transport,A Labour government,A Conservative government,Neither,,,,,,,,29.9,19.8,35.0,,,,,,,,Vi-2026-08-12-Opinium-Observer-Web-Data-tables-1707.xlsx,PS1 (2)
"2,050 UK adults",12 - 14 August 2026,,,,2007,,region,Wales,"Q:PS1. And which government do you think would be best at handling…?
 Working with public sector workers (such as doctors, teachers, public transport workers)",Best party on transport,transport,A Labour government,A Conservative government,Neither,,,,,,,,30.4,18.4,35.4,,,,,,,,Vi-2026-08-12-Opinium-Observer-Web-Data-tables-1707.xlsx,PS1 (2)
"2,050 UK adults",12 - 14 August 2026,,,,2007,,region,Scotland,"Q:PS1. And which government do you think would be best at handling…?
 Working with public sector workers (such as doctors, teachers, public transport workers)",Best party on transport,transport,A Labour government,A Conservative government,Neither,,,,,,,,32.5,10.0,34.6,,,,,,,,Vi-2026-08-12-Opinium-Observer-Web-Data-tables-1707.xlsx,PS1 (2)
"2,050 UK adults",12 - 14 August 2026,,,,2007,,region,Northern Ireland,"Q:PS1. And which government do you think would be best at handling…?
 Working with public sector workers (such as doctors, teachers, public transport workers)",Best party on transport,transport,A Labour government,A Conservative government,Neither,,,,,,,,,,,,,,,,,,Vi-2026-08-12-Opinium-Observer-Web-Data-tables-1707.xlsx,PS1 (2)
"2,050 UK adults",12 - 14 August 2026,,,,2007,,total,Total,"Q:PS1. And which government do you think would be best at handling…?
 Making sure public services are efficient / good value for money",UNMATCHED,,A Labour government,A Conservative government,Neither,,,,,,,,28.8,18.7,36.1,,,,,,,,Vi-2026-08-12-Opinium-Observer-Web-Data-tables-1707.xlsx,PS1 (3)
"2,050 UK adults",12 - 14 August 2026,,,,2007,,current_vote,Con,"Q:PS1. And which government do you think would be best at handling…?
 Making sure public services are efficient / good value for money",UNMATCHED,,A Labour government,A Conservative government,Neither,,,,,,,,5.7,63.2,18.3,,,,,,,,Vi-2026-08-12-Opinium-Observer-Web-Data-tables-1707.xlsx,PS1 (3)
"2,050 UK adults",12 - 14 August 2026,,,,2007,,current_vote,Lab,"Q:PS1. And which government do you think would be best at handling…?
 Making sure public services are efficient / good value for money",UNMATCHED,,A Labour government,A Conservative government,Neither,,,,,,,,72.7,5.0,13.3,,,,,,,,Vi-2026-08-12-Opinium-Observer-Web-Data-tables-1707.xlsx,PS1 (3)
"2,050 UK adults",12 - 14 August 2026,,,,2007,,current_vote,Lib Dem,"Q:PS1. And which government do you think would be best at handling…?
 Making sure public services are efficient / good value for money",UNMATCHED,,A Labour government,A Conservative government,Neither,,,,,,,,40.8,8.3,33.9,,,,,,,,Vi-2026-08-12-Opinium-Observer-Web-Data-tables-1707.xlsx,PS1 (3)
"2,050 UK adults",12 - 14 August 2026,,,,2007,,current_vote,Reform,"Q:PS1. And which government do you think would be best at handling…?
 Making sure public services are efficient / good value for money",UNMATCHED,,A Labour government,A Conservative government,Neither,,,,,,,,8.1,25.3,57.9,,,,,,,,Vi-2026-08-12-Opinium-Observer-Web-Data-tables-1707.xlsx,PS1 (3)
"2,050 UK adults",12 - 14 August 2026,,,,2007,,current_vote,Green,"Q:PS1. And which government do you think would be best at handling…?
 Making sure public services are efficient / good value for money",UNMATCHED,,A Labour government,A Conservative government,Neither,,,,,,,,34.7,12.6,42.6,,,,,,,,Vi-2026-08-12-Opinium-Observer-Web-Data-tables-1707.xlsx,PS1 (3)
"2,050 UK adults",12 - 14 August 2026,,,,2007,,historic_vote,Conservative,"Q:PS1. And which government do you think would be best at handling…?
 Making sure public services are efficient / good value for money",UNMATCHED,,A Labour government,A Conservative government,Neither,,,,,,,,6.4,54.0,27.5,,,,,,,,Vi-2026-08-12-Opinium-Observer-Web-Data-tables-1707.xlsx,PS1 (3)
"2,050 UK adults",12 - 14 August 2026,,,,2007,,historic_vote,Labour,"Q:PS1. And which government do you think would be best at handling…?
 Making sure public services are efficient / good value for money",UNMATCHED,,A Labour government,A Conservative government,Neither,,,,,,,,61.8,4.8,21.4,,,,,,,,Vi-2026-08-12-Opinium-Observer-Web-Data-tables-1707.xlsx,PS1 (3)
"2,050 UK adults",12 - 14 August 2026,,,,2007,,historic_vote,Lib Dems,"Q:PS1. And which government do you think would be best at handling…?
 Making sure public services are efficient / good value for money",UNMATCHED,,A Labour government,A Conservative government,Neither,,,,,,,,35.8,14.0,35.8,,,,,,,,Vi-2026-08-12-Opinium-Observer-Web-Data-tables-1707.xlsx,PS1 (3)
"2,050 UK adults",12 - 14 August 2026,,,,2007,,historic_vote,Green,"Q:PS1. And which government do you think would be best at handling…?
 Making sure public services are efficient / good value for money",UNMATCHED,,A Labour government,A Conservative government,Neither,,,,,,,,36.7,10.4,45.4,,,,,,,,Vi-2026-08-12-Opinium-Observer-Web-Data-tables-1707.xlsx,PS1 (3)
"2,050 UK adults",12 - 14 August 2026,,,,2007,,historic_vote,Reform UK,"Q:PS1. And which government do you think would be best at handling…?
 Making sure public services are efficient / good value for money",UNMATCHED,,A Labour government,A Conservative government,Neither,,,,,,,,7.1,19.9,65.9,,,,,,,,Vi-2026-08-12-Opinium-Observer-Web-Data-tables-1707.xlsx,PS1 (3)
"2,050 UK adults",12 - 14 August 2026,,,,2007,,historic_vote,Con,"Q:PS1. And which government do you think would be best at handling…?
 Making sure public services are efficient / good value for money",UNMATCHED,,A Labour government,A Conservative government,Neither,,,,,,,,10.1,40.4,37.4,,,,,,,,Vi-2026-08-12-Opinium-Observer-Web-Data-tables-1707.xlsx,PS1 (3)
"2,050 UK adults",12 - 14 August 2026,,,,2007,,historic_vote,Lab,"Q:PS1. And which government do you think would be best at handling…?
 Making sure public services are efficient / good value for money",UNMATCHED,,A Labour government,A Conservative government,Neither,,,,,,,,60.6,5.0,24.0,,,,,,,,Vi-2026-08-12-Opinium-Observer-Web-Data-tables-1707.xlsx,PS1 (3)
"2,050 UK adults",12 - 14 August 2026,,,,2007,,historic_vote,Lib Dem,"Q:PS1. And which government do you think would be best at handling…?
 Making sure public services are efficient / good value for money",UNMATCHED,,A Labour government,A Conservative government,Neither,,,,,,,,46.2,9.4,30.5,,,,,,,,Vi-2026-08-12-Opinium-Observer-Web-Data-tables-1707.xlsx,PS1 (3)
"2,050 UK adults",12 - 14 August 2026,,,,2007,,historic_vote,Remain,"Q:PS1. And which government do you think would be best at handling…?
 Making sure public services are efficient / good value for money",UNMATCHED,,A Labour government,A Conservative government,Neither,,,,,,,,45.4,13.8,27.6,,,,,,,,Vi-2026-08-12-Opinium-Observer-Web-Data-tables-1707.xlsx,PS1 (3)
"2,050 UK adults",12 - 14 August 2026,,,,2007,,historic_vote,Leave,"Q:PS1. And which government do you think would be best at handling…?
 Making sure public services are efficient / good value for money",UNMATCHED,,A Labour government,A Conservative government,Neither,,,,,,,,17.0,26.1,44.5,,,,,,,,Vi-2026-08-12-Opinium-Observer-Web-Data-tables-1707.xlsx,PS1 (3)
"2,050 UK adults",12 - 14 August 2026,,,,2007,,gender,Male,"Q:PS1. And which government do you think would be best at handling…?
 Making sure public services are efficient / good value for money",UNMATCHED,,A Labour government,A Conservative government,Neither,,,,,,,,29.6,21.5,36.1,,,,,,,,Vi-2026-08-12-Opinium-Observer-Web-Data-tables-1707.xlsx,PS1 (3)
"2,050 UK adults",12 - 14 August 2026,,,,2007,,gender,Female,"Q:PS1. And which government do you think would be best at handling…?
 Making sure public services are efficient / good value for money",UNMATCHED,,A Labour government,A Conservative government,Neither,,,,,,,,28.0,16.3,36.0,,,,,,,,Vi-2026-08-12-Opinium-Observer-Web-Data-tables-1707.xlsx,PS1 (3)
"2,050 UK adults",12 - 14 August 2026,,,,2007,,age,18-34,"Q:PS1. And which government do you think would be best at handling…?
 Making sure public services are efficient / good value for money",UNMATCHED,,A Labour government,A Conservative government,Neither,,,,,,,,31.7,20.4,33.3,,,,,,,,Vi-2026-08-12-Opinium-Observer-Web-Data-tables-1707.xlsx,PS1 (3)
"2,050 UK adults",12 - 14 August 2026,,,,2007,,age,35-49,"Q:PS1. And which government do you think would be best at handling…?
 Making sure public services are efficient / good value for money",UNMATCHED,,A Labour government,A Conservative government,Neither,,,,,,,,33.5,13.0,35.4,,,,,,,,Vi-2026-08-12-Opinium-Observer-Web-Data-tables-1707.xlsx,PS1 (3)
"2,050 UK adults",12 - 14 August 2026,,,,2007,,age,50-64,"Q:PS1. And which government do you think would be best at handling…?
 Making sure public services are efficient / good value for money",UNMATCHED,,A Labour government,A Conservative government,Neither,,,,,,,,30.6,16.3,37.4,,,,,,,,Vi-2026-08-12-Opinium-Observer-Web-Data-tables-1707.xlsx,PS1 (3)
"2,050 UK adults",12 - 14 August 2026,,,,2007,,age,65+,"Q:PS1. And which government do you think would be best at handling…?
 Making sure public services are efficient / good value for money",UNMATCHED,,A Labour government,A Conservative government,Neither,,,,,,,,18.6,25.2,38.8,,,,,,,,Vi-2026-08-12-Opinium-Observer-Web-Data-tables-1707.xlsx,PS1 (3)
"2,050 UK adults",12 - 14 August 2026,,,,2007,,region,North,"Q:PS1. And which government do you think would be best at handling…?
 Making sure public services are efficient / good value for money",UNMATCHED,,A Labour government,A Conservative government,Neither,,,,,,,,33.0,16.9,32.8,,,,,,,,Vi-2026-08-12-Opinium-Observer-Web-Data-tables-1707.xlsx,PS1 (3)
"2,050 UK adults",12 - 14 August 2026,,,,2007,,region,Mids,"Q:PS1. And which government do you think would be best at handling…?
 Making sure public services are efficient / good value for money",UNMATCHED,,A Labour government,A Conservative government,Neither,,,,,,,,27.2,18.3,34.7,,,,,,,,Vi-2026-08-12-Opinium-Observer-Web-Data-tables-1707.xlsx,PS1 (3)
"2,050 UK adults",12 - 14 August 2026,,,,2007,,region,London,"Q:PS1. And which government do you think would be best at handling…?
 Making sure public services are efficient / good value for money",UNMATCHED,,A Labour government,A Conservative government,Neither,,,,,,,,31.9,17.1,34.3,,,,,,,,Vi-2026-08-12-Opinium-Observer-Web-Data-tables-1707.xlsx,PS1 (3)
"2,050 UK adults",12 - 14 August 2026,,,,2007,,region,South,"Q:PS1. And which government do you think would be best at handling…?
 Making sure public services are efficient / good value for money",UNMATCHED,,A Labour government,A Conservative government,Neither,,,,,,,,24.5,22.2,39.4,,,,,,,,Vi-2026-08-12-Opinium-Observer-Web-Data-tables-1707.xlsx,PS1 (3)
"2,050 UK adults",12 - 14 August 2026,,,,2007,,region,Wales,"Q:PS1. And which government do you think would be best at handling…?
 Making sure public services are efficient / good value for money",UNMATCHED,,A Labour government,A Conservative government,Neither,,,,,,,,31.3,19.9,36.5,,,,,,,,Vi-2026-08-12-Opinium-Observer-Web-Data-tables-1707.xlsx,PS1 (3)
"2,050 UK adults",12 - 14 August 2026,,,,2007,,region,Scotland,"Q:PS1. And which government do you think would be best at handling…?
 Making sure public services are efficient / good value for money",UNMATCHED,,A Labour government,A Conservative government,Neither,,,,,,,,30.0,12.6,38.3,,,,,,,,Vi-2026-08-12-Opinium-Observer-Web-Data-tables-1707.xlsx,PS1 (3)
"2,050 UK adults",12 - 14 August 2026,,,,2007,,region,Northern Ireland,"Q:PS1. And which government do you think would be best at handling…?
 Making sure public services are efficient / good value for money",UNMATCHED,,A Labour government,A Conservative government,Neither,,,,,,,,,,,,,,,,,,Vi-2026-08-12-Opinium-Observer-Web-Data-tables-1707.xlsx,PS1 (3)
"2,050 UK adults",12 - 14 August 2026,,,,2007,,total,Total,"Q:PS1. And which government do you think would be best at handling…?
 Long-term planning of future public services",UNMATCHED,,A Labour government,A Conservative government,Neither,,,,,,,,28.8,18.4,35.1,,,,,,,,Vi-2026-08-12-Opinium-Observer-Web-Data-tables-1707.xlsx,PS1 (4)
"2,050 UK adults",12 - 14 August 2026,,,,2007,,current_vote,Con,"Q:PS1. And which government do you think would be best at handling…?
 Long-term planning of future public services",UNMATCHED,,A Labour government,A Conservative government,Neither,,,,,,,,5.4,62.2,16.9,,,,,,,,Vi-2026-08-12-Opinium-Observer-Web-Data-tables-1707.xlsx,PS1 (4)
"2,050 UK adults",12 - 14 August 2026,,,,2007,,current_vote,Lab,"Q:PS1. And which government do you think would be best at handling…?
 Long-term planning of future public services",UNMATCHED,,A Labour government,A Conservative government,Neither,,,,,,,,74.9,6.6,12.2,,,,,,,,Vi-2026-08-12-Opinium-Observer-Web-Data-tables-1707.xlsx,PS1 (4)
"2,050 UK adults",12 - 14 August 2026,,,,2007,,current_vote,Lib Dem,"Q:PS1. And which government do you think would be best at handling…?
 Long-term planning of future public services",UNMATCHED,,A Labour government,A Conservative government,Neither,,,,,,,,43.2,7.9,31.9,,,,,,,,Vi-2026-08-12-Opinium-Observer-Web-Data-tables-1707.xlsx,PS1 (4)
"2,050 UK adults",12 - 14 August 2026,,,,2007,,current_vote,Reform,"Q:PS1. And which government do you think would be best at handling…?
 Long-term planning of future public services",UNMATCHED,,A Labour government,A Conservative government,Neither,,,,,,,,4.7,27.8,55.4,,,,,,,,Vi-2026-08-12-Opinium-Observer-Web-Data-tables-1707.xlsx,PS1 (4)
"2,050 UK adults",12 - 14 August 2026,,,,2007,,current_vote,Green,"Q:PS1. And which government do you think would be best at handling…?
 Long-term planning of future public services",UNMATCHED,,A Labour government,A Conservative government,Neither,,,,,,,,35.6,7.2,44.3,,,,,,,,Vi-2026-08-12-Opinium-Observer-Web-Data-tables-1707.xlsx,PS1 (4)
"2,050 UK adults",12 - 14 August 2026,,,,2007,,historic_vote,Conservative,"Q:PS1. And which government do you think would be best at handling…?
 Long-term planning of future public services",UNMATCHED,,A Labour government,A Conservative government,Neither,,,,,,,,6.6,54.2,22.9,,,,,,,,Vi-2026-08-12-Opinium-Observer-Web-Data-tables-1707.xlsx,PS1 (4)
"2,050 UK adults",12 - 14 August 2026,,,,2007,,historic_vote,Labour,"Q:PS1. And which government do you think would be best at handling…?
 Long-term planning of future public services",UNMATCHED,,A Labour government,A Conservative government,Neither,,,,,,,,61.6,5.3,22.4,,,,,,,,Vi-2026-08-12-Opinium-Observer-Web-Data-tables-1707.xlsx,PS1 (4)
"2,050 UK adults",12 - 14 August 2026,,,,2007,,historic_vote,Lib Dems,"Q:PS1. And which government do you think would be best at handling…?
 Long-term planning of future public services",UNMATCHED,,A Labour government,A Conservative government,Neither,,,,,,,,39.9,11.8,35.2,,,,,,,,Vi-2026-08-12-Opinium-Observer-Web-Data-tables-1707.xlsx,PS1 (4)
"2,050 UK adults",12 - 14 August 2026,,,,2007,,historic_vote,Green,"Q:PS1. And which government do you think would be best at handling…?
 Long-term planning of future public services",UNMATCHED,,A Labour government,A Conservative government,Neither,,,,,,,,28.2,13.2,46.4,,,,,,,,Vi-2026-08-12-Opinium-Observer-Web-Data-tables-1707.xlsx,PS1 (4)
"2,050 UK adults",12 - 14 August 2026,,,,2007,,historic_vote,Reform UK,"Q:PS1. And which government do you think would be best at handling…?
 Long-term planning of future public services",UNMATCHED,,A Labour government,A Conservative government,Neither,,,,,,,,3.4,22.8,62.6,,,,,,,,Vi-2026-08-12-Opinium-Observer-Web-Data-tables-1707.xlsx,PS1 (4)
"2,050 UK adults",12 - 14 August 2026,,,,2007,,historic_vote,Con,"Q:PS1. And which government do you think would be best at handling…?
 Long-term planning of future public services",UNMATCHED,,A Labour government,A Conservative government,Neither,,,,,,,,10.0,39.6,35.4,,,,,,,,Vi-2026-08-12-Opinium-Observer-Web-Data-tables-1707.xlsx,PS1 (4)
"2,050 UK adults",12 - 14 August 2026,,,,2007,,historic_vote,Lab,"Q:PS1. And which government do you think would be best at handling…?
 Long-term planning of future public services",UNMATCHED,,A Labour government,A Conservative government,Neither,,,,,,,,59.5,6.5,25.3,,,,,,,,Vi-2026-08-12-Opinium-Observer-Web-Data-tables-1707.xlsx,PS1 (4)
"2,050 UK adults",12 - 14 August 2026,,,,2007,,historic_vote,Lib Dem,"Q:PS1. And which government do you think would be best at handling…?
 Long-term planning of future public services",UNMATCHED,,A Labour government,A Conservative government,Neither,,,,,,,,44.5,9.4,31.5,,,,,,,,Vi-2026-08-12-Opinium-Observer-Web-Data-tables-1707.xlsx,PS1 (4)
"2,050 UK adults",12 - 14 August 2026,,,,2007,,historic_vote,Remain,"Q:PS1. And which government do you think would be best at handling…?
 Long-term planning of future public services",UNMATCHED,,A Labour government,A Conservative government,Neither,,,,,,,,46.0,14.6,25.5,,,,,,,,Vi-2026-08-12-Opinium-Observer-Web-Data-tables-1707.xlsx,PS1 (4)
"2,050 UK adults",12 - 14 August 2026,,,,2007,,historic_vote,Leave,"Q:PS1. And which government do you think would be best at handling…?
 Long-term planning of future public services",UNMATCHED,,A Labour government,A Conservative government,Neither,,,,,,,,17.5,25.1,42.9,,,,,,,,Vi-2026-08-12-Opinium-Observer-Web-Data-tables-1707.xlsx,PS1 (4)
"2,050 UK adults",12 - 14 August 2026,,,,2007,,gender,Male,"Q:PS1. And which government do you think would be best at handling…?
 Long-term planning of future public services",UNMATCHED,,A Labour government,A Conservative government,Neither,,,,,,,,29.7,20.8,34.5,,,,,,,,Vi-2026-08-12-Opinium-Observer-Web-Data-tables-1707.xlsx,PS1 (4)
"2,050 UK adults",12 - 14 August 2026,,,,2007,,gender,Female,"Q:PS1. And which government do you think would be best at handling…?
 Long-term planning of future public services",UNMATCHED,,A Labour government,A Conservative government,Neither,,,,,,,,27.9,16.5,35.4,,,,,,,,Vi-2026-08-12-Opinium-Observer-Web-Data-tables-1707.xlsx,PS1 (4)
"2,050 UK adults",12 - 14 August 2026,,,,2007,,age,18-34,"Q:PS1. And which government do you think would be best at handling…?
 Long-term planning of future public services",UNMATCHED,,A Labour government,A Conservative government,Neither,,,,,,,,29.8,19.9,34.8,,,,,,,,Vi-2026-08-12-Opinium-Observer-Web-Data-tables-1707.xlsx,PS1 (4)
"2,050 UK adults",12 - 14 August 2026,,,,2007,,age,35-49,"Q:PS1. And which government do you think would be best at handling…?
 Long-term planning of future public services",UNMATCHED,,A Labour government,A Conservative government,Neither,,,,,,,,32.4,14.2,36.2,,,,,,,,Vi-2026-08-12-Opinium-Observer-Web-Data-tables-1707.xlsx,PS1 (4)
"2,050 UK adults",12 - 14 August 2026,,,,2007,,age,50-64,"Q:PS1. And which government do you think would be best at handling…?
 Long-term planning of future public services",UNMATCHED,,A Labour government,A Conservative government,Neither,,,,,,,,33.4,15.6,33.8,,,,,,,,Vi-2026-08-12-Opinium-Observer-Web-Data-tables-1707.xlsx,PS1 (4)
"2,050 UK adults",12 - 14 August 2026,,,,2007,,age,65+,"Q:PS1. And which government do you think would be best at handling…?
 Long-term planning of future public services",UNMATCHED,,A Labour government,A Conservative government,Neither,,,,,,,,19.0,24.1,35.6,,,,,,,,Vi-2026-08-12-Opinium-Observer-Web-Data-tables-1707.xlsx,PS1 (4)
"2,050 UK adults",12 - 14 August 2026,,,,2007,,region,North,"Q:PS1. And which government do you think would be best at handling…?
 Long-term planning of future public services",UNMATCHED,,A Labour government,A Conservative government,Neither,,,,,,,,33.8,16.5,33.1,,,,,,,,Vi-2026-08-12-Opinium-Observer-Web-Data-tables-1707.xlsx,PS1 (4)
"2,050 UK adults",12 - 14 August 2026,,,,2007,,region,Mids,"Q:PS1. And which government do you think would be best at handling…?
 Long-term planning of future public services",UNMATCHED,,A Labour government,A Conservative government,Neither,,,,,,,,23.9,23.5,33.2,,,,,,,,Vi-2026-08-12-Opinium-Observer-Web-Data-tables-1707.xlsx,PS1 (4)
"2,050 UK adults",12 - 14 August 2026,,,,2007,,region,London,"Q:PS1. And which government do you think would be best at handling…?
 Long-term planning of future public services",UNMATCHED,,A Labour government,A Conservative government,Neither,,,,,,,,32.4,14.9,33.0,,,,,,,,Vi-2026-08-12-Opinium-Observer-Web-Data-tables-1707.xlsx,PS1 (4)
"2,050 UK adults",12 - 14 August 2026,,,,2007,,region,South,"Q:PS1. And which government do you think would be best at handling…?
 Long-term planning of future public services",UNMATCHED,,A Labour government,A Conservative government,Neither,,,,,,,,24.0,21.7,38.4,,,,,,,,Vi-2026-08-12-Opinium-Observer-Web-Data-tables-1707.xlsx,PS1 (4)
"2,050 UK adults",12 - 14 August 2026,,,,2007,,region,Wales,"Q:PS1. And which government do you think would be best at handling…?
 Long-term planning of future public services",UNMATCHED,,A Labour government,A Conservative government,Neither,,,,,,,,34.2,16.0,31.7,,,,,,,,Vi-2026-08-12-Opinium-Observer-Web-Data-tables-1707.xlsx,PS1 (4)
"2,050 UK adults",12 - 14 August 2026,,,,2007,,region,Scotland,"Q:PS1. And which government do you think would be best at handling…?
 Long-term planning of future public services",UNMATCHED,,A Labour government,A Conservative government,Neither,,,,,,,,34.0,8.6,36.6,,,,,,,,Vi-2026-08-12-Opinium-Observer-Web-Data-tables-1707.xlsx,PS1 (4)
"2,050 UK adults",12 - 14 August 2026,,,,2007,,region,Northern Ireland,"Q:PS1. And which government do you think would be best at handling…?
 Long-term planning of future public services",UNMATCHED,,A Labour government,A Conservative government,Neither,,,,,,,,,,,,,,,,,,Vi-2026-08-12-Opinium-Observer-Web-Data-tables-1707.xlsx,PS1 (4)
"2,050 UK adults",12 - 14 August 2026,,,,2007,,total,Total,"Q:PS1. And which government do you think would be best at handling…?
 The quality of public services (such as hospitals and schools)",UNMATCHED,,A Labour government,A Conservative government,Neither,,,,,,,,30.6,18.1,34.8,,,,,,,,Vi-2026-08-12-Opinium-Observer-Web-Data-tables-1707.xlsx,PS1 (5)
"2,050 UK adults",12 - 14 August 2026,,,,2007,,current_vote,Con,"Q:PS1. And which government do you think would be best at handling…?
 The quality of public services (such as hospitals and schools)",UNMATCHED,,A Labour government,A Conservative government,Neither,,,,,,,,5.4,62.0,18.3,,,,,,,,Vi-2026-08-12-Opinium-Observer-Web-Data-tables-1707.xlsx,PS1 (5)
"2,050 UK adults",12 - 14 August 2026,,,,2007,,current_vote,Lab,"Q:PS1. And which government do you think would be best at handling…?
 The quality of public services (such as hospitals and schools)",UNMATCHED,,A Labour government,A Conservative government,Neither,,,,,,,,76.7,4.8,11.4,,,,,,,,Vi-2026-08-12-Opinium-Observer-Web-Data-tables-1707.xlsx,PS1 (5)
"2,050 UK adults",12 - 14 August 2026,,,,2007,,current_vote,Lib Dem,"Q:PS1. And which government do you think would be best at handling…?
 The quality of public services (such as hospitals and schools)",UNMATCHED,,A Labour government,A Conservative government,Neither,,,,,,,,46.7,6.8,32.5,,,,,,,,Vi-2026-08-12-Opinium-Observer-Web-Data-tables-1707.xlsx,PS1 (5)
"2,050 UK adults",12 - 14 August 2026,,,,2007,,current_vote,Reform,"Q:PS1. And which government do you think would be best at handling…?
 The quality of public services (such as hospitals and schools)",UNMATCHED,,A Labour government,A Conservative government,Neither,,,,,,,,7.3,26.4,54.8,,,,,,,,Vi-2026-08-12-Opinium-Observer-Web-Data-tables-1707.xlsx,PS1 (5)
"2,050 UK adults",12 - 14 August 2026,,,,2007,,current_vote,Green,"Q:PS1. And which government do you think would be best at handling…?
 The quality of public services (such as hospitals and schools)",UNMATCHED,,A Labour government,A Conservative government,Neither,,,,,,,,40.5,10.6,37.0,,,,,,,,Vi-2026-08-12-Opinium-Observer-Web-Data-tables-1707.xlsx,PS1 (5)
"2,050 UK adults",12 - 14 August 2026,,,,2007,,historic_vote,Conservative,"Q:PS1. And which government do you think would be best at handling…?
 The quality of public services (such as hospitals and schools)",UNMATCHED,,A Labour government,A Conservative government,Neither,,,,,,,,6.2,53.3,26.8,,,,,,,,Vi-2026-08-12-Opinium-Observer-Web-Data-tables-1707.xlsx,PS1 (5)
"2,050 UK adults",12 - 14 August 2026,,,,2007,,historic_vote,Labour,"Q:PS1. And which government do you think would be best at handling…?
 The quality of public services (such as hospitals and schools)",UNMATCHED,,A Labour government,A Conservative government,Neither,,,,,,,,63.9,4.2,20.6,,,,,,,,Vi-2026-08-12-Opinium-Observer-Web-Data-tables-1707.xlsx,PS1 (5)
"2,050 UK adults",12 - 14 August 2026,,,,2007,,historic_vote,Lib Dems,"Q:PS1. And which government do you think would be best at handling…?
 The quality of public services (such as hospitals and schools)",UNMATCHED,,A Labour government,A Conservative government,Neither,,,,,,,,42.1,10.7,35.0,,,,,,,,Vi-2026-08-12-Opinium-Observer-Web-Data-tables-1707.xlsx,PS1 (5)
"2,050 UK adults",12 - 14 August 2026,,,,2007,,historic_vote,Green,"Q:PS1. And which government do you think would be best at handling…?
 The quality of public services (such as hospitals and schools)",UNMATCHED,,A Labour government,A Conservative government,Neither,,,,,,,,41.0,10.9,41.7,,,,,,,,Vi-2026-08-12-Opinium-Observer-Web-Data-tables-1707.xlsx,PS1 (5)
"2,050 UK adults",12 - 14 August 2026,,,,2007,,historic_vote,Reform UK,"Q:PS1. And which government do you think would be best at handling…?
 The quality of public services (such as hospitals and schools)",UNMATCHED,,A Labour government,A Conservative government,Neither,,,,,,,,7.1,21.0,64.0,,,,,,,,Vi-2026-08-12-Opinium-Observer-Web-Data-tables-1707.xlsx,PS1 (5)
"2,050 UK adults",12 - 14 August 2026,,,,2007,,historic_vote,Con,"Q:PS1. And which government do you think would be best at handling…?
 The quality of public services (such as hospitals and schools)",UNMATCHED,,A Labour government,A Conservative government,Neither,,,,,,,,10.1,38.3,38.2,,,,,,,,Vi-2026-08-12-Opinium-Observer-Web-Data-tables-1707.xlsx,PS1 (5)
"2,050 UK adults",12 - 14 August 2026,,,,2007,,historic_vote,Lab,"Q:PS1. And which government do you think would be best at handling…?
 The quality of public services (such as hospitals and schools)",UNMATCHED,,A Labour government,A Conservative government,Neither,,,,,,,,62.0,4.8,23.6,,,,,,,,Vi-2026-08-12-Opinium-Observer-Web-Data-tables-1707.xlsx,PS1 (5)
"2,050 UK adults",12 - 14 August 2026,,,,2007,,historic_vote,Lib Dem,"Q:PS1. And which government do you think would be best at handling…?
 The quality of public services (such as hospitals and schools)",UNMATCHED,,A Labour government,A Conservative government,Neither,,,,,,,,48.1,7.5,30.4,,,,,,,,Vi-2026-08-12-Opinium-Observer-Web-Data-tables-1707.xlsx,PS1 (5)
"2,050 UK adults",12 - 14 August 2026,,,,2007,,historic_vote,Remain,"Q:PS1. And which government do you think would be best at handling…?
 The quality of public services (such as hospitals and schools)",UNMATCHED,,A Labour government,A Conservative government,Neither,,,,,,,,47.0,13.4,26.1,,,,,,,,Vi-2026-08-12-Opinium-Observer-Web-Data-tables-1707.xlsx,PS1 (5)
"2,050 UK adults",12 - 14 August 2026,,,,2007,,historic_vote,Leave,"Q:PS1. And which government do you think would be best at handling…?
 The quality of public services (such as hospitals and schools)",UNMATCHED,,A Labour government,A Conservative government,Neither,,,,,,,,18.3,24.8,44.6,,,,,,,,Vi-2026-08-12-Opinium-Observer-Web-Data-tables-1707.xlsx,PS1 (5)
"2,050 UK adults",12 - 14 August 2026,,,,2007,,gender,Male,"Q:PS1. And which government do you think would be best at handling…?
 The quality of public services (such as hospitals and schools)",UNMATCHED,,A Labour government,A Conservative government,Neither,,,,,,,,31.2,20.4,35.0,,,,,,,,Vi-2026-08-12-Opinium-Observer-Web-Data-tables-1707.xlsx,PS1 (5)
"2,050 UK adults",12 - 14 August 2026,,,,2007,,gender,Female,"Q:PS1. And which government do you think would be best at handling…?
 The quality of public services (such as hospitals and schools)",UNMATCHED,,A Labour government,A Conservative government,Neither,,,,,,,,29.8,16.2,34.4,,,,,,,,Vi-2026-08-12-Opinium-Observer-Web-Data-tables-1707.xlsx,PS1 (5)
"2,050 UK adults",12 - 14 August 2026,,,,2007,,age,18-34,"Q:PS1. And which government do you think would be best at handling…?
 The quality of public services (such as hospitals and schools)",UNMATCHED,,A Labour government,A Conservative government,Neither,,,,,,,,33.5,20.9,29.1,,,,,,,,Vi-2026-08-12-Opinium-Observer-Web-Data-tables-1707.xlsx,PS1 (5)
"2,050 UK adults",12 - 14 August 2026,,,,2007,,age,35-49,"Q:PS1. And which government do you think would be best at handling…?
 The quality of public services (such as hospitals and schools)",UNMATCHED,,A Labour government,A Conservative government,Neither,,,,,,,,33.3,13.1,35.8,,,,,,,,Vi-2026-08-12-Opinium-Observer-Web-Data-tables-1707.xlsx,PS1 (5)
"2,050 UK adults",12 - 14 August 2026,,,,2007,,age,50-64,"Q:PS1. And which government do you think would be best at handling…?
 The quality of public services (such as hospitals and schools)",UNMATCHED,,A Labour government,A Conservative government,Neither,,,,,,,,34.9,15.2,35.7,,,,,,,,Vi-2026-08-12-Opinium-Observer-Web-Data-tables-1707.xlsx,PS1 (5)
"2,050 UK adults",12 - 14 August 2026,,,,2007,,age,65+,"Q:PS1. And which government do you think would be best at handling…?
 The quality of public services (such as hospitals and schools)",UNMATCHED,,A Labour government,A Conservative government,Neither,,,,,,,,19.8,23.2,39.2,,,,,,,,Vi-2026-08-12-Opinium-Observer-Web-Data-tables-1707.xlsx,PS1 (5)
"2,050 UK adults",12 - 14 August 2026,,,,2007,,region,North,"Q:PS1. And which government do you think would be best at handling…?
 The quality of public services (such as hospitals and schools)",UNMATCHED,,A Labour government,A Conservative government,Neither,,,,,,,,35.4,15.7,32.3,,,,,,,,Vi-2026-08-12-Opinium-Observer-Web-Data-tables-1707.xlsx,PS1 (5)
"2,050 UK adults",12 - 14 August 2026,,,,2007,,region,Mids,"Q:PS1. And which government do you think would be best at handling…?
 The quality of public services (such as hospitals and schools)",UNMATCHED,,A Labour government,A Conservative government,Neither,,,,,,,,27.9,20.8,32.0,,,,,,,,Vi-2026-08-12-Opinium-Observer-Web-Data-tables-1707.xlsx,PS1 (5)
"2,050 UK adults",12 - 14 August 2026,,,,2007,,region,London,"Q:PS1. And which government do you think would be best at handling…?
 The quality of public services (such as hospitals and schools)",UNMATCHED,,A Labour government,A Conservative government,Neither,,,,,,,,31.8,19.3,31.0,,,,,,,,Vi-2026-08-12-Opinium-Observer-Web-Data-tables-1707.xlsx,PS1 (5)
"2,050 UK adults",12 - 14 August 2026,,,,2007,,region,South,"Q:PS1. And which government do you think would be best at handling…?
 The quality of public services (such as hospitals and schools)",UNMATCHED,,A Labour government,A Conservative government,Neither,,,,,,,,27.2,20.3,38.5,,,,,,,,Vi-2026-08-12-Opinium-Observer-Web-Data-tables-1707.xlsx,PS1 (5)
"2,050 UK adults",12 - 14 August 2026,,,,2007,,region,Wales,"Q:PS1. And which government do you think would be best at handling…?
 The quality of public services (such as hospitals and schools)",UNMATCHED,,A Labour government,A Conservative government,Neither,,,,,,,,29.3,18.9,35.8,,,,,,,,Vi-2026-08-12-Opinium-Observer-Web-Data-tables-1707.xlsx,PS1 (5)
"2,050 UK adults",12 - 14 August 2026,,,,2007,,region,Scotland,"Q:PS1. And which government do you think would be best at handling…?
 The quality of public services (such as hospitals and schools)",UNMATCHED,,A Labour government,A Conservative government,Neither,,,,,,,,33.7,8.9,37.8,,,,,,,,Vi-2026-08-12-Opinium-Observer-Web-Data-tables-1707.xlsx,PS1 (5)
"2,050 UK adults",12 - 14 August 2026,,,,2007,,region,Northern Ireland,"Q:PS1. And which government do you think would be best at handling…?
 The quality of public services (such as hospitals and schools)",UNMATCHED,,A Labour government,A Conservative government,Neither,,,,,,,,,,,,,,,,,,Vi-2026-08-12-Opinium-Observer-Web-Data-tables-1707.xlsx,PS1 (5)
"2,050 UK adults",12 - 14 August 2026,,,,2050,,total,Total,"Q:HW2. How well prepared do you think the UK is to deal with the impacts of climate change, such as heatwaves, droughts, and wildfires?",Best party on environment/climate,climate change,Very well prepared,Fairly well prepared,Neither well prepared nor badly prepared,Fairly badly prepared,Very badly prepared,,,,,,1.6,9.7,19.3,32.6,30.0,,,,,,Vi-2026-08-12-Opinium-Observer-Web-Data-tables-1707.xlsx,HW2
"2,050 UK adults",12 - 14 August 2026,,,,2050,,current_vote,Con,"Q:HW2. How well prepared do you think the UK is to deal with the impacts of climate change, such as heatwaves, droughts, and wildfires?",Best party on environment/climate,climate change,Very well prepared,Fairly well prepared,Neither well prepared nor badly prepared,Fairly badly prepared,Very badly prepared,,,,,,1.6,11.1,17.1,41.2,23.9,,,,,,Vi-2026-08-12-Opinium-Observer-Web-Data-tables-1707.xlsx,HW2
"2,050 UK adults",12 - 14 August 2026,,,,2050,,current_vote,Lab,"Q:HW2. How well prepared do you think the UK is to deal with the impacts of climate change, such as heatwaves, droughts, and wildfires?",Best party on environment/climate,climate change,Very well prepared,Fairly well prepared,Neither well prepared nor badly prepared,Fairly badly prepared,Very badly prepared,,,,,,3.2,14.4,21.8,34.4,23.2,,,,,,Vi-2026-08-12-Opinium-Observer-Web-Data-tables-1707.xlsx,HW2
"2,050 UK adults",12 - 14 August 2026,,,,2050,,current_vote,Lib Dem,"Q:HW2. How well prepared do you think the UK is to deal with the impacts of climate change, such as heatwaves, droughts, and wildfires?",Best party on environment/climate,climate change,Very well prepared,Fairly well prepared,Neither well prepared nor badly prepared,Fairly badly prepared,Very badly prepared,,,,,,1.1,6.3,16.1,36.4,35.1,,,,,,Vi-2026-08-12-Opinium-Observer-Web-Data-tables-1707.xlsx,HW2
"2,050 UK adults",12 - 14 August 2026,,,,2050,,current_vote,Reform,"Q:HW2. How well prepared do you think the UK is to deal with the impacts of climate change, such as heatwaves, droughts, and wildfires?",Best party on environment/climate,climate change,Very well prepared,Fairly well prepared,Neither well prepared nor badly prepared,Fairly badly prepared,Very badly prepared,,,,,,1.6,8.3,20.9,30.9,33.6,,,,,,Vi-2026-08-12-Opinium-Observer-Web-Data-tables-1707.xlsx,HW2
"2,050 UK adults",12 - 14 August 2026,,,,2050,,current_vote,Green,"Q:HW2. How well prepared do you think the UK is to deal with the impacts of climate change, such as heatwaves, droughts, and wildfires?",Best party on environment/climate,climate change,Very well prepared,Fairly well prepared,Neither well prepared nor badly prepared,Fairly badly prepared,Very badly prepared,,,,,,2.4,11.1,17.6,24.6,40.7,,,,,,Vi-2026-08-12-Opinium-Observer-Web-Data-tables-1707.xlsx,HW2
"2,050 UK adults",12 - 14 August 2026,,,,2050,,historic_vote,Conservative,"Q:HW2. How well prepared do you think the UK is to deal with the impacts of climate change, such as heatwaves, droughts, and wildfires?",Best party on environment/climate,climate change,Very well prepared,Fairly well prepared,Neither well prepared nor badly prepared,Fairly badly prepared,Very badly prepared,,,,,,0.8,10.1,18.8,38.0,28.1,,,,,,Vi-2026-08-12-Opinium-Observer-Web-Data-tables-1707.xlsx,HW2
"2,050 UK adults",12 - 14 August 2026,,,,2050,,historic_vote,Labour,"Q:HW2. How well prepared do you think the UK is to deal with the impacts of climate change, such as heatwaves, droughts, and wildfires?",Best party on environment/climate,climate change,Very well prepared,Fairly well prepared,Neither well prepared nor badly prepared,Fairly badly prepared,Very badly prepared,,,,,,2.2,11.8,19.8,34.6,27.1,,,,,,Vi-2026-08-12-Opinium-Observer-Web-Data-tables-1707.xlsx,HW2
"2,050 UK adults",12 - 14 August 2026,,,,2050,,historic_vote,Lib Dems,"Q:HW2. How well prepared do you think the UK is to deal with the impacts of climate change, such as heatwaves, droughts, and wildfires?",Best party on environment/climate,climate change,Very well prepared,Fairly well prepared,Neither well prepared nor badly prepared,Fairly badly prepared,Very badly prepared,,,,,,1.6,6.5,15.4,39.6,33.5,,,,,,Vi-2026-08-12-Opinium-Observer-Web-Data-tables-1707.xlsx,HW2
"2,050 UK adults",12 - 14 August 2026,,,,2050,,historic_vote,Green,"Q:HW2. How well prepared do you think the UK is to deal with the impacts of climate change, such as heatwaves, droughts, and wildfires?",Best party on environment/climate,climate change,Very well prepared,Fairly well prepared,Neither well prepared nor badly prepared,Fairly badly prepared,Very badly prepared,,,,,,2.2,8.3,9.3,34.1,45.2,,,,,,Vi-2026-08-12-Opinium-Observer-Web-Data-tables-1707.xlsx,HW2
"2,050 UK adults",12 - 14 August 2026,,,,2050,,historic_vote,Reform UK,"Q:HW2. How well prepared do you think the UK is to deal with the impacts of climate change, such as heatwaves, droughts, and wildfires?",Best party on environment/climate,climate change,Very well prepared,Fairly well prepared,Neither well prepared nor badly prepared,Fairly badly prepared,Very badly prepared,,,,,,2.2,7.9,23.4,29.7,30.6,,,,,,Vi-2026-08-12-Opinium-Observer-Web-Data-tables-1707.xlsx,HW2
"2,050 UK adults",12 - 14 August 2026,,,,2050,,historic_vote,Con,"Q:HW2. How well prepared do you think the UK is to deal with the impacts of climate change, such as heatwaves, droughts, and wildfires?",Best party on environment/climate,climate change,Very well prepared,Fairly well prepared,Neither well prepared nor badly prepared,Fairly badly prepared,Very badly prepared,,,,,,1.5,9.1,17.5,35.3,30.8,,,,,,Vi-2026-08-12-Opinium-Observer-Web-Data-tables-1707.xlsx,HW2
"2,050 UK adults",12 - 14 August 2026,,,,2050,,historic_vote,Lab,"Q:HW2. How well prepared do you think the UK is to deal with the impacts of climate change, such as heatwaves, droughts, and wildfires?",Best party on environment/climate,climate change,Very well prepared,Fairly well prepared,Neither well prepared nor badly prepared,Fairly badly prepared,Very badly prepared,,,,,,2.4,11.6,19.1,33.6,30.1,,,,,,Vi-2026-08-12-Opinium-Observer-Web-Data-tables-1707.xlsx,HW2
"2,050 UK adults",12 - 14 August 2026,,,,2050,,historic_vote,Lib Dem,"Q:HW2. How well prepared do you think the UK is to deal with the impacts of climate change, such as heatwaves, droughts, and wildfires?",Best party on environment/climate,climate change,Very well prepared,Fairly well prepared,Neither well prepared nor badly prepared,Fairly badly prepared,Very badly prepared,,,,,,2.6,3.6,19.4,36.9,33.3,,,,,,Vi-2026-08-12-Opinium-Observer-Web-Data-tables-1707.xlsx,HW2
"2,050 UK adults",12 - 14 August 2026,,,,2050,,historic_vote,Remain,"Q:HW2. How well prepared do you think the UK is to deal with the impacts of climate change, such as heatwaves, droughts, and wildfires?",Best party on environment/climate,climate change,Very well prepared,Fairly well prepared,Neither well prepared nor badly prepared,Fairly badly prepared,Very badly prepared,,,,,,1.8,9.7,17.7,34.0,32.2,,,,,,Vi-2026-08-12-Opinium-Observer-Web-Data-tables-1707.xlsx,HW2
"2,050 UK adults",12 - 14 August 2026,,,,2050,,historic_vote,Leave,"Q:HW2. How well prepared do you think the UK is to deal with the impacts of climate change, such as heatwaves, droughts, and wildfires?",Best party on environment/climate,climate change,Very well prepared,Fairly well prepared,Neither well prepared nor badly prepared,Fairly badly prepared,Very badly prepared,,,,,,1.6,6.7,20.0,35.8,30.9,,,,,,Vi-2026-08-12-Opinium-Observer-Web-Data-tables-1707.xlsx,HW2
"2,050 UK adults",12 - 14 August 2026,,,,2050,,gender,Male,"Q:HW2. How well prepared do you think the UK is to deal with the impacts of climate change, such as heatwaves, droughts, and wildfires?",Best party on environment/climate,climate change,Very well prepared,Fairly well prepared,Neither well prepared nor badly prepared,Fairly badly prepared,Very badly prepared,,,,,,1.8,13.7,19.6,33.4,26.0,,,,,,Vi-2026-08-12-Opinium-Observer-Web-Data-tables-1707.xlsx,HW2
"2,050 UK adults",12 - 14 August 2026,,,,2050,,gender,Female,"Q:HW2. How well prepared do you think the UK is to deal with the impacts of climate change, such as heatwaves, droughts, and wildfires?",Best party on environment/climate,climate change,Very well prepared,Fairly well prepared,Neither well prepared nor badly prepared,Fairly badly prepared,Very badly prepared,,,,,,1.5,5.9,19.0,31.9,33.4,,,,,,Vi-2026-08-12-Opinium-Observer-Web-Data-tables-1707.xlsx,HW2
"2,050 UK adults",12 - 14 August 2026,,,,2050,,age,18-34,"Q:HW2. How well prepared do you think the UK is to deal with the impacts of climate change, such as heatwaves, droughts, and wildfires?",Best party on environment/climate,climate change,Very well prepared,Fairly well prepared,Neither well prepared nor badly prepared,Fairly badly prepared,Very badly prepared,,,,,,3.3,17.6,20.6,26.6,25.8,,,,,,Vi-2026-08-12-Opinium-Observer-Web-Data-tables-1707.xlsx,HW2
"2,050 UK adults",12 - 14 August 2026,,,,2050,,age,35-49,"Q:HW2. How well prepared do you think the UK is to deal with the impacts of climate change, such as heatwaves, droughts, and wildfires?",Best party on environment/climate,climate change,Very well prepared,Fairly well prepared,Neither well prepared nor badly prepared,Fairly badly prepared,Very badly prepared,,,,,,1.7,9.1,17.3,30.3,31.4,,,,,,Vi-2026-08-12-Opinium-Observer-Web-Data-tables-1707.xlsx,HW2
"2,050 UK adults",12 - 14 August 2026,,,,2050,,age,50-64,"Q:HW2. How well prepared do you think the UK is to deal with the impacts of climate change, such as heatwaves, droughts, and wildfires?",Best party on environment/climate,climate change,Very well prepared,Fairly well prepared,Neither well prepared nor badly prepared,Fairly badly prepared,Very badly prepared,,,,,,0.5,6.2,19.2,37.7,30.6,,,,,,Vi-2026-08-12-Opinium-Observer-Web-Data-tables-1707.xlsx,HW2
"2,050 UK adults",12 - 14 August 2026,,,,2050,,age,65+,"Q:HW2. How well prepared do you think the UK is to deal with the impacts of climate change, such as heatwaves, droughts, and wildfires?",Best party on environment/climate,climate change,Very well prepared,Fairly well prepared,Neither well prepared nor badly prepared,Fairly badly prepared,Very badly prepared,,,,,,0.8,4.6,20.0,36.6,32.7,,,,,,Vi-2026-08-12-Opinium-Observer-Web-Data-tables-1707.xlsx,HW2
"2,050 UK adults",12 - 14 August 2026,,,,2050,,region,North,"Q:HW2. How well prepared do you think the UK is to deal with the impacts of climate change, such as heatwaves, droughts, and wildfires?",Best party on environment/climate,climate change,Very well prepared,Fairly well prepared,Neither well prepared nor badly prepared,Fairly badly prepared,Very badly prepared,,,,,,1.6,11.1,21.5,32.2,26.9,,,,,,Vi-2026-08-12-Opinium-Observer-Web-Data-tables-1707.xlsx,HW2
"2,050 UK adults",12 - 14 August 2026,,,,2050,,region,Mids,"Q:HW2. How well prepared do you think the UK is to deal with the impacts of climate change, such as heatwaves, droughts, and wildfires?",Best party on environment/climate,climate change,Very well prepared,Fairly well prepared,Neither well prepared nor badly prepared,Fairly badly prepared,Very badly prepared,,,,,,2.2,8.1,21.9,34.8,25.9,,,,,,Vi-2026-08-12-Opinium-Observer-Web-Data-tables-1707.xlsx,HW2
"2,050 UK adults",12 - 14 August 2026,,,,2050,,region,London,"Q:HW2. How well prepared do you think the UK is to deal with the impacts of climate change, such as heatwaves, droughts, and wildfires?",Best party on environment/climate,climate change,Very well prepared,Fairly well prepared,Neither well prepared nor badly prepared,Fairly badly prepared,Very badly prepared,,,,,,2.2,10.3,16.5,31.4,30.7,,,,,,Vi-2026-08-12-Opinium-Observer-Web-Data-tables-1707.xlsx,HW2
"2,050 UK adults",12 - 14 August 2026,,,,2050,,region,South,"Q:HW2. How well prepared do you think the UK is to deal with the impacts of climate change, such as heatwaves, droughts, and wildfires?",Best party on environment/climate,climate change,Very well prepared,Fairly well prepared,Neither well prepared nor badly prepared,Fairly badly prepared,Very badly prepared,,,,,,1.1,8.4,15.7,33.3,34.7,,,,,,Vi-2026-08-12-Opinium-Observer-Web-Data-tables-1707.xlsx,HW2
"2,050 UK adults",12 - 14 August 2026,,,,2050,,region,Wales,"Q:HW2. How well prepared do you think the UK is to deal with the impacts of climate change, such as heatwaves, droughts, and wildfires?",Best party on environment/climate,climate change,Very well prepared,Fairly well prepared,Neither well prepared nor badly prepared,Fairly badly prepared,Very badly prepared,,,,,,1.8,16.3,21.4,22.8,30.4,,,,,,Vi-2026-08-12-Opinium-Observer-Web-Data-tables-1707.xlsx,HW2
"2,050 UK adults",12 - 14 August 2026,,,,2050,,region,Scotland,"Q:HW2. How well prepared do you think the UK is to deal with the impacts of climate change, such as heatwaves, droughts, and wildfires?",Best party on environment/climate,climate change,Very well prepared,Fairly well prepared,Neither well prepared nor badly prepared,Fairly badly prepared,Very badly prepared,,,,,,1.8,11.6,23.4,33.8,23.7,,,,,,Vi-2026-08-12-Opinium-Observer-Web-Data-tables-1707.xlsx,HW2
"2,050 UK adults",12 - 14 August 2026,,,,2050,,region,Northern Ireland,"Q:HW2. How well prepared do you think the UK is to deal with the impacts of climate change, such as heatwaves, droughts, and wildfires?",Best party on environment/climate,climate change,Very well prepared,Fairly well prepared,Neither well prepared nor badly prepared,Fairly badly prepared,Very badly prepared,,,,,,1.2,,24.6,33.8,39.3,,,,,,Vi-2026-08-12-Opinium-Observer-Web-Data-tables-1707.xlsx,HW2
"2,050 UK adults",12 - 14 August 2026,,,,2050,,total,Total,"Q:HW4. How concerned or unconcerned are you about the impact of heatwaves on…
 Transport infrastructure",Best party on transport,transport,Very concerned,Somewhat concerned,Neither concerned nor unconcerned,Somewhat unconcerned,Very unconcerned,,,,,,14.8,35.1,27.5,11.2,5.1,,,,,,Vi-2026-08-12-Opinium-Observer-Web-Data-tables-1707.xlsx,HW4
"2,050 UK adults",12 - 14 August 2026,,,,2050,,current_vote,Con,"Q:HW4. How concerned or unconcerned are you about the impact of heatwaves on…
 Transport infrastructure",Best party on transport,transport,Very concerned,Somewhat concerned,Neither concerned nor unconcerned,Somewhat unconcerned,Very unconcerned,,,,,,13.7,37.0,27.8,11.6,6.7,,,,,,Vi-2026-08-12-Opinium-Observer-Web-Data-tables-1707.xlsx,HW4
"2,050 UK adults",12 - 14 August 2026,,,,2050,,current_vote,Lab,"Q:HW4. How concerned or unconcerned are you about the impact of heatwaves on…
 Transport infrastructure",Best party on transport,transport,Very concerned,Somewhat concerned,Neither concerned nor unconcerned,Somewhat unconcerned,Very unconcerned,,,,,,15.0,44.4,21.0,12.4,2.8,,,,,,Vi-2026-08-12-Opinium-Observer-Web-Data-tables-1707.xlsx,HW4
"2,050 UK adults",12 - 14 August 2026,,,,2050,,current_vote,Lib Dem,"Q:HW4. How concerned or unconcerned are you about the impact of heatwaves on…
 Transport infrastructure",Best party on transport,transport,Very concerned,Somewhat concerned,Neither concerned nor unconcerned,Somewhat unconcerned,Very unconcerned,,,,,,12.1,38.1,34.5,8.1,2.9,,,,,,Vi-2026-08-12-Opinium-Observer-Web-Data-tables-1707.xlsx,HW4
"2,050 UK adults",12 - 14 August 2026,,,,2050,,current_vote,Reform,"Q:HW4. How concerned or unconcerned are you about the impact of heatwaves on…
 Transport infrastructure",Best party on transport,transport,Very concerned,Somewhat concerned,Neither concerned nor unconcerned,Somewhat unconcerned,Very unconcerned,,,,,,14.0,33.1,28.0,13.9,6.8,,,,,,Vi-2026-08-12-Opinium-Observer-Web-Data-tables-1707.xlsx,HW4
"2,050 UK adults",12 - 14 August 2026,,,,2050,,current_vote,Green,"Q:HW4. How concerned or unconcerned are you about the impact of heatwaves on…
 Transport infrastructure",Best party on transport,transport,Very concerned,Somewhat concerned,Neither concerned nor unconcerned,Somewhat unconcerned,Very unconcerned,,,,,,24.0,33.9,19.9,11.1,6.2,,,,,,Vi-2026-08-12-Opinium-Observer-Web-Data-tables-1707.xlsx,HW4
"2,050 UK adults",12 - 14 August 2026,,,,2050,,historic_vote,Conservative,"Q:HW4. How concerned or unconcerned are you about the impact of heatwaves on…
 Transport infrastructure",Best party on transport,transport,Very concerned,Somewhat concerned,Neither concerned nor unconcerned,Somewhat unconcerned,Very unconcerned,,,,,,12.7,38.0,28.9,11.4,4.9,,,,,,Vi-2026-08-12-Opinium-Observer-Web-Data-tables-1707.xlsx,HW4
"2,050 UK adults",12 - 14 August 2026,,,,2050,,historic_vote,Labour,"Q:HW4. How concerned or unconcerned are you about the impact of heatwaves on…
 Transport infrastructure",Best party on transport,transport,Very concerned,Somewhat concerned,Neither concerned nor unconcerned,Somewhat unconcerned,Very unconcerned,,,,,,15.2,41.2,25.4,11.2,3.8,,,,,,Vi-2026-08-12-Opinium-Observer-Web-Data-tables-1707.xlsx,HW4
"2,050 UK adults",12 - 14 August 2026,,,,2050,,historic_vote,Lib Dems,"Q:HW4. How concerned or unconcerned are you about the impact of heatwaves on…
 Transport infrastructure",Best party on transport,transport,Very concerned,Somewhat concerned,Neither concerned nor unconcerned,Somewhat unconcerned,Very unconcerned,,,,,,17.7,37.8,26.1,8.8,3.6,,,,,,Vi-2026-08-12-Opinium-Observer-Web-Data-tables-1707.xlsx,HW4
"2,050 UK adults",12 - 14 August 2026,,,,2050,,historic_vote,Green,"Q:HW4. How concerned or unconcerned are you about the impact of heatwaves on…
 Transport infrastructure",Best party on transport,transport,Very concerned,Somewhat concerned,Neither concerned nor unconcerned,Somewhat unconcerned,Very unconcerned,,,,,,25.7,41.7,20.6,6.1,3.6,,,,,,Vi-2026-08-12-Opinium-Observer-Web-Data-tables-1707.xlsx,HW4
"2,050 UK adults",12 - 14 August 2026,,,,2050,,historic_vote,Reform UK,"Q:HW4. How concerned or unconcerned are you about the impact of heatwaves on…
 Transport infrastructure",Best party on transport,transport,Very concerned,Somewhat concerned,Neither concerned nor unconcerned,Somewhat unconcerned,Very unconcerned,,,,,,13.2,35.9,23.1,12.8,11.7,,,,,,Vi-2026-08-12-Opinium-Observer-Web-Data-tables-1707.xlsx,HW4
"2,050 UK adults",12 - 14 August 2026,,,,2050,,historic_vote,Con,"Q:HW4. How concerned or unconcerned are you about the impact of heatwaves on…
 Transport infrastructure",Best party on transport,transport,Very concerned,Somewhat concerned,Neither concerned nor unconcerned,Somewhat unconcerned,Very unconcerned,,,,,,14.4,36.9,28.2,11.4,5.9,,,,,,Vi-2026-08-12-Opinium-Observer-Web-Data-tables-1707.xlsx,HW4
"2,050 UK adults",12 - 14 August 2026,,,,2050,,historic_vote,Lab,"Q:HW4. How concerned or unconcerned are you about the impact of heatwaves on…
 Transport infrastructure",Best party on transport,transport,Very concerned,Somewhat concerned,Neither concerned nor unconcerned,Somewhat unconcerned,Very unconcerned,,,,,,14.9,42.8,25.5,10.6,1.7,,,,,,Vi-2026-08-12-Opinium-Observer-Web-Data-tables-1707.xlsx,HW4
"2,050 UK adults",12 - 14 August 2026,,,,2050,,historic_vote,Lib Dem,"Q:HW4. How concerned or unconcerned are you about the impact of heatwaves on…
 Transport infrastructure",Best party on transport,transport,Very concerned,Somewhat concerned,Neither concerned nor unconcerned,Somewhat unconcerned,Very unconcerned,,,,,,15.0,32.1,32.1,10.1,5.5,,,,,,Vi-2026-08-12-Opinium-Observer-Web-Data-tables-1707.xlsx,HW4
"2,050 UK adults",12 - 14 August 2026,,,,2050,,historic_vote,Remain,"Q:HW4. How concerned or unconcerned are you about the impact of heatwaves on…
 Transport infrastructure",Best party on transport,transport,Very concerned,Somewhat concerned,Neither concerned nor unconcerned,Somewhat unconcerned,Very unconcerned,,,,,,15.0,42.8,23.8,11.5,2.5,,,,,,Vi-2026-08-12-Opinium-Observer-Web-Data-tables-1707.xlsx,HW4
"2,050 UK adults",12 - 14 August 2026,,,,2050,,historic_vote,Leave,"Q:HW4. How concerned or unconcerned are you about the impact of heatwaves on…
 Transport infrastructure",Best party on transport,transport,Very concerned,Somewhat concerned,Neither concerned nor unconcerned,Somewhat unconcerned,Very unconcerned,,,,,,13.9,34.3,30.4,10.2,7.3,,,,,,Vi-2026-08-12-Opinium-Observer-Web-Data-tables-1707.xlsx,HW4
"2,050 UK adults",12 - 14 August 2026,,,,2050,,gender,Male,"Q:HW4. How concerned or unconcerned are you about the impact of heatwaves on…
 Transport infrastructure",Best party on transport,transport,Very concerned,Somewhat concerned,Neither concerned nor unconcerned,Somewhat unconcerned,Very unconcerned,,,,,,12.8,34.4,30.1,12.3,6.2,,,,,,Vi-2026-08-12-Opinium-Observer-Web-Data-tables-1707.xlsx,HW4
"2,050 UK adults",12 - 14 August 2026,,,,2050,,gender,Female,"Q:HW4. How concerned or unconcerned are you about the impact of heatwaves on…
 Transport infrastructure",Best party on transport,transport,Very concerned,Somewhat concerned,Neither concerned nor unconcerned,Somewhat unconcerned,Very unconcerned,,,,,,16.6,35.7,25.3,10.2,4.0,,,,,,Vi-2026-08-12-Opinium-Observer-Web-Data-tables-1707.xlsx,HW4
"2,050 UK adults",12 - 14 August 2026,,,,2050,,age,18-34,"Q:HW4. How concerned or unconcerned are you about the impact of heatwaves on…
 Transport infrastructure",Best party on transport,transport,Very concerned,Somewhat concerned,Neither concerned nor unconcerned,Somewhat unconcerned,Very unconcerned,,,,,,17.6,30.8,24.9,12.8,7.0,,,,,,Vi-2026-08-12-Opinium-Observer-Web-Data-tables-1707.xlsx,HW4
"2,050 UK adults",12 - 14 August 2026,,,,2050,,age,35-49,"Q:HW4. How concerned or unconcerned are you about the impact of heatwaves on…
 Transport infrastructure",Best party on transport,transport,Very concerned,Somewhat concerned,Neither concerned nor unconcerned,Somewhat unconcerned,Very unconcerned,,,,,,17.0,38.1,22.4,10.3,4.8,,,,,,Vi-2026-08-12-Opinium-Observer-Web-Data-tables-1707.xlsx,HW4
"2,050 UK adults",12 - 14 August 2026,,,,2050,,age,50-64,"Q:HW4. How concerned or unconcerned are you about the impact of heatwaves on…
 Transport infrastructure",Best party on transport,transport,Very concerned,Somewhat concerned,Neither concerned nor unconcerned,Somewhat unconcerned,Very unconcerned,,,,,,14.1,35.6,33.3,9.3,3.8,,,,,,Vi-2026-08-12-Opinium-Observer-Web-Data-tables-1707.xlsx,HW4
"2,050 UK adults",12 - 14 August 2026,,,,2050,,age,65+,"Q:HW4. How concerned or unconcerned are you about the impact of heatwaves on…
 Transport infrastructure",Best party on transport,transport,Very concerned,Somewhat concerned,Neither concerned nor unconcerned,Somewhat unconcerned,Very unconcerned,,,,,,10.1,36.6,29.6,12.4,4.4,,,,,,Vi-2026-08-12-Opinium-Observer-Web-Data-tables-1707.xlsx,HW4
"2,050 UK adults",12 - 14 August 2026,,,,2050,,region,North,"Q:HW4. How concerned or unconcerned are you about the impact of heatwaves on…
 Transport infrastructure",Best party on transport,transport,Very concerned,Somewhat concerned,Neither concerned nor unconcerned,Somewhat unconcerned,Very unconcerned,,,,,,12.7,35.0,28.0,13.5,5.1,,,,,,Vi-2026-08-12-Opinium-Observer-Web-Data-tables-1707.xlsx,HW4
"2,050 UK adults",12 - 14 August 2026,,,,2050,,region,Mids,"Q:HW4. How concerned or unconcerned are you about the impact of heatwaves on…
 Transport infrastructure",Best party on transport,transport,Very concerned,Somewhat concerned,Neither concerned nor unconcerned,Somewhat unconcerned,Very unconcerned,,,,,,15.9,33.5,25.9,12.8,5.0,,,,,,Vi-2026-08-12-Opinium-Observer-Web-Data-tables-1707.xlsx,HW4
"2,050 UK adults",12 - 14 August 2026,,,,2050,,region,London,"Q:HW4. How concerned or unconcerned are you about the impact of heatwaves on…
 Transport infrastructure",Best party on transport,transport,Very concerned,Somewhat concerned,Neither concerned nor unconcerned,Somewhat unconcerned,Very unconcerned,,,,,,18.2,43.2,19.7,8.5,2.6,,,,,,Vi-2026-08-12-Opinium-Observer-Web-Data-tables-1707.xlsx,HW4
"2,050 UK adults",12 - 14 August 2026,,,,2050,,region,South,"Q:HW4. How concerned or unconcerned are you about the impact of heatwaves on…
 Transport infrastructure",Best party on transport,transport,Very concerned,Somewhat concerned,Neither concerned nor unconcerned,Somewhat unconcerned,Very unconcerned,,,,,,15.5,35.8,28.7,10.3,5.1,,,,,,Vi-2026-08-12-Opinium-Observer-Web-Data-tables-1707.xlsx,HW4
"2,050 UK adults",12 - 14 August 2026,,,,2050,,region,Wales,"Q:HW4. How concerned or unconcerned are you about the impact of heatwaves on…
 Transport infrastructure",Best party on transport,transport,Very concerned,Somewhat concerned,Neither concerned nor unconcerned,Somewhat unconcerned,Very unconcerned,,,,,,8.1,24.8,41.8,12.5,9.4,,,,,,Vi-2026-08-12-Opinium-Observer-Web-Data-tables-1707.xlsx,HW4
"2,050 UK adults",12 - 14 August 2026,,,,2050,,region,Scotland,"Q:HW4. How concerned or unconcerned are you about the impact of heatwaves on…
 Transport infrastructure",Best party on transport,transport,Very concerned,Somewhat concerned,Neither concerned nor unconcerned,Somewhat unconcerned,Very unconcerned,,,,,,13.7,33.5,25.5,8.7,5.7,,,,,,Vi-2026-08-12-Opinium-Observer-Web-Data-tables-1707.xlsx,HW4
"2,050 UK adults",12 - 14 August 2026,,,,2050,,region,Northern Ireland,"Q:HW4. How concerned or unconcerned are you about the impact of heatwaves on…
 Transport infrastructure",Best party on transport,transport,Very concerned,Somewhat concerned,Neither concerned nor unconcerned,Somewhat unconcerned,Very unconcerned,,,,,,17.5,22.2,36.5,12.4,7.0,,,,,,Vi-2026-08-12-Opinium-Observer-Web-Data-tables-1707.xlsx,HW4
"2,050 UK adults",12 - 14 August 2026,,,,2050,,total,Total,"Q:HW4. How concerned or unconcerned are you about the impact of heatwaves on…
 Water infrastructure",UNMATCHED,,Very concerned,Somewhat concerned,Neither concerned nor unconcerned,Somewhat unconcerned,Very unconcerned,,,,,,35.7,33.8,14.8,7.1,3.8,,,,,,Vi-2026-08-12-Opinium-Observer-Web-Data-tables-1707.xlsx,HW4 (2)
"2,050 UK adults",12 - 14 August 2026,,,,2050,,current_vote,Con,"Q:HW4. How concerned or unconcerned are you about the impact of heatwaves on…
 Water infrastructure",UNMATCHED,,Very concerned,Somewhat concerned,Neither concerned nor unconcerned,Somewhat unconcerned,Very unconcerned,,,,,,41.6,39.8,10.3,4.3,2.9,,,,,,Vi-2026-08-12-Opinium-Observer-Web-Data-tables-1707.xlsx,HW4 (2)
"2,050 UK adults",12 - 14 August 2026,,,,2050,,current_vote,Lab,"Q:HW4. How concerned or unconcerned are you about the impact of heatwaves on…
 Water infrastructure",UNMATCHED,,Very concerned,Somewhat concerned,Neither concerned nor unconcerned,Somewhat unconcerned,Very unconcerned,,,,,,35.9,36.4,14.1,7.9,3.3,,,,,,Vi-2026-08-12-Opinium-Observer-Web-Data-tables-1707.xlsx,HW4 (2)
"2,050 UK adults",12 - 14 August 2026,,,,2050,,current_vote,Lib Dem,"Q:HW4. How concerned or unconcerned are you about the impact of heatwaves on…
 Water infrastructure",UNMATCHED,,Very concerned,Somewhat concerned,Neither concerned nor unconcerned,Somewhat unconcerned,Very unconcerned,,,,,,44.1,37.2,8.5,6.0,1.6,,,,,,Vi-2026-08-12-Opinium-Observer-Web-Data-tables-1707.xlsx,HW4 (2)
"2,050 UK adults",12 - 14 August 2026,,,,2050,,current_vote,Reform,"Q:HW4. How concerned or unconcerned are you about the impact of heatwaves on…
 Water infrastructure",UNMATCHED,,Very concerned,Somewhat concerned,Neither concerned nor unconcerned,Somewhat unconcerned,Very unconcerned,,,,,,33.4,36.4,15.9,6.4,5.2,,,,,,Vi-2026-08-12-Opinium-Observer-Web-Data-tables-1707.xlsx,HW4 (2)
"2,050 UK adults",12 - 14 August 2026,,,,2050,,current_vote,Green,"Q:HW4. How concerned or unconcerned are you about the impact of heatwaves on…
 Water infrastructure",UNMATCHED,,Very concerned,Somewhat concerned,Neither concerned nor unconcerned,Somewhat unconcerned,Very unconcerned,,,,,,43.3,22.7,17.3,11.5,0.9,,,,,,Vi-2026-08-12-Opinium-Observer-Web-Data-tables-1707.xlsx,HW4 (2)
"2,050 UK adults",12 - 14 August 2026,,,,2050,,historic_vote,Conservative,"Q:HW4. How concerned or unconcerned are you about the impact of heatwaves on…
 Water infrastructure",UNMATCHED,,Very concerned,Somewhat concerned,Neither concerned nor unconcerned,Somewhat unconcerned,Very unconcerned,,,,,,40.7,38.1,9.2,5.8,4.3,,,,,,Vi-2026-08-12-Opinium-Observer-Web-Data-tables-1707.xlsx,HW4 (2)
"2,050 UK adults",12 - 14 August 2026,,,,2050,,historic_vote,Labour,"Q:HW4. How concerned or unconcerned are you about the impact of heatwaves on…
 Water infrastructure",UNMATCHED,,Very concerned,Somewhat concerned,Neither concerned nor unconcerned,Somewhat unconcerned,Very unconcerned,,,,,,39.0,36.8,12.5,5.4,3.9,,,,,,Vi-2026-08-12-Opinium-Observer-Web-Data-tables-1707.xlsx,HW4 (2)
"2,050 UK adults",12 - 14 August 2026,,,,2050,,historic_vote,Lib Dems,"Q:HW4. How concerned or unconcerned are you about the impact of heatwaves on…
 Water infrastructure",UNMATCHED,,Very concerned,Somewhat concerned,Neither concerned nor unconcerned,Somewhat unconcerned,Very unconcerned,,,,,,47.6,36.1,9.5,3.3,,,,,,,Vi-2026-08-12-Opinium-Observer-Web-Data-tables-1707.xlsx,HW4 (2)
"2,050 UK adults",12 - 14 August 2026,,,,2050,,historic_vote,Green,"Q:HW4. How concerned or unconcerned are you about the impact of heatwaves on…
 Water infrastructure",UNMATCHED,,Very concerned,Somewhat concerned,Neither concerned nor unconcerned,Somewhat unconcerned,Very unconcerned,,,,,,54.9,23.8,14.6,3.0,2.9,,,,,,Vi-2026-08-12-Opinium-Observer-Web-Data-tables-1707.xlsx,HW4 (2)
"2,050 UK adults",12 - 14 August 2026,,,,2050,,historic_vote,Reform UK,"Q:HW4. How concerned or unconcerned are you about the impact of heatwaves on…
 Water infrastructure",UNMATCHED,,Very concerned,Somewhat concerned,Neither concerned nor unconcerned,Somewhat unconcerned,Very unconcerned,,,,,,37.8,34.9,13.3,5.6,6.5,,,,,,Vi-2026-08-12-Opinium-Observer-Web-Data-tables-1707.xlsx,HW4 (2)
"2,050 UK adults",12 - 14 August 2026,,,,2050,,historic_vote,Con,"Q:HW4. How concerned or unconcerned are you about the impact of heatwaves on…
 Water infrastructure",UNMATCHED,,Very concerned,Somewhat concerned,Neither concerned nor unconcerned,Somewhat unconcerned,Very unconcerned,,,,,,42.8,38.5,9.1,4.0,3.9,,,,,,Vi-2026-08-12-Opinium-Observer-Web-Data-tables-1707.xlsx,HW4 (2)
"2,050 UK adults",12 - 14 August 2026,,,,2050,,historic_vote,Lab,"Q:HW4. How concerned or unconcerned are you about the impact of heatwaves on…
 Water infrastructure",UNMATCHED,,Very concerned,Somewhat concerned,Neither concerned nor unconcerned,Somewhat unconcerned,Very unconcerned,,,,,,41.3,32.8,13.9,5.8,3.2,,,,,,Vi-2026-08-12-Opinium-Observer-Web-Data-tables-1707.xlsx,HW4 (2)
"2,050 UK adults",12 - 14 August 2026,,,,2050,,historic_vote,Lib Dem,"Q:HW4. How concerned or unconcerned are you about the impact of heatwaves on…
 Water infrastructure",UNMATCHED,,Very concerned,Somewhat concerned,Neither concerned nor unconcerned,Somewhat unconcerned,Very unconcerned,,,,,,40.4,36.9,10.4,6.2,3.6,,,,,,Vi-2026-08-12-Opinium-Observer-Web-Data-tables-1707.xlsx,HW4 (2)
"2,050 UK adults",12 - 14 August 2026,,,,2050,,historic_vote,Remain,"Q:HW4. How concerned or unconcerned are you about the impact of heatwaves on…
 Water infrastructure",UNMATCHED,,Very concerned,Somewhat concerned,Neither concerned nor unconcerned,Somewhat unconcerned,Very unconcerned,,,,,,42.0,33.5,13.2,5.5,2.6,,,,,,Vi-2026-08-12-Opinium-Observer-Web-Data-tables-1707.xlsx,HW4 (2)
"2,050 UK adults",12 - 14 August 2026,,,,2050,,historic_vote,Leave,"Q:HW4. How concerned or unconcerned are you about the impact of heatwaves on…
 Water infrastructure",UNMATCHED,,Very concerned,Somewhat concerned,Neither concerned nor unconcerned,Somewhat unconcerned,Very unconcerned,,,,,,39.9,35.5,12.3,5.6,4.2,,,,,,Vi-2026-08-12-Opinium-Observer-Web-Data-tables-1707.xlsx,HW4 (2)
"2,050 UK adults",12 - 14 August 2026,,,,2050,,gender,Male,"Q:HW4. How concerned or unconcerned are you about the impact of heatwaves on…
 Water infrastructure",UNMATCHED,,Very concerned,Somewhat concerned,Neither concerned nor unconcerned,Somewhat unconcerned,Very unconcerned,,,,,,35.0,32.1,16.8,8.1,4.3,,,,,,Vi-2026-08-12-Opinium-Observer-Web-Data-tables-1707.xlsx,HW4 (2)
"2,050 UK adults",12 - 14 August 2026,,,,2050,,gender,Female,"Q:HW4. How concerned or unconcerned are you about the impact of heatwaves on…
 Water infrastructure",UNMATCHED,,Very concerned,Somewhat concerned,Neither concerned nor unconcerned,Somewhat unconcerned,Very unconcerned,,,,,,36.2,35.5,13.0,6.1,3.4,,,,,,Vi-2026-08-12-Opinium-Observer-Web-Data-tables-1707.xlsx,HW4 (2)
"2,050 UK adults",12 - 14 August 2026,,,,2050,,age,18-34,"Q:HW4. How concerned or unconcerned are you about the impact of heatwaves on…
 Water infrastructure",UNMATCHED,,Very concerned,Somewhat concerned,Neither concerned nor unconcerned,Somewhat unconcerned,Very unconcerned,,,,,,26.6,28.4,20.1,13.7,4.6,,,,,,Vi-2026-08-12-Opinium-Observer-Web-Data-tables-1707.xlsx,HW4 (2)
"2,050 UK adults",12 - 14 August 2026,,,,2050,,age,35-49,"Q:HW4. How concerned or unconcerned are you about the impact of heatwaves on…
 Water infrastructure",UNMATCHED,,Very concerned,Somewhat concerned,Neither concerned nor unconcerned,Somewhat unconcerned,Very unconcerned,,,,,,30.4,35.9,16.2,6.8,4.3,,,,,,Vi-2026-08-12-Opinium-Observer-Web-Data-tables-1707.xlsx,HW4 (2)
"2,050 UK adults",12 - 14 August 2026,,,,2050,,age,50-64,"Q:HW4. How concerned or unconcerned are you about the impact of heatwaves on…
 Water infrastructure",UNMATCHED,,Very concerned,Somewhat concerned,Neither concerned nor unconcerned,Somewhat unconcerned,Very unconcerned,,,,,,42.2,34.5,13.4,4.9,2.1,,,,,,Vi-2026-08-12-Opinium-Observer-Web-Data-tables-1707.xlsx,HW4 (2)
"2,050 UK adults",12 - 14 August 2026,,,,2050,,age,65+,"Q:HW4. How concerned or unconcerned are you about the impact of heatwaves on…
 Water infrastructure",UNMATCHED,,Very concerned,Somewhat concerned,Neither concerned nor unconcerned,Somewhat unconcerned,Very unconcerned,,,,,,45.1,37.3,8.7,2.2,4.2,,,,,,Vi-2026-08-12-Opinium-Observer-Web-Data-tables-1707.xlsx,HW4 (2)
"2,050 UK adults",12 - 14 August 2026,,,,2050,,region,North,"Q:HW4. How concerned or unconcerned are you about the impact of heatwaves on…
 Water infrastructure",UNMATCHED,,Very concerned,Somewhat concerned,Neither concerned nor unconcerned,Somewhat unconcerned,Very unconcerned,,,,,,28.1,36.7,18.2,8.5,3.1,,,,,,Vi-2026-08-12-Opinium-Observer-Web-Data-tables-1707.xlsx,HW4 (2)
"2,050 UK adults",12 - 14 August 2026,,,,2050,,region,Mids,"Q:HW4. How concerned or unconcerned are you about the impact of heatwaves on…
 Water infrastructure",UNMATCHED,,Very concerned,Somewhat concerned,Neither concerned nor unconcerned,Somewhat unconcerned,Very unconcerned,,,,,,31.2,34.1,18.7,7.2,3.6,,,,,,Vi-2026-08-12-Opinium-Observer-Web-Data-tables-1707.xlsx,HW4 (2)
"2,050 UK adults",12 - 14 August 2026,,,,2050,,region,London,"Q:HW4. How concerned or unconcerned are you about the impact of heatwaves on…
 Water infrastructure",UNMATCHED,,Very concerned,Somewhat concerned,Neither concerned nor unconcerned,Somewhat unconcerned,Very unconcerned,,,,,,38.8,35.1,12.3,3.4,3.8,,,,,,Vi-2026-08-12-Opinium-Observer-Web-Data-tables-1707.xlsx,HW4 (2)
"2,050 UK adults",12 - 14 August 2026,,,,2050,,region,South,"Q:HW4. How concerned or unconcerned are you about the impact of heatwaves on…
 Water infrastructure",UNMATCHED,,Very concerned,Somewhat concerned,Neither concerned nor unconcerned,Somewhat unconcerned,Very unconcerned,,,,,,44.8,33.9,8.3,6.6,3.6,,,,,,Vi-2026-08-12-Opinium-Observer-Web-Data-tables-1707.xlsx,HW4 (2)
"2,050 UK adults",12 - 14 August 2026,,,,2050,,region,Wales,"Q:HW4. How concerned or unconcerned are you about the impact of heatwaves on…
 Water infrastructure",UNMATCHED,,Very concerned,Somewhat concerned,Neither concerned nor unconcerned,Somewhat unconcerned,Very unconcerned,,,,,,38.2,33.0,14.3,4.3,6.8,,,,,,Vi-2026-08-12-Opinium-Observer-Web-Data-tables-1707.xlsx,HW4 (2)
"2,050 UK adults",12 - 14 August 2026,,,,2050,,region,Scotland,"Q:HW4. How concerned or unconcerned are you about the impact of heatwaves on…
 Water infrastructure",UNMATCHED,,Very concerned,Somewhat concerned,Neither concerned nor unconcerned,Somewhat unconcerned,Very unconcerned,,,,,,28.0,26.9,21.3,10.5,6.7,,,,,,Vi-2026-08-12-Opinium-Observer-Web-Data-tables-1707.xlsx,HW4 (2)
"2,050 UK adults",12 - 14 August 2026,,,,2050,,region,Northern Ireland,"Q:HW4. How concerned or unconcerned are you about the impact of heatwaves on…
 Water infrastructure",UNMATCHED,,Very concerned,Somewhat concerned,Neither concerned nor unconcerned,Somewhat unconcerned,Very unconcerned,,,,,,26.4,22.3,32.3,14.7,,,,,,,Vi-2026-08-12-Opinium-Observer-Web-Data-tables-1707.xlsx,HW4 (2)
"2,050 UK adults",12 - 14 August 2026,,,,2050,,total,Total,"Q:HW4. How concerned or unconcerned are you about the impact of heatwaves on…
 Public health",UNMATCHED,,Very concerned,Somewhat concerned,Neither concerned nor unconcerned,Somewhat unconcerned,Very unconcerned,,,,,,22.3,40.2,20.4,7.9,4.4,,,,,,Vi-2026-08-12-Opinium-Observer-Web-Data-tables-1707.xlsx,HW4 (3)
"2,050 UK adults",12 - 14 August 2026,,,,2050,,current_vote,Con,"Q:HW4. How concerned or unconcerned are you about the impact of heatwaves on…
 Public health",UNMATCHED,,Very concerned,Somewhat concerned,Neither concerned nor unconcerned,Somewhat unconcerned,Very unconcerned,,,,,,17.2,51.4,15.5,8.1,5.2,,,,,,Vi-2026-08-12-Opinium-Observer-Web-Data-tables-1707.xlsx,HW4 (3)
"2,050 UK adults",12 - 14 August 2026,,,,2050,,current_vote,Lab,"Q:HW4. How concerned or unconcerned are you about the impact of heatwaves on…
 Public health",UNMATCHED,,Very concerned,Somewhat concerned,Neither concerned nor unconcerned,Somewhat unconcerned,Very unconcerned,,,,,,22.3,47.4,17.7,7.5,2.7,,,,,,Vi-2026-08-12-Opinium-Observer-Web-Data-tables-1707.xlsx,HW4 (3)
"2,050 UK adults",12 - 14 August 2026,,,,2050,,current_vote,Lib Dem,"Q:HW4. How concerned or unconcerned are you about the impact of heatwaves on…
 Public health",UNMATCHED,,Very concerned,Somewhat concerned,Neither concerned nor unconcerned,Somewhat unconcerned,Very unconcerned,,,,,,27.4,43.7,18.5,7.6,0.7,,,,,,Vi-2026-08-12-Opinium-Observer-Web-Data-tables-1707.xlsx,HW4 (3)
"2,050 UK adults",12 - 14 August 2026,,,,2050,,current_vote,Reform,"Q:HW4. How concerned or unconcerned are you about the impact of heatwaves on…
 Public health",UNMATCHED,,Very concerned,Somewhat concerned,Neither concerned nor unconcerned,Somewhat unconcerned,Very unconcerned,,,,,,17.2,39.0,24.1,10.9,6.6,,,,,,Vi-2026-08-12-Opinium-Observer-Web-Data-tables-1707.xlsx,HW4 (3)
"2,050 UK adults",12 - 14 August 2026,,,,2050,,current_vote,Green,"Q:HW4. How concerned or unconcerned are you about the impact of heatwaves on…
 Public health",UNMATCHED,,Very concerned,Somewhat concerned,Neither concerned nor unconcerned,Somewhat unconcerned,Very unconcerned,,,,,,39.2,32.5,12.1,8.3,4.1,,,,,,Vi-2026-08-12-Opinium-Observer-Web-Data-tables-1707.xlsx,HW4 (3)
"2,050 UK adults",12 - 14 August 2026,,,,2050,,historic_vote,Conservative,"Q:HW4. How concerned or unconcerned are you about the impact of heatwaves on…
 Public health",UNMATCHED,,Very concerned,Somewhat concerned,Neither concerned nor unconcerned,Somewhat unconcerned,Very unconcerned,,,,,,17.0,48.1,17.4,9.2,4.9,,,,,,Vi-2026-08-12-Opinium-Observer-Web-Data-tables-1707.xlsx,HW4 (3)
"2,050 UK adults",12 - 14 August 2026,,,,2050,,historic_vote,Labour,"Q:HW4. How concerned or unconcerned are you about the impact of heatwaves on…
 Public health",UNMATCHED,,Very concerned,Somewhat concerned,Neither concerned nor unconcerned,Somewhat unconcerned,Very unconcerned,,,,,,23.4,45.9,18.1,7.2,3.3,,,,,,Vi-2026-08-12-Opinium-Observer-Web-Data-tables-1707.xlsx,HW4 (3)
"2,050 UK adults",12 - 14 August 2026,,,,2050,,historic_vote,Lib Dems,"Q:HW4. How concerned or unconcerned are you about the impact of heatwaves on…
 Public health",UNMATCHED,,Very concerned,Somewhat concerned,Neither concerned nor unconcerned,Somewhat unconcerned,Very unconcerned,,,,,,27.2,42.6,17.8,8.0,3.0,,,,,,Vi-2026-08-12-Opinium-Observer-Web-Data-tables-1707.xlsx,HW4 (3)
"2,050 UK adults",12 - 14 August 2026,,,,2050,,historic_vote,Green,"Q:HW4. How concerned or unconcerned are you about the impact of heatwaves on…
 Public health",UNMATCHED,,Very concerned,Somewhat concerned,Neither concerned nor unconcerned,Somewhat unconcerned,Very unconcerned,,,,,,39.0,39.9,10.7,6.5,3.4,,,,,,Vi-2026-08-12-Opinium-Observer-Web-Data-tables-1707.xlsx,HW4 (3)
"2,050 UK adults",12 - 14 August 2026,,,,2050,,historic_vote,Reform UK,"Q:HW4. How concerned or unconcerned are you about the impact of heatwaves on…
 Public health",UNMATCHED,,Very concerned,Somewhat concerned,Neither concerned nor unconcerned,Somewhat unconcerned,Very unconcerned,,,,,,16.8,35.5,25.1,12.2,8.2,,,,,,Vi-2026-08-12-Opinium-Observer-Web-Data-tables-1707.xlsx,HW4 (3)
"2,050 UK adults",12 - 14 August 2026,,,,2050,,historic_vote,Con,"Q:HW4. How concerned or unconcerned are you about the impact of heatwaves on…
 Public health",UNMATCHED,,Very concerned,Somewhat concerned,Neither concerned nor unconcerned,Somewhat unconcerned,Very unconcerned,,,,,,17.7,44.4,20.7,9.6,4.9,,,,,,Vi-2026-08-12-Opinium-Observer-Web-Data-tables-1707.xlsx,HW4 (3)
"2,050 UK adults",12 - 14 August 2026,,,,2050,,historic_vote,Lab,"Q:HW4. How concerned or unconcerned are you about the impact of heatwaves on…
 Public health",UNMATCHED,,Very concerned,Somewhat concerned,Neither concerned nor unconcerned,Somewhat unconcerned,Very unconcerned,,,,,,23.8,42.5,20.3,7.5,3.3,,,,,,Vi-2026-08-12-Opinium-Observer-Web-Data-tables-1707.xlsx,HW4 (3)
"2,050 UK adults",12 - 14 August 2026,,,,2050,,historic_vote,Lib Dem,"Q:HW4. How concerned or unconcerned are you about the impact of heatwaves on…
 Public health",UNMATCHED,,Very concerned,Somewhat concerned,Neither concerned nor unconcerned,Somewhat unconcerned,Very unconcerned,,,,,,25.7,43.5,17.4,6.5,4.7,,,,,,Vi-2026-08-12-Opinium-Observer-Web-Data-tables-1707.xlsx,HW4 (3)
"2,050 UK adults",12 - 14 August 2026,,,,2050,,historic_vote,Remain,"Q:HW4. How concerned or unconcerned are you about the impact of heatwaves on…
 Public health",UNMATCHED,,Very concerned,Somewhat concerned,Neither concerned nor unconcerned,Somewhat unconcerned,Very unconcerned,,,,,,25.2,43.1,18.1,7.3,2.9,,,,,,Vi-2026-08-12-Opinium-Observer-Web-Data-tables-1707.xlsx,HW4 (3)
"2,050 UK adults",12 - 14 August 2026,,,,2050,,historic_vote,Leave,"Q:HW4. How concerned or unconcerned are you about the impact of heatwaves on…
 Public health",UNMATCHED,,Very concerned,Somewhat concerned,Neither concerned nor unconcerned,Somewhat unconcerned,Very unconcerned,,,,,,18.8,40.0,23.7,8.9,5.8,,,,,,Vi-2026-08-12-Opinium-Observer-Web-Data-tables-1707.xlsx,HW4 (3)
"2,050 UK adults",12 - 14 August 2026,,,,2050,,gender,Male,"Q:HW4. How concerned or unconcerned are you about the impact of heatwaves on…
 Public health",UNMATCHED,,Very concerned,Somewhat concerned,Neither concerned nor unconcerned,Somewhat unconcerned,Very unconcerned,,,,,,18.6,40.0,23.5,9.3,5.2,,,,,,Vi-2026-08-12-Opinium-Observer-Web-Data-tables-1707.xlsx,HW4 (3)
"2,050 UK adults",12 - 14 August 2026,,,,2050,,gender,Female,"Q:HW4. How concerned or unconcerned are you about the impact of heatwaves on…
 Public health",UNMATCHED,,Very concerned,Somewhat concerned,Neither concerned nor unconcerned,Somewhat unconcerned,Very unconcerned,,,,,,25.7,40.3,17.7,6.5,3.6,,,,,,Vi-2026-08-12-Opinium-Observer-Web-Data-tables-1707.xlsx,HW4 (3)
"2,050 UK adults",12 - 14 August 2026,,,,2050,,age,18-34,"Q:HW4. How concerned or unconcerned are you about the impact of heatwaves on…
 Public health",UNMATCHED,,Very concerned,Somewhat concerned,Neither concerned nor unconcerned,Somewhat unconcerned,Very unconcerned,,,,,,24.7,34.8,19.7,9.9,5.2,,,,,,Vi-2026-08-12-Opinium-Observer-Web-Data-tables-1707.xlsx,HW4 (3)
"2,050 UK adults",12 - 14 August 2026,,,,2050,,age,35-49,"Q:HW4. How concerned or unconcerned are you about the impact of heatwaves on…
 Public health",UNMATCHED,,Very concerned,Somewhat concerned,Neither concerned nor unconcerned,Somewhat unconcerned,Very unconcerned,,,,,,23.6,39.5,17.9,7.5,5.3,,,,,,Vi-2026-08-12-Opinium-Observer-Web-Data-tables-1707.xlsx,HW4 (3)
"2,050 UK adults",12 - 14 August 2026,,,,2050,,age,50-64,"Q:HW4. How concerned or unconcerned are you about the impact of heatwaves on…
 Public health",UNMATCHED,,Very concerned,Somewhat concerned,Neither concerned nor unconcerned,Somewhat unconcerned,Very unconcerned,,,,,,22.8,41.4,23.1,7.1,2.9,,,,,,Vi-2026-08-12-Opinium-Observer-Web-Data-tables-1707.xlsx,HW4 (3)
"2,050 UK adults",12 - 14 August 2026,,,,2050,,age,65+,"Q:HW4. How concerned or unconcerned are you about the impact of heatwaves on…
 Public health",UNMATCHED,,Very concerned,Somewhat concerned,Neither concerned nor unconcerned,Somewhat unconcerned,Very unconcerned,,,,,,17.6,45.9,21.0,6.8,4.1,,,,,,Vi-2026-08-12-Opinium-Observer-Web-Data-tables-1707.xlsx,HW4 (3)
"2,050 UK adults",12 - 14 August 2026,,,,2050,,region,North,"Q:HW4. How concerned or unconcerned are you about the impact of heatwaves on…
 Public health",UNMATCHED,,Very concerned,Somewhat concerned,Neither concerned nor unconcerned,Somewhat unconcerned,Very unconcerned,,,,,,20.1,40.6,21.3,8.4,4.7,,,,,,Vi-2026-08-12-Opinium-Observer-Web-Data-tables-1707.xlsx,HW4 (3)
"2,050 UK adults",12 - 14 August 2026,,,,2050,,region,Mids,"Q:HW4. How concerned or unconcerned are you about the impact of heatwaves on…
 Public health",UNMATCHED,,Very concerned,Somewhat concerned,Neither concerned nor unconcerned,Somewhat unconcerned,Very unconcerned,,,,,,20.5,38.6,21.5,10.1,3.2,,,,,,Vi-2026-08-12-Opinium-Observer-Web-Data-tables-1707.xlsx,HW4 (3)
"2,050 UK adults",12 - 14 August 2026,,,,2050,,region,London,"Q:HW4. How concerned or unconcerned are you about the impact of heatwaves on…
 Public health",UNMATCHED,,Very concerned,Somewhat concerned,Neither concerned nor unconcerned,Somewhat unconcerned,Very unconcerned,,,,,,27.3,43.5,13.4,6.4,2.3,,,,,,Vi-2026-08-12-Opinium-Observer-Web-Data-tables-1707.xlsx,HW4 (3)
"2,050 UK adults",12 - 14 August 2026,,,,2050,,region,South,"Q:HW4. How concerned or unconcerned are you about the impact of heatwaves on…
 Public health",UNMATCHED,,Very concerned,Somewhat concerned,Neither concerned nor unconcerned,Somewhat unconcerned,Very unconcerned,,,,,,22.5,42.3,19.9,7.7,4.5,,,,,,Vi-2026-08-12-Opinium-Observer-Web-Data-tables-1707.xlsx,HW4 (3)
"2,050 UK adults",12 - 14 August 2026,,,,2050,,region,Wales,"Q:HW4. How concerned or unconcerned are you about the impact of heatwaves on…
 Public health",UNMATCHED,,Very concerned,Somewhat concerned,Neither concerned nor unconcerned,Somewhat unconcerned,Very unconcerned,,,,,,14.4,39.0,22.3,10.9,10.0,,,,,,Vi-2026-08-12-Opinium-Observer-Web-Data-tables-1707.xlsx,HW4 (3)
"2,050 UK adults",12 - 14 August 2026,,,,2050,,region,Scotland,"Q:HW4. How concerned or unconcerned are you about the impact of heatwaves on…
 Public health",UNMATCHED,,Very concerned,Somewhat concerned,Neither concerned nor unconcerned,Somewhat unconcerned,Very unconcerned,,,,,,26.7,34.7,19.7,5.2,6.5,,,,,,Vi-2026-08-12-Opinium-Observer-Web-Data-tables-1707.xlsx,HW4 (3)
"2,050 UK adults",12 - 14 August 2026,,,,2050,,region,Northern Ireland,"Q:HW4. How concerned or unconcerned are you about the impact of heatwaves on…
 Public health",UNMATCHED,,Very concerned,Somewhat concerned,Neither concerned nor unconcerned,Somewhat unconcerned,Very unconcerned,,,,,,25.4,24.3,44.0,2.1,1.7,,,,,,Vi-2026-08-12-Opinium-Observer-Web-Data-tables-1707.xlsx,HW4 (3)
"2,050 UK adults",12 - 14 August 2026,,,,2050,,total,Total,"Q:HW4. How concerned or unconcerned are you about the impact of heatwaves on…
 Your own health",UNMATCHED,,Very concerned,Somewhat concerned,Neither concerned nor unconcerned,Somewhat unconcerned,Very unconcerned,,,,,,14.2,31.3,29.0,14.1,7.9,,,,,,Vi-2026-08-12-Opinium-Observer-Web-Data-tables-1707.xlsx,HW4 (4)
"2,050 UK adults",12 - 14 August 2026,,,,2050,,current_vote,Con,"Q:HW4. How concerned or unconcerned are you about the impact of heatwaves on…
 Your own health",UNMATCHED,,Very concerned,Somewhat concerned,Neither concerned nor unconcerned,Somewhat unconcerned,Very unconcerned,,,,,,12.5,32.8,29.3,15.9,7.5,,,,,,Vi-2026-08-12-Opinium-Observer-Web-Data-tables-1707.xlsx,HW4 (4)
"2,050 UK adults",12 - 14 August 2026,,,,2050,,current_vote,Lab,"Q:HW4. How concerned or unconcerned are you about the impact of heatwaves on…
 Your own health",UNMATCHED,,Very concerned,Somewhat concerned,Neither concerned nor unconcerned,Somewhat unconcerned,Very unconcerned,,,,,,15.2,31.9,30.9,14.8,5.3,,,,,,Vi-2026-08-12-Opinium-Observer-Web-Data-tables-1707.xlsx,HW4 (4)
"2,050 UK adults",12 - 14 August 2026,,,,2050,,current_vote,Lib Dem,"Q:HW4. How concerned or unconcerned are you about the impact of heatwaves on…
 Your own health",UNMATCHED,,Very concerned,Somewhat concerned,Neither concerned nor unconcerned,Somewhat unconcerned,Very unconcerned,,,,,,15.8,36.1,22.1,19.5,4.6,,,,,,Vi-2026-08-12-Opinium-Observer-Web-Data-tables-1707.xlsx,HW4 (4)
"2,050 UK adults",12 - 14 August 2026,,,,2050,,current_vote,Reform,"Q:HW4. How concerned or unconcerned are you about the impact of heatwaves on…
 Your own health",UNMATCHED,,Very concerned,Somewhat concerned,Neither concerned nor unconcerned,Somewhat unconcerned,Very unconcerned,,,,,,13.8,30.0,30.4,13.6,11.9,,,,,,Vi-2026-08-12-Opinium-Observer-Web-Data-tables-1707.xlsx,HW4 (4)
"2,050 UK adults",12 - 14 August 2026,,,,2050,,current_vote,Green,"Q:HW4. How concerned or unconcerned are you about the impact of heatwaves on…
 Your own health",UNMATCHED,,Very concerned,Somewhat concerned,Neither concerned nor unconcerned,Somewhat unconcerned,Very unconcerned,,,,,,22.8,34.1,25.7,10.1,4.4,,,,,,Vi-2026-08-12-Opinium-Observer-Web-Data-tables-1707.xlsx,HW4 (4)
"2,050 UK adults",12 - 14 August 2026,,,,2050,,historic_vote,Conservative,"Q:HW4. How concerned or unconcerned are you about the impact of heatwaves on…
 Your own health",UNMATCHED,,Very concerned,Somewhat concerned,Neither concerned nor unconcerned,Somewhat unconcerned,Very unconcerned,,,,,,13.2,32.0,28.3,15.6,9.2,,,,,,Vi-2026-08-12-Opinium-Observer-Web-Data-tables-1707.xlsx,HW4 (4)
"2,050 UK adults",12 - 14 August 2026,,,,2050,,historic_vote,Labour,"Q:HW4. How concerned or unconcerned are you about the impact of heatwaves on…
 Your own health",UNMATCHED,,Very concerned,Somewhat concerned,Neither concerned nor unconcerned,Somewhat unconcerned,Very unconcerned,,,,,,12.6,34.6,30.3,14.8,5.8,,,,,,Vi-2026-08-12-Opinium-Observer-Web-Data-tables-1707.xlsx,HW4 (4)
"2,050 UK adults",12 - 14 August 2026,,,,2050,,historic_vote,Lib Dems,"Q:HW4. How concerned or unconcerned are you about the impact of heatwaves on…
 Your own health",UNMATCHED,,Very concerned,Somewhat concerned,Neither concerned nor unconcerned,Somewhat unconcerned,Very unconcerned,,,,,,16.7,32.2,21.5,19.7,7.5,,,,,,Vi-2026-08-12-Opinium-Observer-Web-Data-tables-1707.xlsx,HW4 (4)
"2,050 UK adults",12 - 14 August 2026,,,,2050,,historic_vote,Green,"Q:HW4. How concerned or unconcerned are you about the impact of heatwaves on…
 Your own health",UNMATCHED,,Very concerned,Somewhat concerned,Neither concerned nor unconcerned,Somewhat unconcerned,Very unconcerned,,,,,,23.7,32.4,25.5,12.2,6.3,,,,,,Vi-2026-08-12-Opinium-Observer-Web-Data-tables-1707.xlsx,HW4 (4)
"2,050 UK adults",12 - 14 August 2026,,,,2050,,historic_vote,Reform UK,"Q:HW4. How concerned or unconcerned are you about the impact of heatwaves on…
 Your own health",UNMATCHED,,Very concerned,Somewhat concerned,Neither concerned nor unconcerned,Somewhat unconcerned,Very unconcerned,,,,,,14.3,24.8,34.1,10.7,16.1,,,,,,Vi-2026-08-12-Opinium-Observer-Web-Data-tables-1707.xlsx,HW4 (4)
"2,050 UK adults",12 - 14 August 2026,,,,2050,,historic_vote,Con,"Q:HW4. How concerned or unconcerned are you about the impact of heatwaves on…
 Your own health",UNMATCHED,,Very concerned,Somewhat concerned,Neither concerned nor unconcerned,Somewhat unconcerned,Very unconcerned,,,,,,12.2,31.0,30.9,15.3,9.4,,,,,,Vi-2026-08-12-Opinium-Observer-Web-Data-tables-1707.xlsx,HW4 (4)
"2,050 UK adults",12 - 14 August 2026,,,,2050,,historic_vote,Lab,"Q:HW4. How concerned or unconcerned are you about the impact of heatwaves on…
 Your own health",UNMATCHED,,Very concerned,Somewhat concerned,Neither concerned nor unconcerned,Somewhat unconcerned,Very unconcerned,,,,,,15.0,33.5,30.5,13.2,5.6,,,,,,Vi-2026-08-12-Opinium-Observer-Web-Data-tables-1707.xlsx,HW4 (4)
"2,050 UK adults",12 - 14 August 2026,,,,2050,,historic_vote,Lib Dem,"Q:HW4. How concerned or unconcerned are you about the impact of heatwaves on…
 Your own health",UNMATCHED,,Very concerned,Somewhat concerned,Neither concerned nor unconcerned,Somewhat unconcerned,Very unconcerned,,,,,,16.0,28.6,26.8,19.6,6.6,,,,,,Vi-2026-08-12-Opinium-Observer-Web-Data-tables-1707.xlsx,HW4 (4)
"2,050 UK adults",12 - 14 August 2026,,,,2050,,historic_vote,Remain,"Q:HW4. How concerned or unconcerned are you about the impact of heatwaves on…
 Your own health",UNMATCHED,,Very concerned,Somewhat concerned,Neither concerned nor unconcerned,Somewhat unconcerned,Very unconcerned,,,,,,14.9,33.7,27.9,15.3,5.5,,,,,,Vi-2026-08-12-Opinium-Observer-Web-Data-tables-1707.xlsx,HW4 (4)
"2,050 UK adults",12 - 14 August 2026,,,,2050,,historic_vote,Leave,"Q:HW4. How concerned or unconcerned are you about the impact of heatwaves on…
 Your own health",UNMATCHED,,Very concerned,Somewhat concerned,Neither concerned nor unconcerned,Somewhat unconcerned,Very unconcerned,,,,,,12.0,28.2,34.1,13.8,10.5,,,,,,Vi-2026-08-12-Opinium-Observer-Web-Data-tables-1707.xlsx,HW4 (4)
"2,050 UK adults",12 - 14 August 2026,,,,2050,,gender,Male,"Q:HW4. How concerned or unconcerned are you about the impact of heatwaves on…
 Your own health",UNMATCHED,,Very concerned,Somewhat concerned,Neither concerned nor unconcerned,Somewhat unconcerned,Very unconcerned,,,,,,11.7,30.5,31.1,15.0,9.0,,,,,,Vi-2026-08-12-Opinium-Observer-Web-Data-tables-1707.xlsx,HW4 (4)
"2,050 UK adults",12 - 14 August 2026,,,,2050,,gender,Female,"Q:HW4. How concerned or unconcerned are you about the impact of heatwaves on…
 Your own health",UNMATCHED,,Very concerned,Somewhat concerned,Neither concerned nor unconcerned,Somewhat unconcerned,Very unconcerned,,,,,,16.5,32.2,26.9,13.2,6.9,,,,,,Vi-2026-08-12-Opinium-Observer-Web-Data-tables-1707.xlsx,HW4 (4)
"2,050 UK adults",12 - 14 August 2026,,,,2050,,age,18-34,"Q:HW4. How concerned or unconcerned are you about the impact of heatwaves on…
 Your own health",UNMATCHED,,Very concerned,Somewhat concerned,Neither concerned nor unconcerned,Somewhat unconcerned,Very unconcerned,,,,,,17.6,30.8,23.4,13.5,9.8,,,,,,Vi-2026-08-12-Opinium-Observer-Web-Data-tables-1707.xlsx,HW4 (4)
"2,050 UK adults",12 - 14 August 2026,,,,2050,,age,35-49,"Q:HW4. How concerned or unconcerned are you about the impact of heatwaves on…
 Your own health",UNMATCHED,,Very concerned,Somewhat concerned,Neither concerned nor unconcerned,Somewhat unconcerned,Very unconcerned,,,,,,16.7,33.3,23.1,14.7,6.8,,,,,,Vi-2026-08-12-Opinium-Observer-Web-Data-tables-1707.xlsx,HW4 (4)
"2,050 UK adults",12 - 14 August 2026,,,,2050,,age,50-64,"Q:HW4. How concerned or unconcerned are you about the impact of heatwaves on…
 Your own health",UNMATCHED,,Very concerned,Somewhat concerned,Neither concerned nor unconcerned,Somewhat unconcerned,Very unconcerned,,,,,,12.5,27.7,37.0,14.5,6.3,,,,,,Vi-2026-08-12-Opinium-Observer-Web-Data-tables-1707.xlsx,HW4 (4)
"2,050 UK adults",12 - 14 August 2026,,,,2050,,age,65+,"Q:HW4. How concerned or unconcerned are you about the impact of heatwaves on…
 Your own health",UNMATCHED,,Very concerned,Somewhat concerned,Neither concerned nor unconcerned,Somewhat unconcerned,Very unconcerned,,,,,,9.4,33.6,33.1,13.7,8.5,,,,,,Vi-2026-08-12-Opinium-Observer-Web-Data-tables-1707.xlsx,HW4 (4)
"2,050 UK adults",12 - 14 August 2026,,,,2050,,region,North,"Q:HW4. How concerned or unconcerned are you about the impact of heatwaves on…
 Your own health",UNMATCHED,,Very concerned,Somewhat concerned,Neither concerned nor unconcerned,Somewhat unconcerned,Very unconcerned,,,,,,11.8,32.8,30.9,14.4,6.6,,,,,,Vi-2026-08-12-Opinium-Observer-Web-Data-tables-1707.xlsx,HW4 (4)
"2,050 UK adults",12 - 14 August 2026,,,,2050,,region,Mids,"Q:HW4. How concerned or unconcerned are you about the impact of heatwaves on…
 Your own health",UNMATCHED,,Very concerned,Somewhat concerned,Neither concerned nor unconcerned,Somewhat unconcerned,Very unconcerned,,,,,,15.7,29.1,28.4,13.2,8.9,,,,,,Vi-2026-08-12-Opinium-Observer-Web-Data-tables-1707.xlsx,HW4 (4)
"2,050 UK adults",12 - 14 August 2026,,,,2050,,region,London,"Q:HW4. How concerned or unconcerned are you about the impact of heatwaves on…
 Your own health",UNMATCHED,,Very concerned,Somewhat concerned,Neither concerned nor unconcerned,Somewhat unconcerned,Very unconcerned,,,,,,15.8,37.2,22.7,10.1,8.6,,,,,,Vi-2026-08-12-Opinium-Observer-Web-Data-tables-1707.xlsx,HW4 (4)
"2,050 UK adults",12 - 14 August 2026,,,,2050,,region,South,"Q:HW4. How concerned or unconcerned are you about the impact of heatwaves on…
 Your own health",UNMATCHED,,Very concerned,Somewhat concerned,Neither concerned nor unconcerned,Somewhat unconcerned,Very unconcerned,,,,,,16.3,30.9,28.2,15.1,7.0,,,,,,Vi-2026-08-12-Opinium-Observer-Web-Data-tables-1707.xlsx,HW4 (4)
"2,050 UK adults",12 - 14 August 2026,,,,2050,,region,Wales,"Q:HW4. How concerned or unconcerned are you about the impact of heatwaves on…
 Your own health",UNMATCHED,,Very concerned,Somewhat concerned,Neither concerned nor unconcerned,Somewhat unconcerned,Very unconcerned,,,,,,7.4,23.2,34.7,17.4,15.0,,,,,,Vi-2026-08-12-Opinium-Observer-Web-Data-tables-1707.xlsx,HW4 (4)
"2,050 UK adults",12 - 14 August 2026,,,,2050,,region,Scotland,"Q:HW4. How concerned or unconcerned are you about the impact of heatwaves on…
 Your own health",UNMATCHED,,Very concerned,Somewhat concerned,Neither concerned nor unconcerned,Somewhat unconcerned,Very unconcerned,,,,,,11.2,29.7,34.0,13.6,8.7,,,,,,Vi-2026-08-12-Opinium-Observer-Web-Data-tables-1707.xlsx,HW4 (4)
"2,050 UK adults",12 - 14 August 2026,,,,2050,,region,Northern Ireland,"Q:HW4. How concerned or unconcerned are you about the impact of heatwaves on…
 Your own health",UNMATCHED,,Very concerned,Somewhat concerned,Neither concerned nor unconcerned,Somewhat unconcerned,Very unconcerned,,,,,,15.2,25.8,31.1,20.2,5.2,,,,,,Vi-2026-08-12-Opinium-Observer-Web-Data-tables-1707.xlsx,HW4 (4)
"2,050 UK adults",12 - 14 August 2026,,,,2050,,total,Total,"Q:HW4. How concerned or unconcerned are you about the impact of heatwaves on…
 Food security",UNMATCHED,,Very concerned,Somewhat concerned,Neither concerned nor unconcerned,Somewhat unconcerned,Very unconcerned,,,,,,25.5,40.2,17.4,7.8,4.6,,,,,,Vi-2026-08-12-Opinium-Observer-Web-Data-tables-1707.xlsx,HW4 (5)
"2,050 UK adults",12 - 14 August 2026,,,,2050,,current_vote,Con,"Q:HW4. How concerned or unconcerned are you about the impact of heatwaves on…
 Food security",UNMATCHED,,Very concerned,Somewhat concerned,Neither concerned nor unconcerned,Somewhat unconcerned,Very unconcerned,,,,,,25.3,45.6,16.6,7.0,4.1,,,,,,Vi-2026-08-12-Opinium-Observer-Web-Data-tables-1707.xlsx,HW4 (5)
"2,050 UK adults",12 - 14 August 2026,,,,2050,,current_vote,Lab,"Q:HW4. How concerned or unconcerned are you about the impact of heatwaves on…
 Food security",UNMATCHED,,Very concerned,Somewhat concerned,Neither concerned nor unconcerned,Somewhat unconcerned,Very unconcerned,,,,,,24.2,48.3,14.6,6.8,3.0,,,,,,Vi-2026-08-12-Opinium-Observer-Web-Data-tables-1707.xlsx,HW4 (5)
"2,050 UK adults",12 - 14 August 2026,,,,2050,,current_vote,Lib Dem,"Q:HW4. How concerned or unconcerned are you about the impact of heatwaves on…
 Food security",UNMATCHED,,Very concerned,Somewhat concerned,Neither concerned nor unconcerned,Somewhat unconcerned,Very unconcerned,,,,,,30.5,46.2,12.6,6.6,2.1,,,,,,Vi-2026-08-12-Opinium-Observer-Web-Data-tables-1707.xlsx,HW4 (5)
"2,050 UK adults",12 - 14 August 2026,,,,2050,,current_vote,Reform,"Q:HW4. How concerned or unconcerned are you about the impact of heatwaves on…
 Food security",UNMATCHED,,Very concerned,Somewhat concerned,Neither concerned nor unconcerned,Somewhat unconcerned,Very unconcerned,,,,,,27.0,36.5,17.5,9.4,7.6,,,,,,Vi-2026-08-12-Opinium-Observer-Web-Data-tables-1707.xlsx,HW4 (5)
"2,050 UK adults",12 - 14 August 2026,,,,2050,,current_vote,Green,"Q:HW4. How concerned or unconcerned are you about the impact of heatwaves on…
 Food security",UNMATCHED,,Very concerned,Somewhat concerned,Neither concerned nor unconcerned,Somewhat unconcerned,Very unconcerned,,,,,,31.3,30.5,17.8,8.6,7.0,,,,,,Vi-2026-08-12-Opinium-Observer-Web-Data-tables-1707.xlsx,HW4 (5)
"2,050 UK adults",12 - 14 August 2026,,,,2050,,historic_vote,Conservative,"Q:HW4. How concerned or unconcerned are you about the impact of heatwaves on…
 Food security",UNMATCHED,,Very concerned,Somewhat concerned,Neither concerned nor unconcerned,Somewhat unconcerned,Very unconcerned,,,,,,26.6,43.8,14.7,7.9,4.9,,,,,,Vi-2026-08-12-Opinium-Observer-Web-Data-tables-1707.xlsx,HW4 (5)
"2,050 UK adults",12 - 14 August 2026,,,,2050,,historic_vote,Labour,"Q:HW4. How concerned or unconcerned are you about the impact of heatwaves on…
 Food security",UNMATCHED,,Very concerned,Somewhat concerned,Neither concerned nor unconcerned,Somewhat unconcerned,Very unconcerned,,,,,,25.1,47.3,14.4,5.6,4.4,,,,,,Vi-2026-08-12-Opinium-Observer-Web-Data-tables-1707.xlsx,HW4 (5)
"2,050 UK adults",12 - 14 August 2026,,,,2050,,historic_vote,Lib Dems,"Q:HW4. How concerned or unconcerned are you about the impact of heatwaves on…
 Food security",UNMATCHED,,Very concerned,Somewhat concerned,Neither concerned nor unconcerned,Somewhat unconcerned,Very unconcerned,,,,,,32.2,46.6,13.3,4.6,1.3,,,,,,Vi-2026-08-12-Opinium-Observer-Web-Data-tables-1707.xlsx,HW4 (5)
"2,050 UK adults",12 - 14 August 2026,,,,2050,,historic_vote,Green,"Q:HW4. How concerned or unconcerned are you about the impact of heatwaves on…
 Food security",UNMATCHED,,Very concerned,Somewhat concerned,Neither concerned nor unconcerned,Somewhat unconcerned,Very unconcerned,,,,,,40.6,32.1,14.5,6.8,4.6,,,,,,Vi-2026-08-12-Opinium-Observer-Web-Data-tables-1707.xlsx,HW4 (5)
"2,050 UK adults",12 - 14 August 2026,,,,2050,,historic_vote,Reform UK,"Q:HW4. How concerned or unconcerned are you about the impact of heatwaves on…
 Food security",UNMATCHED,,Very concerned,Somewhat concerned,Neither concerned nor unconcerned,Somewhat unconcerned,Very unconcerned,,,,,,26.0,42.1,13.2,8.2,9.0,,,,,,Vi-2026-08-12-Opinium-Observer-Web-Data-tables-1707.xlsx,HW4 (5)
"2,050 UK adults",12 - 14 August 2026,,,,2050,,historic_vote,Con,"Q:HW4. How concerned or unconcerned are you about the impact of heatwaves on…
 Food security",UNMATCHED,,Very concerned,Somewhat concerned,Neither concerned nor unconcerned,Somewhat unconcerned,Very unconcerned,,,,,,27.5,45.0,14.5,6.9,4.4,,,,,,Vi-2026-08-12-Opinium-Observer-Web-Data-tables-1707.xlsx,HW4 (5)
"2,050 UK adults",12 - 14 August 2026,,,,2050,,historic_vote,Lab,"Q:HW4. How concerned or unconcerned are you about the impact of heatwaves on…
 Food security",UNMATCHED,,Very concerned,Somewhat concerned,Neither concerned nor unconcerned,Somewhat unconcerned,Very unconcerned,,,,,,27.5,44.4,16.7,6.1,2.5,,,,,,Vi-2026-08-12-Opinium-Observer-Web-Data-tables-1707.xlsx,HW4 (5)
"2,050 UK adults",12 - 14 August 2026,,,,2050,,historic_vote,Lib Dem,"Q:HW4. How concerned or unconcerned are you about the impact of heatwaves on…
 Food security",UNMATCHED,,Very concerned,Somewhat concerned,Neither concerned nor unconcerned,Somewhat unconcerned,Very unconcerned,,,,,,31.5,41.6,11.4,8.6,4.9,,,,,,Vi-2026-08-12-Opinium-Observer-Web-Data-tables-1707.xlsx,HW4 (5)
"2,050 UK adults",12 - 14 August 2026,,,,2050,,historic_vote,Remain,"Q:HW4. How concerned or unconcerned are you about the impact of heatwaves on…
 Food security",UNMATCHED,,Very concerned,Somewhat concerned,Neither concerned nor unconcerned,Somewhat unconcerned,Very unconcerned,,,,,,27.0,45.6,14.4,6.6,2.7,,,,,,Vi-2026-08-12-Opinium-Observer-Web-Data-tables-1707.xlsx,HW4 (5)
"2,050 UK adults",12 - 14 August 2026,,,,2050,,historic_vote,Leave,"Q:HW4. How concerned or unconcerned are you about the impact of heatwaves on…
 Food security",UNMATCHED,,Very concerned,Somewhat concerned,Neither concerned nor unconcerned,Somewhat unconcerned,Very unconcerned,,,,,,27.4,41.6,17.4,5.7,5.6,,,,,,Vi-2026-08-12-Opinium-Observer-Web-Data-tables-1707.xlsx,HW4 (5)
"2,050 UK adults",12 - 14 August 2026,,,,2050,,gender,Male,"Q:HW4. How concerned or unconcerned are you about the impact of heatwaves on…
 Food security",UNMATCHED,,Very concerned,Somewhat concerned,Neither concerned nor unconcerned,Somewhat unconcerned,Very unconcerned,,,,,,23.5,41.0,17.5,8.6,5.8,,,,,,Vi-2026-08-12-Opinium-Observer-Web-Data-tables-1707.xlsx,HW4 (5)
"2,050 UK adults",12 - 14 August 2026,,,,2050,,gender,Female,"Q:HW4. How concerned or unconcerned are you about the impact of heatwaves on…
 Food security",UNMATCHED,,Very concerned,Somewhat concerned,Neither concerned nor unconcerned,Somewhat unconcerned,Very unconcerned,,,,,,27.2,39.5,17.4,6.9,3.6,,,,,,Vi-2026-08-12-Opinium-Observer-Web-Data-tables-1707.xlsx,HW4 (5)
"2,050 UK adults",12 - 14 August 2026,,,,2050,,age,18-34,"Q:HW4. How concerned or unconcerned are you about the impact of heatwaves on…
 Food security",UNMATCHED,,Very concerned,Somewhat concerned,Neither concerned nor unconcerned,Somewhat unconcerned,Very unconcerned,,,,,,23.0,30.9,21.0,12.4,6.4,,,,,,Vi-2026-08-12-Opinium-Observer-Web-Data-tables-1707.xlsx,HW4 (5)
"2,050 UK adults",12 - 14 August 2026,,,,2050,,age,35-49,"Q:HW4. How concerned or unconcerned are you about the impact of heatwaves on…
 Food security",UNMATCHED,,Very concerned,Somewhat concerned,Neither concerned nor unconcerned,Somewhat unconcerned,Very unconcerned,,,,,,26.0,39.9,16.0,7.0,5.5,,,,,,Vi-2026-08-12-Opinium-Observer-Web-Data-tables-1707.xlsx,HW4 (5)
"2,050 UK adults",12 - 14 August 2026,,,,2050,,age,50-64,"Q:HW4. How concerned or unconcerned are you about the impact of heatwaves on…
 Food security",UNMATCHED,,Very concerned,Somewhat concerned,Neither concerned nor unconcerned,Somewhat unconcerned,Very unconcerned,,,,,,27.1,43.9,17.9,5.6,2.4,,,,,,Vi-2026-08-12-Opinium-Observer-Web-Data-tables-1707.xlsx,HW4 (5)
"2,050 UK adults",12 - 14 August 2026,,,,2050,,age,65+,"Q:HW4. How concerned or unconcerned are you about the impact of heatwaves on…
 Food security",UNMATCHED,,Very concerned,Somewhat concerned,Neither concerned nor unconcerned,Somewhat unconcerned,Very unconcerned,,,,,,26.0,47.5,14.0,5.4,4.0,,,,,,Vi-2026-08-12-Opinium-Observer-Web-Data-tables-1707.xlsx,HW4 (5)
"2,050 UK adults",12 - 14 August 2026,,,,2050,,region,North,"Q:HW4. How concerned or unconcerned are you about the impact of heatwaves on…
 Food security",UNMATCHED,,Very concerned,Somewhat concerned,Neither concerned nor unconcerned,Somewhat unconcerned,Very unconcerned,,,,,,21.1,40.6,20.3,9.6,3.3,,,,,,Vi-2026-08-12-Opinium-Observer-Web-Data-tables-1707.xlsx,HW4 (5)
"2,050 UK adults",12 - 14 August 2026,,,,2050,,region,Mids,"Q:HW4. How concerned or unconcerned are you about the impact of heatwaves on…
 Food security",UNMATCHED,,Very concerned,Somewhat concerned,Neither concerned nor unconcerned,Somewhat unconcerned,Very unconcerned,,,,,,26.8,36.3,18.5,7.8,5.0,,,,,,Vi-2026-08-12-Opinium-Observer-Web-Data-tables-1707.xlsx,HW4 (5)
"2,050 UK adults",12 - 14 August 2026,,,,2050,,region,London,"Q:HW4. How concerned or unconcerned are you about the impact of heatwaves on…
 Food security",UNMATCHED,,Very concerned,Somewhat concerned,Neither concerned nor unconcerned,Somewhat unconcerned,Very unconcerned,,,,,,28.5,41.1,15.7,6.0,4.4,,,,,,Vi-2026-08-12-Opinium-Observer-Web-Data-tables-1707.xlsx,HW4 (5)
"2,050 UK adults",12 - 14 August 2026,,,,2050,,region,South,"Q:HW4. How concerned or unconcerned are you about the impact of heatwaves on…
 Food security",UNMATCHED,,Very concerned,Somewhat concerned,Neither concerned nor unconcerned,Somewhat unconcerned,Very unconcerned,,,,,,28.6,42.3,15.2,6.4,4.3,,,,,,Vi-2026-08-12-Opinium-Observer-Web-Data-tables-1707.xlsx,HW4 (5)
"2,050 UK adults",12 - 14 August 2026,,,,2050,,region,Wales,"Q:HW4. How concerned or unconcerned are you about the impact of heatwaves on…
 Food security",UNMATCHED,,Very concerned,Somewhat concerned,Neither concerned nor unconcerned,Somewhat unconcerned,Very unconcerned,,,,,,26.3,41.9,13.9,8.0,6.5,,,,,,Vi-2026-08-12-Opinium-Observer-Web-Data-tables-1707.xlsx,HW4 (5)
"2,050 UK adults",12 - 14 August 2026,,,,2050,,region,Scotland,"Q:HW4. How concerned or unconcerned are you about the impact of heatwaves on…
 Food security",UNMATCHED,,Very concerned,Somewhat concerned,Neither concerned nor unconcerned,Somewhat unconcerned,Very unconcerned,,,,,,20.2,39.0,17.1,9.5,6.3,,,,,,Vi-2026-08-12-Opinium-Observer-Web-Data-tables-1707.xlsx,HW4 (5)
"2,050 UK adults",12 - 14 August 2026,,,,2050,,region,Northern Ireland,"Q:HW4. How concerned or unconcerned are you about the impact of heatwaves on…
 Food security",UNMATCHED,,Very concerned,Somewhat concerned,Neither concerned nor unconcerned,Somewhat unconcerned,Very unconcerned,,,,,,17.8,32.2,26.8,11.1,9.6,,,,,,Vi-2026-08-12-Opinium-Observer-Web-Data-tables-1707.xlsx,HW4 (5)
"2,050 UK adults",12 - 14 August 2026,,,,2050,,total,Total,"Q:HW4. How concerned or unconcerned are you about the impact of heatwaves on…
 Energy security",Best party on energy,energy,Very concerned,Somewhat concerned,Neither concerned nor unconcerned,Somewhat unconcerned,Very unconcerned,,,,,,20.3,36.8,21.7,9.4,4.2,,,,,,Vi-2026-08-12-Opinium-Observer-Web-Data-tables-1707.xlsx,HW4 (6)
"2,050 UK adults",12 - 14 August 2026,,,,2050,,current_vote,Con,"Q:HW4. How concerned or unconcerned are you about the impact of heatwaves on…
 Energy security",Best party on energy,energy,Very concerned,Somewhat concerned,Neither concerned nor unconcerned,Somewhat unconcerned,Very unconcerned,,,,,,20.9,40.8,16.8,10.6,4.3,,,,,,Vi-2026-08-12-Opinium-Observer-Web-Data-tables-1707.xlsx,HW4 (6)
"2,050 UK adults",12 - 14 August 2026,,,,2050,,current_vote,Lab,"Q:HW4. How concerned or unconcerned are you about the impact of heatwaves on…
 Energy security",Best party on energy,energy,Very concerned,Somewhat concerned,Neither concerned nor unconcerned,Somewhat unconcerned,Very unconcerned,,,,,,20.8,39.4,20.8,10.2,2.2,,,,,,Vi-2026-08-12-Opinium-Observer-Web-Data-tables-1707.xlsx,HW4 (6)
"2,050 UK adults",12 - 14 August 2026,,,,2050,,current_vote,Lib Dem,"Q:HW4. How concerned or unconcerned are you about the impact of heatwaves on…
 Energy security",Best party on energy,energy,Very concerned,Somewhat concerned,Neither concerned nor unconcerned,Somewhat unconcerned,Very unconcerned,,,,,,20.4,40.5,20.3,9.5,2.0,,,,,,Vi-2026-08-12-Opinium-Observer-Web-Data-tables-1707.xlsx,HW4 (6)
"2,050 UK adults",12 - 14 August 2026,,,,2050,,current_vote,Reform,"Q:HW4. How concerned or unconcerned are you about the impact of heatwaves on…
 Energy security",Best party on energy,energy,Very concerned,Somewhat concerned,Neither concerned nor unconcerned,Somewhat unconcerned,Very unconcerned,,,,,,20.9,34.7,23.1,10.5,7.6,,,,,,Vi-2026-08-12-Opinium-Observer-Web-Data-tables-1707.xlsx,HW4 (6)
"2,050 UK adults",12 - 14 August 2026,,,,2050,,current_vote,Green,"Q:HW4. How concerned or unconcerned are you about the impact of heatwaves on…
 Energy security",Best party on energy,energy,Very concerned,Somewhat concerned,Neither concerned nor unconcerned,Somewhat unconcerned,Very unconcerned,,,,,,31.7,36.4,19.1,6.1,1.8,,,,,,Vi-2026-08-12-Opinium-Observer-Web-Data-tables-1707.xlsx,HW4 (6)
"2,050 UK adults",12 - 14 August 2026,,,,2050,,historic_vote,Conservative,"Q:HW4. How concerned or unconcerned are you about the impact of heatwaves on…
 Energy security",Best party on energy,energy,Very concerned,Somewhat concerned,Neither concerned nor unconcerned,Somewhat unconcerned,Very unconcerned,,,,,,20.5,39.9,18.2,11.3,4.4,,,,,,Vi-2026-08-12-Opinium-Observer-Web-Data-tables-1707.xlsx,HW4 (6)
"2,050 UK adults",12 - 14 August 2026,,,,2050,,historic_vote,Labour,"Q:HW4. How concerned or unconcerned are you about the impact of heatwaves on…
 Energy security",Best party on energy,energy,Very concerned,Somewhat concerned,Neither concerned nor unconcerned,Somewhat unconcerned,Very unconcerned,,,,,,20.2,41.4,21.6,7.2,3.3,,,,,,Vi-2026-08-12-Opinium-Observer-Web-Data-tables-1707.xlsx,HW4 (6)
"2,050 UK adults",12 - 14 August 2026,,,,2050,,historic_vote,Lib Dems,"Q:HW4. How concerned or unconcerned are you about the impact of heatwaves on…
 Energy security",Best party on energy,energy,Very concerned,Somewhat concerned,Neither concerned nor unconcerned,Somewhat unconcerned,Very unconcerned,,,,,,21.4,44.0,16.8,8.9,1.3,,,,,,Vi-2026-08-12-Opinium-Observer-Web-Data-tables-1707.xlsx,HW4 (6)
"2,050 UK adults",12 - 14 August 2026,,,,2050,,historic_vote,Green,"Q:HW4. How concerned or unconcerned are you about the impact of heatwaves on…
 Energy security",Best party on energy,energy,Very concerned,Somewhat concerned,Neither concerned nor unconcerned,Somewhat unconcerned,Very unconcerned,,,,,,34.1,36.1,17.5,5.6,2.6,,,,,,Vi-2026-08-12-Opinium-Observer-Web-Data-tables-1707.xlsx,HW4 (6)
"2,050 UK adults",12 - 14 August 2026,,,,2050,,historic_vote,Reform UK,"Q:HW4. How concerned or unconcerned are you about the impact of heatwaves on…
 Energy security",Best party on energy,energy,Very concerned,Somewhat concerned,Neither concerned nor unconcerned,Somewhat unconcerned,Very unconcerned,,,,,,20.3,35.4,20.4,10.0,9.6,,,,,,Vi-2026-08-12-Opinium-Observer-Web-Data-tables-1707.xlsx,HW4 (6)
"2,050 UK adults",12 - 14 August 2026,,,,2050,,historic_vote,Con,"Q:HW4. How concerned or unconcerned are you about the impact of heatwaves on…
 Energy security",Best party on energy,energy,Very concerned,Somewhat concerned,Neither concerned nor unconcerned,Somewhat unconcerned,Very unconcerned,,,,,,21.4,39.7,19.7,8.5,5.4,,,,,,Vi-2026-08-12-Opinium-Observer-Web-Data-tables-1707.xlsx,HW4 (6)
"2,050 UK adults",12 - 14 August 2026,,,,2050,,historic_vote,Lab,"Q:HW4. How concerned or unconcerned are you about the impact of heatwaves on…
 Energy security",Best party on energy,energy,Very concerned,Somewhat concerned,Neither concerned nor unconcerned,Somewhat unconcerned,Very unconcerned,,,,,,22.4,40.2,20.3,8.7,1.9,,,,,,Vi-2026-08-12-Opinium-Observer-Web-Data-tables-1707.xlsx,HW4 (6)
"2,050 UK adults",12 - 14 August 2026,,,,2050,,historic_vote,Lib Dem,"Q:HW4. How concerned or unconcerned are you about the impact of heatwaves on…
 Energy security",Best party on energy,energy,Very concerned,Somewhat concerned,Neither concerned nor unconcerned,Somewhat unconcerned,Very unconcerned,,,,,,18.2,43.4,16.0,10.7,3.6,,,,,,Vi-2026-08-12-Opinium-Observer-Web-Data-tables-1707.xlsx,HW4 (6)
"2,050 UK adults",12 - 14 August 2026,,,,2050,,historic_vote,Remain,"Q:HW4. How concerned or unconcerned are you about the impact of heatwaves on…
 Energy security",Best party on energy,energy,Very concerned,Somewhat concerned,Neither concerned nor unconcerned,Somewhat unconcerned,Very unconcerned,,,,,,23.4,39.4,19.3,9.2,2.4,,,,,,Vi-2026-08-12-Opinium-Observer-Web-Data-tables-1707.xlsx,HW4 (6)
"2,050 UK adults",12 - 14 August 2026,,,,2050,,historic_vote,Leave,"Q:HW4. How concerned or unconcerned are you about the impact of heatwaves on…
 Energy security",Best party on energy,energy,Very concerned,Somewhat concerned,Neither concerned nor unconcerned,Somewhat unconcerned,Very unconcerned,,,,,,19.7,37.0,23.3,8.3,5.8,,,,,,Vi-2026-08-12-Opinium-Observer-Web-Data-tables-1707.xlsx,HW4 (6)
"2,050 UK adults",12 - 14 August 2026,,,,2050,,gender,Male,"Q:HW4. How concerned or unconcerned are you about the impact of heatwaves on…
 Energy security",Best party on energy,energy,Very concerned,Somewhat concerned,Neither concerned nor unconcerned,Somewhat unconcerned,Very unconcerned,,,,,,18.8,37.8,22.5,10.2,5.4,,,,,,Vi-2026-08-12-Opinium-Observer-Web-Data-tables-1707.xlsx,HW4 (6)
"2,050 UK adults",12 - 14 August 2026,,,,2050,,gender,Female,"Q:HW4. How concerned or unconcerned are you about the impact of heatwaves on…
 Energy security",Best party on energy,energy,Very concerned,Somewhat concerned,Neither concerned nor unconcerned,Somewhat unconcerned,Very unconcerned,,,,,,21.5,36.0,21.3,8.6,3.2,,,,,,Vi-2026-08-12-Opinium-Observer-Web-Data-tables-1707.xlsx,HW4 (6)
"2,050 UK adults",12 - 14 August 2026,,,,2050,,age,18-34,"Q:HW4. How concerned or unconcerned are you about the impact of heatwaves on…
 Energy security",Best party on energy,energy,Very concerned,Somewhat concerned,Neither concerned nor unconcerned,Somewhat unconcerned,Very unconcerned,,,,,,19.5,31.6,22.1,14.9,4.9,,,,,,Vi-2026-08-12-Opinium-Observer-Web-Data-tables-1707.xlsx,HW4 (6)
"2,050 UK adults",12 - 14 August 2026,,,,2050,,age,35-49,"Q:HW4. How concerned or unconcerned are you about the impact of heatwaves on…
 Energy security",Best party on energy,energy,Very concerned,Somewhat concerned,Neither concerned nor unconcerned,Somewhat unconcerned,Very unconcerned,,,,,,20.6,37.9,21.3,6.7,4.8,,,,,,Vi-2026-08-12-Opinium-Observer-Web-Data-tables-1707.xlsx,HW4 (6)
"2,050 UK adults",12 - 14 August 2026,,,,2050,,age,50-64,"Q:HW4. How concerned or unconcerned are you about the impact of heatwaves on…
 Energy security",Best party on energy,energy,Very concerned,Somewhat concerned,Neither concerned nor unconcerned,Somewhat unconcerned,Very unconcerned,,,,,,21.9,36.6,25.5,7.0,2.8,,,,,,Vi-2026-08-12-Opinium-Observer-Web-Data-tables-1707.xlsx,HW4 (6)
"2,050 UK adults",12 - 14 August 2026,,,,2050,,age,65+,"Q:HW4. How concerned or unconcerned are you about the impact of heatwaves on…
 Energy security",Best party on energy,energy,Very concerned,Somewhat concerned,Neither concerned nor unconcerned,Somewhat unconcerned,Very unconcerned,,,,,,19.3,42.1,17.9,8.0,4.4,,,,,,Vi-2026-08-12-Opinium-Observer-Web-Data-tables-1707.xlsx,HW4 (6)
"2,050 UK adults",12 - 14 August 2026,,,,2050,,region,North,"Q:HW4. How concerned or unconcerned are you about the impact of heatwaves on…
 Energy security",Best party on energy,energy,Very concerned,Somewhat concerned,Neither concerned nor unconcerned,Somewhat unconcerned,Very unconcerned,,,,,,19.7,37.8,23.2,9.4,3.3,,,,,,Vi-2026-08-12-Opinium-Observer-Web-Data-tables-1707.xlsx,HW4 (6)
"2,050 UK adults",12 - 14 August 2026,,,,2050,,region,Mids,"Q:HW4. How concerned or unconcerned are you about the impact of heatwaves on…
 Energy security",Best party on energy,energy,Very concerned,Somewhat concerned,Neither concerned nor unconcerned,Somewhat unconcerned,Very unconcerned,,,,,,16.9,36.9,22.7,9.4,4.6,,,,,,Vi-2026-08-12-Opinium-Observer-Web-Data-tables-1707.xlsx,HW4 (6)
"2,050 UK adults",12 - 14 August 2026,,,,2050,,region,London,"Q:HW4. How concerned or unconcerned are you about the impact of heatwaves on…
 Energy security",Best party on energy,energy,Very concerned,Somewhat concerned,Neither concerned nor unconcerned,Somewhat unconcerned,Very unconcerned,,,,,,25.4,40.3,16.0,4.4,3.5,,,,,,Vi-2026-08-12-Opinium-Observer-Web-Data-tables-1707.xlsx,HW4 (6)
"2,050 UK adults",12 - 14 August 2026,,,,2050,,region,South,"Q:HW4. How concerned or unconcerned are you about the impact of heatwaves on…
 Energy security",Best party on energy,energy,Very concerned,Somewhat concerned,Neither concerned nor unconcerned,Somewhat unconcerned,Very unconcerned,,,,,,21.3,37.3,20.9,10.7,3.7,,,,,,Vi-2026-08-12-Opinium-Observer-Web-Data-tables-1707.xlsx,HW4 (6)
"2,050 UK adults",12 - 14 August 2026,,,,2050,,region,Wales,"Q:HW4. How concerned or unconcerned are you about the impact of heatwaves on…
 Energy security",Best party on energy,energy,Very concerned,Somewhat concerned,Neither concerned nor unconcerned,Somewhat unconcerned,Very unconcerned,,,,,,16.7,29.7,25.9,8.8,10.9,,,,,,Vi-2026-08-12-Opinium-Observer-Web-Data-tables-1707.xlsx,HW4 (6)
"2,050 UK adults",12 - 14 August 2026,,,,2050,,region,Scotland,"Q:HW4. How concerned or unconcerned are you about the impact of heatwaves on…
 Energy security",Best party on energy,energy,Very concerned,Somewhat concerned,Neither concerned nor unconcerned,Somewhat unconcerned,Very unconcerned,,,,,,18.4,33.8,23.0,10.6,6.4,,,,,,Vi-2026-08-12-Opinium-Observer-Web-Data-tables-1707.xlsx,HW4 (6)
"2,050 UK adults",12 - 14 August 2026,,,,2050,,region,Northern Ireland,"Q:HW4. How concerned or unconcerned are you about the impact of heatwaves on…
 Energy security",Best party on energy,energy,Very concerned,Somewhat concerned,Neither concerned nor unconcerned,Somewhat unconcerned,Very unconcerned,,,,,,22.7,27.8,29.9,13.6,1.7,,,,,,Vi-2026-08-12-Opinium-Observer-Web-Data-tables-1707.xlsx,HW4 (6)
"2,050 UK adults",12 - 14 August 2026,,,,2050,,total,Total,"Q:HW4. How concerned or unconcerned are you about the impact of heatwaves on…
 Living conditions",UNMATCHED,,Very concerned,Somewhat concerned,Neither concerned nor unconcerned,Somewhat unconcerned,Very unconcerned,,,,,,20.6,35.9,24.7,9.2,5.1,,,,,,Vi-2026-08-12-Opinium-Observer-Web-Data-tables-1707.xlsx,HW4 (7)
"2,050 UK adults",12 - 14 August 2026,,,,2050,,current_vote,Con,"Q:HW4. How concerned or unconcerned are you about the impact of heatwaves on…
 Living conditions",UNMATCHED,,Very concerned,Somewhat concerned,Neither concerned nor unconcerned,Somewhat unconcerned,Very unconcerned,,,,,,16.8,38.1,27.5,9.5,5.2,,,,,,Vi-2026-08-12-Opinium-Observer-Web-Data-tables-1707.xlsx,HW4 (7)
"2,050 UK adults",12 - 14 August 2026,,,,2050,,current_vote,Lab,"Q:HW4. How concerned or unconcerned are you about the impact of heatwaves on…
 Living conditions",UNMATCHED,,Very concerned,Somewhat concerned,Neither concerned nor unconcerned,Somewhat unconcerned,Very unconcerned,,,,,,20.9,43.5,20.2,9.5,3.9,,,,,,Vi-2026-08-12-Opinium-Observer-Web-Data-tables-1707.xlsx,HW4 (7)
"2,050 UK adults",12 - 14 August 2026,,,,2050,,current_vote,Lib Dem,"Q:HW4. How concerned or unconcerned are you about the impact of heatwaves on…
 Living conditions",UNMATCHED,,Very concerned,Somewhat concerned,Neither concerned nor unconcerned,Somewhat unconcerned,Very unconcerned,,,,,,22.3,43.3,24.7,7.2,0.5,,,,,,Vi-2026-08-12-Opinium-Observer-Web-Data-tables-1707.xlsx,HW4 (7)
"2,050 UK adults",12 - 14 August 2026,,,,2050,,current_vote,Reform,"Q:HW4. How concerned or unconcerned are you about the impact of heatwaves on…
 Living conditions",UNMATCHED,,Very concerned,Somewhat concerned,Neither concerned nor unconcerned,Somewhat unconcerned,Very unconcerned,,,,,,17.0,33.4,28.9,10.2,8.1,,,,,,Vi-2026-08-12-Opinium-Observer-Web-Data-tables-1707.xlsx,HW4 (7)
"2,050 UK adults",12 - 14 August 2026,,,,2050,,current_vote,Green,"Q:HW4. How concerned or unconcerned are you about the impact of heatwaves on…
 Living conditions",UNMATCHED,,Very concerned,Somewhat concerned,Neither concerned nor unconcerned,Somewhat unconcerned,Very unconcerned,,,,,,36.1,29.0,16.3,10.0,5.7,,,,,,Vi-2026-08-12-Opinium-Observer-Web-Data-tables-1707.xlsx,HW4 (7)
"2,050 UK adults",12 - 14 August 2026,,,,2050,,historic_vote,Conservative,"Q:HW4. How concerned or unconcerned are you about the impact of heatwaves on…
 Living conditions",UNMATCHED,,Very concerned,Somewhat concerned,Neither concerned nor unconcerned,Somewhat unconcerned,Very unconcerned,,,,,,13.5,37.7,30.0,9.3,6.0,,,,,,Vi-2026-08-12-Opinium-Observer-Web-Data-tables-1707.xlsx,HW4 (7)
"2,050 UK adults",12 - 14 August 2026,,,,2050,,historic_vote,Labour,"Q:HW4. How concerned or unconcerned are you about the impact of heatwaves on…
 Living conditions",UNMATCHED,,Very concerned,Somewhat concerned,Neither concerned nor unconcerned,Somewhat unconcerned,Very unconcerned,,,,,,20.3,42.0,22.5,8.6,4.3,,,,,,Vi-2026-08-12-Opinium-Observer-Web-Data-tables-1707.xlsx,HW4 (7)
"2,050 UK adults",12 - 14 August 2026,,,,2050,,historic_vote,Lib Dems,"Q:HW4. How concerned or unconcerned are you about the impact of heatwaves on…
 Living conditions",UNMATCHED,,Very concerned,Somewhat concerned,Neither concerned nor unconcerned,Somewhat unconcerned,Very unconcerned,,,,,,22.1,43.3,20.7,9.7,0.6,,,,,,Vi-2026-08-12-Opinium-Observer-Web-Data-tables-1707.xlsx,HW4 (7)
"2,050 UK adults",12 - 14 August 2026,,,,2050,,historic_vote,Green,"Q:HW4. How concerned or unconcerned are you about the impact of heatwaves on…
 Living conditions",UNMATCHED,,Very concerned,Somewhat concerned,Neither concerned nor unconcerned,Somewhat unconcerned,Very unconcerned,,,,,,39.0,32.2,17.6,4.6,4.8,,,,,,Vi-2026-08-12-Opinium-Observer-Web-Data-tables-1707.xlsx,HW4 (7)
"2,050 UK adults",12 - 14 August 2026,,,,2050,,historic_vote,Reform UK,"Q:HW4. How concerned or unconcerned are you about the impact of heatwaves on…
 Living conditions",UNMATCHED,,Very concerned,Somewhat concerned,Neither concerned nor unconcerned,Somewhat unconcerned,Very unconcerned,,,,,,19.8,32.7,24.1,11.1,9.8,,,,,,Vi-2026-08-12-Opinium-Observer-Web-Data-tables-1707.xlsx,HW4 (7)
"2,050 UK adults",12 - 14 August 2026,,,,2050,,historic_vote,Con,"Q:HW4. How concerned or unconcerned are you about the impact of heatwaves on…
 Living conditions",UNMATCHED,,Very concerned,Somewhat concerned,Neither concerned nor unconcerned,Somewhat unconcerned,Very unconcerned,,,,,,14.9,38.4,28.0,10.2,5.7,,,,,,Vi-2026-08-12-Opinium-Observer-Web-Data-tables-1707.xlsx,HW4 (7)
"2,050 UK adults",12 - 14 August 2026,,,,2050,,historic_vote,Lab,"Q:HW4. How concerned or unconcerned are you about the impact of heatwaves on…
 Living conditions",UNMATCHED,,Very concerned,Somewhat concerned,Neither concerned nor unconcerned,Somewhat unconcerned,Very unconcerned,,,,,,24.1,41.6,20.8,8.0,3.2,,,,,,Vi-2026-08-12-Opinium-Observer-Web-Data-tables-1707.xlsx,HW4 (7)
"2,050 UK adults",12 - 14 August 2026,,,,2050,,historic_vote,Lib Dem,"Q:HW4. How concerned or unconcerned are you about the impact of heatwaves on…
 Living conditions",UNMATCHED,,Very concerned,Somewhat concerned,Neither concerned nor unconcerned,Somewhat unconcerned,Very unconcerned,,,,,,23.0,38.9,21.5,9.1,4.9,,,,,,Vi-2026-08-12-Opinium-Observer-Web-Data-tables-1707.xlsx,HW4 (7)
"2,050 UK adults",12 - 14 August 2026,,,,2050,,historic_vote,Remain,"Q:HW4. How concerned or unconcerned are you about the impact of heatwaves on…
 Living conditions",UNMATCHED,,Very concerned,Somewhat concerned,Neither concerned nor unconcerned,Somewhat unconcerned,Very unconcerned,,,,,,21.5,39.2,22.7,10.0,2.9,,,,,,Vi-2026-08-12-Opinium-Observer-Web-Data-tables-1707.xlsx,HW4 (7)
"2,050 UK adults",12 - 14 August 2026,,,,2050,,historic_vote,Leave,"Q:HW4. How concerned or unconcerned are you about the impact of heatwaves on…
 Living conditions",UNMATCHED,,Very concerned,Somewhat concerned,Neither concerned nor unconcerned,Somewhat unconcerned,Very unconcerned,,,,,,17.9,35.9,27.8,9.1,6.8,,,,,,Vi-2026-08-12-Opinium-Observer-Web-Data-tables-1707.xlsx,HW4 (7)
"2,050 UK adults",12 - 14 August 2026,,,,2050,,gender,Male,"Q:HW4. How concerned or unconcerned are you about the impact of heatwaves on…
 Living conditions",UNMATCHED,,Very concerned,Somewhat concerned,Neither concerned nor unconcerned,Somewhat unconcerned,Very unconcerned,,,,,,18.0,35.3,26.3,11.1,5.5,,,,,,Vi-2026-08-12-Opinium-Observer-Web-Data-tables-1707.xlsx,HW4 (7)
"2,050 UK adults",12 - 14 August 2026,,,,2050,,gender,Female,"Q:HW4. How concerned or unconcerned are you about the impact of heatwaves on…
 Living conditions",UNMATCHED,,Very concerned,Somewhat concerned,Neither concerned nor unconcerned,Somewhat unconcerned,Very unconcerned,,,,,,22.9,36.4,23.3,7.3,4.9,,,,,,Vi-2026-08-12-Opinium-Observer-Web-Data-tables-1707.xlsx,HW4 (7)
"2,050 UK adults",12 - 14 August 2026,,,,2050,,age,18-34,"Q:HW4. How concerned or unconcerned are you about the impact of heatwaves on…
 Living conditions",UNMATCHED,,Very concerned,Somewhat concerned,Neither concerned nor unconcerned,Somewhat unconcerned,Very unconcerned,,,,,,24.6,34.0,21.2,9.3,5.8,,,,,,Vi-2026-08-12-Opinium-Observer-Web-Data-tables-1707.xlsx,HW4 (7)
"2,050 UK adults",12 - 14 August 2026,,,,2050,,age,35-49,"Q:HW4. How concerned or unconcerned are you about the impact of heatwaves on…
 Living conditions",UNMATCHED,,Very concerned,Somewhat concerned,Neither concerned nor unconcerned,Somewhat unconcerned,Very unconcerned,,,,,,24.4,35.6,21.3,6.6,4.9,,,,,,Vi-2026-08-12-Opinium-Observer-Web-Data-tables-1707.xlsx,HW4 (7)
"2,050 UK adults",12 - 14 August 2026,,,,2050,,age,50-64,"Q:HW4. How concerned or unconcerned are you about the impact of heatwaves on…
 Living conditions",UNMATCHED,,Very concerned,Somewhat concerned,Neither concerned nor unconcerned,Somewhat unconcerned,Very unconcerned,,,,,,18.2,37.0,27.4,10.9,3.6,,,,,,Vi-2026-08-12-Opinium-Observer-Web-Data-tables-1707.xlsx,HW4 (7)
"2,050 UK adults",12 - 14 August 2026,,,,2050,,age,65+,"Q:HW4. How concerned or unconcerned are you about the impact of heatwaves on…
 Living conditions",UNMATCHED,,Very concerned,Somewhat concerned,Neither concerned nor unconcerned,Somewhat unconcerned,Very unconcerned,,,,,,14.4,37.1,29.3,9.9,6.3,,,,,,Vi-2026-08-12-Opinium-Observer-Web-Data-tables-1707.xlsx,HW4 (7)
"2,050 UK adults",12 - 14 August 2026,,,,2050,,region,North,"Q:HW4. How concerned or unconcerned are you about the impact of heatwaves on…
 Living conditions",UNMATCHED,,Very concerned,Somewhat concerned,Neither concerned nor unconcerned,Somewhat unconcerned,Very unconcerned,,,,,,15.4,39.1,24.9,9.4,5.4,,,,,,Vi-2026-08-12-Opinium-Observer-Web-Data-tables-1707.xlsx,HW4 (7)
"2,050 UK adults",12 - 14 August 2026,,,,2050,,region,Mids,"Q:HW4. How concerned or unconcerned are you about the impact of heatwaves on…
 Living conditions",UNMATCHED,,Very concerned,Somewhat concerned,Neither concerned nor unconcerned,Somewhat unconcerned,Very unconcerned,,,,,,21.9,33.3,26.0,9.4,4.1,,,,,,Vi-2026-08-12-Opinium-Observer-Web-Data-tables-1707.xlsx,HW4 (7)
"2,050 UK adults",12 - 14 August 2026,,,,2050,,region,London,"Q:HW4. How concerned or unconcerned are you about the impact of heatwaves on…
 Living conditions",UNMATCHED,,Very concerned,Somewhat concerned,Neither concerned nor unconcerned,Somewhat unconcerned,Very unconcerned,,,,,,28.5,40.2,16.7,5.0,3.5,,,,,,Vi-2026-08-12-Opinium-Observer-Web-Data-tables-1707.xlsx,HW4 (7)
"2,050 UK adults",12 - 14 August 2026,,,,2050,,region,South,"Q:HW4. How concerned or unconcerned are you about the impact of heatwaves on…
 Living conditions",UNMATCHED,,Very concerned,Somewhat concerned,Neither concerned nor unconcerned,Somewhat unconcerned,Very unconcerned,,,,,,21.7,36.3,23.6,10.0,5.3,,,,,,Vi-2026-08-12-Opinium-Observer-Web-Data-tables-1707.xlsx,HW4 (7)
"2,050 UK adults",12 - 14 August 2026,,,,2050,,region,Wales,"Q:HW4. How concerned or unconcerned are you about the impact of heatwaves on…
 Living conditions",UNMATCHED,,Very concerned,Somewhat concerned,Neither concerned nor unconcerned,Somewhat unconcerned,Very unconcerned,,,,,,18.6,25.3,34.1,8.2,11.4,,,,,,Vi-2026-08-12-Opinium-Observer-Web-Data-tables-1707.xlsx,HW4 (7)
"2,050 UK adults",12 - 14 August 2026,,,,2050,,region,Scotland,"Q:HW4. How concerned or unconcerned are you about the impact of heatwaves on…
 Living conditions",UNMATCHED,,Very concerned,Somewhat concerned,Neither concerned nor unconcerned,Somewhat unconcerned,Very unconcerned,,,,,,17.5,33.5,29.4,9.3,5.6,,,,,,Vi-2026-08-12-Opinium-Observer-Web-Data-tables-1707.xlsx,HW4 (7)
"2,050 UK adults",12 - 14 August 2026,,,,2050,,region,Northern Ireland,"Q:HW4. How concerned or unconcerned are you about the impact of heatwaves on…
 Living conditions",UNMATCHED,,Very concerned,Somewhat concerned,Neither concerned nor unconcerned,Somewhat unconcerned,Very unconcerned,,,,,,19.3,23.3,34.3,18.3,2.5,,,,,,Vi-2026-08-12-Opinium-Observer-Web-Data-tables-1707.xlsx,HW4 (7)
"2,050 UK adults",12 - 14 August 2026,,,,2050,,total,Total,"Q:HW3. Thinking about heatwaves and other extreme weather in the UK, do you think the government should be doing more or less in response?",UNMATCHED,,A lot more,A little more,It is responding about the right amount,A little less,A lot less,,,,,,35.6,30.0,16.9,2.7,1.8,,,,,,Vi-2026-08-12-Opinium-Observer-Web-Data-tables-1707.xlsx,HW3
"2,050 UK adults",12 - 14 August 2026,,,,2050,,current_vote,Con,"Q:HW3. Thinking about heatwaves and other extreme weather in the UK, do you think the government should be doing more or less in response?",UNMATCHED,,A lot more,A little more,It is responding about the right amount,A little less,A lot less,,,,,,32.1,31.9,19.5,3.9,,,,,,,Vi-2026-08-12-Opinium-Observer-Web-Data-tables-1707.xlsx,HW3
"2,050 UK adults",12 - 14 August 2026,,,,2050,,current_vote,Lab,"Q:HW3. Thinking about heatwaves and other extreme weather in the UK, do you think the government should be doing more or less in response?",UNMATCHED,,A lot more,A little more,It is responding about the right amount,A little less,A lot less,,,,,,33.1,37.1,17.5,3.9,1.8,,,,,,Vi-2026-08-12-Opinium-Observer-Web-Data-tables-1707.xlsx,HW3
"2,050 UK adults",12 - 14 August 2026,,,,2050,,current_vote,Lib Dem,"Q:HW3. Thinking about heatwaves and other extreme weather in the UK, do you think the government should be doing more or less in response?",UNMATCHED,,A lot more,A little more,It is responding about the right amount,A little less,A lot less,,,,,,42.7,32.1,13.2,2.4,,,,,,,Vi-2026-08-12-Opinium-Observer-Web-Data-tables-1707.xlsx,HW3
"2,050 UK adults",12 - 14 August 2026,,,,2050,,current_vote,Reform,"Q:HW3. Thinking about heatwaves and other extreme weather in the UK, do you think the government should be doing more or less in response?",UNMATCHED,,A lot more,A little more,It is responding about the right amount,A little less,A lot less,,,,,,34.4,24.4,24.4,2.3,2.7,,,,,,Vi-2026-08-12-Opinium-Observer-Web-Data-tables-1707.xlsx,HW3
"2,050 UK adults",12 - 14 August 2026,,,,2050,,current_vote,Green,"Q:HW3. Thinking about heatwaves and other extreme weather in the UK, do you think the government should be doing more or less in response?",UNMATCHED,,A lot more,A little more,It is responding about the right amount,A little less,A lot less,,,,,,52.8,27.0,10.1,3.7,0.7,,,,,,Vi-2026-08-12-Opinium-Observer-Web-Data-tables-1707.xlsx,HW3
"2,050 UK adults",12 - 14 August 2026,,,,2050,,historic_vote,Conservative,"Q:HW3. Thinking about heatwaves and other extreme weather in the UK, do you think the government should be doing more or less in response?",UNMATCHED,,A lot more,A little more,It is responding about the right amount,A little less,A lot less,,,,,,34.1,28.0,19.2,3.6,1.6,,,,,,Vi-2026-08-12-Opinium-Observer-Web-Data-tables-1707.xlsx,HW3
"2,050 UK adults",12 - 14 August 2026,,,,2050,,historic_vote,Labour,"Q:HW3. Thinking about heatwaves and other extreme weather in the UK, do you think the government should be doing more or less in response?",UNMATCHED,,A lot more,A little more,It is responding about the right amount,A little less,A lot less,,,,,,34.8,34.8,17.9,2.2,2.1,,,,,,Vi-2026-08-12-Opinium-Observer-Web-Data-tables-1707.xlsx,HW3
"2,050 UK adults",12 - 14 August 2026,,,,2050,,historic_vote,Lib Dems,"Q:HW3. Thinking about heatwaves and other extreme weather in the UK, do you think the government should be doing more or less in response?",UNMATCHED,,A lot more,A little more,It is responding about the right amount,A little less,A lot less,,,,,,46.5,29.4,12.3,2.4,0.4,,,,,,Vi-2026-08-12-Opinium-Observer-Web-Data-tables-1707.xlsx,HW3
"2,050 UK adults",12 - 14 August 2026,,,,2050,,historic_vote,Green,"Q:HW3. Thinking about heatwaves and other extreme weather in the UK, do you think the government should be doing more or less in response?",UNMATCHED,,A lot more,A little more,It is responding about the right amount,A little less,A lot less,,,,,,56.7,29.1,5.7,3.8,1.2,,,,,,Vi-2026-08-12-Opinium-Observer-Web-Data-tables-1707.xlsx,HW3
"2,050 UK adults",12 - 14 August 2026,,,,2050,,historic_vote,Reform UK,"Q:HW3. Thinking about heatwaves and other extreme weather in the UK, do you think the government should be doing more or less in response?",UNMATCHED,,A lot more,A little more,It is responding about the right amount,A little less,A lot less,,,,,,34.0,20.9,25.7,3.1,3.6,,,,,,Vi-2026-08-12-Opinium-Observer-Web-Data-tables-1707.xlsx,HW3
"2,050 UK adults",12 - 14 August 2026,,,,2050,,historic_vote,Con,"Q:HW3. Thinking about heatwaves and other extreme weather in the UK, do you think the government should be doing more or less in response?",UNMATCHED,,A lot more,A little more,It is responding about the right amount,A little less,A lot less,,,,,,34.9,26.8,20.1,2.4,2.0,,,,,,Vi-2026-08-12-Opinium-Observer-Web-Data-tables-1707.xlsx,HW3
"2,050 UK adults",12 - 14 August 2026,,,,2050,,historic_vote,Lab,"Q:HW3. Thinking about heatwaves and other extreme weather in the UK, do you think the government should be doing more or less in response?",UNMATCHED,,A lot more,A little more,It is responding about the right amount,A little less,A lot less,,,,,,36.7,33.5,17.3,2.9,1.6,,,,,,Vi-2026-08-12-Opinium-Observer-Web-Data-tables-1707.xlsx,HW3
"2,050 UK adults",12 - 14 August 2026,,,,2050,,historic_vote,Lib Dem,"Q:HW3. Thinking about heatwaves and other extreme weather in the UK, do you think the government should be doing more or less in response?",UNMATCHED,,A lot more,A little more,It is responding about the right amount,A little less,A lot less,,,,,,49.3,29.8,11.3,2.1,0.9,,,,,,Vi-2026-08-12-Opinium-Observer-Web-Data-tables-1707.xlsx,HW3
"2,050 UK adults",12 - 14 August 2026,,,,2050,,historic_vote,Remain,"Q:HW3. Thinking about heatwaves and other extreme weather in the UK, do you think the government should be doing more or less in response?",UNMATCHED,,A lot more,A little more,It is responding about the right amount,A little less,A lot less,,,,,,38.8,33.3,14.8,2.2,1.2,,,,,,Vi-2026-08-12-Opinium-Observer-Web-Data-tables-1707.xlsx,HW3
"2,050 UK adults",12 - 14 August 2026,,,,2050,,historic_vote,Leave,"Q:HW3. Thinking about heatwaves and other extreme weather in the UK, do you think the government should be doing more or less in response?",UNMATCHED,,A lot more,A little more,It is responding about the right amount,A little less,A lot less,,,,,,37.4,24.7,19.6,2.5,2.5,,,,,,Vi-2026-08-12-Opinium-Observer-Web-Data-tables-1707.xlsx,HW3
"2,050 UK adults",12 - 14 August 2026,,,,2050,,gender,Male,"Q:HW3. Thinking about heatwaves and other extreme weather in the UK, do you think the government should be doing more or less in response?",UNMATCHED,,A lot more,A little more,It is responding about the right amount,A little less,A lot less,,,,,,32.8,30.3,19.3,4.3,2.1,,,,,,Vi-2026-08-12-Opinium-Observer-Web-Data-tables-1707.xlsx,HW3
"2,050 UK adults",12 - 14 August 2026,,,,2050,,gender,Female,"Q:HW3. Thinking about heatwaves and other extreme weather in the UK, do you think the government should be doing more or less in response?",UNMATCHED,,A lot more,A little more,It is responding about the right amount,A little less,A lot less,,,,,,38.1,30.0,14.9,1.3,1.4,,,,,,Vi-2026-08-12-Opinium-Observer-Web-Data-tables-1707.xlsx,HW3
"2,050 UK adults",12 - 14 August 2026,,,,2050,,age,18-34,"Q:HW3. Thinking about heatwaves and other extreme weather in the UK, do you think the government should be doing more or less in response?",UNMATCHED,,A lot more,A little more,It is responding about the right amount,A little less,A lot less,,,,,,30.3,37.7,15.5,5.7,1.9,,,,,,Vi-2026-08-12-Opinium-Observer-Web-Data-tables-1707.xlsx,HW3
"2,050 UK adults",12 - 14 August 2026,,,,2050,,age,35-49,"Q:HW3. Thinking about heatwaves and other extreme weather in the UK, do you think the government should be doing more or less in response?",UNMATCHED,,A lot more,A little more,It is responding about the right amount,A little less,A lot less,,,,,,36.9,25.1,18.5,3.2,2.7,,,,,,Vi-2026-08-12-Opinium-Observer-Web-Data-tables-1707.xlsx,HW3
"2,050 UK adults",12 - 14 August 2026,,,,2050,,age,50-64,"Q:HW3. Thinking about heatwaves and other extreme weather in the UK, do you think the government should be doing more or less in response?",UNMATCHED,,A lot more,A little more,It is responding about the right amount,A little less,A lot less,,,,,,38.5,27.0,18.3,0.5,1.9,,,,,,Vi-2026-08-12-Opinium-Observer-Web-Data-tables-1707.xlsx,HW3
"2,050 UK adults",12 - 14 August 2026,,,,2050,,age,65+,"Q:HW3. Thinking about heatwaves and other extreme weather in the UK, do you think the government should be doing more or less in response?",UNMATCHED,,A lot more,A little more,It is responding about the right amount,A little less,A lot less,,,,,,37.5,29.3,15.5,1.1,0.5,,,,,,Vi-2026-08-12-Opinium-Observer-Web-Data-tables-1707.xlsx,HW3
"2,050 UK adults",12 - 14 August 2026,,,,2050,,region,North,"Q:HW3. Thinking about heatwaves and other extreme weather in the UK, do you think the government should be doing more or less in response?",UNMATCHED,,A lot more,A little more,It is responding about the right amount,A little less,A lot less,,,,,,32.1,29.1,21.6,3.3,1.1,,,,,,Vi-2026-08-12-Opinium-Observer-Web-Data-tables-1707.xlsx,HW3
"2,050 UK adults",12 - 14 August 2026,,,,2050,,region,Mids,"Q:HW3. Thinking about heatwaves and other extreme weather in the UK, do you think the government should be doing more or less in response?",UNMATCHED,,A lot more,A little more,It is responding about the right amount,A little less,A lot less,,,,,,39.1,28.7,15.6,3.2,2.1,,,,,,Vi-2026-08-12-Opinium-Observer-Web-Data-tables-1707.xlsx,HW3
"2,050 UK adults",12 - 14 August 2026,,,,2050,,region,London,"Q:HW3. Thinking about heatwaves and other extreme weather in the UK, do you think the government should be doing more or less in response?",UNMATCHED,,A lot more,A little more,It is responding about the right amount,A little less,A lot less,,,,,,38.8,30.1,10.1,5.1,1.8,,,,,,Vi-2026-08-12-Opinium-Observer-Web-Data-tables-1707.xlsx,HW3
"2,050 UK adults",12 - 14 August 2026,,,,2050,,region,South,"Q:HW3. Thinking about heatwaves and other extreme weather in the UK, do you think the government should be doing more or less in response?",UNMATCHED,,A lot more,A little more,It is responding about the right amount,A little less,A lot less,,,,,,36.5,31.3,16.7,1.2,1.9,,,,,,Vi-2026-08-12-Opinium-Observer-Web-Data-tables-1707.xlsx,HW3
"2,050 UK adults",12 - 14 August 2026,,,,2050,,region,Wales,"Q:HW3. Thinking about heatwaves and other extreme weather in the UK, do you think the government should be doing more or less in response?",UNMATCHED,,A lot more,A little more,It is responding about the right amount,A little less,A lot less,,,,,,25.7,30.1,24.7,2.1,2.8,,,,,,Vi-2026-08-12-Opinium-Observer-Web-Data-tables-1707.xlsx,HW3
"2,050 UK adults",12 - 14 August 2026,,,,2050,,region,Scotland,"Q:HW3. Thinking about heatwaves and other extreme weather in the UK, do you think the government should be doing more or less in response?",UNMATCHED,,A lot more,A little more,It is responding about the right amount,A little less,A lot less,,,,,,36.0,28.2,14.6,2.0,1.4,,,,,,Vi-2026-08-12-Opinium-Observer-Web-Data-tables-1707.xlsx,HW3
"2,050 UK adults",12 - 14 August 2026,,,,2050,,region,Northern Ireland,"Q:HW3. Thinking about heatwaves and other extreme weather in the UK, do you think the government should be doing more or less in response?",UNMATCHED,,A lot more,A little more,It is responding about the right amount,A little less,A lot less,,,,,,35.6,36.7,12.9,5.0,2.8,,,,,,Vi-2026-08-12-Opinium-Observer-Web-Data-tables-1707.xlsx,HW3
"2,050 UK adults",12 - 14 August 2026,,,,2050,,total,Total,Q:HW5. Oil and gas companies must obtain government approval before developing new oil and gas fields in the New Sea.Which of the following comes closest to your view?,UNMATCHED,,The UK should phase out oil and gas production as quickly as possible and should not approve any new oil and gas fields,"Existing oil and gas fields should continue operating, but no new fields should be approved",New oil and gas fields should be approved only in limited circumstances where there is a strong economic or energy security case,New oil and gas fields should generally be approved where they are economically viable,The UK should actively encourage the development of new oil and gas fields,Other,,,,,10.6,10.6,18.3,19.1,23.7,0.4,,,,,Vi-2026-08-12-Opinium-Observer-Web-Data-tables-1707.xlsx,HW5
"2,050 UK adults",12 - 14 August 2026,,,,2050,,current_vote,Con,Q:HW5. Oil and gas companies must obtain government approval before developing new oil and gas fields in the New Sea.Which of the following comes closest to your view?,UNMATCHED,,The UK should phase out oil and gas production as quickly as possible and should not approve any new oil and gas fields,"Existing oil and gas fields should continue operating, but no new fields should be approved",New oil and gas fields should be approved only in limited circumstances where there is a strong economic or energy security case,New oil and gas fields should generally be approved where they are economically viable,The UK should actively encourage the development of new oil and gas fields,Other,,,,,5.2,5.4,14.2,25.4,35.5,,,,,,Vi-2026-08-12-Opinium-Observer-Web-Data-tables-1707.xlsx,HW5
"2,050 UK adults",12 - 14 August 2026,,,,2050,,current_vote,Lab,Q:HW5. Oil and gas companies must obtain government approval before developing new oil and gas fields in the New Sea.Which of the following comes closest to your view?,UNMATCHED,,The UK should phase out oil and gas production as quickly as possible and should not approve any new oil and gas fields,"Existing oil and gas fields should continue operating, but no new fields should be approved",New oil and gas fields should be approved only in limited circumstances where there is a strong economic or energy security case,New oil and gas fields should generally be approved where they are economically viable,The UK should actively encourage the development of new oil and gas fields,Other,,,,,13.3,16.1,23.6,18.0,12.7,0.4,,,,,Vi-2026-08-12-Opinium-Observer-Web-Data-tables-1707.xlsx,HW5
"2,050 UK adults",12 - 14 August 2026,,,,2050,,current_vote,Lib Dem,Q:HW5. Oil and gas companies must obtain government approval before developing new oil and gas fields in the New Sea.Which of the following comes closest to your view?,UNMATCHED,,The UK should phase out oil and gas production as quickly as possible and should not approve any new oil and gas fields,"Existing oil and gas fields should continue operating, but no new fields should be approved",New oil and gas fields should be approved only in limited circumstances where there is a strong economic or energy security case,New oil and gas fields should generally be approved where they are economically viable,The UK should actively encourage the development of new oil and gas fields,Other,,,,,16.7,12.5,21.4,25.5,13.5,,,,,,Vi-2026-08-12-Opinium-Observer-Web-Data-tables-1707.xlsx,HW5
"2,050 UK adults",12 - 14 August 2026,,,,2050,,current_vote,Reform,Q:HW5. Oil and gas companies must obtain government approval before developing new oil and gas fields in the New Sea.Which of the following comes closest to your view?,UNMATCHED,,The UK should phase out oil and gas production as quickly as possible and should not approve any new oil and gas fields,"Existing oil and gas fields should continue operating, but no new fields should be approved",New oil and gas fields should be approved only in limited circumstances where there is a strong economic or energy security case,New oil and gas fields should generally be approved where they are economically viable,The UK should actively encourage the development of new oil and gas fields,Other,,,,,3.6,7.8,14.9,16.8,45.3,0.7,,,,,Vi-2026-08-12-Opinium-Observer-Web-Data-tables-1707.xlsx,HW5
"2,050 UK adults",12 - 14 August 2026,,,,2050,,current_vote,Green,Q:HW5. Oil and gas companies must obtain government approval before developing new oil and gas fields in the New Sea.Which of the following comes closest to your view?,UNMATCHED,,The UK should phase out oil and gas production as quickly as possible and should not approve any new oil and gas fields,"Existing oil and gas fields should continue operating, but no new fields should be approved",New oil and gas fields should be approved only in limited circumstances where there is a strong economic or energy security case,New oil and gas fields should generally be approved where they are economically viable,The UK should actively encourage the development of new oil and gas fields,Other,,,,,33.5,15.2,22.7,7.0,8.1,1.4,,,,,Vi-2026-08-12-Opinium-Observer-Web-Data-tables-1707.xlsx,HW5
"2,050 UK adults",12 - 14 August 2026,,,,2050,,historic_vote,Conservative,Q:HW5. Oil and gas companies must obtain government approval before developing new oil and gas fields in the New Sea.Which of the following comes closest to your view?,UNMATCHED,,The UK should phase out oil and gas production as quickly as possible and should not approve any new oil and gas fields,"Existing oil and gas fields should continue operating, but no new fields should be approved",New oil and gas fields should be approved only in limited circumstances where there is a strong economic or energy security case,New oil and gas fields should generally be approved where they are economically viable,The UK should actively encourage the development of new oil and gas fields,Other,,,,,4.2,5.6,15.8,25.1,37.7,,,,,,Vi-2026-08-12-Opinium-Observer-Web-Data-tables-1707.xlsx,HW5
"2,050 UK adults",12 - 14 August 2026,,,,2050,,historic_vote,Labour,Q:HW5. Oil and gas companies must obtain government approval before developing new oil and gas fields in the New Sea.Which of the following comes closest to your view?,UNMATCHED,,The UK should phase out oil and gas production as quickly as possible and should not approve any new oil and gas fields,"Existing oil and gas fields should continue operating, but no new fields should be approved",New oil and gas fields should be approved only in limited circumstances where there is a strong economic or energy security case,New oil and gas fields should generally be approved where they are economically viable,The UK should actively encourage the development of new oil and gas fields,Other,,,,,13.1,15.0,25.0,17.2,15.4,0.2,,,,,Vi-2026-08-12-Opinium-Observer-Web-Data-tables-1707.xlsx,HW5
"2,050 UK adults",12 - 14 August 2026,,,,2050,,historic_vote,Lib Dems,Q:HW5. Oil and gas companies must obtain government approval before developing new oil and gas fields in the New Sea.Which of the following comes closest to your view?,UNMATCHED,,The UK should phase out oil and gas production as quickly as possible and should not approve any new oil and gas fields,"Existing oil and gas fields should continue operating, but no new fields should be approved",New oil and gas fields should be approved only in limited circumstances where there is a strong economic or energy security case,New oil and gas fields should generally be approved where they are economically viable,The UK should actively encourage the development of new oil and gas fields,Other,,,,,20.0,12.7,21.7,21.4,14.2,,,,,,Vi-2026-08-12-Opinium-Observer-Web-Data-tables-1707.xlsx,HW5
"2,050 UK adults",12 - 14 August 2026,,,,2050,,historic_vote,Green,Q:HW5. Oil and gas companies must obtain government approval before developing new oil and gas fields in the New Sea.Which of the following comes closest to your view?,UNMATCHED,,The UK should phase out oil and gas production as quickly as possible and should not approve any new oil and gas fields,"Existing oil and gas fields should continue operating, but no new fields should be approved",New oil and gas fields should be approved only in limited circumstances where there is a strong economic or energy security case,New oil and gas fields should generally be approved where they are economically viable,The UK should actively encourage the development of new oil and gas fields,Other,,,,,29.8,14.5,23.3,12.0,10.3,1.7,,,,,Vi-2026-08-12-Opinium-Observer-Web-Data-tables-1707.xlsx,HW5
"2,050 UK adults",12 - 14 August 2026,,,,2050,,historic_vote,Reform UK,Q:HW5. Oil and gas companies must obtain government approval before developing new oil and gas fields in the New Sea.Which of the following comes closest to your view?,UNMATCHED,,The UK should phase out oil and gas production as quickly as possible and should not approve any new oil and gas fields,"Existing oil and gas fields should continue operating, but no new fields should be approved",New oil and gas fields should be approved only in limited circumstances where there is a strong economic or energy security case,New oil and gas fields should generally be approved where they are economically viable,The UK should actively encourage the development of new oil and gas fields,Other,,,,,2.7,6.4,14.1,15.9,50.1,0.3,,,,,Vi-2026-08-12-Opinium-Observer-Web-Data-tables-1707.xlsx,HW5
"2,050 UK adults",12 - 14 August 2026,,,,2050,,historic_vote,Con,Q:HW5. Oil and gas companies must obtain government approval before developing new oil and gas fields in the New Sea.Which of the following comes closest to your view?,UNMATCHED,,The UK should phase out oil and gas production as quickly as possible and should not approve any new oil and gas fields,"Existing oil and gas fields should continue operating, but no new fields should be approved",New oil and gas fields should be approved only in limited circumstances where there is a strong economic or energy security case,New oil and gas fields should generally be approved where they are economically viable,The UK should actively encourage the development of new oil and gas fields,Other,,,,,3.8,6.1,15.4,25.3,38.1,0.5,,,,,Vi-2026-08-12-Opinium-Observer-Web-Data-tables-1707.xlsx,HW5
"2,050 UK adults",12 - 14 August 2026,,,,2050,,historic_vote,Lab,Q:HW5. Oil and gas companies must obtain government approval before developing new oil and gas fields in the New Sea.Which of the following comes closest to your view?,UNMATCHED,,The UK should phase out oil and gas production as quickly as possible and should not approve any new oil and gas fields,"Existing oil and gas fields should continue operating, but no new fields should be approved",New oil and gas fields should be approved only in limited circumstances where there is a strong economic or energy security case,New oil and gas fields should generally be approved where they are economically viable,The UK should actively encourage the development of new oil and gas fields,Other,,,,,16.2,13.2,25.1,16.4,13.2,0.4,,,,,Vi-2026-08-12-Opinium-Observer-Web-Data-tables-1707.xlsx,HW5
"2,050 UK adults",12 - 14 August 2026,,,,2050,,historic_vote,Lib Dem,Q:HW5. Oil and gas companies must obtain government approval before developing new oil and gas fields in the New Sea.Which of the following comes closest to your view?,UNMATCHED,,The UK should phase out oil and gas production as quickly as possible and should not approve any new oil and gas fields,"Existing oil and gas fields should continue operating, but no new fields should be approved",New oil and gas fields should be approved only in limited circumstances where there is a strong economic or energy security case,New oil and gas fields should generally be approved where they are economically viable,The UK should actively encourage the development of new oil and gas fields,Other,,,,,19.5,14.1,24.2,16.5,16.4,,,,,,Vi-2026-08-12-Opinium-Observer-Web-Data-tables-1707.xlsx,HW5
"2,050 UK adults",12 - 14 August 2026,,,,2050,,historic_vote,Remain,Q:HW5. Oil and gas companies must obtain government approval before developing new oil and gas fields in the New Sea.Which of the following comes closest to your view?,UNMATCHED,,The UK should phase out oil and gas production as quickly as possible and should not approve any new oil and gas fields,"Existing oil and gas fields should continue operating, but no new fields should be approved",New oil and gas fields should be approved only in limited circumstances where there is a strong economic or energy security case,New oil and gas fields should generally be approved where they are economically viable,The UK should actively encourage the development of new oil and gas fields,Other,,,,,15.8,13.8,22.1,18.4,14.3,0.6,,,,,Vi-2026-08-12-Opinium-Observer-Web-Data-tables-1707.xlsx,HW5
"2,050 UK adults",12 - 14 August 2026,,,,2050,,historic_vote,Leave,Q:HW5. Oil and gas companies must obtain government approval before developing new oil and gas fields in the New Sea.Which of the following comes closest to your view?,UNMATCHED,,The UK should phase out oil and gas production as quickly as possible and should not approve any new oil and gas fields,"Existing oil and gas fields should continue operating, but no new fields should be approved",New oil and gas fields should be approved only in limited circumstances where there is a strong economic or energy security case,New oil and gas fields should generally be approved where they are economically viable,The UK should actively encourage the development of new oil and gas fields,Other,,,,,6.0,6.6,15.3,23.1,38.0,0.3,,,,,Vi-2026-08-12-Opinium-Observer-Web-Data-tables-1707.xlsx,HW5
"2,050 UK adults",12 - 14 August 2026,,,,2050,,gender,Male,Q:HW5. Oil and gas companies must obtain government approval before developing new oil and gas fields in the New Sea.Which of the following comes closest to your view?,UNMATCHED,,The UK should phase out oil and gas production as quickly as possible and should not approve any new oil and gas fields,"Existing oil and gas fields should continue operating, but no new fields should be approved",New oil and gas fields should be approved only in limited circumstances where there is a strong economic or energy security case,New oil and gas fields should generally be approved where they are economically viable,The UK should actively encourage the development of new oil and gas fields,Other,,,,,10.8,9.7,19.6,20.1,28.7,0.4,,,,,Vi-2026-08-12-Opinium-Observer-Web-Data-tables-1707.xlsx,HW5
"2,050 UK adults",12 - 14 August 2026,,,,2050,,gender,Female,Q:HW5. Oil and gas companies must obtain government approval before developing new oil and gas fields in the New Sea.Which of the following comes closest to your view?,UNMATCHED,,The UK should phase out oil and gas production as quickly as possible and should not approve any new oil and gas fields,"Existing oil and gas fields should continue operating, but no new fields should be approved",New oil and gas fields should be approved only in limited circumstances where there is a strong economic or energy security case,New oil and gas fields should generally be approved where they are economically viable,The UK should actively encourage the development of new oil and gas fields,Other,,,,,10.3,11.6,17.1,18.3,18.9,0.4,,,,,Vi-2026-08-12-Opinium-Observer-Web-Data-tables-1707.xlsx,HW5
"2,050 UK adults",12 - 14 August 2026,,,,2050,,age,18-34,Q:HW5. Oil and gas companies must obtain government approval before developing new oil and gas fields in the New Sea.Which of the following comes closest to your view?,UNMATCHED,,The UK should phase out oil and gas production as quickly as possible and should not approve any new oil and gas fields,"Existing oil and gas fields should continue operating, but no new fields should be approved",New oil and gas fields should be approved only in limited circumstances where there is a strong economic or energy security case,New oil and gas fields should generally be approved where they are economically viable,The UK should actively encourage the development of new oil and gas fields,Other,,,,,12.6,13.1,20.6,16.2,17.2,0.6,,,,,Vi-2026-08-12-Opinium-Observer-Web-Data-tables-1707.xlsx,HW5
"2,050 UK adults",12 - 14 August 2026,,,,2050,,age,35-49,Q:HW5. Oil and gas companies must obtain government approval before developing new oil and gas fields in the New Sea.Which of the following comes closest to your view?,UNMATCHED,,The UK should phase out oil and gas production as quickly as possible and should not approve any new oil and gas fields,"Existing oil and gas fields should continue operating, but no new fields should be approved",New oil and gas fields should be approved only in limited circumstances where there is a strong economic or energy security case,New oil and gas fields should generally be approved where they are economically viable,The UK should actively encourage the development of new oil and gas fields,Other,,,,,12.2,13.4,17.7,15.6,19.5,0.8,,,,,Vi-2026-08-12-Opinium-Observer-Web-Data-tables-1707.xlsx,HW5
"2,050 UK adults",12 - 14 August 2026,,,,2050,,age,50-64,Q:HW5. Oil and gas companies must obtain government approval before developing new oil and gas fields in the New Sea.Which of the following comes closest to your view?,UNMATCHED,,The UK should phase out oil and gas production as quickly as possible and should not approve any new oil and gas fields,"Existing oil and gas fields should continue operating, but no new fields should be approved",New oil and gas fields should be approved only in limited circumstances where there is a strong economic or energy security case,New oil and gas fields should generally be approved where they are economically viable,The UK should actively encourage the development of new oil and gas fields,Other,,,,,10.9,9.6,19.1,21.5,24.1,0.1,,,,,Vi-2026-08-12-Opinium-Observer-Web-Data-tables-1707.xlsx,HW5
"2,050 UK adults",12 - 14 August 2026,,,,2050,,age,65+,Q:HW5. Oil and gas companies must obtain government approval before developing new oil and gas fields in the New Sea.Which of the following comes closest to your view?,UNMATCHED,,The UK should phase out oil and gas production as quickly as possible and should not approve any new oil and gas fields,"Existing oil and gas fields should continue operating, but no new fields should be approved",New oil and gas fields should be approved only in limited circumstances where there is a strong economic or energy security case,New oil and gas fields should generally be approved where they are economically viable,The UK should actively encourage the development of new oil and gas fields,Other,,,,,6.3,5.9,15.3,23.6,35.1,0.2,,,,,Vi-2026-08-12-Opinium-Observer-Web-Data-tables-1707.xlsx,HW5
"2,050 UK adults",12 - 14 August 2026,,,,2050,,region,North,Q:HW5. Oil and gas companies must obtain government approval before developing new oil and gas fields in the New Sea.Which of the following comes closest to your view?,UNMATCHED,,The UK should phase out oil and gas production as quickly as possible and should not approve any new oil and gas fields,"Existing oil and gas fields should continue operating, but no new fields should be approved",New oil and gas fields should be approved only in limited circumstances where there is a strong economic or energy security case,New oil and gas fields should generally be approved where they are economically viable,The UK should actively encourage the development of new oil and gas fields,Other,,,,,11.3,10.1,16.9,18.5,24.5,0.5,,,,,Vi-2026-08-12-Opinium-Observer-Web-Data-tables-1707.xlsx,HW5
"2,050 UK adults",12 - 14 August 2026,,,,2050,,region,Mids,Q:HW5. Oil and gas companies must obtain government approval before developing new oil and gas fields in the New Sea.Which of the following comes closest to your view?,UNMATCHED,,The UK should phase out oil and gas production as quickly as possible and should not approve any new oil and gas fields,"Existing oil and gas fields should continue operating, but no new fields should be approved",New oil and gas fields should be approved only in limited circumstances where there is a strong economic or energy security case,New oil and gas fields should generally be approved where they are economically viable,The UK should actively encourage the development of new oil and gas fields,Other,,,,,7.9,10.4,19.9,15.3,22.8,0.3,,,,,Vi-2026-08-12-Opinium-Observer-Web-Data-tables-1707.xlsx,HW5
"2,050 UK adults",12 - 14 August 2026,,,,2050,,region,London,Q:HW5. Oil and gas companies must obtain government approval before developing new oil and gas fields in the New Sea.Which of the following comes closest to your view?,UNMATCHED,,The UK should phase out oil and gas production as quickly as possible and should not approve any new oil and gas fields,"Existing oil and gas fields should continue operating, but no new fields should be approved",New oil and gas fields should be approved only in limited circumstances where there is a strong economic or energy security case,New oil and gas fields should generally be approved where they are economically viable,The UK should actively encourage the development of new oil and gas fields,Other,,,,,15.6,12.4,19.0,16.4,17.8,0.7,,,,,Vi-2026-08-12-Opinium-Observer-Web-Data-tables-1707.xlsx,HW5
"2,050 UK adults",12 - 14 August 2026,,,,2050,,region,South,Q:HW5. Oil and gas companies must obtain government approval before developing new oil and gas fields in the New Sea.Which of the following comes closest to your view?,UNMATCHED,,The UK should phase out oil and gas production as quickly as possible and should not approve any new oil and gas fields,"Existing oil and gas fields should continue operating, but no new fields should be approved",New oil and gas fields should be approved only in limited circumstances where there is a strong economic or energy security case,New oil and gas fields should generally be approved where they are economically viable,The UK should actively encourage the development of new oil and gas fields,Other,,,,,9.8,10.0,20.6,21.9,23.9,0.5,,,,,Vi-2026-08-12-Opinium-Observer-Web-Data-tables-1707.xlsx,HW5
"2,050 UK adults",12 - 14 August 2026,,,,2050,,region,Wales,Q:HW5. Oil and gas companies must obtain government approval before developing new oil and gas fields in the New Sea.Which of the following comes closest to your view?,UNMATCHED,,The UK should phase out oil and gas production as quickly as possible and should not approve any new oil and gas fields,"Existing oil and gas fields should continue operating, but no new fields should be approved",New oil and gas fields should be approved only in limited circumstances where there is a strong economic or energy security case,New oil and gas fields should generally be approved where they are economically viable,The UK should actively encourage the development of new oil and gas fields,Other,,,,,10.7,8.4,15.7,15.2,28.2,,,,,,Vi-2026-08-12-Opinium-Observer-Web-Data-tables-1707.xlsx,HW5
"2,050 UK adults",12 - 14 August 2026,,,,2050,,region,Scotland,Q:HW5. Oil and gas companies must obtain government approval before developing new oil and gas fields in the New Sea.Which of the following comes closest to your view?,UNMATCHED,,The UK should phase out oil and gas production as quickly as possible and should not approve any new oil and gas fields,"Existing oil and gas fields should continue operating, but no new fields should be approved",New oil and gas fields should be approved only in limited circumstances where there is a strong economic or energy security case,New oil and gas fields should generally be approved where they are economically viable,The UK should actively encourage the development of new oil and gas fields,Other,,,,,11.4,9.8,13.1,21.4,28.4,0.5,,,,,Vi-2026-08-12-Opinium-Observer-Web-Data-tables-1707.xlsx,HW5
"2,050 UK adults",12 - 14 August 2026,,,,2050,,region,Northern Ireland,Q:HW5. Oil and gas companies must obtain government approval before developing new oil and gas fields in the New Sea.Which of the following comes closest to your view?,UNMATCHED,,The UK should phase out oil and gas production as quickly as possible and should not approve any new oil and gas fields,"Existing oil and gas fields should continue operating, but no new fields should be approved",New oil and gas fields should be approved only in limited circumstances where there is a strong economic or energy security case,New oil and gas fields should generally be approved where they are economically viable,The UK should actively encourage the development of new oil and gas fields,Other,,,,,5.2,22.0,9.4,27.0,26.0,,,,,,Vi-2026-08-12-Opinium-Observer-Web-Data-tables-1707.xlsx,HW5
"2,050 UK adults",12 - 14 August 2026,,,,2050,,total,Total,Q:HW1. The government is considering whether to approve the Rosebank oil field and the Jackdaw gas field in the North Sea.Do you think the government should or should not approve these projects?,UNMATCHED,,Definitely should,Probably should,Probably should not,Definitely should not,,,,,,,27.8,26.7,12.2,8.9,,,,,,,Vi-2026-08-12-Opinium-Observer-Web-Data-tables-1707.xlsx,HW1
"2,050 UK adults",12 - 14 August 2026,,,,2050,,current_vote,Con,Q:HW1. The government is considering whether to approve the Rosebank oil field and the Jackdaw gas field in the North Sea.Do you think the government should or should not approve these projects?,UNMATCHED,,Definitely should,Probably should,Probably should not,Definitely should not,,,,,,,46.8,30.2,4.3,4.0,,,,,,,Vi-2026-08-12-Opinium-Observer-Web-Data-tables-1707.xlsx,HW1
"2,050 UK adults",12 - 14 August 2026,,,,2050,,current_vote,Lab,Q:HW1. The government is considering whether to approve the Rosebank oil field and the Jackdaw gas field in the North Sea.Do you think the government should or should not approve these projects?,UNMATCHED,,Definitely should,Probably should,Probably should not,Definitely should not,,,,,,,15.5,32.4,20.1,9.5,,,,,,,Vi-2026-08-12-Opinium-Observer-Web-Data-tables-1707.xlsx,HW1
"2,050 UK adults",12 - 14 August 2026,,,,2050,,current_vote,Lib Dem,Q:HW1. The government is considering whether to approve the Rosebank oil field and the Jackdaw gas field in the North Sea.Do you think the government should or should not approve these projects?,UNMATCHED,,Definitely should,Probably should,Probably should not,Definitely should not,,,,,,,20.2,26.8,14.7,15.4,,,,,,,Vi-2026-08-12-Opinium-Observer-Web-Data-tables-1707.xlsx,HW1
"2,050 UK adults",12 - 14 August 2026,,,,2050,,current_vote,Reform,Q:HW1. The government is considering whether to approve the Rosebank oil field and the Jackdaw gas field in the North Sea.Do you think the government should or should not approve these projects?,UNMATCHED,,Definitely should,Probably should,Probably should not,Definitely should not,,,,,,,52.8,22.6,8.0,1.2,,,,,,,Vi-2026-08-12-Opinium-Observer-Web-Data-tables-1707.xlsx,HW1
"2,050 UK adults",12 - 14 August 2026,,,,2050,,current_vote,Green,Q:HW1. The government is considering whether to approve the Rosebank oil field and the Jackdaw gas field in the North Sea.Do you think the government should or should not approve these projects?,UNMATCHED,,Definitely should,Probably should,Probably should not,Definitely should not,,,,,,,7.9,20.0,19.3,33.9,,,,,,,Vi-2026-08-12-Opinium-Observer-Web-Data-tables-1707.xlsx,HW1
"2,050 UK adults",12 - 14 August 2026,,,,2050,,historic_vote,Conservative,Q:HW1. The government is considering whether to approve the Rosebank oil field and the Jackdaw gas field in the North Sea.Do you think the government should or should not approve these projects?,UNMATCHED,,Definitely should,Probably should,Probably should not,Definitely should not,,,,,,,48.9,26.6,5.1,4.7,,,,,,,Vi-2026-08-12-Opinium-Observer-Web-Data-tables-1707.xlsx,HW1
"2,050 UK adults",12 - 14 August 2026,,,,2050,,historic_vote,Labour,Q:HW1. The government is considering whether to approve the Rosebank oil field and the Jackdaw gas field in the North Sea.Do you think the government should or should not approve these projects?,UNMATCHED,,Definitely should,Probably should,Probably should not,Definitely should not,,,,,,,18.8,29.7,18.6,10.4,,,,,,,Vi-2026-08-12-Opinium-Observer-Web-Data-tables-1707.xlsx,HW1
"2,050 UK adults",12 - 14 August 2026,,,,2050,,historic_vote,Lib Dems,Q:HW1. The government is considering whether to approve the Rosebank oil field and the Jackdaw gas field in the North Sea.Do you think the government should or should not approve these projects?,UNMATCHED,,Definitely should,Probably should,Probably should not,Definitely should not,,,,,,,17.5,29.0,14.4,14.4,,,,,,,Vi-2026-08-12-Opinium-Observer-Web-Data-tables-1707.xlsx,HW1
"2,050 UK adults",12 - 14 August 2026,,,,2050,,historic_vote,Green,Q:HW1. The government is considering whether to approve the Rosebank oil field and the Jackdaw gas field in the North Sea.Do you think the government should or should not approve these projects?,UNMATCHED,,Definitely should,Probably should,Probably should not,Definitely should not,,,,,,,14.4,22.1,15.0,41.4,,,,,,,Vi-2026-08-12-Opinium-Observer-Web-Data-tables-1707.xlsx,HW1
"2,050 UK adults",12 - 14 August 2026,,,,2050,,historic_vote,Reform UK,Q:HW1. The government is considering whether to approve the Rosebank oil field and the Jackdaw gas field in the North Sea.Do you think the government should or should not approve these projects?,UNMATCHED,,Definitely should,Probably should,Probably should not,Definitely should not,,,,,,,58.8,18.4,6.7,1.1,,,,,,,Vi-2026-08-12-Opinium-Observer-Web-Data-tables-1707.xlsx,HW1
"2,050 UK adults",12 - 14 August 2026,,,,2050,,historic_vote,Con,Q:HW1. The government is considering whether to approve the Rosebank oil field and the Jackdaw gas field in the North Sea.Do you think the government should or should not approve these projects?,UNMATCHED,,Definitely should,Probably should,Probably should not,Definitely should not,,,,,,,49.9,24.4,6.4,3.4,,,,,,,Vi-2026-08-12-Opinium-Observer-Web-Data-tables-1707.xlsx,HW1
"2,050 UK adults",12 - 14 August 2026,,,,2050,,historic_vote,Lab,Q:HW1. The government is considering whether to approve the Rosebank oil field and the Jackdaw gas field in the North Sea.Do you think the government should or should not approve these projects?,UNMATCHED,,Definitely should,Probably should,Probably should not,Definitely should not,,,,,,,14.9,30.9,18.1,13.0,,,,,,,Vi-2026-08-12-Opinium-Observer-Web-Data-tables-1707.xlsx,HW1
"2,050 UK adults",12 - 14 August 2026,,,,2050,,historic_vote,Lib Dem,Q:HW1. The government is considering whether to approve the Rosebank oil field and the Jackdaw gas field in the North Sea.Do you think the government should or should not approve these projects?,UNMATCHED,,Definitely should,Probably should,Probably should not,Definitely should not,,,,,,,21.2,25.4,14.4,16.6,,,,,,,Vi-2026-08-12-Opinium-Observer-Web-Data-tables-1707.xlsx,HW1
"2,050 UK adults",12 - 14 August 2026,,,,2050,,historic_vote,Remain,Q:HW1. The government is considering whether to approve the Rosebank oil field and the Jackdaw gas field in the North Sea.Do you think the government should or should not approve these projects?,UNMATCHED,,Definitely should,Probably should,Probably should not,Definitely should not,,,,,,,20.0,25.2,16.8,13.1,,,,,,,Vi-2026-08-12-Opinium-Observer-Web-Data-tables-1707.xlsx,HW1
"2,050 UK adults",12 - 14 August 2026,,,,2050,,historic_vote,Leave,Q:HW1. The government is considering whether to approve the Rosebank oil field and the Jackdaw gas field in the North Sea.Do you think the government should or should not approve these projects?,UNMATCHED,,Definitely should,Probably should,Probably should not,Definitely should not,,,,,,,46.2,25.3,7.1,5.6,,,,,,,Vi-2026-08-12-Opinium-Observer-Web-Data-tables-1707.xlsx,HW1
"2,050 UK adults",12 - 14 August 2026,,,,2050,,gender,Male,Q:HW1. The government is considering whether to approve the Rosebank oil field and the Jackdaw gas field in the North Sea.Do you think the government should or should not approve these projects?,UNMATCHED,,Definitely should,Probably should,Probably should not,Definitely should not,,,,,,,35.7,29.2,11.2,8.6,,,,,,,Vi-2026-08-12-Opinium-Observer-Web-Data-tables-1707.xlsx,HW1
"2,050 UK adults",12 - 14 August 2026,,,,2050,,gender,Female,Q:HW1. The government is considering whether to approve the Rosebank oil field and the Jackdaw gas field in the North Sea.Do you think the government should or should not approve these projects?,UNMATCHED,,Definitely should,Probably should,Probably should not,Definitely should not,,,,,,,20.5,24.5,13.2,9.0,,,,,,,Vi-2026-08-12-Opinium-Observer-Web-Data-tables-1707.xlsx,HW1
"2,050 UK adults",12 - 14 August 2026,,,,2050,,age,18-34,Q:HW1. The government is considering whether to approve the Rosebank oil field and the Jackdaw gas field in the North Sea.Do you think the government should or should not approve these projects?,UNMATCHED,,Definitely should,Probably should,Probably should not,Definitely should not,,,,,,,15.0,31.9,18.2,8.8,,,,,,,Vi-2026-08-12-Opinium-Observer-Web-Data-tables-1707.xlsx,HW1
"2,050 UK adults",12 - 14 August 2026,,,,2050,,age,35-49,Q:HW1. The government is considering whether to approve the Rosebank oil field and the Jackdaw gas field in the North Sea.Do you think the government should or should not approve these projects?,UNMATCHED,,Definitely should,Probably should,Probably should not,Definitely should not,,,,,,,17.5,28.8,13.7,10.5,,,,,,,Vi-2026-08-12-Opinium-Observer-Web-Data-tables-1707.xlsx,HW1
"2,050 UK adults",12 - 14 August 2026,,,,2050,,age,50-64,Q:HW1. The government is considering whether to approve the Rosebank oil field and the Jackdaw gas field in the North Sea.Do you think the government should or should not approve these projects?,UNMATCHED,,Definitely should,Probably should,Probably should not,Definitely should not,,,,,,,34.0,24.2,8.7,10.7,,,,,,,Vi-2026-08-12-Opinium-Observer-Web-Data-tables-1707.xlsx,HW1
"2,050 UK adults",12 - 14 August 2026,,,,2050,,age,65+,Q:HW1. The government is considering whether to approve the Rosebank oil field and the Jackdaw gas field in the North Sea.Do you think the government should or should not approve these projects?,UNMATCHED,,Definitely should,Probably should,Probably should not,Definitely should not,,,,,,,46.6,21.2,7.4,5.5,,,,,,,Vi-2026-08-12-Opinium-Observer-Web-Data-tables-1707.xlsx,HW1
"2,050 UK adults",12 - 14 August 2026,,,,2050,,region,North,Q:HW1. The government is considering whether to approve the Rosebank oil field and the Jackdaw gas field in the North Sea.Do you think the government should or should not approve these projects?,UNMATCHED,,Definitely should,Probably should,Probably should not,Definitely should not,,,,,,,26.2,26.6,12.4,10.1,,,,,,,Vi-2026-08-12-Opinium-Observer-Web-Data-tables-1707.xlsx,HW1
"2,050 UK adults",12 - 14 August 2026,,,,2050,,region,Mids,Q:HW1. The government is considering whether to approve the Rosebank oil field and the Jackdaw gas field in the North Sea.Do you think the government should or should not approve these projects?,UNMATCHED,,Definitely should,Probably should,Probably should not,Definitely should not,,,,,,,27.4,25.1,11.8,7.3,,,,,,,Vi-2026-08-12-Opinium-Observer-Web-Data-tables-1707.xlsx,HW1
"2,050 UK adults",12 - 14 August 2026,,,,2050,,region,London,Q:HW1. The government is considering whether to approve the Rosebank oil field and the Jackdaw gas field in the North Sea.Do you think the government should or should not approve these projects?,UNMATCHED,,Definitely should,Probably should,Probably should not,Definitely should not,,,,,,,18.0,28.6,14.2,12.4,,,,,,,Vi-2026-08-12-Opinium-Observer-Web-Data-tables-1707.xlsx,HW1
"2,050 UK adults",12 - 14 August 2026,,,,2050,,region,South,Q:HW1. The government is considering whether to approve the Rosebank oil field and the Jackdaw gas field in the North Sea.Do you think the government should or should not approve these projects?,UNMATCHED,,Definitely should,Probably should,Probably should not,Definitely should not,,,,,,,30.3,27.9,12.2,8.1,,,,,,,Vi-2026-08-12-Opinium-Observer-Web-Data-tables-1707.xlsx,HW1
"2,050 UK adults",12 - 14 August 2026,,,,2050,,region,Wales,Q:HW1. The government is considering whether to approve the Rosebank oil field and the Jackdaw gas field in the North Sea.Do you think the government should or should not approve these projects?,UNMATCHED,,Definitely should,Probably should,Probably should not,Definitely should not,,,,,,,36.2,20.6,9.1,7.0,,,,,,,Vi-2026-08-12-Opinium-Observer-Web-Data-tables-1707.xlsx,HW1
"2,050 UK adults",12 - 14 August 2026,,,,2050,,region,Scotland,Q:HW1. The government is considering whether to approve the Rosebank oil field and the Jackdaw gas field in the North Sea.Do you think the government should or should not approve these projects?,UNMATCHED,,Definitely should,Probably should,Probably should not,Definitely should not,,,,,,,34.4,21.9,13.6,7.5,,,,,,,Vi-2026-08-12-Opinium-Observer-Web-Data-tables-1707.xlsx,HW1
"2,050 UK adults",12 - 14 August 2026,,,,2050,,region,Northern Ireland,Q:HW1. The government is considering whether to approve the Rosebank oil field and the Jackdaw gas field in the North Sea.Do you think the government should or should not approve these projects?,UNMATCHED,,Definitely should,Probably should,Probably should not,Definitely should not,,,,,,,27.1,39.7,5.6,7.4,,,,,,,Vi-2026-08-12-Opinium-Observer-Web-Data-tables-1707.xlsx,HW1
"2,050 UK adults",12 - 14 August 2026,,,,2050,,total,Total,"Q:ER1. Around 5,000 prisoners are expected to be released before the end of their sentences under the government’s early release scheme.The government says the scheme is necessary because prisons are overcrowded and under significant pressure. Critics argue that releasing prisoners early could put public safety at risk.Which comes closer to your view?",UNMATCHED,,"The government should prioritise keeping more prisoners in custody for longer, even if this means greater pressure on prison capacity",The government is taking the right approach by using early release to manage pressure on the prison system,"The government should do more to reduce pressure on prisons, even if this means more prisoners are eligible for early release",,,,,,,,55.8,19.1,9.9,,,,,,,,Vi-2026-08-12-Opinium-Observer-Web-Data-tables-1707.xlsx,ER1
"2,050 UK adults",12 - 14 August 2026,,,,2050,,current_vote,Con,"Q:ER1. Around 5,000 prisoners are expected to be released before the end of their sentences under the government’s early release scheme.The government says the scheme is necessary because prisons are overcrowded and under significant pressure. Critics argue that releasing prisoners early could put public safety at risk.Which comes closer to your view?",UNMATCHED,,"The government should prioritise keeping more prisoners in custody for longer, even if this means greater pressure on prison capacity",The government is taking the right approach by using early release to manage pressure on the prison system,"The government should do more to reduce pressure on prisons, even if this means more prisoners are eligible for early release",,,,,,,,70.0,12.6,6.9,,,,,,,,Vi-2026-08-12-Opinium-Observer-Web-Data-tables-1707.xlsx,ER1
"2,050 UK adults",12 - 14 August 2026,,,,2050,,current_vote,Lab,"Q:ER1. Around 5,000 prisoners are expected to be released before the end of their sentences under the government’s early release scheme.The government says the scheme is necessary because prisons are overcrowded and under significant pressure. Critics argue that releasing prisoners early could put public safety at risk.Which comes closer to your view?",UNMATCHED,,"The government should prioritise keeping more prisoners in custody for longer, even if this means greater pressure on prison capacity",The government is taking the right approach by using early release to manage pressure on the prison system,"The government should do more to reduce pressure on prisons, even if this means more prisoners are eligible for early release",,,,,,,,40.1,35.2,11.6,,,,,,,,Vi-2026-08-12-Opinium-Observer-Web-Data-tables-1707.xlsx,ER1
"2,050 UK adults",12 - 14 August 2026,,,,2050,,current_vote,Lib Dem,"Q:ER1. Around 5,000 prisoners are expected to be released before the end of their sentences under the government’s early release scheme.The government says the scheme is necessary because prisons are overcrowded and under significant pressure. Critics argue that releasing prisoners early could put public safety at risk.Which comes closer to your view?",UNMATCHED,,"The government should prioritise keeping more prisoners in custody for longer, even if this means greater pressure on prison capacity",The government is taking the right approach by using early release to manage pressure on the prison system,"The government should do more to reduce pressure on prisons, even if this means more prisoners are eligible for early release",,,,,,,,40.5,28.0,11.9,,,,,,,,Vi-2026-08-12-Opinium-Observer-Web-Data-tables-1707.xlsx,ER1
"2,050 UK adults",12 - 14 August 2026,,,,2050,,current_vote,Reform,"Q:ER1. Around 5,000 prisoners are expected to be released before the end of their sentences under the government’s early release scheme.The government says the scheme is necessary because prisons are overcrowded and under significant pressure. Critics argue that releasing prisoners early could put public safety at risk.Which comes closer to your view?",UNMATCHED,,"The government should prioritise keeping more prisoners in custody for longer, even if this means greater pressure on prison capacity",The government is taking the right approach by using early release to manage pressure on the prison system,"The government should do more to reduce pressure on prisons, even if this means more prisoners are eligible for early release",,,,,,,,75.4,9.9,6.5,,,,,,,,Vi-2026-08-12-Opinium-Observer-Web-Data-tables-1707.xlsx,ER1
"2,050 UK adults",12 - 14 August 2026,,,,2050,,current_vote,Green,"Q:ER1. Around 5,000 prisoners are expected to be released before the end of their sentences under the government’s early release scheme.The government says the scheme is necessary because prisons are overcrowded and under significant pressure. Critics argue that releasing prisoners early could put public safety at risk.Which comes closer to your view?",UNMATCHED,,"The government should prioritise keeping more prisoners in custody for longer, even if this means greater pressure on prison capacity",The government is taking the right approach by using early release to manage pressure on the prison system,"The government should do more to reduce pressure on prisons, even if this means more prisoners are eligible for early release",,,,,,,,45.2,23.9,19.6,,,,,,,,Vi-2026-08-12-Opinium-Observer-Web-Data-tables-1707.xlsx,ER1
"2,050 UK adults",12 - 14 August 2026,,,,2050,,historic_vote,Conservative,"Q:ER1. Around 5,000 prisoners are expected to be released before the end of their sentences under the government’s early release scheme.The government says the scheme is necessary because prisons are overcrowded and under significant pressure. Critics argue that releasing prisoners early could put public safety at risk.Which comes closer to your view?",UNMATCHED,,"The government should prioritise keeping more prisoners in custody for longer, even if this means greater pressure on prison capacity",The government is taking the right approach by using early release to manage pressure on the prison system,"The government should do more to reduce pressure on prisons, even if this means more prisoners are eligible for early release",,,,,,,,74.0,11.4,5.0,,,,,,,,Vi-2026-08-12-Opinium-Observer-Web-Data-tables-1707.xlsx,ER1
"2,050 UK adults",12 - 14 August 2026,,,,2050,,historic_vote,Labour,"Q:ER1. Around 5,000 prisoners are expected to be released before the end of their sentences under the government’s early release scheme.The government says the scheme is necessary because prisons are overcrowded and under significant pressure. Critics argue that releasing prisoners early could put public safety at risk.Which comes closer to your view?",UNMATCHED,,"The government should prioritise keeping more prisoners in custody for longer, even if this means greater pressure on prison capacity",The government is taking the right approach by using early release to manage pressure on the prison system,"The government should do more to reduce pressure on prisons, even if this means more prisoners are eligible for early release",,,,,,,,45.5,31.0,9.8,,,,,,,,Vi-2026-08-12-Opinium-Observer-Web-Data-tables-1707.xlsx,ER1
"2,050 UK adults",12 - 14 August 2026,,,,2050,,historic_vote,Lib Dems,"Q:ER1. Around 5,000 prisoners are expected to be released before the end of their sentences under the government’s early release scheme.The government says the scheme is necessary because prisons are overcrowded and under significant pressure. Critics argue that releasing prisoners early could put public safety at risk.Which comes closer to your view?",UNMATCHED,,"The government should prioritise keeping more prisoners in custody for longer, even if this means greater pressure on prison capacity",The government is taking the right approach by using early release to manage pressure on the prison system,"The government should do more to reduce pressure on prisons, even if this means more prisoners are eligible for early release",,,,,,,,41.7,30.2,11.7,,,,,,,,Vi-2026-08-12-Opinium-Observer-Web-Data-tables-1707.xlsx,ER1
"2,050 UK adults",12 - 14 August 2026,,,,2050,,historic_vote,Green,"Q:ER1. Around 5,000 prisoners are expected to be released before the end of their sentences under the government’s early release scheme.The government says the scheme is necessary because prisons are overcrowded and under significant pressure. Critics argue that releasing prisoners early could put public safety at risk.Which comes closer to your view?",UNMATCHED,,"The government should prioritise keeping more prisoners in custody for longer, even if this means greater pressure on prison capacity",The government is taking the right approach by using early release to manage pressure on the prison system,"The government should do more to reduce pressure on prisons, even if this means more prisoners are eligible for early release",,,,,,,,44.7,19.9,19.6,,,,,,,,Vi-2026-08-12-Opinium-Observer-Web-Data-tables-1707.xlsx,ER1
"2,050 UK adults",12 - 14 August 2026,,,,2050,,historic_vote,Reform UK,"Q:ER1. Around 5,000 prisoners are expected to be released before the end of their sentences under the government’s early release scheme.The government says the scheme is necessary because prisons are overcrowded and under significant pressure. Critics argue that releasing prisoners early could put public safety at risk.Which comes closer to your view?",UNMATCHED,,"The government should prioritise keeping more prisoners in custody for longer, even if this means greater pressure on prison capacity",The government is taking the right approach by using early release to manage pressure on the prison system,"The government should do more to reduce pressure on prisons, even if this means more prisoners are eligible for early release",,,,,,,,78.0,8.8,6.1,,,,,,,,Vi-2026-08-12-Opinium-Observer-Web-Data-tables-1707.xlsx,ER1
"2,050 UK adults",12 - 14 August 2026,,,,2050,,historic_vote,Con,"Q:ER1. Around 5,000 prisoners are expected to be released before the end of their sentences under the government’s early release scheme.The government says the scheme is necessary because prisons are overcrowded and under significant pressure. Critics argue that releasing prisoners early could put public safety at risk.Which comes closer to your view?",UNMATCHED,,"The government should prioritise keeping more prisoners in custody for longer, even if this means greater pressure on prison capacity",The government is taking the right approach by using early release to manage pressure on the prison system,"The government should do more to reduce pressure on prisons, even if this means more prisoners are eligible for early release",,,,,,,,74.0,10.8,5.3,,,,,,,,Vi-2026-08-12-Opinium-Observer-Web-Data-tables-1707.xlsx,ER1
"2,050 UK adults",12 - 14 August 2026,,,,2050,,historic_vote,Lab,"Q:ER1. Around 5,000 prisoners are expected to be released before the end of their sentences under the government’s early release scheme.The government says the scheme is necessary because prisons are overcrowded and under significant pressure. Critics argue that releasing prisoners early could put public safety at risk.Which comes closer to your view?",UNMATCHED,,"The government should prioritise keeping more prisoners in custody for longer, even if this means greater pressure on prison capacity",The government is taking the right approach by using early release to manage pressure on the prison system,"The government should do more to reduce pressure on prisons, even if this means more prisoners are eligible for early release",,,,,,,,41.1,33.0,10.1,,,,,,,,Vi-2026-08-12-Opinium-Observer-Web-Data-tables-1707.xlsx,ER1
"2,050 UK adults",12 - 14 August 2026,,,,2050,,historic_vote,Lib Dem,"Q:ER1. Around 5,000 prisoners are expected to be released before the end of their sentences under the government’s early release scheme.The government says the scheme is necessary because prisons are overcrowded and under significant pressure. Critics argue that releasing prisoners early could put public safety at risk.Which comes closer to your view?",UNMATCHED,,"The government should prioritise keeping more prisoners in custody for longer, even if this means greater pressure on prison capacity",The government is taking the right approach by using early release to manage pressure on the prison system,"The government should do more to reduce pressure on prisons, even if this means more prisoners are eligible for early release",,,,,,,,42.6,26.3,15.2,,,,,,,,Vi-2026-08-12-Opinium-Observer-Web-Data-tables-1707.xlsx,ER1
"2,050 UK adults",12 - 14 August 2026,,,,2050,,historic_vote,Remain,"Q:ER1. Around 5,000 prisoners are expected to be released before the end of their sentences under the government’s early release scheme.The government says the scheme is necessary because prisons are overcrowded and under significant pressure. Critics argue that releasing prisoners early could put public safety at risk.Which comes closer to your view?",UNMATCHED,,"The government should prioritise keeping more prisoners in custody for longer, even if this means greater pressure on prison capacity",The government is taking the right approach by using early release to manage pressure on the prison system,"The government should do more to reduce pressure on prisons, even if this means more prisoners are eligible for early release",,,,,,,,45.6,27.4,11.7,,,,,,,,Vi-2026-08-12-Opinium-Observer-Web-Data-tables-1707.xlsx,ER1
"2,050 UK adults",12 - 14 August 2026,,,,2050,,historic_vote,Leave,"Q:ER1. Around 5,000 prisoners are expected to be released before the end of their sentences under the government’s early release scheme.The government says the scheme is necessary because prisons are overcrowded and under significant pressure. Critics argue that releasing prisoners early could put public safety at risk.Which comes closer to your view?",UNMATCHED,,"The government should prioritise keeping more prisoners in custody for longer, even if this means greater pressure on prison capacity",The government is taking the right approach by using early release to manage pressure on the prison system,"The government should do more to reduce pressure on prisons, even if this means more prisoners are eligible for early release",,,,,,,,71.6,11.4,5.9,,,,,,,,Vi-2026-08-12-Opinium-Observer-Web-Data-tables-1707.xlsx,ER1
"2,050 UK adults",12 - 14 August 2026,,,,2050,,gender,Male,"Q:ER1. Around 5,000 prisoners are expected to be released before the end of their sentences under the government’s early release scheme.The government says the scheme is necessary because prisons are overcrowded and under significant pressure. Critics argue that releasing prisoners early could put public safety at risk.Which comes closer to your view?",UNMATCHED,,"The government should prioritise keeping more prisoners in custody for longer, even if this means greater pressure on prison capacity",The government is taking the right approach by using early release to manage pressure on the prison system,"The government should do more to reduce pressure on prisons, even if this means more prisoners are eligible for early release",,,,,,,,54.9,19.4,12.0,,,,,,,,Vi-2026-08-12-Opinium-Observer-Web-Data-tables-1707.xlsx,ER1
"2,050 UK adults",12 - 14 August 2026,,,,2050,,gender,Female,"Q:ER1. Around 5,000 prisoners are expected to be released before the end of their sentences under the government’s early release scheme.The government says the scheme is necessary because prisons are overcrowded and under significant pressure. Critics argue that releasing prisoners early could put public safety at risk.Which comes closer to your view?",UNMATCHED,,"The government should prioritise keeping more prisoners in custody for longer, even if this means greater pressure on prison capacity",The government is taking the right approach by using early release to manage pressure on the prison system,"The government should do more to reduce pressure on prisons, even if this means more prisoners are eligible for early release",,,,,,,,56.9,18.5,8.0,,,,,,,,Vi-2026-08-12-Opinium-Observer-Web-Data-tables-1707.xlsx,ER1
"2,050 UK adults",12 - 14 August 2026,,,,2050,,age,18-34,"Q:ER1. Around 5,000 prisoners are expected to be released before the end of their sentences under the government’s early release scheme.The government says the scheme is necessary because prisons are overcrowded and under significant pressure. Critics argue that releasing prisoners early could put public safety at risk.Which comes closer to your view?",UNMATCHED,,"The government should prioritise keeping more prisoners in custody for longer, even if this means greater pressure on prison capacity",The government is taking the right approach by using early release to manage pressure on the prison system,"The government should do more to reduce pressure on prisons, even if this means more prisoners are eligible for early release",,,,,,,,44.1,24.5,18.4,,,,,,,,Vi-2026-08-12-Opinium-Observer-Web-Data-tables-1707.xlsx,ER1
"2,050 UK adults",12 - 14 August 2026,,,,2050,,age,35-49,"Q:ER1. Around 5,000 prisoners are expected to be released before the end of their sentences under the government’s early release scheme.The government says the scheme is necessary because prisons are overcrowded and under significant pressure. Critics argue that releasing prisoners early could put public safety at risk.Which comes closer to your view?",UNMATCHED,,"The government should prioritise keeping more prisoners in custody for longer, even if this means greater pressure on prison capacity",The government is taking the right approach by using early release to manage pressure on the prison system,"The government should do more to reduce pressure on prisons, even if this means more prisoners are eligible for early release",,,,,,,,51.1,17.7,12.3,,,,,,,,Vi-2026-08-12-Opinium-Observer-Web-Data-tables-1707.xlsx,ER1
"2,050 UK adults",12 - 14 August 2026,,,,2050,,age,50-64,"Q:ER1. Around 5,000 prisoners are expected to be released before the end of their sentences under the government’s early release scheme.The government says the scheme is necessary because prisons are overcrowded and under significant pressure. Critics argue that releasing prisoners early could put public safety at risk.Which comes closer to your view?",UNMATCHED,,"The government should prioritise keeping more prisoners in custody for longer, even if this means greater pressure on prison capacity",The government is taking the right approach by using early release to manage pressure on the prison system,"The government should do more to reduce pressure on prisons, even if this means more prisoners are eligible for early release",,,,,,,,59.5,19.3,4.6,,,,,,,,Vi-2026-08-12-Opinium-Observer-Web-Data-tables-1707.xlsx,ER1
"2,050 UK adults",12 - 14 August 2026,,,,2050,,age,65+,"Q:ER1. Around 5,000 prisoners are expected to be released before the end of their sentences under the government’s early release scheme.The government says the scheme is necessary because prisons are overcrowded and under significant pressure. Critics argue that releasing prisoners early could put public safety at risk.Which comes closer to your view?",UNMATCHED,,"The government should prioritise keeping more prisoners in custody for longer, even if this means greater pressure on prison capacity",The government is taking the right approach by using early release to manage pressure on the prison system,"The government should do more to reduce pressure on prisons, even if this means more prisoners are eligible for early release",,,,,,,,70.3,13.9,3.2,,,,,,,,Vi-2026-08-12-Opinium-Observer-Web-Data-tables-1707.xlsx,ER1
"2,050 UK adults",12 - 14 August 2026,,,,2050,,region,North,"Q:ER1. Around 5,000 prisoners are expected to be released before the end of their sentences under the government’s early release scheme.The government says the scheme is necessary because prisons are overcrowded and under significant pressure. Critics argue that releasing prisoners early could put public safety at risk.Which comes closer to your view?",UNMATCHED,,"The government should prioritise keeping more prisoners in custody for longer, even if this means greater pressure on prison capacity",The government is taking the right approach by using early release to manage pressure on the prison system,"The government should do more to reduce pressure on prisons, even if this means more prisoners are eligible for early release",,,,,,,,55.0,20.2,10.7,,,,,,,,Vi-2026-08-12-Opinium-Observer-Web-Data-tables-1707.xlsx,ER1
"2,050 UK adults",12 - 14 August 2026,,,,2050,,region,Mids,"Q:ER1. Around 5,000 prisoners are expected to be released before the end of their sentences under the government’s early release scheme.The government says the scheme is necessary because prisons are overcrowded and under significant pressure. Critics argue that releasing prisoners early could put public safety at risk.Which comes closer to your view?",UNMATCHED,,"The government should prioritise keeping more prisoners in custody for longer, even if this means greater pressure on prison capacity",The government is taking the right approach by using early release to manage pressure on the prison system,"The government should do more to reduce pressure on prisons, even if this means more prisoners are eligible for early release",,,,,,,,56.3,17.0,10.8,,,,,,,,Vi-2026-08-12-Opinium-Observer-Web-Data-tables-1707.xlsx,ER1
"2,050 UK adults",12 - 14 August 2026,,,,2050,,region,London,"Q:ER1. Around 5,000 prisoners are expected to be released before the end of their sentences under the government’s early release scheme.The government says the scheme is necessary because prisons are overcrowded and under significant pressure. Critics argue that releasing prisoners early could put public safety at risk.Which comes closer to your view?",UNMATCHED,,"The government should prioritise keeping more prisoners in custody for longer, even if this means greater pressure on prison capacity",The government is taking the right approach by using early release to manage pressure on the prison system,"The government should do more to reduce pressure on prisons, even if this means more prisoners are eligible for early release",,,,,,,,50.0,21.5,10.6,,,,,,,,Vi-2026-08-12-Opinium-Observer-Web-Data-tables-1707.xlsx,ER1
"2,050 UK adults",12 - 14 August 2026,,,,2050,,region,South,"Q:ER1. Around 5,000 prisoners are expected to be released before the end of their sentences under the government’s early release scheme.The government says the scheme is necessary because prisons are overcrowded and under significant pressure. Critics argue that releasing prisoners early could put public safety at risk.Which comes closer to your view?",UNMATCHED,,"The government should prioritise keeping more prisoners in custody for longer, even if this means greater pressure on prison capacity",The government is taking the right approach by using early release to manage pressure on the prison system,"The government should do more to reduce pressure on prisons, even if this means more prisoners are eligible for early release",,,,,,,,57.2,18.9,8.1,,,,,,,,Vi-2026-08-12-Opinium-Observer-Web-Data-tables-1707.xlsx,ER1
"2,050 UK adults",12 - 14 August 2026,,,,2050,,region,Wales,"Q:ER1. Around 5,000 prisoners are expected to be released before the end of their sentences under the government’s early release scheme.The government says the scheme is necessary because prisons are overcrowded and under significant pressure. Critics argue that releasing prisoners early could put public safety at risk.Which comes closer to your view?",UNMATCHED,,"The government should prioritise keeping more prisoners in custody for longer, even if this means greater pressure on prison capacity",The government is taking the right approach by using early release to manage pressure on the prison system,"The government should do more to reduce pressure on prisons, even if this means more prisoners are eligible for early release",,,,,,,,63.6,12.2,8.8,,,,,,,,Vi-2026-08-12-Opinium-Observer-Web-Data-tables-1707.xlsx,ER1
"2,050 UK adults",12 - 14 August 2026,,,,2050,,region,Scotland,"Q:ER1. Around 5,000 prisoners are expected to be released before the end of their sentences under the government’s early release scheme.The government says the scheme is necessary because prisons are overcrowded and under significant pressure. Critics argue that releasing prisoners early could put public safety at risk.Which comes closer to your view?",UNMATCHED,,"The government should prioritise keeping more prisoners in custody for longer, even if this means greater pressure on prison capacity",The government is taking the right approach by using early release to manage pressure on the prison system,"The government should do more to reduce pressure on prisons, even if this means more prisoners are eligible for early release",,,,,,,,54.8,21.3,11.4,,,,,,,,Vi-2026-08-12-Opinium-Observer-Web-Data-tables-1707.xlsx,ER1
"2,050 UK adults",12 - 14 August 2026,,,,2050,,region,Northern Ireland,"Q:ER1. Around 5,000 prisoners are expected to be released before the end of their sentences under the government’s early release scheme.The government says the scheme is necessary because prisons are overcrowded and under significant pressure. Critics argue that releasing prisoners early could put public safety at risk.Which comes closer to your view?",UNMATCHED,,"The government should prioritise keeping more prisoners in custody for longer, even if this means greater pressure on prison capacity",The government is taking the right approach by using early release to manage pressure on the prison system,"The government should do more to reduce pressure on prisons, even if this means more prisoners are eligible for early release",,,,,,,,60.3,15.7,13.4,,,,,,,,Vi-2026-08-12-Opinium-Observer-Web-Data-tables-1707.xlsx,ER1
"2,050 UK adults",12 - 14 August 2026,,,,2050,,total,Total,Q:ER2. Who do you think is most responsible for the UK’s prison overcrowding situation?,UNMATCHED,,The previous Conservative government,The current Labour government,Both are equally to blame,,,,,,,,21.5,7.2,49.7,,,,,,,,Vi-2026-08-12-Opinium-Observer-Web-Data-tables-1707.xlsx,ER2
"2,050 UK adults",12 - 14 August 2026,,,,2050,,current_vote,Con,Q:ER2. Who do you think is most responsible for the UK’s prison overcrowding situation?,UNMATCHED,,The previous Conservative government,The current Labour government,Both are equally to blame,,,,,,,,9.1,11.3,57.2,,,,,,,,Vi-2026-08-12-Opinium-Observer-Web-Data-tables-1707.xlsx,ER2
"2,050 UK adults",12 - 14 August 2026,,,,2050,,current_vote,Lab,Q:ER2. Who do you think is most responsible for the UK’s prison overcrowding situation?,UNMATCHED,,The previous Conservative government,The current Labour government,Both are equally to blame,,,,,,,,44.5,9.8,28.9,,,,,,,,Vi-2026-08-12-Opinium-Observer-Web-Data-tables-1707.xlsx,ER2
"2,050 UK adults",12 - 14 August 2026,,,,2050,,current_vote,Lib Dem,Q:ER2. Who do you think is most responsible for the UK’s prison overcrowding situation?,UNMATCHED,,The previous Conservative government,The current Labour government,Both are equally to blame,,,,,,,,37.0,3.8,36.8,,,,,,,,Vi-2026-08-12-Opinium-Observer-Web-Data-tables-1707.xlsx,ER2
"2,050 UK adults",12 - 14 August 2026,,,,2050,,current_vote,Reform,Q:ER2. Who do you think is most responsible for the UK’s prison overcrowding situation?,UNMATCHED,,The previous Conservative government,The current Labour government,Both are equally to blame,,,,,,,,9.6,9.1,68.9,,,,,,,,Vi-2026-08-12-Opinium-Observer-Web-Data-tables-1707.xlsx,ER2
"2,050 UK adults",12 - 14 August 2026,,,,2050,,current_vote,Green,Q:ER2. Who do you think is most responsible for the UK’s prison overcrowding situation?,UNMATCHED,,The previous Conservative government,The current Labour government,Both are equally to blame,,,,,,,,28.9,5.2,48.8,,,,,,,,Vi-2026-08-12-Opinium-Observer-Web-Data-tables-1707.xlsx,ER2
"2,050 UK adults",12 - 14 August 2026,,,,2050,,historic_vote,Conservative,Q:ER2. Who do you think is most responsible for the UK’s prison overcrowding situation?,UNMATCHED,,The previous Conservative government,The current Labour government,Both are equally to blame,,,,,,,,9.6,9.2,61.9,,,,,,,,Vi-2026-08-12-Opinium-Observer-Web-Data-tables-1707.xlsx,ER2
"2,050 UK adults",12 - 14 August 2026,,,,2050,,historic_vote,Labour,Q:ER2. Who do you think is most responsible for the UK’s prison overcrowding situation?,UNMATCHED,,The previous Conservative government,The current Labour government,Both are equally to blame,,,,,,,,44.1,7.9,33.5,,,,,,,,Vi-2026-08-12-Opinium-Observer-Web-Data-tables-1707.xlsx,ER2
"2,050 UK adults",12 - 14 August 2026,,,,2050,,historic_vote,Lib Dems,Q:ER2. Who do you think is most responsible for the UK’s prison overcrowding situation?,UNMATCHED,,The previous Conservative government,The current Labour government,Both are equally to blame,,,,,,,,34.0,3.9,40.9,,,,,,,,Vi-2026-08-12-Opinium-Observer-Web-Data-tables-1707.xlsx,ER2
"2,050 UK adults",12 - 14 August 2026,,,,2050,,historic_vote,Green,Q:ER2. Who do you think is most responsible for the UK’s prison overcrowding situation?,UNMATCHED,,The previous Conservative government,The current Labour government,Both are equally to blame,,,,,,,,26.0,5.5,55.1,,,,,,,,Vi-2026-08-12-Opinium-Observer-Web-Data-tables-1707.xlsx,ER2
"2,050 UK adults",12 - 14 August 2026,,,,2050,,historic_vote,Reform UK,Q:ER2. Who do you think is most responsible for the UK’s prison overcrowding situation?,UNMATCHED,,The previous Conservative government,The current Labour government,Both are equally to blame,,,,,,,,12.3,7.7,71.1,,,,,,,,Vi-2026-08-12-Opinium-Observer-Web-Data-tables-1707.xlsx,ER2
"2,050 UK adults",12 - 14 August 2026,,,,2050,,historic_vote,Con,Q:ER2. Who do you think is most responsible for the UK’s prison overcrowding situation?,UNMATCHED,,The previous Conservative government,The current Labour government,Both are equally to blame,,,,,,,,11.7,8.9,63.2,,,,,,,,Vi-2026-08-12-Opinium-Observer-Web-Data-tables-1707.xlsx,ER2
"2,050 UK adults",12 - 14 August 2026,,,,2050,,historic_vote,Lab,Q:ER2. Who do you think is most responsible for the UK’s prison overcrowding situation?,UNMATCHED,,The previous Conservative government,The current Labour government,Both are equally to blame,,,,,,,,43.2,8.9,32.6,,,,,,,,Vi-2026-08-12-Opinium-Observer-Web-Data-tables-1707.xlsx,ER2
"2,050 UK adults",12 - 14 August 2026,,,,2050,,historic_vote,Lib Dem,Q:ER2. Who do you think is most responsible for the UK’s prison overcrowding situation?,UNMATCHED,,The previous Conservative government,The current Labour government,Both are equally to blame,,,,,,,,42.3,3.5,33.5,,,,,,,,Vi-2026-08-12-Opinium-Observer-Web-Data-tables-1707.xlsx,ER2
"2,050 UK adults",12 - 14 August 2026,,,,2050,,historic_vote,Remain,Q:ER2. Who do you think is most responsible for the UK’s prison overcrowding situation?,UNMATCHED,,The previous Conservative government,The current Labour government,Both are equally to blame,,,,,,,,35.0,5.3,42.1,,,,,,,,Vi-2026-08-12-Opinium-Observer-Web-Data-tables-1707.xlsx,ER2
"2,050 UK adults",12 - 14 August 2026,,,,2050,,historic_vote,Leave,Q:ER2. Who do you think is most responsible for the UK’s prison overcrowding situation?,UNMATCHED,,The previous Conservative government,The current Labour government,Both are equally to blame,,,,,,,,16.0,8.4,59.4,,,,,,,,Vi-2026-08-12-Opinium-Observer-Web-Data-tables-1707.xlsx,ER2
"2,050 UK adults",12 - 14 August 2026,,,,2050,,gender,Male,Q:ER2. Who do you think is most responsible for the UK’s prison overcrowding situation?,UNMATCHED,,The previous Conservative government,The current Labour government,Both are equally to blame,,,,,,,,23.9,9.6,50.4,,,,,,,,Vi-2026-08-12-Opinium-Observer-Web-Data-tables-1707.xlsx,ER2
"2,050 UK adults",12 - 14 August 2026,,,,2050,,gender,Female,Q:ER2. Who do you think is most responsible for the UK’s prison overcrowding situation?,UNMATCHED,,The previous Conservative government,The current Labour government,Both are equally to blame,,,,,,,,18.9,5.1,49.4,,,,,,,,Vi-2026-08-12-Opinium-Observer-Web-Data-tables-1707.xlsx,ER2
"2,050 UK adults",12 - 14 August 2026,,,,2050,,age,18-34,Q:ER2. Who do you think is most responsible for the UK’s prison overcrowding situation?,UNMATCHED,,The previous Conservative government,The current Labour government,Both are equally to blame,,,,,,,,15.8,11.7,49.1,,,,,,,,Vi-2026-08-12-Opinium-Observer-Web-Data-tables-1707.xlsx,ER2
"2,050 UK adults",12 - 14 August 2026,,,,2050,,age,35-49,Q:ER2. Who do you think is most responsible for the UK’s prison overcrowding situation?,UNMATCHED,,The previous Conservative government,The current Labour government,Both are equally to blame,,,,,,,,22.6,7.1,46.6,,,,,,,,Vi-2026-08-12-Opinium-Observer-Web-Data-tables-1707.xlsx,ER2
"2,050 UK adults",12 - 14 August 2026,,,,2050,,age,50-64,Q:ER2. Who do you think is most responsible for the UK’s prison overcrowding situation?,UNMATCHED,,The previous Conservative government,The current Labour government,Both are equally to blame,,,,,,,,31.1,4.5,44.4,,,,,,,,Vi-2026-08-12-Opinium-Observer-Web-Data-tables-1707.xlsx,ER2
"2,050 UK adults",12 - 14 August 2026,,,,2050,,age,65+,Q:ER2. Who do you think is most responsible for the UK’s prison overcrowding situation?,UNMATCHED,,The previous Conservative government,The current Labour government,Both are equally to blame,,,,,,,,17.0,5.0,59.1,,,,,,,,Vi-2026-08-12-Opinium-Observer-Web-Data-tables-1707.xlsx,ER2
"2,050 UK adults",12 - 14 August 2026,,,,2050,,region,North,Q:ER2. Who do you think is most responsible for the UK’s prison overcrowding situation?,UNMATCHED,,The previous Conservative government,The current Labour government,Both are equally to blame,,,,,,,,22.9,7.8,46.4,,,,,,,,Vi-2026-08-12-Opinium-Observer-Web-Data-tables-1707.xlsx,ER2
"2,050 UK adults",12 - 14 August 2026,,,,2050,,region,Mids,Q:ER2. Who do you think is most responsible for the UK’s prison overcrowding situation?,UNMATCHED,,The previous Conservative government,The current Labour government,Both are equally to blame,,,,,,,,17.7,9.8,51.0,,,,,,,,Vi-2026-08-12-Opinium-Observer-Web-Data-tables-1707.xlsx,ER2
"2,050 UK adults",12 - 14 August 2026,,,,2050,,region,London,Q:ER2. Who do you think is most responsible for the UK’s prison overcrowding situation?,UNMATCHED,,The previous Conservative government,The current Labour government,Both are equally to blame,,,,,,,,24.1,9.3,43.7,,,,,,,,Vi-2026-08-12-Opinium-Observer-Web-Data-tables-1707.xlsx,ER2
"2,050 UK adults",12 - 14 August 2026,,,,2050,,region,South,Q:ER2. Who do you think is most responsible for the UK’s prison overcrowding situation?,UNMATCHED,,The previous Conservative government,The current Labour government,Both are equally to blame,,,,,,,,22.5,6.3,51.1,,,,,,,,Vi-2026-08-12-Opinium-Observer-Web-Data-tables-1707.xlsx,ER2
"2,050 UK adults",12 - 14 August 2026,,,,2050,,region,Wales,Q:ER2. Who do you think is most responsible for the UK’s prison overcrowding situation?,UNMATCHED,,The previous Conservative government,The current Labour government,Both are equally to blame,,,,,,,,15.3,7.0,55.9,,,,,,,,Vi-2026-08-12-Opinium-Observer-Web-Data-tables-1707.xlsx,ER2
"2,050 UK adults",12 - 14 August 2026,,,,2050,,region,Scotland,Q:ER2. Who do you think is most responsible for the UK’s prison overcrowding situation?,UNMATCHED,,The previous Conservative government,The current Labour government,Both are equally to blame,,,,,,,,24.3,1.8,53.1,,,,,,,,Vi-2026-08-12-Opinium-Observer-Web-Data-tables-1707.xlsx,ER2
"2,050 UK adults",12 - 14 August 2026,,,,2050,,region,Northern Ireland,Q:ER2. Who do you think is most responsible for the UK’s prison overcrowding situation?,UNMATCHED,,The previous Conservative government,The current Labour government,Both are equally to blame,,,,,,,,10.5,5.5,61.4,,,,,,,,Vi-2026-08-12-Opinium-Observer-Web-Data-tables-1707.xlsx,ER2
"2,050 UK adults",12 - 14 August 2026,,,,2050,,total,Total,"Q:DV1. Do you think England’s metro mayors should have more or less influence over each of these policy areas?
 Transport",Best party on transport,transport,A lot more influence,A little more influence,They currently have the right amount of influence,A little less influence,A lot less influence,,,,,,16.9,27.1,20.9,5.7,6.3,,,,,,Vi-2026-08-12-Opinium-Observer-Web-Data-tables-1707.xlsx,DV1
"2,050 UK adults",12 - 14 August 2026,,,,2050,,current_vote,Con,"Q:DV1. Do you think England’s metro mayors should have more or less influence over each of these policy areas?
 Transport",Best party on transport,transport,A lot more influence,A little more influence,They currently have the right amount of influence,A little less influence,A lot less influence,,,,,,12.6,27.9,26.0,8.2,8.7,,,,,,Vi-2026-08-12-Opinium-Observer-Web-Data-tables-1707.xlsx,DV1
"2,050 UK adults",12 - 14 August 2026,,,,2050,,current_vote,Lab,"Q:DV1. Do you think England’s metro mayors should have more or less influence over each of these policy areas?
 Transport",Best party on transport,transport,A lot more influence,A little more influence,They currently have the right amount of influence,A little less influence,A lot less influence,,,,,,29.3,30.9,19.8,3.9,1.7,,,,,,Vi-2026-08-12-Opinium-Observer-Web-Data-tables-1707.xlsx,DV1
"2,050 UK adults",12 - 14 August 2026,,,,2050,,current_vote,Lib Dem,"Q:DV1. Do you think England’s metro mayors should have more or less influence over each of these policy areas?
 Transport",Best party on transport,transport,A lot more influence,A little more influence,They currently have the right amount of influence,A little less influence,A lot less influence,,,,,,22.6,32.9,20.0,5.8,1.9,,,,,,Vi-2026-08-12-Opinium-Observer-Web-Data-tables-1707.xlsx,DV1
"2,050 UK adults",12 - 14 August 2026,,,,2050,,current_vote,Reform,"Q:DV1. Do you think England’s metro mayors should have more or less influence over each of these policy areas?
 Transport",Best party on transport,transport,A lot more influence,A little more influence,They currently have the right amount of influence,A little less influence,A lot less influence,,,,,,12.3,21.5,26.4,8.0,14.9,,,,,,Vi-2026-08-12-Opinium-Observer-Web-Data-tables-1707.xlsx,DV1
"2,050 UK adults",12 - 14 August 2026,,,,2050,,current_vote,Green,"Q:DV1. Do you think England’s metro mayors should have more or less influence over each of these policy areas?
 Transport",Best party on transport,transport,A lot more influence,A little more influence,They currently have the right amount of influence,A little less influence,A lot less influence,,,,,,23.4,35.8,18.9,4.9,1.9,,,,,,Vi-2026-08-12-Opinium-Observer-Web-Data-tables-1707.xlsx,DV1
"2,050 UK adults",12 - 14 August 2026,,,,2050,,historic_vote,Conservative,"Q:DV1. Do you think England’s metro mayors should have more or less influence over each of these policy areas?
 Transport",Best party on transport,transport,A lot more influence,A little more influence,They currently have the right amount of influence,A little less influence,A lot less influence,,,,,,15.4,24.6,27.9,7.0,8.9,,,,,,Vi-2026-08-12-Opinium-Observer-Web-Data-tables-1707.xlsx,DV1
"2,050 UK adults",12 - 14 August 2026,,,,2050,,historic_vote,Labour,"Q:DV1. Do you think England’s metro mayors should have more or less influence over each of these policy areas?
 Transport",Best party on transport,transport,A lot more influence,A little more influence,They currently have the right amount of influence,A little less influence,A lot less influence,,,,,,24.9,30.6,20.9,2.9,1.9,,,,,,Vi-2026-08-12-Opinium-Observer-Web-Data-tables-1707.xlsx,DV1
"2,050 UK adults",12 - 14 August 2026,,,,2050,,historic_vote,Lib Dems,"Q:DV1. Do you think England’s metro mayors should have more or less influence over each of these policy areas?
 Transport",Best party on transport,transport,A lot more influence,A little more influence,They currently have the right amount of influence,A little less influence,A lot less influence,,,,,,20.8,36.1,18.3,4.2,4.7,,,,,,Vi-2026-08-12-Opinium-Observer-Web-Data-tables-1707.xlsx,DV1
"2,050 UK adults",12 - 14 August 2026,,,,2050,,historic_vote,Green,"Q:DV1. Do you think England’s metro mayors should have more or less influence over each of these policy areas?
 Transport",Best party on transport,transport,A lot more influence,A little more influence,They currently have the right amount of influence,A little less influence,A lot less influence,,,,,,31.0,26.8,20.6,5.5,5.4,,,,,,Vi-2026-08-12-Opinium-Observer-Web-Data-tables-1707.xlsx,DV1
"2,050 UK adults",12 - 14 August 2026,,,,2050,,historic_vote,Reform UK,"Q:DV1. Do you think England’s metro mayors should have more or less influence over each of these policy areas?
 Transport",Best party on transport,transport,A lot more influence,A little more influence,They currently have the right amount of influence,A little less influence,A lot less influence,,,,,,10.2,21.4,21.0,11.3,18.4,,,,,,Vi-2026-08-12-Opinium-Observer-Web-Data-tables-1707.xlsx,DV1
"2,050 UK adults",12 - 14 August 2026,,,,2050,,historic_vote,Con,"Q:DV1. Do you think England’s metro mayors should have more or less influence over each of these policy areas?
 Transport",Best party on transport,transport,A lot more influence,A little more influence,They currently have the right amount of influence,A little less influence,A lot less influence,,,,,,13.1,26.7,25.9,6.7,9.8,,,,,,Vi-2026-08-12-Opinium-Observer-Web-Data-tables-1707.xlsx,DV1
"2,050 UK adults",12 - 14 August 2026,,,,2050,,historic_vote,Lab,"Q:DV1. Do you think England’s metro mayors should have more or less influence over each of these policy areas?
 Transport",Best party on transport,transport,A lot more influence,A little more influence,They currently have the right amount of influence,A little less influence,A lot less influence,,,,,,27.4,28.5,22.8,3.7,2.8,,,,,,Vi-2026-08-12-Opinium-Observer-Web-Data-tables-1707.xlsx,DV1
"2,050 UK adults",12 - 14 August 2026,,,,2050,,historic_vote,Lib Dem,"Q:DV1. Do you think England’s metro mayors should have more or less influence over each of these policy areas?
 Transport",Best party on transport,transport,A lot more influence,A little more influence,They currently have the right amount of influence,A little less influence,A lot less influence,,,,,,23.0,33.3,13.1,7.2,6.4,,,,,,Vi-2026-08-12-Opinium-Observer-Web-Data-tables-1707.xlsx,DV1
"2,050 UK adults",12 - 14 August 2026,,,,2050,,historic_vote,Remain,"Q:DV1. Do you think England’s metro mayors should have more or less influence over each of these policy areas?
 Transport",Best party on transport,transport,A lot more influence,A little more influence,They currently have the right amount of influence,A little less influence,A lot less influence,,,,,,23.7,30.0,19.1,4.4,2.8,,,,,,Vi-2026-08-12-Opinium-Observer-Web-Data-tables-1707.xlsx,DV1
"2,050 UK adults",12 - 14 August 2026,,,,2050,,historic_vote,Leave,"Q:DV1. Do you think England’s metro mayors should have more or less influence over each of these policy areas?
 Transport",Best party on transport,transport,A lot more influence,A little more influence,They currently have the right amount of influence,A little less influence,A lot less influence,,,,,,12.2,26.5,23.5,6.6,12.0,,,,,,Vi-2026-08-12-Opinium-Observer-Web-Data-tables-1707.xlsx,DV1
"2,050 UK adults",12 - 14 August 2026,,,,2050,,gender,Male,"Q:DV1. Do you think England’s metro mayors should have more or less influence over each of these policy areas?
 Transport",Best party on transport,transport,A lot more influence,A little more influence,They currently have the right amount of influence,A little less influence,A lot less influence,,,,,,17.2,27.9,21.8,6.7,8.1,,,,,,Vi-2026-08-12-Opinium-Observer-Web-Data-tables-1707.xlsx,DV1
"2,050 UK adults",12 - 14 August 2026,,,,2050,,gender,Female,"Q:DV1. Do you think England’s metro mayors should have more or less influence over each of these policy areas?
 Transport",Best party on transport,transport,A lot more influence,A little more influence,They currently have the right amount of influence,A little less influence,A lot less influence,,,,,,16.4,26.5,20.2,4.9,4.4,,,,,,Vi-2026-08-12-Opinium-Observer-Web-Data-tables-1707.xlsx,DV1
"2,050 UK adults",12 - 14 August 2026,,,,2050,,age,18-34,"Q:DV1. Do you think England’s metro mayors should have more or less influence over each of these policy areas?
 Transport",Best party on transport,transport,A lot more influence,A little more influence,They currently have the right amount of influence,A little less influence,A lot less influence,,,,,,17.3,29.2,20.2,7.7,4.8,,,,,,Vi-2026-08-12-Opinium-Observer-Web-Data-tables-1707.xlsx,DV1
"2,050 UK adults",12 - 14 August 2026,,,,2050,,age,35-49,"Q:DV1. Do you think England’s metro mayors should have more or less influence over each of these policy areas?
 Transport",Best party on transport,transport,A lot more influence,A little more influence,They currently have the right amount of influence,A little less influence,A lot less influence,,,,,,17.5,26.5,21.0,5.2,4.9,,,,,,Vi-2026-08-12-Opinium-Observer-Web-Data-tables-1707.xlsx,DV1
"2,050 UK adults",12 - 14 August 2026,,,,2050,,age,50-64,"Q:DV1. Do you think England’s metro mayors should have more or less influence over each of these policy areas?
 Transport",Best party on transport,transport,A lot more influence,A little more influence,They currently have the right amount of influence,A little less influence,A lot less influence,,,,,,18.0,27.1,18.9,3.7,8.2,,,,,,Vi-2026-08-12-Opinium-Observer-Web-Data-tables-1707.xlsx,DV1
"2,050 UK adults",12 - 14 August 2026,,,,2050,,age,65+,"Q:DV1. Do you think England’s metro mayors should have more or less influence over each of these policy areas?
 Transport",Best party on transport,transport,A lot more influence,A little more influence,They currently have the right amount of influence,A little less influence,A lot less influence,,,,,,14.5,25.4,23.5,6.0,7.6,,,,,,Vi-2026-08-12-Opinium-Observer-Web-Data-tables-1707.xlsx,DV1
"2,050 UK adults",12 - 14 August 2026,,,,2050,,region,North,"Q:DV1. Do you think England’s metro mayors should have more or less influence over each of these policy areas?
 Transport",Best party on transport,transport,A lot more influence,A little more influence,They currently have the right amount of influence,A little less influence,A lot less influence,,,,,,20.1,27.7,22.4,6.2,4.6,,,,,,Vi-2026-08-12-Opinium-Observer-Web-Data-tables-1707.xlsx,DV1
"2,050 UK adults",12 - 14 August 2026,,,,2050,,region,Mids,"Q:DV1. Do you think England’s metro mayors should have more or less influence over each of these policy areas?
 Transport",Best party on transport,transport,A lot more influence,A little more influence,They currently have the right amount of influence,A little less influence,A lot less influence,,,,,,13.7,27.2,23.1,6.5,4.8,,,,,,Vi-2026-08-12-Opinium-Observer-Web-Data-tables-1707.xlsx,DV1
"2,050 UK adults",12 - 14 August 2026,,,,2050,,region,London,"Q:DV1. Do you think England’s metro mayors should have more or less influence over each of these policy areas?
 Transport",Best party on transport,transport,A lot more influence,A little more influence,They currently have the right amount of influence,A little less influence,A lot less influence,,,,,,19.4,28.1,21.1,6.4,9.3,,,,,,Vi-2026-08-12-Opinium-Observer-Web-Data-tables-1707.xlsx,DV1
"2,050 UK adults",12 - 14 August 2026,,,,2050,,region,South,"Q:DV1. Do you think England’s metro mayors should have more or less influence over each of these policy areas?
 Transport",Best party on transport,transport,A lot more influence,A little more influence,They currently have the right amount of influence,A little less influence,A lot less influence,,,,,,15.5,27.4,19.3,5.2,8.3,,,,,,Vi-2026-08-12-Opinium-Observer-Web-Data-tables-1707.xlsx,DV1
"2,050 UK adults",12 - 14 August 2026,,,,2050,,region,Wales,"Q:DV1. Do you think England’s metro mayors should have more or less influence over each of these policy areas?
 Transport",Best party on transport,transport,A lot more influence,A little more influence,They currently have the right amount of influence,A little less influence,A lot less influence,,,,,,12.8,34.4,16.0,7.9,2.2,,,,,,Vi-2026-08-12-Opinium-Observer-Web-Data-tables-1707.xlsx,DV1
"2,050 UK adults",12 - 14 August 2026,,,,2050,,region,Scotland,"Q:DV1. Do you think England’s metro mayors should have more or less influence over each of these policy areas?
 Transport",Best party on transport,transport,A lot more influence,A little more influence,They currently have the right amount of influence,A little less influence,A lot less influence,,,,,,21.0,18.3,18.9,1.9,3.8,,,,,,Vi-2026-08-12-Opinium-Observer-Web-Data-tables-1707.xlsx,DV1
"2,050 UK adults",12 - 14 August 2026,,,,2050,,region,Northern Ireland,"Q:DV1. Do you think England’s metro mayors should have more or less influence over each of these policy areas?
 Transport",Best party on transport,transport,A lot more influence,A little more influence,They currently have the right amount of influence,A little less influence,A lot less influence,,,,,,5.9,27.5,26.8,8.1,7.9,,,,,,Vi-2026-08-12-Opinium-Observer-Web-Data-tables-1707.xlsx,DV1
"2,050 UK adults",12 - 14 August 2026,,,,2050,,total,Total,"Q:DV1. Do you think England’s metro mayors should have more or less influence over each of these policy areas?
 Housing",Best party on housing,hous,A lot more influence,A little more influence,They currently have the right amount of influence,A little less influence,A lot less influence,,,,,,16.8,26.3,18.3,7.7,7.2,,,,,,Vi-2026-08-12-Opinium-Observer-Web-Data-tables-1707.xlsx,DV1 (2)
"2,050 UK adults",12 - 14 August 2026,,,,2050,,current_vote,Con,"Q:DV1. Do you think England’s metro mayors should have more or less influence over each of these policy areas?
 Housing",Best party on housing,hous,A lot more influence,A little more influence,They currently have the right amount of influence,A little less influence,A lot less influence,,,,,,13.2,29.9,23.1,9.3,9.1,,,,,,Vi-2026-08-12-Opinium-Observer-Web-Data-tables-1707.xlsx,DV1 (2)
"2,050 UK adults",12 - 14 August 2026,,,,2050,,current_vote,Lab,"Q:DV1. Do you think England’s metro mayors should have more or less influence over each of these policy areas?
 Housing",Best party on housing,hous,A lot more influence,A little more influence,They currently have the right amount of influence,A little less influence,A lot less influence,,,,,,27.0,32.4,17.7,3.9,2.4,,,,,,Vi-2026-08-12-Opinium-Observer-Web-Data-tables-1707.xlsx,DV1 (2)
"2,050 UK adults",12 - 14 August 2026,,,,2050,,current_vote,Lib Dem,"Q:DV1. Do you think England’s metro mayors should have more or less influence over each of these policy areas?
 Housing",Best party on housing,hous,A lot more influence,A little more influence,They currently have the right amount of influence,A little less influence,A lot less influence,,,,,,21.8,35.6,18.0,6.7,1.9,,,,,,Vi-2026-08-12-Opinium-Observer-Web-Data-tables-1707.xlsx,DV1 (2)
"2,050 UK adults",12 - 14 August 2026,,,,2050,,current_vote,Reform,"Q:DV1. Do you think England’s metro mayors should have more or less influence over each of these policy areas?
 Housing",Best party on housing,hous,A lot more influence,A little more influence,They currently have the right amount of influence,A little less influence,A lot less influence,,,,,,11.0,18.7,19.9,13.2,17.7,,,,,,Vi-2026-08-12-Opinium-Observer-Web-Data-tables-1707.xlsx,DV1 (2)
"2,050 UK adults",12 - 14 August 2026,,,,2050,,current_vote,Green,"Q:DV1. Do you think England’s metro mayors should have more or less influence over each of these policy areas?
 Housing",Best party on housing,hous,A lot more influence,A little more influence,They currently have the right amount of influence,A little less influence,A lot less influence,,,,,,22.1,34.4,17.5,6.6,3.2,,,,,,Vi-2026-08-12-Opinium-Observer-Web-Data-tables-1707.xlsx,DV1 (2)
"2,050 UK adults",12 - 14 August 2026,,,,2050,,historic_vote,Conservative,"Q:DV1. Do you think England’s metro mayors should have more or less influence over each of these policy areas?
 Housing",Best party on housing,hous,A lot more influence,A little more influence,They currently have the right amount of influence,A little less influence,A lot less influence,,,,,,14.2,26.5,22.0,9.9,10.6,,,,,,Vi-2026-08-12-Opinium-Observer-Web-Data-tables-1707.xlsx,DV1 (2)
"2,050 UK adults",12 - 14 August 2026,,,,2050,,historic_vote,Labour,"Q:DV1. Do you think England’s metro mayors should have more or less influence over each of these policy areas?
 Housing",Best party on housing,hous,A lot more influence,A little more influence,They currently have the right amount of influence,A little less influence,A lot less influence,,,,,,22.2,32.1,16.8,5.7,3.0,,,,,,Vi-2026-08-12-Opinium-Observer-Web-Data-tables-1707.xlsx,DV1 (2)
"2,050 UK adults",12 - 14 August 2026,,,,2050,,historic_vote,Lib Dems,"Q:DV1. Do you think England’s metro mayors should have more or less influence over each of these policy areas?
 Housing",Best party on housing,hous,A lot more influence,A little more influence,They currently have the right amount of influence,A little less influence,A lot less influence,,,,,,17.4,40.3,16.1,6.2,4.7,,,,,,Vi-2026-08-12-Opinium-Observer-Web-Data-tables-1707.xlsx,DV1 (2)
"2,050 UK adults",12 - 14 August 2026,,,,2050,,historic_vote,Green,"Q:DV1. Do you think England’s metro mayors should have more or less influence over each of these policy areas?
 Housing",Best party on housing,hous,A lot more influence,A little more influence,They currently have the right amount of influence,A little less influence,A lot less influence,,,,,,25.1,32.3,15.0,7.2,6.3,,,,,,Vi-2026-08-12-Opinium-Observer-Web-Data-tables-1707.xlsx,DV1 (2)
"2,050 UK adults",12 - 14 August 2026,,,,2050,,historic_vote,Reform UK,"Q:DV1. Do you think England’s metro mayors should have more or less influence over each of these policy areas?
 Housing",Best party on housing,hous,A lot more influence,A little more influence,They currently have the right amount of influence,A little less influence,A lot less influence,,,,,,9.9,21.3,16.4,12.5,19.7,,,,,,Vi-2026-08-12-Opinium-Observer-Web-Data-tables-1707.xlsx,DV1 (2)
"2,050 UK adults",12 - 14 August 2026,,,,2050,,historic_vote,Con,"Q:DV1. Do you think England’s metro mayors should have more or less influence over each of these policy areas?
 Housing",Best party on housing,hous,A lot more influence,A little more influence,They currently have the right amount of influence,A little less influence,A lot less influence,,,,,,13.1,25.8,20.1,10.2,11.9,,,,,,Vi-2026-08-12-Opinium-Observer-Web-Data-tables-1707.xlsx,DV1 (2)
"2,050 UK adults",12 - 14 August 2026,,,,2050,,historic_vote,Lab,"Q:DV1. Do you think England’s metro mayors should have more or less influence over each of these policy areas?
 Housing",Best party on housing,hous,A lot more influence,A little more influence,They currently have the right amount of influence,A little less influence,A lot less influence,,,,,,24.1,32.5,17.5,4.5,3.8,,,,,,Vi-2026-08-12-Opinium-Observer-Web-Data-tables-1707.xlsx,DV1 (2)
"2,050 UK adults",12 - 14 August 2026,,,,2050,,historic_vote,Lib Dem,"Q:DV1. Do you think England’s metro mayors should have more or less influence over each of these policy areas?
 Housing",Best party on housing,hous,A lot more influence,A little more influence,They currently have the right amount of influence,A little less influence,A lot less influence,,,,,,21.7,39.3,9.9,5.3,7.1,,,,,,Vi-2026-08-12-Opinium-Observer-Web-Data-tables-1707.xlsx,DV1 (2)
"2,050 UK adults",12 - 14 August 2026,,,,2050,,historic_vote,Remain,"Q:DV1. Do you think England’s metro mayors should have more or less influence over each of these policy areas?
 Housing",Best party on housing,hous,A lot more influence,A little more influence,They currently have the right amount of influence,A little less influence,A lot less influence,,,,,,21.1,34.2,15.2,5.8,4.1,,,,,,Vi-2026-08-12-Opinium-Observer-Web-Data-tables-1707.xlsx,DV1 (2)
"2,050 UK adults",12 - 14 August 2026,,,,2050,,historic_vote,Leave,"Q:DV1. Do you think England’s metro mayors should have more or less influence over each of these policy areas?
 Housing",Best party on housing,hous,A lot more influence,A little more influence,They currently have the right amount of influence,A little less influence,A lot less influence,,,,,,13.2,23.9,17.9,10.4,13.8,,,,,,Vi-2026-08-12-Opinium-Observer-Web-Data-tables-1707.xlsx,DV1 (2)
"2,050 UK adults",12 - 14 August 2026,,,,2050,,gender,Male,"Q:DV1. Do you think England’s metro mayors should have more or less influence over each of these policy areas?
 Housing",Best party on housing,hous,A lot more influence,A little more influence,They currently have the right amount of influence,A little less influence,A lot less influence,,,,,,16.9,27.4,19.7,8.4,8.9,,,,,,Vi-2026-08-12-Opinium-Observer-Web-Data-tables-1707.xlsx,DV1 (2)
"2,050 UK adults",12 - 14 August 2026,,,,2050,,gender,Female,"Q:DV1. Do you think England’s metro mayors should have more or less influence over each of these policy areas?
 Housing",Best party on housing,hous,A lot more influence,A little more influence,They currently have the right amount of influence,A little less influence,A lot less influence,,,,,,16.6,25.3,17.2,7.0,5.5,,,,,,Vi-2026-08-12-Opinium-Observer-Web-Data-tables-1707.xlsx,DV1 (2)
"2,050 UK adults",12 - 14 August 2026,,,,2050,,age,18-34,"Q:DV1. Do you think England’s metro mayors should have more or less influence over each of these policy areas?
 Housing",Best party on housing,hous,A lot more influence,A little more influence,They currently have the right amount of influence,A little less influence,A lot less influence,,,,,,19.0,26.2,21.4,8.2,4.7,,,,,,Vi-2026-08-12-Opinium-Observer-Web-Data-tables-1707.xlsx,DV1 (2)
"2,050 UK adults",12 - 14 August 2026,,,,2050,,age,35-49,"Q:DV1. Do you think England’s metro mayors should have more or less influence over each of these policy areas?
 Housing",Best party on housing,hous,A lot more influence,A little more influence,They currently have the right amount of influence,A little less influence,A lot less influence,,,,,,18.1,25.9,15.4,8.2,6.1,,,,,,Vi-2026-08-12-Opinium-Observer-Web-Data-tables-1707.xlsx,DV1 (2)
"2,050 UK adults",12 - 14 August 2026,,,,2050,,age,50-64,"Q:DV1. Do you think England’s metro mayors should have more or less influence over each of these policy areas?
 Housing",Best party on housing,hous,A lot more influence,A little more influence,They currently have the right amount of influence,A little less influence,A lot less influence,,,,,,15.7,26.9,16.3,6.5,9.2,,,,,,Vi-2026-08-12-Opinium-Observer-Web-Data-tables-1707.xlsx,DV1 (2)
"2,050 UK adults",12 - 14 August 2026,,,,2050,,age,65+,"Q:DV1. Do you think England’s metro mayors should have more or less influence over each of these policy areas?
 Housing",Best party on housing,hous,A lot more influence,A little more influence,They currently have the right amount of influence,A little less influence,A lot less influence,,,,,,14.1,26.2,19.7,7.7,9.3,,,,,,Vi-2026-08-12-Opinium-Observer-Web-Data-tables-1707.xlsx,DV1 (2)
"2,050 UK adults",12 - 14 August 2026,,,,2050,,region,North,"Q:DV1. Do you think England’s metro mayors should have more or less influence over each of these policy areas?
 Housing",Best party on housing,hous,A lot more influence,A little more influence,They currently have the right amount of influence,A little less influence,A lot less influence,,,,,,18.7,26.9,20.5,7.6,5.6,,,,,,Vi-2026-08-12-Opinium-Observer-Web-Data-tables-1707.xlsx,DV1 (2)
"2,050 UK adults",12 - 14 August 2026,,,,2050,,region,Mids,"Q:DV1. Do you think England’s metro mayors should have more or less influence over each of these policy areas?
 Housing",Best party on housing,hous,A lot more influence,A little more influence,They currently have the right amount of influence,A little less influence,A lot less influence,,,,,,15.7,24.9,20.3,9.5,5.8,,,,,,Vi-2026-08-12-Opinium-Observer-Web-Data-tables-1707.xlsx,DV1 (2)
"2,050 UK adults",12 - 14 August 2026,,,,2050,,region,London,"Q:DV1. Do you think England’s metro mayors should have more or less influence over each of these policy areas?
 Housing",Best party on housing,hous,A lot more influence,A little more influence,They currently have the right amount of influence,A little less influence,A lot less influence,,,,,,19.8,27.4,17.4,7.3,9.5,,,,,,Vi-2026-08-12-Opinium-Observer-Web-Data-tables-1707.xlsx,DV1 (2)
"2,050 UK adults",12 - 14 August 2026,,,,2050,,region,South,"Q:DV1. Do you think England’s metro mayors should have more or less influence over each of these policy areas?
 Housing",Best party on housing,hous,A lot more influence,A little more influence,They currently have the right amount of influence,A little less influence,A lot less influence,,,,,,14.4,27.2,17.2,7.5,9.1,,,,,,Vi-2026-08-12-Opinium-Observer-Web-Data-tables-1707.xlsx,DV1 (2)
"2,050 UK adults",12 - 14 August 2026,,,,2050,,region,Wales,"Q:DV1. Do you think England’s metro mayors should have more or less influence over each of these policy areas?
 Housing",Best party on housing,hous,A lot more influence,A little more influence,They currently have the right amount of influence,A little less influence,A lot less influence,,,,,,14.6,22.7,20.6,6.0,7.1,,,,,,Vi-2026-08-12-Opinium-Observer-Web-Data-tables-1707.xlsx,DV1 (2)
"2,050 UK adults",12 - 14 August 2026,,,,2050,,region,Scotland,"Q:DV1. Do you think England’s metro mayors should have more or less influence over each of these policy areas?
 Housing",Best party on housing,hous,A lot more influence,A little more influence,They currently have the right amount of influence,A little less influence,A lot less influence,,,,,,20.5,24.4,11.6,4.4,3.4,,,,,,Vi-2026-08-12-Opinium-Observer-Web-Data-tables-1707.xlsx,DV1 (2)
"2,050 UK adults",12 - 14 August 2026,,,,2050,,region,Northern Ireland,"Q:DV1. Do you think England’s metro mayors should have more or less influence over each of these policy areas?
 Housing",Best party on housing,hous,A lot more influence,A little more influence,They currently have the right amount of influence,A little less influence,A lot less influence,,,,,,13.0,24.4,21.7,13.6,8.6,,,,,,Vi-2026-08-12-Opinium-Observer-Web-Data-tables-1707.xlsx,DV1 (2)
"2,050 UK adults",12 - 14 August 2026,,,,2050,,total,Total,"Q:DV1. Do you think England’s metro mayors should have more or less influence over each of these policy areas?
 Taxation",UNMATCHED,,A lot more influence,A little more influence,They currently have the right amount of influence,A little less influence,A lot less influence,,,,,,7.2,17.3,24.3,10.5,12.8,,,,,,Vi-2026-08-12-Opinium-Observer-Web-Data-tables-1707.xlsx,DV1 (3)
"2,050 UK adults",12 - 14 August 2026,,,,2050,,current_vote,Con,"Q:DV1. Do you think England’s metro mayors should have more or less influence over each of these policy areas?
 Taxation",UNMATCHED,,A lot more influence,A little more influence,They currently have the right amount of influence,A little less influence,A lot less influence,,,,,,7.0,11.9,23.9,18.8,18.8,,,,,,Vi-2026-08-12-Opinium-Observer-Web-Data-tables-1707.xlsx,DV1 (3)
"2,050 UK adults",12 - 14 August 2026,,,,2050,,current_vote,Lab,"Q:DV1. Do you think England’s metro mayors should have more or less influence over each of these policy areas?
 Taxation",UNMATCHED,,A lot more influence,A little more influence,They currently have the right amount of influence,A little less influence,A lot less influence,,,,,,8.9,26.6,31.1,9.8,5.5,,,,,,Vi-2026-08-12-Opinium-Observer-Web-Data-tables-1707.xlsx,DV1 (3)
"2,050 UK adults",12 - 14 August 2026,,,,2050,,current_vote,Lib Dem,"Q:DV1. Do you think England’s metro mayors should have more or less influence over each of these policy areas?
 Taxation",UNMATCHED,,A lot more influence,A little more influence,They currently have the right amount of influence,A little less influence,A lot less influence,,,,,,6.3,22.0,22.4,14.8,7.4,,,,,,Vi-2026-08-12-Opinium-Observer-Web-Data-tables-1707.xlsx,DV1 (3)
"2,050 UK adults",12 - 14 August 2026,,,,2050,,current_vote,Reform,"Q:DV1. Do you think England’s metro mayors should have more or less influence over each of these policy areas?
 Taxation",UNMATCHED,,A lot more influence,A little more influence,They currently have the right amount of influence,A little less influence,A lot less influence,,,,,,6.5,12.6,22.2,10.9,27.3,,,,,,Vi-2026-08-12-Opinium-Observer-Web-Data-tables-1707.xlsx,DV1 (3)
"2,050 UK adults",12 - 14 August 2026,,,,2050,,current_vote,Green,"Q:DV1. Do you think England’s metro mayors should have more or less influence over each of these policy areas?
 Taxation",UNMATCHED,,A lot more influence,A little more influence,They currently have the right amount of influence,A little less influence,A lot less influence,,,,,,12.8,27.2,28.5,6.1,4.1,,,,,,Vi-2026-08-12-Opinium-Observer-Web-Data-tables-1707.xlsx,DV1 (3)
"2,050 UK adults",12 - 14 August 2026,,,,2050,,historic_vote,Conservative,"Q:DV1. Do you think England’s metro mayors should have more or less influence over each of these policy areas?
 Taxation",UNMATCHED,,A lot more influence,A little more influence,They currently have the right amount of influence,A little less influence,A lot less influence,,,,,,7.6,11.5,24.2,15.6,21.8,,,,,,Vi-2026-08-12-Opinium-Observer-Web-Data-tables-1707.xlsx,DV1 (3)
"2,050 UK adults",12 - 14 August 2026,,,,2050,,historic_vote,Labour,"Q:DV1. Do you think England’s metro mayors should have more or less influence over each of these policy areas?
 Taxation",UNMATCHED,,A lot more influence,A little more influence,They currently have the right amount of influence,A little less influence,A lot less influence,,,,,,8.3,22.1,30.5,10.0,5.8,,,,,,Vi-2026-08-12-Opinium-Observer-Web-Data-tables-1707.xlsx,DV1 (3)
"2,050 UK adults",12 - 14 August 2026,,,,2050,,historic_vote,Lib Dems,"Q:DV1. Do you think England’s metro mayors should have more or less influence over each of these policy areas?
 Taxation",UNMATCHED,,A lot more influence,A little more influence,They currently have the right amount of influence,A little less influence,A lot less influence,,,,,,3.0,21.5,26.1,12.9,11.0,,,,,,Vi-2026-08-12-Opinium-Observer-Web-Data-tables-1707.xlsx,DV1 (3)
"2,050 UK adults",12 - 14 August 2026,,,,2050,,historic_vote,Green,"Q:DV1. Do you think England’s metro mayors should have more or less influence over each of these policy areas?
 Taxation",UNMATCHED,,A lot more influence,A little more influence,They currently have the right amount of influence,A little less influence,A lot less influence,,,,,,14.9,26.2,26.4,11.4,5.7,,,,,,Vi-2026-08-12-Opinium-Observer-Web-Data-tables-1707.xlsx,DV1 (3)
"2,050 UK adults",12 - 14 August 2026,,,,2050,,historic_vote,Reform UK,"Q:DV1. Do you think England’s metro mayors should have more or less influence over each of these policy areas?
 Taxation",UNMATCHED,,A lot more influence,A little more influence,They currently have the right amount of influence,A little less influence,A lot less influence,,,,,,3.0,11.1,18.5,11.6,31.4,,,,,,Vi-2026-08-12-Opinium-Observer-Web-Data-tables-1707.xlsx,DV1 (3)
"2,050 UK adults",12 - 14 August 2026,,,,2050,,historic_vote,Con,"Q:DV1. Do you think England’s metro mayors should have more or less influence over each of these policy areas?
 Taxation",UNMATCHED,,A lot more influence,A little more influence,They currently have the right amount of influence,A little less influence,A lot less influence,,,,,,5.1,12.2,23.9,12.9,23.9,,,,,,Vi-2026-08-12-Opinium-Observer-Web-Data-tables-1707.xlsx,DV1 (3)
"2,050 UK adults",12 - 14 August 2026,,,,2050,,historic_vote,Lab,"Q:DV1. Do you think England’s metro mayors should have more or less influence over each of these policy areas?
 Taxation",UNMATCHED,,A lot more influence,A little more influence,They currently have the right amount of influence,A little less influence,A lot less influence,,,,,,7.3,24.3,30.7,8.0,7.9,,,,,,Vi-2026-08-12-Opinium-Observer-Web-Data-tables-1707.xlsx,DV1 (3)
"2,050 UK adults",12 - 14 August 2026,,,,2050,,historic_vote,Lib Dem,"Q:DV1. Do you think England’s metro mayors should have more or less influence over each of these policy areas?
 Taxation",UNMATCHED,,A lot more influence,A little more influence,They currently have the right amount of influence,A little less influence,A lot less influence,,,,,,5.7,18.3,25.8,15.3,12.0,,,,,,Vi-2026-08-12-Opinium-Observer-Web-Data-tables-1707.xlsx,DV1 (3)
"2,050 UK adults",12 - 14 August 2026,,,,2050,,historic_vote,Remain,"Q:DV1. Do you think England’s metro mayors should have more or less influence over each of these policy areas?
 Taxation",UNMATCHED,,A lot more influence,A little more influence,They currently have the right amount of influence,A little less influence,A lot less influence,,,,,,6.8,22.5,28.2,9.3,8.5,,,,,,Vi-2026-08-12-Opinium-Observer-Web-Data-tables-1707.xlsx,DV1 (3)
"2,050 UK adults",12 - 14 August 2026,,,,2050,,historic_vote,Leave,"Q:DV1. Do you think England’s metro mayors should have more or less influence over each of these policy areas?
 Taxation",UNMATCHED,,A lot more influence,A little more influence,They currently have the right amount of influence,A little less influence,A lot less influence,,,,,,4.8,12.7,22.2,12.1,24.0,,,,,,Vi-2026-08-12-Opinium-Observer-Web-Data-tables-1707.xlsx,DV1 (3)
"2,050 UK adults",12 - 14 August 2026,,,,2050,,gender,Male,"Q:DV1. Do you think England’s metro mayors should have more or less influence over each of these policy areas?
 Taxation",UNMATCHED,,A lot more influence,A little more influence,They currently have the right amount of influence,A little less influence,A lot less influence,,,,,,7.4,19.6,25.0,11.8,15.3,,,,,,Vi-2026-08-12-Opinium-Observer-Web-Data-tables-1707.xlsx,DV1 (3)
"2,050 UK adults",12 - 14 August 2026,,,,2050,,gender,Female,"Q:DV1. Do you think England’s metro mayors should have more or less influence over each of these policy areas?
 Taxation",UNMATCHED,,A lot more influence,A little more influence,They currently have the right amount of influence,A little less influence,A lot less influence,,,,,,7.1,15.1,23.8,9.3,10.5,,,,,,Vi-2026-08-12-Opinium-Observer-Web-Data-tables-1707.xlsx,DV1 (3)
"2,050 UK adults",12 - 14 August 2026,,,,2050,,age,18-34,"Q:DV1. Do you think England’s metro mayors should have more or less influence over each of these policy areas?
 Taxation",UNMATCHED,,A lot more influence,A little more influence,They currently have the right amount of influence,A little less influence,A lot less influence,,,,,,12.3,22.2,22.6,12.5,6.3,,,,,,Vi-2026-08-12-Opinium-Observer-Web-Data-tables-1707.xlsx,DV1 (3)
"2,050 UK adults",12 - 14 August 2026,,,,2050,,age,35-49,"Q:DV1. Do you think England’s metro mayors should have more or less influence over each of these policy areas?
 Taxation",UNMATCHED,,A lot more influence,A little more influence,They currently have the right amount of influence,A little less influence,A lot less influence,,,,,,8.0,19.7,23.5,10.1,9.9,,,,,,Vi-2026-08-12-Opinium-Observer-Web-Data-tables-1707.xlsx,DV1 (3)
"2,050 UK adults",12 - 14 August 2026,,,,2050,,age,50-64,"Q:DV1. Do you think England’s metro mayors should have more or less influence over each of these policy areas?
 Taxation",UNMATCHED,,A lot more influence,A little more influence,They currently have the right amount of influence,A little less influence,A lot less influence,,,,,,4.4,15.2,24.7,9.1,14.8,,,,,,Vi-2026-08-12-Opinium-Observer-Web-Data-tables-1707.xlsx,DV1 (3)
"2,050 UK adults",12 - 14 August 2026,,,,2050,,age,65+,"Q:DV1. Do you think England’s metro mayors should have more or less influence over each of these policy areas?
 Taxation",UNMATCHED,,A lot more influence,A little more influence,They currently have the right amount of influence,A little less influence,A lot less influence,,,,,,3.6,11.4,26.6,9.9,21.5,,,,,,Vi-2026-08-12-Opinium-Observer-Web-Data-tables-1707.xlsx,DV1 (3)
"2,050 UK adults",12 - 14 August 2026,,,,2050,,region,North,"Q:DV1. Do you think England’s metro mayors should have more or less influence over each of these policy areas?
 Taxation",UNMATCHED,,A lot more influence,A little more influence,They currently have the right amount of influence,A little less influence,A lot less influence,,,,,,9.8,18.1,26.2,11.9,8.5,,,,,,Vi-2026-08-12-Opinium-Observer-Web-Data-tables-1707.xlsx,DV1 (3)
"2,050 UK adults",12 - 14 August 2026,,,,2050,,region,Mids,"Q:DV1. Do you think England’s metro mayors should have more or less influence over each of these policy areas?
 Taxation",UNMATCHED,,A lot more influence,A little more influence,They currently have the right amount of influence,A little less influence,A lot less influence,,,,,,6.3,15.7,27.8,13.9,9.8,,,,,,Vi-2026-08-12-Opinium-Observer-Web-Data-tables-1707.xlsx,DV1 (3)
"2,050 UK adults",12 - 14 August 2026,,,,2050,,region,London,"Q:DV1. Do you think England’s metro mayors should have more or less influence over each of these policy areas?
 Taxation",UNMATCHED,,A lot more influence,A little more influence,They currently have the right amount of influence,A little less influence,A lot less influence,,,,,,9.7,21.0,22.7,11.8,13.4,,,,,,Vi-2026-08-12-Opinium-Observer-Web-Data-tables-1707.xlsx,DV1 (3)
"2,050 UK adults",12 - 14 August 2026,,,,2050,,region,South,"Q:DV1. Do you think England’s metro mayors should have more or less influence over each of these policy areas?
 Taxation",UNMATCHED,,A lot more influence,A little more influence,They currently have the right amount of influence,A little less influence,A lot less influence,,,,,,5.6,16.7,21.7,8.7,16.5,,,,,,Vi-2026-08-12-Opinium-Observer-Web-Data-tables-1707.xlsx,DV1 (3)
"2,050 UK adults",12 - 14 August 2026,,,,2050,,region,Wales,"Q:DV1. Do you think England’s metro mayors should have more or less influence over each of these policy areas?
 Taxation",UNMATCHED,,A lot more influence,A little more influence,They currently have the right amount of influence,A little less influence,A lot less influence,,,,,,,17.5,28.7,7.0,17.6,,,,,,Vi-2026-08-12-Opinium-Observer-Web-Data-tables-1707.xlsx,DV1 (3)
"2,050 UK adults",12 - 14 August 2026,,,,2050,,region,Scotland,"Q:DV1. Do you think England’s metro mayors should have more or less influence over each of these policy areas?
 Taxation",UNMATCHED,,A lot more influence,A little more influence,They currently have the right amount of influence,A little less influence,A lot less influence,,,,,,10.2,13.4,20.8,5.7,12.8,,,,,,Vi-2026-08-12-Opinium-Observer-Web-Data-tables-1707.xlsx,DV1 (3)
"2,050 UK adults",12 - 14 August 2026,,,,2050,,region,Northern Ireland,"Q:DV1. Do you think England’s metro mayors should have more or less influence over each of these policy areas?
 Taxation",UNMATCHED,,A lot more influence,A little more influence,They currently have the right amount of influence,A little less influence,A lot less influence,,,,,,1.4,21.5,27.2,12.8,15.9,,,,,,Vi-2026-08-12-Opinium-Observer-Web-Data-tables-1707.xlsx,DV1 (3)
"2,050 UK adults",12 - 14 August 2026,,,,2050,,total,Total,"Q:DV1. Do you think England’s metro mayors should have more or less influence over each of these policy areas?
 Policing",Best party on crime,policing,A lot more influence,A little more influence,They currently have the right amount of influence,A little less influence,A lot less influence,,,,,,14.6,26.4,20.8,6.2,7.9,,,,,,Vi-2026-08-12-Opinium-Observer-Web-Data-tables-1707.xlsx,DV1 (4)
"2,050 UK adults",12 - 14 August 2026,,,,2050,,current_vote,Con,"Q:DV1. Do you think England’s metro mayors should have more or less influence over each of these policy areas?
 Policing",Best party on crime,policing,A lot more influence,A little more influence,They currently have the right amount of influence,A little less influence,A lot less influence,,,,,,14.4,25.1,26.6,7.4,10.8,,,,,,Vi-2026-08-12-Opinium-Observer-Web-Data-tables-1707.xlsx,DV1 (4)
"2,050 UK adults",12 - 14 August 2026,,,,2050,,current_vote,Lab,"Q:DV1. Do you think England’s metro mayors should have more or less influence over each of these policy areas?
 Policing",Best party on crime,policing,A lot more influence,A little more influence,They currently have the right amount of influence,A little less influence,A lot less influence,,,,,,19.8,35.6,22.7,4.4,2.3,,,,,,Vi-2026-08-12-Opinium-Observer-Web-Data-tables-1707.xlsx,DV1 (4)
"2,050 UK adults",12 - 14 August 2026,,,,2050,,current_vote,Lib Dem,"Q:DV1. Do you think England’s metro mayors should have more or less influence over each of these policy areas?
 Policing",Best party on crime,policing,A lot more influence,A little more influence,They currently have the right amount of influence,A little less influence,A lot less influence,,,,,,19.0,32.2,18.6,3.9,4.7,,,,,,Vi-2026-08-12-Opinium-Observer-Web-Data-tables-1707.xlsx,DV1 (4)
"2,050 UK adults",12 - 14 August 2026,,,,2050,,current_vote,Reform,"Q:DV1. Do you think England’s metro mayors should have more or less influence over each of these policy areas?
 Policing",Best party on crime,policing,A lot more influence,A little more influence,They currently have the right amount of influence,A little less influence,A lot less influence,,,,,,12.4,19.6,22.5,9.1,18.9,,,,,,Vi-2026-08-12-Opinium-Observer-Web-Data-tables-1707.xlsx,DV1 (4)
"2,050 UK adults",12 - 14 August 2026,,,,2050,,current_vote,Green,"Q:DV1. Do you think England’s metro mayors should have more or less influence over each of these policy areas?
 Policing",Best party on crime,policing,A lot more influence,A little more influence,They currently have the right amount of influence,A little less influence,A lot less influence,,,,,,14.5,38.8,20.5,6.3,2.4,,,,,,Vi-2026-08-12-Opinium-Observer-Web-Data-tables-1707.xlsx,DV1 (4)
"2,050 UK adults",12 - 14 August 2026,,,,2050,,historic_vote,Conservative,"Q:DV1. Do you think England’s metro mayors should have more or less influence over each of these policy areas?
 Policing",Best party on crime,policing,A lot more influence,A little more influence,They currently have the right amount of influence,A little less influence,A lot less influence,,,,,,13.6,26.2,23.5,8.9,12.2,,,,,,Vi-2026-08-12-Opinium-Observer-Web-Data-tables-1707.xlsx,DV1 (4)
"2,050 UK adults",12 - 14 August 2026,,,,2050,,historic_vote,Labour,"Q:DV1. Do you think England’s metro mayors should have more or less influence over each of these policy areas?
 Policing",Best party on crime,policing,A lot more influence,A little more influence,They currently have the right amount of influence,A little less influence,A lot less influence,,,,,,17.3,32.0,23.5,3.8,3.5,,,,,,Vi-2026-08-12-Opinium-Observer-Web-Data-tables-1707.xlsx,DV1 (4)
"2,050 UK adults",12 - 14 August 2026,,,,2050,,historic_vote,Lib Dems,"Q:DV1. Do you think England’s metro mayors should have more or less influence over each of these policy areas?
 Policing",Best party on crime,policing,A lot more influence,A little more influence,They currently have the right amount of influence,A little less influence,A lot less influence,,,,,,19.1,33.5,17.3,5.0,6.5,,,,,,Vi-2026-08-12-Opinium-Observer-Web-Data-tables-1707.xlsx,DV1 (4)
"2,050 UK adults",12 - 14 August 2026,,,,2050,,historic_vote,Green,"Q:DV1. Do you think England’s metro mayors should have more or less influence over each of these policy areas?
 Policing",Best party on crime,policing,A lot more influence,A little more influence,They currently have the right amount of influence,A little less influence,A lot less influence,,,,,,17.9,31.2,22.1,10.2,4.0,,,,,,Vi-2026-08-12-Opinium-Observer-Web-Data-tables-1707.xlsx,DV1 (4)
"2,050 UK adults",12 - 14 August 2026,,,,2050,,historic_vote,Reform UK,"Q:DV1. Do you think England’s metro mayors should have more or less influence over each of these policy areas?
 Policing",Best party on crime,policing,A lot more influence,A little more influence,They currently have the right amount of influence,A little less influence,A lot less influence,,,,,,11.0,20.2,18.4,9.3,22.4,,,,,,Vi-2026-08-12-Opinium-Observer-Web-Data-tables-1707.xlsx,DV1 (4)
"2,050 UK adults",12 - 14 August 2026,,,,2050,,historic_vote,Con,"Q:DV1. Do you think England’s metro mayors should have more or less influence over each of these policy areas?
 Policing",Best party on crime,policing,A lot more influence,A little more influence,They currently have the right amount of influence,A little less influence,A lot less influence,,,,,,13.3,24.4,21.3,8.3,14.3,,,,,,Vi-2026-08-12-Opinium-Observer-Web-Data-tables-1707.xlsx,DV1 (4)
"2,050 UK adults",12 - 14 August 2026,,,,2050,,historic_vote,Lab,"Q:DV1. Do you think England’s metro mayors should have more or less influence over each of these policy areas?
 Policing",Best party on crime,policing,A lot more influence,A little more influence,They currently have the right amount of influence,A little less influence,A lot less influence,,,,,,19.4,31.8,25.1,3.1,4.1,,,,,,Vi-2026-08-12-Opinium-Observer-Web-Data-tables-1707.xlsx,DV1 (4)
"2,050 UK adults",12 - 14 August 2026,,,,2050,,historic_vote,Lib Dem,"Q:DV1. Do you think England’s metro mayors should have more or less influence over each of these policy areas?
 Policing",Best party on crime,policing,A lot more influence,A little more influence,They currently have the right amount of influence,A little less influence,A lot less influence,,,,,,19.3,29.6,17.6,5.4,7.8,,,,,,Vi-2026-08-12-Opinium-Observer-Web-Data-tables-1707.xlsx,DV1 (4)
"2,050 UK adults",12 - 14 August 2026,,,,2050,,historic_vote,Remain,"Q:DV1. Do you think England’s metro mayors should have more or less influence over each of these policy areas?
 Policing",Best party on crime,policing,A lot more influence,A little more influence,They currently have the right amount of influence,A little less influence,A lot less influence,,,,,,17.1,33.7,19.8,4.2,3.9,,,,,,Vi-2026-08-12-Opinium-Observer-Web-Data-tables-1707.xlsx,DV1 (4)
"2,050 UK adults",12 - 14 August 2026,,,,2050,,historic_vote,Leave,"Q:DV1. Do you think England’s metro mayors should have more or less influence over each of these policy areas?
 Policing",Best party on crime,policing,A lot more influence,A little more influence,They currently have the right amount of influence,A little less influence,A lot less influence,,,,,,13.6,23.4,20.4,7.9,15.9,,,,,,Vi-2026-08-12-Opinium-Observer-Web-Data-tables-1707.xlsx,DV1 (4)
"2,050 UK adults",12 - 14 August 2026,,,,2050,,gender,Male,"Q:DV1. Do you think England’s metro mayors should have more or less influence over each of these policy areas?
 Policing",Best party on crime,policing,A lot more influence,A little more influence,They currently have the right amount of influence,A little less influence,A lot less influence,,,,,,13.4,27.6,23.4,6.6,9.9,,,,,,Vi-2026-08-12-Opinium-Observer-Web-Data-tables-1707.xlsx,DV1 (4)
"2,050 UK adults",12 - 14 August 2026,,,,2050,,gender,Female,"Q:DV1. Do you think England’s metro mayors should have more or less influence over each of these policy areas?
 Policing",Best party on crime,policing,A lot more influence,A little more influence,They currently have the right amount of influence,A little less influence,A lot less influence,,,,,,15.8,25.4,18.2,5.8,6.0,,,,,,Vi-2026-08-12-Opinium-Observer-Web-Data-tables-1707.xlsx,DV1 (4)
"2,050 UK adults",12 - 14 August 2026,,,,2050,,age,18-34,"Q:DV1. Do you think England’s metro mayors should have more or less influence over each of these policy areas?
 Policing",Best party on crime,policing,A lot more influence,A little more influence,They currently have the right amount of influence,A little less influence,A lot less influence,,,,,,12.5,27.2,24.7,7.5,4.5,,,,,,Vi-2026-08-12-Opinium-Observer-Web-Data-tables-1707.xlsx,DV1 (4)
"2,050 UK adults",12 - 14 August 2026,,,,2050,,age,35-49,"Q:DV1. Do you think England’s metro mayors should have more or less influence over each of these policy areas?
 Policing",Best party on crime,policing,A lot more influence,A little more influence,They currently have the right amount of influence,A little less influence,A lot less influence,,,,,,17.7,28.1,16.7,5.5,6.8,,,,,,Vi-2026-08-12-Opinium-Observer-Web-Data-tables-1707.xlsx,DV1 (4)
"2,050 UK adults",12 - 14 August 2026,,,,2050,,age,50-64,"Q:DV1. Do you think England’s metro mayors should have more or less influence over each of these policy areas?
 Policing",Best party on crime,policing,A lot more influence,A little more influence,They currently have the right amount of influence,A little less influence,A lot less influence,,,,,,15.2,23.5,19.3,5.5,10.4,,,,,,Vi-2026-08-12-Opinium-Observer-Web-Data-tables-1707.xlsx,DV1 (4)
"2,050 UK adults",12 - 14 August 2026,,,,2050,,age,65+,"Q:DV1. Do you think England’s metro mayors should have more or less influence over each of these policy areas?
 Policing",Best party on crime,policing,A lot more influence,A little more influence,They currently have the right amount of influence,A little less influence,A lot less influence,,,,,,13.3,26.8,22.0,6.1,10.6,,,,,,Vi-2026-08-12-Opinium-Observer-Web-Data-tables-1707.xlsx,DV1 (4)
"2,050 UK adults",12 - 14 August 2026,,,,2050,,region,North,"Q:DV1. Do you think England’s metro mayors should have more or less influence over each of these policy areas?
 Policing",Best party on crime,policing,A lot more influence,A little more influence,They currently have the right amount of influence,A little less influence,A lot less influence,,,,,,18.0,26.8,23.4,6.4,5.7,,,,,,Vi-2026-08-12-Opinium-Observer-Web-Data-tables-1707.xlsx,DV1 (4)
"2,050 UK adults",12 - 14 August 2026,,,,2050,,region,Mids,"Q:DV1. Do you think England’s metro mayors should have more or less influence over each of these policy areas?
 Policing",Best party on crime,policing,A lot more influence,A little more influence,They currently have the right amount of influence,A little less influence,A lot less influence,,,,,,11.6,26.5,24.0,7.2,6.4,,,,,,Vi-2026-08-12-Opinium-Observer-Web-Data-tables-1707.xlsx,DV1 (4)
"2,050 UK adults",12 - 14 August 2026,,,,2050,,region,London,"Q:DV1. Do you think England’s metro mayors should have more or less influence over each of these policy areas?
 Policing",Best party on crime,policing,A lot more influence,A little more influence,They currently have the right amount of influence,A little less influence,A lot less influence,,,,,,16.4,33.2,17.5,5.2,10.0,,,,,,Vi-2026-08-12-Opinium-Observer-Web-Data-tables-1707.xlsx,DV1 (4)
"2,050 UK adults",12 - 14 August 2026,,,,2050,,region,South,"Q:DV1. Do you think England’s metro mayors should have more or less influence over each of these policy areas?
 Policing",Best party on crime,policing,A lot more influence,A little more influence,They currently have the right amount of influence,A little less influence,A lot less influence,,,,,,13.8,26.3,19.5,5.6,9.9,,,,,,Vi-2026-08-12-Opinium-Observer-Web-Data-tables-1707.xlsx,DV1 (4)
"2,050 UK adults",12 - 14 August 2026,,,,2050,,region,Wales,"Q:DV1. Do you think England’s metro mayors should have more or less influence over each of these policy areas?
 Policing",Best party on crime,policing,A lot more influence,A little more influence,They currently have the right amount of influence,A little less influence,A lot less influence,,,,,,7.7,23.9,27.2,2.9,8.5,,,,,,Vi-2026-08-12-Opinium-Observer-Web-Data-tables-1707.xlsx,DV1 (4)
"2,050 UK adults",12 - 14 August 2026,,,,2050,,region,Scotland,"Q:DV1. Do you think England’s metro mayors should have more or less influence over each of these policy areas?
 Policing",Best party on crime,policing,A lot more influence,A little more influence,They currently have the right amount of influence,A little less influence,A lot less influence,,,,,,17.3,17.1,14.1,7.3,5.0,,,,,,Vi-2026-08-12-Opinium-Observer-Web-Data-tables-1707.xlsx,DV1 (4)
"2,050 UK adults",12 - 14 August 2026,,,,2050,,region,Northern Ireland,"Q:DV1. Do you think England’s metro mayors should have more or less influence over each of these policy areas?
 Policing",Best party on crime,policing,A lot more influence,A little more influence,They currently have the right amount of influence,A little less influence,A lot less influence,,,,,,8.4,23.9,19.3,12.6,11.0,,,,,,Vi-2026-08-12-Opinium-Observer-Web-Data-tables-1707.xlsx,DV1 (4)
"2,050 UK adults",12 - 14 August 2026,,,,2050,,total,Total,"Q:DV1. Do you think England’s metro mayors should have more or less influence over each of these policy areas?
 Education",Best party on education,education,A lot more influence,A little more influence,They currently have the right amount of influence,A little less influence,A lot less influence,,,,,,11.1,23.9,22.8,7.3,8.8,,,,,,Vi-2026-08-12-Opinium-Observer-Web-Data-tables-1707.xlsx,DV1 (5)
"2,050 UK adults",12 - 14 August 2026,,,,2050,,current_vote,Con,"Q:DV1. Do you think England’s metro mayors should have more or less influence over each of these policy areas?
 Education",Best party on education,education,A lot more influence,A little more influence,They currently have the right amount of influence,A little less influence,A lot less influence,,,,,,8.3,23.9,25.6,10.2,11.2,,,,,,Vi-2026-08-12-Opinium-Observer-Web-Data-tables-1707.xlsx,DV1 (5)
"2,050 UK adults",12 - 14 August 2026,,,,2050,,current_vote,Lab,"Q:DV1. Do you think England’s metro mayors should have more or less influence over each of these policy areas?
 Education",Best party on education,education,A lot more influence,A little more influence,They currently have the right amount of influence,A little less influence,A lot less influence,,,,,,16.1,29.9,27.8,7.3,2.0,,,,,,Vi-2026-08-12-Opinium-Observer-Web-Data-tables-1707.xlsx,DV1 (5)
"2,050 UK adults",12 - 14 August 2026,,,,2050,,current_vote,Lib Dem,"Q:DV1. Do you think England’s metro mayors should have more or less influence over each of these policy areas?
 Education",Best party on education,education,A lot more influence,A little more influence,They currently have the right amount of influence,A little less influence,A lot less influence,,,,,,6.8,38.8,19.8,8.2,6.3,,,,,,Vi-2026-08-12-Opinium-Observer-Web-Data-tables-1707.xlsx,DV1 (5)
"2,050 UK adults",12 - 14 August 2026,,,,2050,,current_vote,Reform,"Q:DV1. Do you think England’s metro mayors should have more or less influence over each of these policy areas?
 Education",Best party on education,education,A lot more influence,A little more influence,They currently have the right amount of influence,A little less influence,A lot less influence,,,,,,8.4,20.6,24.6,6.3,20.2,,,,,,Vi-2026-08-12-Opinium-Observer-Web-Data-tables-1707.xlsx,DV1 (5)
"2,050 UK adults",12 - 14 August 2026,,,,2050,,current_vote,Green,"Q:DV1. Do you think England’s metro mayors should have more or less influence over each of these policy areas?
 Education",Best party on education,education,A lot more influence,A little more influence,They currently have the right amount of influence,A little less influence,A lot less influence,,,,,,17.2,31.2,19.9,9.6,4.0,,,,,,Vi-2026-08-12-Opinium-Observer-Web-Data-tables-1707.xlsx,DV1 (5)
"2,050 UK adults",12 - 14 August 2026,,,,2050,,historic_vote,Conservative,"Q:DV1. Do you think England’s metro mayors should have more or less influence over each of these policy areas?
 Education",Best party on education,education,A lot more influence,A little more influence,They currently have the right amount of influence,A little less influence,A lot less influence,,,,,,7.9,23.8,25.2,9.1,12.8,,,,,,Vi-2026-08-12-Opinium-Observer-Web-Data-tables-1707.xlsx,DV1 (5)
"2,050 UK adults",12 - 14 August 2026,,,,2050,,historic_vote,Labour,"Q:DV1. Do you think England’s metro mayors should have more or less influence over each of these policy areas?
 Education",Best party on education,education,A lot more influence,A little more influence,They currently have the right amount of influence,A little less influence,A lot less influence,,,,,,15.8,26.2,27.2,6.1,4.1,,,,,,Vi-2026-08-12-Opinium-Observer-Web-Data-tables-1707.xlsx,DV1 (5)
"2,050 UK adults",12 - 14 August 2026,,,,2050,,historic_vote,Lib Dems,"Q:DV1. Do you think England’s metro mayors should have more or less influence over each of these policy areas?
 Education",Best party on education,education,A lot more influence,A little more influence,They currently have the right amount of influence,A little less influence,A lot less influence,,,,,,5.7,38.2,23.1,7.4,7.1,,,,,,Vi-2026-08-12-Opinium-Observer-Web-Data-tables-1707.xlsx,DV1 (5)
"2,050 UK adults",12 - 14 August 2026,,,,2050,,historic_vote,Green,"Q:DV1. Do you think England’s metro mayors should have more or less influence over each of these policy areas?
 Education",Best party on education,education,A lot more influence,A little more influence,They currently have the right amount of influence,A little less influence,A lot less influence,,,,,,10.2,30.6,26.6,8.4,4.6,,,,,,Vi-2026-08-12-Opinium-Observer-Web-Data-tables-1707.xlsx,DV1 (5)
"2,050 UK adults",12 - 14 August 2026,,,,2050,,historic_vote,Reform UK,"Q:DV1. Do you think England’s metro mayors should have more or less influence over each of these policy areas?
 Education",Best party on education,education,A lot more influence,A little more influence,They currently have the right amount of influence,A little less influence,A lot less influence,,,,,,7.6,15.0,20.7,9.1,24.4,,,,,,Vi-2026-08-12-Opinium-Observer-Web-Data-tables-1707.xlsx,DV1 (5)
"2,050 UK adults",12 - 14 August 2026,,,,2050,,historic_vote,Con,"Q:DV1. Do you think England’s metro mayors should have more or less influence over each of these policy areas?
 Education",Best party on education,education,A lot more influence,A little more influence,They currently have the right amount of influence,A little less influence,A lot less influence,,,,,,6.9,22.8,24.9,7.8,15.3,,,,,,Vi-2026-08-12-Opinium-Observer-Web-Data-tables-1707.xlsx,DV1 (5)
"2,050 UK adults",12 - 14 August 2026,,,,2050,,historic_vote,Lab,"Q:DV1. Do you think England’s metro mayors should have more or less influence over each of these policy areas?
 Education",Best party on education,education,A lot more influence,A little more influence,They currently have the right amount of influence,A little less influence,A lot less influence,,,,,,14.9,28.0,28.2,5.6,3.7,,,,,,Vi-2026-08-12-Opinium-Observer-Web-Data-tables-1707.xlsx,DV1 (5)
"2,050 UK adults",12 - 14 August 2026,,,,2050,,historic_vote,Lib Dem,"Q:DV1. Do you think England’s metro mayors should have more or less influence over each of these policy areas?
 Education",Best party on education,education,A lot more influence,A little more influence,They currently have the right amount of influence,A little less influence,A lot less influence,,,,,,5.4,32.0,22.8,11.4,9.5,,,,,,Vi-2026-08-12-Opinium-Observer-Web-Data-tables-1707.xlsx,DV1 (5)
"2,050 UK adults",12 - 14 August 2026,,,,2050,,historic_vote,Remain,"Q:DV1. Do you think England’s metro mayors should have more or less influence over each of these policy areas?
 Education",Best party on education,education,A lot more influence,A little more influence,They currently have the right amount of influence,A little less influence,A lot less influence,,,,,,12.6,28.0,25.0,6.8,4.2,,,,,,Vi-2026-08-12-Opinium-Observer-Web-Data-tables-1707.xlsx,DV1 (5)
"2,050 UK adults",12 - 14 August 2026,,,,2050,,historic_vote,Leave,"Q:DV1. Do you think England’s metro mayors should have more or less influence over each of these policy areas?
 Education",Best party on education,education,A lot more influence,A little more influence,They currently have the right amount of influence,A little less influence,A lot less influence,,,,,,6.8,21.0,24.1,7.6,17.4,,,,,,Vi-2026-08-12-Opinium-Observer-Web-Data-tables-1707.xlsx,DV1 (5)
"2,050 UK adults",12 - 14 August 2026,,,,2050,,gender,Male,"Q:DV1. Do you think England’s metro mayors should have more or less influence over each of these policy areas?
 Education",Best party on education,education,A lot more influence,A little more influence,They currently have the right amount of influence,A little less influence,A lot less influence,,,,,,10.5,25.0,24.9,7.7,11.2,,,,,,Vi-2026-08-12-Opinium-Observer-Web-Data-tables-1707.xlsx,DV1 (5)
"2,050 UK adults",12 - 14 August 2026,,,,2050,,gender,Female,"Q:DV1. Do you think England’s metro mayors should have more or less influence over each of these policy areas?
 Education",Best party on education,education,A lot more influence,A little more influence,They currently have the right amount of influence,A little less influence,A lot less influence,,,,,,11.8,22.8,21.1,6.9,6.4,,,,,,Vi-2026-08-12-Opinium-Observer-Web-Data-tables-1707.xlsx,DV1 (5)
"2,050 UK adults",12 - 14 August 2026,,,,2050,,age,18-34,"Q:DV1. Do you think England’s metro mayors should have more or less influence over each of these policy areas?
 Education",Best party on education,education,A lot more influence,A little more influence,They currently have the right amount of influence,A little less influence,A lot less influence,,,,,,15.3,28.5,21.1,8.1,5.5,,,,,,Vi-2026-08-12-Opinium-Observer-Web-Data-tables-1707.xlsx,DV1 (5)
"2,050 UK adults",12 - 14 August 2026,,,,2050,,age,35-49,"Q:DV1. Do you think England’s metro mayors should have more or less influence over each of these policy areas?
 Education",Best party on education,education,A lot more influence,A little more influence,They currently have the right amount of influence,A little less influence,A lot less influence,,,,,,13.3,23.0,20.6,8.6,6.6,,,,,,Vi-2026-08-12-Opinium-Observer-Web-Data-tables-1707.xlsx,DV1 (5)
"2,050 UK adults",12 - 14 August 2026,,,,2050,,age,50-64,"Q:DV1. Do you think England’s metro mayors should have more or less influence over each of these policy areas?
 Education",Best party on education,education,A lot more influence,A little more influence,They currently have the right amount of influence,A little less influence,A lot less influence,,,,,,8.9,22.2,24.2,5.4,10.7,,,,,,Vi-2026-08-12-Opinium-Observer-Web-Data-tables-1707.xlsx,DV1 (5)
"2,050 UK adults",12 - 14 August 2026,,,,2050,,age,65+,"Q:DV1. Do you think England’s metro mayors should have more or less influence over each of these policy areas?
 Education",Best party on education,education,A lot more influence,A little more influence,They currently have the right amount of influence,A little less influence,A lot less influence,,,,,,6.2,21.4,25.5,7.0,12.9,,,,,,Vi-2026-08-12-Opinium-Observer-Web-Data-tables-1707.xlsx,DV1 (5)
"2,050 UK adults",12 - 14 August 2026,,,,2050,,region,North,"Q:DV1. Do you think England’s metro mayors should have more or less influence over each of these policy areas?
 Education",Best party on education,education,A lot more influence,A little more influence,They currently have the right amount of influence,A little less influence,A lot less influence,,,,,,13.1,27.3,22.9,7.1,6.9,,,,,,Vi-2026-08-12-Opinium-Observer-Web-Data-tables-1707.xlsx,DV1 (5)
"2,050 UK adults",12 - 14 August 2026,,,,2050,,region,Mids,"Q:DV1. Do you think England’s metro mayors should have more or less influence over each of these policy areas?
 Education",Best party on education,education,A lot more influence,A little more influence,They currently have the right amount of influence,A little less influence,A lot less influence,,,,,,8.9,22.2,25.3,10.8,5.1,,,,,,Vi-2026-08-12-Opinium-Observer-Web-Data-tables-1707.xlsx,DV1 (5)
"2,050 UK adults",12 - 14 August 2026,,,,2050,,region,London,"Q:DV1. Do you think England’s metro mayors should have more or less influence over each of these policy areas?
 Education",Best party on education,education,A lot more influence,A little more influence,They currently have the right amount of influence,A little less influence,A lot less influence,,,,,,14.0,22.3,24.6,7.6,11.5,,,,,,Vi-2026-08-12-Opinium-Observer-Web-Data-tables-1707.xlsx,DV1 (5)
"2,050 UK adults",12 - 14 August 2026,,,,2050,,region,South,"Q:DV1. Do you think England’s metro mayors should have more or less influence over each of these policy areas?
 Education",Best party on education,education,A lot more influence,A little more influence,They currently have the right amount of influence,A little less influence,A lot less influence,,,,,,9.6,24.9,20.3,6.7,11.4,,,,,,Vi-2026-08-12-Opinium-Observer-Web-Data-tables-1707.xlsx,DV1 (5)
"2,050 UK adults",12 - 14 August 2026,,,,2050,,region,Wales,"Q:DV1. Do you think England’s metro mayors should have more or less influence over each of these policy areas?
 Education",Best party on education,education,A lot more influence,A little more influence,They currently have the right amount of influence,A little less influence,A lot less influence,,,,,,6.4,22.1,32.6,3.3,6.8,,,,,,Vi-2026-08-12-Opinium-Observer-Web-Data-tables-1707.xlsx,DV1 (5)
"2,050 UK adults",12 - 14 August 2026,,,,2050,,region,Scotland,"Q:DV1. Do you think England’s metro mayors should have more or less influence over each of these policy areas?
 Education",Best party on education,education,A lot more influence,A little more influence,They currently have the right amount of influence,A little less influence,A lot less influence,,,,,,15.3,18.3,19.3,3.3,5.5,,,,,,Vi-2026-08-12-Opinium-Observer-Web-Data-tables-1707.xlsx,DV1 (5)
"2,050 UK adults",12 - 14 August 2026,,,,2050,,region,Northern Ireland,"Q:DV1. Do you think England’s metro mayors should have more or less influence over each of these policy areas?
 Education",Best party on education,education,A lot more influence,A little more influence,They currently have the right amount of influence,A little less influence,A lot less influence,,,,,,5.8,21.8,21.8,12.3,16.7,,,,,,Vi-2026-08-12-Opinium-Observer-Web-Data-tables-1707.xlsx,DV1 (5)
"2,050 UK adults",12 - 14 August 2026,,,,2050,,total,Total,"Q:DV1. Do you think England’s metro mayors should have more or less influence over each of these policy areas?
 Health",UNMATCHED,,A lot more influence,A little more influence,They currently have the right amount of influence,A little less influence,A lot less influence,,,,,,11.4,21.8,23.0,8.3,8.7,,,,,,Vi-2026-08-12-Opinium-Observer-Web-Data-tables-1707.xlsx,DV1 (6)
"2,050 UK adults",12 - 14 August 2026,,,,2050,,current_vote,Con,"Q:DV1. Do you think England’s metro mayors should have more or less influence over each of these policy areas?
 Health",UNMATCHED,,A lot more influence,A little more influence,They currently have the right amount of influence,A little less influence,A lot less influence,,,,,,11.3,20.4,26.2,10.6,11.5,,,,,,Vi-2026-08-12-Opinium-Observer-Web-Data-tables-1707.xlsx,DV1 (6)
"2,050 UK adults",12 - 14 August 2026,,,,2050,,current_vote,Lab,"Q:DV1. Do you think England’s metro mayors should have more or less influence over each of these policy areas?
 Health",UNMATCHED,,A lot more influence,A little more influence,They currently have the right amount of influence,A little less influence,A lot less influence,,,,,,17.4,29.4,25.0,6.1,3.3,,,,,,Vi-2026-08-12-Opinium-Observer-Web-Data-tables-1707.xlsx,DV1 (6)
"2,050 UK adults",12 - 14 August 2026,,,,2050,,current_vote,Lib Dem,"Q:DV1. Do you think England’s metro mayors should have more or less influence over each of these policy areas?
 Health",UNMATCHED,,A lot more influence,A little more influence,They currently have the right amount of influence,A little less influence,A lot less influence,,,,,,10.1,27.3,23.4,10.9,1.7,,,,,,Vi-2026-08-12-Opinium-Observer-Web-Data-tables-1707.xlsx,DV1 (6)
"2,050 UK adults",12 - 14 August 2026,,,,2050,,current_vote,Reform,"Q:DV1. Do you think England’s metro mayors should have more or less influence over each of these policy areas?
 Health",UNMATCHED,,A lot more influence,A little more influence,They currently have the right amount of influence,A little less influence,A lot less influence,,,,,,9.1,16.5,24.6,9.1,21.6,,,,,,Vi-2026-08-12-Opinium-Observer-Web-Data-tables-1707.xlsx,DV1 (6)
"2,050 UK adults",12 - 14 August 2026,,,,2050,,current_vote,Green,"Q:DV1. Do you think England’s metro mayors should have more or less influence over each of these policy areas?
 Health",UNMATCHED,,A lot more influence,A little more influence,They currently have the right amount of influence,A little less influence,A lot less influence,,,,,,13.6,32.2,24.4,9.3,3.9,,,,,,Vi-2026-08-12-Opinium-Observer-Web-Data-tables-1707.xlsx,DV1 (6)
"2,050 UK adults",12 - 14 August 2026,,,,2050,,historic_vote,Conservative,"Q:DV1. Do you think England’s metro mayors should have more or less influence over each of these policy areas?
 Health",UNMATCHED,,A lot more influence,A little more influence,They currently have the right amount of influence,A little less influence,A lot less influence,,,,,,10.1,18.4,27.1,9.1,13.2,,,,,,Vi-2026-08-12-Opinium-Observer-Web-Data-tables-1707.xlsx,DV1 (6)
"2,050 UK adults",12 - 14 August 2026,,,,2050,,historic_vote,Labour,"Q:DV1. Do you think England’s metro mayors should have more or less influence over each of these policy areas?
 Health",UNMATCHED,,A lot more influence,A little more influence,They currently have the right amount of influence,A little less influence,A lot less influence,,,,,,15.3,26.0,24.0,7.3,4.2,,,,,,Vi-2026-08-12-Opinium-Observer-Web-Data-tables-1707.xlsx,DV1 (6)
"2,050 UK adults",12 - 14 August 2026,,,,2050,,historic_vote,Lib Dems,"Q:DV1. Do you think England’s metro mayors should have more or less influence over each of these policy areas?
 Health",UNMATCHED,,A lot more influence,A little more influence,They currently have the right amount of influence,A little less influence,A lot less influence,,,,,,6.4,29.3,23.0,9.0,5.4,,,,,,Vi-2026-08-12-Opinium-Observer-Web-Data-tables-1707.xlsx,DV1 (6)
"2,050 UK adults",12 - 14 August 2026,,,,2050,,historic_vote,Green,"Q:DV1. Do you think England’s metro mayors should have more or less influence over each of these policy areas?
 Health",UNMATCHED,,A lot more influence,A little more influence,They currently have the right amount of influence,A little less influence,A lot less influence,,,,,,13.8,25.3,25.6,10.5,8.3,,,,,,Vi-2026-08-12-Opinium-Observer-Web-Data-tables-1707.xlsx,DV1 (6)
"2,050 UK adults",12 - 14 August 2026,,,,2050,,historic_vote,Reform UK,"Q:DV1. Do you think England’s metro mayors should have more or less influence over each of these policy areas?
 Health",UNMATCHED,,A lot more influence,A little more influence,They currently have the right amount of influence,A little less influence,A lot less influence,,,,,,6.1,15.7,21.8,10.2,26.0,,,,,,Vi-2026-08-12-Opinium-Observer-Web-Data-tables-1707.xlsx,DV1 (6)
"2,050 UK adults",12 - 14 August 2026,,,,2050,,historic_vote,Con,"Q:DV1. Do you think England’s metro mayors should have more or less influence over each of these policy areas?
 Health",UNMATCHED,,A lot more influence,A little more influence,They currently have the right amount of influence,A little less influence,A lot less influence,,,,,,8.5,18.4,25.2,9.4,16.3,,,,,,Vi-2026-08-12-Opinium-Observer-Web-Data-tables-1707.xlsx,DV1 (6)
"2,050 UK adults",12 - 14 August 2026,,,,2050,,historic_vote,Lab,"Q:DV1. Do you think England’s metro mayors should have more or less influence over each of these policy areas?
 Health",UNMATCHED,,A lot more influence,A little more influence,They currently have the right amount of influence,A little less influence,A lot less influence,,,,,,13.9,27.6,24.8,7.9,5.7,,,,,,Vi-2026-08-12-Opinium-Observer-Web-Data-tables-1707.xlsx,DV1 (6)
"2,050 UK adults",12 - 14 August 2026,,,,2050,,historic_vote,Lib Dem,"Q:DV1. Do you think England’s metro mayors should have more or less influence over each of these policy areas?
 Health",UNMATCHED,,A lot more influence,A little more influence,They currently have the right amount of influence,A little less influence,A lot less influence,,,,,,8.6,23.2,23.8,9.2,7.5,,,,,,Vi-2026-08-12-Opinium-Observer-Web-Data-tables-1707.xlsx,DV1 (6)
"2,050 UK adults",12 - 14 August 2026,,,,2050,,historic_vote,Remain,"Q:DV1. Do you think England’s metro mayors should have more or less influence over each of these policy areas?
 Health",UNMATCHED,,A lot more influence,A little more influence,They currently have the right amount of influence,A little less influence,A lot less influence,,,,,,11.1,27.4,21.9,8.5,4.8,,,,,,Vi-2026-08-12-Opinium-Observer-Web-Data-tables-1707.xlsx,DV1 (6)
"2,050 UK adults",12 - 14 August 2026,,,,2050,,historic_vote,Leave,"Q:DV1. Do you think England’s metro mayors should have more or less influence over each of these policy areas?
 Health",UNMATCHED,,A lot more influence,A little more influence,They currently have the right amount of influence,A little less influence,A lot less influence,,,,,,8.9,18.0,24.1,9.0,17.6,,,,,,Vi-2026-08-12-Opinium-Observer-Web-Data-tables-1707.xlsx,DV1 (6)
"2,050 UK adults",12 - 14 August 2026,,,,2050,,gender,Male,"Q:DV1. Do you think England’s metro mayors should have more or less influence over each of these policy areas?
 Health",UNMATCHED,,A lot more influence,A little more influence,They currently have the right amount of influence,A little less influence,A lot less influence,,,,,,10.1,22.7,25.6,8.7,10.7,,,,,,Vi-2026-08-12-Opinium-Observer-Web-Data-tables-1707.xlsx,DV1 (6)
"2,050 UK adults",12 - 14 August 2026,,,,2050,,gender,Female,"Q:DV1. Do you think England’s metro mayors should have more or less influence over each of these policy areas?
 Health",UNMATCHED,,A lot more influence,A little more influence,They currently have the right amount of influence,A little less influence,A lot less influence,,,,,,12.7,20.9,20.8,7.8,6.8,,,,,,Vi-2026-08-12-Opinium-Observer-Web-Data-tables-1707.xlsx,DV1 (6)
"2,050 UK adults",12 - 14 August 2026,,,,2050,,age,18-34,"Q:DV1. Do you think England’s metro mayors should have more or less influence over each of these policy areas?
 Health",UNMATCHED,,A lot more influence,A little more influence,They currently have the right amount of influence,A little less influence,A lot less influence,,,,,,15.3,25.6,24.9,9.1,4.1,,,,,,Vi-2026-08-12-Opinium-Observer-Web-Data-tables-1707.xlsx,DV1 (6)
"2,050 UK adults",12 - 14 August 2026,,,,2050,,age,35-49,"Q:DV1. Do you think England’s metro mayors should have more or less influence over each of these policy areas?
 Health",UNMATCHED,,A lot more influence,A little more influence,They currently have the right amount of influence,A little less influence,A lot less influence,,,,,,11.5,23.7,20.3,10.5,6.4,,,,,,Vi-2026-08-12-Opinium-Observer-Web-Data-tables-1707.xlsx,DV1 (6)
"2,050 UK adults",12 - 14 August 2026,,,,2050,,age,50-64,"Q:DV1. Do you think England’s metro mayors should have more or less influence over each of these policy areas?
 Health",UNMATCHED,,A lot more influence,A little more influence,They currently have the right amount of influence,A little less influence,A lot less influence,,,,,,8.9,19.6,20.8,5.5,12.4,,,,,,Vi-2026-08-12-Opinium-Observer-Web-Data-tables-1707.xlsx,DV1 (6)
"2,050 UK adults",12 - 14 August 2026,,,,2050,,age,65+,"Q:DV1. Do you think England’s metro mayors should have more or less influence over each of these policy areas?
 Health",UNMATCHED,,A lot more influence,A little more influence,They currently have the right amount of influence,A little less influence,A lot less influence,,,,,,9.3,17.8,26.0,7.9,12.7,,,,,,Vi-2026-08-12-Opinium-Observer-Web-Data-tables-1707.xlsx,DV1 (6)
"2,050 UK adults",12 - 14 August 2026,,,,2050,,region,North,"Q:DV1. Do you think England’s metro mayors should have more or less influence over each of these policy areas?
 Health",UNMATCHED,,A lot more influence,A little more influence,They currently have the right amount of influence,A little less influence,A lot less influence,,,,,,14.2,22.2,23.7,9.0,7.4,,,,,,Vi-2026-08-12-Opinium-Observer-Web-Data-tables-1707.xlsx,DV1 (6)
"2,050 UK adults",12 - 14 August 2026,,,,2050,,region,Mids,"Q:DV1. Do you think England’s metro mayors should have more or less influence over each of these policy areas?
 Health",UNMATCHED,,A lot more influence,A little more influence,They currently have the right amount of influence,A little less influence,A lot less influence,,,,,,12.4,19.4,26.2,10.8,6.2,,,,,,Vi-2026-08-12-Opinium-Observer-Web-Data-tables-1707.xlsx,DV1 (6)
"2,050 UK adults",12 - 14 August 2026,,,,2050,,region,London,"Q:DV1. Do you think England’s metro mayors should have more or less influence over each of these policy areas?
 Health",UNMATCHED,,A lot more influence,A little more influence,They currently have the right amount of influence,A little less influence,A lot less influence,,,,,,14.0,24.5,23.9,7.0,10.5,,,,,,Vi-2026-08-12-Opinium-Observer-Web-Data-tables-1707.xlsx,DV1 (6)
"2,050 UK adults",12 - 14 August 2026,,,,2050,,region,South,"Q:DV1. Do you think England’s metro mayors should have more or less influence over each of these policy areas?
 Health",UNMATCHED,,A lot more influence,A little more influence,They currently have the right amount of influence,A little less influence,A lot less influence,,,,,,9.1,21.8,22.2,7.3,10.8,,,,,,Vi-2026-08-12-Opinium-Observer-Web-Data-tables-1707.xlsx,DV1 (6)
"2,050 UK adults",12 - 14 August 2026,,,,2050,,region,Wales,"Q:DV1. Do you think England’s metro mayors should have more or less influence over each of these policy areas?
 Health",UNMATCHED,,A lot more influence,A little more influence,They currently have the right amount of influence,A little less influence,A lot less influence,,,,,,3.3,28.6,21.7,6.8,10.5,,,,,,Vi-2026-08-12-Opinium-Observer-Web-Data-tables-1707.xlsx,DV1 (6)
"2,050 UK adults",12 - 14 August 2026,,,,2050,,region,Scotland,"Q:DV1. Do you think England’s metro mayors should have more or less influence over each of these policy areas?
 Health",UNMATCHED,,A lot more influence,A little more influence,They currently have the right amount of influence,A little less influence,A lot less influence,,,,,,11.8,17.7,19.3,4.8,5.9,,,,,,Vi-2026-08-12-Opinium-Observer-Web-Data-tables-1707.xlsx,DV1 (6)
"2,050 UK adults",12 - 14 August 2026,,,,2050,,region,Northern Ireland,"Q:DV1. Do you think England’s metro mayors should have more or less influence over each of these policy areas?
 Health",UNMATCHED,,A lot more influence,A little more influence,They currently have the right amount of influence,A little less influence,A lot less influence,,,,,,7.8,20.4,18.7,17.6,7.9,,,,,,Vi-2026-08-12-Opinium-Observer-Web-Data-tables-1707.xlsx,DV1 (6)
"2,050 UK adults",12 - 14 August 2026,,,,2050,,total,Total,"Q:DV1. Do you think England’s metro mayors should have more or less influence over each of these policy areas?
 Immigration",Best party on immigration,immigr,A lot more influence,A little more influence,They currently have the right amount of influence,A little less influence,A lot less influence,,,,,,14.9,16.3,19.7,8.3,13.3,,,,,,Vi-2026-08-12-Opinium-Observer-Web-Data-tables-1707.xlsx,DV1 (7)
"2,050 UK adults",12 - 14 August 2026,,,,2050,,current_vote,Con,"Q:DV1. Do you think England’s metro mayors should have more or less influence over each of these policy areas?
 Immigration",Best party on immigration,immigr,A lot more influence,A little more influence,They currently have the right amount of influence,A little less influence,A lot less influence,,,,,,16.0,16.5,20.0,11.8,16.5,,,,,,Vi-2026-08-12-Opinium-Observer-Web-Data-tables-1707.xlsx,DV1 (7)
"2,050 UK adults",12 - 14 August 2026,,,,2050,,current_vote,Lab,"Q:DV1. Do you think England’s metro mayors should have more or less influence over each of these policy areas?
 Immigration",Best party on immigration,immigr,A lot more influence,A little more influence,They currently have the right amount of influence,A little less influence,A lot less influence,,,,,,12.1,21.7,30.2,8.3,7.5,,,,,,Vi-2026-08-12-Opinium-Observer-Web-Data-tables-1707.xlsx,DV1 (7)
"2,050 UK adults",12 - 14 August 2026,,,,2050,,current_vote,Lib Dem,"Q:DV1. Do you think England’s metro mayors should have more or less influence over each of these policy areas?
 Immigration",Best party on immigration,immigr,A lot more influence,A little more influence,They currently have the right amount of influence,A little less influence,A lot less influence,,,,,,12.1,20.3,16.6,13.7,7.8,,,,,,Vi-2026-08-12-Opinium-Observer-Web-Data-tables-1707.xlsx,DV1 (7)
"2,050 UK adults",12 - 14 August 2026,,,,2050,,current_vote,Reform,"Q:DV1. Do you think England’s metro mayors should have more or less influence over each of these policy areas?
 Immigration",Best party on immigration,immigr,A lot more influence,A little more influence,They currently have the right amount of influence,A little less influence,A lot less influence,,,,,,22.2,12.0,14.7,6.0,28.2,,,,,,Vi-2026-08-12-Opinium-Observer-Web-Data-tables-1707.xlsx,DV1 (7)
"2,050 UK adults",12 - 14 August 2026,,,,2050,,current_vote,Green,"Q:DV1. Do you think England’s metro mayors should have more or less influence over each of these policy areas?
 Immigration",Best party on immigration,immigr,A lot more influence,A little more influence,They currently have the right amount of influence,A little less influence,A lot less influence,,,,,,11.9,19.8,33.7,12.3,3.4,,,,,,Vi-2026-08-12-Opinium-Observer-Web-Data-tables-1707.xlsx,DV1 (7)
"2,050 UK adults",12 - 14 August 2026,,,,2050,,historic_vote,Conservative,"Q:DV1. Do you think England’s metro mayors should have more or less influence over each of these policy areas?
 Immigration",Best party on immigration,immigr,A lot more influence,A little more influence,They currently have the right amount of influence,A little less influence,A lot less influence,,,,,,20.2,16.1,17.7,8.1,18.8,,,,,,Vi-2026-08-12-Opinium-Observer-Web-Data-tables-1707.xlsx,DV1 (7)
"2,050 UK adults",12 - 14 August 2026,,,,2050,,historic_vote,Labour,"Q:DV1. Do you think England’s metro mayors should have more or less influence over each of these policy areas?
 Immigration",Best party on immigration,immigr,A lot more influence,A little more influence,They currently have the right amount of influence,A little less influence,A lot less influence,,,,,,12.5,20.3,26.4,8.4,9.5,,,,,,Vi-2026-08-12-Opinium-Observer-Web-Data-tables-1707.xlsx,DV1 (7)
"2,050 UK adults",12 - 14 August 2026,,,,2050,,historic_vote,Lib Dems,"Q:DV1. Do you think England’s metro mayors should have more or less influence over each of these policy areas?
 Immigration",Best party on immigration,immigr,A lot more influence,A little more influence,They currently have the right amount of influence,A little less influence,A lot less influence,,,,,,9.9,22.8,15.2,13.2,11.4,,,,,,Vi-2026-08-12-Opinium-Observer-Web-Data-tables-1707.xlsx,DV1 (7)
"2,050 UK adults",12 - 14 August 2026,,,,2050,,historic_vote,Green,"Q:DV1. Do you think England’s metro mayors should have more or less influence over each of these policy areas?
 Immigration",Best party on immigration,immigr,A lot more influence,A little more influence,They currently have the right amount of influence,A little less influence,A lot less influence,,,,,,9.4,14.9,31.9,20.2,4.5,,,,,,Vi-2026-08-12-Opinium-Observer-Web-Data-tables-1707.xlsx,DV1 (7)
"2,050 UK adults",12 - 14 August 2026,,,,2050,,historic_vote,Reform UK,"Q:DV1. Do you think England’s metro mayors should have more or less influence over each of these policy areas?
 Immigration",Best party on immigration,immigr,A lot more influence,A little more influence,They currently have the right amount of influence,A little less influence,A lot less influence,,,,,,17.6,10.3,11.8,10.0,30.3,,,,,,Vi-2026-08-12-Opinium-Observer-Web-Data-tables-1707.xlsx,DV1 (7)
"2,050 UK adults",12 - 14 August 2026,,,,2050,,historic_vote,Con,"Q:DV1. Do you think England’s metro mayors should have more or less influence over each of these policy areas?
 Immigration",Best party on immigration,immigr,A lot more influence,A little more influence,They currently have the right amount of influence,A little less influence,A lot less influence,,,,,,16.1,14.9,18.0,6.5,22.6,,,,,,Vi-2026-08-12-Opinium-Observer-Web-Data-tables-1707.xlsx,DV1 (7)
"2,050 UK adults",12 - 14 August 2026,,,,2050,,historic_vote,Lab,"Q:DV1. Do you think England’s metro mayors should have more or less influence over each of these policy areas?
 Immigration",Best party on immigration,immigr,A lot more influence,A little more influence,They currently have the right amount of influence,A little less influence,A lot less influence,,,,,,10.7,20.2,28.2,8.5,9.9,,,,,,Vi-2026-08-12-Opinium-Observer-Web-Data-tables-1707.xlsx,DV1 (7)
"2,050 UK adults",12 - 14 August 2026,,,,2050,,historic_vote,Lib Dem,"Q:DV1. Do you think England’s metro mayors should have more or less influence over each of these policy areas?
 Immigration",Best party on immigration,immigr,A lot more influence,A little more influence,They currently have the right amount of influence,A little less influence,A lot less influence,,,,,,12.0,21.6,17.6,12.9,11.6,,,,,,Vi-2026-08-12-Opinium-Observer-Web-Data-tables-1707.xlsx,DV1 (7)
"2,050 UK adults",12 - 14 August 2026,,,,2050,,historic_vote,Remain,"Q:DV1. Do you think England’s metro mayors should have more or less influence over each of these policy areas?
 Immigration",Best party on immigration,immigr,A lot more influence,A little more influence,They currently have the right amount of influence,A little less influence,A lot less influence,,,,,,12.8,18.4,23.5,10.7,9.3,,,,,,Vi-2026-08-12-Opinium-Observer-Web-Data-tables-1707.xlsx,DV1 (7)
"2,050 UK adults",12 - 14 August 2026,,,,2050,,historic_vote,Leave,"Q:DV1. Do you think England’s metro mayors should have more or less influence over each of these policy areas?
 Immigration",Best party on immigration,immigr,A lot more influence,A little more influence,They currently have the right amount of influence,A little less influence,A lot less influence,,,,,,16.9,15.5,14.9,6.4,22.9,,,,,,Vi-2026-08-12-Opinium-Observer-Web-Data-tables-1707.xlsx,DV1 (7)
"2,050 UK adults",12 - 14 August 2026,,,,2050,,gender,Male,"Q:DV1. Do you think England’s metro mayors should have more or less influence over each of these policy areas?
 Immigration",Best party on immigration,immigr,A lot more influence,A little more influence,They currently have the right amount of influence,A little less influence,A lot less influence,,,,,,14.7,17.3,21.1,8.9,16.1,,,,,,Vi-2026-08-12-Opinium-Observer-Web-Data-tables-1707.xlsx,DV1 (7)
"2,050 UK adults",12 - 14 August 2026,,,,2050,,gender,Female,"Q:DV1. Do you think England’s metro mayors should have more or less influence over each of these policy areas?
 Immigration",Best party on immigration,immigr,A lot more influence,A little more influence,They currently have the right amount of influence,A little less influence,A lot less influence,,,,,,15.2,15.4,18.5,7.7,10.5,,,,,,Vi-2026-08-12-Opinium-Observer-Web-Data-tables-1707.xlsx,DV1 (7)
"2,050 UK adults",12 - 14 August 2026,,,,2050,,age,18-34,"Q:DV1. Do you think England’s metro mayors should have more or less influence over each of these policy areas?
 Immigration",Best party on immigration,immigr,A lot more influence,A little more influence,They currently have the right amount of influence,A little less influence,A lot less influence,,,,,,15.4,20.3,21.6,12.2,6.6,,,,,,Vi-2026-08-12-Opinium-Observer-Web-Data-tables-1707.xlsx,DV1 (7)
"2,050 UK adults",12 - 14 August 2026,,,,2050,,age,35-49,"Q:DV1. Do you think England’s metro mayors should have more or less influence over each of these policy areas?
 Immigration",Best party on immigration,immigr,A lot more influence,A little more influence,They currently have the right amount of influence,A little less influence,A lot less influence,,,,,,14.9,17.0,19.6,7.8,11.6,,,,,,Vi-2026-08-12-Opinium-Observer-Web-Data-tables-1707.xlsx,DV1 (7)
"2,050 UK adults",12 - 14 August 2026,,,,2050,,age,50-64,"Q:DV1. Do you think England’s metro mayors should have more or less influence over each of these policy areas?
 Immigration",Best party on immigration,immigr,A lot more influence,A little more influence,They currently have the right amount of influence,A little less influence,A lot less influence,,,,,,11.7,13.8,21.1,6.9,16.3,,,,,,Vi-2026-08-12-Opinium-Observer-Web-Data-tables-1707.xlsx,DV1 (7)
"2,050 UK adults",12 - 14 August 2026,,,,2050,,age,65+,"Q:DV1. Do you think England’s metro mayors should have more or less influence over each of these policy areas?
 Immigration",Best party on immigration,immigr,A lot more influence,A little more influence,They currently have the right amount of influence,A little less influence,A lot less influence,,,,,,17.8,13.5,16.1,5.8,19.6,,,,,,Vi-2026-08-12-Opinium-Observer-Web-Data-tables-1707.xlsx,DV1 (7)
"2,050 UK adults",12 - 14 August 2026,,,,2050,,region,North,"Q:DV1. Do you think England’s metro mayors should have more or less influence over each of these policy areas?
 Immigration",Best party on immigration,immigr,A lot more influence,A little more influence,They currently have the right amount of influence,A little less influence,A lot less influence,,,,,,17.4,19.4,22.2,7.1,9.0,,,,,,Vi-2026-08-12-Opinium-Observer-Web-Data-tables-1707.xlsx,DV1 (7)
"2,050 UK adults",12 - 14 August 2026,,,,2050,,region,Mids,"Q:DV1. Do you think England’s metro mayors should have more or less influence over each of these policy areas?
 Immigration",Best party on immigration,immigr,A lot more influence,A little more influence,They currently have the right amount of influence,A little less influence,A lot less influence,,,,,,20.0,15.6,21.6,9.8,10.0,,,,,,Vi-2026-08-12-Opinium-Observer-Web-Data-tables-1707.xlsx,DV1 (7)
"2,050 UK adults",12 - 14 August 2026,,,,2050,,region,London,"Q:DV1. Do you think England’s metro mayors should have more or less influence over each of these policy areas?
 Immigration",Best party on immigration,immigr,A lot more influence,A little more influence,They currently have the right amount of influence,A little less influence,A lot less influence,,,,,,9.9,21.3,19.2,10.0,15.9,,,,,,Vi-2026-08-12-Opinium-Observer-Web-Data-tables-1707.xlsx,DV1 (7)
"2,050 UK adults",12 - 14 August 2026,,,,2050,,region,South,"Q:DV1. Do you think England’s metro mayors should have more or less influence over each of these policy areas?
 Immigration",Best party on immigration,immigr,A lot more influence,A little more influence,They currently have the right amount of influence,A little less influence,A lot less influence,,,,,,11.9,14.4,18.2,8.1,16.9,,,,,,Vi-2026-08-12-Opinium-Observer-Web-Data-tables-1707.xlsx,DV1 (7)
"2,050 UK adults",12 - 14 August 2026,,,,2050,,region,Wales,"Q:DV1. Do you think England’s metro mayors should have more or less influence over each of these policy areas?
 Immigration",Best party on immigration,immigr,A lot more influence,A little more influence,They currently have the right amount of influence,A little less influence,A lot less influence,,,,,,13.4,14.2,27.3,4.0,14.9,,,,,,Vi-2026-08-12-Opinium-Observer-Web-Data-tables-1707.xlsx,DV1 (7)
"2,050 UK adults",12 - 14 August 2026,,,,2050,,region,Scotland,"Q:DV1. Do you think England’s metro mayors should have more or less influence over each of these policy areas?
 Immigration",Best party on immigration,immigr,A lot more influence,A little more influence,They currently have the right amount of influence,A little less influence,A lot less influence,,,,,,16.0,10.3,15.5,8.6,10.3,,,,,,Vi-2026-08-12-Opinium-Observer-Web-Data-tables-1707.xlsx,DV1 (7)
"2,050 UK adults",12 - 14 August 2026,,,,2050,,region,Northern Ireland,"Q:DV1. Do you think England’s metro mayors should have more or less influence over each of these policy areas?
 Immigration",Best party on immigration,immigr,A lot more influence,A little more influence,They currently have the right amount of influence,A little less influence,A lot less influence,,,,,,21.5,15.8,6.3,11.1,21.1,,,,,,Vi-2026-08-12-Opinium-Observer-Web-Data-tables-1707.xlsx,DV1 (7)
"2,050 UK adults",12 - 14 August 2026,,,,2050,,total,Total,"Q:DV2. The UK currently does not have a single constitutional document setting out how the UK is governed. Instead, the UK's constitutional arrangements have developed over time through laws, conventions and court decisions.Do you support or oppose the UK having a single written constitution?",UNMATCHED,,Support,Neither support nor oppose,Oppose,,,,,,,,29.5,29.0,15.9,,,,,,,,Vi-2026-08-12-Opinium-Observer-Web-Data-tables-1707.xlsx,DV2
"2,050 UK adults",12 - 14 August 2026,,,,2050,,current_vote,Con,"Q:DV2. The UK currently does not have a single constitutional document setting out how the UK is governed. Instead, the UK's constitutional arrangements have developed over time through laws, conventions and court decisions.Do you support or oppose the UK having a single written constitution?",UNMATCHED,,Support,Neither support nor oppose,Oppose,,,,,,,,32.2,29.6,17.2,,,,,,,,Vi-2026-08-12-Opinium-Observer-Web-Data-tables-1707.xlsx,DV2
"2,050 UK adults",12 - 14 August 2026,,,,2050,,current_vote,Lab,"Q:DV2. The UK currently does not have a single constitutional document setting out how the UK is governed. Instead, the UK's constitutional arrangements have developed over time through laws, conventions and court decisions.Do you support or oppose the UK having a single written constitution?",UNMATCHED,,Support,Neither support nor oppose,Oppose,,,,,,,,33.2,28.8,18.2,,,,,,,,Vi-2026-08-12-Opinium-Observer-Web-Data-tables-1707.xlsx,DV2
"2,050 UK adults",12 - 14 August 2026,,,,2050,,current_vote,Lib Dem,"Q:DV2. The UK currently does not have a single constitutional document setting out how the UK is governed. Instead, the UK's constitutional arrangements have developed over time through laws, conventions and court decisions.Do you support or oppose the UK having a single written constitution?",UNMATCHED,,Support,Neither support nor oppose,Oppose,,,,,,,,29.7,23.7,18.7,,,,,,,,Vi-2026-08-12-Opinium-Observer-Web-Data-tables-1707.xlsx,DV2
"2,050 UK adults",12 - 14 August 2026,,,,2050,,current_vote,Reform,"Q:DV2. The UK currently does not have a single constitutional document setting out how the UK is governed. Instead, the UK's constitutional arrangements have developed over time through laws, conventions and court decisions.Do you support or oppose the UK having a single written constitution?",UNMATCHED,,Support,Neither support nor oppose,Oppose,,,,,,,,31.9,30.9,15.1,,,,,,,,Vi-2026-08-12-Opinium-Observer-Web-Data-tables-1707.xlsx,DV2
"2,050 UK adults",12 - 14 August 2026,,,,2050,,current_vote,Green,"Q:DV2. The UK currently does not have a single constitutional document setting out how the UK is governed. Instead, the UK's constitutional arrangements have developed over time through laws, conventions and court decisions.Do you support or oppose the UK having a single written constitution?",UNMATCHED,,Support,Neither support nor oppose,Oppose,,,,,,,,29.5,33.3,18.7,,,,,,,,Vi-2026-08-12-Opinium-Observer-Web-Data-tables-1707.xlsx,DV2
"2,050 UK adults",12 - 14 August 2026,,,,2050,,historic_vote,Conservative,"Q:DV2. The UK currently does not have a single constitutional document setting out how the UK is governed. Instead, the UK's constitutional arrangements have developed over time through laws, conventions and court decisions.Do you support or oppose the UK having a single written constitution?",UNMATCHED,,Support,Neither support nor oppose,Oppose,,,,,,,,30.3,28.7,18.9,,,,,,,,Vi-2026-08-12-Opinium-Observer-Web-Data-tables-1707.xlsx,DV2
"2,050 UK adults",12 - 14 August 2026,,,,2050,,historic_vote,Labour,"Q:DV2. The UK currently does not have a single constitutional document setting out how the UK is governed. Instead, the UK's constitutional arrangements have developed over time through laws, conventions and court decisions.Do you support or oppose the UK having a single written constitution?",UNMATCHED,,Support,Neither support nor oppose,Oppose,,,,,,,,35.2,27.8,15.8,,,,,,,,Vi-2026-08-12-Opinium-Observer-Web-Data-tables-1707.xlsx,DV2
"2,050 UK adults",12 - 14 August 2026,,,,2050,,historic_vote,Lib Dems,"Q:DV2. The UK currently does not have a single constitutional document setting out how the UK is governed. Instead, the UK's constitutional arrangements have developed over time through laws, conventions and court decisions.Do you support or oppose the UK having a single written constitution?",UNMATCHED,,Support,Neither support nor oppose,Oppose,,,,,,,,33.1,22.2,18.0,,,,,,,,Vi-2026-08-12-Opinium-Observer-Web-Data-tables-1707.xlsx,DV2
"2,050 UK adults",12 - 14 August 2026,,,,2050,,historic_vote,Green,"Q:DV2. The UK currently does not have a single constitutional document setting out how the UK is governed. Instead, the UK's constitutional arrangements have developed over time through laws, conventions and court decisions.Do you support or oppose the UK having a single written constitution?",UNMATCHED,,Support,Neither support nor oppose,Oppose,,,,,,,,31.9,32.9,20.2,,,,,,,,Vi-2026-08-12-Opinium-Observer-Web-Data-tables-1707.xlsx,DV2
"2,050 UK adults",12 - 14 August 2026,,,,2050,,historic_vote,Reform UK,"Q:DV2. The UK currently does not have a single constitutional document setting out how the UK is governed. Instead, the UK's constitutional arrangements have developed over time through laws, conventions and court decisions.Do you support or oppose the UK having a single written constitution?",UNMATCHED,,Support,Neither support nor oppose,Oppose,,,,,,,,35.3,25.7,13.9,,,,,,,,Vi-2026-08-12-Opinium-Observer-Web-Data-tables-1707.xlsx,DV2
"2,050 UK adults",12 - 14 August 2026,,,,2050,,historic_vote,Con,"Q:DV2. The UK currently does not have a single constitutional document setting out how the UK is governed. Instead, the UK's constitutional arrangements have developed over time through laws, conventions and court decisions.Do you support or oppose the UK having a single written constitution?",UNMATCHED,,Support,Neither support nor oppose,Oppose,,,,,,,,33.3,27.5,15.4,,,,,,,,Vi-2026-08-12-Opinium-Observer-Web-Data-tables-1707.xlsx,DV2
"2,050 UK adults",12 - 14 August 2026,,,,2050,,historic_vote,Lab,"Q:DV2. The UK currently does not have a single constitutional document setting out how the UK is governed. Instead, the UK's constitutional arrangements have developed over time through laws, conventions and court decisions.Do you support or oppose the UK having a single written constitution?",UNMATCHED,,Support,Neither support nor oppose,Oppose,,,,,,,,28.7,29.3,20.1,,,,,,,,Vi-2026-08-12-Opinium-Observer-Web-Data-tables-1707.xlsx,DV2
"2,050 UK adults",12 - 14 August 2026,,,,2050,,historic_vote,Lib Dem,"Q:DV2. The UK currently does not have a single constitutional document setting out how the UK is governed. Instead, the UK's constitutional arrangements have developed over time through laws, conventions and court decisions.Do you support or oppose the UK having a single written constitution?",UNMATCHED,,Support,Neither support nor oppose,Oppose,,,,,,,,34.3,23.6,17.2,,,,,,,,Vi-2026-08-12-Opinium-Observer-Web-Data-tables-1707.xlsx,DV2
"2,050 UK adults",12 - 14 August 2026,,,,2050,,historic_vote,Remain,"Q:DV2. The UK currently does not have a single constitutional document setting out how the UK is governed. Instead, the UK's constitutional arrangements have developed over time through laws, conventions and court decisions.Do you support or oppose the UK having a single written constitution?",UNMATCHED,,Support,Neither support nor oppose,Oppose,,,,,,,,33.2,25.4,16.6,,,,,,,,Vi-2026-08-12-Opinium-Observer-Web-Data-tables-1707.xlsx,DV2
"2,050 UK adults",12 - 14 August 2026,,,,2050,,historic_vote,Leave,"Q:DV2. The UK currently does not have a single constitutional document setting out how the UK is governed. Instead, the UK's constitutional arrangements have developed over time through laws, conventions and court decisions.Do you support or oppose the UK having a single written constitution?",UNMATCHED,,Support,Neither support nor oppose,Oppose,,,,,,,,30.6,29.9,16.0,,,,,,,,Vi-2026-08-12-Opinium-Observer-Web-Data-tables-1707.xlsx,DV2
"2,050 UK adults",12 - 14 August 2026,,,,2050,,gender,Male,"Q:DV2. The UK currently does not have a single constitutional document setting out how the UK is governed. Instead, the UK's constitutional arrangements have developed over time through laws, conventions and court decisions.Do you support or oppose the UK having a single written constitution?",UNMATCHED,,Support,Neither support nor oppose,Oppose,,,,,,,,33.2,29.3,18.1,,,,,,,,Vi-2026-08-12-Opinium-Observer-Web-Data-tables-1707.xlsx,DV2
"2,050 UK adults",12 - 14 August 2026,,,,2050,,gender,Female,"Q:DV2. The UK currently does not have a single constitutional document setting out how the UK is governed. Instead, the UK's constitutional arrangements have developed over time through laws, conventions and court decisions.Do you support or oppose the UK having a single written constitution?",UNMATCHED,,Support,Neither support nor oppose,Oppose,,,,,,,,25.9,28.7,13.9,,,,,,,,Vi-2026-08-12-Opinium-Observer-Web-Data-tables-1707.xlsx,DV2
"2,050 UK adults",12 - 14 August 2026,,,,2050,,age,18-34,"Q:DV2. The UK currently does not have a single constitutional document setting out how the UK is governed. Instead, the UK's constitutional arrangements have developed over time through laws, conventions and court decisions.Do you support or oppose the UK having a single written constitution?",UNMATCHED,,Support,Neither support nor oppose,Oppose,,,,,,,,27.7,30.3,22.4,,,,,,,,Vi-2026-08-12-Opinium-Observer-Web-Data-tables-1707.xlsx,DV2
"2,050 UK adults",12 - 14 August 2026,,,,2050,,age,35-49,"Q:DV2. The UK currently does not have a single constitutional document setting out how the UK is governed. Instead, the UK's constitutional arrangements have developed over time through laws, conventions and court decisions.Do you support or oppose the UK having a single written constitution?",UNMATCHED,,Support,Neither support nor oppose,Oppose,,,,,,,,28.9,28.4,15.9,,,,,,,,Vi-2026-08-12-Opinium-Observer-Web-Data-tables-1707.xlsx,DV2
"2,050 UK adults",12 - 14 August 2026,,,,2050,,age,50-64,"Q:DV2. The UK currently does not have a single constitutional document setting out how the UK is governed. Instead, the UK's constitutional arrangements have developed over time through laws, conventions and court decisions.Do you support or oppose the UK having a single written constitution?",UNMATCHED,,Support,Neither support nor oppose,Oppose,,,,,,,,33.0,28.7,11.3,,,,,,,,Vi-2026-08-12-Opinium-Observer-Web-Data-tables-1707.xlsx,DV2
"2,050 UK adults",12 - 14 August 2026,,,,2050,,age,65+,"Q:DV2. The UK currently does not have a single constitutional document setting out how the UK is governed. Instead, the UK's constitutional arrangements have developed over time through laws, conventions and court decisions.Do you support or oppose the UK having a single written constitution?",UNMATCHED,,Support,Neither support nor oppose,Oppose,,,,,,,,28.7,28.4,13.4,,,,,,,,Vi-2026-08-12-Opinium-Observer-Web-Data-tables-1707.xlsx,DV2
"2,050 UK adults",12 - 14 August 2026,,,,2050,,region,North,"Q:DV2. The UK currently does not have a single constitutional document setting out how the UK is governed. Instead, the UK's constitutional arrangements have developed over time through laws, conventions and court decisions.Do you support or oppose the UK having a single written constitution?",UNMATCHED,,Support,Neither support nor oppose,Oppose,,,,,,,,31.6,28.4,15.5,,,,,,,,Vi-2026-08-12-Opinium-Observer-Web-Data-tables-1707.xlsx,DV2
"2,050 UK adults",12 - 14 August 2026,,,,2050,,region,Mids,"Q:DV2. The UK currently does not have a single constitutional document setting out how the UK is governed. Instead, the UK's constitutional arrangements have developed over time through laws, conventions and court decisions.Do you support or oppose the UK having a single written constitution?",UNMATCHED,,Support,Neither support nor oppose,Oppose,,,,,,,,26.4,31.0,13.0,,,,,,,,Vi-2026-08-12-Opinium-Observer-Web-Data-tables-1707.xlsx,DV2
"2,050 UK adults",12 - 14 August 2026,,,,2050,,region,London,"Q:DV2. The UK currently does not have a single constitutional document setting out how the UK is governed. Instead, the UK's constitutional arrangements have developed over time through laws, conventions and court decisions.Do you support or oppose the UK having a single written constitution?",UNMATCHED,,Support,Neither support nor oppose,Oppose,,,,,,,,25.6,30.8,21.4,,,,,,,,Vi-2026-08-12-Opinium-Observer-Web-Data-tables-1707.xlsx,DV2
"2,050 UK adults",12 - 14 August 2026,,,,2050,,region,South,"Q:DV2. The UK currently does not have a single constitutional document setting out how the UK is governed. Instead, the UK's constitutional arrangements have developed over time through laws, conventions and court decisions.Do you support or oppose the UK having a single written constitution?",UNMATCHED,,Support,Neither support nor oppose,Oppose,,,,,,,,31.2,27.3,15.6,,,,,,,,Vi-2026-08-12-Opinium-Observer-Web-Data-tables-1707.xlsx,DV2
"2,050 UK adults",12 - 14 August 2026,,,,2050,,region,Wales,"Q:DV2. The UK currently does not have a single constitutional document setting out how the UK is governed. Instead, the UK's constitutional arrangements have developed over time through laws, conventions and court decisions.Do you support or oppose the UK having a single written constitution?",UNMATCHED,,Support,Neither support nor oppose,Oppose,,,,,,,,28.1,38.9,11.5,,,,,,,,Vi-2026-08-12-Opinium-Observer-Web-Data-tables-1707.xlsx,DV2
"2,050 UK adults",12 - 14 August 2026,,,,2050,,region,Scotland,"Q:DV2. The UK currently does not have a single constitutional document setting out how the UK is governed. Instead, the UK's constitutional arrangements have developed over time through laws, conventions and court decisions.Do you support or oppose the UK having a single written constitution?",UNMATCHED,,Support,Neither support nor oppose,Oppose,,,,,,,,27.1,26.6,19.4,,,,,,,,Vi-2026-08-12-Opinium-Observer-Web-Data-tables-1707.xlsx,DV2
"2,050 UK adults",12 - 14 August 2026,,,,2050,,region,Northern Ireland,"Q:DV2. The UK currently does not have a single constitutional document setting out how the UK is governed. Instead, the UK's constitutional arrangements have developed over time through laws, conventions and court decisions.Do you support or oppose the UK having a single written constitution?",UNMATCHED,,Support,Neither support nor oppose,Oppose,,,,,,,,43.6,23.9,14.5,,,,,,,,Vi-2026-08-12-Opinium-Observer-Web-Data-tables-1707.xlsx,DV2
"2,050 UK adults",12 - 14 August 2026,,,,2050,,region,Reform UK propose sending foreign national offenders to El Salvador,Q:PC1. How much have you seen or heard about the following in the past week?,UNMATCHED,,Heard a lot,Heard a little,Not really heard anything,,,,,,,,11.3,26.9,61.8,,,,,,,,Vi-2026-08-12-Opinium-Observer-Web-Data-tables-1707.xlsx,Summary PC1
"2,050 UK adults",12 - 14 August 2026,,,,2050,,total,Aaron Banks alleged to have hired a private detective to look into a Sunday Times journalist who investigated Reform UK,Q:PC1. How much have you seen or heard about the following in the past week?,UNMATCHED,,Heard a lot,Heard a little,Not really heard anything,,,,,,,,5.9,15.3,78.8,,,,,,,,Vi-2026-08-12-Opinium-Observer-Web-Data-tables-1707.xlsx,Summary PC1
"2,050 UK adults",12 - 14 August 2026,,,,2050,,total,Jason Arday resigns from Cambridge University following allegations of plagiarism,Q:PC1. How much have you seen or heard about the following in the past week?,UNMATCHED,,Heard a lot,Heard a little,Not really heard anything,,,,,,,,21.5,30.5,48.0,,,,,,,,Vi-2026-08-12-Opinium-Observer-Web-Data-tables-1707.xlsx,Summary PC1
"2,050 UK adults",12 - 14 August 2026,,,,2050,,total,Total,"Q:PC1. How much have you seen or heard about the following in the past week?
 Government announces changes to planning rules aimed at reducing the amount of betting shops and vape shops",UNMATCHED,,Heard a lot,Heard a little,Not really heard anything,,,,,,,,14.5,45.8,39.6,,,,,,,,Vi-2026-08-12-Opinium-Observer-Web-Data-tables-1707.xlsx,PC1
"2,050 UK adults",12 - 14 August 2026,,,,2050,,current_vote,Con,"Q:PC1. How much have you seen or heard about the following in the past week?
 Government announces changes to planning rules aimed at reducing the amount of betting shops and vape shops",UNMATCHED,,Heard a lot,Heard a little,Not really heard anything,,,,,,,,14.7,53.3,32.1,,,,,,,,Vi-2026-08-12-Opinium-Observer-Web-Data-tables-1707.xlsx,PC1
"2,050 UK adults",12 - 14 August 2026,,,,2050,,current_vote,Lab,"Q:PC1. How much have you seen or heard about the following in the past week?
 Government announces changes to planning rules aimed at reducing the amount of betting shops and vape shops",UNMATCHED,,Heard a lot,Heard a little,Not really heard anything,,,,,,,,20.3,50.6,29.1,,,,,,,,Vi-2026-08-12-Opinium-Observer-Web-Data-tables-1707.xlsx,PC1
"2,050 UK adults",12 - 14 August 2026,,,,2050,,current_vote,Lib Dem,"Q:PC1. How much have you seen or heard about the following in the past week?
 Government announces changes to planning rules aimed at reducing the amount of betting shops and vape shops",UNMATCHED,,Heard a lot,Heard a little,Not really heard anything,,,,,,,,18.3,46.1,35.6,,,,,,,,Vi-2026-08-12-Opinium-Observer-Web-Data-tables-1707.xlsx,PC1
"2,050 UK adults",12 - 14 August 2026,,,,2050,,current_vote,Reform,"Q:PC1. How much have you seen or heard about the following in the past week?
 Government announces changes to planning rules aimed at reducing the amount of betting shops and vape shops",UNMATCHED,,Heard a lot,Heard a little,Not really heard anything,,,,,,,,15.2,47.8,36.9,,,,,,,,Vi-2026-08-12-Opinium-Observer-Web-Data-tables-1707.xlsx,PC1
"2,050 UK adults",12 - 14 August 2026,,,,2050,,current_vote,Green,"Q:PC1. How much have you seen or heard about the following in the past week?
 Government announces changes to planning rules aimed at reducing the amount of betting shops and vape shops",UNMATCHED,,Heard a lot,Heard a little,Not really heard anything,,,,,,,,10.9,44.3,44.8,,,,,,,,Vi-2026-08-12-Opinium-Observer-Web-Data-tables-1707.xlsx,PC1
"2,050 UK adults",12 - 14 August 2026,,,,2050,,historic_vote,Conservative,"Q:PC1. How much have you seen or heard about the following in the past week?
 Government announces changes to planning rules aimed at reducing the amount of betting shops and vape shops",UNMATCHED,,Heard a lot,Heard a little,Not really heard anything,,,,,,,,14.4,52.1,33.5,,,,,,,,Vi-2026-08-12-Opinium-Observer-Web-Data-tables-1707.xlsx,PC1
"2,050 UK adults",12 - 14 August 2026,,,,2050,,historic_vote,Labour,"Q:PC1. How much have you seen or heard about the following in the past week?
 Government announces changes to planning rules aimed at reducing the amount of betting shops and vape shops",UNMATCHED,,Heard a lot,Heard a little,Not really heard anything,,,,,,,,15.1,51.7,33.2,,,,,,,,Vi-2026-08-12-Opinium-Observer-Web-Data-tables-1707.xlsx,PC1
"2,050 UK adults",12 - 14 August 2026,,,,2050,,historic_vote,Lib Dems,"Q:PC1. How much have you seen or heard about the following in the past week?
 Government announces changes to planning rules aimed at reducing the amount of betting shops and vape shops",UNMATCHED,,Heard a lot,Heard a little,Not really heard anything,,,,,,,,20.0,43.9,36.1,,,,,,,,Vi-2026-08-12-Opinium-Observer-Web-Data-tables-1707.xlsx,PC1
"2,050 UK adults",12 - 14 August 2026,,,,2050,,historic_vote,Green,"Q:PC1. How much have you seen or heard about the following in the past week?
 Government announces changes to planning rules aimed at reducing the amount of betting shops and vape shops",UNMATCHED,,Heard a lot,Heard a little,Not really heard anything,,,,,,,,14.6,34.5,50.9,,,,,,,,Vi-2026-08-12-Opinium-Observer-Web-Data-tables-1707.xlsx,PC1
"2,050 UK adults",12 - 14 August 2026,,,,2050,,historic_vote,Reform UK,"Q:PC1. How much have you seen or heard about the following in the past week?
 Government announces changes to planning rules aimed at reducing the amount of betting shops and vape shops",UNMATCHED,,Heard a lot,Heard a little,Not really heard anything,,,,,,,,15.0,51.3,33.6,,,,,,,,Vi-2026-08-12-Opinium-Observer-Web-Data-tables-1707.xlsx,PC1
"2,050 UK adults",12 - 14 August 2026,,,,2050,,historic_vote,Con,"Q:PC1. How much have you seen or heard about the following in the past week?
 Government announces changes to planning rules aimed at reducing the amount of betting shops and vape shops",UNMATCHED,,Heard a lot,Heard a little,Not really heard anything,,,,,,,,15.3,50.3,34.3,,,,,,,,Vi-2026-08-12-Opinium-Observer-Web-Data-tables-1707.xlsx,PC1
"2,050 UK adults",12 - 14 August 2026,,,,2050,,historic_vote,Lab,"Q:PC1. How much have you seen or heard about the following in the past week?
 Government announces changes to planning rules aimed at reducing the amount of betting shops and vape shops",UNMATCHED,,Heard a lot,Heard a little,Not really heard anything,,,,,,,,16.7,49.8,33.4,,,,,,,,Vi-2026-08-12-Opinium-Observer-Web-Data-tables-1707.xlsx,PC1
"2,050 UK adults",12 - 14 August 2026,,,,2050,,historic_vote,Lib Dem,"Q:PC1. How much have you seen or heard about the following in the past week?
 Government announces changes to planning rules aimed at reducing the amount of betting shops and vape shops",UNMATCHED,,Heard a lot,Heard a little,Not really heard anything,,,,,,,,12.9,49.5,37.6,,,,,,,,Vi-2026-08-12-Opinium-Observer-Web-Data-tables-1707.xlsx,PC1
"2,050 UK adults",12 - 14 August 2026,,,,2050,,historic_vote,Remain,"Q:PC1. How much have you seen or heard about the following in the past week?
 Government announces changes to planning rules aimed at reducing the amount of betting shops and vape shops",UNMATCHED,,Heard a lot,Heard a little,Not really heard anything,,,,,,,,14.6,47.4,37.9,,,,,,,,Vi-2026-08-12-Opinium-Observer-Web-Data-tables-1707.xlsx,PC1
"2,050 UK adults",12 - 14 August 2026,,,,2050,,historic_vote,Leave,"Q:PC1. How much have you seen or heard about the following in the past week?
 Government announces changes to planning rules aimed at reducing the amount of betting shops and vape shops",UNMATCHED,,Heard a lot,Heard a little,Not really heard anything,,,,,,,,14.7,51.3,34.0,,,,,,,,Vi-2026-08-12-Opinium-Observer-Web-Data-tables-1707.xlsx,PC1
"2,050 UK adults",12 - 14 August 2026,,,,2050,,gender,Male,"Q:PC1. How much have you seen or heard about the following in the past week?
 Government announces changes to planning rules aimed at reducing the amount of betting shops and vape shops",UNMATCHED,,Heard a lot,Heard a little,Not really heard anything,,,,,,,,15.6,47.3,37.1,,,,,,,,Vi-2026-08-12-Opinium-Observer-Web-Data-tables-1707.xlsx,PC1
"2,050 UK adults",12 - 14 August 2026,,,,2050,,gender,Female,"Q:PC1. How much have you seen or heard about the following in the past week?
 Government announces changes to planning rules aimed at reducing the amount of betting shops and vape shops",UNMATCHED,,Heard a lot,Heard a little,Not really heard anything,,,,,,,,13.7,44.5,41.7,,,,,,,,Vi-2026-08-12-Opinium-Observer-Web-Data-tables-1707.xlsx,PC1
"2,050 UK adults",12 - 14 August 2026,,,,2050,,age,18-34,"Q:PC1. How much have you seen or heard about the following in the past week?
 Government announces changes to planning rules aimed at reducing the amount of betting shops and vape shops",UNMATCHED,,Heard a lot,Heard a little,Not really heard anything,,,,,,,,19.3,39.7,41.0,,,,,,,,Vi-2026-08-12-Opinium-Observer-Web-Data-tables-1707.xlsx,PC1
"2,050 UK adults",12 - 14 August 2026,,,,2050,,age,35-49,"Q:PC1. How much have you seen or heard about the following in the past week?
 Government announces changes to planning rules aimed at reducing the amount of betting shops and vape shops",UNMATCHED,,Heard a lot,Heard a little,Not really heard anything,,,,,,,,11.6,39.0,49.5,,,,,,,,Vi-2026-08-12-Opinium-Observer-Web-Data-tables-1707.xlsx,PC1
"2,050 UK adults",12 - 14 August 2026,,,,2050,,age,50-64,"Q:PC1. How much have you seen or heard about the following in the past week?
 Government announces changes to planning rules aimed at reducing the amount of betting shops and vape shops",UNMATCHED,,Heard a lot,Heard a little,Not really heard anything,,,,,,,,11.9,49.5,38.6,,,,,,,,Vi-2026-08-12-Opinium-Observer-Web-Data-tables-1707.xlsx,PC1
"2,050 UK adults",12 - 14 August 2026,,,,2050,,age,65+,"Q:PC1. How much have you seen or heard about the following in the past week?
 Government announces changes to planning rules aimed at reducing the amount of betting shops and vape shops",UNMATCHED,,Heard a lot,Heard a little,Not really heard anything,,,,,,,,14.8,56.2,29.0,,,,,,,,Vi-2026-08-12-Opinium-Observer-Web-Data-tables-1707.xlsx,PC1
"2,050 UK adults",12 - 14 August 2026,,,,2050,,region,North,"Q:PC1. How much have you seen or heard about the following in the past week?
 Government announces changes to planning rules aimed at reducing the amount of betting shops and vape shops",UNMATCHED,,Heard a lot,Heard a little,Not really heard anything,,,,,,,,14.2,48.0,37.9,,,,,,,,Vi-2026-08-12-Opinium-Observer-Web-Data-tables-1707.xlsx,PC1
"2,050 UK adults",12 - 14 August 2026,,,,2050,,region,Mids,"Q:PC1. How much have you seen or heard about the following in the past week?
 Government announces changes to planning rules aimed at reducing the amount of betting shops and vape shops",UNMATCHED,,Heard a lot,Heard a little,Not really heard anything,,,,,,,,16.2,45.8,38.0,,,,,,,,Vi-2026-08-12-Opinium-Observer-Web-Data-tables-1707.xlsx,PC1
"2,050 UK adults",12 - 14 August 2026,,,,2050,,region,London,"Q:PC1. How much have you seen or heard about the following in the past week?
 Government announces changes to planning rules aimed at reducing the amount of betting shops and vape shops",UNMATCHED,,Heard a lot,Heard a little,Not really heard anything,,,,,,,,10.1,45.1,44.8,,,,,,,,Vi-2026-08-12-Opinium-Observer-Web-Data-tables-1707.xlsx,PC1
"2,050 UK adults",12 - 14 August 2026,,,,2050,,region,South,"Q:PC1. How much have you seen or heard about the following in the past week?
 Government announces changes to planning rules aimed at reducing the amount of betting shops and vape shops",UNMATCHED,,Heard a lot,Heard a little,Not really heard anything,,,,,,,,15.9,45.1,39.0,,,,,,,,Vi-2026-08-12-Opinium-Observer-Web-Data-tables-1707.xlsx,PC1
"2,050 UK adults",12 - 14 August 2026,,,,2050,,region,Wales,"Q:PC1. How much have you seen or heard about the following in the past week?
 Government announces changes to planning rules aimed at reducing the amount of betting shops and vape shops",UNMATCHED,,Heard a lot,Heard a little,Not really heard anything,,,,,,,,14.8,41.0,44.2,,,,,,,,Vi-2026-08-12-Opinium-Observer-Web-Data-tables-1707.xlsx,PC1
"2,050 UK adults",12 - 14 August 2026,,,,2050,,region,Scotland,"Q:PC1. How much have you seen or heard about the following in the past week?
 Government announces changes to planning rules aimed at reducing the amount of betting shops and vape shops",UNMATCHED,,Heard a lot,Heard a little,Not really heard anything,,,,,,,,14.0,44.5,41.4,,,,,,,,Vi-2026-08-12-Opinium-Observer-Web-Data-tables-1707.xlsx,PC1
"2,050 UK adults",12 - 14 August 2026,,,,2050,,region,Northern Ireland,"Q:PC1. How much have you seen or heard about the following in the past week?
 Government announces changes to planning rules aimed at reducing the amount of betting shops and vape shops",UNMATCHED,,Heard a lot,Heard a little,Not really heard anything,,,,,,,,14.4,51.9,33.6,,,,,,,,Vi-2026-08-12-Opinium-Observer-Web-Data-tables-1707.xlsx,PC1
"2,050 UK adults",12 - 14 August 2026,,,,2050,,total,Total,"Q:PC1. How much have you seen or heard about the following in the past week?
 Andy Burnham says he is “increasingly confident” that killers of PC Andrew Harper will not be released early",Leader favourability (Burnham),burnham,Heard a lot,Heard a little,Not really heard anything,,,,,,,,24.7,42.6,32.7,,,,,,,,Vi-2026-08-12-Opinium-Observer-Web-Data-tables-1707.xlsx,PC1 (2)
"2,050 UK adults",12 - 14 August 2026,,,,2050,,current_vote,Con,"Q:PC1. How much have you seen or heard about the following in the past week?
 Andy Burnham says he is “increasingly confident” that killers of PC Andrew Harper will not be released early",Leader favourability (Burnham),burnham,Heard a lot,Heard a little,Not really heard anything,,,,,,,,26.8,46.7,26.5,,,,,,,,Vi-2026-08-12-Opinium-Observer-Web-Data-tables-1707.xlsx,PC1 (2)
"2,050 UK adults",12 - 14 August 2026,,,,2050,,current_vote,Lab,"Q:PC1. How much have you seen or heard about the following in the past week?
 Andy Burnham says he is “increasingly confident” that killers of PC Andrew Harper will not be released early",Leader favourability (Burnham),burnham,Heard a lot,Heard a little,Not really heard anything,,,,,,,,34.6,43.5,21.9,,,,,,,,Vi-2026-08-12-Opinium-Observer-Web-Data-tables-1707.xlsx,PC1 (2)
"2,050 UK adults",12 - 14 August 2026,,,,2050,,current_vote,Lib Dem,"Q:PC1. How much have you seen or heard about the following in the past week?
 Andy Burnham says he is “increasingly confident” that killers of PC Andrew Harper will not be released early",Leader favourability (Burnham),burnham,Heard a lot,Heard a little,Not really heard anything,,,,,,,,31.3,47.7,21.0,,,,,,,,Vi-2026-08-12-Opinium-Observer-Web-Data-tables-1707.xlsx,PC1 (2)
"2,050 UK adults",12 - 14 August 2026,,,,2050,,current_vote,Reform,"Q:PC1. How much have you seen or heard about the following in the past week?
 Andy Burnham says he is “increasingly confident” that killers of PC Andrew Harper will not be released early",Leader favourability (Burnham),burnham,Heard a lot,Heard a little,Not really heard anything,,,,,,,,24.3,46.9,28.8,,,,,,,,Vi-2026-08-12-Opinium-Observer-Web-Data-tables-1707.xlsx,PC1 (2)
"2,050 UK adults",12 - 14 August 2026,,,,2050,,current_vote,Green,"Q:PC1. How much have you seen or heard about the following in the past week?
 Andy Burnham says he is “increasingly confident” that killers of PC Andrew Harper will not be released early",Leader favourability (Burnham),burnham,Heard a lot,Heard a little,Not really heard anything,,,,,,,,20.9,35.8,43.3,,,,,,,,Vi-2026-08-12-Opinium-Observer-Web-Data-tables-1707.xlsx,PC1 (2)
"2,050 UK adults",12 - 14 August 2026,,,,2050,,historic_vote,Conservative,"Q:PC1. How much have you seen or heard about the following in the past week?
 Andy Burnham says he is “increasingly confident” that killers of PC Andrew Harper will not be released early",Leader favourability (Burnham),burnham,Heard a lot,Heard a little,Not really heard anything,,,,,,,,28.2,48.9,23.0,,,,,,,,Vi-2026-08-12-Opinium-Observer-Web-Data-tables-1707.xlsx,PC1 (2)
"2,050 UK adults",12 - 14 August 2026,,,,2050,,historic_vote,Labour,"Q:PC1. How much have you seen or heard about the following in the past week?
 Andy Burnham says he is “increasingly confident” that killers of PC Andrew Harper will not be released early",Leader favourability (Burnham),burnham,Heard a lot,Heard a little,Not really heard anything,,,,,,,,30.0,48.3,21.7,,,,,,,,Vi-2026-08-12-Opinium-Observer-Web-Data-tables-1707.xlsx,PC1 (2)
"2,050 UK adults",12 - 14 August 2026,,,,2050,,historic_vote,Lib Dems,"Q:PC1. How much have you seen or heard about the following in the past week?
 Andy Burnham says he is “increasingly confident” that killers of PC Andrew Harper will not be released early",Leader favourability (Burnham),burnham,Heard a lot,Heard a little,Not really heard anything,,,,,,,,39.9,42.5,17.6,,,,,,,,Vi-2026-08-12-Opinium-Observer-Web-Data-tables-1707.xlsx,PC1 (2)
"2,050 UK adults",12 - 14 August 2026,,,,2050,,historic_vote,Green,"Q:PC1. How much have you seen or heard about the following in the past week?
 Andy Burnham says he is “increasingly confident” that killers of PC Andrew Harper will not be released early",Leader favourability (Burnham),burnham,Heard a lot,Heard a little,Not really heard anything,,,,,,,,24.3,42.8,32.9,,,,,,,,Vi-2026-08-12-Opinium-Observer-Web-Data-tables-1707.xlsx,PC1 (2)
"2,050 UK adults",12 - 14 August 2026,,,,2050,,historic_vote,Reform UK,"Q:PC1. How much have you seen or heard about the following in the past week?
 Andy Burnham says he is “increasingly confident” that killers of PC Andrew Harper will not be released early",Leader favourability (Burnham),burnham,Heard a lot,Heard a little,Not really heard anything,,,,,,,,25.6,45.2,29.2,,,,,,,,Vi-2026-08-12-Opinium-Observer-Web-Data-tables-1707.xlsx,PC1 (2)
"2,050 UK adults",12 - 14 August 2026,,,,2050,,historic_vote,Con,"Q:PC1. How much have you seen or heard about the following in the past week?
 Andy Burnham says he is “increasingly confident” that killers of PC Andrew Harper will not be released early",Leader favourability (Burnham),burnham,Heard a lot,Heard a little,Not really heard anything,,,,,,,,30.4,46.0,23.5,,,,,,,,Vi-2026-08-12-Opinium-Observer-Web-Data-tables-1707.xlsx,PC1 (2)
"2,050 UK adults",12 - 14 August 2026,,,,2050,,historic_vote,Lab,"Q:PC1. How much have you seen or heard about the following in the past week?
 Andy Burnham says he is “increasingly confident” that killers of PC Andrew Harper will not be released early",Leader favourability (Burnham),burnham,Heard a lot,Heard a little,Not really heard anything,,,,,,,,31.2,45.6,23.2,,,,,,,,Vi-2026-08-12-Opinium-Observer-Web-Data-tables-1707.xlsx,PC1 (2)
"2,050 UK adults",12 - 14 August 2026,,,,2050,,historic_vote,Lib Dem,"Q:PC1. How much have you seen or heard about the following in the past week?
 Andy Burnham says he is “increasingly confident” that killers of PC Andrew Harper will not be released early",Leader favourability (Burnham),burnham,Heard a lot,Heard a little,Not really heard anything,,,,,,,,27.5,55.2,17.3,,,,,,,,Vi-2026-08-12-Opinium-Observer-Web-Data-tables-1707.xlsx,PC1 (2)
"2,050 UK adults",12 - 14 August 2026,,,,2050,,historic_vote,Remain,"Q:PC1. How much have you seen or heard about the following in the past week?
 Andy Burnham says he is “increasingly confident” that killers of PC Andrew Harper will not be released early",Leader favourability (Burnham),burnham,Heard a lot,Heard a little,Not really heard anything,,,,,,,,28.5,45.2,26.3,,,,,,,,Vi-2026-08-12-Opinium-Observer-Web-Data-tables-1707.xlsx,PC1 (2)
"2,050 UK adults",12 - 14 August 2026,,,,2050,,historic_vote,Leave,"Q:PC1. How much have you seen or heard about the following in the past week?
 Andy Burnham says he is “increasingly confident” that killers of PC Andrew Harper will not be released early",Leader favourability (Burnham),burnham,Heard a lot,Heard a little,Not really heard anything,,,,,,,,29.8,48.0,22.2,,,,,,,,Vi-2026-08-12-Opinium-Observer-Web-Data-tables-1707.xlsx,PC1 (2)
"2,050 UK adults",12 - 14 August 2026,,,,2050,,gender,Male,"Q:PC1. How much have you seen or heard about the following in the past week?
 Andy Burnham says he is “increasingly confident” that killers of PC Andrew Harper will not be released early",Leader favourability (Burnham),burnham,Heard a lot,Heard a little,Not really heard anything,,,,,,,,25.6,42.4,32.0,,,,,,,,Vi-2026-08-12-Opinium-Observer-Web-Data-tables-1707.xlsx,PC1 (2)
"2,050 UK adults",12 - 14 August 2026,,,,2050,,gender,Female,"Q:PC1. How much have you seen or heard about the following in the past week?
 Andy Burnham says he is “increasingly confident” that killers of PC Andrew Harper will not be released early",Leader favourability (Burnham),burnham,Heard a lot,Heard a little,Not really heard anything,,,,,,,,24.0,42.7,33.3,,,,,,,,Vi-2026-08-12-Opinium-Observer-Web-Data-tables-1707.xlsx,PC1 (2)
"2,050 UK adults",12 - 14 August 2026,,,,2050,,age,18-34,"Q:PC1. How much have you seen or heard about the following in the past week?
 Andy Burnham says he is “increasingly confident” that killers of PC Andrew Harper will not be released early",Leader favourability (Burnham),burnham,Heard a lot,Heard a little,Not really heard anything,,,,,,,,20.8,30.1,49.1,,,,,,,,Vi-2026-08-12-Opinium-Observer-Web-Data-tables-1707.xlsx,PC1 (2)
"2,050 UK adults",12 - 14 August 2026,,,,2050,,age,35-49,"Q:PC1. How much have you seen or heard about the following in the past week?
 Andy Burnham says he is “increasingly confident” that killers of PC Andrew Harper will not be released early",Leader favourability (Burnham),burnham,Heard a lot,Heard a little,Not really heard anything,,,,,,,,23.0,38.2,38.7,,,,,,,,Vi-2026-08-12-Opinium-Observer-Web-Data-tables-1707.xlsx,PC1 (2)
"2,050 UK adults",12 - 14 August 2026,,,,2050,,age,50-64,"Q:PC1. How much have you seen or heard about the following in the past week?
 Andy Burnham says he is “increasingly confident” that killers of PC Andrew Harper will not be released early",Leader favourability (Burnham),burnham,Heard a lot,Heard a little,Not really heard anything,,,,,,,,27.0,50.2,22.8,,,,,,,,Vi-2026-08-12-Opinium-Observer-Web-Data-tables-1707.xlsx,PC1 (2)
"2,050 UK adults",12 - 14 August 2026,,,,2050,,age,65+,"Q:PC1. How much have you seen or heard about the following in the past week?
 Andy Burnham says he is “increasingly confident” that killers of PC Andrew Harper will not be released early",Leader favourability (Burnham),burnham,Heard a lot,Heard a little,Not really heard anything,,,,,,,,28.6,53.9,17.6,,,,,,,,Vi-2026-08-12-Opinium-Observer-Web-Data-tables-1707.xlsx,PC1 (2)
"2,050 UK adults",12 - 14 August 2026,,,,2050,,region,North,"Q:PC1. How much have you seen or heard about the following in the past week?
 Andy Burnham says he is “increasingly confident” that killers of PC Andrew Harper will not be released early",Leader favourability (Burnham),burnham,Heard a lot,Heard a little,Not really heard anything,,,,,,,,23.0,46.2,30.8,,,,,,,,Vi-2026-08-12-Opinium-Observer-Web-Data-tables-1707.xlsx,PC1 (2)
"2,050 UK adults",12 - 14 August 2026,,,,2050,,region,Mids,"Q:PC1. How much have you seen or heard about the following in the past week?
 Andy Burnham says he is “increasingly confident” that killers of PC Andrew Harper will not be released early",Leader favourability (Burnham),burnham,Heard a lot,Heard a little,Not really heard anything,,,,,,,,27.8,36.9,35.3,,,,,,,,Vi-2026-08-12-Opinium-Observer-Web-Data-tables-1707.xlsx,PC1 (2)
"2,050 UK adults",12 - 14 August 2026,,,,2050,,region,London,"Q:PC1. How much have you seen or heard about the following in the past week?
 Andy Burnham says he is “increasingly confident” that killers of PC Andrew Harper will not be released early",Leader favourability (Burnham),burnham,Heard a lot,Heard a little,Not really heard anything,,,,,,,,23.5,36.4,40.1,,,,,,,,Vi-2026-08-12-Opinium-Observer-Web-Data-tables-1707.xlsx,PC1 (2)
"2,050 UK adults",12 - 14 August 2026,,,,2050,,region,South,"Q:PC1. How much have you seen or heard about the following in the past week?
 Andy Burnham says he is “increasingly confident” that killers of PC Andrew Harper will not be released early",Leader favourability (Burnham),burnham,Heard a lot,Heard a little,Not really heard anything,,,,,,,,25.2,46.0,28.8,,,,,,,,Vi-2026-08-12-Opinium-Observer-Web-Data-tables-1707.xlsx,PC1 (2)
"2,050 UK adults",12 - 14 August 2026,,,,2050,,region,Wales,"Q:PC1. How much have you seen or heard about the following in the past week?
 Andy Burnham says he is “increasingly confident” that killers of PC Andrew Harper will not be released early",Leader favourability (Burnham),burnham,Heard a lot,Heard a little,Not really heard anything,,,,,,,,24.1,46.0,30.0,,,,,,,,Vi-2026-08-12-Opinium-Observer-Web-Data-tables-1707.xlsx,PC1 (2)
"2,050 UK adults",12 - 14 August 2026,,,,2050,,region,Scotland,"Q:PC1. How much have you seen or heard about the following in the past week?
 Andy Burnham says he is “increasingly confident” that killers of PC Andrew Harper will not be released early",Leader favourability (Burnham),burnham,Heard a lot,Heard a little,Not really heard anything,,,,,,,,27.0,40.4,32.6,,,,,,,,Vi-2026-08-12-Opinium-Observer-Web-Data-tables-1707.xlsx,PC1 (2)
"2,050 UK adults",12 - 14 August 2026,,,,2050,,region,Northern Ireland,"Q:PC1. How much have you seen or heard about the following in the past week?
 Andy Burnham says he is “increasingly confident” that killers of PC Andrew Harper will not be released early",Leader favourability (Burnham),burnham,Heard a lot,Heard a little,Not really heard anything,,,,,,,,14.1,38.2,47.7,,,,,,,,Vi-2026-08-12-Opinium-Observer-Web-Data-tables-1707.xlsx,PC1 (2)
"2,050 UK adults",12 - 14 August 2026,,,,2050,,total,Total,"Q:PC1. How much have you seen or heard about the following in the past week?
 Reform UK propose sending foreign national offenders to El Salvador",UNMATCHED,,Heard a lot,Heard a little,Not really heard anything,,,,,,,,11.3,26.9,61.8,,,,,,,,Vi-2026-08-12-Opinium-Observer-Web-Data-tables-1707.xlsx,PC1 (3)
"2,050 UK adults",12 - 14 August 2026,,,,2050,,current_vote,Con,"Q:PC1. How much have you seen or heard about the following in the past week?
 Reform UK propose sending foreign national offenders to El Salvador",UNMATCHED,,Heard a lot,Heard a little,Not really heard anything,,,,,,,,7.9,25.1,67.1,,,,,,,,Vi-2026-08-12-Opinium-Observer-Web-Data-tables-1707.xlsx,PC1 (3)
"2,050 UK adults",12 - 14 August 2026,,,,2050,,current_vote,Lab,"Q:PC1. How much have you seen or heard about the following in the past week?
 Reform UK propose sending foreign national offenders to El Salvador",UNMATCHED,,Heard a lot,Heard a little,Not really heard anything,,,,,,,,12.0,30.5,57.5,,,,,,,,Vi-2026-08-12-Opinium-Observer-Web-Data-tables-1707.xlsx,PC1 (3)
"2,050 UK adults",12 - 14 August 2026,,,,2050,,current_vote,Lib Dem,"Q:PC1. How much have you seen or heard about the following in the past week?
 Reform UK propose sending foreign national offenders to El Salvador",UNMATCHED,,Heard a lot,Heard a little,Not really heard anything,,,,,,,,7.3,30.2,62.5,,,,,,,,Vi-2026-08-12-Opinium-Observer-Web-Data-tables-1707.xlsx,PC1 (3)
"2,050 UK adults",12 - 14 August 2026,,,,2050,,current_vote,Reform,"Q:PC1. How much have you seen or heard about the following in the past week?
 Reform UK propose sending foreign national offenders to El Salvador",UNMATCHED,,Heard a lot,Heard a little,Not really heard anything,,,,,,,,22.2,32.9,44.9,,,,,,,,Vi-2026-08-12-Opinium-Observer-Web-Data-tables-1707.xlsx,PC1 (3)
"2,050 UK adults",12 - 14 August 2026,,,,2050,,current_vote,Green,"Q:PC1. How much have you seen or heard about the following in the past week?
 Reform UK propose sending foreign national offenders to El Salvador",UNMATCHED,,Heard a lot,Heard a little,Not really heard anything,,,,,,,,14.2,25.0,60.8,,,,,,,,Vi-2026-08-12-Opinium-Observer-Web-Data-tables-1707.xlsx,PC1 (3)
"2,050 UK adults",12 - 14 August 2026,,,,2050,,historic_vote,Conservative,"Q:PC1. How much have you seen or heard about the following in the past week?
 Reform UK propose sending foreign national offenders to El Salvador",UNMATCHED,,Heard a lot,Heard a little,Not really heard anything,,,,,,,,10.3,29.4,60.4,,,,,,,,Vi-2026-08-12-Opinium-Observer-Web-Data-tables-1707.xlsx,PC1 (3)
"2,050 UK adults",12 - 14 August 2026,,,,2050,,historic_vote,Labour,"Q:PC1. How much have you seen or heard about the following in the past week?
 Reform UK propose sending foreign national offenders to El Salvador",UNMATCHED,,Heard a lot,Heard a little,Not really heard anything,,,,,,,,11.8,28.2,60.0,,,,,,,,Vi-2026-08-12-Opinium-Observer-Web-Data-tables-1707.xlsx,PC1 (3)
"2,050 UK adults",12 - 14 August 2026,,,,2050,,historic_vote,Lib Dems,"Q:PC1. How much have you seen or heard about the following in the past week?
 Reform UK propose sending foreign national offenders to El Salvador",UNMATCHED,,Heard a lot,Heard a little,Not really heard anything,,,,,,,,8.5,26.8,64.8,,,,,,,,Vi-2026-08-12-Opinium-Observer-Web-Data-tables-1707.xlsx,PC1 (3)
"2,050 UK adults",12 - 14 August 2026,,,,2050,,historic_vote,Green,"Q:PC1. How much have you seen or heard about the following in the past week?
 Reform UK propose sending foreign national offenders to El Salvador",UNMATCHED,,Heard a lot,Heard a little,Not really heard anything,,,,,,,,14.9,29.4,55.6,,,,,,,,Vi-2026-08-12-Opinium-Observer-Web-Data-tables-1707.xlsx,PC1 (3)
"2,050 UK adults",12 - 14 August 2026,,,,2050,,historic_vote,Reform UK,"Q:PC1. How much have you seen or heard about the following in the past week?
 Reform UK propose sending foreign national offenders to El Salvador",UNMATCHED,,Heard a lot,Heard a little,Not really heard anything,,,,,,,,22.6,30.0,47.4,,,,,,,,Vi-2026-08-12-Opinium-Observer-Web-Data-tables-1707.xlsx,PC1 (3)
"2,050 UK adults",12 - 14 August 2026,,,,2050,,historic_vote,Con,"Q:PC1. How much have you seen or heard about the following in the past week?
 Reform UK propose sending foreign national offenders to El Salvador",UNMATCHED,,Heard a lot,Heard a little,Not really heard anything,,,,,,,,13.1,29.3,57.6,,,,,,,,Vi-2026-08-12-Opinium-Observer-Web-Data-tables-1707.xlsx,PC1 (3)
"2,050 UK adults",12 - 14 August 2026,,,,2050,,historic_vote,Lab,"Q:PC1. How much have you seen or heard about the following in the past week?
 Reform UK propose sending foreign national offenders to El Salvador",UNMATCHED,,Heard a lot,Heard a little,Not really heard anything,,,,,,,,12.3,28.6,59.0,,,,,,,,Vi-2026-08-12-Opinium-Observer-Web-Data-tables-1707.xlsx,PC1 (3)
"2,050 UK adults",12 - 14 August 2026,,,,2050,,historic_vote,Lib Dem,"Q:PC1. How much have you seen or heard about the following in the past week?
 Reform UK propose sending foreign national offenders to El Salvador",UNMATCHED,,Heard a lot,Heard a little,Not really heard anything,,,,,,,,7.8,26.3,65.9,,,,,,,,Vi-2026-08-12-Opinium-Observer-Web-Data-tables-1707.xlsx,PC1 (3)
"2,050 UK adults",12 - 14 August 2026,,,,2050,,historic_vote,Remain,"Q:PC1. How much have you seen or heard about the following in the past week?
 Reform UK propose sending foreign national offenders to El Salvador",UNMATCHED,,Heard a lot,Heard a little,Not really heard anything,,,,,,,,10.3,27.4,62.3,,,,,,,,Vi-2026-08-12-Opinium-Observer-Web-Data-tables-1707.xlsx,PC1 (3)
"2,050 UK adults",12 - 14 August 2026,,,,2050,,historic_vote,Leave,"Q:PC1. How much have you seen or heard about the following in the past week?
 Reform UK propose sending foreign national offenders to El Salvador",UNMATCHED,,Heard a lot,Heard a little,Not really heard anything,,,,,,,,13.3,28.8,58.0,,,,,,,,Vi-2026-08-12-Opinium-Observer-Web-Data-tables-1707.xlsx,PC1 (3)
"2,050 UK adults",12 - 14 August 2026,,,,2050,,gender,Male,"Q:PC1. How much have you seen or heard about the following in the past week?
 Reform UK propose sending foreign national offenders to El Salvador",UNMATCHED,,Heard a lot,Heard a little,Not really heard anything,,,,,,,,13.4,29.9,56.7,,,,,,,,Vi-2026-08-12-Opinium-Observer-Web-Data-tables-1707.xlsx,PC1 (3)
"2,050 UK adults",12 - 14 August 2026,,,,2050,,gender,Female,"Q:PC1. How much have you seen or heard about the following in the past week?
 Reform UK propose sending foreign national offenders to El Salvador",UNMATCHED,,Heard a lot,Heard a little,Not really heard anything,,,,,,,,9.5,24.0,66.6,,,,,,,,Vi-2026-08-12-Opinium-Observer-Web-Data-tables-1707.xlsx,PC1 (3)
"2,050 UK adults",12 - 14 August 2026,,,,2050,,age,18-34,"Q:PC1. How much have you seen or heard about the following in the past week?
 Reform UK propose sending foreign national offenders to El Salvador",UNMATCHED,,Heard a lot,Heard a little,Not really heard anything,,,,,,,,16.2,28.1,55.8,,,,,,,,Vi-2026-08-12-Opinium-Observer-Web-Data-tables-1707.xlsx,PC1 (3)
"2,050 UK adults",12 - 14 August 2026,,,,2050,,age,35-49,"Q:PC1. How much have you seen or heard about the following in the past week?
 Reform UK propose sending foreign national offenders to El Salvador",UNMATCHED,,Heard a lot,Heard a little,Not really heard anything,,,,,,,,9.8,22.9,67.3,,,,,,,,Vi-2026-08-12-Opinium-Observer-Web-Data-tables-1707.xlsx,PC1 (3)
"2,050 UK adults",12 - 14 August 2026,,,,2050,,age,50-64,"Q:PC1. How much have you seen or heard about the following in the past week?
 Reform UK propose sending foreign national offenders to El Salvador",UNMATCHED,,Heard a lot,Heard a little,Not really heard anything,,,,,,,,7.4,27.2,65.5,,,,,,,,Vi-2026-08-12-Opinium-Observer-Web-Data-tables-1707.xlsx,PC1 (3)
"2,050 UK adults",12 - 14 August 2026,,,,2050,,age,65+,"Q:PC1. How much have you seen or heard about the following in the past week?
 Reform UK propose sending foreign national offenders to El Salvador",UNMATCHED,,Heard a lot,Heard a little,Not really heard anything,,,,,,,,11.4,29.5,59.1,,,,,,,,Vi-2026-08-12-Opinium-Observer-Web-Data-tables-1707.xlsx,PC1 (3)
"2,050 UK adults",12 - 14 August 2026,,,,2050,,region,North,"Q:PC1. How much have you seen or heard about the following in the past week?
 Reform UK propose sending foreign national offenders to El Salvador",UNMATCHED,,Heard a lot,Heard a little,Not really heard anything,,,,,,,,13.0,28.1,58.8,,,,,,,,Vi-2026-08-12-Opinium-Observer-Web-Data-tables-1707.xlsx,PC1 (3)
"2,050 UK adults",12 - 14 August 2026,,,,2050,,region,Mids,"Q:PC1. How much have you seen or heard about the following in the past week?
 Reform UK propose sending foreign national offenders to El Salvador",UNMATCHED,,Heard a lot,Heard a little,Not really heard anything,,,,,,,,10.9,31.6,57.5,,,,,,,,Vi-2026-08-12-Opinium-Observer-Web-Data-tables-1707.xlsx,PC1 (3)
"2,050 UK adults",12 - 14 August 2026,,,,2050,,region,London,"Q:PC1. How much have you seen or heard about the following in the past week?
 Reform UK propose sending foreign national offenders to El Salvador",UNMATCHED,,Heard a lot,Heard a little,Not really heard anything,,,,,,,,13.0,25.9,61.1,,,,,,,,Vi-2026-08-12-Opinium-Observer-Web-Data-tables-1707.xlsx,PC1 (3)
"2,050 UK adults",12 - 14 August 2026,,,,2050,,region,South,"Q:PC1. How much have you seen or heard about the following in the past week?
 Reform UK propose sending foreign national offenders to El Salvador",UNMATCHED,,Heard a lot,Heard a little,Not really heard anything,,,,,,,,10.6,26.8,62.6,,,,,,,,Vi-2026-08-12-Opinium-Observer-Web-Data-tables-1707.xlsx,PC1 (3)
"2,050 UK adults",12 - 14 August 2026,,,,2050,,region,Wales,"Q:PC1. How much have you seen or heard about the following in the past week?
 Reform UK propose sending foreign national offenders to El Salvador",UNMATCHED,,Heard a lot,Heard a little,Not really heard anything,,,,,,,,14.8,16.6,68.6,,,,,,,,Vi-2026-08-12-Opinium-Observer-Web-Data-tables-1707.xlsx,PC1 (3)
"2,050 UK adults",12 - 14 August 2026,,,,2050,,region,Scotland,"Q:PC1. How much have you seen or heard about the following in the past week?
 Reform UK propose sending foreign national offenders to El Salvador",UNMATCHED,,Heard a lot,Heard a little,Not really heard anything,,,,,,,,8.0,21.3,70.8,,,,,,,,Vi-2026-08-12-Opinium-Observer-Web-Data-tables-1707.xlsx,PC1 (3)
"2,050 UK adults",12 - 14 August 2026,,,,2050,,region,Northern Ireland,"Q:PC1. How much have you seen or heard about the following in the past week?
 Reform UK propose sending foreign national offenders to El Salvador",UNMATCHED,,Heard a lot,Heard a little,Not really heard anything,,,,,,,,2.7,31.4,66.0,,,,,,,,Vi-2026-08-12-Opinium-Observer-Web-Data-tables-1707.xlsx,PC1 (3)
"2,050 UK adults",12 - 14 August 2026,,,,2050,,total,Total,"Q:PC1. How much have you seen or heard about the following in the past week?
 Aaron Banks alleged to have hired a private detective to look into a Sunday Times journalist who investigated Reform UK",UNMATCHED,,Heard a lot,Heard a little,Not really heard anything,,,,,,,,5.9,15.3,78.8,,,,,,,,Vi-2026-08-12-Opinium-Observer-Web-Data-tables-1707.xlsx,PC1 (4)
"2,050 UK adults",12 - 14 August 2026,,,,2050,,current_vote,Con,"Q:PC1. How much have you seen or heard about the following in the past week?
 Aaron Banks alleged to have hired a private detective to look into a Sunday Times journalist who investigated Reform UK",UNMATCHED,,Heard a lot,Heard a little,Not really heard anything,,,,,,,,5.4,13.7,80.8,,,,,,,,Vi-2026-08-12-Opinium-Observer-Web-Data-tables-1707.xlsx,PC1 (4)
"2,050 UK adults",12 - 14 August 2026,,,,2050,,current_vote,Lab,"Q:PC1. How much have you seen or heard about the following in the past week?
 Aaron Banks alleged to have hired a private detective to look into a Sunday Times journalist who investigated Reform UK",UNMATCHED,,Heard a lot,Heard a little,Not really heard anything,,,,,,,,8.9,18.2,72.9,,,,,,,,Vi-2026-08-12-Opinium-Observer-Web-Data-tables-1707.xlsx,PC1 (4)
"2,050 UK adults",12 - 14 August 2026,,,,2050,,current_vote,Lib Dem,"Q:PC1. How much have you seen or heard about the following in the past week?
 Aaron Banks alleged to have hired a private detective to look into a Sunday Times journalist who investigated Reform UK",UNMATCHED,,Heard a lot,Heard a little,Not really heard anything,,,,,,,,6.6,18.9,74.5,,,,,,,,Vi-2026-08-12-Opinium-Observer-Web-Data-tables-1707.xlsx,PC1 (4)
"2,050 UK adults",12 - 14 August 2026,,,,2050,,current_vote,Reform,"Q:PC1. How much have you seen or heard about the following in the past week?
 Aaron Banks alleged to have hired a private detective to look into a Sunday Times journalist who investigated Reform UK",UNMATCHED,,Heard a lot,Heard a little,Not really heard anything,,,,,,,,5.9,18.2,75.9,,,,,,,,Vi-2026-08-12-Opinium-Observer-Web-Data-tables-1707.xlsx,PC1 (4)
"2,050 UK adults",12 - 14 August 2026,,,,2050,,current_vote,Green,"Q:PC1. How much have you seen or heard about the following in the past week?
 Aaron Banks alleged to have hired a private detective to look into a Sunday Times journalist who investigated Reform UK",UNMATCHED,,Heard a lot,Heard a little,Not really heard anything,,,,,,,,7.2,17.6,75.2,,,,,,,,Vi-2026-08-12-Opinium-Observer-Web-Data-tables-1707.xlsx,PC1 (4)
"2,050 UK adults",12 - 14 August 2026,,,,2050,,historic_vote,Conservative,"Q:PC1. How much have you seen or heard about the following in the past week?
 Aaron Banks alleged to have hired a private detective to look into a Sunday Times journalist who investigated Reform UK",UNMATCHED,,Heard a lot,Heard a little,Not really heard anything,,,,,,,,4.5,11.2,84.2,,,,,,,,Vi-2026-08-12-Opinium-Observer-Web-Data-tables-1707.xlsx,PC1 (4)
"2,050 UK adults",12 - 14 August 2026,,,,2050,,historic_vote,Labour,"Q:PC1. How much have you seen or heard about the following in the past week?
 Aaron Banks alleged to have hired a private detective to look into a Sunday Times journalist who investigated Reform UK",UNMATCHED,,Heard a lot,Heard a little,Not really heard anything,,,,,,,,7.0,17.3,75.7,,,,,,,,Vi-2026-08-12-Opinium-Observer-Web-Data-tables-1707.xlsx,PC1 (4)
"2,050 UK adults",12 - 14 August 2026,,,,2050,,historic_vote,Lib Dems,"Q:PC1. How much have you seen or heard about the following in the past week?
 Aaron Banks alleged to have hired a private detective to look into a Sunday Times journalist who investigated Reform UK",UNMATCHED,,Heard a lot,Heard a little,Not really heard anything,,,,,,,,7.0,16.5,76.5,,,,,,,,Vi-2026-08-12-Opinium-Observer-Web-Data-tables-1707.xlsx,PC1 (4)
"2,050 UK adults",12 - 14 August 2026,,,,2050,,historic_vote,Green,"Q:PC1. How much have you seen or heard about the following in the past week?
 Aaron Banks alleged to have hired a private detective to look into a Sunday Times journalist who investigated Reform UK",UNMATCHED,,Heard a lot,Heard a little,Not really heard anything,,,,,,,,9.8,22.7,67.5,,,,,,,,Vi-2026-08-12-Opinium-Observer-Web-Data-tables-1707.xlsx,PC1 (4)
"2,050 UK adults",12 - 14 August 2026,,,,2050,,historic_vote,Reform UK,"Q:PC1. How much have you seen or heard about the following in the past week?
 Aaron Banks alleged to have hired a private detective to look into a Sunday Times journalist who investigated Reform UK",UNMATCHED,,Heard a lot,Heard a little,Not really heard anything,,,,,,,,6.2,17.9,75.9,,,,,,,,Vi-2026-08-12-Opinium-Observer-Web-Data-tables-1707.xlsx,PC1 (4)
"2,050 UK adults",12 - 14 August 2026,,,,2050,,historic_vote,Con,"Q:PC1. How much have you seen or heard about the following in the past week?
 Aaron Banks alleged to have hired a private detective to look into a Sunday Times journalist who investigated Reform UK",UNMATCHED,,Heard a lot,Heard a little,Not really heard anything,,,,,,,,4.4,13.4,82.3,,,,,,,,Vi-2026-08-12-Opinium-Observer-Web-Data-tables-1707.xlsx,PC1 (4)
"2,050 UK adults",12 - 14 August 2026,,,,2050,,historic_vote,Lab,"Q:PC1. How much have you seen or heard about the following in the past week?
 Aaron Banks alleged to have hired a private detective to look into a Sunday Times journalist who investigated Reform UK",UNMATCHED,,Heard a lot,Heard a little,Not really heard anything,,,,,,,,6.6,16.5,76.9,,,,,,,,Vi-2026-08-12-Opinium-Observer-Web-Data-tables-1707.xlsx,PC1 (4)
"2,050 UK adults",12 - 14 August 2026,,,,2050,,historic_vote,Lib Dem,"Q:PC1. How much have you seen or heard about the following in the past week?
 Aaron Banks alleged to have hired a private detective to look into a Sunday Times journalist who investigated Reform UK",UNMATCHED,,Heard a lot,Heard a little,Not really heard anything,,,,,,,,5.7,17.9,76.5,,,,,,,,Vi-2026-08-12-Opinium-Observer-Web-Data-tables-1707.xlsx,PC1 (4)
"2,050 UK adults",12 - 14 August 2026,,,,2050,,historic_vote,Remain,"Q:PC1. How much have you seen or heard about the following in the past week?
 Aaron Banks alleged to have hired a private detective to look into a Sunday Times journalist who investigated Reform UK",UNMATCHED,,Heard a lot,Heard a little,Not really heard anything,,,,,,,,7.3,14.9,77.8,,,,,,,,Vi-2026-08-12-Opinium-Observer-Web-Data-tables-1707.xlsx,PC1 (4)
"2,050 UK adults",12 - 14 August 2026,,,,2050,,historic_vote,Leave,"Q:PC1. How much have you seen or heard about the following in the past week?
 Aaron Banks alleged to have hired a private detective to look into a Sunday Times journalist who investigated Reform UK",UNMATCHED,,Heard a lot,Heard a little,Not really heard anything,,,,,,,,3.7,14.1,82.1,,,,,,,,Vi-2026-08-12-Opinium-Observer-Web-Data-tables-1707.xlsx,PC1 (4)
"2,050 UK adults",12 - 14 August 2026,,,,2050,,gender,Male,"Q:PC1. How much have you seen or heard about the following in the past week?
 Aaron Banks alleged to have hired a private detective to look into a Sunday Times journalist who investigated Reform UK",UNMATCHED,,Heard a lot,Heard a little,Not really heard anything,,,,,,,,7.4,17.7,74.9,,,,,,,,Vi-2026-08-12-Opinium-Observer-Web-Data-tables-1707.xlsx,PC1 (4)
"2,050 UK adults",12 - 14 August 2026,,,,2050,,gender,Female,"Q:PC1. How much have you seen or heard about the following in the past week?
 Aaron Banks alleged to have hired a private detective to look into a Sunday Times journalist who investigated Reform UK",UNMATCHED,,Heard a lot,Heard a little,Not really heard anything,,,,,,,,4.7,12.8,82.5,,,,,,,,Vi-2026-08-12-Opinium-Observer-Web-Data-tables-1707.xlsx,PC1 (4)
"2,050 UK adults",12 - 14 August 2026,,,,2050,,age,18-34,"Q:PC1. How much have you seen or heard about the following in the past week?
 Aaron Banks alleged to have hired a private detective to look into a Sunday Times journalist who investigated Reform UK",UNMATCHED,,Heard a lot,Heard a little,Not really heard anything,,,,,,,,11.6,19.8,68.6,,,,,,,,Vi-2026-08-12-Opinium-Observer-Web-Data-tables-1707.xlsx,PC1 (4)
"2,050 UK adults",12 - 14 August 2026,,,,2050,,age,35-49,"Q:PC1. How much have you seen or heard about the following in the past week?
 Aaron Banks alleged to have hired a private detective to look into a Sunday Times journalist who investigated Reform UK",UNMATCHED,,Heard a lot,Heard a little,Not really heard anything,,,,,,,,6.4,16.3,77.3,,,,,,,,Vi-2026-08-12-Opinium-Observer-Web-Data-tables-1707.xlsx,PC1 (4)
"2,050 UK adults",12 - 14 August 2026,,,,2050,,age,50-64,"Q:PC1. How much have you seen or heard about the following in the past week?
 Aaron Banks alleged to have hired a private detective to look into a Sunday Times journalist who investigated Reform UK",UNMATCHED,,Heard a lot,Heard a little,Not really heard anything,,,,,,,,3.1,12.3,84.5,,,,,,,,Vi-2026-08-12-Opinium-Observer-Web-Data-tables-1707.xlsx,PC1 (4)
"2,050 UK adults",12 - 14 August 2026,,,,2050,,age,65+,"Q:PC1. How much have you seen or heard about the following in the past week?
 Aaron Banks alleged to have hired a private detective to look into a Sunday Times journalist who investigated Reform UK",UNMATCHED,,Heard a lot,Heard a little,Not really heard anything,,,,,,,,1.9,11.9,86.2,,,,,,,,Vi-2026-08-12-Opinium-Observer-Web-Data-tables-1707.xlsx,PC1 (4)
"2,050 UK adults",12 - 14 August 2026,,,,2050,,region,North,"Q:PC1. How much have you seen or heard about the following in the past week?
 Aaron Banks alleged to have hired a private detective to look into a Sunday Times journalist who investigated Reform UK",UNMATCHED,,Heard a lot,Heard a little,Not really heard anything,,,,,,,,6.0,17.7,76.3,,,,,,,,Vi-2026-08-12-Opinium-Observer-Web-Data-tables-1707.xlsx,PC1 (4)
"2,050 UK adults",12 - 14 August 2026,,,,2050,,region,Mids,"Q:PC1. How much have you seen or heard about the following in the past week?
 Aaron Banks alleged to have hired a private detective to look into a Sunday Times journalist who investigated Reform UK",UNMATCHED,,Heard a lot,Heard a little,Not really heard anything,,,,,,,,6.8,16.6,76.6,,,,,,,,Vi-2026-08-12-Opinium-Observer-Web-Data-tables-1707.xlsx,PC1 (4)
"2,050 UK adults",12 - 14 August 2026,,,,2050,,region,London,"Q:PC1. How much have you seen or heard about the following in the past week?
 Aaron Banks alleged to have hired a private detective to look into a Sunday Times journalist who investigated Reform UK",UNMATCHED,,Heard a lot,Heard a little,Not really heard anything,,,,,,,,7.3,13.7,79.0,,,,,,,,Vi-2026-08-12-Opinium-Observer-Web-Data-tables-1707.xlsx,PC1 (4)
"2,050 UK adults",12 - 14 August 2026,,,,2050,,region,South,"Q:PC1. How much have you seen or heard about the following in the past week?
 Aaron Banks alleged to have hired a private detective to look into a Sunday Times journalist who investigated Reform UK",UNMATCHED,,Heard a lot,Heard a little,Not really heard anything,,,,,,,,5.7,14.4,79.9,,,,,,,,Vi-2026-08-12-Opinium-Observer-Web-Data-tables-1707.xlsx,PC1 (4)
"2,050 UK adults",12 - 14 August 2026,,,,2050,,region,Wales,"Q:PC1. How much have you seen or heard about the following in the past week?
 Aaron Banks alleged to have hired a private detective to look into a Sunday Times journalist who investigated Reform UK",UNMATCHED,,Heard a lot,Heard a little,Not really heard anything,,,,,,,,3.7,12.8,83.5,,,,,,,,Vi-2026-08-12-Opinium-Observer-Web-Data-tables-1707.xlsx,PC1 (4)
"2,050 UK adults",12 - 14 August 2026,,,,2050,,region,Scotland,"Q:PC1. How much have you seen or heard about the following in the past week?
 Aaron Banks alleged to have hired a private detective to look into a Sunday Times journalist who investigated Reform UK",UNMATCHED,,Heard a lot,Heard a little,Not really heard anything,,,,,,,,4.3,15.3,80.4,,,,,,,,Vi-2026-08-12-Opinium-Observer-Web-Data-tables-1707.xlsx,PC1 (4)
"2,050 UK adults",12 - 14 August 2026,,,,2050,,region,Northern Ireland,"Q:PC1. How much have you seen or heard about the following in the past week?
 Aaron Banks alleged to have hired a private detective to look into a Sunday Times journalist who investigated Reform UK",UNMATCHED,,Heard a lot,Heard a little,Not really heard anything,,,,,,,,5.6,7.5,86.9,,,,,,,,Vi-2026-08-12-Opinium-Observer-Web-Data-tables-1707.xlsx,PC1 (4)
"2,050 UK adults",12 - 14 August 2026,,,,2050,,total,Total,"Q:PC1. How much have you seen or heard about the following in the past week?
 Record 230 migrants cross the English Channel in a single boat",UNMATCHED,,Heard a lot,Heard a little,Not really heard anything,,,,,,,,33.6,38.4,28.0,,,,,,,,Vi-2026-08-12-Opinium-Observer-Web-Data-tables-1707.xlsx,PC1 (5)
"2,050 UK adults",12 - 14 August 2026,,,,2050,,current_vote,Con,"Q:PC1. How much have you seen or heard about the following in the past week?
 Record 230 migrants cross the English Channel in a single boat",UNMATCHED,,Heard a lot,Heard a little,Not really heard anything,,,,,,,,42.5,40.3,17.2,,,,,,,,Vi-2026-08-12-Opinium-Observer-Web-Data-tables-1707.xlsx,PC1 (5)
"2,050 UK adults",12 - 14 August 2026,,,,2050,,current_vote,Lab,"Q:PC1. How much have you seen or heard about the following in the past week?
 Record 230 migrants cross the English Channel in a single boat",UNMATCHED,,Heard a lot,Heard a little,Not really heard anything,,,,,,,,29.8,41.7,28.5,,,,,,,,Vi-2026-08-12-Opinium-Observer-Web-Data-tables-1707.xlsx,PC1 (5)
"2,050 UK adults",12 - 14 August 2026,,,,2050,,current_vote,Lib Dem,"Q:PC1. How much have you seen or heard about the following in the past week?
 Record 230 migrants cross the English Channel in a single boat",UNMATCHED,,Heard a lot,Heard a little,Not really heard anything,,,,,,,,29.9,45.3,24.8,,,,,,,,Vi-2026-08-12-Opinium-Observer-Web-Data-tables-1707.xlsx,PC1 (5)
"2,050 UK adults",12 - 14 August 2026,,,,2050,,current_vote,Reform,"Q:PC1. How much have you seen or heard about the following in the past week?
 Record 230 migrants cross the English Channel in a single boat",UNMATCHED,,Heard a lot,Heard a little,Not really heard anything,,,,,,,,53.6,30.8,15.6,,,,,,,,Vi-2026-08-12-Opinium-Observer-Web-Data-tables-1707.xlsx,PC1 (5)
"2,050 UK adults",12 - 14 August 2026,,,,2050,,current_vote,Green,"Q:PC1. How much have you seen or heard about the following in the past week?
 Record 230 migrants cross the English Channel in a single boat",UNMATCHED,,Heard a lot,Heard a little,Not really heard anything,,,,,,,,21.6,37.7,40.7,,,,,,,,Vi-2026-08-12-Opinium-Observer-Web-Data-tables-1707.xlsx,PC1 (5)
"2,050 UK adults",12 - 14 August 2026,,,,2050,,historic_vote,Conservative,"Q:PC1. How much have you seen or heard about the following in the past week?
 Record 230 migrants cross the English Channel in a single boat",UNMATCHED,,Heard a lot,Heard a little,Not really heard anything,,,,,,,,46.8,38.8,14.4,,,,,,,,Vi-2026-08-12-Opinium-Observer-Web-Data-tables-1707.xlsx,PC1 (5)
"2,050 UK adults",12 - 14 August 2026,,,,2050,,historic_vote,Labour,"Q:PC1. How much have you seen or heard about the following in the past week?
 Record 230 migrants cross the English Channel in a single boat",UNMATCHED,,Heard a lot,Heard a little,Not really heard anything,,,,,,,,30.9,42.5,26.6,,,,,,,,Vi-2026-08-12-Opinium-Observer-Web-Data-tables-1707.xlsx,PC1 (5)
"2,050 UK adults",12 - 14 August 2026,,,,2050,,historic_vote,Lib Dems,"Q:PC1. How much have you seen or heard about the following in the past week?
 Record 230 migrants cross the English Channel in a single boat",UNMATCHED,,Heard a lot,Heard a little,Not really heard anything,,,,,,,,30.1,48.4,21.5,,,,,,,,Vi-2026-08-12-Opinium-Observer-Web-Data-tables-1707.xlsx,PC1 (5)
"2,050 UK adults",12 - 14 August 2026,,,,2050,,historic_vote,Green,"Q:PC1. How much have you seen or heard about the following in the past week?
 Record 230 migrants cross the English Channel in a single boat",UNMATCHED,,Heard a lot,Heard a little,Not really heard anything,,,,,,,,21.1,50.2,28.7,,,,,,,,Vi-2026-08-12-Opinium-Observer-Web-Data-tables-1707.xlsx,PC1 (5)
"2,050 UK adults",12 - 14 August 2026,,,,2050,,historic_vote,Reform UK,"Q:PC1. How much have you seen or heard about the following in the past week?
 Record 230 migrants cross the English Channel in a single boat",UNMATCHED,,Heard a lot,Heard a little,Not really heard anything,,,,,,,,54.6,29.6,15.7,,,,,,,,Vi-2026-08-12-Opinium-Observer-Web-Data-tables-1707.xlsx,PC1 (5)
"2,050 UK adults",12 - 14 August 2026,,,,2050,,historic_vote,Con,"Q:PC1. How much have you seen or heard about the following in the past week?
 Record 230 migrants cross the English Channel in a single boat",UNMATCHED,,Heard a lot,Heard a little,Not really heard anything,,,,,,,,48.9,36.2,14.9,,,,,,,,Vi-2026-08-12-Opinium-Observer-Web-Data-tables-1707.xlsx,PC1 (5)
"2,050 UK adults",12 - 14 August 2026,,,,2050,,historic_vote,Lab,"Q:PC1. How much have you seen or heard about the following in the past week?
 Record 230 migrants cross the English Channel in a single boat",UNMATCHED,,Heard a lot,Heard a little,Not really heard anything,,,,,,,,30.4,42.4,27.2,,,,,,,,Vi-2026-08-12-Opinium-Observer-Web-Data-tables-1707.xlsx,PC1 (5)
"2,050 UK adults",12 - 14 August 2026,,,,2050,,historic_vote,Lib Dem,"Q:PC1. How much have you seen or heard about the following in the past week?
 Record 230 migrants cross the English Channel in a single boat",UNMATCHED,,Heard a lot,Heard a little,Not really heard anything,,,,,,,,32.6,43.8,23.6,,,,,,,,Vi-2026-08-12-Opinium-Observer-Web-Data-tables-1707.xlsx,PC1 (5)
"2,050 UK adults",12 - 14 August 2026,,,,2050,,historic_vote,Remain,"Q:PC1. How much have you seen or heard about the following in the past week?
 Record 230 migrants cross the English Channel in a single boat",UNMATCHED,,Heard a lot,Heard a little,Not really heard anything,,,,,,,,28.3,43.6,28.1,,,,,,,,Vi-2026-08-12-Opinium-Observer-Web-Data-tables-1707.xlsx,PC1 (5)
"2,050 UK adults",12 - 14 August 2026,,,,2050,,historic_vote,Leave,"Q:PC1. How much have you seen or heard about the following in the past week?
 Record 230 migrants cross the English Channel in a single boat",UNMATCHED,,Heard a lot,Heard a little,Not really heard anything,,,,,,,,46.7,37.8,15.5,,,,,,,,Vi-2026-08-12-Opinium-Observer-Web-Data-tables-1707.xlsx,PC1 (5)
"2,050 UK adults",12 - 14 August 2026,,,,2050,,gender,Male,"Q:PC1. How much have you seen or heard about the following in the past week?
 Record 230 migrants cross the English Channel in a single boat",UNMATCHED,,Heard a lot,Heard a little,Not really heard anything,,,,,,,,36.3,37.0,26.7,,,,,,,,Vi-2026-08-12-Opinium-Observer-Web-Data-tables-1707.xlsx,PC1 (5)
"2,050 UK adults",12 - 14 August 2026,,,,2050,,gender,Female,"Q:PC1. How much have you seen or heard about the following in the past week?
 Record 230 migrants cross the English Channel in a single boat",UNMATCHED,,Heard a lot,Heard a little,Not really heard anything,,,,,,,,31.4,39.5,29.1,,,,,,,,Vi-2026-08-12-Opinium-Observer-Web-Data-tables-1707.xlsx,PC1 (5)
"2,050 UK adults",12 - 14 August 2026,,,,2050,,age,18-34,"Q:PC1. How much have you seen or heard about the following in the past week?
 Record 230 migrants cross the English Channel in a single boat",UNMATCHED,,Heard a lot,Heard a little,Not really heard anything,,,,,,,,27.5,31.5,41.0,,,,,,,,Vi-2026-08-12-Opinium-Observer-Web-Data-tables-1707.xlsx,PC1 (5)
"2,050 UK adults",12 - 14 August 2026,,,,2050,,age,35-49,"Q:PC1. How much have you seen or heard about the following in the past week?
 Record 230 migrants cross the English Channel in a single boat",UNMATCHED,,Heard a lot,Heard a little,Not really heard anything,,,,,,,,25.3,38.1,36.6,,,,,,,,Vi-2026-08-12-Opinium-Observer-Web-Data-tables-1707.xlsx,PC1 (5)
"2,050 UK adults",12 - 14 August 2026,,,,2050,,age,50-64,"Q:PC1. How much have you seen or heard about the following in the past week?
 Record 230 migrants cross the English Channel in a single boat",UNMATCHED,,Heard a lot,Heard a little,Not really heard anything,,,,,,,,33.5,46.0,20.5,,,,,,,,Vi-2026-08-12-Opinium-Observer-Web-Data-tables-1707.xlsx,PC1 (5)
"2,050 UK adults",12 - 14 August 2026,,,,2050,,age,65+,"Q:PC1. How much have you seen or heard about the following in the past week?
 Record 230 migrants cross the English Channel in a single boat",UNMATCHED,,Heard a lot,Heard a little,Not really heard anything,,,,,,,,49.5,38.8,11.7,,,,,,,,Vi-2026-08-12-Opinium-Observer-Web-Data-tables-1707.xlsx,PC1 (5)
"2,050 UK adults",12 - 14 August 2026,,,,2050,,region,North,"Q:PC1. How much have you seen or heard about the following in the past week?
 Record 230 migrants cross the English Channel in a single boat",UNMATCHED,,Heard a lot,Heard a little,Not really heard anything,,,,,,,,29.6,42.6,27.8,,,,,,,,Vi-2026-08-12-Opinium-Observer-Web-Data-tables-1707.xlsx,PC1 (5)
"2,050 UK adults",12 - 14 August 2026,,,,2050,,region,Mids,"Q:PC1. How much have you seen or heard about the following in the past week?
 Record 230 migrants cross the English Channel in a single boat",UNMATCHED,,Heard a lot,Heard a little,Not really heard anything,,,,,,,,37.0,35.3,27.7,,,,,,,,Vi-2026-08-12-Opinium-Observer-Web-Data-tables-1707.xlsx,PC1 (5)
"2,050 UK adults",12 - 14 August 2026,,,,2050,,region,London,"Q:PC1. How much have you seen or heard about the following in the past week?
 Record 230 migrants cross the English Channel in a single boat",UNMATCHED,,Heard a lot,Heard a little,Not really heard anything,,,,,,,,28.1,35.8,36.1,,,,,,,,Vi-2026-08-12-Opinium-Observer-Web-Data-tables-1707.xlsx,PC1 (5)
"2,050 UK adults",12 - 14 August 2026,,,,2050,,region,South,"Q:PC1. How much have you seen or heard about the following in the past week?
 Record 230 migrants cross the English Channel in a single boat",UNMATCHED,,Heard a lot,Heard a little,Not really heard anything,,,,,,,,38.4,39.2,22.4,,,,,,,,Vi-2026-08-12-Opinium-Observer-Web-Data-tables-1707.xlsx,PC1 (5)
"2,050 UK adults",12 - 14 August 2026,,,,2050,,region,Wales,"Q:PC1. How much have you seen or heard about the following in the past week?
 Record 230 migrants cross the English Channel in a single boat",UNMATCHED,,Heard a lot,Heard a little,Not really heard anything,,,,,,,,30.2,33.3,36.4,,,,,,,,Vi-2026-08-12-Opinium-Observer-Web-Data-tables-1707.xlsx,PC1 (5)
"2,050 UK adults",12 - 14 August 2026,,,,2050,,region,Scotland,"Q:PC1. How much have you seen or heard about the following in the past week?
 Record 230 migrants cross the English Channel in a single boat",UNMATCHED,,Heard a lot,Heard a little,Not really heard anything,,,,,,,,34.4,39.5,26.2,,,,,,,,Vi-2026-08-12-Opinium-Observer-Web-Data-tables-1707.xlsx,PC1 (5)
"2,050 UK adults",12 - 14 August 2026,,,,2050,,region,Northern Ireland,"Q:PC1. How much have you seen or heard about the following in the past week?
 Record 230 migrants cross the English Channel in a single boat",UNMATCHED,,Heard a lot,Heard a little,Not really heard anything,,,,,,,,23.6,29.1,47.3,,,,,,,,Vi-2026-08-12-Opinium-Observer-Web-Data-tables-1707.xlsx,PC1 (5)
"2,050 UK adults",12 - 14 August 2026,,,,2050,,total,Total,"Q:PC1. How much have you seen or heard about the following in the past week?
 Met Office says 2026 is on course to be the hottest summer on record",UNMATCHED,,Heard a lot,Heard a little,Not really heard anything,,,,,,,,46.1,36.4,17.5,,,,,,,,Vi-2026-08-12-Opinium-Observer-Web-Data-tables-1707.xlsx,PC1 (6)
"2,050 UK adults",12 - 14 August 2026,,,,2050,,current_vote,Con,"Q:PC1. How much have you seen or heard about the following in the past week?
 Met Office says 2026 is on course to be the hottest summer on record",UNMATCHED,,Heard a lot,Heard a little,Not really heard anything,,,,,,,,50.3,39.1,10.7,,,,,,,,Vi-2026-08-12-Opinium-Observer-Web-Data-tables-1707.xlsx,PC1 (6)
"2,050 UK adults",12 - 14 August 2026,,,,2050,,current_vote,Lab,"Q:PC1. How much have you seen or heard about the following in the past week?
 Met Office says 2026 is on course to be the hottest summer on record",UNMATCHED,,Heard a lot,Heard a little,Not really heard anything,,,,,,,,55.4,31.6,13.0,,,,,,,,Vi-2026-08-12-Opinium-Observer-Web-Data-tables-1707.xlsx,PC1 (6)
"2,050 UK adults",12 - 14 August 2026,,,,2050,,current_vote,Lib Dem,"Q:PC1. How much have you seen or heard about the following in the past week?
 Met Office says 2026 is on course to be the hottest summer on record",UNMATCHED,,Heard a lot,Heard a little,Not really heard anything,,,,,,,,57.2,32.2,10.6,,,,,,,,Vi-2026-08-12-Opinium-Observer-Web-Data-tables-1707.xlsx,PC1 (6)
"2,050 UK adults",12 - 14 August 2026,,,,2050,,current_vote,Reform,"Q:PC1. How much have you seen or heard about the following in the past week?
 Met Office says 2026 is on course to be the hottest summer on record",UNMATCHED,,Heard a lot,Heard a little,Not really heard anything,,,,,,,,47.6,36.1,16.2,,,,,,,,Vi-2026-08-12-Opinium-Observer-Web-Data-tables-1707.xlsx,PC1 (6)
"2,050 UK adults",12 - 14 August 2026,,,,2050,,current_vote,Green,"Q:PC1. How much have you seen or heard about the following in the past week?
 Met Office says 2026 is on course to be the hottest summer on record",UNMATCHED,,Heard a lot,Heard a little,Not really heard anything,,,,,,,,43.0,43.3,13.7,,,,,,,,Vi-2026-08-12-Opinium-Observer-Web-Data-tables-1707.xlsx,PC1 (6)
"2,050 UK adults",12 - 14 August 2026,,,,2050,,historic_vote,Conservative,"Q:PC1. How much have you seen or heard about the following in the past week?
 Met Office says 2026 is on course to be the hottest summer on record",UNMATCHED,,Heard a lot,Heard a little,Not really heard anything,,,,,,,,52.5,37.9,9.6,,,,,,,,Vi-2026-08-12-Opinium-Observer-Web-Data-tables-1707.xlsx,PC1 (6)
"2,050 UK adults",12 - 14 August 2026,,,,2050,,historic_vote,Labour,"Q:PC1. How much have you seen or heard about the following in the past week?
 Met Office says 2026 is on course to be the hottest summer on record",UNMATCHED,,Heard a lot,Heard a little,Not really heard anything,,,,,,,,52.6,36.7,10.7,,,,,,,,Vi-2026-08-12-Opinium-Observer-Web-Data-tables-1707.xlsx,PC1 (6)
"2,050 UK adults",12 - 14 August 2026,,,,2050,,historic_vote,Lib Dems,"Q:PC1. How much have you seen or heard about the following in the past week?
 Met Office says 2026 is on course to be the hottest summer on record",UNMATCHED,,Heard a lot,Heard a little,Not really heard anything,,,,,,,,57.7,35.4,6.9,,,,,,,,Vi-2026-08-12-Opinium-Observer-Web-Data-tables-1707.xlsx,PC1 (6)
"2,050 UK adults",12 - 14 August 2026,,,,2050,,historic_vote,Green,"Q:PC1. How much have you seen or heard about the following in the past week?
 Met Office says 2026 is on course to be the hottest summer on record",UNMATCHED,,Heard a lot,Heard a little,Not really heard anything,,,,,,,,56.6,31.3,12.1,,,,,,,,Vi-2026-08-12-Opinium-Observer-Web-Data-tables-1707.xlsx,PC1 (6)
"2,050 UK adults",12 - 14 August 2026,,,,2050,,historic_vote,Reform UK,"Q:PC1. How much have you seen or heard about the following in the past week?
 Met Office says 2026 is on course to be the hottest summer on record",UNMATCHED,,Heard a lot,Heard a little,Not really heard anything,,,,,,,,43.4,37.3,19.3,,,,,,,,Vi-2026-08-12-Opinium-Observer-Web-Data-tables-1707.xlsx,PC1 (6)
"2,050 UK adults",12 - 14 August 2026,,,,2050,,historic_vote,Con,"Q:PC1. How much have you seen or heard about the following in the past week?
 Met Office says 2026 is on course to be the hottest summer on record",UNMATCHED,,Heard a lot,Heard a little,Not really heard anything,,,,,,,,52.3,37.5,10.3,,,,,,,,Vi-2026-08-12-Opinium-Observer-Web-Data-tables-1707.xlsx,PC1 (6)
"2,050 UK adults",12 - 14 August 2026,,,,2050,,historic_vote,Lab,"Q:PC1. How much have you seen or heard about the following in the past week?
 Met Office says 2026 is on course to be the hottest summer on record",UNMATCHED,,Heard a lot,Heard a little,Not really heard anything,,,,,,,,52.2,33.4,14.4,,,,,,,,Vi-2026-08-12-Opinium-Observer-Web-Data-tables-1707.xlsx,PC1 (6)
"2,050 UK adults",12 - 14 August 2026,,,,2050,,historic_vote,Lib Dem,"Q:PC1. How much have you seen or heard about the following in the past week?
 Met Office says 2026 is on course to be the hottest summer on record",UNMATCHED,,Heard a lot,Heard a little,Not really heard anything,,,,,,,,53.9,38.5,7.6,,,,,,,,Vi-2026-08-12-Opinium-Observer-Web-Data-tables-1707.xlsx,PC1 (6)
"2,050 UK adults",12 - 14 August 2026,,,,2050,,historic_vote,Remain,"Q:PC1. How much have you seen or heard about the following in the past week?
 Met Office says 2026 is on course to be the hottest summer on record",UNMATCHED,,Heard a lot,Heard a little,Not really heard anything,,,,,,,,52.9,34.2,12.8,,,,,,,,Vi-2026-08-12-Opinium-Observer-Web-Data-tables-1707.xlsx,PC1 (6)
"2,050 UK adults",12 - 14 August 2026,,,,2050,,historic_vote,Leave,"Q:PC1. How much have you seen or heard about the following in the past week?
 Met Office says 2026 is on course to be the hottest summer on record",UNMATCHED,,Heard a lot,Heard a little,Not really heard anything,,,,,,,,48.6,39.7,11.7,,,,,,,,Vi-2026-08-12-Opinium-Observer-Web-Data-tables-1707.xlsx,PC1 (6)
"2,050 UK adults",12 - 14 August 2026,,,,2050,,gender,Male,"Q:PC1. How much have you seen or heard about the following in the past week?
 Met Office says 2026 is on course to be the hottest summer on record",UNMATCHED,,Heard a lot,Heard a little,Not really heard anything,,,,,,,,43.5,39.2,17.3,,,,,,,,Vi-2026-08-12-Opinium-Observer-Web-Data-tables-1707.xlsx,PC1 (6)
"2,050 UK adults",12 - 14 August 2026,,,,2050,,gender,Female,"Q:PC1. How much have you seen or heard about the following in the past week?
 Met Office says 2026 is on course to be the hottest summer on record",UNMATCHED,,Heard a lot,Heard a little,Not really heard anything,,,,,,,,48.6,33.8,17.6,,,,,,,,Vi-2026-08-12-Opinium-Observer-Web-Data-tables-1707.xlsx,PC1 (6)
"2,050 UK adults",12 - 14 August 2026,,,,2050,,age,18-34,"Q:PC1. How much have you seen or heard about the following in the past week?
 Met Office says 2026 is on course to be the hottest summer on record",UNMATCHED,,Heard a lot,Heard a little,Not really heard anything,,,,,,,,40.9,31.6,27.5,,,,,,,,Vi-2026-08-12-Opinium-Observer-Web-Data-tables-1707.xlsx,PC1 (6)
"2,050 UK adults",12 - 14 August 2026,,,,2050,,age,35-49,"Q:PC1. How much have you seen or heard about the following in the past week?
 Met Office says 2026 is on course to be the hottest summer on record",UNMATCHED,,Heard a lot,Heard a little,Not really heard anything,,,,,,,,41.3,38.3,20.3,,,,,,,,Vi-2026-08-12-Opinium-Observer-Web-Data-tables-1707.xlsx,PC1 (6)
"2,050 UK adults",12 - 14 August 2026,,,,2050,,age,50-64,"Q:PC1. How much have you seen or heard about the following in the past week?
 Met Office says 2026 is on course to be the hottest summer on record",UNMATCHED,,Heard a lot,Heard a little,Not really heard anything,,,,,,,,47.0,41.4,11.7,,,,,,,,Vi-2026-08-12-Opinium-Observer-Web-Data-tables-1707.xlsx,PC1 (6)
"2,050 UK adults",12 - 14 August 2026,,,,2050,,age,65+,"Q:PC1. How much have you seen or heard about the following in the past week?
 Met Office says 2026 is on course to be the hottest summer on record",UNMATCHED,,Heard a lot,Heard a little,Not really heard anything,,,,,,,,56.3,34.7,9.1,,,,,,,,Vi-2026-08-12-Opinium-Observer-Web-Data-tables-1707.xlsx,PC1 (6)
"2,050 UK adults",12 - 14 August 2026,,,,2050,,region,North,"Q:PC1. How much have you seen or heard about the following in the past week?
 Met Office says 2026 is on course to be the hottest summer on record",UNMATCHED,,Heard a lot,Heard a little,Not really heard anything,,,,,,,,43.2,37.6,19.1,,,,,,,,Vi-2026-08-12-Opinium-Observer-Web-Data-tables-1707.xlsx,PC1 (6)
"2,050 UK adults",12 - 14 August 2026,,,,2050,,region,Mids,"Q:PC1. How much have you seen or heard about the following in the past week?
 Met Office says 2026 is on course to be the hottest summer on record",UNMATCHED,,Heard a lot,Heard a little,Not really heard anything,,,,,,,,46.0,33.6,20.5,,,,,,,,Vi-2026-08-12-Opinium-Observer-Web-Data-tables-1707.xlsx,PC1 (6)
"2,050 UK adults",12 - 14 August 2026,,,,2050,,region,London,"Q:PC1. How much have you seen or heard about the following in the past week?
 Met Office says 2026 is on course to be the hottest summer on record",UNMATCHED,,Heard a lot,Heard a little,Not really heard anything,,,,,,,,52.1,28.8,19.2,,,,,,,,Vi-2026-08-12-Opinium-Observer-Web-Data-tables-1707.xlsx,PC1 (6)
"2,050 UK adults",12 - 14 August 2026,,,,2050,,region,South,"Q:PC1. How much have you seen or heard about the following in the past week?
 Met Office says 2026 is on course to be the hottest summer on record",UNMATCHED,,Heard a lot,Heard a little,Not really heard anything,,,,,,,,50.9,36.6,12.5,,,,,,,,Vi-2026-08-12-Opinium-Observer-Web-Data-tables-1707.xlsx,PC1 (6)
"2,050 UK adults",12 - 14 August 2026,,,,2050,,region,Wales,"Q:PC1. How much have you seen or heard about the following in the past week?
 Met Office says 2026 is on course to be the hottest summer on record",UNMATCHED,,Heard a lot,Heard a little,Not really heard anything,,,,,,,,39.9,36.1,24.0,,,,,,,,Vi-2026-08-12-Opinium-Observer-Web-Data-tables-1707.xlsx,PC1 (6)
"2,050 UK adults",12 - 14 August 2026,,,,2050,,region,Scotland,"Q:PC1. How much have you seen or heard about the following in the past week?
 Met Office says 2026 is on course to be the hottest summer on record",UNMATCHED,,Heard a lot,Heard a little,Not really heard anything,,,,,,,,36.2,45.1,18.8,,,,,,,,Vi-2026-08-12-Opinium-Observer-Web-Data-tables-1707.xlsx,PC1 (6)
"2,050 UK adults",12 - 14 August 2026,,,,2050,,region,Northern Ireland,"Q:PC1. How much have you seen or heard about the following in the past week?
 Met Office says 2026 is on course to be the hottest summer on record",UNMATCHED,,Heard a lot,Heard a little,Not really heard anything,,,,,,,,29.3,49.4,21.3,,,,,,,,Vi-2026-08-12-Opinium-Observer-Web-Data-tables-1707.xlsx,PC1 (6)
"2,050 UK adults",12 - 14 August 2026,,,,2050,,total,Total,"Q:PC1. How much have you seen or heard about the following in the past week?
 Jason Arday resigns from Cambridge University following allegations of plagiarism",UNMATCHED,,Heard a lot,Heard a little,Not really heard anything,,,,,,,,21.5,30.5,48.0,,,,,,,,Vi-2026-08-12-Opinium-Observer-Web-Data-tables-1707.xlsx,PC1 (7)
"2,050 UK adults",12 - 14 August 2026,,,,2050,,current_vote,Con,"Q:PC1. How much have you seen or heard about the following in the past week?
 Jason Arday resigns from Cambridge University following allegations of plagiarism",UNMATCHED,,Heard a lot,Heard a little,Not really heard anything,,,,,,,,31.0,31.1,37.8,,,,,,,,Vi-2026-08-12-Opinium-Observer-Web-Data-tables-1707.xlsx,PC1 (7)
"2,050 UK adults",12 - 14 August 2026,,,,2050,,current_vote,Lab,"Q:PC1. How much have you seen or heard about the following in the past week?
 Jason Arday resigns from Cambridge University following allegations of plagiarism",UNMATCHED,,Heard a lot,Heard a little,Not really heard anything,,,,,,,,23.8,34.1,42.1,,,,,,,,Vi-2026-08-12-Opinium-Observer-Web-Data-tables-1707.xlsx,PC1 (7)
"2,050 UK adults",12 - 14 August 2026,,,,2050,,current_vote,Lib Dem,"Q:PC1. How much have you seen or heard about the following in the past week?
 Jason Arday resigns from Cambridge University following allegations of plagiarism",UNMATCHED,,Heard a lot,Heard a little,Not really heard anything,,,,,,,,22.1,37.2,40.8,,,,,,,,Vi-2026-08-12-Opinium-Observer-Web-Data-tables-1707.xlsx,PC1 (7)
"2,050 UK adults",12 - 14 August 2026,,,,2050,,current_vote,Reform,"Q:PC1. How much have you seen or heard about the following in the past week?
 Jason Arday resigns from Cambridge University following allegations of plagiarism",UNMATCHED,,Heard a lot,Heard a little,Not really heard anything,,,,,,,,27.3,30.0,42.8,,,,,,,,Vi-2026-08-12-Opinium-Observer-Web-Data-tables-1707.xlsx,PC1 (7)
"2,050 UK adults",12 - 14 August 2026,,,,2050,,current_vote,Green,"Q:PC1. How much have you seen or heard about the following in the past week?
 Jason Arday resigns from Cambridge University following allegations of plagiarism",UNMATCHED,,Heard a lot,Heard a little,Not really heard anything,,,,,,,,15.9,33.4,50.6,,,,,,,,Vi-2026-08-12-Opinium-Observer-Web-Data-tables-1707.xlsx,PC1 (7)
"2,050 UK adults",12 - 14 August 2026,,,,2050,,historic_vote,Conservative,"Q:PC1. How much have you seen or heard about the following in the past week?
 Jason Arday resigns from Cambridge University following allegations of plagiarism",UNMATCHED,,Heard a lot,Heard a little,Not really heard anything,,,,,,,,31.1,28.5,40.5,,,,,,,,Vi-2026-08-12-Opinium-Observer-Web-Data-tables-1707.xlsx,PC1 (7)
"2,050 UK adults",12 - 14 August 2026,,,,2050,,historic_vote,Labour,"Q:PC1. How much have you seen or heard about the following in the past week?
 Jason Arday resigns from Cambridge University following allegations of plagiarism",UNMATCHED,,Heard a lot,Heard a little,Not really heard anything,,,,,,,,22.0,33.0,45.0,,,,,,,,Vi-2026-08-12-Opinium-Observer-Web-Data-tables-1707.xlsx,PC1 (7)
"2,050 UK adults",12 - 14 August 2026,,,,2050,,historic_vote,Lib Dems,"Q:PC1. How much have you seen or heard about the following in the past week?
 Jason Arday resigns from Cambridge University following allegations of plagiarism",UNMATCHED,,Heard a lot,Heard a little,Not really heard anything,,,,,,,,30.8,35.8,33.5,,,,,,,,Vi-2026-08-12-Opinium-Observer-Web-Data-tables-1707.xlsx,PC1 (7)
"2,050 UK adults",12 - 14 August 2026,,,,2050,,historic_vote,Green,"Q:PC1. How much have you seen or heard about the following in the past week?
 Jason Arday resigns from Cambridge University following allegations of plagiarism",UNMATCHED,,Heard a lot,Heard a little,Not really heard anything,,,,,,,,24.5,30.3,45.3,,,,,,,,Vi-2026-08-12-Opinium-Observer-Web-Data-tables-1707.xlsx,PC1 (7)
"2,050 UK adults",12 - 14 August 2026,,,,2050,,historic_vote,Reform UK,"Q:PC1. How much have you seen or heard about the following in the past week?
 Jason Arday resigns from Cambridge University following allegations of plagiarism",UNMATCHED,,Heard a lot,Heard a little,Not really heard anything,,,,,,,,30.6,33.1,36.3,,,,,,,,Vi-2026-08-12-Opinium-Observer-Web-Data-tables-1707.xlsx,PC1 (7)
"2,050 UK adults",12 - 14 August 2026,,,,2050,,historic_vote,Con,"Q:PC1. How much have you seen or heard about the following in the past week?
 Jason Arday resigns from Cambridge University following allegations of plagiarism",UNMATCHED,,Heard a lot,Heard a little,Not really heard anything,,,,,,,,29.6,30.4,39.9,,,,,,,,Vi-2026-08-12-Opinium-Observer-Web-Data-tables-1707.xlsx,PC1 (7)
"2,050 UK adults",12 - 14 August 2026,,,,2050,,historic_vote,Lab,"Q:PC1. How much have you seen or heard about the following in the past week?
 Jason Arday resigns from Cambridge University following allegations of plagiarism",UNMATCHED,,Heard a lot,Heard a little,Not really heard anything,,,,,,,,24.1,35.5,40.3,,,,,,,,Vi-2026-08-12-Opinium-Observer-Web-Data-tables-1707.xlsx,PC1 (7)
"2,050 UK adults",12 - 14 August 2026,,,,2050,,historic_vote,Lib Dem,"Q:PC1. How much have you seen or heard about the following in the past week?
 Jason Arday resigns from Cambridge University following allegations of plagiarism",UNMATCHED,,Heard a lot,Heard a little,Not really heard anything,,,,,,,,26.8,38.6,34.5,,,,,,,,Vi-2026-08-12-Opinium-Observer-Web-Data-tables-1707.xlsx,PC1 (7)
"2,050 UK adults",12 - 14 August 2026,,,,2050,,historic_vote,Remain,"Q:PC1. How much have you seen or heard about the following in the past week?
 Jason Arday resigns from Cambridge University following allegations of plagiarism",UNMATCHED,,Heard a lot,Heard a little,Not really heard anything,,,,,,,,25.3,32.8,41.9,,,,,,,,Vi-2026-08-12-Opinium-Observer-Web-Data-tables-1707.xlsx,PC1 (7)
"2,050 UK adults",12 - 14 August 2026,,,,2050,,historic_vote,Leave,"Q:PC1. How much have you seen or heard about the following in the past week?
 Jason Arday resigns from Cambridge University following allegations of plagiarism",UNMATCHED,,Heard a lot,Heard a little,Not really heard anything,,,,,,,,25.6,33.0,41.4,,,,,,,,Vi-2026-08-12-Opinium-Observer-Web-Data-tables-1707.xlsx,PC1 (7)
"2,050 UK adults",12 - 14 August 2026,,,,2050,,gender,Male,"Q:PC1. How much have you seen or heard about the following in the past week?
 Jason Arday resigns from Cambridge University following allegations of plagiarism",UNMATCHED,,Heard a lot,Heard a little,Not really heard anything,,,,,,,,24.2,31.3,44.6,,,,,,,,Vi-2026-08-12-Opinium-Observer-Web-Data-tables-1707.xlsx,PC1 (7)
"2,050 UK adults",12 - 14 August 2026,,,,2050,,gender,Female,"Q:PC1. How much have you seen or heard about the following in the past week?
 Jason Arday resigns from Cambridge University following allegations of plagiarism",UNMATCHED,,Heard a lot,Heard a little,Not really heard anything,,,,,,,,19.0,29.7,51.3,,,,,,,,Vi-2026-08-12-Opinium-Observer-Web-Data-tables-1707.xlsx,PC1 (7)
"2,050 UK adults",12 - 14 August 2026,,,,2050,,age,18-34,"Q:PC1. How much have you seen or heard about the following in the past week?
 Jason Arday resigns from Cambridge University following allegations of plagiarism",UNMATCHED,,Heard a lot,Heard a little,Not really heard anything,,,,,,,,16.7,23.9,59.4,,,,,,,,Vi-2026-08-12-Opinium-Observer-Web-Data-tables-1707.xlsx,PC1 (7)
"2,050 UK adults",12 - 14 August 2026,,,,2050,,age,35-49,"Q:PC1. How much have you seen or heard about the following in the past week?
 Jason Arday resigns from Cambridge University following allegations of plagiarism",UNMATCHED,,Heard a lot,Heard a little,Not really heard anything,,,,,,,,18.3,29.0,52.7,,,,,,,,Vi-2026-08-12-Opinium-Observer-Web-Data-tables-1707.xlsx,PC1 (7)
"2,050 UK adults",12 - 14 August 2026,,,,2050,,age,50-64,"Q:PC1. How much have you seen or heard about the following in the past week?
 Jason Arday resigns from Cambridge University following allegations of plagiarism",UNMATCHED,,Heard a lot,Heard a little,Not really heard anything,,,,,,,,23.8,37.3,38.9,,,,,,,,Vi-2026-08-12-Opinium-Observer-Web-Data-tables-1707.xlsx,PC1 (7)
"2,050 UK adults",12 - 14 August 2026,,,,2050,,age,65+,"Q:PC1. How much have you seen or heard about the following in the past week?
 Jason Arday resigns from Cambridge University following allegations of plagiarism",UNMATCHED,,Heard a lot,Heard a little,Not really heard anything,,,,,,,,28.0,32.5,39.4,,,,,,,,Vi-2026-08-12-Opinium-Observer-Web-Data-tables-1707.xlsx,PC1 (7)
"2,050 UK adults",12 - 14 August 2026,,,,2050,,region,North,"Q:PC1. How much have you seen or heard about the following in the past week?
 Jason Arday resigns from Cambridge University following allegations of plagiarism",UNMATCHED,,Heard a lot,Heard a little,Not really heard anything,,,,,,,,19.5,29.5,51.0,,,,,,,,Vi-2026-08-12-Opinium-Observer-Web-Data-tables-1707.xlsx,PC1 (7)
"2,050 UK adults",12 - 14 August 2026,,,,2050,,region,Mids,"Q:PC1. How much have you seen or heard about the following in the past week?
 Jason Arday resigns from Cambridge University following allegations of plagiarism",UNMATCHED,,Heard a lot,Heard a little,Not really heard anything,,,,,,,,19.1,28.8,52.1,,,,,,,,Vi-2026-08-12-Opinium-Observer-Web-Data-tables-1707.xlsx,PC1 (7)
"2,050 UK adults",12 - 14 August 2026,,,,2050,,region,London,"Q:PC1. How much have you seen or heard about the following in the past week?
 Jason Arday resigns from Cambridge University following allegations of plagiarism",UNMATCHED,,Heard a lot,Heard a little,Not really heard anything,,,,,,,,25.7,36.3,38.0,,,,,,,,Vi-2026-08-12-Opinium-Observer-Web-Data-tables-1707.xlsx,PC1 (7)
"2,050 UK adults",12 - 14 August 2026,,,,2050,,region,South,"Q:PC1. How much have you seen or heard about the following in the past week?
 Jason Arday resigns from Cambridge University following allegations of plagiarism",UNMATCHED,,Heard a lot,Heard a little,Not really heard anything,,,,,,,,23.3,30.4,46.3,,,,,,,,Vi-2026-08-12-Opinium-Observer-Web-Data-tables-1707.xlsx,PC1 (7)
"2,050 UK adults",12 - 14 August 2026,,,,2050,,region,Wales,"Q:PC1. How much have you seen or heard about the following in the past week?
 Jason Arday resigns from Cambridge University following allegations of plagiarism",UNMATCHED,,Heard a lot,Heard a little,Not really heard anything,,,,,,,,19.9,40.0,40.0,,,,,,,,Vi-2026-08-12-Opinium-Observer-Web-Data-tables-1707.xlsx,PC1 (7)
"2,050 UK adults",12 - 14 August 2026,,,,2050,,region,Scotland,"Q:PC1. How much have you seen or heard about the following in the past week?
 Jason Arday resigns from Cambridge University following allegations of plagiarism",UNMATCHED,,Heard a lot,Heard a little,Not really heard anything,,,,,,,,23.0,23.9,53.0,,,,,,,,Vi-2026-08-12-Opinium-Observer-Web-Data-tables-1707.xlsx,PC1 (7)
"2,050 UK adults",12 - 14 August 2026,,,,2050,,region,Northern Ireland,"Q:PC1. How much have you seen or heard about the following in the past week?
 Jason Arday resigns from Cambridge University following allegations of plagiarism",UNMATCHED,,Heard a lot,Heard a little,Not really heard anything,,,,,,,,9.7,26.4,63.9,,,,,,,,Vi-2026-08-12-Opinium-Observer-Web-Data-tables-1707.xlsx,PC1 (7)
"2,050 UK adults",12 - 14 August 2026,,,,2050,,total,Total,"Q:PC1. How much have you seen or heard about the following in the past week?
 Violent anti-immigration protests in Thetford",Best party on immigration,immigr,Heard a lot,Heard a little,Not really heard anything,,,,,,,,14.0,33.7,52.2,,,,,,,,Vi-2026-08-12-Opinium-Observer-Web-Data-tables-1707.xlsx,PC1 (8)
"2,050 UK adults",12 - 14 August 2026,,,,2050,,current_vote,Con,"Q:PC1. How much have you seen or heard about the following in the past week?
 Violent anti-immigration protests in Thetford",Best party on immigration,immigr,Heard a lot,Heard a little,Not really heard anything,,,,,,,,16.7,39.9,43.4,,,,,,,,Vi-2026-08-12-Opinium-Observer-Web-Data-tables-1707.xlsx,PC1 (8)
"2,050 UK adults",12 - 14 August 2026,,,,2050,,current_vote,Lab,"Q:PC1. How much have you seen or heard about the following in the past week?
 Violent anti-immigration protests in Thetford",Best party on immigration,immigr,Heard a lot,Heard a little,Not really heard anything,,,,,,,,16.2,32.5,51.3,,,,,,,,Vi-2026-08-12-Opinium-Observer-Web-Data-tables-1707.xlsx,PC1 (8)
"2,050 UK adults",12 - 14 August 2026,,,,2050,,current_vote,Lib Dem,"Q:PC1. How much have you seen or heard about the following in the past week?
 Violent anti-immigration protests in Thetford",Best party on immigration,immigr,Heard a lot,Heard a little,Not really heard anything,,,,,,,,12.7,31.2,56.1,,,,,,,,Vi-2026-08-12-Opinium-Observer-Web-Data-tables-1707.xlsx,PC1 (8)
"2,050 UK adults",12 - 14 August 2026,,,,2050,,current_vote,Reform,"Q:PC1. How much have you seen or heard about the following in the past week?
 Violent anti-immigration protests in Thetford",Best party on immigration,immigr,Heard a lot,Heard a little,Not really heard anything,,,,,,,,18.5,39.5,41.9,,,,,,,,Vi-2026-08-12-Opinium-Observer-Web-Data-tables-1707.xlsx,PC1 (8)
"2,050 UK adults",12 - 14 August 2026,,,,2050,,current_vote,Green,"Q:PC1. How much have you seen or heard about the following in the past week?
 Violent anti-immigration protests in Thetford",Best party on immigration,immigr,Heard a lot,Heard a little,Not really heard anything,,,,,,,,12.8,33.8,53.5,,,,,,,,Vi-2026-08-12-Opinium-Observer-Web-Data-tables-1707.xlsx,PC1 (8)
"2,050 UK adults",12 - 14 August 2026,,,,2050,,historic_vote,Conservative,"Q:PC1. How much have you seen or heard about the following in the past week?
 Violent anti-immigration protests in Thetford",Best party on immigration,immigr,Heard a lot,Heard a little,Not really heard anything,,,,,,,,17.5,41.6,40.8,,,,,,,,Vi-2026-08-12-Opinium-Observer-Web-Data-tables-1707.xlsx,PC1 (8)
"2,050 UK adults",12 - 14 August 2026,,,,2050,,historic_vote,Labour,"Q:PC1. How much have you seen or heard about the following in the past week?
 Violent anti-immigration protests in Thetford",Best party on immigration,immigr,Heard a lot,Heard a little,Not really heard anything,,,,,,,,13.2,33.5,53.4,,,,,,,,Vi-2026-08-12-Opinium-Observer-Web-Data-tables-1707.xlsx,PC1 (8)
"2,050 UK adults",12 - 14 August 2026,,,,2050,,historic_vote,Lib Dems,"Q:PC1. How much have you seen or heard about the following in the past week?
 Violent anti-immigration protests in Thetford",Best party on immigration,immigr,Heard a lot,Heard a little,Not really heard anything,,,,,,,,11.1,28.2,60.6,,,,,,,,Vi-2026-08-12-Opinium-Observer-Web-Data-tables-1707.xlsx,PC1 (8)
"2,050 UK adults",12 - 14 August 2026,,,,2050,,historic_vote,Green,"Q:PC1. How much have you seen or heard about the following in the past week?
 Violent anti-immigration protests in Thetford",Best party on immigration,immigr,Heard a lot,Heard a little,Not really heard anything,,,,,,,,18.9,32.6,48.4,,,,,,,,Vi-2026-08-12-Opinium-Observer-Web-Data-tables-1707.xlsx,PC1 (8)
"2,050 UK adults",12 - 14 August 2026,,,,2050,,historic_vote,Reform UK,"Q:PC1. How much have you seen or heard about the following in the past week?
 Violent anti-immigration protests in Thetford",Best party on immigration,immigr,Heard a lot,Heard a little,Not really heard anything,,,,,,,,19.5,39.0,41.5,,,,,,,,Vi-2026-08-12-Opinium-Observer-Web-Data-tables-1707.xlsx,PC1 (8)
"2,050 UK adults",12 - 14 August 2026,,,,2050,,historic_vote,Con,"Q:PC1. How much have you seen or heard about the following in the past week?
 Violent anti-immigration protests in Thetford",Best party on immigration,immigr,Heard a lot,Heard a little,Not really heard anything,,,,,,,,14.8,41.3,43.9,,,,,,,,Vi-2026-08-12-Opinium-Observer-Web-Data-tables-1707.xlsx,PC1 (8)
"2,050 UK adults",12 - 14 August 2026,,,,2050,,historic_vote,Lab,"Q:PC1. How much have you seen or heard about the following in the past week?
 Violent anti-immigration protests in Thetford",Best party on immigration,immigr,Heard a lot,Heard a little,Not really heard anything,,,,,,,,14.8,31.2,54.0,,,,,,,,Vi-2026-08-12-Opinium-Observer-Web-Data-tables-1707.xlsx,PC1 (8)
"2,050 UK adults",12 - 14 August 2026,,,,2050,,historic_vote,Lib Dem,"Q:PC1. How much have you seen or heard about the following in the past week?
 Violent anti-immigration protests in Thetford",Best party on immigration,immigr,Heard a lot,Heard a little,Not really heard anything,,,,,,,,15.3,23.8,60.9,,,,,,,,Vi-2026-08-12-Opinium-Observer-Web-Data-tables-1707.xlsx,PC1 (8)
"2,050 UK adults",12 - 14 August 2026,,,,2050,,historic_vote,Remain,"Q:PC1. How much have you seen or heard about the following in the past week?
 Violent anti-immigration protests in Thetford",Best party on immigration,immigr,Heard a lot,Heard a little,Not really heard anything,,,,,,,,13.2,31.7,55.1,,,,,,,,Vi-2026-08-12-Opinium-Observer-Web-Data-tables-1707.xlsx,PC1 (8)
"2,050 UK adults",12 - 14 August 2026,,,,2050,,historic_vote,Leave,"Q:PC1. How much have you seen or heard about the following in the past week?
 Violent anti-immigration protests in Thetford",Best party on immigration,immigr,Heard a lot,Heard a little,Not really heard anything,,,,,,,,15.8,38.2,46.0,,,,,,,,Vi-2026-08-12-Opinium-Observer-Web-Data-tables-1707.xlsx,PC1 (8)
"2,050 UK adults",12 - 14 August 2026,,,,2050,,gender,Male,"Q:PC1. How much have you seen or heard about the following in the past week?
 Violent anti-immigration protests in Thetford",Best party on immigration,immigr,Heard a lot,Heard a little,Not really heard anything,,,,,,,,15.0,36.3,48.7,,,,,,,,Vi-2026-08-12-Opinium-Observer-Web-Data-tables-1707.xlsx,PC1 (8)
"2,050 UK adults",12 - 14 August 2026,,,,2050,,gender,Female,"Q:PC1. How much have you seen or heard about the following in the past week?
 Violent anti-immigration protests in Thetford",Best party on immigration,immigr,Heard a lot,Heard a little,Not really heard anything,,,,,,,,13.2,31.5,55.3,,,,,,,,Vi-2026-08-12-Opinium-Observer-Web-Data-tables-1707.xlsx,PC1 (8)
"2,050 UK adults",12 - 14 August 2026,,,,2050,,age,18-34,"Q:PC1. How much have you seen or heard about the following in the past week?
 Violent anti-immigration protests in Thetford",Best party on immigration,immigr,Heard a lot,Heard a little,Not really heard anything,,,,,,,,16.7,29.1,54.2,,,,,,,,Vi-2026-08-12-Opinium-Observer-Web-Data-tables-1707.xlsx,PC1 (8)
"2,050 UK adults",12 - 14 August 2026,,,,2050,,age,35-49,"Q:PC1. How much have you seen or heard about the following in the past week?
 Violent anti-immigration protests in Thetford",Best party on immigration,immigr,Heard a lot,Heard a little,Not really heard anything,,,,,,,,11.6,27.4,61.1,,,,,,,,Vi-2026-08-12-Opinium-Observer-Web-Data-tables-1707.xlsx,PC1 (8)
"2,050 UK adults",12 - 14 August 2026,,,,2050,,age,50-64,"Q:PC1. How much have you seen or heard about the following in the past week?
 Violent anti-immigration protests in Thetford",Best party on immigration,immigr,Heard a lot,Heard a little,Not really heard anything,,,,,,,,10.2,38.1,51.7,,,,,,,,Vi-2026-08-12-Opinium-Observer-Web-Data-tables-1707.xlsx,PC1 (8)
"2,050 UK adults",12 - 14 August 2026,,,,2050,,age,65+,"Q:PC1. How much have you seen or heard about the following in the past week?
 Violent anti-immigration protests in Thetford",Best party on immigration,immigr,Heard a lot,Heard a little,Not really heard anything,,,,,,,,17.5,41.2,41.3,,,,,,,,Vi-2026-08-12-Opinium-Observer-Web-Data-tables-1707.xlsx,PC1 (8)
"2,050 UK adults",12 - 14 August 2026,,,,2050,,region,North,"Q:PC1. How much have you seen or heard about the following in the past week?
 Violent anti-immigration protests in Thetford",Best party on immigration,immigr,Heard a lot,Heard a little,Not really heard anything,,,,,,,,12.4,36.4,51.2,,,,,,,,Vi-2026-08-12-Opinium-Observer-Web-Data-tables-1707.xlsx,PC1 (8)
"2,050 UK adults",12 - 14 August 2026,,,,2050,,region,Mids,"Q:PC1. How much have you seen or heard about the following in the past week?
 Violent anti-immigration protests in Thetford",Best party on immigration,immigr,Heard a lot,Heard a little,Not really heard anything,,,,,,,,13.5,31.2,55.2,,,,,,,,Vi-2026-08-12-Opinium-Observer-Web-Data-tables-1707.xlsx,PC1 (8)
"2,050 UK adults",12 - 14 August 2026,,,,2050,,region,London,"Q:PC1. How much have you seen or heard about the following in the past week?
 Violent anti-immigration protests in Thetford",Best party on immigration,immigr,Heard a lot,Heard a little,Not really heard anything,,,,,,,,14.0,27.0,59.0,,,,,,,,Vi-2026-08-12-Opinium-Observer-Web-Data-tables-1707.xlsx,PC1 (8)
"2,050 UK adults",12 - 14 August 2026,,,,2050,,region,South,"Q:PC1. How much have you seen or heard about the following in the past week?
 Violent anti-immigration protests in Thetford",Best party on immigration,immigr,Heard a lot,Heard a little,Not really heard anything,,,,,,,,16.3,37.3,46.4,,,,,,,,Vi-2026-08-12-Opinium-Observer-Web-Data-tables-1707.xlsx,PC1 (8)
"2,050 UK adults",12 - 14 August 2026,,,,2050,,region,Wales,"Q:PC1. How much have you seen or heard about the following in the past week?
 Violent anti-immigration protests in Thetford",Best party on immigration,immigr,Heard a lot,Heard a little,Not really heard anything,,,,,,,,8.6,33.3,58.2,,,,,,,,Vi-2026-08-12-Opinium-Observer-Web-Data-tables-1707.xlsx,PC1 (8)
"2,050 UK adults",12 - 14 August 2026,,,,2050,,region,Scotland,"Q:PC1. How much have you seen or heard about the following in the past week?
 Violent anti-immigration protests in Thetford",Best party on immigration,immigr,Heard a lot,Heard a little,Not really heard anything,,,,,,,,16.4,27.3,56.3,,,,,,,,Vi-2026-08-12-Opinium-Observer-Web-Data-tables-1707.xlsx,PC1 (8)
"2,050 UK adults",12 - 14 August 2026,,,,2050,,region,Northern Ireland,"Q:PC1. How much have you seen or heard about the following in the past week?
 Violent anti-immigration protests in Thetford",Best party on immigration,immigr,Heard a lot,Heard a little,Not really heard anything,,,,,,,,6.8,37.0,56.2,,,,,,,,Vi-2026-08-12-Opinium-Observer-Web-Data-tables-1707.xlsx,PC1 (8)
"2,050 UK adults",12 - 14 August 2026,,,,2050,,total,Total,"Q:PC1. How much have you seen or heard about the following in the past week?
 Cristiano Ronaldo marries long term partner Georgina Rodriguez",UNMATCHED,,Heard a lot,Heard a little,Not really heard anything,,,,,,,,13.5,33.1,53.4,,,,,,,,Vi-2026-08-12-Opinium-Observer-Web-Data-tables-1707.xlsx,PC1 (9)
"2,050 UK adults",12 - 14 August 2026,,,,2050,,current_vote,Con,"Q:PC1. How much have you seen or heard about the following in the past week?
 Cristiano Ronaldo marries long term partner Georgina Rodriguez",UNMATCHED,,Heard a lot,Heard a little,Not really heard anything,,,,,,,,12.5,40.6,46.9,,,,,,,,Vi-2026-08-12-Opinium-Observer-Web-Data-tables-1707.xlsx,PC1 (9)
"2,050 UK adults",12 - 14 August 2026,,,,2050,,current_vote,Lab,"Q:PC1. How much have you seen or heard about the following in the past week?
 Cristiano Ronaldo marries long term partner Georgina Rodriguez",UNMATCHED,,Heard a lot,Heard a little,Not really heard anything,,,,,,,,19.4,32.3,48.3,,,,,,,,Vi-2026-08-12-Opinium-Observer-Web-Data-tables-1707.xlsx,PC1 (9)
"2,050 UK adults",12 - 14 August 2026,,,,2050,,current_vote,Lib Dem,"Q:PC1. How much have you seen or heard about the following in the past week?
 Cristiano Ronaldo marries long term partner Georgina Rodriguez",UNMATCHED,,Heard a lot,Heard a little,Not really heard anything,,,,,,,,17.0,33.1,49.9,,,,,,,,Vi-2026-08-12-Opinium-Observer-Web-Data-tables-1707.xlsx,PC1 (9)
"2,050 UK adults",12 - 14 August 2026,,,,2050,,current_vote,Reform,"Q:PC1. How much have you seen or heard about the following in the past week?
 Cristiano Ronaldo marries long term partner Georgina Rodriguez",UNMATCHED,,Heard a lot,Heard a little,Not really heard anything,,,,,,,,13.1,35.9,51.0,,,,,,,,Vi-2026-08-12-Opinium-Observer-Web-Data-tables-1707.xlsx,PC1 (9)
"2,050 UK adults",12 - 14 August 2026,,,,2050,,current_vote,Green,"Q:PC1. How much have you seen or heard about the following in the past week?
 Cristiano Ronaldo marries long term partner Georgina Rodriguez",UNMATCHED,,Heard a lot,Heard a little,Not really heard anything,,,,,,,,17.3,27.6,55.1,,,,,,,,Vi-2026-08-12-Opinium-Observer-Web-Data-tables-1707.xlsx,PC1 (9)
"2,050 UK adults",12 - 14 August 2026,,,,2050,,historic_vote,Conservative,"Q:PC1. How much have you seen or heard about the following in the past week?
 Cristiano Ronaldo marries long term partner Georgina Rodriguez",UNMATCHED,,Heard a lot,Heard a little,Not really heard anything,,,,,,,,10.6,38.0,51.5,,,,,,,,Vi-2026-08-12-Opinium-Observer-Web-Data-tables-1707.xlsx,PC1 (9)
"2,050 UK adults",12 - 14 August 2026,,,,2050,,historic_vote,Labour,"Q:PC1. How much have you seen or heard about the following in the past week?
 Cristiano Ronaldo marries long term partner Georgina Rodriguez",UNMATCHED,,Heard a lot,Heard a little,Not really heard anything,,,,,,,,13.1,35.2,51.6,,,,,,,,Vi-2026-08-12-Opinium-Observer-Web-Data-tables-1707.xlsx,PC1 (9)
"2,050 UK adults",12 - 14 August 2026,,,,2050,,historic_vote,Lib Dems,"Q:PC1. How much have you seen or heard about the following in the past week?
 Cristiano Ronaldo marries long term partner Georgina Rodriguez",UNMATCHED,,Heard a lot,Heard a little,Not really heard anything,,,,,,,,14.8,37.8,47.4,,,,,,,,Vi-2026-08-12-Opinium-Observer-Web-Data-tables-1707.xlsx,PC1 (9)
"2,050 UK adults",12 - 14 August 2026,,,,2050,,historic_vote,Green,"Q:PC1. How much have you seen or heard about the following in the past week?
 Cristiano Ronaldo marries long term partner Georgina Rodriguez",UNMATCHED,,Heard a lot,Heard a little,Not really heard anything,,,,,,,,16.8,24.3,58.9,,,,,,,,Vi-2026-08-12-Opinium-Observer-Web-Data-tables-1707.xlsx,PC1 (9)
"2,050 UK adults",12 - 14 August 2026,,,,2050,,historic_vote,Reform UK,"Q:PC1. How much have you seen or heard about the following in the past week?
 Cristiano Ronaldo marries long term partner Georgina Rodriguez",UNMATCHED,,Heard a lot,Heard a little,Not really heard anything,,,,,,,,12.6,29.5,57.8,,,,,,,,Vi-2026-08-12-Opinium-Observer-Web-Data-tables-1707.xlsx,PC1 (9)
"2,050 UK adults",12 - 14 August 2026,,,,2050,,historic_vote,Con,"Q:PC1. How much have you seen or heard about the following in the past week?
 Cristiano Ronaldo marries long term partner Georgina Rodriguez",UNMATCHED,,Heard a lot,Heard a little,Not really heard anything,,,,,,,,9.9,37.6,52.5,,,,,,,,Vi-2026-08-12-Opinium-Observer-Web-Data-tables-1707.xlsx,PC1 (9)
"2,050 UK adults",12 - 14 August 2026,,,,2050,,historic_vote,Lab,"Q:PC1. How much have you seen or heard about the following in the past week?
 Cristiano Ronaldo marries long term partner Georgina Rodriguez",UNMATCHED,,Heard a lot,Heard a little,Not really heard anything,,,,,,,,16.0,33.1,50.8,,,,,,,,Vi-2026-08-12-Opinium-Observer-Web-Data-tables-1707.xlsx,PC1 (9)
"2,050 UK adults",12 - 14 August 2026,,,,2050,,historic_vote,Lib Dem,"Q:PC1. How much have you seen or heard about the following in the past week?
 Cristiano Ronaldo marries long term partner Georgina Rodriguez",UNMATCHED,,Heard a lot,Heard a little,Not really heard anything,,,,,,,,11.7,36.7,51.6,,,,,,,,Vi-2026-08-12-Opinium-Observer-Web-Data-tables-1707.xlsx,PC1 (9)
"2,050 UK adults",12 - 14 August 2026,,,,2050,,historic_vote,Remain,"Q:PC1. How much have you seen or heard about the following in the past week?
 Cristiano Ronaldo marries long term partner Georgina Rodriguez",UNMATCHED,,Heard a lot,Heard a little,Not really heard anything,,,,,,,,12.5,33.7,53.8,,,,,,,,Vi-2026-08-12-Opinium-Observer-Web-Data-tables-1707.xlsx,PC1 (9)
"2,050 UK adults",12 - 14 August 2026,,,,2050,,historic_vote,Leave,"Q:PC1. How much have you seen or heard about the following in the past week?
 Cristiano Ronaldo marries long term partner Georgina Rodriguez",UNMATCHED,,Heard a lot,Heard a little,Not really heard anything,,,,,,,,10.7,37.6,51.6,,,,,,,,Vi-2026-08-12-Opinium-Observer-Web-Data-tables-1707.xlsx,PC1 (9)
"2,050 UK adults",12 - 14 August 2026,,,,2050,,gender,Male,"Q:PC1. How much have you seen or heard about the following in the past week?
 Cristiano Ronaldo marries long term partner Georgina Rodriguez",UNMATCHED,,Heard a lot,Heard a little,Not really heard anything,,,,,,,,14.6,32.5,52.9,,,,,,,,Vi-2026-08-12-Opinium-Observer-Web-Data-tables-1707.xlsx,PC1 (9)
"2,050 UK adults",12 - 14 August 2026,,,,2050,,gender,Female,"Q:PC1. How much have you seen or heard about the following in the past week?
 Cristiano Ronaldo marries long term partner Georgina Rodriguez",UNMATCHED,,Heard a lot,Heard a little,Not really heard anything,,,,,,,,12.6,34.0,53.4,,,,,,,,Vi-2026-08-12-Opinium-Observer-Web-Data-tables-1707.xlsx,PC1 (9)
"2,050 UK adults",12 - 14 August 2026,,,,2050,,age,18-34,"Q:PC1. How much have you seen or heard about the following in the past week?
 Cristiano Ronaldo marries long term partner Georgina Rodriguez",UNMATCHED,,Heard a lot,Heard a little,Not really heard anything,,,,,,,,26.4,28.1,45.6,,,,,,,,Vi-2026-08-12-Opinium-Observer-Web-Data-tables-1707.xlsx,PC1 (9)
"2,050 UK adults",12 - 14 August 2026,,,,2050,,age,35-49,"Q:PC1. How much have you seen or heard about the following in the past week?
 Cristiano Ronaldo marries long term partner Georgina Rodriguez",UNMATCHED,,Heard a lot,Heard a little,Not really heard anything,,,,,,,,12.3,28.4,59.3,,,,,,,,Vi-2026-08-12-Opinium-Observer-Web-Data-tables-1707.xlsx,PC1 (9)
"2,050 UK adults",12 - 14 August 2026,,,,2050,,age,50-64,"Q:PC1. How much have you seen or heard about the following in the past week?
 Cristiano Ronaldo marries long term partner Georgina Rodriguez",UNMATCHED,,Heard a lot,Heard a little,Not really heard anything,,,,,,,,7.4,36.9,55.7,,,,,,,,Vi-2026-08-12-Opinium-Observer-Web-Data-tables-1707.xlsx,PC1 (9)
"2,050 UK adults",12 - 14 August 2026,,,,2050,,age,65+,"Q:PC1. How much have you seen or heard about the following in the past week?
 Cristiano Ronaldo marries long term partner Georgina Rodriguez",UNMATCHED,,Heard a lot,Heard a little,Not really heard anything,,,,,,,,6.3,40.0,53.8,,,,,,,,Vi-2026-08-12-Opinium-Observer-Web-Data-tables-1707.xlsx,PC1 (9)
"2,050 UK adults",12 - 14 August 2026,,,,2050,,region,North,"Q:PC1. How much have you seen or heard about the following in the past week?
 Cristiano Ronaldo marries long term partner Georgina Rodriguez",UNMATCHED,,Heard a lot,Heard a little,Not really heard anything,,,,,,,,12.9,36.5,50.5,,,,,,,,Vi-2026-08-12-Opinium-Observer-Web-Data-tables-1707.xlsx,PC1 (9)
"2,050 UK adults",12 - 14 August 2026,,,,2050,,region,Mids,"Q:PC1. How much have you seen or heard about the following in the past week?
 Cristiano Ronaldo marries long term partner Georgina Rodriguez",UNMATCHED,,Heard a lot,Heard a little,Not really heard anything,,,,,,,,15.0,34.8,50.3,,,,,,,,Vi-2026-08-12-Opinium-Observer-Web-Data-tables-1707.xlsx,PC1 (9)
"2,050 UK adults",12 - 14 August 2026,,,,2050,,region,London,"Q:PC1. How much have you seen or heard about the following in the past week?
 Cristiano Ronaldo marries long term partner Georgina Rodriguez",UNMATCHED,,Heard a lot,Heard a little,Not really heard anything,,,,,,,,17.6,32.2,50.2,,,,,,,,Vi-2026-08-12-Opinium-Observer-Web-Data-tables-1707.xlsx,PC1 (9)
"2,050 UK adults",12 - 14 August 2026,,,,2050,,region,South,"Q:PC1. How much have you seen or heard about the following in the past week?
 Cristiano Ronaldo marries long term partner Georgina Rodriguez",UNMATCHED,,Heard a lot,Heard a little,Not really heard anything,,,,,,,,12.4,31.5,56.1,,,,,,,,Vi-2026-08-12-Opinium-Observer-Web-Data-tables-1707.xlsx,PC1 (9)
"2,050 UK adults",12 - 14 August 2026,,,,2050,,region,Wales,"Q:PC1. How much have you seen or heard about the following in the past week?
 Cristiano Ronaldo marries long term partner Georgina Rodriguez",UNMATCHED,,Heard a lot,Heard a little,Not really heard anything,,,,,,,,10.4,24.3,65.2,,,,,,,,Vi-2026-08-12-Opinium-Observer-Web-Data-tables-1707.xlsx,PC1 (9)
"2,050 UK adults",12 - 14 August 2026,,,,2050,,region,Scotland,"Q:PC1. How much have you seen or heard about the following in the past week?
 Cristiano Ronaldo marries long term partner Georgina Rodriguez",UNMATCHED,,Heard a lot,Heard a little,Not really heard anything,,,,,,,,11.6,31.0,57.4,,,,,,,,Vi-2026-08-12-Opinium-Observer-Web-Data-tables-1707.xlsx,PC1 (9)
"2,050 UK adults",12 - 14 August 2026,,,,2050,,region,Northern Ireland,"Q:PC1. How much have you seen or heard about the following in the past week?
 Cristiano Ronaldo marries long term partner Georgina Rodriguez",UNMATCHED,,Heard a lot,Heard a little,Not really heard anything,,,,,,,,14.6,39.9,45.5,,,,,,,,Vi-2026-08-12-Opinium-Observer-Web-Data-tables-1707.xlsx,PC1 (9)
"2,050 UK adults",12 - 14 August 2026,,,,2050,,total,Total,"Q:PC1. How much have you seen or heard about the following in the past week?
 Government brings forward measures to make it easier to cancel subscriptions and to stop people being rolled onto expensive contracts without their knowledge",UNMATCHED,,Heard a lot,Heard a little,Not really heard anything,,,,,,,,10.9,37.3,51.8,,,,,,,,Vi-2026-08-12-Opinium-Observer-Web-Data-tables-1707.xlsx,PC1 (10)
"2,050 UK adults",12 - 14 August 2026,,,,2050,,current_vote,Con,"Q:PC1. How much have you seen or heard about the following in the past week?
 Government brings forward measures to make it easier to cancel subscriptions and to stop people being rolled onto expensive contracts without their knowledge",UNMATCHED,,Heard a lot,Heard a little,Not really heard anything,,,,,,,,9.6,43.2,47.2,,,,,,,,Vi-2026-08-12-Opinium-Observer-Web-Data-tables-1707.xlsx,PC1 (10)
"2,050 UK adults",12 - 14 August 2026,,,,2050,,current_vote,Lab,"Q:PC1. How much have you seen or heard about the following in the past week?
 Government brings forward measures to make it easier to cancel subscriptions and to stop people being rolled onto expensive contracts without their knowledge",UNMATCHED,,Heard a lot,Heard a little,Not really heard anything,,,,,,,,14.4,42.3,43.3,,,,,,,,Vi-2026-08-12-Opinium-Observer-Web-Data-tables-1707.xlsx,PC1 (10)
"2,050 UK adults",12 - 14 August 2026,,,,2050,,current_vote,Lib Dem,"Q:PC1. How much have you seen or heard about the following in the past week?
 Government brings forward measures to make it easier to cancel subscriptions and to stop people being rolled onto expensive contracts without their knowledge",UNMATCHED,,Heard a lot,Heard a little,Not really heard anything,,,,,,,,13.5,45.6,41.0,,,,,,,,Vi-2026-08-12-Opinium-Observer-Web-Data-tables-1707.xlsx,PC1 (10)
"2,050 UK adults",12 - 14 August 2026,,,,2050,,current_vote,Reform,"Q:PC1. How much have you seen or heard about the following in the past week?
 Government brings forward measures to make it easier to cancel subscriptions and to stop people being rolled onto expensive contracts without their knowledge",UNMATCHED,,Heard a lot,Heard a little,Not really heard anything,,,,,,,,12.1,34.5,53.4,,,,,,,,Vi-2026-08-12-Opinium-Observer-Web-Data-tables-1707.xlsx,PC1 (10)
"2,050 UK adults",12 - 14 August 2026,,,,2050,,current_vote,Green,"Q:PC1. How much have you seen or heard about the following in the past week?
 Government brings forward measures to make it easier to cancel subscriptions and to stop people being rolled onto expensive contracts without their knowledge",UNMATCHED,,Heard a lot,Heard a little,Not really heard anything,,,,,,,,13.0,37.7,49.3,,,,,,,,Vi-2026-08-12-Opinium-Observer-Web-Data-tables-1707.xlsx,PC1 (10)
"2,050 UK adults",12 - 14 August 2026,,,,2050,,historic_vote,Conservative,"Q:PC1. How much have you seen or heard about the following in the past week?
 Government brings forward measures to make it easier to cancel subscriptions and to stop people being rolled onto expensive contracts without their knowledge",UNMATCHED,,Heard a lot,Heard a little,Not really heard anything,,,,,,,,8.2,45.2,46.6,,,,,,,,Vi-2026-08-12-Opinium-Observer-Web-Data-tables-1707.xlsx,PC1 (10)
"2,050 UK adults",12 - 14 August 2026,,,,2050,,historic_vote,Labour,"Q:PC1. How much have you seen or heard about the following in the past week?
 Government brings forward measures to make it easier to cancel subscriptions and to stop people being rolled onto expensive contracts without their knowledge",UNMATCHED,,Heard a lot,Heard a little,Not really heard anything,,,,,,,,13.6,44.0,42.4,,,,,,,,Vi-2026-08-12-Opinium-Observer-Web-Data-tables-1707.xlsx,PC1 (10)
"2,050 UK adults",12 - 14 August 2026,,,,2050,,historic_vote,Lib Dems,"Q:PC1. How much have you seen or heard about the following in the past week?
 Government brings forward measures to make it easier to cancel subscriptions and to stop people being rolled onto expensive contracts without their knowledge",UNMATCHED,,Heard a lot,Heard a little,Not really heard anything,,,,,,,,16.5,42.2,41.2,,,,,,,,Vi-2026-08-12-Opinium-Observer-Web-Data-tables-1707.xlsx,PC1 (10)
"2,050 UK adults",12 - 14 August 2026,,,,2050,,historic_vote,Green,"Q:PC1. How much have you seen or heard about the following in the past week?
 Government brings forward measures to make it easier to cancel subscriptions and to stop people being rolled onto expensive contracts without their knowledge",UNMATCHED,,Heard a lot,Heard a little,Not really heard anything,,,,,,,,13.8,34.8,51.4,,,,,,,,Vi-2026-08-12-Opinium-Observer-Web-Data-tables-1707.xlsx,PC1 (10)
"2,050 UK adults",12 - 14 August 2026,,,,2050,,historic_vote,Reform UK,"Q:PC1. How much have you seen or heard about the following in the past week?
 Government brings forward measures to make it easier to cancel subscriptions and to stop people being rolled onto expensive contracts without their knowledge",UNMATCHED,,Heard a lot,Heard a little,Not really heard anything,,,,,,,,10.3,36.6,53.2,,,,,,,,Vi-2026-08-12-Opinium-Observer-Web-Data-tables-1707.xlsx,PC1 (10)
"2,050 UK adults",12 - 14 August 2026,,,,2050,,historic_vote,Con,"Q:PC1. How much have you seen or heard about the following in the past week?
 Government brings forward measures to make it easier to cancel subscriptions and to stop people being rolled onto expensive contracts without their knowledge",UNMATCHED,,Heard a lot,Heard a little,Not really heard anything,,,,,,,,9.9,42.4,47.8,,,,,,,,Vi-2026-08-12-Opinium-Observer-Web-Data-tables-1707.xlsx,PC1 (10)
"2,050 UK adults",12 - 14 August 2026,,,,2050,,historic_vote,Lab,"Q:PC1. How much have you seen or heard about the following in the past week?
 Government brings forward measures to make it easier to cancel subscriptions and to stop people being rolled onto expensive contracts without their knowledge",UNMATCHED,,Heard a lot,Heard a little,Not really heard anything,,,,,,,,14.6,41.4,44.0,,,,,,,,Vi-2026-08-12-Opinium-Observer-Web-Data-tables-1707.xlsx,PC1 (10)
"2,050 UK adults",12 - 14 August 2026,,,,2050,,historic_vote,Lib Dem,"Q:PC1. How much have you seen or heard about the following in the past week?
 Government brings forward measures to make it easier to cancel subscriptions and to stop people being rolled onto expensive contracts without their knowledge",UNMATCHED,,Heard a lot,Heard a little,Not really heard anything,,,,,,,,11.1,45.5,43.4,,,,,,,,Vi-2026-08-12-Opinium-Observer-Web-Data-tables-1707.xlsx,PC1 (10)
"2,050 UK adults",12 - 14 August 2026,,,,2050,,historic_vote,Remain,"Q:PC1. How much have you seen or heard about the following in the past week?
 Government brings forward measures to make it easier to cancel subscriptions and to stop people being rolled onto expensive contracts without their knowledge",UNMATCHED,,Heard a lot,Heard a little,Not really heard anything,,,,,,,,10.7,43.0,46.2,,,,,,,,Vi-2026-08-12-Opinium-Observer-Web-Data-tables-1707.xlsx,PC1 (10)
"2,050 UK adults",12 - 14 August 2026,,,,2050,,historic_vote,Leave,"Q:PC1. How much have you seen or heard about the following in the past week?
 Government brings forward measures to make it easier to cancel subscriptions and to stop people being rolled onto expensive contracts without their knowledge",UNMATCHED,,Heard a lot,Heard a little,Not really heard anything,,,,,,,,10.2,38.3,51.4,,,,,,,,Vi-2026-08-12-Opinium-Observer-Web-Data-tables-1707.xlsx,PC1 (10)
"2,050 UK adults",12 - 14 August 2026,,,,2050,,gender,Male,"Q:PC1. How much have you seen or heard about the following in the past week?
 Government brings forward measures to make it easier to cancel subscriptions and to stop people being rolled onto expensive contracts without their knowledge",UNMATCHED,,Heard a lot,Heard a little,Not really heard anything,,,,,,,,12.8,38.9,48.4,,,,,,,,Vi-2026-08-12-Opinium-Observer-Web-Data-tables-1707.xlsx,PC1 (10)
"2,050 UK adults",12 - 14 August 2026,,,,2050,,gender,Female,"Q:PC1. How much have you seen or heard about the following in the past week?
 Government brings forward measures to make it easier to cancel subscriptions and to stop people being rolled onto expensive contracts without their knowledge",UNMATCHED,,Heard a lot,Heard a little,Not really heard anything,,,,,,,,9.0,35.7,55.2,,,,,,,,Vi-2026-08-12-Opinium-Observer-Web-Data-tables-1707.xlsx,PC1 (10)
"2,050 UK adults",12 - 14 August 2026,,,,2050,,age,18-34,"Q:PC1. How much have you seen or heard about the following in the past week?
 Government brings forward measures to make it easier to cancel subscriptions and to stop people being rolled onto expensive contracts without their knowledge",UNMATCHED,,Heard a lot,Heard a little,Not really heard anything,,,,,,,,16.2,31.1,52.7,,,,,,,,Vi-2026-08-12-Opinium-Observer-Web-Data-tables-1707.xlsx,PC1 (10)
"2,050 UK adults",12 - 14 August 2026,,,,2050,,age,35-49,"Q:PC1. How much have you seen or heard about the following in the past week?
 Government brings forward measures to make it easier to cancel subscriptions and to stop people being rolled onto expensive contracts without their knowledge",UNMATCHED,,Heard a lot,Heard a little,Not really heard anything,,,,,,,,9.3,35.1,55.6,,,,,,,,Vi-2026-08-12-Opinium-Observer-Web-Data-tables-1707.xlsx,PC1 (10)
"2,050 UK adults",12 - 14 August 2026,,,,2050,,age,50-64,"Q:PC1. How much have you seen or heard about the following in the past week?
 Government brings forward measures to make it easier to cancel subscriptions and to stop people being rolled onto expensive contracts without their knowledge",UNMATCHED,,Heard a lot,Heard a little,Not really heard anything,,,,,,,,7.2,40.2,52.6,,,,,,,,Vi-2026-08-12-Opinium-Observer-Web-Data-tables-1707.xlsx,PC1 (10)
"2,050 UK adults",12 - 14 August 2026,,,,2050,,age,65+,"Q:PC1. How much have you seen or heard about the following in the past week?
 Government brings forward measures to make it easier to cancel subscriptions and to stop people being rolled onto expensive contracts without their knowledge",UNMATCHED,,Heard a lot,Heard a little,Not really heard anything,,,,,,,,10.0,43.8,46.2,,,,,,,,Vi-2026-08-12-Opinium-Observer-Web-Data-tables-1707.xlsx,PC1 (10)
"2,050 UK adults",12 - 14 August 2026,,,,2050,,region,North,"Q:PC1. How much have you seen or heard about the following in the past week?
 Government brings forward measures to make it easier to cancel subscriptions and to stop people being rolled onto expensive contracts without their knowledge",UNMATCHED,,Heard a lot,Heard a little,Not really heard anything,,,,,,,,12.2,40.2,47.6,,,,,,,,Vi-2026-08-12-Opinium-Observer-Web-Data-tables-1707.xlsx,PC1 (10)
"2,050 UK adults",12 - 14 August 2026,,,,2050,,region,Mids,"Q:PC1. How much have you seen or heard about the following in the past week?
 Government brings forward measures to make it easier to cancel subscriptions and to stop people being rolled onto expensive contracts without their knowledge",UNMATCHED,,Heard a lot,Heard a little,Not really heard anything,,,,,,,,11.8,34.6,53.5,,,,,,,,Vi-2026-08-12-Opinium-Observer-Web-Data-tables-1707.xlsx,PC1 (10)
"2,050 UK adults",12 - 14 August 2026,,,,2050,,region,London,"Q:PC1. How much have you seen or heard about the following in the past week?
 Government brings forward measures to make it easier to cancel subscriptions and to stop people being rolled onto expensive contracts without their knowledge",UNMATCHED,,Heard a lot,Heard a little,Not really heard anything,,,,,,,,10.8,30.8,58.4,,,,,,,,Vi-2026-08-12-Opinium-Observer-Web-Data-tables-1707.xlsx,PC1 (10)
"2,050 UK adults",12 - 14 August 2026,,,,2050,,region,South,"Q:PC1. How much have you seen or heard about the following in the past week?
 Government brings forward measures to make it easier to cancel subscriptions and to stop people being rolled onto expensive contracts without their knowledge",UNMATCHED,,Heard a lot,Heard a little,Not really heard anything,,,,,,,,10.0,40.5,49.4,,,,,,,,Vi-2026-08-12-Opinium-Observer-Web-Data-tables-1707.xlsx,PC1 (10)
"2,050 UK adults",12 - 14 August 2026,,,,2050,,region,Wales,"Q:PC1. How much have you seen or heard about the following in the past week?
 Government brings forward measures to make it easier to cancel subscriptions and to stop people being rolled onto expensive contracts without their knowledge",UNMATCHED,,Heard a lot,Heard a little,Not really heard anything,,,,,,,,8.1,35.8,56.0,,,,,,,,Vi-2026-08-12-Opinium-Observer-Web-Data-tables-1707.xlsx,PC1 (10)
"2,050 UK adults",12 - 14 August 2026,,,,2050,,region,Scotland,"Q:PC1. How much have you seen or heard about the following in the past week?
 Government brings forward measures to make it easier to cancel subscriptions and to stop people being rolled onto expensive contracts without their knowledge",UNMATCHED,,Heard a lot,Heard a little,Not really heard anything,,,,,,,,11.1,36.2,52.7,,,,,,,,Vi-2026-08-12-Opinium-Observer-Web-Data-tables-1707.xlsx,PC1 (10)
"2,050 UK adults",12 - 14 August 2026,,,,2050,,region,Northern Ireland,"Q:PC1. How much have you seen or heard about the following in the past week?
 Government brings forward measures to make it easier to cancel subscriptions and to stop people being rolled onto expensive contracts without their knowledge",UNMATCHED,,Heard a lot,Heard a little,Not really heard anything,,,,,,,,7.2,26.9,65.9,,,,,,,,Vi-2026-08-12-Opinium-Observer-Web-Data-tables-1707.xlsx,PC1 (10)
"2,050 UK adults",12 - 14 August 2026,,,,2050,,total,Total,"Q:PC1. How much have you seen or heard about the following in the past week?
 The Clacton by-election being held this week",UNMATCHED,,Heard a lot,Heard a little,Not really heard anything,,,,,,,,20.6,35.4,44.0,,,,,,,,Vi-2026-08-12-Opinium-Observer-Web-Data-tables-1707.xlsx,PC1 (11)
"2,050 UK adults",12 - 14 August 2026,,,,2050,,current_vote,Con,"Q:PC1. How much have you seen or heard about the following in the past week?
 The Clacton by-election being held this week",UNMATCHED,,Heard a lot,Heard a little,Not really heard anything,,,,,,,,15.9,43.6,40.5,,,,,,,,Vi-2026-08-12-Opinium-Observer-Web-Data-tables-1707.xlsx,PC1 (11)
"2,050 UK adults",12 - 14 August 2026,,,,2050,,current_vote,Lab,"Q:PC1. How much have you seen or heard about the following in the past week?
 The Clacton by-election being held this week",UNMATCHED,,Heard a lot,Heard a little,Not really heard anything,,,,,,,,27.9,36.6,35.5,,,,,,,,Vi-2026-08-12-Opinium-Observer-Web-Data-tables-1707.xlsx,PC1 (11)
"2,050 UK adults",12 - 14 August 2026,,,,2050,,current_vote,Lib Dem,"Q:PC1. How much have you seen or heard about the following in the past week?
 The Clacton by-election being held this week",UNMATCHED,,Heard a lot,Heard a little,Not really heard anything,,,,,,,,33.3,35.0,31.7,,,,,,,,Vi-2026-08-12-Opinium-Observer-Web-Data-tables-1707.xlsx,PC1 (11)
"2,050 UK adults",12 - 14 August 2026,,,,2050,,current_vote,Reform,"Q:PC1. How much have you seen or heard about the following in the past week?
 The Clacton by-election being held this week",UNMATCHED,,Heard a lot,Heard a little,Not really heard anything,,,,,,,,24.8,36.5,38.8,,,,,,,,Vi-2026-08-12-Opinium-Observer-Web-Data-tables-1707.xlsx,PC1 (11)
"2,050 UK adults",12 - 14 August 2026,,,,2050,,current_vote,Green,"Q:PC1. How much have you seen or heard about the following in the past week?
 The Clacton by-election being held this week",UNMATCHED,,Heard a lot,Heard a little,Not really heard anything,,,,,,,,22.0,34.5,43.5,,,,,,,,Vi-2026-08-12-Opinium-Observer-Web-Data-tables-1707.xlsx,PC1 (11)
"2,050 UK adults",12 - 14 August 2026,,,,2050,,historic_vote,Conservative,"Q:PC1. How much have you seen or heard about the following in the past week?
 The Clacton by-election being held this week",UNMATCHED,,Heard a lot,Heard a little,Not really heard anything,,,,,,,,20.5,40.7,38.8,,,,,,,,Vi-2026-08-12-Opinium-Observer-Web-Data-tables-1707.xlsx,PC1 (11)
"2,050 UK adults",12 - 14 August 2026,,,,2050,,historic_vote,Labour,"Q:PC1. How much have you seen or heard about the following in the past week?
 The Clacton by-election being held this week",UNMATCHED,,Heard a lot,Heard a little,Not really heard anything,,,,,,,,27.2,39.4,33.5,,,,,,,,Vi-2026-08-12-Opinium-Observer-Web-Data-tables-1707.xlsx,PC1 (11)
"2,050 UK adults",12 - 14 August 2026,,,,2050,,historic_vote,Lib Dems,"Q:PC1. How much have you seen or heard about the following in the past week?
 The Clacton by-election being held this week",UNMATCHED,,Heard a lot,Heard a little,Not really heard anything,,,,,,,,34.6,37.8,27.6,,,,,,,,Vi-2026-08-12-Opinium-Observer-Web-Data-tables-1707.xlsx,PC1 (11)
"2,050 UK adults",12 - 14 August 2026,,,,2050,,historic_vote,Green,"Q:PC1. How much have you seen or heard about the following in the past week?
 The Clacton by-election being held this week",UNMATCHED,,Heard a lot,Heard a little,Not really heard anything,,,,,,,,33.5,32.3,34.2,,,,,,,,Vi-2026-08-12-Opinium-Observer-Web-Data-tables-1707.xlsx,PC1 (11)
"2,050 UK adults",12 - 14 August 2026,,,,2050,,historic_vote,Reform UK,"Q:PC1. How much have you seen or heard about the following in the past week?
 The Clacton by-election being held this week",UNMATCHED,,Heard a lot,Heard a little,Not really heard anything,,,,,,,,23.2,40.0,36.8,,,,,,,,Vi-2026-08-12-Opinium-Observer-Web-Data-tables-1707.xlsx,PC1 (11)
"2,050 UK adults",12 - 14 August 2026,,,,2050,,historic_vote,Con,"Q:PC1. How much have you seen or heard about the following in the past week?
 The Clacton by-election being held this week",UNMATCHED,,Heard a lot,Heard a little,Not really heard anything,,,,,,,,22.9,41.5,35.6,,,,,,,,Vi-2026-08-12-Opinium-Observer-Web-Data-tables-1707.xlsx,PC1 (11)
"2,050 UK adults",12 - 14 August 2026,,,,2050,,historic_vote,Lab,"Q:PC1. How much have you seen or heard about the following in the past week?
 The Clacton by-election being held this week",UNMATCHED,,Heard a lot,Heard a little,Not really heard anything,,,,,,,,29.1,36.1,34.8,,,,,,,,Vi-2026-08-12-Opinium-Observer-Web-Data-tables-1707.xlsx,PC1 (11)
"2,050 UK adults",12 - 14 August 2026,,,,2050,,historic_vote,Lib Dem,"Q:PC1. How much have you seen or heard about the following in the past week?
 The Clacton by-election being held this week",UNMATCHED,,Heard a lot,Heard a little,Not really heard anything,,,,,,,,32.8,36.8,30.4,,,,,,,,Vi-2026-08-12-Opinium-Observer-Web-Data-tables-1707.xlsx,PC1 (11)
"2,050 UK adults",12 - 14 August 2026,,,,2050,,historic_vote,Remain,"Q:PC1. How much have you seen or heard about the following in the past week?
 The Clacton by-election being held this week",UNMATCHED,,Heard a lot,Heard a little,Not really heard anything,,,,,,,,26.6,36.9,36.6,,,,,,,,Vi-2026-08-12-Opinium-Observer-Web-Data-tables-1707.xlsx,PC1 (11)
"2,050 UK adults",12 - 14 August 2026,,,,2050,,historic_vote,Leave,"Q:PC1. How much have you seen or heard about the following in the past week?
 The Clacton by-election being held this week",UNMATCHED,,Heard a lot,Heard a little,Not really heard anything,,,,,,,,22.4,38.9,38.6,,,,,,,,Vi-2026-08-12-Opinium-Observer-Web-Data-tables-1707.xlsx,PC1 (11)
"2,050 UK adults",12 - 14 August 2026,,,,2050,,gender,Male,"Q:PC1. How much have you seen or heard about the following in the past week?
 The Clacton by-election being held this week",UNMATCHED,,Heard a lot,Heard a little,Not really heard anything,,,,,,,,25.8,38.0,36.2,,,,,,,,Vi-2026-08-12-Opinium-Observer-Web-Data-tables-1707.xlsx,PC1 (11)
"2,050 UK adults",12 - 14 August 2026,,,,2050,,gender,Female,"Q:PC1. How much have you seen or heard about the following in the past week?
 The Clacton by-election being held this week",UNMATCHED,,Heard a lot,Heard a little,Not really heard anything,,,,,,,,15.8,32.8,51.4,,,,,,,,Vi-2026-08-12-Opinium-Observer-Web-Data-tables-1707.xlsx,PC1 (11)
"2,050 UK adults",12 - 14 August 2026,,,,2050,,age,18-34,"Q:PC1. How much have you seen or heard about the following in the past week?
 The Clacton by-election being held this week",UNMATCHED,,Heard a lot,Heard a little,Not really heard anything,,,,,,,,17.5,29.1,53.3,,,,,,,,Vi-2026-08-12-Opinium-Observer-Web-Data-tables-1707.xlsx,PC1 (11)
"2,050 UK adults",12 - 14 August 2026,,,,2050,,age,35-49,"Q:PC1. How much have you seen or heard about the following in the past week?
 The Clacton by-election being held this week",UNMATCHED,,Heard a lot,Heard a little,Not really heard anything,,,,,,,,20.8,31.4,47.8,,,,,,,,Vi-2026-08-12-Opinium-Observer-Web-Data-tables-1707.xlsx,PC1 (11)
"2,050 UK adults",12 - 14 August 2026,,,,2050,,age,50-64,"Q:PC1. How much have you seen or heard about the following in the past week?
 The Clacton by-election being held this week",UNMATCHED,,Heard a lot,Heard a little,Not really heard anything,,,,,,,,20.9,39.7,39.4,,,,,,,,Vi-2026-08-12-Opinium-Observer-Web-Data-tables-1707.xlsx,PC1 (11)
"2,050 UK adults",12 - 14 August 2026,,,,2050,,age,65+,"Q:PC1. How much have you seen or heard about the following in the past week?
 The Clacton by-election being held this week",UNMATCHED,,Heard a lot,Heard a little,Not really heard anything,,,,,,,,23.7,42.2,34.1,,,,,,,,Vi-2026-08-12-Opinium-Observer-Web-Data-tables-1707.xlsx,PC1 (11)
"2,050 UK adults",12 - 14 August 2026,,,,2050,,region,North,"Q:PC1. How much have you seen or heard about the following in the past week?
 The Clacton by-election being held this week",UNMATCHED,,Heard a lot,Heard a little,Not really heard anything,,,,,,,,19.6,37.8,42.6,,,,,,,,Vi-2026-08-12-Opinium-Observer-Web-Data-tables-1707.xlsx,PC1 (11)
"2,050 UK adults",12 - 14 August 2026,,,,2050,,region,Mids,"Q:PC1. How much have you seen or heard about the following in the past week?
 The Clacton by-election being held this week",UNMATCHED,,Heard a lot,Heard a little,Not really heard anything,,,,,,,,18.8,31.3,49.9,,,,,,,,Vi-2026-08-12-Opinium-Observer-Web-Data-tables-1707.xlsx,PC1 (11)
"2,050 UK adults",12 - 14 August 2026,,,,2050,,region,London,"Q:PC1. How much have you seen or heard about the following in the past week?
 The Clacton by-election being held this week",UNMATCHED,,Heard a lot,Heard a little,Not really heard anything,,,,,,,,22.0,36.1,41.9,,,,,,,,Vi-2026-08-12-Opinium-Observer-Web-Data-tables-1707.xlsx,PC1 (11)
"2,050 UK adults",12 - 14 August 2026,,,,2050,,region,South,"Q:PC1. How much have you seen or heard about the following in the past week?
 The Clacton by-election being held this week",UNMATCHED,,Heard a lot,Heard a little,Not really heard anything,,,,,,,,23.8,38.3,37.9,,,,,,,,Vi-2026-08-12-Opinium-Observer-Web-Data-tables-1707.xlsx,PC1 (11)
"2,050 UK adults",12 - 14 August 2026,,,,2050,,region,Wales,"Q:PC1. How much have you seen or heard about the following in the past week?
 The Clacton by-election being held this week",UNMATCHED,,Heard a lot,Heard a little,Not really heard anything,,,,,,,,16.8,34.5,48.8,,,,,,,,Vi-2026-08-12-Opinium-Observer-Web-Data-tables-1707.xlsx,PC1 (11)
"2,050 UK adults",12 - 14 August 2026,,,,2050,,region,Scotland,"Q:PC1. How much have you seen or heard about the following in the past week?
 The Clacton by-election being held this week",UNMATCHED,,Heard a lot,Heard a little,Not really heard anything,,,,,,,,18.0,24.5,57.6,,,,,,,,Vi-2026-08-12-Opinium-Observer-Web-Data-tables-1707.xlsx,PC1 (11)
"2,050 UK adults",12 - 14 August 2026,,,,2050,,region,Northern Ireland,"Q:PC1. How much have you seen or heard about the following in the past week?
 The Clacton by-election being held this week",UNMATCHED,,Heard a lot,Heard a little,Not really heard anything,,,,,,,,10.2,36.2,53.6,,,,,,,,Vi-2026-08-12-Opinium-Observer-Web-Data-tables-1707.xlsx,PC1 (11)
